0.000000000000000000e+00 2.028724056000000076e+01 1.878959661999999980e+03 2.048019999999999982e+03
4.999999999999893419e-03 2.028724056000000076e+01 1.878959661999999980e+03 2.048019999999999982e+03
9.999999999999786837e-03 2.010096959999999910e+01 1.880511919999999918e+03 2.048019999999999982e+03
1.499999999999968026e-02 1.990877352000000045e+01 1.882113554000000022e+03 2.048019999999999982e+03
2.000000000000001776e-02 1.981249032000000199e+01 1.882915913999999930e+03 2.048019999999999982e+03
2.499999999999991118e-02 1.960362983999999997e+01 1.884656418000000031e+03 2.048019999999999982e+03
2.999999999999980460e-02 1.952438135999999602e+01 1.885316822000000002e+03 2.048019999999999982e+03
3.499999999999969802e-02 1.946216759999999724e+01 1.885835270000000037e+03 2.048019999999999982e+03
4.000000000000003553e-02 1.936069991999999829e+01 1.886680834000000004e+03 2.048019999999999982e+03
4.499999999999992895e-02 1.924738199999999821e+01 1.887625150000000076e+03 2.048019999999999982e+03
4.999999999999982236e-02 1.914591431999999926e+01 1.888470714000000044e+03 2.048019999999999982e+03
5.499999999999971578e-02 1.913998919999999870e+01 1.888520089999999982e+03 2.048019999999999982e+03
6.000000000000005329e-02 1.898186255999999972e+01 1.889837811999999985e+03 2.048019999999999982e+03
6.499999999999994671e-02 1.890261407999999932e+01 1.890498215999999957e+03 2.048019999999999982e+03
6.999999999999984013e-02 1.882373591999999718e+01 1.891155533999999989e+03 2.048019999999999982e+03
7.499999999999973355e-02 1.875004223999999908e+01 1.891769647999999961e+03 2.048019999999999982e+03
7.999999999999962697e-02 1.872189791999999997e+01 1.892004183999999896e+03 2.048019999999999982e+03
8.499999999999952038e-02 1.871634312000000122e+01 1.892050473999999895e+03 2.048019999999999982e+03
8.999999999999941380e-02 1.863153983999999852e+01 1.892757168000000092e+03 2.048019999999999982e+03
9.500000000000019540e-02 1.860895031999999816e+01 1.892945414000000028e+03 2.048019999999999982e+03
1.000000000000000888e-01 1.860339551999999941e+01 1.892991704000000027e+03 2.048019999999999982e+03
1.049999999999999822e-01 1.845637848000000147e+01 1.894216846000000032e+03 2.048019999999999982e+03
1.099999999999998757e-01 1.830380663999999769e+01 1.895488278000000037e+03 2.048019999999999982e+03
1.149999999999997691e-01 1.837713000000000108e+01 1.894877250000000004e+03 2.048019999999999982e+03
1.199999999999996625e-01 1.833750575999999910e+01 1.895207452000000103e+03 2.048019999999999982e+03
1.249999999999995559e-01 1.825307279999999821e+01 1.895911059999999907e+03 2.048019999999999982e+03
1.299999999999994493e-01 1.821900335999999498e+01 1.896194972000000007e+03 2.048019999999999982e+03
1.350000000000002309e-01 1.812864527999999709e+01 1.896947955999999976e+03 2.048019999999999982e+03
1.400000000000001243e-01 1.815678959999999620e+01 1.896713420000000042e+03 2.048019999999999982e+03
1.450000000000000178e-01 1.806087671999999600e+01 1.897512694000000010e+03 2.048019999999999982e+03
1.499999999999999112e-01 1.804939679999999669e+01 1.897608359999999948e+03 2.048019999999999982e+03
1.549999999999998046e-01 1.797607343999999685e+01 1.898219387999999981e+03 2.048019999999999982e+03
1.599999999999996980e-01 1.790830487999999932e+01 1.898784126000000015e+03 2.048019999999999982e+03
1.649999999999995914e-01 1.787979023999999839e+01 1.899021748000000116e+03 2.048019999999999982e+03
1.699999999999994849e-01 1.792496927999999556e+01 1.898645256000000018e+03 2.048019999999999982e+03
1.750000000000002665e-01 1.785720071999999803e+01 1.899209994000000052e+03 2.048019999999999982e+03
1.800000000000001599e-01 1.776128783999999783e+01 1.900009268000000020e+03 2.048019999999999982e+03
1.850000000000000533e-01 1.776684264000000013e+01 1.899962978000000021e+03 2.048019999999999982e+03
1.899999999999999467e-01 1.777239743999999888e+01 1.899916688000000022e+03 2.048019999999999982e+03
1.949999999999998401e-01 1.767092975999999638e+01 1.900762251999999989e+03 2.048019999999999982e+03
1.999999999999997335e-01 1.770462887999999779e+01 1.900481426000000056e+03 2.048019999999999982e+03
2.049999999999996270e-01 1.765389504000000187e+01 1.900904207999999926e+03 2.048019999999999982e+03
2.099999999999995204e-01 1.752391272000000200e+01 1.901987393999999995e+03 2.048019999999999982e+03
2.149999999999994138e-01 1.761982559999999864e+01 1.901188120000000026e+03 2.048019999999999982e+03
2.200000000000001954e-01 1.748428848000000002e+01 1.902317595999999867e+03 2.048019999999999982e+03
2.250000000000000888e-01 1.746169895999999966e+01 1.902505842000000030e+03 2.048019999999999982e+03
2.299999999999999822e-01 1.752391272000000200e+01 1.901987393999999995e+03 2.048019999999999982e+03
2.349999999999998757e-01 1.741096512000000018e+01 1.902928623999999900e+03 2.048019999999999982e+03
2.399999999999997691e-01 1.740541031999999788e+01 1.902974913999999899e+03 2.048019999999999982e+03
2.449999999999996625e-01 1.735430616000000015e+01 1.903400781999999936e+03 2.048019999999999982e+03
2.499999999999995559e-01 1.733171663999999979e+01 1.903589027999999871e+03 2.048019999999999982e+03
2.549999999999994493e-01 1.733727143999999853e+01 1.903542738000000099e+03 2.048019999999999982e+03
2.600000000000002309e-01 1.720728911999999866e+01 1.904625923999999941e+03 2.048019999999999982e+03
2.650000000000001243e-01 1.732060703999999873e+01 1.903681607999999869e+03 2.048019999999999982e+03
2.700000000000000178e-01 1.721876904000000152e+01 1.904530258000000003e+03 2.048019999999999982e+03
2.749999999999999112e-01 1.713396576000000238e+01 1.905236951999999974e+03 2.048019999999999982e+03
2.799999999999998046e-01 1.721876904000000152e+01 1.904530258000000003e+03 2.048019999999999982e+03
2.849999999999996980e-01 1.711693104000000076e+01 1.905378907999999910e+03 2.048019999999999982e+03
2.899999999999995914e-01 1.712285616000000132e+01 1.905329531999999972e+03 2.048019999999999982e+03
2.949999999999994849e-01 1.706064239999999899e+01 1.905847980000000007e+03 2.048019999999999982e+03
3.000000000000002665e-01 1.700953823999999770e+01 1.906273848000000044e+03 2.048019999999999982e+03
3.050000000000001599e-01 1.707730679999999523e+01 1.905709110000000010e+03 2.048019999999999982e+03
3.100000000000000533e-01 1.694732447999999536e+01 1.906792296000000078e+03 2.048019999999999982e+03
3.149999999999999467e-01 1.698694871999999734e+01 1.906462093999999979e+03 2.048019999999999982e+03
3.199999999999998401e-01 1.703212775999999806e+01 1.906085602000000108e+03 2.048019999999999982e+03
3.249999999999997335e-01 1.692473495999999855e+01 1.906980542000000014e+03 2.048019999999999982e+03
3.299999999999996270e-01 1.694732447999999536e+01 1.906792296000000078e+03 2.048019999999999982e+03
3.349999999999995204e-01 1.681178735999999674e+01 1.907921771999999919e+03 2.048019999999999982e+03
3.399999999999994138e-01 1.685696639999999746e+01 1.907545280000000048e+03 2.048019999999999982e+03
3.450000000000001954e-01 1.680067775999999569e+01 1.908014351999999917e+03 2.048019999999999982e+03
3.500000000000000888e-01 1.682882207999999835e+01 1.907779815999999983e+03 2.048019999999999982e+03
3.549999999999999822e-01 1.685696639999999746e+01 1.907545280000000048e+03 2.048019999999999982e+03
3.599999999999998757e-01 1.681771248000000085e+01 1.907872395999999981e+03 2.048019999999999982e+03
3.649999999999997691e-01 1.683437687999999710e+01 1.907733525999999983e+03 2.048019999999999982e+03
3.699999999999996625e-01 1.679475263999999868e+01 1.908063728000000083e+03 2.048019999999999982e+03
3.749999999999995559e-01 1.675549871999999496e+01 1.908390844000000016e+03 2.048019999999999982e+03
3.799999999999994493e-01 1.670439455999999723e+01 1.908816712000000052e+03 2.048019999999999982e+03
3.850000000000002309e-01 1.667069543999999581e+01 1.909097537999999986e+03 2.048019999999999982e+03
3.900000000000001243e-01 1.668180503999999686e+01 1.909004957999999988e+03 2.048019999999999982e+03
3.950000000000000178e-01 1.663662599999999614e+01 1.909381450000000086e+03 2.048019999999999982e+03
3.999999999999999112e-01 1.664810591999999900e+01 1.909285783999999921e+03 2.048019999999999982e+03
4.049999999999998046e-01 1.659700175999999772e+01 1.909711651999999958e+03 2.048019999999999982e+03
4.099999999999996980e-01 1.649553407999999521e+01 1.910557215999999926e+03 2.048019999999999982e+03
4.149999999999995914e-01 1.649553407999999521e+01 1.910557215999999926e+03 2.048019999999999982e+03
4.199999999999994849e-01 1.650108887999999752e+01 1.910510925999999927e+03 2.048019999999999982e+03
4.250000000000002665e-01 1.643887511999999873e+01 1.911029373999999962e+03 2.048019999999999982e+03
4.300000000000001599e-01 1.650108887999999752e+01 1.910510925999999927e+03 2.048019999999999982e+03
4.350000000000000533e-01 1.648405415999999946e+01 1.910652881999999863e+03 2.048019999999999982e+03
4.399999999999999467e-01 1.648960895999999821e+01 1.910606592000000092e+03 2.048019999999999982e+03
4.449999999999998401e-01 1.638221615999999869e+01 1.911501531999999997e+03 2.048019999999999982e+03
4.499999999999997335e-01 1.635407183999999958e+01 1.911736067999999932e+03 2.048019999999999982e+03
4.549999999999996270e-01 1.634296223999999853e+01 1.911828647999999930e+03 2.048019999999999982e+03
4.599999999999995204e-01 1.629185807999999724e+01 1.912254515999999967e+03 2.048019999999999982e+03
4.649999999999994138e-01 1.628074847999999619e+01 1.912347095999999965e+03 2.048019999999999982e+03
4.700000000000001954e-01 1.635407183999999958e+01 1.911736067999999932e+03 2.048019999999999982e+03
4.750000000000000888e-01 1.624112423999999777e+01 1.912677298000000064e+03 2.048019999999999982e+03
4.799999999999999822e-01 1.633148231999999922e+01 1.911924313999999868e+03 2.048019999999999982e+03
4.849999999999998757e-01 1.629778319999999781e+01 1.912205140000000029e+03 2.048019999999999982e+03
4.899999999999997691e-01 1.632037271999999817e+01 1.912016893999999866e+03 2.048019999999999982e+03
4.949999999999996625e-01 1.625260416000000063e+01 1.912581631999999900e+03 2.048019999999999982e+03
4.999999999999995559e-01 1.622964431999999846e+01 1.912772964000000002e+03 2.048019999999999982e+03
5.049999999999994493e-01 1.623556943999999902e+01 1.912723588000000063e+03 2.048019999999999982e+03
5.100000000000002309e-01 1.617891047999999898e+01 1.913195745999999872e+03 2.048019999999999982e+03
5.150000000000001243e-01 1.617891047999999898e+01 1.913195745999999872e+03 2.048019999999999982e+03
5.200000000000000178e-01 1.612262184000000076e+01 1.913664817999999968e+03 2.048019999999999982e+03
5.249999999999999112e-01 1.608299759999999878e+01 1.913995020000000068e+03 2.048019999999999982e+03
5.299999999999998046e-01 1.613928624000000056e+01 1.913525947999999971e+03 2.048019999999999982e+03
5.349999999999996980e-01 1.608299759999999878e+01 1.913995020000000068e+03 2.048019999999999982e+03
5.399999999999995914e-01 1.601522903999999770e+01 1.914559757999999874e+03 2.048019999999999982e+03
5.449999999999994849e-01 1.598671440000000210e+01 1.914797379999999976e+03 2.048019999999999982e+03
5.500000000000002665e-01 1.602078383999999645e+01 1.914513468000000103e+03 2.048019999999999982e+03
5.550000000000001599e-01 1.603781855999999806e+01 1.914371511999999939e+03 2.048019999999999982e+03
5.600000000000000533e-01 1.603189343999999750e+01 1.914420888000000105e+03 2.048019999999999982e+03
5.649999999999999467e-01 1.592450064000000154e+01 1.915315828000000010e+03 2.048019999999999982e+03
5.699999999999998401e-01 1.600930392000000069e+01 1.914609134000000040e+03 2.048019999999999982e+03
5.749999999999997335e-01 1.598115959999999980e+01 1.914843669999999975e+03 2.048019999999999982e+03
5.799999999999996270e-01 1.595301527999999891e+01 1.915078205999999909e+03 2.048019999999999982e+03
5.849999999999995204e-01 1.589635632000000065e+01 1.915550363999999945e+03 2.048019999999999982e+03
5.899999999999994138e-01 1.592450064000000154e+01 1.915315828000000010e+03 2.048019999999999982e+03
5.950000000000001954e-01 1.589635632000000065e+01 1.915550363999999945e+03 2.048019999999999982e+03
6.000000000000000888e-01 1.581710784000000025e+01 1.916210767999999916e+03 2.048019999999999982e+03
6.049999999999999822e-01 1.587376680000000206e+01 1.915738609999999881e+03 2.048019999999999982e+03
6.099999999999998757e-01 1.586265720000000101e+01 1.915831189999999879e+03 2.048019999999999982e+03
6.149999999999997691e-01 1.586821199999999976e+01 1.915784899999999880e+03 2.048019999999999982e+03
6.199999999999996625e-01 1.580599823999999920e+01 1.916303347999999914e+03 2.048019999999999982e+03
6.249999999999995559e-01 1.586821199999999976e+01 1.915784899999999880e+03 2.048019999999999982e+03
6.299999999999994493e-01 1.585117727999999993e+01 1.915926856000000043e+03 2.048019999999999982e+03
6.350000000000002309e-01 1.577192879999999953e+01 1.916587260000000015e+03 2.048019999999999982e+03
6.400000000000001243e-01 1.583414256000000009e+01 1.916068811999999980e+03 2.048019999999999982e+03
6.450000000000000178e-01 1.578896351999999936e+01 1.916445304000000078e+03 2.048019999999999982e+03
6.499999999999999112e-01 1.578896351999999936e+01 1.916445304000000078e+03 2.048019999999999982e+03
6.549999999999998046e-01 1.576637400000000078e+01 1.916633550000000014e+03 2.048019999999999982e+03
6.599999999999996980e-01 1.572119496000000005e+01 1.917010041999999885e+03 2.048019999999999982e+03
6.649999999999995914e-01 1.572119496000000005e+01 1.917010041999999885e+03 2.048019999999999982e+03
6.699999999999994849e-01 1.580599823999999920e+01 1.916303347999999914e+03 2.048019999999999982e+03
6.750000000000002665e-01 1.570416024000000021e+01 1.917151998000000049e+03 2.048019999999999982e+03
6.800000000000001599e-01 1.569860544000000147e+01 1.917198288000000048e+03 2.048019999999999982e+03
6.850000000000000533e-01 1.551788928000000212e+01 1.918704255999999987e+03 2.048019999999999982e+03
6.899999999999999467e-01 1.560824736000000001e+01 1.917951272000000017e+03 2.048019999999999982e+03
6.949999999999998401e-01 1.560824736000000001e+01 1.917951272000000017e+03 2.048019999999999982e+03
6.999999999999997335e-01 1.557417791999999679e+01 1.918235184000000118e+03 2.048019999999999982e+03
7.049999999999996270e-01 1.564787160000000199e+01 1.917621069999999918e+03 2.048019999999999982e+03
7.099999999999995204e-01 1.554603359999999590e+01 1.918469720000000052e+03 2.048019999999999982e+03
7.149999999999994138e-01 1.555158839999999820e+01 1.918423430000000053e+03 2.048019999999999982e+03
7.200000000000001954e-01 1.550640935999999748e+01 1.918799921999999924e+03 2.048019999999999982e+03
7.250000000000000888e-01 1.549529975999999998e+01 1.918892501999999922e+03 2.048019999999999982e+03
7.299999999999999822e-01 1.548937463999999764e+01 1.918941878000000088e+03 2.048019999999999982e+03
7.349999999999998757e-01 1.545567551999999800e+01 1.919222704000000022e+03 2.048019999999999982e+03
7.399999999999997691e-01 1.549529975999999998e+01 1.918892501999999922e+03 2.048019999999999982e+03
7.449999999999996625e-01 1.546678511999999905e+01 1.919130124000000023e+03 2.048019999999999982e+03
7.499999999999995559e-01 1.543308599999999586e+01 1.919410949999999957e+03 2.048019999999999982e+03
7.549999999999994493e-01 1.549529975999999998e+01 1.918892501999999922e+03 2.048019999999999982e+03
7.600000000000002309e-01 1.542753119999999711e+01 1.919457239999999956e+03 2.048019999999999982e+03
7.650000000000001243e-01 1.539346175999999744e+01 1.919741152000000056e+03 2.048019999999999982e+03
7.700000000000000178e-01 1.535383751999999724e+01 1.920071353999999928e+03 2.048019999999999982e+03
7.749999999999999112e-01 1.533680279999999918e+01 1.920213310000000092e+03 2.048019999999999982e+03
7.799999999999998046e-01 1.535939231999999777e+01 1.920025063999999929e+03 2.048019999999999982e+03
7.849999999999996980e-01 1.532013839999999760e+01 1.920352180000000089e+03 2.048019999999999982e+03
7.899999999999995914e-01 1.545567551999999800e+01 1.919222704000000022e+03 2.048019999999999982e+03
7.949999999999994849e-01 1.540494167999999675e+01 1.919645485999999892e+03 2.048019999999999982e+03
8.000000000000002665e-01 1.530865847999999829e+01 1.920447846000000027e+03 2.048019999999999982e+03
8.050000000000001599e-01 1.530865847999999829e+01 1.920447846000000027e+03 2.048019999999999982e+03
8.100000000000000533e-01 1.530310367999999777e+01 1.920494136000000026e+03 2.048019999999999982e+03
8.149999999999999467e-01 1.526903423999999809e+01 1.920778047999999899e+03 2.048019999999999982e+03
8.199999999999998401e-01 1.528606895999999793e+01 1.920636091999999962e+03 2.048019999999999982e+03
8.249999999999997335e-01 1.530865847999999829e+01 1.920447846000000027e+03 2.048019999999999982e+03
8.299999999999996270e-01 1.530865847999999829e+01 1.920447846000000027e+03 2.048019999999999982e+03
8.349999999999995204e-01 1.528606895999999793e+01 1.920636091999999962e+03 2.048019999999999982e+03
8.399999999999994138e-01 1.529754887999999724e+01 1.920540426000000025e+03 2.048019999999999982e+03
8.450000000000001954e-01 1.522940999999999789e+01 1.921108249999999998e+03 2.048019999999999982e+03
8.500000000000000888e-01 1.526903423999999809e+01 1.920778047999999899e+03 2.048019999999999982e+03
8.549999999999999822e-01 1.526903423999999809e+01 1.920778047999999899e+03 2.048019999999999982e+03
8.599999999999998757e-01 1.520682047999999931e+01 1.921296495999999934e+03 2.048019999999999982e+03
8.649999999999997691e-01 1.519015607999999773e+01 1.921435365999999931e+03 2.048019999999999982e+03
8.699999999999996625e-01 1.522940999999999789e+01 1.921108249999999998e+03 2.048019999999999982e+03
8.749999999999995559e-01 1.518423095999999894e+01 1.921484742000000097e+03 2.048019999999999982e+03
8.799999999999994493e-01 1.522385519999999914e+01 1.921154539999999997e+03 2.048019999999999982e+03
8.850000000000002309e-01 1.516164143999999858e+01 1.921672988000000032e+03 2.048019999999999982e+03
8.900000000000001243e-01 1.519015607999999773e+01 1.921435365999999931e+03 2.048019999999999982e+03
8.950000000000000178e-01 1.514497703999999700e+01 1.921811858000000029e+03 2.048019999999999982e+03
8.999999999999999112e-01 1.513905191999999822e+01 1.921861233999999968e+03 2.048019999999999982e+03
9.049999999999998046e-01 1.512238751999999842e+01 1.922000103999999965e+03 2.048019999999999982e+03
9.099999999999996980e-01 1.517312135999999789e+01 1.921577322000000095e+03 2.048019999999999982e+03
9.149999999999995914e-01 1.508831807999999874e+01 1.922284016000000065e+03 2.048019999999999982e+03
9.199999999999994849e-01 1.506017375999999786e+01 1.922518552000000000e+03 2.048019999999999982e+03
9.250000000000002665e-01 1.505424863999999907e+01 1.922567927999999938e+03 2.048019999999999982e+03
9.300000000000001599e-01 1.510535279999999858e+01 1.922142059999999901e+03 2.048019999999999982e+03
9.350000000000000533e-01 1.509387287999999927e+01 1.922237726000000066e+03 2.048019999999999982e+03
9.399999999999999467e-01 1.511090759999999911e+01 1.922095769999999902e+03 2.048019999999999982e+03
9.449999999999998401e-01 1.512238751999999842e+01 1.922000103999999965e+03 2.048019999999999982e+03
9.499999999999997335e-01 1.499240519999999854e+01 1.923083290000000034e+03 2.048019999999999982e+03
9.549999999999996270e-01 1.507128335999999891e+01 1.922425972000000002e+03 2.048019999999999982e+03
9.599999999999995204e-01 1.504313903999999802e+01 1.922660507999999936e+03 2.048019999999999982e+03
9.649999999999994138e-01 1.499795999999999907e+01 1.923037000000000035e+03 2.048019999999999982e+03
9.700000000000001954e-01 1.508831807999999874e+01 1.922284016000000065e+03 2.048019999999999982e+03
9.750000000000000888e-01 1.503758423999999749e+01 1.922706797999999935e+03 2.048019999999999982e+03
9.799999999999999822e-01 1.504313903999999802e+01 1.922660507999999936e+03 2.048019999999999982e+03
9.849999999999998757e-01 1.491315671999999815e+01 1.923743694000000005e+03 2.048019999999999982e+03
9.899999999999997691e-01 1.498092527999999923e+01 1.923178955999999971e+03 2.048019999999999982e+03
9.949999999999996625e-01 1.500906959999999835e+01 1.922944420000000036e+03 2.048019999999999982e+03
9.999999999999995559e-01 1.496944535999999992e+01 1.923274621999999908e+03 2.048019999999999982e+03
1.004999999999999449e+00 1.489612199999999831e+01 1.923885649999999941e+03 2.048019999999999982e+03
1.010000000000000231e+00 1.494685583999999956e+01 1.923462868000000071e+03 2.048019999999999982e+03
1.015000000000000124e+00 1.485094295999999936e+01 1.924262142000000040e+03 2.048019999999999982e+03
1.020000000000000018e+00 1.491871151999999867e+01 1.923697404000000006e+03 2.048019999999999982e+03
1.024999999999999911e+00 1.491315671999999815e+01 1.923743694000000005e+03 2.048019999999999982e+03
1.029999999999999805e+00 1.495833575999999887e+01 1.923367201999999907e+03 2.048019999999999982e+03
1.034999999999999698e+00 1.495278095999999834e+01 1.923413491999999906e+03 2.048019999999999982e+03
1.039999999999999591e+00 1.493019143999999798e+01 1.923601738000000068e+03 2.048019999999999982e+03
1.044999999999999485e+00 1.490760191999999762e+01 1.923789984000000004e+03 2.048019999999999982e+03
1.050000000000000266e+00 1.484538815999999883e+01 1.924308432000000039e+03 2.048019999999999982e+03
1.055000000000000160e+00 1.483983335999999831e+01 1.924354722000000038e+03 2.048019999999999982e+03
1.060000000000000053e+00 1.485094295999999936e+01 1.924262142000000040e+03 2.048019999999999982e+03
1.064999999999999947e+00 1.488501239999999903e+01 1.923978229999999940e+03 2.048019999999999982e+03
1.069999999999999840e+00 1.487908727999999847e+01 1.924027606000000105e+03 2.048019999999999982e+03
1.074999999999999734e+00 1.479428399999999932e+01 1.924734300000000076e+03 2.048019999999999982e+03
1.079999999999999627e+00 1.483983335999999831e+01 1.924354722000000038e+03 2.048019999999999982e+03
1.084999999999999520e+00 1.484538815999999883e+01 1.924308432000000039e+03 2.048019999999999982e+03
1.089999999999999414e+00 1.483390823999999952e+01 1.924404097999999976e+03 2.048019999999999982e+03
1.095000000000000195e+00 1.485649775999999989e+01 1.924215852000000041e+03 2.048019999999999982e+03
1.100000000000000089e+00 1.482835343999999900e+01 1.924450387999999975e+03 2.048019999999999982e+03
1.104999999999999982e+00 1.478872919999999880e+01 1.924780590000000075e+03 2.048019999999999982e+03
1.109999999999999876e+00 1.488501239999999903e+01 1.923978229999999940e+03 2.048019999999999982e+03
1.114999999999999769e+00 1.484538815999999883e+01 1.924308432000000039e+03 2.048019999999999982e+03
1.119999999999999662e+00 1.481131871999999916e+01 1.924592343999999912e+03 2.048019999999999982e+03
1.124999999999999556e+00 1.478317439999999827e+01 1.924826880000000074e+03 2.048019999999999982e+03
1.129999999999999449e+00 1.475503007999999916e+01 1.925061416000000008e+03 2.048019999999999982e+03
1.135000000000000231e+00 1.477761959999999775e+01 1.924873170000000073e+03 2.048019999999999982e+03
1.140000000000000124e+00 1.477761959999999775e+01 1.924873170000000073e+03 2.048019999999999982e+03
1.145000000000000018e+00 1.474910495999999860e+01 1.925110791999999947e+03 2.048019999999999982e+03
1.149999999999999911e+00 1.473244055999999880e+01 1.925249661999999944e+03 2.048019999999999982e+03
1.154999999999999805e+00 1.481131871999999916e+01 1.924592343999999912e+03 2.048019999999999982e+03
1.159999999999999698e+00 1.476613967999999844e+01 1.924968836000000010e+03 2.048019999999999982e+03
1.164999999999999591e+00 1.471540583999999896e+01 1.925391617999999880e+03 2.048019999999999982e+03
1.169999999999999485e+00 1.469837111999999912e+01 1.925533574000000044e+03 2.048019999999999982e+03
1.175000000000000266e+00 1.467578159999999876e+01 1.925721819999999980e+03 2.048019999999999982e+03
1.180000000000000160e+00 1.465874687999999892e+01 1.925863775999999916e+03 2.048019999999999982e+03
1.185000000000000053e+00 1.469281631999999860e+01 1.925579864000000043e+03 2.048019999999999982e+03
1.189999999999999947e+00 1.476613967999999844e+01 1.924968836000000010e+03 2.048019999999999982e+03
1.194999999999999840e+00 1.465874687999999892e+01 1.925863775999999916e+03 2.048019999999999982e+03
1.199999999999999734e+00 1.467578159999999876e+01 1.925721819999999980e+03 2.048019999999999982e+03
1.204999999999999627e+00 1.464171215999999909e+01 1.926005732000000080e+03 2.048019999999999982e+03
1.209999999999999520e+00 1.465319207999999840e+01 1.925910065999999915e+03 2.048019999999999982e+03
1.214999999999999414e+00 1.464171215999999909e+01 1.926005732000000080e+03 2.048019999999999982e+03
1.220000000000000195e+00 1.462504775999999929e+01 1.926144602000000077e+03 2.048019999999999982e+03
1.225000000000000089e+00 1.467022679999999824e+01 1.925768109999999979e+03 2.048019999999999982e+03
1.229999999999999982e+00 1.463060255999999981e+01 1.926098312000000078e+03 2.048019999999999982e+03
1.234999999999999876e+00 1.457394359999999978e+01 1.926570469999999887e+03 2.048019999999999982e+03
1.239999999999999769e+00 1.464171215999999909e+01 1.926005732000000080e+03 2.048019999999999982e+03
1.244999999999999662e+00 1.457394359999999978e+01 1.926570469999999887e+03 2.048019999999999982e+03
1.249999999999999556e+00 1.463615735999999856e+01 1.926052022000000079e+03 2.048019999999999982e+03
1.254999999999999449e+00 1.455727919999999820e+01 1.926709339999999884e+03 2.048019999999999982e+03
1.260000000000000231e+00 1.457986871999999856e+01 1.926521093999999948e+03 2.048019999999999982e+03
1.265000000000000124e+00 1.463060255999999981e+01 1.926098312000000078e+03 2.048019999999999982e+03
1.270000000000000018e+00 1.458542351999999909e+01 1.926474803999999949e+03 2.048019999999999982e+03
1.274999999999999911e+00 1.456838879999999925e+01 1.926616759999999886e+03 2.048019999999999982e+03
1.279999999999999805e+00 1.457986871999999856e+01 1.926521093999999948e+03 2.048019999999999982e+03
1.284999999999999698e+00 1.451172983999999921e+01 1.927088917999999921e+03 2.048019999999999982e+03
1.289999999999999591e+00 1.450062023999999994e+01 1.927181497999999920e+03 2.048019999999999982e+03
1.294999999999999485e+00 1.450062023999999994e+01 1.927181497999999920e+03 2.048019999999999982e+03
1.300000000000000266e+00 1.453431935999999958e+01 1.926900671999999986e+03 2.048019999999999982e+03
1.305000000000000160e+00 1.454579927999999889e+01 1.926805006000000049e+03 2.048019999999999982e+03
1.310000000000000053e+00 1.449506543999999941e+01 1.927227787999999919e+03 2.048019999999999982e+03
1.314999999999999947e+00 1.450617504000000046e+01 1.927135207999999921e+03 2.048019999999999982e+03
1.319999999999999840e+00 1.445544119999999921e+01 1.927557990000000018e+03 2.048019999999999982e+03
1.324999999999999734e+00 1.446099599999999974e+01 1.927511700000000019e+03 2.048019999999999982e+03
1.329999999999999627e+00 1.446655080000000027e+01 1.927465410000000020e+03 2.048019999999999982e+03
1.334999999999999520e+00 1.444988639999999869e+01 1.927604280000000017e+03 2.048019999999999982e+03
1.339999999999999414e+00 1.453431935999999958e+01 1.926900671999999986e+03 2.048019999999999982e+03
1.345000000000000195e+00 1.445544119999999921e+01 1.927557990000000018e+03 2.048019999999999982e+03
1.350000000000000089e+00 1.443285167999999885e+01 1.927746235999999953e+03 2.048019999999999982e+03
1.354999999999999982e+00 1.445544119999999921e+01 1.927557990000000018e+03 2.048019999999999982e+03
1.359999999999999876e+00 1.440433703999999615e+01 1.927983858000000055e+03 2.048019999999999982e+03
1.364999999999999769e+00 1.442729687999999832e+01 1.927792525999999953e+03 2.048019999999999982e+03
1.369999999999999662e+00 1.441581695999999901e+01 1.927888191999999890e+03 2.048019999999999982e+03
1.374999999999999556e+00 1.441026215999999849e+01 1.927934481999999889e+03 2.048019999999999982e+03
1.379999999999999449e+00 1.447247591999999905e+01 1.927416034000000082e+03 2.048019999999999982e+03
1.385000000000000231e+00 1.435915799999999720e+01 1.928360349999999926e+03 2.048019999999999982e+03
1.390000000000000124e+00 1.442137175999999954e+01 1.927841901999999891e+03 2.048019999999999982e+03
1.395000000000000018e+00 1.431397895999999648e+01 1.928736842000000024e+03 2.048019999999999982e+03
1.399999999999999911e+00 1.442729687999999832e+01 1.927792525999999953e+03 2.048019999999999982e+03
1.404999999999999805e+00 1.438767263999999990e+01 1.928122728000000052e+03 2.048019999999999982e+03
1.409999999999999698e+00 1.433101367999999987e+01 1.928594885999999860e+03 2.048019999999999982e+03
1.414999999999999591e+00 1.437063792000000007e+01 1.928264683999999988e+03 2.048019999999999982e+03
1.419999999999999485e+00 1.434804839999999970e+01 1.928452929999999924e+03 2.048019999999999982e+03
1.425000000000000266e+00 1.430842415999999950e+01 1.928783132000000023e+03 2.048019999999999982e+03
1.430000000000000160e+00 1.434804839999999970e+01 1.928452929999999924e+03 2.048019999999999982e+03
1.435000000000000053e+00 1.430842415999999950e+01 1.928783132000000023e+03 2.048019999999999982e+03
1.439999999999999947e+00 1.434804839999999970e+01 1.928452929999999924e+03 2.048019999999999982e+03
1.444999999999999840e+00 1.431397895999999648e+01 1.928736842000000024e+03 2.048019999999999982e+03
1.449999999999999734e+00 1.428027984000000039e+01 1.929017667999999958e+03 2.048019999999999982e+03
1.454999999999999627e+00 1.437063792000000007e+01 1.928264683999999988e+03 2.048019999999999982e+03
1.459999999999999520e+00 1.429138943999999611e+01 1.928925087999999960e+03 2.048019999999999982e+03
1.464999999999999414e+00 1.425769032000000003e+01 1.929205913999999893e+03 2.048019999999999982e+03
1.470000000000000195e+00 1.427472503999999986e+01 1.929063957999999957e+03 2.048019999999999982e+03
1.475000000000000089e+00 1.423510079999999967e+01 1.929394160000000056e+03 2.048019999999999982e+03
1.479999999999999982e+00 1.421806607999999628e+01 1.929536115999999993e+03 2.048019999999999982e+03
1.484999999999999876e+00 1.420103135999999644e+01 1.929678071999999929e+03 2.048019999999999982e+03
1.489999999999999769e+00 1.425176519999999769e+01 1.929255290000000059e+03 2.048019999999999982e+03
1.494999999999999662e+00 1.424621039999999716e+01 1.929301580000000058e+03 2.048019999999999982e+03
1.499999999999999556e+00 1.422917567999999733e+01 1.929443535999999995e+03 2.048019999999999982e+03
1.504999999999999449e+00 1.422362087999999680e+01 1.929489825999999994e+03 2.048019999999999982e+03
1.510000000000000231e+00 1.422362087999999680e+01 1.929489825999999994e+03 2.048019999999999982e+03
1.515000000000000124e+00 1.421251127999999930e+01 1.929582405999999992e+03 2.048019999999999982e+03
1.520000000000000018e+00 1.426879991999999753e+01 1.929113333999999895e+03 2.048019999999999982e+03
1.524999999999999911e+00 1.411067327999999677e+01 1.930431055999999899e+03 2.048019999999999982e+03
1.529999999999999805e+00 1.418399663999999660e+01 1.929820028000000093e+03 2.048019999999999982e+03
1.534999999999999698e+00 1.416140711999999624e+01 1.930008274000000029e+03 2.048019999999999982e+03
1.539999999999999591e+00 1.417288703999999733e+01 1.929912608000000091e+03 2.048019999999999982e+03
1.544999999999999485e+00 1.418399663999999660e+01 1.929820028000000093e+03 2.048019999999999982e+03
1.550000000000000266e+00 1.415029751999999874e+01 1.930100854000000027e+03 2.048019999999999982e+03
1.555000000000000160e+00 1.416140711999999624e+01 1.930008274000000029e+03 2.048019999999999982e+03
1.560000000000000053e+00 1.413326279999999713e+01 1.930242809999999963e+03 2.048019999999999982e+03
1.564999999999999947e+00 1.407660383999999709e+01 1.930714967999999999e+03 2.048019999999999982e+03
1.569999999999999840e+00 1.409919335999999745e+01 1.930526722000000063e+03 2.048019999999999982e+03
1.574999999999999734e+00 1.409919335999999745e+01 1.930526722000000063e+03 2.048019999999999982e+03
1.579999999999999627e+00 1.408252895999999765e+01 1.930665592000000061e+03 2.048019999999999982e+03
1.584999999999999520e+00 1.411622807999999729e+01 1.930384765999999900e+03 2.048019999999999982e+03
1.589999999999999414e+00 1.415585231999999749e+01 1.930054564000000028e+03 2.048019999999999982e+03
1.595000000000000195e+00 1.406549423999999782e+01 1.930807547999999997e+03 2.048019999999999982e+03
1.600000000000000089e+00 1.411067327999999677e+01 1.930431055999999899e+03 2.048019999999999982e+03
1.604999999999999982e+00 1.404290471999999923e+01 1.930995793999999933e+03 2.048019999999999982e+03
1.609999999999999876e+00 1.407104903999999657e+01 1.930761257999999998e+03 2.048019999999999982e+03
1.614999999999999769e+00 1.407660383999999709e+01 1.930714967999999999e+03 2.048019999999999982e+03
1.619999999999999662e+00 1.412770799999999838e+01 1.930289099999999962e+03 2.048019999999999982e+03
1.624999999999999556e+00 1.411067327999999677e+01 1.930431055999999899e+03 2.048019999999999982e+03
1.629999999999999449e+00 1.407660383999999709e+01 1.930714967999999999e+03 2.048019999999999982e+03
1.635000000000000231e+00 1.411067327999999677e+01 1.930431055999999899e+03 2.048019999999999982e+03
1.640000000000000124e+00 1.401476039999999834e+01 1.931230330000000095e+03 2.048019999999999982e+03
1.645000000000000018e+00 1.403142479999999814e+01 1.931091460000000097e+03 2.048019999999999982e+03
1.649999999999999911e+00 1.403142479999999814e+01 1.931091460000000097e+03 2.048019999999999982e+03
1.654999999999999805e+00 1.402586999999999762e+01 1.931137750000000096e+03 2.048019999999999982e+03
1.659999999999999698e+00 1.396365623999999883e+01 1.931656197999999904e+03 2.048019999999999982e+03
1.664999999999999591e+00 1.400328047999999903e+01 1.931325996000000032e+03 2.048019999999999982e+03
1.669999999999999485e+00 1.404845951999999798e+01 1.930949503999999934e+03 2.048019999999999982e+03
1.675000000000000266e+00 1.405401431999999673e+01 1.930903213999999934e+03 2.048019999999999982e+03
1.680000000000000160e+00 1.393551191999999794e+01 1.931890734000000066e+03 2.048019999999999982e+03
1.685000000000000053e+00 1.393551191999999794e+01 1.931890734000000066e+03 2.048019999999999982e+03
1.689999999999999947e+00 1.395810143999999831e+01 1.931702487999999903e+03 2.048019999999999982e+03
1.694999999999999840e+00 1.398624575999999742e+01 1.931467951999999968e+03 2.048019999999999982e+03
1.699999999999999734e+00 1.399217087999999798e+01 1.931418576000000030e+03 2.048019999999999982e+03
1.704999999999999627e+00 1.395254663999999778e+01 1.931748777999999902e+03 2.048019999999999982e+03
1.709999999999999520e+00 1.391292239999999936e+01 1.932078980000000001e+03 2.048019999999999982e+03
1.714999999999999414e+00 1.391847719999999988e+01 1.932032690000000002e+03 2.048019999999999982e+03
1.720000000000000195e+00 1.387885295999999791e+01 1.932362892000000102e+03 2.048019999999999982e+03
1.725000000000000089e+00 1.395810143999999831e+01 1.931702487999999903e+03 2.048019999999999982e+03
1.729999999999999982e+00 1.395810143999999831e+01 1.931702487999999903e+03 2.048019999999999982e+03
1.734999999999999876e+00 1.387329815999999916e+01 1.932409181999999873e+03 2.048019999999999982e+03
1.739999999999999769e+00 1.392995711999999919e+01 1.931937024000000065e+03 2.048019999999999982e+03
1.744999999999999662e+00 1.395254663999999778e+01 1.931748777999999902e+03 2.048019999999999982e+03
1.749999999999999556e+00 1.391847719999999988e+01 1.932032690000000002e+03 2.048019999999999982e+03
1.754999999999999449e+00 1.399217087999999798e+01 1.931418576000000030e+03 2.048019999999999982e+03
1.760000000000000231e+00 1.392403199999999686e+01 1.931986400000000003e+03 2.048019999999999982e+03
1.765000000000000124e+00 1.392403199999999686e+01 1.931986400000000003e+03 2.048019999999999982e+03
1.770000000000000018e+00 1.385070863999999879e+01 1.932597428000000036e+03 2.048019999999999982e+03
1.774999999999999911e+00 1.387329815999999916e+01 1.932409181999999873e+03 2.048019999999999982e+03
1.779999999999999805e+00 1.386218855999999811e+01 1.932501762000000099e+03 2.048019999999999982e+03
1.784999999999999698e+00 1.381663919999999912e+01 1.932881339999999909e+03 2.048019999999999982e+03
1.789999999999999591e+00 1.392403199999999686e+01 1.931986400000000003e+03 2.048019999999999982e+03
1.794999999999999485e+00 1.384515383999999827e+01 1.932643718000000035e+03 2.048019999999999982e+03
1.800000000000000266e+00 1.392403199999999686e+01 1.931986400000000003e+03 2.048019999999999982e+03
1.805000000000000160e+00 1.391292239999999936e+01 1.932078980000000001e+03 2.048019999999999982e+03
1.810000000000000053e+00 1.389033287999999899e+01 1.932267225999999937e+03 2.048019999999999982e+03
1.814999999999999947e+00 1.395810143999999831e+01 1.931702487999999903e+03 2.048019999999999982e+03
1.819999999999999840e+00 1.395810143999999831e+01 1.931702487999999903e+03 2.048019999999999982e+03
1.824999999999999734e+00 1.383367391999999896e+01 1.932739383999999973e+03 2.048019999999999982e+03
1.829999999999999627e+00 1.388477807999999847e+01 1.932313515999999936e+03 2.048019999999999982e+03
1.834999999999999520e+00 1.386774335999999863e+01 1.932455472000000100e+03 2.048019999999999982e+03
1.839999999999999414e+00 1.389033287999999899e+01 1.932267225999999937e+03 2.048019999999999982e+03
1.845000000000000195e+00 1.386218855999999811e+01 1.932501762000000099e+03 2.048019999999999982e+03
1.850000000000000089e+00 1.385626343999999932e+01 1.932551138000000037e+03 2.048019999999999982e+03
1.854999999999999982e+00 1.386218855999999811e+01 1.932501762000000099e+03 2.048019999999999982e+03
1.859999999999999876e+00 1.378294007999999948e+01 1.933162166000000070e+03 2.048019999999999982e+03
1.864999999999999769e+00 1.381663919999999912e+01 1.932881339999999909e+03 2.048019999999999982e+03
1.869999999999999662e+00 1.381663919999999912e+01 1.932881339999999909e+03 2.048019999999999982e+03
1.874999999999999556e+00 1.374887063999999981e+01 1.933446077999999943e+03 2.048019999999999982e+03
1.879999999999999449e+00 1.378849488000000001e+01 1.933115876000000071e+03 2.048019999999999982e+03
1.885000000000000231e+00 1.379404967999999876e+01 1.933069586000000072e+03 2.048019999999999982e+03
1.890000000000000124e+00 1.382811911999999843e+01 1.932785673999999972e+03 2.048019999999999982e+03
1.895000000000000018e+00 1.376590535999999965e+01 1.933304122000000007e+03 2.048019999999999982e+03
1.899999999999999911e+00 1.376035055999999912e+01 1.933350412000000006e+03 2.048019999999999982e+03
1.904999999999999805e+00 1.384515383999999827e+01 1.932643718000000035e+03 2.048019999999999982e+03
1.909999999999999698e+00 1.377738527999999896e+01 1.933208456000000069e+03 2.048019999999999982e+03
1.914999999999999591e+00 1.375479575999999859e+01 1.933396702000000005e+03 2.048019999999999982e+03
1.919999999999999485e+00 1.374887063999999981e+01 1.933446077999999943e+03 2.048019999999999982e+03
1.925000000000000266e+00 1.373776103999999876e+01 1.933538657999999941e+03 2.048019999999999982e+03
1.930000000000000160e+00 1.378849488000000001e+01 1.933115876000000071e+03 2.048019999999999982e+03
1.935000000000000053e+00 1.372072631999999892e+01 1.933680613999999878e+03 2.048019999999999982e+03
1.939999999999999947e+00 1.371517151999999840e+01 1.933726904000000104e+03 2.048019999999999982e+03
1.944999999999999840e+00 1.368110208000000050e+01 1.934010815999999977e+03 2.048019999999999982e+03
1.949999999999999734e+00 1.363592303999999977e+01 1.934387308000000075e+03 2.048019999999999982e+03
1.954999999999999627e+00 1.371517151999999840e+01 1.933726904000000104e+03 2.048019999999999982e+03
1.959999999999999520e+00 1.377146016000000017e+01 1.933257832000000008e+03 2.048019999999999982e+03
1.964999999999999414e+00 1.369258199999999981e+01 1.933915150000000040e+03 2.048019999999999982e+03
1.970000000000000195e+00 1.369813679999999856e+01 1.933868860000000041e+03 2.048019999999999982e+03
1.975000000000000089e+00 1.363592303999999977e+01 1.934387308000000075e+03 2.048019999999999982e+03
1.979999999999999982e+00 1.373220623999999823e+01 1.933584947999999940e+03 2.048019999999999982e+03
1.984999999999999876e+00 1.372072631999999892e+01 1.933680613999999878e+03 2.048019999999999982e+03
1.989999999999999769e+00 1.373776103999999876e+01 1.933538657999999941e+03 2.048019999999999982e+03
1.994999999999999662e+00 1.368110208000000050e+01 1.934010815999999977e+03 2.048019999999999982e+03
1.999999999999999556e+00 1.366406736000000066e+01 1.934152771999999914e+03 2.048019999999999982e+03
2.004999999999999449e+00 1.369813679999999856e+01 1.933868860000000041e+03 2.048019999999999982e+03
2.010000000000000231e+00 1.368665687999999925e+01 1.933964525999999978e+03 2.048019999999999982e+03
2.015000000000000124e+00 1.363036823999999925e+01 1.934433598000000075e+03 2.048019999999999982e+03
2.020000000000000018e+00 1.372628111999999945e+01 1.933634323999999879e+03 2.048019999999999982e+03
2.024999999999999911e+00 1.364740295999999908e+01 1.934291641999999911e+03 2.048019999999999982e+03
2.029999999999999805e+00 1.361888831999999994e+01 1.934529264000000012e+03 2.048019999999999982e+03
2.034999999999999698e+00 1.369813679999999856e+01 1.933868860000000041e+03 2.048019999999999982e+03
2.039999999999999591e+00 1.369258199999999981e+01 1.933915150000000040e+03 2.048019999999999982e+03
2.044999999999999485e+00 1.364147784000000030e+01 1.934341018000000076e+03 2.048019999999999982e+03
2.050000000000000266e+00 1.365851256000000014e+01 1.934199061999999913e+03 2.048019999999999982e+03
2.055000000000000160e+00 1.365295775999999961e+01 1.934245351999999912e+03 2.048019999999999982e+03
2.060000000000000053e+00 1.356259967999999994e+01 1.934998335999999881e+03 2.048019999999999982e+03
2.064999999999999947e+00 1.359629879999999957e+01 1.934717509999999947e+03 2.048019999999999982e+03
2.069999999999999840e+00 1.363592303999999977e+01 1.934387308000000075e+03 2.048019999999999982e+03
2.074999999999999734e+00 1.363592303999999977e+01 1.934387308000000075e+03 2.048019999999999982e+03
2.079999999999999627e+00 1.359629879999999957e+01 1.934717509999999947e+03 2.048019999999999982e+03
2.084999999999999520e+00 1.367554727999999997e+01 1.934057105999999976e+03 2.048019999999999982e+03
2.089999999999999414e+00 1.359074399999999905e+01 1.934763799999999947e+03 2.048019999999999982e+03
2.095000000000000195e+00 1.356815448000000046e+01 1.934952045999999882e+03 2.048019999999999982e+03
2.100000000000000089e+00 1.354001015999999957e+01 1.935186582000000044e+03 2.048019999999999982e+03
2.104999999999999982e+00 1.360777871999999888e+01 1.934621844000000010e+03 2.048019999999999982e+03
2.109999999999999876e+00 1.361333351999999941e+01 1.934575554000000011e+03 2.048019999999999982e+03
2.114999999999999769e+00 1.354001015999999957e+01 1.935186582000000044e+03 2.048019999999999982e+03
2.119999999999999662e+00 1.360777871999999888e+01 1.934621844000000010e+03 2.048019999999999982e+03
2.124999999999999556e+00 1.357963439999999977e+01 1.934856379999999945e+03 2.048019999999999982e+03
2.129999999999999449e+00 1.352853024000000026e+01 1.935282247999999981e+03 2.048019999999999982e+03
2.135000000000000231e+00 1.357963439999999977e+01 1.934856379999999945e+03 2.048019999999999982e+03
2.140000000000000124e+00 1.356259967999999994e+01 1.934998335999999881e+03 2.048019999999999982e+03
2.145000000000000018e+00 1.347779639999999901e+01 1.935705030000000079e+03 2.048019999999999982e+03
2.149999999999999911e+00 1.351149552000000043e+01 1.935424203999999918e+03 2.048019999999999982e+03
2.154999999999999805e+00 1.357963439999999977e+01 1.934856379999999945e+03 2.048019999999999982e+03
2.159999999999999698e+00 1.355667455999999937e+01 1.935047712000000047e+03 2.048019999999999982e+03
2.164999999999999591e+00 1.357370927999999921e+01 1.934905755999999883e+03 2.048019999999999982e+03
2.169999999999999485e+00 1.357370927999999921e+01 1.934905755999999883e+03 2.048019999999999982e+03
2.175000000000000266e+00 1.348335119999999954e+01 1.935658740000000080e+03 2.048019999999999982e+03
2.180000000000000160e+00 1.352853024000000026e+01 1.935282247999999981e+03 2.048019999999999982e+03
2.185000000000000053e+00 1.347779639999999901e+01 1.935705030000000079e+03 2.048019999999999982e+03
2.189999999999999947e+00 1.352853024000000026e+01 1.935282247999999981e+03 2.048019999999999982e+03
2.194999999999999840e+00 1.349483111999999885e+01 1.935563073999999915e+03 2.048019999999999982e+03
2.199999999999999734e+00 1.355111976000000062e+01 1.935094002000000046e+03 2.048019999999999982e+03
2.204999999999999627e+00 1.359074399999999905e+01 1.934763799999999947e+03 2.048019999999999982e+03
2.209999999999999520e+00 1.348890600000000006e+01 1.935612450000000081e+03 2.048019999999999982e+03
2.214999999999999414e+00 1.350594071999999990e+01 1.935470493999999917e+03 2.048019999999999982e+03
2.220000000000000195e+00 1.346631647999999970e+01 1.935800696000000016e+03 2.048019999999999982e+03
2.225000000000000089e+00 1.352297543999999974e+01 1.935328537999999980e+03 2.048019999999999982e+03
2.229999999999999982e+00 1.341558264000000023e+01 1.936223477999999886e+03 2.048019999999999982e+03
2.234999999999999876e+00 1.347779639999999901e+01 1.935705030000000079e+03 2.048019999999999982e+03
2.239999999999999769e+00 1.352297543999999974e+01 1.935328537999999980e+03 2.048019999999999982e+03
2.244999999999999662e+00 1.342706255999999954e+01 1.936127811999999949e+03 2.048019999999999982e+03
2.249999999999999556e+00 1.348335119999999954e+01 1.935658740000000080e+03 2.048019999999999982e+03
2.254999999999999449e+00 1.348890600000000006e+01 1.935612450000000081e+03 2.048019999999999982e+03
2.260000000000000231e+00 1.343817216000000059e+01 1.936035231999999951e+03 2.048019999999999982e+03
2.265000000000000124e+00 1.346076167999999917e+01 1.935846986000000015e+03 2.048019999999999982e+03
2.270000000000000018e+00 1.348335119999999954e+01 1.935658740000000080e+03 2.048019999999999982e+03
2.274999999999999911e+00 1.348890600000000006e+01 1.935612450000000081e+03 2.048019999999999982e+03
2.279999999999999805e+00 1.351149552000000043e+01 1.935424203999999918e+03 2.048019999999999982e+03
2.284999999999999698e+00 1.342113744000000075e+01 1.936177187999999887e+03 2.048019999999999982e+03
2.289999999999999591e+00 1.345520688000000042e+01 1.935893276000000014e+03 2.048019999999999982e+03
2.294999999999999485e+00 1.343817216000000059e+01 1.936035231999999951e+03 2.048019999999999982e+03
2.300000000000000266e+00 1.337040359999999950e+01 1.936599969999999985e+03 2.048019999999999982e+03
2.305000000000000160e+00 1.348335119999999954e+01 1.935658740000000080e+03 2.048019999999999982e+03
2.310000000000000053e+00 1.341002783999999970e+01 1.936269767999999885e+03 2.048019999999999982e+03
2.314999999999999947e+00 1.344372695999999934e+01 1.935988941999999952e+03 2.048019999999999982e+03
2.319999999999999840e+00 1.344965207999999990e+01 1.935939566000000013e+03 2.048019999999999982e+03
2.324999999999999734e+00 1.341002783999999970e+01 1.936269767999999885e+03 2.048019999999999982e+03
2.329999999999999627e+00 1.335892368000000019e+01 1.936695635999999922e+03 2.048019999999999982e+03
2.334999999999999520e+00 1.339299311999999986e+01 1.936411724000000049e+03 2.048019999999999982e+03
2.339999999999999414e+00 1.342706255999999954e+01 1.936127811999999949e+03 2.048019999999999982e+03
2.345000000000000195e+00 1.333633415999999983e+01 1.936883882000000085e+03 2.048019999999999982e+03
2.350000000000000089e+00 1.339299311999999986e+01 1.936411724000000049e+03 2.048019999999999982e+03
2.354999999999999982e+00 1.344372695999999934e+01 1.935988941999999952e+03 2.048019999999999982e+03
2.359999999999999876e+00 1.332522456000000055e+01 1.936976462000000083e+03 2.048019999999999982e+03
2.364999999999999769e+00 1.346631647999999970e+01 1.935800696000000016e+03 2.048019999999999982e+03
2.369999999999999662e+00 1.335336887999999966e+01 1.936741925999999921e+03 2.048019999999999982e+03
2.374999999999999556e+00 1.339854792000000039e+01 1.936365434000000050e+03 2.048019999999999982e+03
2.379999999999999449e+00 1.341002783999999970e+01 1.936269767999999885e+03 2.048019999999999982e+03
2.385000000000000231e+00 1.329708023999999966e+01 1.937210998000000018e+03 2.048019999999999982e+03
2.390000000000000124e+00 1.339299311999999986e+01 1.936411724000000049e+03 2.048019999999999982e+03
2.395000000000000018e+00 1.338151320000000055e+01 1.936507389999999987e+03 2.048019999999999982e+03
2.399999999999999911e+00 1.342113744000000075e+01 1.936177187999999887e+03 2.048019999999999982e+03
2.404999999999999805e+00 1.337595840000000003e+01 1.936553679999999986e+03 2.048019999999999982e+03
2.409999999999999698e+00 1.333633415999999983e+01 1.936883882000000085e+03 2.048019999999999982e+03
2.414999999999999591e+00 1.341002783999999970e+01 1.936269767999999885e+03 2.048019999999999982e+03
2.419999999999999485e+00 1.339299311999999986e+01 1.936411724000000049e+03 2.048019999999999982e+03
2.425000000000000266e+00 1.335892368000000019e+01 1.936695635999999922e+03 2.048019999999999982e+03
2.430000000000000160e+00 1.330263504000000019e+01 1.937164708000000019e+03 2.048019999999999982e+03
2.435000000000000053e+00 1.334781407999999914e+01 1.936788215999999920e+03 2.048019999999999982e+03
2.439999999999999947e+00 1.337040359999999950e+01 1.936599969999999985e+03 2.048019999999999982e+03
2.444999999999999840e+00 1.341002783999999970e+01 1.936269767999999885e+03 2.048019999999999982e+03
2.449999999999999734e+00 1.335892368000000019e+01 1.936695635999999922e+03 2.048019999999999982e+03
2.454999999999999627e+00 1.337040359999999950e+01 1.936599969999999985e+03 2.048019999999999982e+03
2.459999999999999520e+00 1.326301079999999999e+01 1.937494909999999891e+03 2.048019999999999982e+03
2.464999999999999414e+00 1.335892368000000019e+01 1.936695635999999922e+03 2.048019999999999982e+03
2.470000000000000195e+00 1.330818984000000071e+01 1.937118418000000020e+03 2.048019999999999982e+03
2.475000000000000089e+00 1.331374464000000124e+01 1.937072128000000021e+03 2.048019999999999982e+03
2.479999999999999982e+00 1.329708023999999966e+01 1.937210998000000018e+03 2.048019999999999982e+03
2.484999999999999876e+00 1.331966976000000003e+01 1.937022752000000082e+03 2.048019999999999982e+03
2.489999999999999769e+00 1.328560032000000035e+01 1.937306663999999955e+03 2.048019999999999982e+03
2.494999999999999662e+00 1.329708023999999966e+01 1.937210998000000018e+03 2.048019999999999982e+03
2.499999999999999556e+00 1.325153088000000068e+01 1.937590576000000056e+03 2.048019999999999982e+03
2.504999999999999449e+00 1.325153088000000068e+01 1.937590576000000056e+03 2.048019999999999982e+03
2.510000000000000231e+00 1.327412040000000104e+01 1.937402329999999893e+03 2.048019999999999982e+03
2.515000000000000124e+00 1.331966976000000003e+01 1.937022752000000082e+03 2.048019999999999982e+03
2.520000000000000018e+00 1.329708023999999966e+01 1.937210998000000018e+03 2.048019999999999982e+03
2.524999999999999911e+00 1.331374464000000124e+01 1.937072128000000021e+03 2.048019999999999982e+03
2.529999999999999805e+00 1.328560032000000035e+01 1.937306663999999955e+03 2.048019999999999982e+03
2.534999999999999698e+00 1.322894136000000032e+01 1.937778821999999991e+03 2.048019999999999982e+03
2.539999999999999591e+00 1.328004551999999983e+01 1.937352953999999954e+03 2.048019999999999982e+03
2.544999999999999485e+00 1.330818984000000071e+01 1.937118418000000020e+03 2.048019999999999982e+03
2.550000000000000266e+00 1.330818984000000071e+01 1.937118418000000020e+03 2.048019999999999982e+03
2.555000000000000160e+00 1.324042127999999963e+01 1.937683156000000054e+03 2.048019999999999982e+03
2.560000000000000053e+00 1.330263504000000019e+01 1.937164708000000019e+03 2.048019999999999982e+03
2.564999999999999947e+00 1.324597608000000015e+01 1.937636866000000055e+03 2.048019999999999982e+03
2.569999999999999840e+00 1.321227696000000051e+01 1.937917691999999988e+03 2.048019999999999982e+03
2.574999999999999734e+00 1.326301079999999999e+01 1.937494909999999891e+03 2.048019999999999982e+03
2.579999999999999627e+00 1.325153088000000068e+01 1.937590576000000056e+03 2.048019999999999982e+03
2.584999999999999520e+00 1.320635183999999995e+01 1.937967067999999927e+03 2.048019999999999982e+03
2.589999999999999414e+00 1.324042127999999963e+01 1.937683156000000054e+03 2.048019999999999982e+03
2.595000000000000195e+00 1.320079704000000120e+01 1.938013357999999926e+03 2.048019999999999982e+03
2.600000000000000089e+00 1.322894136000000032e+01 1.937778821999999991e+03 2.048019999999999982e+03
2.604999999999999982e+00 1.318376232000000137e+01 1.938155313999999862e+03 2.048019999999999982e+03
2.609999999999999876e+00 1.322338655999999979e+01 1.937825111999999990e+03 2.048019999999999982e+03
2.614999999999999769e+00 1.318376232000000137e+01 1.938155313999999862e+03 2.048019999999999982e+03
2.619999999999999662e+00 1.320635183999999995e+01 1.937967067999999927e+03 2.048019999999999982e+03
2.624999999999999556e+00 1.316117280000000100e+01 1.938343560000000025e+03 2.048019999999999982e+03
2.629999999999999449e+00 1.319524224000000068e+01 1.938059647999999925e+03 2.048019999999999982e+03
2.635000000000000231e+00 1.324042127999999963e+01 1.937683156000000054e+03 2.048019999999999982e+03
2.640000000000000124e+00 1.317820752000000084e+01 1.938201603999999861e+03 2.048019999999999982e+03
2.645000000000000018e+00 1.315006319999999995e+01 1.938436140000000023e+03 2.048019999999999982e+03
2.649999999999999911e+00 1.316709791999999979e+01 1.938294183999999859e+03 2.048019999999999982e+03
2.654999999999999805e+00 1.313858328000000064e+01 1.938531805999999960e+03 2.048019999999999982e+03
2.659999999999999698e+00 1.315006319999999995e+01 1.938436140000000023e+03 2.048019999999999982e+03
2.664999999999999591e+00 1.320079704000000120e+01 1.938013357999999926e+03 2.048019999999999982e+03
2.669999999999999485e+00 1.317265272000000031e+01 1.938247894000000088e+03 2.048019999999999982e+03
2.675000000000000266e+00 1.321227696000000051e+01 1.937917691999999988e+03 2.048019999999999982e+03
2.680000000000000160e+00 1.313858328000000064e+01 1.938531805999999960e+03 2.048019999999999982e+03
2.685000000000000053e+00 1.312747367999999959e+01 1.938624385999999959e+03 2.048019999999999982e+03
2.689999999999999947e+00 1.316117280000000100e+01 1.938343560000000025e+03 2.048019999999999982e+03
2.694999999999999840e+00 1.316117280000000100e+01 1.938343560000000025e+03 2.048019999999999982e+03
2.699999999999999734e+00 1.321227696000000051e+01 1.937917691999999988e+03 2.048019999999999982e+03
2.704999999999999627e+00 1.318376232000000137e+01 1.938155313999999862e+03 2.048019999999999982e+03
2.709999999999999520e+00 1.313858328000000064e+01 1.938531805999999960e+03 2.048019999999999982e+03
2.714999999999999414e+00 1.322338655999999979e+01 1.937825111999999990e+03 2.048019999999999982e+03
2.720000000000000195e+00 1.316117280000000100e+01 1.938343560000000025e+03 2.048019999999999982e+03
2.725000000000000089e+00 1.322894136000000032e+01 1.937778821999999991e+03 2.048019999999999982e+03
2.729999999999999982e+00 1.317820752000000084e+01 1.938201603999999861e+03 2.048019999999999982e+03
2.734999999999999876e+00 1.317820752000000084e+01 1.938201603999999861e+03 2.048019999999999982e+03
2.739999999999999769e+00 1.315561800000000048e+01 1.938389850000000024e+03 2.048019999999999982e+03
2.744999999999999662e+00 1.316117280000000100e+01 1.938343560000000025e+03 2.048019999999999982e+03
2.749999999999999556e+00 1.316117280000000100e+01 1.938343560000000025e+03 2.048019999999999982e+03
2.754999999999999449e+00 1.315561800000000048e+01 1.938389850000000024e+03 2.048019999999999982e+03
2.760000000000000231e+00 1.310488415999999923e+01 1.938812631999999894e+03 2.048019999999999982e+03
2.765000000000000124e+00 1.316117280000000100e+01 1.938343560000000025e+03 2.048019999999999982e+03
2.770000000000000018e+00 1.314450839999999943e+01 1.938482430000000022e+03 2.048019999999999982e+03
2.774999999999999911e+00 1.310488415999999923e+01 1.938812631999999894e+03 2.048019999999999982e+03
2.779999999999999805e+00 1.312154856000000080e+01 1.938673761999999897e+03 2.048019999999999982e+03
2.784999999999999698e+00 1.313858328000000064e+01 1.938531805999999960e+03 2.048019999999999982e+03
2.789999999999999591e+00 1.312154856000000080e+01 1.938673761999999897e+03 2.048019999999999982e+03
2.794999999999999485e+00 1.309340423999999992e+01 1.938908298000000059e+03 2.048019999999999982e+03
2.800000000000000266e+00 1.305378000000000149e+01 1.939238499999999931e+03 2.048019999999999982e+03
2.805000000000000160e+00 1.308784944000000117e+01 1.938954588000000058e+03 2.048019999999999982e+03
2.810000000000000053e+00 1.310488415999999923e+01 1.938812631999999894e+03 2.048019999999999982e+03
2.814999999999999947e+00 1.314450839999999943e+01 1.938482430000000022e+03 2.048019999999999982e+03
2.819999999999999840e+00 1.309340423999999992e+01 1.938908298000000059e+03 2.048019999999999982e+03
2.824999999999999734e+00 1.306525992000000080e+01 1.939142833999999993e+03 2.048019999999999982e+03
2.829999999999999627e+00 1.305378000000000149e+01 1.939238499999999931e+03 2.048019999999999982e+03
2.834999999999999520e+00 1.308229464000000064e+01 1.939000878000000057e+03 2.048019999999999982e+03
2.839999999999999414e+00 1.303711559999999992e+01 1.939377369999999928e+03 2.048019999999999982e+03
2.845000000000000195e+00 1.303711559999999992e+01 1.939377369999999928e+03 2.048019999999999982e+03
2.850000000000000089e+00 1.305378000000000149e+01 1.939238499999999931e+03 2.048019999999999982e+03
2.854999999999999982e+00 1.307636952000000186e+01 1.939050253999999995e+03 2.048019999999999982e+03
2.859999999999999876e+00 1.304267040000000044e+01 1.939331079999999929e+03 2.048019999999999982e+03
2.864999999999999769e+00 1.308229464000000064e+01 1.939000878000000057e+03 2.048019999999999982e+03
2.869999999999999662e+00 1.303119048000000113e+01 1.939426745999999866e+03 2.048019999999999982e+03
2.874999999999999556e+00 1.305378000000000149e+01 1.939238499999999931e+03 2.048019999999999982e+03
2.879999999999999449e+00 1.308229464000000064e+01 1.939000878000000057e+03 2.048019999999999982e+03
2.885000000000000231e+00 1.306525992000000080e+01 1.939142833999999993e+03 2.048019999999999982e+03
2.890000000000000124e+00 1.310488415999999923e+01 1.938812631999999894e+03 2.048019999999999982e+03
2.895000000000000018e+00 1.303711559999999992e+01 1.939377369999999928e+03 2.048019999999999982e+03
2.899999999999999911e+00 1.305378000000000149e+01 1.939238499999999931e+03 2.048019999999999982e+03
2.904999999999999805e+00 1.304822520000000097e+01 1.939284789999999930e+03 2.048019999999999982e+03
2.909999999999999698e+00 1.303711559999999992e+01 1.939377369999999928e+03 2.048019999999999982e+03
2.914999999999999591e+00 1.304822520000000097e+01 1.939284789999999930e+03 2.048019999999999982e+03
2.919999999999999485e+00 1.301452607999999955e+01 1.939565615999999864e+03 2.048019999999999982e+03
2.925000000000000266e+00 1.299156623999999738e+01 1.939756947999999966e+03 2.048019999999999982e+03
2.930000000000000160e+00 1.305970512000000028e+01 1.939189123999999993e+03 2.048019999999999982e+03
2.935000000000000053e+00 1.304267040000000044e+01 1.939331079999999929e+03 2.048019999999999982e+03
2.939999999999999947e+00 1.303119048000000113e+01 1.939426745999999866e+03 2.048019999999999982e+03
2.944999999999999840e+00 1.297490184000000113e+01 1.939895817999999963e+03 2.048019999999999982e+03
2.949999999999999734e+00 1.298045663999999988e+01 1.939849527999999964e+03 2.048019999999999982e+03
2.954999999999999627e+00 1.298045663999999988e+01 1.939849527999999964e+03 2.048019999999999982e+03
2.959999999999999520e+00 1.299749135999999972e+01 1.939707572000000027e+03 2.048019999999999982e+03
2.964999999999999414e+00 1.301452607999999955e+01 1.939565615999999864e+03 2.048019999999999982e+03
2.970000000000000195e+00 1.304267040000000044e+01 1.939331079999999929e+03 2.048019999999999982e+03
2.975000000000000089e+00 1.300304616000000024e+01 1.939661282000000028e+03 2.048019999999999982e+03
2.979999999999999982e+00 1.305378000000000149e+01 1.939238499999999931e+03 2.048019999999999982e+03
2.984999999999999876e+00 1.301452607999999955e+01 1.939565615999999864e+03 2.048019999999999982e+03
2.989999999999999769e+00 1.305378000000000149e+01 1.939238499999999931e+03 2.048019999999999982e+03
2.994999999999999662e+00 1.307081472000000133e+01 1.939096543999999994e+03 2.048019999999999982e+03
2.999999999999999556e+00 1.299749135999999972e+01 1.939707572000000027e+03 2.048019999999999982e+03
3.004999999999999449e+00 1.308229464000000064e+01 1.939000878000000057e+03 2.048019999999999982e+03
3.010000000000000231e+00 1.298045663999999988e+01 1.939849527999999964e+03 2.048019999999999982e+03
3.015000000000000124e+00 1.296342191999999827e+01 1.939991483999999900e+03 2.048019999999999982e+03
3.020000000000000018e+00 1.302563568000000060e+01 1.939473035999999865e+03 2.048019999999999982e+03
3.024999999999999911e+00 1.295786712000000129e+01 1.940037773999999899e+03 2.048019999999999982e+03
3.029999999999999805e+00 1.305970512000000028e+01 1.939189123999999993e+03 2.048019999999999982e+03
3.034999999999999698e+00 1.300304616000000024e+01 1.939661282000000028e+03 2.048019999999999982e+03
3.039999999999999591e+00 1.296897671999999702e+01 1.939945193999999901e+03 2.048019999999999982e+03
3.044999999999999485e+00 1.302008088000000008e+01 1.939519326000000092e+03 2.048019999999999982e+03
3.050000000000000266e+00 1.303119048000000113e+01 1.939426745999999866e+03 2.048019999999999982e+03
3.055000000000000160e+00 1.300860095999999722e+01 1.939614992000000029e+03 2.048019999999999982e+03
3.060000000000000053e+00 1.299749135999999972e+01 1.939707572000000027e+03 2.048019999999999982e+03
3.064999999999999947e+00 1.302008088000000008e+01 1.939519326000000092e+03 2.048019999999999982e+03
3.069999999999999840e+00 1.300304616000000024e+01 1.939661282000000028e+03 2.048019999999999982e+03
3.074999999999999734e+00 1.294638719999999843e+01 1.940133440000000064e+03 2.048019999999999982e+03
3.079999999999999627e+00 1.298045663999999988e+01 1.939849527999999964e+03 2.048019999999999982e+03
3.084999999999999520e+00 1.291824287999999754e+01 1.940367975999999999e+03 2.048019999999999982e+03
3.089999999999999414e+00 1.292972280000000040e+01 1.940272310000000061e+03 2.048019999999999982e+03
3.095000000000000195e+00 1.295231232000000077e+01 1.940084063999999898e+03 2.048019999999999982e+03
3.100000000000000089e+00 1.295786712000000129e+01 1.940037773999999899e+03 2.048019999999999982e+03
3.104999999999999982e+00 1.292379767999999807e+01 1.940321686000000000e+03 2.048019999999999982e+03
3.109999999999999876e+00 1.291824287999999754e+01 1.940367975999999999e+03 2.048019999999999982e+03
3.114999999999999769e+00 1.300304616000000024e+01 1.939661282000000028e+03 2.048019999999999982e+03
3.119999999999999662e+00 1.296897671999999702e+01 1.939945193999999901e+03 2.048019999999999982e+03
3.124999999999999556e+00 1.296342191999999827e+01 1.939991483999999900e+03 2.048019999999999982e+03
3.129999999999999449e+00 1.294638719999999843e+01 1.940133440000000064e+03 2.048019999999999982e+03
3.135000000000000231e+00 1.293527760000000093e+01 1.940226020000000062e+03 2.048019999999999982e+03
3.140000000000000124e+00 1.291268808000000057e+01 1.940414265999999998e+03 2.048019999999999982e+03
3.145000000000000018e+00 1.292379767999999807e+01 1.940321686000000000e+03 2.048019999999999982e+03
3.149999999999999911e+00 1.295786712000000129e+01 1.940037773999999899e+03 2.048019999999999982e+03
3.154999999999999805e+00 1.293527760000000093e+01 1.940226020000000062e+03 2.048019999999999982e+03
3.159999999999999698e+00 1.292379767999999807e+01 1.940321686000000000e+03 2.048019999999999982e+03
3.164999999999999591e+00 1.300860095999999722e+01 1.939614992000000029e+03 2.048019999999999982e+03
3.169999999999999041e+00 1.286195424000000109e+01 1.940837047999999868e+03 2.048019999999999982e+03
3.174999999999999822e+00 1.289009856000000021e+01 1.940602511999999933e+03 2.048019999999999982e+03
3.180000000000000604e+00 1.292379767999999807e+01 1.940321686000000000e+03 2.048019999999999982e+03
3.184999999999999609e+00 1.286195424000000109e+01 1.940837047999999868e+03 2.048019999999999982e+03
3.190000000000000391e+00 1.291824287999999754e+01 1.940367975999999999e+03 2.048019999999999982e+03
3.194999999999999396e+00 1.289009856000000021e+01 1.940602511999999933e+03 2.048019999999999982e+03
3.200000000000000178e+00 1.294083239999999790e+01 1.940179730000000063e+03 2.048019999999999982e+03
3.204999999999999183e+00 1.286750903999999984e+01 1.940790758000000096e+03 2.048019999999999982e+03
3.209999999999999964e+00 1.283899439999999892e+01 1.941028379999999970e+03 2.048019999999999982e+03
3.214999999999998970e+00 1.293527760000000093e+01 1.940226020000000062e+03 2.048019999999999982e+03
3.219999999999999751e+00 1.289565335999999718e+01 1.940556221999999934e+03 2.048019999999999982e+03
3.225000000000000533e+00 1.277715095999999662e+01 1.941543742000000066e+03 2.048019999999999982e+03
3.229999999999999538e+00 1.281640487999999856e+01 1.941216625999999906e+03 2.048019999999999982e+03
3.235000000000000320e+00 1.279974048000000053e+01 1.941355495999999903e+03 2.048019999999999982e+03
3.239999999999999325e+00 1.283899439999999892e+01 1.941028379999999970e+03 2.048019999999999982e+03
3.245000000000000107e+00 1.283343959999999839e+01 1.941074669999999969e+03 2.048019999999999982e+03
3.249999999999999112e+00 1.283343959999999839e+01 1.941074669999999969e+03 2.048019999999999982e+03
3.254999999999999893e+00 1.285602911999999698e+01 1.940886424000000034e+03 2.048019999999999982e+03
3.260000000000000675e+00 1.279381535999999819e+01 1.941404872000000069e+03 2.048019999999999982e+03
3.264999999999999680e+00 1.289009856000000021e+01 1.940602511999999933e+03 2.048019999999999982e+03
3.270000000000000462e+00 1.278270575999999714e+01 1.941497452000000067e+03 2.048019999999999982e+03
3.274999999999999467e+00 1.289009856000000021e+01 1.940602511999999933e+03 2.048019999999999982e+03
3.280000000000000249e+00 1.285602911999999698e+01 1.940886424000000034e+03 2.048019999999999982e+03
3.284999999999999254e+00 1.286195424000000109e+01 1.940837047999999868e+03 2.048019999999999982e+03
3.290000000000000036e+00 1.292972280000000040e+01 1.940272310000000061e+03 2.048019999999999982e+03
3.294999999999999041e+00 1.286750903999999984e+01 1.940790758000000096e+03 2.048019999999999982e+03
3.299999999999999822e+00 1.284491952000000126e+01 1.940979004000000032e+03 2.048019999999999982e+03
3.305000000000000604e+00 1.286195424000000109e+01 1.940837047999999868e+03 2.048019999999999982e+03
3.309999999999999609e+00 1.286195424000000109e+01 1.940837047999999868e+03 2.048019999999999982e+03
3.315000000000000391e+00 1.292972280000000040e+01 1.940272310000000061e+03 2.048019999999999982e+03
3.319999999999999396e+00 1.287861863999999734e+01 1.940698178000000098e+03 2.048019999999999982e+03
3.325000000000000178e+00 1.279381535999999819e+01 1.941404872000000069e+03 2.048019999999999982e+03
3.329999999999999183e+00 1.289009856000000021e+01 1.940602511999999933e+03 2.048019999999999982e+03
3.334999999999999964e+00 1.281085007999999803e+01 1.941262915999999905e+03 2.048019999999999982e+03
3.339999999999998970e+00 1.285602911999999698e+01 1.940886424000000034e+03 2.048019999999999982e+03
3.344999999999999751e+00 1.280529527999999750e+01 1.941309205999999904e+03 2.048019999999999982e+03
3.350000000000000533e+00 1.286750903999999984e+01 1.940790758000000096e+03 2.048019999999999982e+03
3.354999999999999538e+00 1.285047431999999823e+01 1.940932714000000033e+03 2.048019999999999982e+03
3.360000000000000320e+00 1.285602911999999698e+01 1.940886424000000034e+03 2.048019999999999982e+03
3.364999999999999325e+00 1.277122583999999783e+01 1.941593118000000004e+03 2.048019999999999982e+03
3.370000000000000107e+00 1.272049199999999836e+01 1.942015899999999874e+03 2.048019999999999982e+03
3.374999999999999112e+00 1.281085007999999803e+01 1.941262915999999905e+03 2.048019999999999982e+03
3.379999999999999893e+00 1.277122583999999783e+01 1.941593118000000004e+03 2.048019999999999982e+03
3.385000000000000675e+00 1.274863631999999747e+01 1.941781363999999940e+03 2.048019999999999982e+03
3.389999999999999680e+00 1.278270575999999714e+01 1.941497452000000067e+03 2.048019999999999982e+03
3.395000000000000462e+00 1.274863631999999747e+01 1.941781363999999940e+03 2.048019999999999982e+03
3.399999999999999467e+00 1.281640487999999856e+01 1.941216625999999906e+03 2.048019999999999982e+03
3.405000000000000249e+00 1.284491952000000126e+01 1.940979004000000032e+03 2.048019999999999982e+03
3.409999999999999254e+00 1.277122583999999783e+01 1.941593118000000004e+03 2.048019999999999982e+03
3.415000000000000036e+00 1.282233000000000089e+01 1.941167249999999967e+03 2.048019999999999982e+03
3.419999999999999041e+00 1.277715095999999662e+01 1.941543742000000066e+03 2.048019999999999982e+03
3.424999999999999822e+00 1.272049199999999836e+01 1.942015899999999874e+03 2.048019999999999982e+03
3.430000000000000604e+00 1.276011623999999678e+01 1.941685698000000002e+03 2.048019999999999982e+03
3.434999999999999609e+00 1.275456143999999803e+01 1.941731988000000001e+03 2.048019999999999982e+03
3.440000000000000391e+00 1.285047431999999823e+01 1.940932714000000033e+03 2.048019999999999982e+03
3.444999999999999396e+00 1.277122583999999783e+01 1.941593118000000004e+03 2.048019999999999982e+03
3.450000000000000178e+00 1.277122583999999783e+01 1.941593118000000004e+03 2.048019999999999982e+03
3.454999999999999183e+00 1.277715095999999662e+01 1.941543742000000066e+03 2.048019999999999982e+03
3.459999999999999964e+00 1.275456143999999803e+01 1.941731988000000001e+03 2.048019999999999982e+03
3.464999999999998970e+00 1.277715095999999662e+01 1.941543742000000066e+03 2.048019999999999982e+03
3.469999999999999751e+00 1.278826055999999767e+01 1.941451162000000068e+03 2.048019999999999982e+03
3.475000000000000533e+00 1.276567103999999730e+01 1.941639408000000003e+03 2.048019999999999982e+03
3.479999999999999538e+00 1.276011623999999678e+01 1.941685698000000002e+03 2.048019999999999982e+03
3.485000000000000320e+00 1.277715095999999662e+01 1.941543742000000066e+03 2.048019999999999982e+03
3.489999999999999325e+00 1.276567103999999730e+01 1.941639408000000003e+03 2.048019999999999982e+03
3.495000000000000107e+00 1.272604679999999888e+01 1.941969610000000102e+03 2.048019999999999982e+03
3.499999999999999112e+00 1.276011623999999678e+01 1.941685698000000002e+03 2.048019999999999982e+03
3.504999999999999893e+00 1.271493719999999783e+01 1.942062190000000101e+03 2.048019999999999982e+03
3.510000000000000675e+00 1.270901207999999905e+01 1.942111566000000039e+03 2.048019999999999982e+03
3.514999999999999680e+00 1.279381535999999819e+01 1.941404872000000069e+03 2.048019999999999982e+03
3.520000000000000462e+00 1.281640487999999856e+01 1.941216625999999906e+03 2.048019999999999982e+03
3.524999999999999467e+00 1.277122583999999783e+01 1.941593118000000004e+03 2.048019999999999982e+03
3.530000000000000249e+00 1.277122583999999783e+01 1.941593118000000004e+03 2.048019999999999982e+03
3.534999999999999254e+00 1.274863631999999747e+01 1.941781363999999940e+03 2.048019999999999982e+03
3.540000000000000036e+00 1.274308151999999694e+01 1.941827653999999939e+03 2.048019999999999982e+03
3.544999999999999041e+00 1.274308151999999694e+01 1.941827653999999939e+03 2.048019999999999982e+03
3.549999999999999822e+00 1.273197191999999767e+01 1.941920233999999937e+03 2.048019999999999982e+03
3.555000000000000604e+00 1.273752671999999819e+01 1.941873943999999938e+03 2.048019999999999982e+03
3.559999999999999609e+00 1.269790247999999799e+01 1.942204146000000037e+03 2.048019999999999982e+03
3.565000000000000391e+00 1.268642255999999868e+01 1.942299811999999974e+03 2.048019999999999982e+03
3.569999999999999396e+00 1.269790247999999799e+01 1.942204146000000037e+03 2.048019999999999982e+03
3.575000000000000178e+00 1.268642255999999868e+01 1.942299811999999974e+03 2.048019999999999982e+03
3.579999999999999183e+00 1.264124351999999796e+01 1.942676304000000073e+03 2.048019999999999982e+03
3.584999999999999964e+00 1.266383303999999832e+01 1.942488057999999910e+03 2.048019999999999982e+03
3.589999999999998970e+00 1.274308151999999694e+01 1.941827653999999939e+03 2.048019999999999982e+03
3.594999999999999751e+00 1.266383303999999832e+01 1.942488057999999910e+03 2.048019999999999982e+03
3.600000000000000533e+00 1.269790247999999799e+01 1.942204146000000037e+03 2.048019999999999982e+03
3.604999999999999538e+00 1.269234767999999747e+01 1.942250436000000036e+03 2.048019999999999982e+03
3.610000000000000320e+00 1.267531295999999763e+01 1.942392391999999973e+03 2.048019999999999982e+03
3.614999999999999325e+00 1.270901207999999905e+01 1.942111566000000039e+03 2.048019999999999982e+03
3.620000000000000107e+00 1.270901207999999905e+01 1.942111566000000039e+03 2.048019999999999982e+03
3.624999999999999112e+00 1.270901207999999905e+01 1.942111566000000039e+03 2.048019999999999982e+03
3.629999999999999893e+00 1.269234767999999747e+01 1.942250436000000036e+03 2.048019999999999982e+03
3.635000000000000675e+00 1.266383303999999832e+01 1.942488057999999910e+03 2.048019999999999982e+03
3.639999999999999680e+00 1.265272343999999727e+01 1.942580637999999908e+03 2.048019999999999982e+03
3.645000000000000462e+00 1.264124351999999796e+01 1.942676304000000073e+03 2.048019999999999982e+03
3.649999999999999467e+00 1.264124351999999796e+01 1.942676304000000073e+03 2.048019999999999982e+03
3.655000000000000249e+00 1.262457911999999993e+01 1.942815174000000070e+03 2.048019999999999982e+03
3.659999999999999254e+00 1.260754439999999832e+01 1.942957130000000006e+03 2.048019999999999982e+03
3.665000000000000036e+00 1.264716863999999674e+01 1.942626927999999907e+03 2.048019999999999982e+03
3.669999999999999041e+00 1.264716863999999674e+01 1.942626927999999907e+03 2.048019999999999982e+03
3.674999999999999822e+00 1.261865399999999759e+01 1.942864550000000008e+03 2.048019999999999982e+03
3.680000000000000604e+00 1.257940007999999921e+01 1.943191665999999941e+03 2.048019999999999982e+03
3.684999999999999609e+00 1.264716863999999674e+01 1.942626927999999907e+03 2.048019999999999982e+03
3.690000000000000391e+00 1.260754439999999832e+01 1.942957130000000006e+03 2.048019999999999982e+03
3.694999999999999396e+00 1.263568871999999743e+01 1.942722594000000072e+03 2.048019999999999982e+03
3.700000000000000178e+00 1.266975815999999710e+01 1.942438681999999972e+03 2.048019999999999982e+03
3.704999999999999183e+00 1.264716863999999674e+01 1.942626927999999907e+03 2.048019999999999982e+03
3.709999999999999964e+00 1.264716863999999674e+01 1.942626927999999907e+03 2.048019999999999982e+03
3.714999999999998970e+00 1.266975815999999710e+01 1.942438681999999972e+03 2.048019999999999982e+03
3.719999999999999751e+00 1.265827823999999779e+01 1.942534347999999909e+03 2.048019999999999982e+03
3.725000000000000533e+00 1.263568871999999743e+01 1.942722594000000072e+03 2.048019999999999982e+03
3.729999999999999538e+00 1.261865399999999759e+01 1.942864550000000008e+03 2.048019999999999982e+03
3.735000000000000320e+00 1.264124351999999796e+01 1.942676304000000073e+03 2.048019999999999982e+03
3.739999999999999325e+00 1.269790247999999799e+01 1.942204146000000037e+03 2.048019999999999982e+03
3.745000000000000107e+00 1.259606447999999901e+01 1.943052795999999944e+03 2.048019999999999982e+03
3.749999999999999112e+00 1.264124351999999796e+01 1.942676304000000073e+03 2.048019999999999982e+03
3.754999999999999893e+00 1.274863631999999747e+01 1.941781363999999940e+03 2.048019999999999982e+03
3.760000000000000675e+00 1.272049199999999836e+01 1.942015899999999874e+03 2.048019999999999982e+03
3.764999999999999680e+00 1.266975815999999710e+01 1.942438681999999972e+03 2.048019999999999982e+03
3.770000000000000462e+00 1.263013391999999691e+01 1.942768884000000071e+03 2.048019999999999982e+03
3.774999999999999467e+00 1.263568871999999743e+01 1.942722594000000072e+03 2.048019999999999982e+03
3.780000000000000249e+00 1.266975815999999710e+01 1.942438681999999972e+03 2.048019999999999982e+03
3.784999999999999254e+00 1.265827823999999779e+01 1.942534347999999909e+03 2.048019999999999982e+03
3.790000000000000036e+00 1.261865399999999759e+01 1.942864550000000008e+03 2.048019999999999982e+03
3.794999999999999041e+00 1.260754439999999832e+01 1.942957130000000006e+03 2.048019999999999982e+03
3.799999999999999822e+00 1.265272343999999727e+01 1.942580637999999908e+03 2.048019999999999982e+03
3.805000000000000604e+00 1.271493719999999783e+01 1.942062190000000101e+03 2.048019999999999982e+03
3.809999999999999609e+00 1.268642255999999868e+01 1.942299811999999974e+03 2.048019999999999982e+03
3.815000000000000391e+00 1.263013391999999691e+01 1.942768884000000071e+03 2.048019999999999982e+03
3.819999999999999396e+00 1.262457911999999993e+01 1.942815174000000070e+03 2.048019999999999982e+03
3.825000000000000178e+00 1.257940007999999921e+01 1.943191665999999941e+03 2.048019999999999982e+03
3.829999999999999183e+00 1.259050967999999848e+01 1.943099085999999943e+03 2.048019999999999982e+03
3.834999999999999964e+00 1.259606447999999901e+01 1.943052795999999944e+03 2.048019999999999982e+03
3.839999999999998970e+00 1.259050967999999848e+01 1.943099085999999943e+03 2.048019999999999982e+03
3.844999999999999751e+00 1.260754439999999832e+01 1.942957130000000006e+03 2.048019999999999982e+03
3.850000000000000533e+00 1.260198959999999957e+01 1.943003420000000006e+03 2.048019999999999982e+03
3.854999999999999538e+00 1.264124351999999796e+01 1.942676304000000073e+03 2.048019999999999982e+03
3.860000000000000320e+00 1.253385071999999845e+01 1.943571243999999979e+03 2.048019999999999982e+03
3.864999999999999325e+00 1.255644023999999881e+01 1.943382998000000043e+03 2.048019999999999982e+03
3.870000000000000107e+00 1.260198959999999957e+01 1.943003420000000006e+03 2.048019999999999982e+03
3.874999999999999112e+00 1.261865399999999759e+01 1.942864550000000008e+03 2.048019999999999982e+03
3.879999999999999893e+00 1.261309919999999885e+01 1.942910840000000007e+03 2.048019999999999982e+03
3.885000000000000675e+00 1.259606447999999901e+01 1.943052795999999944e+03 2.048019999999999982e+03
3.889999999999999680e+00 1.263568871999999743e+01 1.942722594000000072e+03 2.048019999999999982e+03
3.895000000000000462e+00 1.251718631999999687e+01 1.943710113999999976e+03 2.048019999999999982e+03
3.899999999999999467e+00 1.256792015999999812e+01 1.943287331999999878e+03 2.048019999999999982e+03
3.905000000000000249e+00 1.256236535999999759e+01 1.943333622000000105e+03 2.048019999999999982e+03
3.909999999999999254e+00 1.244941775999999756e+01 1.944274852000000010e+03 2.048019999999999982e+03
3.915000000000000036e+00 1.255644023999999881e+01 1.943382998000000043e+03 2.048019999999999982e+03
3.919999999999999041e+00 1.256792015999999812e+01 1.943287331999999878e+03 2.048019999999999982e+03
3.924999999999999822e+00 1.258495487999999796e+01 1.943145375999999942e+03 2.048019999999999982e+03
3.930000000000000604e+00 1.261865399999999759e+01 1.942864550000000008e+03 2.048019999999999982e+03
3.934999999999999609e+00 1.250570639999999756e+01 1.943805779999999913e+03 2.048019999999999982e+03
3.940000000000000391e+00 1.253977583999999723e+01 1.943521868000000040e+03 2.048019999999999982e+03
3.944999999999999396e+00 1.251126119999999808e+01 1.943759489999999914e+03 2.048019999999999982e+03
3.950000000000000178e+00 1.250015159999999881e+01 1.943852069999999912e+03 2.048019999999999982e+03
3.954999999999999183e+00 1.255644023999999881e+01 1.943382998000000043e+03 2.048019999999999982e+03
3.959999999999999964e+00 1.251718631999999687e+01 1.943710113999999976e+03 2.048019999999999982e+03
3.964999999999998970e+00 1.253385071999999845e+01 1.943571243999999979e+03 2.048019999999999982e+03
3.969999999999999751e+00 1.256792015999999812e+01 1.943287331999999878e+03 2.048019999999999982e+03
3.975000000000000533e+00 1.248311687999999897e+01 1.943994026000000076e+03 2.048019999999999982e+03
3.979999999999999538e+00 1.253977583999999723e+01 1.943521868000000040e+03 2.048019999999999982e+03
3.985000000000000320e+00 1.250015159999999881e+01 1.943852069999999912e+03 2.048019999999999982e+03
3.989999999999999325e+00 1.253385071999999845e+01 1.943571243999999979e+03 2.048019999999999982e+03
3.995000000000000107e+00 1.250570639999999756e+01 1.943805779999999913e+03 2.048019999999999982e+03
3.999999999999999112e+00 1.246052735999999861e+01 1.944182272000000012e+03 2.048019999999999982e+03
4.004999999999999893e+00 1.250570639999999756e+01 1.943805779999999913e+03 2.048019999999999982e+03
4.010000000000000675e+00 1.251718631999999687e+01 1.943710113999999976e+03 2.048019999999999982e+03
4.014999999999999680e+00 1.254533063999999776e+01 1.943475578000000041e+03 2.048019999999999982e+03
4.020000000000000462e+00 1.260198959999999957e+01 1.943003420000000006e+03 2.048019999999999982e+03
4.024999999999999467e+00 1.250015159999999881e+01 1.943852069999999912e+03 2.048019999999999982e+03
4.030000000000000249e+00 1.254533063999999776e+01 1.943475578000000041e+03 2.048019999999999982e+03
4.034999999999999254e+00 1.253977583999999723e+01 1.943521868000000040e+03 2.048019999999999982e+03
4.040000000000000036e+00 1.259050967999999848e+01 1.943099085999999943e+03 2.048019999999999982e+03
4.044999999999999041e+00 1.255088543999999828e+01 1.943429288000000042e+03 2.048019999999999982e+03
4.049999999999999822e+00 1.247756207999999845e+01 1.944040316000000075e+03 2.048019999999999982e+03
4.055000000000000604e+00 1.244941775999999756e+01 1.944274852000000010e+03 2.048019999999999982e+03
4.059999999999999609e+00 1.241534831999999788e+01 1.944558763999999883e+03 2.048019999999999982e+03
4.065000000000000391e+00 1.244349263999999877e+01 1.944324227999999948e+03 2.048019999999999982e+03
4.069999999999999396e+00 1.248867167999999950e+01 1.943947736000000077e+03 2.048019999999999982e+03
4.075000000000000178e+00 1.246608215999999913e+01 1.944135982000000013e+03 2.048019999999999982e+03
4.079999999999999183e+00 1.248311687999999897e+01 1.943994026000000076e+03 2.048019999999999982e+03
4.084999999999999964e+00 1.251718631999999687e+01 1.943710113999999976e+03 2.048019999999999982e+03
4.089999999999998970e+00 1.248867167999999950e+01 1.943947736000000077e+03 2.048019999999999982e+03
4.094999999999999751e+00 1.252274111999999739e+01 1.943663823999999977e+03 2.048019999999999982e+03
4.099999999999998757e+00 1.250015159999999881e+01 1.943852069999999912e+03 2.048019999999999982e+03
4.104999999999999538e+00 1.244349263999999877e+01 1.944324227999999948e+03 2.048019999999999982e+03
4.109999999999998543e+00 1.244941775999999756e+01 1.944274852000000010e+03 2.048019999999999982e+03
4.114999999999999325e+00 1.239275879999999752e+01 1.944747010000000046e+03 2.048019999999999982e+03
4.120000000000000107e+00 1.249459679999999828e+01 1.943898359999999911e+03 2.048019999999999982e+03
4.124999999999999112e+00 1.251126119999999808e+01 1.943759489999999914e+03 2.048019999999999982e+03
4.129999999999999893e+00 1.249459679999999828e+01 1.943898359999999911e+03 2.048019999999999982e+03
4.134999999999998899e+00 1.246608215999999913e+01 1.944135982000000013e+03 2.048019999999999982e+03
4.139999999999999680e+00 1.255088543999999828e+01 1.943429288000000042e+03 2.048019999999999982e+03
4.144999999999998685e+00 1.242645791999999894e+01 1.944466183999999885e+03 2.048019999999999982e+03
4.149999999999999467e+00 1.248311687999999897e+01 1.943994026000000076e+03 2.048019999999999982e+03
4.155000000000000249e+00 1.246608215999999913e+01 1.944135982000000013e+03 2.048019999999999982e+03
4.159999999999999254e+00 1.246608215999999913e+01 1.944135982000000013e+03 2.048019999999999982e+03
4.165000000000000036e+00 1.251718631999999687e+01 1.943710113999999976e+03 2.048019999999999982e+03
4.169999999999999041e+00 1.246052735999999861e+01 1.944182272000000012e+03 2.048019999999999982e+03
4.174999999999999822e+00 1.251126119999999808e+01 1.943759489999999914e+03 2.048019999999999982e+03
4.179999999999998828e+00 1.244941775999999756e+01 1.944274852000000010e+03 2.048019999999999982e+03
4.184999999999999609e+00 1.246052735999999861e+01 1.944182272000000012e+03 2.048019999999999982e+03
4.189999999999998614e+00 1.247200727999999792e+01 1.944086606000000074e+03 2.048019999999999982e+03
4.194999999999999396e+00 1.246608215999999913e+01 1.944135982000000013e+03 2.048019999999999982e+03
4.200000000000000178e+00 1.247756207999999845e+01 1.944040316000000075e+03 2.048019999999999982e+03
4.204999999999999183e+00 1.246052735999999861e+01 1.944182272000000012e+03 2.048019999999999982e+03
4.209999999999999964e+00 1.247200727999999792e+01 1.944086606000000074e+03 2.048019999999999982e+03
4.214999999999998970e+00 1.244349263999999877e+01 1.944324227999999948e+03 2.048019999999999982e+03
4.219999999999999751e+00 1.241534831999999788e+01 1.944558763999999883e+03 2.048019999999999982e+03
4.224999999999998757e+00 1.248867167999999950e+01 1.943947736000000077e+03 2.048019999999999982e+03
4.229999999999999538e+00 1.243238303999999772e+01 1.944416807999999946e+03 2.048019999999999982e+03
4.234999999999998543e+00 1.242090311999999841e+01 1.944512474000000111e+03 2.048019999999999982e+03
4.239999999999999325e+00 1.246052735999999861e+01 1.944182272000000012e+03 2.048019999999999982e+03
4.245000000000000107e+00 1.243238303999999772e+01 1.944416807999999946e+03 2.048019999999999982e+03
4.249999999999999112e+00 1.243793783999999825e+01 1.944370517999999947e+03 2.048019999999999982e+03
4.254999999999999893e+00 1.242090311999999841e+01 1.944512474000000111e+03 2.048019999999999982e+03
4.259999999999998899e+00 1.240979351999999736e+01 1.944605054000000109e+03 2.048019999999999982e+03
4.264999999999999680e+00 1.239275879999999752e+01 1.944747010000000046e+03 2.048019999999999982e+03
4.269999999999998685e+00 1.238720399999999877e+01 1.944793300000000045e+03 2.048019999999999982e+03
4.274999999999999467e+00 1.245497255999999808e+01 1.944228562000000011e+03 2.048019999999999982e+03
4.280000000000000249e+00 1.241534831999999788e+01 1.944558763999999883e+03 2.048019999999999982e+03
4.284999999999999254e+00 1.239831359999999805e+01 1.944700720000000047e+03 2.048019999999999982e+03
4.290000000000000036e+00 1.242090311999999841e+01 1.944512474000000111e+03 2.048019999999999982e+03
4.294999999999999041e+00 1.240979351999999736e+01 1.944605054000000109e+03 2.048019999999999982e+03
4.299999999999999822e+00 1.242090311999999841e+01 1.944512474000000111e+03 2.048019999999999982e+03
4.304999999999998828e+00 1.243238303999999772e+01 1.944416807999999946e+03 2.048019999999999982e+03
4.309999999999999609e+00 1.237572407999999946e+01 1.944888965999999982e+03 2.048019999999999982e+03
4.314999999999998614e+00 1.238127887999999821e+01 1.944842675999999983e+03 2.048019999999999982e+03
4.319999999999999396e+00 1.241534831999999788e+01 1.944558763999999883e+03 2.048019999999999982e+03
4.325000000000000178e+00 1.239831359999999805e+01 1.944700720000000047e+03 2.048019999999999982e+03
4.329999999999999183e+00 1.235313455999999910e+01 1.945077211999999918e+03 2.048019999999999982e+03
4.334999999999999964e+00 1.237572407999999946e+01 1.944888965999999982e+03 2.048019999999999982e+03
4.339999999999998970e+00 1.241534831999999788e+01 1.944558763999999883e+03 2.048019999999999982e+03
4.344999999999999751e+00 1.236461447999999841e+01 1.944981545999999980e+03 2.048019999999999982e+03
4.349999999999998757e+00 1.234202495999999805e+01 1.945169791999999916e+03 2.048019999999999982e+03
4.354999999999999538e+00 1.241534831999999788e+01 1.944558763999999883e+03 2.048019999999999982e+03
4.359999999999998543e+00 1.244349263999999877e+01 1.944324227999999948e+03 2.048019999999999982e+03
4.364999999999999325e+00 1.243793783999999825e+01 1.944370517999999947e+03 2.048019999999999982e+03
4.370000000000000107e+00 1.235868935999999962e+01 1.945030921999999919e+03 2.048019999999999982e+03
4.374999999999999112e+00 1.240979351999999736e+01 1.944605054000000109e+03 2.048019999999999982e+03
4.379999999999999893e+00 1.238127887999999821e+01 1.944842675999999983e+03 2.048019999999999982e+03
4.384999999999998899e+00 1.233054503999999874e+01 1.945265458000000081e+03 2.048019999999999982e+03
4.389999999999999680e+00 1.236461447999999841e+01 1.944981545999999980e+03 2.048019999999999982e+03
4.394999999999998685e+00 1.235868935999999962e+01 1.945030921999999919e+03 2.048019999999999982e+03
4.399999999999999467e+00 1.234757975999999857e+01 1.945123501999999917e+03 2.048019999999999982e+03
4.405000000000000249e+00 1.235868935999999962e+01 1.945030921999999919e+03 2.048019999999999982e+03
4.409999999999999254e+00 1.230795551999999837e+01 1.945453704000000016e+03 2.048019999999999982e+03
4.415000000000000036e+00 1.237572407999999946e+01 1.944888965999999982e+03 2.048019999999999982e+03
4.419999999999999041e+00 1.233609983999999926e+01 1.945219168000000082e+03 2.048019999999999982e+03
4.424999999999999822e+00 1.231943543999999768e+01 1.945358038000000079e+03 2.048019999999999982e+03
4.429999999999998828e+00 1.236461447999999841e+01 1.944981545999999980e+03 2.048019999999999982e+03
4.434999999999999609e+00 1.229684591999999732e+01 1.945546284000000014e+03 2.048019999999999982e+03
4.439999999999998614e+00 1.234757975999999857e+01 1.945123501999999917e+03 2.048019999999999982e+03
4.444999999999999396e+00 1.235868935999999962e+01 1.945030921999999919e+03 2.048019999999999982e+03
4.450000000000000178e+00 1.235868935999999962e+01 1.945030921999999919e+03 2.048019999999999982e+03
4.454999999999999183e+00 1.233609983999999926e+01 1.945219168000000082e+03 2.048019999999999982e+03
4.459999999999999964e+00 1.231943543999999768e+01 1.945358038000000079e+03 2.048019999999999982e+03
4.464999999999998970e+00 1.234757975999999857e+01 1.945123501999999917e+03 2.048019999999999982e+03
4.469999999999999751e+00 1.234202495999999805e+01 1.945169791999999916e+03 2.048019999999999982e+03
4.474999999999998757e+00 1.234757975999999857e+01 1.945123501999999917e+03 2.048019999999999982e+03
4.479999999999999538e+00 1.234757975999999857e+01 1.945123501999999917e+03 2.048019999999999982e+03
4.484999999999998543e+00 1.236461447999999841e+01 1.944981545999999980e+03 2.048019999999999982e+03
4.489999999999999325e+00 1.234202495999999805e+01 1.945169791999999916e+03 2.048019999999999982e+03
4.495000000000000107e+00 1.240386839999999857e+01 1.944654430000000048e+03 2.048019999999999982e+03
4.499999999999999112e+00 1.238127887999999821e+01 1.944842675999999983e+03 2.048019999999999982e+03
4.504999999999999893e+00 1.238127887999999821e+01 1.944842675999999983e+03 2.048019999999999982e+03
4.509999999999998899e+00 1.234757975999999857e+01 1.945123501999999917e+03 2.048019999999999982e+03
4.514999999999999680e+00 1.233609983999999926e+01 1.945219168000000082e+03 2.048019999999999982e+03
4.519999999999998685e+00 1.231351031999999890e+01 1.945407414000000017e+03 2.048019999999999982e+03
4.524999999999999467e+00 1.230795551999999837e+01 1.945453704000000016e+03 2.048019999999999982e+03
4.530000000000000249e+00 1.233609983999999926e+01 1.945219168000000082e+03 2.048019999999999982e+03
4.534999999999999254e+00 1.235868935999999962e+01 1.945030921999999919e+03 2.048019999999999982e+03
4.540000000000000036e+00 1.232499023999999821e+01 1.945311748000000080e+03 2.048019999999999982e+03
4.544999999999999041e+00 1.231351031999999890e+01 1.945407414000000017e+03 2.048019999999999982e+03
4.549999999999999822e+00 1.230240071999999785e+01 1.945499994000000015e+03 2.048019999999999982e+03
4.554999999999998828e+00 1.231351031999999890e+01 1.945407414000000017e+03 2.048019999999999982e+03
4.559999999999999609e+00 1.235313455999999910e+01 1.945077211999999918e+03 2.048019999999999982e+03
4.564999999999998614e+00 1.229092079999999854e+01 1.945595659999999953e+03 2.048019999999999982e+03
4.569999999999999396e+00 1.236461447999999841e+01 1.944981545999999980e+03 2.048019999999999982e+03
4.575000000000000178e+00 1.238127887999999821e+01 1.944842675999999983e+03 2.048019999999999982e+03
4.579999999999999183e+00 1.226277647999999942e+01 1.945830195999999887e+03 2.048019999999999982e+03
4.584999999999999964e+00 1.232499023999999821e+01 1.945311748000000080e+03 2.048019999999999982e+03
4.589999999999998970e+00 1.235313455999999910e+01 1.945077211999999918e+03 2.048019999999999982e+03
4.594999999999999751e+00 1.231943543999999768e+01 1.945358038000000079e+03 2.048019999999999982e+03
4.599999999999998757e+00 1.234757975999999857e+01 1.945123501999999917e+03 2.048019999999999982e+03
4.604999999999999538e+00 1.236461447999999841e+01 1.944981545999999980e+03 2.048019999999999982e+03
4.609999999999998543e+00 1.227388607999999870e+01 1.945737615999999889e+03 2.048019999999999982e+03
4.614999999999999325e+00 1.231351031999999890e+01 1.945407414000000017e+03 2.048019999999999982e+03
4.620000000000000107e+00 1.235313455999999910e+01 1.945077211999999918e+03 2.048019999999999982e+03
4.624999999999999112e+00 1.233609983999999926e+01 1.945219168000000082e+03 2.048019999999999982e+03
4.629999999999999893e+00 1.230240071999999785e+01 1.945499994000000015e+03 2.048019999999999982e+03
4.634999999999998899e+00 1.225129655999999834e+01 1.945925862000000052e+03 2.048019999999999982e+03
4.639999999999999680e+00 1.226833127999999817e+01 1.945783905999999888e+03 2.048019999999999982e+03
4.644999999999998685e+00 1.226833127999999817e+01 1.945783905999999888e+03 2.048019999999999982e+03
4.649999999999999467e+00 1.233054503999999874e+01 1.945265458000000081e+03 2.048019999999999982e+03
4.655000000000000249e+00 1.229092079999999854e+01 1.945595659999999953e+03 2.048019999999999982e+03
4.659999999999999254e+00 1.227388607999999870e+01 1.945737615999999889e+03 2.048019999999999982e+03
4.665000000000000036e+00 1.231351031999999890e+01 1.945407414000000017e+03 2.048019999999999982e+03
4.669999999999999041e+00 1.220056271999999886e+01 1.946348643999999922e+03 2.048019999999999982e+03
4.674999999999999822e+00 1.229092079999999854e+01 1.945595659999999953e+03 2.048019999999999982e+03
4.679999999999998828e+00 1.225129655999999834e+01 1.945925862000000052e+03 2.048019999999999982e+03
4.684999999999999609e+00 1.221759743999999870e+01 1.946206687999999986e+03 2.048019999999999982e+03
4.689999999999998614e+00 1.224574175999999959e+01 1.945972152000000051e+03 2.048019999999999982e+03
4.694999999999999396e+00 1.222315223999999922e+01 1.946160397999999986e+03 2.048019999999999982e+03
4.700000000000000178e+00 1.231351031999999890e+01 1.945407414000000017e+03 2.048019999999999982e+03
4.704999999999999183e+00 1.225722167999999890e+01 1.945876485999999886e+03 2.048019999999999982e+03
4.709999999999999964e+00 1.230795551999999837e+01 1.945453704000000016e+03 2.048019999999999982e+03
4.714999999999998970e+00 1.222870703999999975e+01 1.946114107999999987e+03 2.048019999999999982e+03
4.719999999999999751e+00 1.223463215999999854e+01 1.946064732000000049e+03 2.048019999999999982e+03
4.724999999999998757e+00 1.222870703999999975e+01 1.946114107999999987e+03 2.048019999999999982e+03
4.729999999999999538e+00 1.228536599999999801e+01 1.945641949999999952e+03 2.048019999999999982e+03
4.734999999999998543e+00 1.221759743999999870e+01 1.946206687999999986e+03 2.048019999999999982e+03
4.739999999999999325e+00 1.225722167999999890e+01 1.945876485999999886e+03 2.048019999999999982e+03
4.745000000000000107e+00 1.222315223999999922e+01 1.946160397999999986e+03 2.048019999999999982e+03
4.749999999999999112e+00 1.226833127999999817e+01 1.945783905999999888e+03 2.048019999999999982e+03
4.754999999999999893e+00 1.221759743999999870e+01 1.946206687999999986e+03 2.048019999999999982e+03
4.759999999999998899e+00 1.220611751999999939e+01 1.946302353999999923e+03 2.048019999999999982e+03
4.764999999999999680e+00 1.230795551999999837e+01 1.945453704000000016e+03 2.048019999999999982e+03
4.769999999999998685e+00 1.225129655999999834e+01 1.945925862000000052e+03 2.048019999999999982e+03
4.774999999999999467e+00 1.228536599999999801e+01 1.945641949999999952e+03 2.048019999999999982e+03
4.780000000000000249e+00 1.222315223999999922e+01 1.946160397999999986e+03 2.048019999999999982e+03
4.784999999999999254e+00 1.218352799999999903e+01 1.946490600000000086e+03 2.048019999999999982e+03
4.790000000000000036e+00 1.227388607999999870e+01 1.945737615999999889e+03 2.048019999999999982e+03
4.794999999999999041e+00 1.225722167999999890e+01 1.945876485999999886e+03 2.048019999999999982e+03
4.799999999999999822e+00 1.222870703999999975e+01 1.946114107999999987e+03 2.048019999999999982e+03
4.804999999999998828e+00 1.226833127999999817e+01 1.945783905999999888e+03 2.048019999999999982e+03
4.809999999999999609e+00 1.226833127999999817e+01 1.945783905999999888e+03 2.048019999999999982e+03
4.814999999999998614e+00 1.226833127999999817e+01 1.945783905999999888e+03 2.048019999999999982e+03
4.819999999999999396e+00 1.226277647999999942e+01 1.945830195999999887e+03 2.048019999999999982e+03
4.825000000000000178e+00 1.225129655999999834e+01 1.945925862000000052e+03 2.048019999999999982e+03
4.829999999999999183e+00 1.224018695999999906e+01 1.946018442000000050e+03 2.048019999999999982e+03
4.834999999999999964e+00 1.221759743999999870e+01 1.946206687999999986e+03 2.048019999999999982e+03
4.839999999999998970e+00 1.227981119999999748e+01 1.945688239999999951e+03 2.048019999999999982e+03
4.844999999999999751e+00 1.225722167999999890e+01 1.945876485999999886e+03 2.048019999999999982e+03
4.849999999999998757e+00 1.218352799999999903e+01 1.946490600000000086e+03 2.048019999999999982e+03
4.854999999999999538e+00 1.223463215999999854e+01 1.946064732000000049e+03 2.048019999999999982e+03
4.859999999999998543e+00 1.222870703999999975e+01 1.946114107999999987e+03 2.048019999999999982e+03
4.864999999999999325e+00 1.227981119999999748e+01 1.945688239999999951e+03 2.048019999999999982e+03
4.870000000000000107e+00 1.222315223999999922e+01 1.946160397999999986e+03 2.048019999999999982e+03
4.874999999999999112e+00 1.225722167999999890e+01 1.945876485999999886e+03 2.048019999999999982e+03
4.879999999999999893e+00 1.226277647999999942e+01 1.945830195999999887e+03 2.048019999999999982e+03
4.884999999999998899e+00 1.222315223999999922e+01 1.946160397999999986e+03 2.048019999999999982e+03
4.889999999999999680e+00 1.230795551999999837e+01 1.945453704000000016e+03 2.048019999999999982e+03
4.894999999999998685e+00 1.224574175999999959e+01 1.945972152000000051e+03 2.048019999999999982e+03
4.899999999999999467e+00 1.226277647999999942e+01 1.945830195999999887e+03 2.048019999999999982e+03
4.905000000000000249e+00 1.222315223999999922e+01 1.946160397999999986e+03 2.048019999999999982e+03
4.909999999999999254e+00 1.221204263999999817e+01 1.946252977999999985e+03 2.048019999999999982e+03
4.915000000000000036e+00 1.229092079999999854e+01 1.945595659999999953e+03 2.048019999999999982e+03
4.919999999999999041e+00 1.221204263999999817e+01 1.946252977999999985e+03 2.048019999999999982e+03
4.924999999999999822e+00 1.222315223999999922e+01 1.946160397999999986e+03 2.048019999999999982e+03
4.929999999999998828e+00 1.229092079999999854e+01 1.945595659999999953e+03 2.048019999999999982e+03
4.934999999999999609e+00 1.220611751999999939e+01 1.946302353999999923e+03 2.048019999999999982e+03
4.939999999999998614e+00 1.227981119999999748e+01 1.945688239999999951e+03 2.048019999999999982e+03
4.944999999999999396e+00 1.220056271999999886e+01 1.946348643999999922e+03 2.048019999999999982e+03
4.950000000000000178e+00 1.221204263999999817e+01 1.946252977999999985e+03 2.048019999999999982e+03
4.954999999999999183e+00 1.224574175999999959e+01 1.945972152000000051e+03 2.048019999999999982e+03
4.959999999999999964e+00 1.221759743999999870e+01 1.946206687999999986e+03 2.048019999999999982e+03
4.964999999999998970e+00 1.219500791999999834e+01 1.946394933999999921e+03 2.048019999999999982e+03
4.969999999999999751e+00 1.224018695999999906e+01 1.946018442000000050e+03 2.048019999999999982e+03
4.974999999999998757e+00 1.218945311999999781e+01 1.946441223999999920e+03 2.048019999999999982e+03
4.979999999999999538e+00 1.223463215999999854e+01 1.946064732000000049e+03 2.048019999999999982e+03
4.984999999999998543e+00 1.222315223999999922e+01 1.946160397999999986e+03 2.048019999999999982e+03
4.989999999999999325e+00 1.222870703999999975e+01 1.946114107999999987e+03 2.048019999999999982e+03
4.995000000000000107e+00 1.219500791999999834e+01 1.946394933999999921e+03 2.048019999999999982e+03
4.999999999999999112e+00 1.218352799999999903e+01 1.946490600000000086e+03 2.048019999999999982e+03
5.004999999999999893e+00 1.221759743999999870e+01 1.946206687999999986e+03 2.048019999999999982e+03
5.009999999999998899e+00 1.216686359999999745e+01 1.946629470000000083e+03 2.048019999999999982e+03
5.014999999999999680e+00 1.218945311999999781e+01 1.946441223999999920e+03 2.048019999999999982e+03
5.019999999999998685e+00 1.216093847999999866e+01 1.946678846000000021e+03 2.048019999999999982e+03
5.024999999999999467e+00 1.220056271999999886e+01 1.946348643999999922e+03 2.048019999999999982e+03
5.030000000000000249e+00 1.220056271999999886e+01 1.946348643999999922e+03 2.048019999999999982e+03
5.034999999999999254e+00 1.218352799999999903e+01 1.946490600000000086e+03 2.048019999999999982e+03
5.040000000000000036e+00 1.214982887999999939e+01 1.946771426000000019e+03 2.048019999999999982e+03
5.044999999999999041e+00 1.217797319999999850e+01 1.946536890000000085e+03 2.048019999999999982e+03
5.049999999999999822e+00 1.217797319999999850e+01 1.946536890000000085e+03 2.048019999999999982e+03
5.054999999999998828e+00 1.218945311999999781e+01 1.946441223999999920e+03 2.048019999999999982e+03
5.059999999999999609e+00 1.222870703999999975e+01 1.946114107999999987e+03 2.048019999999999982e+03
5.064999999999998614e+00 1.221204263999999817e+01 1.946252977999999985e+03 2.048019999999999982e+03
5.069999999999999396e+00 1.220611751999999939e+01 1.946302353999999923e+03 2.048019999999999982e+03
5.075000000000000178e+00 1.221204263999999817e+01 1.946252977999999985e+03 2.048019999999999982e+03
5.079999999999999183e+00 1.220611751999999939e+01 1.946302353999999923e+03 2.048019999999999982e+03
5.084999999999999964e+00 1.218945311999999781e+01 1.946441223999999920e+03 2.048019999999999982e+03
5.089999999999998970e+00 1.214982887999999939e+01 1.946771426000000019e+03 2.048019999999999982e+03
5.094999999999999751e+00 1.220056271999999886e+01 1.946348643999999922e+03 2.048019999999999982e+03
5.099999999999998757e+00 1.220056271999999886e+01 1.946348643999999922e+03 2.048019999999999982e+03
5.104999999999999538e+00 1.218352799999999903e+01 1.946490600000000086e+03 2.048019999999999982e+03
5.109999999999998543e+00 1.216686359999999745e+01 1.946629470000000083e+03 2.048019999999999982e+03
5.114999999999999325e+00 1.213834895999999830e+01 1.946867091999999957e+03 2.048019999999999982e+03
5.120000000000000107e+00 1.216686359999999745e+01 1.946629470000000083e+03 2.048019999999999982e+03
5.124999999999999112e+00 1.218945311999999781e+01 1.946441223999999920e+03 2.048019999999999982e+03
5.129999999999999893e+00 1.217241839999999797e+01 1.946583180000000084e+03 2.048019999999999982e+03
5.134999999999998899e+00 1.216686359999999745e+01 1.946629470000000083e+03 2.048019999999999982e+03
5.139999999999999680e+00 1.220611751999999939e+01 1.946302353999999923e+03 2.048019999999999982e+03
5.144999999999998685e+00 1.217797319999999850e+01 1.946536890000000085e+03 2.048019999999999982e+03
5.149999999999999467e+00 1.221204263999999817e+01 1.946252977999999985e+03 2.048019999999999982e+03
5.155000000000000249e+00 1.215538367999999814e+01 1.946725136000000020e+03 2.048019999999999982e+03
5.159999999999999254e+00 1.212131424000000024e+01 1.947009047999999893e+03 2.048019999999999982e+03
5.165000000000000036e+00 1.216093847999999866e+01 1.946678846000000021e+03 2.048019999999999982e+03
5.169999999999999041e+00 1.216686359999999745e+01 1.946629470000000083e+03 2.048019999999999982e+03
5.174999999999999822e+00 1.217797319999999850e+01 1.946536890000000085e+03 2.048019999999999982e+03
5.179999999999998828e+00 1.216686359999999745e+01 1.946629470000000083e+03 2.048019999999999982e+03
5.184999999999999609e+00 1.214390375999999883e+01 1.946820801999999958e+03 2.048019999999999982e+03
5.189999999999998614e+00 1.225129655999999834e+01 1.945925862000000052e+03 2.048019999999999982e+03
5.194999999999999396e+00 1.214390375999999883e+01 1.946820801999999958e+03 2.048019999999999982e+03
5.200000000000000178e+00 1.216686359999999745e+01 1.946629470000000083e+03 2.048019999999999982e+03
5.204999999999999183e+00 1.217797319999999850e+01 1.946536890000000085e+03 2.048019999999999982e+03
5.209999999999999964e+00 1.215538367999999814e+01 1.946725136000000020e+03 2.048019999999999982e+03
5.214999999999998970e+00 1.221204263999999817e+01 1.946252977999999985e+03 2.048019999999999982e+03
5.219999999999999751e+00 1.218352799999999903e+01 1.946490600000000086e+03 2.048019999999999982e+03
5.224999999999998757e+00 1.221204263999999817e+01 1.946252977999999985e+03 2.048019999999999982e+03
5.229999999999999538e+00 1.218945311999999781e+01 1.946441223999999920e+03 2.048019999999999982e+03
5.234999999999998543e+00 1.220611751999999939e+01 1.946302353999999923e+03 2.048019999999999982e+03
5.239999999999999325e+00 1.220611751999999939e+01 1.946302353999999923e+03 2.048019999999999982e+03
5.245000000000000107e+00 1.220056271999999886e+01 1.946348643999999922e+03 2.048019999999999982e+03
5.249999999999999112e+00 1.220056271999999886e+01 1.946348643999999922e+03 2.048019999999999982e+03
5.254999999999999893e+00 1.214390375999999883e+01 1.946820801999999958e+03 2.048019999999999982e+03
5.259999999999998899e+00 1.212723935999999902e+01 1.946959671999999955e+03 2.048019999999999982e+03
5.264999999999999680e+00 1.215538367999999814e+01 1.946725136000000020e+03 2.048019999999999982e+03
5.269999999999998685e+00 1.216093847999999866e+01 1.946678846000000021e+03 2.048019999999999982e+03
5.274999999999999467e+00 1.217797319999999850e+01 1.946536890000000085e+03 2.048019999999999982e+03
5.280000000000000249e+00 1.218945311999999781e+01 1.946441223999999920e+03 2.048019999999999982e+03
5.284999999999999254e+00 1.216686359999999745e+01 1.946629470000000083e+03 2.048019999999999982e+03
5.290000000000000036e+00 1.212131424000000024e+01 1.947009047999999893e+03 2.048019999999999982e+03
5.294999999999999041e+00 1.221204263999999817e+01 1.946252977999999985e+03 2.048019999999999982e+03
5.299999999999999822e+00 1.224018695999999906e+01 1.946018442000000050e+03 2.048019999999999982e+03
5.304999999999998828e+00 1.220056271999999886e+01 1.946348643999999922e+03 2.048019999999999982e+03
5.309999999999999609e+00 1.213279415999999955e+01 1.946913381999999956e+03 2.048019999999999982e+03
5.314999999999998614e+00 1.214390375999999883e+01 1.946820801999999958e+03 2.048019999999999982e+03
5.319999999999999396e+00 1.208206031999999830e+01 1.947336164000000053e+03 2.048019999999999982e+03
5.325000000000000178e+00 1.214982887999999939e+01 1.946771426000000019e+03 2.048019999999999982e+03
5.329999999999999183e+00 1.211575943999999971e+01 1.947055337999999892e+03 2.048019999999999982e+03
5.334999999999999964e+00 1.211020463999999919e+01 1.947101627999999891e+03 2.048019999999999982e+03
5.339999999999998970e+00 1.216093847999999866e+01 1.946678846000000021e+03 2.048019999999999982e+03
5.344999999999999751e+00 1.208761511999999883e+01 1.947289874000000054e+03 2.048019999999999982e+03
5.349999999999998757e+00 1.213279415999999955e+01 1.946913381999999956e+03 2.048019999999999982e+03
5.354999999999999538e+00 1.218945311999999781e+01 1.946441223999999920e+03 2.048019999999999982e+03
5.359999999999998543e+00 1.213834895999999830e+01 1.946867091999999957e+03 2.048019999999999982e+03
5.364999999999999325e+00 1.215538367999999814e+01 1.946725136000000020e+03 2.048019999999999982e+03
5.370000000000000107e+00 1.217241839999999797e+01 1.946583180000000084e+03 2.048019999999999982e+03
5.374999999999999112e+00 1.212131424000000024e+01 1.947009047999999893e+03 2.048019999999999982e+03
5.379999999999999893e+00 1.213834895999999830e+01 1.946867091999999957e+03 2.048019999999999982e+03
5.384999999999998899e+00 1.209872471999999988e+01 1.947197294000000056e+03 2.048019999999999982e+03
5.389999999999999680e+00 1.217241839999999797e+01 1.946583180000000084e+03 2.048019999999999982e+03
5.394999999999998685e+00 1.213279415999999955e+01 1.946913381999999956e+03 2.048019999999999982e+03
5.399999999999999467e+00 1.216093847999999866e+01 1.946678846000000021e+03 2.048019999999999982e+03
5.405000000000000249e+00 1.218945311999999781e+01 1.946441223999999920e+03 2.048019999999999982e+03
5.409999999999999254e+00 1.209316991999999935e+01 1.947243584000000055e+03 2.048019999999999982e+03
5.415000000000000036e+00 1.213279415999999955e+01 1.946913381999999956e+03 2.048019999999999982e+03
5.419999999999999041e+00 1.211020463999999919e+01 1.947101627999999891e+03 2.048019999999999982e+03
5.424999999999999822e+00 1.209872471999999988e+01 1.947197294000000056e+03 2.048019999999999982e+03
5.429999999999998828e+00 1.211575943999999971e+01 1.947055337999999892e+03 2.048019999999999982e+03
5.434999999999999609e+00 1.209316991999999935e+01 1.947243584000000055e+03 2.048019999999999982e+03
5.439999999999998614e+00 1.213279415999999955e+01 1.946913381999999956e+03 2.048019999999999982e+03
5.444999999999999396e+00 1.212723935999999902e+01 1.946959671999999955e+03 2.048019999999999982e+03
5.450000000000000178e+00 1.214390375999999883e+01 1.946820801999999958e+03 2.048019999999999982e+03
5.454999999999999183e+00 1.213834895999999830e+01 1.946867091999999957e+03 2.048019999999999982e+03
5.459999999999999964e+00 1.212131424000000024e+01 1.947009047999999893e+03 2.048019999999999982e+03
5.464999999999998970e+00 1.215538367999999814e+01 1.946725136000000020e+03 2.048019999999999982e+03
5.469999999999999751e+00 1.214982887999999939e+01 1.946771426000000019e+03 2.048019999999999982e+03
5.474999999999998757e+00 1.220611751999999939e+01 1.946302353999999923e+03 2.048019999999999982e+03
5.479999999999999538e+00 1.212131424000000024e+01 1.947009047999999893e+03 2.048019999999999982e+03
5.484999999999998543e+00 1.210464983999999866e+01 1.947147917999999891e+03 2.048019999999999982e+03
5.489999999999999325e+00 1.204243607999999810e+01 1.947666365999999925e+03 2.048019999999999982e+03
5.495000000000000107e+00 1.204799087999999863e+01 1.947620075999999926e+03 2.048019999999999982e+03
5.499999999999999112e+00 1.206502559999999846e+01 1.947478119999999990e+03 2.048019999999999982e+03
5.504999999999999893e+00 1.211020463999999919e+01 1.947101627999999891e+03 2.048019999999999982e+03
5.509999999999998899e+00 1.205354567999999915e+01 1.947573785999999927e+03 2.048019999999999982e+03
5.514999999999999680e+00 1.204243607999999810e+01 1.947666365999999925e+03 2.048019999999999982e+03
5.519999999999998685e+00 1.208206031999999830e+01 1.947336164000000053e+03 2.048019999999999982e+03
5.524999999999999467e+00 1.212723935999999902e+01 1.946959671999999955e+03 2.048019999999999982e+03
5.530000000000000249e+00 1.216093847999999866e+01 1.946678846000000021e+03 2.048019999999999982e+03
5.534999999999999254e+00 1.220056271999999886e+01 1.946348643999999922e+03 2.048019999999999982e+03
5.540000000000000036e+00 1.209872471999999988e+01 1.947197294000000056e+03 2.048019999999999982e+03
5.544999999999999041e+00 1.214982887999999939e+01 1.946771426000000019e+03 2.048019999999999982e+03
5.549999999999999822e+00 1.208761511999999883e+01 1.947289874000000054e+03 2.048019999999999982e+03
5.554999999999998828e+00 1.209316991999999935e+01 1.947243584000000055e+03 2.048019999999999982e+03
5.559999999999999609e+00 1.207058039999999899e+01 1.947431829999999991e+03 2.048019999999999982e+03
5.564999999999998614e+00 1.212131424000000024e+01 1.947009047999999893e+03 2.048019999999999982e+03
5.569999999999999396e+00 1.212723935999999902e+01 1.946959671999999955e+03 2.048019999999999982e+03
5.575000000000000178e+00 1.204799087999999863e+01 1.947620075999999926e+03 2.048019999999999982e+03
5.579999999999999183e+00 1.203095615999999879e+01 1.947762032000000090e+03 2.048019999999999982e+03
5.584999999999999964e+00 1.205947079999999794e+01 1.947524409999999989e+03 2.048019999999999982e+03
5.589999999999998970e+00 1.203688127999999935e+01 1.947712655999999924e+03 2.048019999999999982e+03
5.594999999999999751e+00 1.198577711999999984e+01 1.948138523999999961e+03 2.048019999999999982e+03
5.599999999999998757e+00 1.204799087999999863e+01 1.947620075999999926e+03 2.048019999999999982e+03
5.604999999999999538e+00 1.204799087999999863e+01 1.947620075999999926e+03 2.048019999999999982e+03
5.609999999999998543e+00 1.204799087999999863e+01 1.947620075999999926e+03 2.048019999999999982e+03
5.614999999999999325e+00 1.198022231999999931e+01 1.948184813999999960e+03 2.048019999999999982e+03
5.620000000000000107e+00 1.201984655999999951e+01 1.947854612000000088e+03 2.048019999999999982e+03
5.624999999999999112e+00 1.203095615999999879e+01 1.947762032000000090e+03 2.048019999999999982e+03
5.629999999999999893e+00 1.203095615999999879e+01 1.947762032000000090e+03 2.048019999999999982e+03
5.634999999999998899e+00 1.207613519999999951e+01 1.947385539999999992e+03 2.048019999999999982e+03
5.639999999999999680e+00 1.201429175999999899e+01 1.947900902000000087e+03 2.048019999999999982e+03
5.644999999999998685e+00 1.200281183999999968e+01 1.947996568000000025e+03 2.048019999999999982e+03
5.649999999999999467e+00 1.201984655999999951e+01 1.947854612000000088e+03 2.048019999999999982e+03
5.655000000000000249e+00 1.203095615999999879e+01 1.947762032000000090e+03 2.048019999999999982e+03
5.659999999999999254e+00 1.197466751999999879e+01 1.948231103999999959e+03 2.048019999999999982e+03
5.665000000000000036e+00 1.204799087999999863e+01 1.947620075999999926e+03 2.048019999999999982e+03
5.669999999999999041e+00 1.205947079999999794e+01 1.947524409999999989e+03 2.048019999999999982e+03
5.674999999999999822e+00 1.208761511999999883e+01 1.947289874000000054e+03 2.048019999999999982e+03
5.679999999999998828e+00 1.198022231999999931e+01 1.948184813999999960e+03 2.048019999999999982e+03
5.684999999999999609e+00 1.198022231999999931e+01 1.948184813999999960e+03 2.048019999999999982e+03
5.689999999999998614e+00 1.201429175999999899e+01 1.947900902000000087e+03 2.048019999999999982e+03
5.694999999999999396e+00 1.192948847999999806e+01 1.948607596000000058e+03 2.048019999999999982e+03
5.700000000000000178e+00 1.198022231999999931e+01 1.948184813999999960e+03 2.048019999999999982e+03
5.704999999999999183e+00 1.199133192000000037e+01 1.948092233999999962e+03 2.048019999999999982e+03
5.709999999999999964e+00 1.199133192000000037e+01 1.948092233999999962e+03 2.048019999999999982e+03
5.714999999999998970e+00 1.200281183999999968e+01 1.947996568000000025e+03 2.048019999999999982e+03
5.719999999999999751e+00 1.198577711999999984e+01 1.948138523999999961e+03 2.048019999999999982e+03
5.724999999999998757e+00 1.205354567999999915e+01 1.947573785999999927e+03 2.048019999999999982e+03
5.729999999999999538e+00 1.201429175999999899e+01 1.947900902000000087e+03 2.048019999999999982e+03
5.734999999999998543e+00 1.198577711999999984e+01 1.948138523999999961e+03 2.048019999999999982e+03
5.739999999999999325e+00 1.199725703999999915e+01 1.948042858000000024e+03 2.048019999999999982e+03
5.745000000000000107e+00 1.194615287999999964e+01 1.948468726000000061e+03 2.048019999999999982e+03
5.749999999999999112e+00 1.206502559999999846e+01 1.947478119999999990e+03 2.048019999999999982e+03
5.754999999999999893e+00 1.203688127999999935e+01 1.947712655999999924e+03 2.048019999999999982e+03
5.759999999999998899e+00 1.201984655999999951e+01 1.947854612000000088e+03 2.048019999999999982e+03
5.764999999999999680e+00 1.201984655999999951e+01 1.947854612000000088e+03 2.048019999999999982e+03
5.769999999999998685e+00 1.201984655999999951e+01 1.947854612000000088e+03 2.048019999999999982e+03
5.774999999999999467e+00 1.204243607999999810e+01 1.947666365999999925e+03 2.048019999999999982e+03
5.780000000000000249e+00 1.193504327999999859e+01 1.948561306000000059e+03 2.048019999999999982e+03
5.784999999999999254e+00 1.203095615999999879e+01 1.947762032000000090e+03 2.048019999999999982e+03
5.790000000000000036e+00 1.203688127999999935e+01 1.947712655999999924e+03 2.048019999999999982e+03
5.794999999999999041e+00 1.195207799999999843e+01 1.948419349999999895e+03 2.048019999999999982e+03
5.799999999999999822e+00 1.202540136000000004e+01 1.947808321999999862e+03 2.048019999999999982e+03
5.804999999999998828e+00 1.199725703999999915e+01 1.948042858000000024e+03 2.048019999999999982e+03
5.809999999999999609e+00 1.192948847999999806e+01 1.948607596000000058e+03 2.048019999999999982e+03
5.814999999999998614e+00 1.198577711999999984e+01 1.948138523999999961e+03 2.048019999999999982e+03
5.819999999999999396e+00 1.188430943999999911e+01 1.948984087999999929e+03 2.048019999999999982e+03
5.825000000000000178e+00 1.194059807999999911e+01 1.948515016000000060e+03 2.048019999999999982e+03
5.829999999999999183e+00 1.191245376000000000e+01 1.948749551999999994e+03 2.048019999999999982e+03
5.834999999999999964e+00 1.192356335999999928e+01 1.948656971999999996e+03 2.048019999999999982e+03
5.839999999999998970e+00 1.200281183999999968e+01 1.947996568000000025e+03 2.048019999999999982e+03
5.844999999999999751e+00 1.198577711999999984e+01 1.948138523999999961e+03 2.048019999999999982e+03
5.849999999999998757e+00 1.194615287999999964e+01 1.948468726000000061e+03 2.048019999999999982e+03
5.854999999999999538e+00 1.196874240000000000e+01 1.948280479999999898e+03 2.048019999999999982e+03
5.859999999999998543e+00 1.196318759999999948e+01 1.948326769999999897e+03 2.048019999999999982e+03
5.864999999999999325e+00 1.203095615999999879e+01 1.947762032000000090e+03 2.048019999999999982e+03
5.870000000000000107e+00 1.197466751999999879e+01 1.948231103999999959e+03 2.048019999999999982e+03
5.874999999999999112e+00 1.196318759999999948e+01 1.948326769999999897e+03 2.048019999999999982e+03
5.879999999999999893e+00 1.191800855999999875e+01 1.948703261999999995e+03 2.048019999999999982e+03
5.884999999999998899e+00 1.195207799999999843e+01 1.948419349999999895e+03 2.048019999999999982e+03
5.889999999999999680e+00 1.197466751999999879e+01 1.948231103999999959e+03 2.048019999999999982e+03
5.894999999999998685e+00 1.188986423999999964e+01 1.948937797999999930e+03 2.048019999999999982e+03
5.899999999999999467e+00 1.193504327999999859e+01 1.948561306000000059e+03 2.048019999999999982e+03
5.905000000000000249e+00 1.194615287999999964e+01 1.948468726000000061e+03 2.048019999999999982e+03
5.909999999999999254e+00 1.191245376000000000e+01 1.948749551999999994e+03 2.048019999999999982e+03
5.915000000000000036e+00 1.200836664000000020e+01 1.947950278000000026e+03 2.048019999999999982e+03
5.919999999999999041e+00 1.195207799999999843e+01 1.948419349999999895e+03 2.048019999999999982e+03
5.924999999999999822e+00 1.196874240000000000e+01 1.948280479999999898e+03 2.048019999999999982e+03
5.929999999999998828e+00 1.190689895999999948e+01 1.948795841999999993e+03 2.048019999999999982e+03
5.934999999999999609e+00 1.194059807999999911e+01 1.948515016000000060e+03 2.048019999999999982e+03
5.939999999999998614e+00 1.199725703999999915e+01 1.948042858000000024e+03 2.048019999999999982e+03
5.944999999999999396e+00 1.187838432000000033e+01 1.949033464000000095e+03 2.048019999999999982e+03
5.950000000000000178e+00 1.188986423999999964e+01 1.948937797999999930e+03 2.048019999999999982e+03
5.954999999999999183e+00 1.195763279999999895e+01 1.948373059999999896e+03 2.048019999999999982e+03
5.959999999999999964e+00 1.189541904000000017e+01 1.948891507999999931e+03 2.048019999999999982e+03
5.964999999999998970e+00 1.192356335999999928e+01 1.948656971999999996e+03 2.048019999999999982e+03
5.969999999999999751e+00 1.192356335999999928e+01 1.948656971999999996e+03 2.048019999999999982e+03
5.974999999999998757e+00 1.191800855999999875e+01 1.948703261999999995e+03 2.048019999999999982e+03
5.979999999999999538e+00 1.187838432000000033e+01 1.949033464000000095e+03 2.048019999999999982e+03
5.984999999999998543e+00 1.185579479999999997e+01 1.949221710000000030e+03 2.048019999999999982e+03
5.989999999999999325e+00 1.193504327999999859e+01 1.948561306000000059e+03 2.048019999999999982e+03
5.995000000000000107e+00 1.188430943999999911e+01 1.948984087999999929e+03 2.048019999999999982e+03
5.999999999999999112e+00 1.189541904000000017e+01 1.948891507999999931e+03 2.048019999999999982e+03
6.004999999999999893e+00 1.194059807999999911e+01 1.948515016000000060e+03 2.048019999999999982e+03
6.009999999999998899e+00 1.190097383999999892e+01 1.948845217999999932e+03 2.048019999999999982e+03
6.014999999999999680e+00 1.187282951999999980e+01 1.949079753999999866e+03 2.048019999999999982e+03
6.019999999999998685e+00 1.182209567999999855e+01 1.949502535999999964e+03 2.048019999999999982e+03
6.024999999999999467e+00 1.188986423999999964e+01 1.948937797999999930e+03 2.048019999999999982e+03
6.030000000000000249e+00 1.187838432000000033e+01 1.949033464000000095e+03 2.048019999999999982e+03
6.034999999999999254e+00 1.182765047999999908e+01 1.949456245999999965e+03 2.048019999999999982e+03
6.040000000000000036e+00 1.188430943999999911e+01 1.948984087999999929e+03 2.048019999999999982e+03
6.044999999999999041e+00 1.181617055999999799e+01 1.949551911999999902e+03 2.048019999999999982e+03
6.049999999999999822e+00 1.183876007999999835e+01 1.949363665999999967e+03 2.048019999999999982e+03
6.054999999999998828e+00 1.181617055999999799e+01 1.949551911999999902e+03 2.048019999999999982e+03
6.059999999999999609e+00 1.185579479999999997e+01 1.949221710000000030e+03 2.048019999999999982e+03
6.064999999999998614e+00 1.179950615999999997e+01 1.949690781999999899e+03 2.048019999999999982e+03
6.069999999999999396e+00 1.187838432000000033e+01 1.949033464000000095e+03 2.048019999999999982e+03
6.075000000000000178e+00 1.187838432000000033e+01 1.949033464000000095e+03 2.048019999999999982e+03
6.079999999999999183e+00 1.189541904000000017e+01 1.948891507999999931e+03 2.048019999999999982e+03
6.084999999999999964e+00 1.187838432000000033e+01 1.949033464000000095e+03 2.048019999999999982e+03
6.089999999999998970e+00 1.184468519999999891e+01 1.949314290000000028e+03 2.048019999999999982e+03
6.094999999999999751e+00 1.189541904000000017e+01 1.948891507999999931e+03 2.048019999999999982e+03
6.099999999999998757e+00 1.184468519999999891e+01 1.949314290000000028e+03 2.048019999999999982e+03
6.104999999999999538e+00 1.186134959999999872e+01 1.949175420000000031e+03 2.048019999999999982e+03
6.109999999999998543e+00 1.187282951999999980e+01 1.949079753999999866e+03 2.048019999999999982e+03
6.114999999999999325e+00 1.182765047999999908e+01 1.949456245999999965e+03 2.048019999999999982e+03
6.120000000000000107e+00 1.185579479999999997e+01 1.949221710000000030e+03 2.048019999999999982e+03
6.124999999999999112e+00 1.188986423999999964e+01 1.948937797999999930e+03 2.048019999999999982e+03
6.129999999999999893e+00 1.190689895999999948e+01 1.948795841999999993e+03 2.048019999999999982e+03
6.134999999999998899e+00 1.194615287999999964e+01 1.948468726000000061e+03 2.048019999999999982e+03
6.139999999999999680e+00 1.188430943999999911e+01 1.948984087999999929e+03 2.048019999999999982e+03
6.144999999999998685e+00 1.183876007999999835e+01 1.949363665999999967e+03 2.048019999999999982e+03
6.149999999999999467e+00 1.185023999999999944e+01 1.949268000000000029e+03 2.048019999999999982e+03
6.155000000000000249e+00 1.186134959999999872e+01 1.949175420000000031e+03 2.048019999999999982e+03
6.159999999999999254e+00 1.183876007999999835e+01 1.949363665999999967e+03 2.048019999999999982e+03
6.165000000000000036e+00 1.188986423999999964e+01 1.948937797999999930e+03 2.048019999999999982e+03
6.169999999999999041e+00 1.188430943999999911e+01 1.948984087999999929e+03 2.048019999999999982e+03
6.174999999999999822e+00 1.187282951999999980e+01 1.949079753999999866e+03 2.048019999999999982e+03
6.179999999999998828e+00 1.183876007999999835e+01 1.949363665999999967e+03 2.048019999999999982e+03
6.184999999999999609e+00 1.181061575999999924e+01 1.949598201999999901e+03 2.048019999999999982e+03
6.189999999999998614e+00 1.185579479999999997e+01 1.949221710000000030e+03 2.048019999999999982e+03
6.194999999999999396e+00 1.186134959999999872e+01 1.949175420000000031e+03 2.048019999999999982e+03
6.200000000000000178e+00 1.187838432000000033e+01 1.949033464000000095e+03 2.048019999999999982e+03
6.204999999999999183e+00 1.186134959999999872e+01 1.949175420000000031e+03 2.048019999999999982e+03
6.209999999999999964e+00 1.186727471999999928e+01 1.949126044000000093e+03 2.048019999999999982e+03
6.214999999999998970e+00 1.186727471999999928e+01 1.949126044000000093e+03 2.048019999999999982e+03
6.219999999999999751e+00 1.186134959999999872e+01 1.949175420000000031e+03 2.048019999999999982e+03
6.224999999999998757e+00 1.189541904000000017e+01 1.948891507999999931e+03 2.048019999999999982e+03
6.229999999999999538e+00 1.181617055999999799e+01 1.949551911999999902e+03 2.048019999999999982e+03
6.234999999999998543e+00 1.187282951999999980e+01 1.949079753999999866e+03 2.048019999999999982e+03
6.239999999999999325e+00 1.190689895999999948e+01 1.948795841999999993e+03 2.048019999999999982e+03
6.245000000000000107e+00 1.185579479999999997e+01 1.949221710000000030e+03 2.048019999999999982e+03
6.249999999999999112e+00 1.190689895999999948e+01 1.948795841999999993e+03 2.048019999999999982e+03
6.254999999999999893e+00 1.185579479999999997e+01 1.949221710000000030e+03 2.048019999999999982e+03
6.259999999999998899e+00 1.182765047999999908e+01 1.949456245999999965e+03 2.048019999999999982e+03
6.264999999999999680e+00 1.191800855999999875e+01 1.948703261999999995e+03 2.048019999999999982e+03
6.269999999999998685e+00 1.183320527999999960e+01 1.949409955999999966e+03 2.048019999999999982e+03
6.274999999999999467e+00 1.188986423999999964e+01 1.948937797999999930e+03 2.048019999999999982e+03
6.280000000000000249e+00 1.185023999999999944e+01 1.949268000000000029e+03 2.048019999999999982e+03
6.284999999999999254e+00 1.185023999999999944e+01 1.949268000000000029e+03 2.048019999999999982e+03
6.290000000000000036e+00 1.190097383999999892e+01 1.948845217999999932e+03 2.048019999999999982e+03
6.294999999999999041e+00 1.187282951999999980e+01 1.949079753999999866e+03 2.048019999999999982e+03
6.299999999999999822e+00 1.187838432000000033e+01 1.949033464000000095e+03 2.048019999999999982e+03
6.304999999999998828e+00 1.187838432000000033e+01 1.949033464000000095e+03 2.048019999999999982e+03
6.309999999999999609e+00 1.179950615999999997e+01 1.949690781999999899e+03 2.048019999999999982e+03
6.314999999999998614e+00 1.188430943999999911e+01 1.948984087999999929e+03 2.048019999999999982e+03
6.319999999999999396e+00 1.185579479999999997e+01 1.949221710000000030e+03 2.048019999999999982e+03
6.325000000000000178e+00 1.185023999999999944e+01 1.949268000000000029e+03 2.048019999999999982e+03
6.329999999999999183e+00 1.186727471999999928e+01 1.949126044000000093e+03 2.048019999999999982e+03
6.334999999999999964e+00 1.179950615999999997e+01 1.949690781999999899e+03 2.048019999999999982e+03
6.339999999999998970e+00 1.182765047999999908e+01 1.949456245999999965e+03 2.048019999999999982e+03
6.344999999999999751e+00 1.185023999999999944e+01 1.949268000000000029e+03 2.048019999999999982e+03
6.349999999999998757e+00 1.187838432000000033e+01 1.949033464000000095e+03 2.048019999999999982e+03
6.354999999999999538e+00 1.178802623999999888e+01 1.949786448000000064e+03 2.048019999999999982e+03
6.359999999999998543e+00 1.179358103999999763e+01 1.949740158000000065e+03 2.048019999999999982e+03
6.364999999999999325e+00 1.186134959999999872e+01 1.949175420000000031e+03 2.048019999999999982e+03
6.370000000000000107e+00 1.181617055999999799e+01 1.949551911999999902e+03 2.048019999999999982e+03
6.374999999999999112e+00 1.191800855999999875e+01 1.948703261999999995e+03 2.048019999999999982e+03
6.379999999999999893e+00 1.191245376000000000e+01 1.948749551999999994e+03 2.048019999999999982e+03
6.384999999999998899e+00 1.182209567999999855e+01 1.949502535999999964e+03 2.048019999999999982e+03
6.389999999999999680e+00 1.192948847999999806e+01 1.948607596000000058e+03 2.048019999999999982e+03
6.394999999999998685e+00 1.184468519999999891e+01 1.949314290000000028e+03 2.048019999999999982e+03
6.399999999999999467e+00 1.188430943999999911e+01 1.948984087999999929e+03 2.048019999999999982e+03
6.405000000000000249e+00 1.186134959999999872e+01 1.949175420000000031e+03 2.048019999999999982e+03
6.409999999999999254e+00 1.182209567999999855e+01 1.949502535999999964e+03 2.048019999999999982e+03
6.415000000000000036e+00 1.182209567999999855e+01 1.949502535999999964e+03 2.048019999999999982e+03
6.419999999999999041e+00 1.181061575999999924e+01 1.949598201999999901e+03 2.048019999999999982e+03
6.424999999999999822e+00 1.182209567999999855e+01 1.949502535999999964e+03 2.048019999999999982e+03
6.429999999999998828e+00 1.180506095999999872e+01 1.949644491999999900e+03 2.048019999999999982e+03
6.434999999999999609e+00 1.180506095999999872e+01 1.949644491999999900e+03 2.048019999999999982e+03
6.439999999999998614e+00 1.187838432000000033e+01 1.949033464000000095e+03 2.048019999999999982e+03
6.444999999999999396e+00 1.183876007999999835e+01 1.949363665999999967e+03 2.048019999999999982e+03
6.450000000000000178e+00 1.185023999999999944e+01 1.949268000000000029e+03 2.048019999999999982e+03
6.454999999999999183e+00 1.183876007999999835e+01 1.949363665999999967e+03 2.048019999999999982e+03
6.459999999999999964e+00 1.185023999999999944e+01 1.949268000000000029e+03 2.048019999999999982e+03
6.464999999999998970e+00 1.183320527999999960e+01 1.949409955999999966e+03 2.048019999999999982e+03
6.469999999999999751e+00 1.187838432000000033e+01 1.949033464000000095e+03 2.048019999999999982e+03
6.474999999999998757e+00 1.182765047999999908e+01 1.949456245999999965e+03 2.048019999999999982e+03
6.479999999999999538e+00 1.182209567999999855e+01 1.949502535999999964e+03 2.048019999999999982e+03
6.484999999999998543e+00 1.177099151999999904e+01 1.949928404000000000e+03 2.048019999999999982e+03
6.489999999999999325e+00 1.187282951999999980e+01 1.949079753999999866e+03 2.048019999999999982e+03
6.495000000000000107e+00 1.182765047999999908e+01 1.949456245999999965e+03 2.048019999999999982e+03
6.499999999999999112e+00 1.180506095999999872e+01 1.949644491999999900e+03 2.048019999999999982e+03
6.504999999999999893e+00 1.175432711999999924e+01 1.950067273999999998e+03 2.048019999999999982e+03
6.509999999999998899e+00 1.174840199999999868e+01 1.950116649999999936e+03 2.048019999999999982e+03
6.514999999999999680e+00 1.179358103999999763e+01 1.949740158000000065e+03 2.048019999999999982e+03
6.519999999999998685e+00 1.179358103999999763e+01 1.949740158000000065e+03 2.048019999999999982e+03
6.524999999999999467e+00 1.177099151999999904e+01 1.949928404000000000e+03 2.048019999999999982e+03
6.530000000000000249e+00 1.181617055999999799e+01 1.949551911999999902e+03 2.048019999999999982e+03
6.534999999999999254e+00 1.174840199999999868e+01 1.950116649999999936e+03 2.048019999999999982e+03
6.540000000000000036e+00 1.178247144000000013e+01 1.949832738000000063e+03 2.048019999999999982e+03
6.544999999999999041e+00 1.179950615999999997e+01 1.949690781999999899e+03 2.048019999999999982e+03
6.549999999999999822e+00 1.178802623999999888e+01 1.949786448000000064e+03 2.048019999999999982e+03
6.554999999999998828e+00 1.178247144000000013e+01 1.949832738000000063e+03 2.048019999999999982e+03
6.559999999999999609e+00 1.181061575999999924e+01 1.949598201999999901e+03 2.048019999999999982e+03
6.564999999999998614e+00 1.181061575999999924e+01 1.949598201999999901e+03 2.048019999999999982e+03
6.569999999999999396e+00 1.183876007999999835e+01 1.949363665999999967e+03 2.048019999999999982e+03
6.575000000000000178e+00 1.182209567999999855e+01 1.949502535999999964e+03 2.048019999999999982e+03
6.579999999999999183e+00 1.170877775999999848e+01 1.950446852000000035e+03 2.048019999999999982e+03
6.584999999999999964e+00 1.178247144000000013e+01 1.949832738000000063e+03 2.048019999999999982e+03
6.589999999999998970e+00 1.178802623999999888e+01 1.949786448000000064e+03 2.048019999999999982e+03
6.594999999999999751e+00 1.178247144000000013e+01 1.949832738000000063e+03 2.048019999999999982e+03
6.599999999999998757e+00 1.176543671999999852e+01 1.949974694000000000e+03 2.048019999999999982e+03
6.604999999999999538e+00 1.174840199999999868e+01 1.950116649999999936e+03 2.048019999999999982e+03
6.609999999999998543e+00 1.175432711999999924e+01 1.950067273999999998e+03 2.048019999999999982e+03
6.614999999999999325e+00 1.172025767999999779e+01 1.950351186000000098e+03 2.048019999999999982e+03
6.620000000000000107e+00 1.182765047999999908e+01 1.949456245999999965e+03 2.048019999999999982e+03
6.624999999999999112e+00 1.174840199999999868e+01 1.950116649999999936e+03 2.048019999999999982e+03
6.629999999999999893e+00 1.177099151999999904e+01 1.949928404000000000e+03 2.048019999999999982e+03
6.634999999999998899e+00 1.179358103999999763e+01 1.949740158000000065e+03 2.048019999999999982e+03
6.639999999999999680e+00 1.177691663999999960e+01 1.949879028000000062e+03 2.048019999999999982e+03
6.644999999999998685e+00 1.177691663999999960e+01 1.949879028000000062e+03 2.048019999999999982e+03
6.649999999999999467e+00 1.178802623999999888e+01 1.949786448000000064e+03 2.048019999999999982e+03
6.655000000000000249e+00 1.175432711999999924e+01 1.950067273999999998e+03 2.048019999999999982e+03
6.659999999999999254e+00 1.168618823999999812e+01 1.950635097999999971e+03 2.048019999999999982e+03
6.665000000000000036e+00 1.174840199999999868e+01 1.950116649999999936e+03 2.048019999999999982e+03
6.669999999999999041e+00 1.173173759999999888e+01 1.950255519999999933e+03 2.048019999999999982e+03
6.674999999999999822e+00 1.179358103999999763e+01 1.949740158000000065e+03 2.048019999999999982e+03
6.679999999999998828e+00 1.170877775999999848e+01 1.950446852000000035e+03 2.048019999999999982e+03
6.684999999999999609e+00 1.177099151999999904e+01 1.949928404000000000e+03 2.048019999999999982e+03
6.689999999999998614e+00 1.172025767999999779e+01 1.950351186000000098e+03 2.048019999999999982e+03
6.694999999999999396e+00 1.177691663999999960e+01 1.949879028000000062e+03 2.048019999999999982e+03
6.700000000000000178e+00 1.177099151999999904e+01 1.949928404000000000e+03 2.048019999999999982e+03
6.704999999999999183e+00 1.172581247999999832e+01 1.950304896000000099e+03 2.048019999999999982e+03
6.709999999999999964e+00 1.176543671999999852e+01 1.949974694000000000e+03 2.048019999999999982e+03
6.714999999999998970e+00 1.173729239999999940e+01 1.950209229999999934e+03 2.048019999999999982e+03
6.719999999999999751e+00 1.176543671999999852e+01 1.949974694000000000e+03 2.048019999999999982e+03
6.724999999999998757e+00 1.172025767999999779e+01 1.950351186000000098e+03 2.048019999999999982e+03
6.729999999999999538e+00 1.172581247999999832e+01 1.950304896000000099e+03 2.048019999999999982e+03
6.734999999999998543e+00 1.177099151999999904e+01 1.949928404000000000e+03 2.048019999999999982e+03
6.739999999999999325e+00 1.179950615999999997e+01 1.949690781999999899e+03 2.048019999999999982e+03
6.745000000000000107e+00 1.172581247999999832e+01 1.950304896000000099e+03 2.048019999999999982e+03
6.749999999999999112e+00 1.183320527999999960e+01 1.949409955999999966e+03 2.048019999999999982e+03
6.754999999999999893e+00 1.182765047999999908e+01 1.949456245999999965e+03 2.048019999999999982e+03
6.759999999999998899e+00 1.173729239999999940e+01 1.950209229999999934e+03 2.048019999999999982e+03
6.764999999999999680e+00 1.174840199999999868e+01 1.950116649999999936e+03 2.048019999999999982e+03
6.769999999999998685e+00 1.174284719999999815e+01 1.950162939999999935e+03 2.048019999999999982e+03
6.774999999999999467e+00 1.175432711999999924e+01 1.950067273999999998e+03 2.048019999999999982e+03
6.780000000000000249e+00 1.175988191999999977e+01 1.950020983999999999e+03 2.048019999999999982e+03
6.784999999999999254e+00 1.179358103999999763e+01 1.949740158000000065e+03 2.048019999999999982e+03
6.790000000000000036e+00 1.174284719999999815e+01 1.950162939999999935e+03 2.048019999999999982e+03
6.794999999999999041e+00 1.170877775999999848e+01 1.950446852000000035e+03 2.048019999999999982e+03
6.799999999999999822e+00 1.175988191999999977e+01 1.950020983999999999e+03 2.048019999999999982e+03
6.804999999999998828e+00 1.168063343999999759e+01 1.950681387999999970e+03 2.048019999999999982e+03
6.809999999999999609e+00 1.170877775999999848e+01 1.950446852000000035e+03 2.048019999999999982e+03
6.814999999999998614e+00 1.175988191999999977e+01 1.950020983999999999e+03 2.048019999999999982e+03
6.819999999999999396e+00 1.179950615999999997e+01 1.949690781999999899e+03 2.048019999999999982e+03
6.825000000000000178e+00 1.178802623999999888e+01 1.949786448000000064e+03 2.048019999999999982e+03
6.829999999999999183e+00 1.174840199999999868e+01 1.950116649999999936e+03 2.048019999999999982e+03
6.834999999999999964e+00 1.174840199999999868e+01 1.950116649999999936e+03 2.048019999999999982e+03
6.839999999999998970e+00 1.171470287999999904e+01 1.950397476000000097e+03 2.048019999999999982e+03
6.844999999999999751e+00 1.166952384000000009e+01 1.950773967999999968e+03 2.048019999999999982e+03
6.849999999999998757e+00 1.177099151999999904e+01 1.949928404000000000e+03 2.048019999999999982e+03
6.854999999999999538e+00 1.168063343999999759e+01 1.950681387999999970e+03 2.048019999999999982e+03
6.859999999999998543e+00 1.168063343999999759e+01 1.950681387999999970e+03 2.048019999999999982e+03
6.864999999999999325e+00 1.174284719999999815e+01 1.950162939999999935e+03 2.048019999999999982e+03
6.870000000000000107e+00 1.165804391999999901e+01 1.950869633999999905e+03 2.048019999999999982e+03
6.874999999999999112e+00 1.167507863999999884e+01 1.950727677999999969e+03 2.048019999999999982e+03
6.879999999999999893e+00 1.166952384000000009e+01 1.950773967999999968e+03 2.048019999999999982e+03
6.884999999999998899e+00 1.169766815999999743e+01 1.950539432000000033e+03 2.048019999999999982e+03
6.889999999999999680e+00 1.167507863999999884e+01 1.950727677999999969e+03 2.048019999999999982e+03
6.894999999999998685e+00 1.168063343999999759e+01 1.950681387999999970e+03 2.048019999999999982e+03
6.899999999999999467e+00 1.173173759999999888e+01 1.950255519999999933e+03 2.048019999999999982e+03
6.905000000000000249e+00 1.172581247999999832e+01 1.950304896000000099e+03 2.048019999999999982e+03
6.909999999999999254e+00 1.168063343999999759e+01 1.950681387999999970e+03 2.048019999999999982e+03
6.915000000000000036e+00 1.167507863999999884e+01 1.950727677999999969e+03 2.048019999999999982e+03
6.919999999999999041e+00 1.165804391999999901e+01 1.950869633999999905e+03 2.048019999999999982e+03
6.924999999999999822e+00 1.165248911999999848e+01 1.950915923999999904e+03 2.048019999999999982e+03
6.929999999999998828e+00 1.166952384000000009e+01 1.950773967999999968e+03 2.048019999999999982e+03
6.934999999999999609e+00 1.166359871999999775e+01 1.950823343999999906e+03 2.048019999999999982e+03
6.939999999999998614e+00 1.168618823999999812e+01 1.950635097999999971e+03 2.048019999999999982e+03
6.944999999999999396e+00 1.168618823999999812e+01 1.950635097999999971e+03 2.048019999999999982e+03
6.950000000000000178e+00 1.162989959999999812e+01 1.951104170000000067e+03 2.048019999999999982e+03
6.954999999999999183e+00 1.161286487999999828e+01 1.951246126000000004e+03 2.048019999999999982e+03
6.959999999999999964e+00 1.165804391999999901e+01 1.950869633999999905e+03 2.048019999999999982e+03
6.964999999999998970e+00 1.167507863999999884e+01 1.950727677999999969e+03 2.048019999999999982e+03
6.969999999999999751e+00 1.164693431999999973e+01 1.950962213999999904e+03 2.048019999999999982e+03
6.974999999999998757e+00 1.164693431999999973e+01 1.950962213999999904e+03 2.048019999999999982e+03
6.979999999999999538e+00 1.166359871999999775e+01 1.950823343999999906e+03 2.048019999999999982e+03
6.984999999999998543e+00 1.172025767999999779e+01 1.950351186000000098e+03 2.048019999999999982e+03
6.989999999999999325e+00 1.165804391999999901e+01 1.950869633999999905e+03 2.048019999999999982e+03
6.995000000000000107e+00 1.160175528000000078e+01 1.951338706000000002e+03 2.048019999999999982e+03
6.999999999999999112e+00 1.170322295999999795e+01 1.950493142000000034e+03 2.048019999999999982e+03
7.004999999999999893e+00 1.165248911999999848e+01 1.950915923999999904e+03 2.048019999999999982e+03
7.009999999999998899e+00 1.169766815999999743e+01 1.950539432000000033e+03 2.048019999999999982e+03
7.014999999999999680e+00 1.168618823999999812e+01 1.950635097999999971e+03 2.048019999999999982e+03
7.019999999999998685e+00 1.166952384000000009e+01 1.950773967999999968e+03 2.048019999999999982e+03
7.024999999999999467e+00 1.163545439999999864e+01 1.951057880000000068e+03 2.048019999999999982e+03
7.030000000000000249e+00 1.161286487999999828e+01 1.951246126000000004e+03 2.048019999999999982e+03
7.034999999999999254e+00 1.161841967999999881e+01 1.951199836000000005e+03 2.048019999999999982e+03
7.040000000000000036e+00 1.164693431999999973e+01 1.950962213999999904e+03 2.048019999999999982e+03
7.044999999999999041e+00 1.164100919999999917e+01 1.951011590000000069e+03 2.048019999999999982e+03
7.049999999999999822e+00 1.157324063999999808e+01 1.951576328000000103e+03 2.048019999999999982e+03
7.054999999999998828e+00 1.160175528000000078e+01 1.951338706000000002e+03 2.048019999999999982e+03
7.059999999999999609e+00 1.163545439999999864e+01 1.951057880000000068e+03 2.048019999999999982e+03
7.064999999999998614e+00 1.163545439999999864e+01 1.951057880000000068e+03 2.048019999999999982e+03
7.069999999999999396e+00 1.163545439999999864e+01 1.951057880000000068e+03 2.048019999999999982e+03
7.075000000000000178e+00 1.161286487999999828e+01 1.951246126000000004e+03 2.048019999999999982e+03
7.079999999999999183e+00 1.159027535999999792e+01 1.951434371999999939e+03 2.048019999999999982e+03
7.084999999999999964e+00 1.159027535999999792e+01 1.951434371999999939e+03 2.048019999999999982e+03
7.089999999999998970e+00 1.165804391999999901e+01 1.950869633999999905e+03 2.048019999999999982e+03
7.094999999999999751e+00 1.164693431999999973e+01 1.950962213999999904e+03 2.048019999999999982e+03
7.099999999999998757e+00 1.165804391999999901e+01 1.950869633999999905e+03 2.048019999999999982e+03
7.104999999999999538e+00 1.165804391999999901e+01 1.950869633999999905e+03 2.048019999999999982e+03
7.109999999999998543e+00 1.165248911999999848e+01 1.950915923999999904e+03 2.048019999999999982e+03
7.114999999999999325e+00 1.164100919999999917e+01 1.951011590000000069e+03 2.048019999999999982e+03
7.120000000000000107e+00 1.164100919999999917e+01 1.951011590000000069e+03 2.048019999999999982e+03
7.124999999999999112e+00 1.165248911999999848e+01 1.950915923999999904e+03 2.048019999999999982e+03
7.129999999999999893e+00 1.161286487999999828e+01 1.951246126000000004e+03 2.048019999999999982e+03
7.134999999999998899e+00 1.162434479999999937e+01 1.951150460000000066e+03 2.048019999999999982e+03
7.139999999999999680e+00 1.167507863999999884e+01 1.950727677999999969e+03 2.048019999999999982e+03
7.144999999999998685e+00 1.166952384000000009e+01 1.950773967999999968e+03 2.048019999999999982e+03
7.149999999999999467e+00 1.163545439999999864e+01 1.951057880000000068e+03 2.048019999999999982e+03
7.155000000000000249e+00 1.157324063999999808e+01 1.951576328000000103e+03 2.048019999999999982e+03
7.159999999999999254e+00 1.159027535999999792e+01 1.951434371999999939e+03 2.048019999999999982e+03
7.165000000000000036e+00 1.155620591999999647e+01 1.951718284000000040e+03 2.048019999999999982e+03
7.169999999999999041e+00 1.168063343999999759e+01 1.950681387999999970e+03 2.048019999999999982e+03
7.174999999999999822e+00 1.154509631999999897e+01 1.951810864000000038e+03 2.048019999999999982e+03
7.179999999999998828e+00 1.151102687999999752e+01 1.952094775999999911e+03 2.048019999999999982e+03
7.184999999999999609e+00 1.161841967999999881e+01 1.951199836000000005e+03 2.048019999999999982e+03
7.189999999999998614e+00 1.166952384000000009e+01 1.950773967999999968e+03 2.048019999999999982e+03
7.194999999999999396e+00 1.162989959999999812e+01 1.951104170000000067e+03 2.048019999999999982e+03
7.200000000000000178e+00 1.157879543999999683e+01 1.951530038000000104e+03 2.048019999999999982e+03
7.204999999999999183e+00 1.156213104000000058e+01 1.951668907999999874e+03 2.048019999999999982e+03
7.209999999999999964e+00 1.162989959999999812e+01 1.951104170000000067e+03 2.048019999999999982e+03
7.214999999999998970e+00 1.158472055999999917e+01 1.951480661999999938e+03 2.048019999999999982e+03
7.219999999999999751e+00 1.157324063999999808e+01 1.951576328000000103e+03 2.048019999999999982e+03
7.224999999999998757e+00 1.161286487999999828e+01 1.951246126000000004e+03 2.048019999999999982e+03
7.229999999999999538e+00 1.153361639999999788e+01 1.951906529999999975e+03 2.048019999999999982e+03
7.234999999999998543e+00 1.158472055999999917e+01 1.951480661999999938e+03 2.048019999999999982e+03
7.239999999999999325e+00 1.158472055999999917e+01 1.951480661999999938e+03 2.048019999999999982e+03
7.245000000000000107e+00 1.152806159999999913e+01 1.951952819999999974e+03 2.048019999999999982e+03
7.249999999999999112e+00 1.161841967999999881e+01 1.951199836000000005e+03 2.048019999999999982e+03
7.254999999999999893e+00 1.159583015999999844e+01 1.951388081999999940e+03 2.048019999999999982e+03
7.259999999999998899e+00 1.157879543999999683e+01 1.951530038000000104e+03 2.048019999999999982e+03
7.264999999999999680e+00 1.155620591999999647e+01 1.951718284000000040e+03 2.048019999999999982e+03
7.269999999999998685e+00 1.154509631999999897e+01 1.951810864000000038e+03 2.048019999999999982e+03
7.274999999999999467e+00 1.154509631999999897e+01 1.951810864000000038e+03 2.048019999999999982e+03
7.280000000000000249e+00 1.159027535999999792e+01 1.951434371999999939e+03 2.048019999999999982e+03
7.284999999999999254e+00 1.162434479999999937e+01 1.951150460000000066e+03 2.048019999999999982e+03
7.290000000000000036e+00 1.160175528000000078e+01 1.951338706000000002e+03 2.048019999999999982e+03
7.294999999999999041e+00 1.154509631999999897e+01 1.951810864000000038e+03 2.048019999999999982e+03
7.299999999999999822e+00 1.164100919999999917e+01 1.951011590000000069e+03 2.048019999999999982e+03
7.304999999999998828e+00 1.152806159999999913e+01 1.951952819999999974e+03 2.048019999999999982e+03
7.309999999999999609e+00 1.159027535999999792e+01 1.951434371999999939e+03 2.048019999999999982e+03
7.314999999999998614e+00 1.151695199999999986e+01 1.952045399999999972e+03 2.048019999999999982e+03
7.319999999999999396e+00 1.155620591999999647e+01 1.951718284000000040e+03 2.048019999999999982e+03
7.325000000000000178e+00 1.159027535999999792e+01 1.951434371999999939e+03 2.048019999999999982e+03
7.329999999999999183e+00 1.156213104000000058e+01 1.951668907999999874e+03 2.048019999999999982e+03
7.334999999999999964e+00 1.162989959999999812e+01 1.951104170000000067e+03 2.048019999999999982e+03
7.339999999999998970e+00 1.154509631999999897e+01 1.951810864000000038e+03 2.048019999999999982e+03
7.344999999999999751e+00 1.150547207999999877e+01 1.952141065999999910e+03 2.048019999999999982e+03
7.349999999999998757e+00 1.157879543999999683e+01 1.951530038000000104e+03 2.048019999999999982e+03
7.354999999999999538e+00 1.156213104000000058e+01 1.951668907999999874e+03 2.048019999999999982e+03
7.359999999999998543e+00 1.154509631999999897e+01 1.951810864000000038e+03 2.048019999999999982e+03
7.364999999999999325e+00 1.155620591999999647e+01 1.951718284000000040e+03 2.048019999999999982e+03
7.370000000000000107e+00 1.153361639999999788e+01 1.951906529999999975e+03 2.048019999999999982e+03
7.374999999999999112e+00 1.162434479999999937e+01 1.951150460000000066e+03 2.048019999999999982e+03
7.379999999999999893e+00 1.155620591999999647e+01 1.951718284000000040e+03 2.048019999999999982e+03
7.384999999999998899e+00 1.151695199999999986e+01 1.952045399999999972e+03 2.048019999999999982e+03
7.389999999999999680e+00 1.151102687999999752e+01 1.952094775999999911e+03 2.048019999999999982e+03
7.394999999999998685e+00 1.156768583999999755e+01 1.951622618000000102e+03 2.048019999999999982e+03
7.399999999999999467e+00 1.156213104000000058e+01 1.951668907999999874e+03 2.048019999999999982e+03
7.405000000000000249e+00 1.153954152000000022e+01 1.951857154000000037e+03 2.048019999999999982e+03
7.409999999999999254e+00 1.150547207999999877e+01 1.952141065999999910e+03 2.048019999999999982e+03
7.415000000000000036e+00 1.152250679999999861e+01 1.951999109999999973e+03 2.048019999999999982e+03
7.419999999999999041e+00 1.149991728000000002e+01 1.952187355999999909e+03 2.048019999999999982e+03
7.424999999999999822e+00 1.149991728000000002e+01 1.952187355999999909e+03 2.048019999999999982e+03
7.429999999999998828e+00 1.153361639999999788e+01 1.951906529999999975e+03 2.048019999999999982e+03
7.434999999999999609e+00 1.152250679999999861e+01 1.951999109999999973e+03 2.048019999999999982e+03
7.439999999999998614e+00 1.153954152000000022e+01 1.951857154000000037e+03 2.048019999999999982e+03
7.444999999999999396e+00 1.152250679999999861e+01 1.951999109999999973e+03 2.048019999999999982e+03
7.450000000000000178e+00 1.155620591999999647e+01 1.951718284000000040e+03 2.048019999999999982e+03
7.454999999999999183e+00 1.155065111999999772e+01 1.951764574000000039e+03 2.048019999999999982e+03
7.459999999999999964e+00 1.151695199999999986e+01 1.952045399999999972e+03 2.048019999999999982e+03
7.464999999999998970e+00 1.152250679999999861e+01 1.951999109999999973e+03 2.048019999999999982e+03
7.469999999999999751e+00 1.153361639999999788e+01 1.951906529999999975e+03 2.048019999999999982e+03
7.474999999999998757e+00 1.151102687999999752e+01 1.952094775999999911e+03 2.048019999999999982e+03
7.479999999999999538e+00 1.147177295999999913e+01 1.952421892000000071e+03 2.048019999999999982e+03
7.484999999999998543e+00 1.149991728000000002e+01 1.952187355999999909e+03 2.048019999999999982e+03
7.489999999999999325e+00 1.151695199999999986e+01 1.952045399999999972e+03 2.048019999999999982e+03
7.495000000000000107e+00 1.156213104000000058e+01 1.951668907999999874e+03 2.048019999999999982e+03
7.499999999999999112e+00 1.149436247999999949e+01 1.952233645999999908e+03 2.048019999999999982e+03
7.504999999999999893e+00 1.148843735999999716e+01 1.952283022000000074e+03 2.048019999999999982e+03
7.509999999999998899e+00 1.147732775999999966e+01 1.952375602000000072e+03 2.048019999999999982e+03
7.514999999999999680e+00 1.152806159999999913e+01 1.951952819999999974e+03 2.048019999999999982e+03
7.519999999999998685e+00 1.152250679999999861e+01 1.951999109999999973e+03 2.048019999999999982e+03
7.524999999999999467e+00 1.155620591999999647e+01 1.951718284000000040e+03 2.048019999999999982e+03
7.530000000000000249e+00 1.157324063999999808e+01 1.951576328000000103e+03 2.048019999999999982e+03
7.534999999999999254e+00 1.149991728000000002e+01 1.952187355999999909e+03 2.048019999999999982e+03
7.540000000000000036e+00 1.152806159999999913e+01 1.951952819999999974e+03 2.048019999999999982e+03
7.544999999999999041e+00 1.153361639999999788e+01 1.951906529999999975e+03 2.048019999999999982e+03
7.549999999999999822e+00 1.152250679999999861e+01 1.951999109999999973e+03 2.048019999999999982e+03
7.554999999999998828e+00 1.149991728000000002e+01 1.952187355999999909e+03 2.048019999999999982e+03
7.559999999999999609e+00 1.146029303999999804e+01 1.952517558000000008e+03 2.048019999999999982e+03
7.564999999999998614e+00 1.148843735999999716e+01 1.952283022000000074e+03 2.048019999999999982e+03
7.569999999999999396e+00 1.148843735999999716e+01 1.952283022000000074e+03 2.048019999999999982e+03
7.575000000000000178e+00 1.155065111999999772e+01 1.951764574000000039e+03 2.048019999999999982e+03
7.579999999999999183e+00 1.152250679999999861e+01 1.951999109999999973e+03 2.048019999999999982e+03
7.584999999999999964e+00 1.147732775999999966e+01 1.952375602000000072e+03 2.048019999999999982e+03
7.589999999999998970e+00 1.149436247999999949e+01 1.952233645999999908e+03 2.048019999999999982e+03
7.594999999999999751e+00 1.146584783999999679e+01 1.952471268000000009e+03 2.048019999999999982e+03
7.599999999999998757e+00 1.148843735999999716e+01 1.952283022000000074e+03 2.048019999999999982e+03
7.604999999999999538e+00 1.153361639999999788e+01 1.951906529999999975e+03 2.048019999999999982e+03
7.609999999999998543e+00 1.157324063999999808e+01 1.951576328000000103e+03 2.048019999999999982e+03
7.614999999999999325e+00 1.153361639999999788e+01 1.951906529999999975e+03 2.048019999999999982e+03
7.620000000000000107e+00 1.147177295999999913e+01 1.952421892000000071e+03 2.048019999999999982e+03
7.624999999999999112e+00 1.161841967999999881e+01 1.951199836000000005e+03 2.048019999999999982e+03
7.629999999999999893e+00 1.152250679999999861e+01 1.951999109999999973e+03 2.048019999999999982e+03
7.634999999999998899e+00 1.154509631999999897e+01 1.951810864000000038e+03 2.048019999999999982e+03
7.639999999999999680e+00 1.153361639999999788e+01 1.951906529999999975e+03 2.048019999999999982e+03
7.644999999999998685e+00 1.157879543999999683e+01 1.951530038000000104e+03 2.048019999999999982e+03
7.649999999999999467e+00 1.155620591999999647e+01 1.951718284000000040e+03 2.048019999999999982e+03
7.655000000000000249e+00 1.151695199999999986e+01 1.952045399999999972e+03 2.048019999999999982e+03
7.659999999999999254e+00 1.151695199999999986e+01 1.952045399999999972e+03 2.048019999999999982e+03
7.665000000000000036e+00 1.150547207999999877e+01 1.952141065999999910e+03 2.048019999999999982e+03
7.669999999999999041e+00 1.148843735999999716e+01 1.952283022000000074e+03 2.048019999999999982e+03
7.674999999999999822e+00 1.152250679999999861e+01 1.951999109999999973e+03 2.048019999999999982e+03
7.679999999999998828e+00 1.155620591999999647e+01 1.951718284000000040e+03 2.048019999999999982e+03
7.684999999999999609e+00 1.149991728000000002e+01 1.952187355999999909e+03 2.048019999999999982e+03
7.689999999999998614e+00 1.157324063999999808e+01 1.951576328000000103e+03 2.048019999999999982e+03
7.694999999999999396e+00 1.155620591999999647e+01 1.951718284000000040e+03 2.048019999999999982e+03
7.700000000000000178e+00 1.156213104000000058e+01 1.951668907999999874e+03 2.048019999999999982e+03
7.704999999999999183e+00 1.157324063999999808e+01 1.951576328000000103e+03 2.048019999999999982e+03
7.709999999999999964e+00 1.153361639999999788e+01 1.951906529999999975e+03 2.048019999999999982e+03
7.714999999999998970e+00 1.150547207999999877e+01 1.952141065999999910e+03 2.048019999999999982e+03
7.719999999999999751e+00 1.151695199999999986e+01 1.952045399999999972e+03 2.048019999999999982e+03
7.724999999999998757e+00 1.154509631999999897e+01 1.951810864000000038e+03 2.048019999999999982e+03
7.729999999999999538e+00 1.154509631999999897e+01 1.951810864000000038e+03 2.048019999999999982e+03
7.734999999999998543e+00 1.148288255999999841e+01 1.952329312000000073e+03 2.048019999999999982e+03
7.739999999999999325e+00 1.146029303999999804e+01 1.952517558000000008e+03 2.048019999999999982e+03
7.745000000000000107e+00 1.144918344000000054e+01 1.952610138000000006e+03 2.048019999999999982e+03
7.749999999999999112e+00 1.149436247999999949e+01 1.952233645999999908e+03 2.048019999999999982e+03
7.754999999999999893e+00 1.148843735999999716e+01 1.952283022000000074e+03 2.048019999999999982e+03
7.759999999999998899e+00 1.152806159999999913e+01 1.951952819999999974e+03 2.048019999999999982e+03
7.764999999999999680e+00 1.156213104000000058e+01 1.951668907999999874e+03 2.048019999999999982e+03
7.769999999999998685e+00 1.143214872000000071e+01 1.952752093999999943e+03 2.048019999999999982e+03
7.774999999999999467e+00 1.154509631999999897e+01 1.951810864000000038e+03 2.048019999999999982e+03
7.780000000000000249e+00 1.150547207999999877e+01 1.952141065999999910e+03 2.048019999999999982e+03
7.784999999999999254e+00 1.150547207999999877e+01 1.952141065999999910e+03 2.048019999999999982e+03
7.790000000000000036e+00 1.148288255999999841e+01 1.952329312000000073e+03 2.048019999999999982e+03
7.794999999999999041e+00 1.149991728000000002e+01 1.952187355999999909e+03 2.048019999999999982e+03
7.799999999999999822e+00 1.149436247999999949e+01 1.952233645999999908e+03 2.048019999999999982e+03
7.804999999999998828e+00 1.151695199999999986e+01 1.952045399999999972e+03 2.048019999999999982e+03
7.809999999999999609e+00 1.153361639999999788e+01 1.951906529999999975e+03 2.048019999999999982e+03
7.814999999999998614e+00 1.149436247999999949e+01 1.952233645999999908e+03 2.048019999999999982e+03
7.819999999999999396e+00 1.147732775999999966e+01 1.952375602000000072e+03 2.048019999999999982e+03
7.825000000000000178e+00 1.151695199999999986e+01 1.952045399999999972e+03 2.048019999999999982e+03
7.829999999999999183e+00 1.140363407999999801e+01 1.952989716000000044e+03 2.048019999999999982e+03
7.834999999999999964e+00 1.144325831999999643e+01 1.952659513999999945e+03 2.048019999999999982e+03
7.839999999999998970e+00 1.149436247999999949e+01 1.952233645999999908e+03 2.048019999999999982e+03
7.844999999999999751e+00 1.155065111999999772e+01 1.951764574000000039e+03 2.048019999999999982e+03
7.849999999999998757e+00 1.148288255999999841e+01 1.952329312000000073e+03 2.048019999999999982e+03
7.854999999999999538e+00 1.143770351999999946e+01 1.952705803999999944e+03 2.048019999999999982e+03
7.859999999999998543e+00 1.139807927999999926e+01 1.953036006000000043e+03 2.048019999999999982e+03
7.864999999999999325e+00 1.144918344000000054e+01 1.952610138000000006e+03 2.048019999999999982e+03
7.870000000000000107e+00 1.136993496000000015e+01 1.953270541999999978e+03 2.048019999999999982e+03
7.874999999999999112e+00 1.149436247999999949e+01 1.952233645999999908e+03 2.048019999999999982e+03
7.879999999999999893e+00 1.144325831999999643e+01 1.952659513999999945e+03 2.048019999999999982e+03
7.884999999999998899e+00 1.139252448000000051e+01 1.953082296000000042e+03 2.048019999999999982e+03
7.889999999999999680e+00 1.146029303999999804e+01 1.952517558000000008e+03 2.048019999999999982e+03
7.894999999999998685e+00 1.136438015999999962e+01 1.953316831999999977e+03 2.048019999999999982e+03
7.899999999999999467e+00 1.142622359999999659e+01 1.952801470000000108e+03 2.048019999999999982e+03
7.905000000000000249e+00 1.139252448000000051e+01 1.953082296000000042e+03 2.048019999999999982e+03
7.909999999999999254e+00 1.141511400000000087e+01 1.952894049999999879e+03 2.048019999999999982e+03
7.915000000000000036e+00 1.146029303999999804e+01 1.952517558000000008e+03 2.048019999999999982e+03
7.919999999999999041e+00 1.141511400000000087e+01 1.952894049999999879e+03 2.048019999999999982e+03
7.924999999999999822e+00 1.143770351999999946e+01 1.952705803999999944e+03 2.048019999999999982e+03
7.929999999999998828e+00 1.139252448000000051e+01 1.953082296000000042e+03 2.048019999999999982e+03
7.934999999999999609e+00 1.135290023999999853e+01 1.953412497999999914e+03 2.048019999999999982e+03
7.939999999999998614e+00 1.142622359999999659e+01 1.952801470000000108e+03 2.048019999999999982e+03
7.944999999999999396e+00 1.141511400000000087e+01 1.952894049999999879e+03 2.048019999999999982e+03
7.950000000000000178e+00 1.143214872000000071e+01 1.952752093999999943e+03 2.048019999999999982e+03
7.954999999999999183e+00 1.137548975999999890e+01 1.953224251999999979e+03 2.048019999999999982e+03
7.959999999999999964e+00 1.146029303999999804e+01 1.952517558000000008e+03 2.048019999999999982e+03
7.964999999999998970e+00 1.140363407999999801e+01 1.952989716000000044e+03 2.048019999999999982e+03
7.969999999999999751e+00 1.140363407999999801e+01 1.952989716000000044e+03 2.048019999999999982e+03
7.974999999999998757e+00 1.140363407999999801e+01 1.952989716000000044e+03 2.048019999999999982e+03
7.979999999999999538e+00 1.143214872000000071e+01 1.952752093999999943e+03 2.048019999999999982e+03
7.984999999999998543e+00 1.138104455999999765e+01 1.953177961999999980e+03 2.048019999999999982e+03
7.989999999999999325e+00 1.136993496000000015e+01 1.953270541999999978e+03 2.048019999999999982e+03
7.995000000000000107e+00 1.138104455999999765e+01 1.953177961999999980e+03 2.048019999999999982e+03
7.999999999999999112e+00 1.143770351999999946e+01 1.952705803999999944e+03 2.048019999999999982e+03
8.004999999999999005e+00 1.131920112000000067e+01 1.953693324000000075e+03 2.048019999999999982e+03
8.009999999999998010e+00 1.134179063999999926e+01 1.953505077999999912e+03 2.048019999999999982e+03
8.015000000000000568e+00 1.139252448000000051e+01 1.953082296000000042e+03 2.048019999999999982e+03
8.019999999999999574e+00 1.136438015999999962e+01 1.953316831999999977e+03 2.048019999999999982e+03
8.024999999999998579e+00 1.136993496000000015e+01 1.953270541999999978e+03 2.048019999999999982e+03
8.030000000000001137e+00 1.135845503999999728e+01 1.953366207999999915e+03 2.048019999999999982e+03
8.035000000000000142e+00 1.138104455999999765e+01 1.953177961999999980e+03 2.048019999999999982e+03
8.039999999999999147e+00 1.136438015999999962e+01 1.953316831999999977e+03 2.048019999999999982e+03
8.044999999999998153e+00 1.138104455999999765e+01 1.953177961999999980e+03 2.048019999999999982e+03
8.050000000000000711e+00 1.135290023999999853e+01 1.953412497999999914e+03 2.048019999999999982e+03
8.054999999999999716e+00 1.137548975999999890e+01 1.953224251999999979e+03 2.048019999999999982e+03
8.059999999999998721e+00 1.135290023999999853e+01 1.953412497999999914e+03 2.048019999999999982e+03
8.064999999999997726e+00 1.135845503999999728e+01 1.953366207999999915e+03 2.048019999999999982e+03
8.070000000000000284e+00 1.133031071999999817e+01 1.953600744000000077e+03 2.048019999999999982e+03
8.074999999999999289e+00 1.139252448000000051e+01 1.953082296000000042e+03 2.048019999999999982e+03
8.079999999999998295e+00 1.129068647999999975e+01 1.953930945999999949e+03 2.048019999999999982e+03
8.085000000000000853e+00 1.134179063999999926e+01 1.953505077999999912e+03 2.048019999999999982e+03
8.089999999999999858e+00 1.133031071999999817e+01 1.953600744000000077e+03 2.048019999999999982e+03
8.094999999999998863e+00 1.133586551999999870e+01 1.953554454000000078e+03 2.048019999999999982e+03
8.099999999999997868e+00 1.137548975999999890e+01 1.953224251999999979e+03 2.048019999999999982e+03
8.105000000000000426e+00 1.135845503999999728e+01 1.953366207999999915e+03 2.048019999999999982e+03
8.109999999999999432e+00 1.133031071999999817e+01 1.953600744000000077e+03 2.048019999999999982e+03
8.114999999999998437e+00 1.129624127999999850e+01 1.953884655999999950e+03 2.048019999999999982e+03
8.120000000000000995e+00 1.136993496000000015e+01 1.953270541999999978e+03 2.048019999999999982e+03
8.125000000000000000e+00 1.140955920000000035e+01 1.952940339999999878e+03 2.048019999999999982e+03
8.129999999999999005e+00 1.126809695999999938e+01 1.954119191999999885e+03 2.048019999999999982e+03
8.134999999999998010e+00 1.130772119999999958e+01 1.953788990000000013e+03 2.048019999999999982e+03
8.140000000000000568e+00 1.133586551999999870e+01 1.953554454000000078e+03 2.048019999999999982e+03
8.144999999999999574e+00 1.137548975999999890e+01 1.953224251999999979e+03 2.048019999999999982e+03
8.149999999999998579e+00 1.139807927999999926e+01 1.953036006000000043e+03 2.048019999999999982e+03
8.155000000000001137e+00 1.139807927999999926e+01 1.953036006000000043e+03 2.048019999999999982e+03
8.160000000000000142e+00 1.133031071999999817e+01 1.953600744000000077e+03 2.048019999999999982e+03
8.164999999999999147e+00 1.135290023999999853e+01 1.953412497999999914e+03 2.048019999999999982e+03
8.169999999999998153e+00 1.134734543999999801e+01 1.953458787999999913e+03 2.048019999999999982e+03
8.175000000000000711e+00 1.138104455999999765e+01 1.953177961999999980e+03 2.048019999999999982e+03
8.179999999999999716e+00 1.134179063999999926e+01 1.953505077999999912e+03 2.048019999999999982e+03
8.184999999999998721e+00 1.130772119999999958e+01 1.953788990000000013e+03 2.048019999999999982e+03
8.189999999999997726e+00 1.135290023999999853e+01 1.953412497999999914e+03 2.048019999999999982e+03
8.195000000000000284e+00 1.135290023999999853e+01 1.953412497999999914e+03 2.048019999999999982e+03
8.199999999999999289e+00 1.144918344000000054e+01 1.952610138000000006e+03 2.048019999999999982e+03
8.204999999999998295e+00 1.139807927999999926e+01 1.953036006000000043e+03 2.048019999999999982e+03
8.210000000000000853e+00 1.131920112000000067e+01 1.953693324000000075e+03 2.048019999999999982e+03
8.214999999999999858e+00 1.139252448000000051e+01 1.953082296000000042e+03 2.048019999999999982e+03
8.219999999999998863e+00 1.135290023999999853e+01 1.953412497999999914e+03 2.048019999999999982e+03
8.224999999999997868e+00 1.142066879999999784e+01 1.952847760000000108e+03 2.048019999999999982e+03
8.230000000000000426e+00 1.126809695999999938e+01 1.954119191999999885e+03 2.048019999999999982e+03
8.234999999999999432e+00 1.133586551999999870e+01 1.953554454000000078e+03 2.048019999999999982e+03
8.239999999999998437e+00 1.138696967999999998e+01 1.953128586000000041e+03 2.048019999999999982e+03
8.245000000000000995e+00 1.131327599999999833e+01 1.953742700000000013e+03 2.048019999999999982e+03
8.250000000000000000e+00 1.131327599999999833e+01 1.953742700000000013e+03 2.048019999999999982e+03
8.254999999999999005e+00 1.136438015999999962e+01 1.953316831999999977e+03 2.048019999999999982e+03
8.259999999999998010e+00 1.136438015999999962e+01 1.953316831999999977e+03 2.048019999999999982e+03
8.265000000000000568e+00 1.134734543999999801e+01 1.953458787999999913e+03 2.048019999999999982e+03
8.269999999999999574e+00 1.134179063999999926e+01 1.953505077999999912e+03 2.048019999999999982e+03
8.274999999999998579e+00 1.135290023999999853e+01 1.953412497999999914e+03 2.048019999999999982e+03
8.280000000000001137e+00 1.134734543999999801e+01 1.953458787999999913e+03 2.048019999999999982e+03
8.285000000000000142e+00 1.135290023999999853e+01 1.953412497999999914e+03 2.048019999999999982e+03
8.289999999999999147e+00 1.138104455999999765e+01 1.953177961999999980e+03 2.048019999999999982e+03
8.294999999999998153e+00 1.138104455999999765e+01 1.953177961999999980e+03 2.048019999999999982e+03
8.300000000000000711e+00 1.144325831999999643e+01 1.952659513999999945e+03 2.048019999999999982e+03
8.304999999999999716e+00 1.138696967999999998e+01 1.953128586000000041e+03 2.048019999999999982e+03
8.309999999999998721e+00 1.139807927999999926e+01 1.953036006000000043e+03 2.048019999999999982e+03
8.314999999999997726e+00 1.140955920000000035e+01 1.952940339999999878e+03 2.048019999999999982e+03
8.320000000000000284e+00 1.134734543999999801e+01 1.953458787999999913e+03 2.048019999999999982e+03
8.324999999999999289e+00 1.143214872000000071e+01 1.952752093999999943e+03 2.048019999999999982e+03
8.329999999999998295e+00 1.134734543999999801e+01 1.953458787999999913e+03 2.048019999999999982e+03
8.335000000000000853e+00 1.141511400000000087e+01 1.952894049999999879e+03 2.048019999999999982e+03
8.339999999999999858e+00 1.135290023999999853e+01 1.953412497999999914e+03 2.048019999999999982e+03
8.344999999999998863e+00 1.136438015999999962e+01 1.953316831999999977e+03 2.048019999999999982e+03
8.349999999999997868e+00 1.142622359999999659e+01 1.952801470000000108e+03 2.048019999999999982e+03
8.355000000000000426e+00 1.131920112000000067e+01 1.953693324000000075e+03 2.048019999999999982e+03
8.359999999999999432e+00 1.137548975999999890e+01 1.953224251999999979e+03 2.048019999999999982e+03
8.364999999999998437e+00 1.132475591999999942e+01 1.953647034000000076e+03 2.048019999999999982e+03
8.370000000000000995e+00 1.134179063999999926e+01 1.953505077999999912e+03 2.048019999999999982e+03
8.375000000000000000e+00 1.127957687999999870e+01 1.954023525999999947e+03 2.048019999999999982e+03
8.379999999999999005e+00 1.129624127999999850e+01 1.953884655999999950e+03 2.048019999999999982e+03
8.384999999999998010e+00 1.131920112000000067e+01 1.953693324000000075e+03 2.048019999999999982e+03
8.390000000000000568e+00 1.132475591999999942e+01 1.953647034000000076e+03 2.048019999999999982e+03
8.394999999999999574e+00 1.129068647999999975e+01 1.953930945999999949e+03 2.048019999999999982e+03
8.399999999999998579e+00 1.130772119999999958e+01 1.953788990000000013e+03 2.048019999999999982e+03
8.405000000000001137e+00 1.131327599999999833e+01 1.953742700000000013e+03 2.048019999999999982e+03
8.410000000000000142e+00 1.127365175999999813e+01 1.954072901999999885e+03 2.048019999999999982e+03
8.414999999999999147e+00 1.130216639999999906e+01 1.953835280000000012e+03 2.048019999999999982e+03
8.419999999999998153e+00 1.129624127999999850e+01 1.953884655999999950e+03 2.048019999999999982e+03
8.425000000000000711e+00 1.121180831999999938e+01 1.954588263999999981e+03 2.048019999999999982e+03
8.429999999999999716e+00 1.131920112000000067e+01 1.953693324000000075e+03 2.048019999999999982e+03
8.434999999999998721e+00 1.132475591999999942e+01 1.953647034000000076e+03 2.048019999999999982e+03
8.439999999999997726e+00 1.126254215999999886e+01 1.954165481999999884e+03 2.048019999999999982e+03
8.445000000000000284e+00 1.130772119999999958e+01 1.953788990000000013e+03 2.048019999999999982e+03
8.449999999999999289e+00 1.134734543999999801e+01 1.953458787999999913e+03 2.048019999999999982e+03
8.454999999999998295e+00 1.134734543999999801e+01 1.953458787999999913e+03 2.048019999999999982e+03
8.460000000000000853e+00 1.137548975999999890e+01 1.953224251999999979e+03 2.048019999999999982e+03
8.464999999999999858e+00 1.134179063999999926e+01 1.953505077999999912e+03 2.048019999999999982e+03
8.469999999999998863e+00 1.133031071999999817e+01 1.953600744000000077e+03 2.048019999999999982e+03
8.474999999999997868e+00 1.135845503999999728e+01 1.953366207999999915e+03 2.048019999999999982e+03
8.480000000000000426e+00 1.133586551999999870e+01 1.953554454000000078e+03 2.048019999999999982e+03
8.484999999999999432e+00 1.131327599999999833e+01 1.953742700000000013e+03 2.048019999999999982e+03
8.489999999999998437e+00 1.128513167999999922e+01 1.953977235999999948e+03 2.048019999999999982e+03
8.495000000000000995e+00 1.129068647999999975e+01 1.953930945999999949e+03 2.048019999999999982e+03
8.500000000000000000e+00 1.136438015999999962e+01 1.953316831999999977e+03 2.048019999999999982e+03
8.504999999999999005e+00 1.136438015999999962e+01 1.953316831999999977e+03 2.048019999999999982e+03
8.509999999999998010e+00 1.136438015999999962e+01 1.953316831999999977e+03 2.048019999999999982e+03
8.515000000000000568e+00 1.132475591999999942e+01 1.953647034000000076e+03 2.048019999999999982e+03
8.519999999999999574e+00 1.130216639999999906e+01 1.953835280000000012e+03 2.048019999999999982e+03
8.524999999999998579e+00 1.132475591999999942e+01 1.953647034000000076e+03 2.048019999999999982e+03
8.530000000000001137e+00 1.130216639999999906e+01 1.953835280000000012e+03 2.048019999999999982e+03
8.535000000000000142e+00 1.130216639999999906e+01 1.953835280000000012e+03 2.048019999999999982e+03
8.539999999999999147e+00 1.135290023999999853e+01 1.953412497999999914e+03 2.048019999999999982e+03
8.544999999999998153e+00 1.129068647999999975e+01 1.953930945999999949e+03 2.048019999999999982e+03
8.550000000000000711e+00 1.130216639999999906e+01 1.953835280000000012e+03 2.048019999999999982e+03
8.554999999999999716e+00 1.128513167999999922e+01 1.953977235999999948e+03 2.048019999999999982e+03
8.559999999999998721e+00 1.125106223999999955e+01 1.954261148000000048e+03 2.048019999999999982e+03
8.564999999999997726e+00 1.125698735999999833e+01 1.954211772000000110e+03 2.048019999999999982e+03
8.570000000000000284e+00 1.129068647999999975e+01 1.953930945999999949e+03 2.048019999999999982e+03
8.574999999999999289e+00 1.134179063999999926e+01 1.953505077999999912e+03 2.048019999999999982e+03
8.579999999999998295e+00 1.131920112000000067e+01 1.953693324000000075e+03 2.048019999999999982e+03
8.585000000000000853e+00 1.129624127999999850e+01 1.953884655999999950e+03 2.048019999999999982e+03
8.589999999999999858e+00 1.128513167999999922e+01 1.953977235999999948e+03 2.048019999999999982e+03
8.594999999999998863e+00 1.130216639999999906e+01 1.953835280000000012e+03 2.048019999999999982e+03
8.599999999999997868e+00 1.129624127999999850e+01 1.953884655999999950e+03 2.048019999999999982e+03
8.605000000000000426e+00 1.127365175999999813e+01 1.954072901999999885e+03 2.048019999999999982e+03
8.609999999999999432e+00 1.130772119999999958e+01 1.953788990000000013e+03 2.048019999999999982e+03
8.614999999999998437e+00 1.129068647999999975e+01 1.953930945999999949e+03 2.048019999999999982e+03
8.620000000000000995e+00 1.133586551999999870e+01 1.953554454000000078e+03 2.048019999999999982e+03
8.625000000000000000e+00 1.132475591999999942e+01 1.953647034000000076e+03 2.048019999999999982e+03
8.629999999999999005e+00 1.130216639999999906e+01 1.953835280000000012e+03 2.048019999999999982e+03
8.634999999999998010e+00 1.132475591999999942e+01 1.953647034000000076e+03 2.048019999999999982e+03
8.640000000000000568e+00 1.131327599999999833e+01 1.953742700000000013e+03 2.048019999999999982e+03
8.644999999999999574e+00 1.133586551999999870e+01 1.953554454000000078e+03 2.048019999999999982e+03
8.649999999999998579e+00 1.126809695999999938e+01 1.954119191999999885e+03 2.048019999999999982e+03
8.655000000000001137e+00 1.130772119999999958e+01 1.953788990000000013e+03 2.048019999999999982e+03
8.660000000000000142e+00 1.130216639999999906e+01 1.953835280000000012e+03 2.048019999999999982e+03
8.664999999999999147e+00 1.124550743999999902e+01 1.954307438000000047e+03 2.048019999999999982e+03
8.669999999999998153e+00 1.121180831999999938e+01 1.954588263999999981e+03 2.048019999999999982e+03
8.675000000000000711e+00 1.126809695999999938e+01 1.954119191999999885e+03 2.048019999999999982e+03
8.679999999999999716e+00 1.121180831999999938e+01 1.954588263999999981e+03 2.048019999999999982e+03
8.684999999999998721e+00 1.126809695999999938e+01 1.954119191999999885e+03 2.048019999999999982e+03
8.689999999999997726e+00 1.128513167999999922e+01 1.953977235999999948e+03 2.048019999999999982e+03
8.695000000000000284e+00 1.120032839999999830e+01 1.954683929999999918e+03 2.048019999999999982e+03
8.699999999999999289e+00 1.120032839999999830e+01 1.954683929999999918e+03 2.048019999999999982e+03
8.704999999999998295e+00 1.125106223999999955e+01 1.954261148000000048e+03 2.048019999999999982e+03
8.710000000000000853e+00 1.126809695999999938e+01 1.954119191999999885e+03 2.048019999999999982e+03
8.714999999999999858e+00 1.125698735999999833e+01 1.954211772000000110e+03 2.048019999999999982e+03
8.719999999999998863e+00 1.125698735999999833e+01 1.954211772000000110e+03 2.048019999999999982e+03
8.724999999999997868e+00 1.130216639999999906e+01 1.953835280000000012e+03 2.048019999999999982e+03
8.730000000000000426e+00 1.123995263999999850e+01 1.954353728000000046e+03 2.048019999999999982e+03
8.734999999999999432e+00 1.126254215999999886e+01 1.954165481999999884e+03 2.048019999999999982e+03
8.739999999999998437e+00 1.127957687999999870e+01 1.954023525999999947e+03 2.048019999999999982e+03
8.745000000000000995e+00 1.127365175999999813e+01 1.954072901999999885e+03 2.048019999999999982e+03
8.750000000000000000e+00 1.124550743999999902e+01 1.954307438000000047e+03 2.048019999999999982e+03
8.754999999999999005e+00 1.127957687999999870e+01 1.954023525999999947e+03 2.048019999999999982e+03
8.759999999999998010e+00 1.130216639999999906e+01 1.953835280000000012e+03 2.048019999999999982e+03
8.765000000000000568e+00 1.131327599999999833e+01 1.953742700000000013e+03 2.048019999999999982e+03
8.769999999999999574e+00 1.127365175999999813e+01 1.954072901999999885e+03 2.048019999999999982e+03
8.774999999999998579e+00 1.131327599999999833e+01 1.953742700000000013e+03 2.048019999999999982e+03
8.780000000000001137e+00 1.124550743999999902e+01 1.954307438000000047e+03 2.048019999999999982e+03
8.785000000000000142e+00 1.130216639999999906e+01 1.953835280000000012e+03 2.048019999999999982e+03
8.789999999999999147e+00 1.133586551999999870e+01 1.953554454000000078e+03 2.048019999999999982e+03
8.794999999999998153e+00 1.123995263999999850e+01 1.954353728000000046e+03 2.048019999999999982e+03
8.800000000000000711e+00 1.130772119999999958e+01 1.953788990000000013e+03 2.048019999999999982e+03
8.804999999999999716e+00 1.133586551999999870e+01 1.953554454000000078e+03 2.048019999999999982e+03
8.809999999999998721e+00 1.134179063999999926e+01 1.953505077999999912e+03 2.048019999999999982e+03
8.814999999999997726e+00 1.131920112000000067e+01 1.953693324000000075e+03 2.048019999999999982e+03
8.820000000000000284e+00 1.129068647999999975e+01 1.953930945999999949e+03 2.048019999999999982e+03
8.824999999999999289e+00 1.129068647999999975e+01 1.953930945999999949e+03 2.048019999999999982e+03
8.829999999999998295e+00 1.126254215999999886e+01 1.954165481999999884e+03 2.048019999999999982e+03
8.835000000000000853e+00 1.128513167999999922e+01 1.953977235999999948e+03 2.048019999999999982e+03
8.839999999999999858e+00 1.126809695999999938e+01 1.954119191999999885e+03 2.048019999999999982e+03
8.844999999999998863e+00 1.130216639999999906e+01 1.953835280000000012e+03 2.048019999999999982e+03
8.849999999999997868e+00 1.129068647999999975e+01 1.953930945999999949e+03 2.048019999999999982e+03
8.855000000000000426e+00 1.125106223999999955e+01 1.954261148000000048e+03 2.048019999999999982e+03
8.859999999999999432e+00 1.125106223999999955e+01 1.954261148000000048e+03 2.048019999999999982e+03
8.864999999999998437e+00 1.127957687999999870e+01 1.954023525999999947e+03 2.048019999999999982e+03
8.870000000000000995e+00 1.123995263999999850e+01 1.954353728000000046e+03 2.048019999999999982e+03
8.875000000000000000e+00 1.127365175999999813e+01 1.954072901999999885e+03 2.048019999999999982e+03
8.879999999999999005e+00 1.127957687999999870e+01 1.954023525999999947e+03 2.048019999999999982e+03
8.884999999999998010e+00 1.128513167999999922e+01 1.953977235999999948e+03 2.048019999999999982e+03
8.890000000000000568e+00 1.130772119999999958e+01 1.953788990000000013e+03 2.048019999999999982e+03
8.894999999999999574e+00 1.122291791999999866e+01 1.954495683999999983e+03 2.048019999999999982e+03
8.899999999999998579e+00 1.125106223999999955e+01 1.954261148000000048e+03 2.048019999999999982e+03
8.905000000000001137e+00 1.129624127999999850e+01 1.953884655999999950e+03 2.048019999999999982e+03
8.910000000000000142e+00 1.136438015999999962e+01 1.953316831999999977e+03 2.048019999999999982e+03
8.914999999999999147e+00 1.127957687999999870e+01 1.954023525999999947e+03 2.048019999999999982e+03
8.919999999999998153e+00 1.126254215999999886e+01 1.954165481999999884e+03 2.048019999999999982e+03
8.925000000000000711e+00 1.126254215999999886e+01 1.954165481999999884e+03 2.048019999999999982e+03
8.929999999999999716e+00 1.125698735999999833e+01 1.954211772000000110e+03 2.048019999999999982e+03
8.934999999999998721e+00 1.123995263999999850e+01 1.954353728000000046e+03 2.048019999999999982e+03
8.939999999999997726e+00 1.130216639999999906e+01 1.953835280000000012e+03 2.048019999999999982e+03
8.945000000000000284e+00 1.117773887999999971e+01 1.954872176000000081e+03 2.048019999999999982e+03
8.949999999999999289e+00 1.126809695999999938e+01 1.954119191999999885e+03 2.048019999999999982e+03
8.954999999999998295e+00 1.126254215999999886e+01 1.954165481999999884e+03 2.048019999999999982e+03
8.960000000000000853e+00 1.128513167999999922e+01 1.953977235999999948e+03 2.048019999999999982e+03
8.964999999999999858e+00 1.122847271999999919e+01 1.954449393999999984e+03 2.048019999999999982e+03
8.969999999999998863e+00 1.123439783999999797e+01 1.954400018000000046e+03 2.048019999999999982e+03
8.974999999999997868e+00 1.130772119999999958e+01 1.953788990000000013e+03 2.048019999999999982e+03
8.980000000000000426e+00 1.120588319999999882e+01 1.954637639999999919e+03 2.048019999999999982e+03
8.984999999999999432e+00 1.129068647999999975e+01 1.953930945999999949e+03 2.048019999999999982e+03
8.989999999999998437e+00 1.127365175999999813e+01 1.954072901999999885e+03 2.048019999999999982e+03
8.995000000000000995e+00 1.115514935999999935e+01 1.955060422000000017e+03 2.048019999999999982e+03
9.000000000000000000e+00 1.122847271999999919e+01 1.954449393999999984e+03 2.048019999999999982e+03
9.004999999999999005e+00 1.121736311999999813e+01 1.954541973999999982e+03 2.048019999999999982e+03
9.009999999999998010e+00 1.116662927999999866e+01 1.954964756000000079e+03 2.048019999999999982e+03
9.015000000000000568e+00 1.122847271999999919e+01 1.954449393999999984e+03 2.048019999999999982e+03
9.019999999999999574e+00 1.122847271999999919e+01 1.954449393999999984e+03 2.048019999999999982e+03
9.024999999999998579e+00 1.127957687999999870e+01 1.954023525999999947e+03 2.048019999999999982e+03
9.030000000000001137e+00 1.121180831999999938e+01 1.954588263999999981e+03 2.048019999999999982e+03
9.035000000000000142e+00 1.122847271999999919e+01 1.954449393999999984e+03 2.048019999999999982e+03
9.039999999999999147e+00 1.123995263999999850e+01 1.954353728000000046e+03 2.048019999999999982e+03
9.044999999999998153e+00 1.116662927999999866e+01 1.954964756000000079e+03 2.048019999999999982e+03
9.050000000000000711e+00 1.129068647999999975e+01 1.953930945999999949e+03 2.048019999999999982e+03
9.054999999999999716e+00 1.126809695999999938e+01 1.954119191999999885e+03 2.048019999999999982e+03
9.059999999999998721e+00 1.126809695999999938e+01 1.954119191999999885e+03 2.048019999999999982e+03
9.064999999999997726e+00 1.125106223999999955e+01 1.954261148000000048e+03 2.048019999999999982e+03
9.070000000000000284e+00 1.126254215999999886e+01 1.954165481999999884e+03 2.048019999999999982e+03
9.074999999999999289e+00 1.127957687999999870e+01 1.954023525999999947e+03 2.048019999999999982e+03
9.079999999999998295e+00 1.121736311999999813e+01 1.954541973999999982e+03 2.048019999999999982e+03
9.085000000000000853e+00 1.123439783999999797e+01 1.954400018000000046e+03 2.048019999999999982e+03
9.089999999999999858e+00 1.124550743999999902e+01 1.954307438000000047e+03 2.048019999999999982e+03
9.094999999999998863e+00 1.122291791999999866e+01 1.954495683999999983e+03 2.048019999999999982e+03
9.099999999999997868e+00 1.129068647999999975e+01 1.953930945999999949e+03 2.048019999999999982e+03
9.105000000000000426e+00 1.130216639999999906e+01 1.953835280000000012e+03 2.048019999999999982e+03
9.109999999999999432e+00 1.131327599999999833e+01 1.953742700000000013e+03 2.048019999999999982e+03
9.114999999999998437e+00 1.122847271999999919e+01 1.954449393999999984e+03 2.048019999999999982e+03
9.120000000000000995e+00 1.126254215999999886e+01 1.954165481999999884e+03 2.048019999999999982e+03
9.125000000000000000e+00 1.131327599999999833e+01 1.953742700000000013e+03 2.048019999999999982e+03
9.129999999999999005e+00 1.122847271999999919e+01 1.954449393999999984e+03 2.048019999999999982e+03
9.134999999999998010e+00 1.122291791999999866e+01 1.954495683999999983e+03 2.048019999999999982e+03
9.140000000000000568e+00 1.131327599999999833e+01 1.953742700000000013e+03 2.048019999999999982e+03
9.144999999999999574e+00 1.121180831999999938e+01 1.954588263999999981e+03 2.048019999999999982e+03
9.149999999999998579e+00 1.125106223999999955e+01 1.954261148000000048e+03 2.048019999999999982e+03
9.155000000000001137e+00 1.122291791999999866e+01 1.954495683999999983e+03 2.048019999999999982e+03
9.160000000000000142e+00 1.120032839999999830e+01 1.954683929999999918e+03 2.048019999999999982e+03
9.164999999999999147e+00 1.117218407999999918e+01 1.954918466000000080e+03 2.048019999999999982e+03
9.169999999999998153e+00 1.118921879999999902e+01 1.954776509999999917e+03 2.048019999999999982e+03
9.175000000000000711e+00 1.124550743999999902e+01 1.954307438000000047e+03 2.048019999999999982e+03
9.179999999999999716e+00 1.118921879999999902e+01 1.954776509999999917e+03 2.048019999999999982e+03
9.184999999999998721e+00 1.119477359999999955e+01 1.954730219999999917e+03 2.048019999999999982e+03
9.189999999999997726e+00 1.120032839999999830e+01 1.954683929999999918e+03 2.048019999999999982e+03
9.195000000000000284e+00 1.117218407999999918e+01 1.954918466000000080e+03 2.048019999999999982e+03
9.199999999999999289e+00 1.119477359999999955e+01 1.954730219999999917e+03 2.048019999999999982e+03
9.204999999999998295e+00 1.118921879999999902e+01 1.954776509999999917e+03 2.048019999999999982e+03
9.210000000000000853e+00 1.117218407999999918e+01 1.954918466000000080e+03 2.048019999999999982e+03
9.214999999999999858e+00 1.118329368000000024e+01 1.954825886000000082e+03 2.048019999999999982e+03
9.219999999999998863e+00 1.125698735999999833e+01 1.954211772000000110e+03 2.048019999999999982e+03
9.224999999999997868e+00 1.122291791999999866e+01 1.954495683999999983e+03 2.048019999999999982e+03
9.230000000000000426e+00 1.118329368000000024e+01 1.954825886000000082e+03 2.048019999999999982e+03
9.234999999999999432e+00 1.120588319999999882e+01 1.954637639999999919e+03 2.048019999999999982e+03
9.239999999999998437e+00 1.120588319999999882e+01 1.954637639999999919e+03 2.048019999999999982e+03
9.245000000000000995e+00 1.117773887999999971e+01 1.954872176000000081e+03 2.048019999999999982e+03
9.250000000000000000e+00 1.122847271999999919e+01 1.954449393999999984e+03 2.048019999999999982e+03
9.254999999999999005e+00 1.121736311999999813e+01 1.954541973999999982e+03 2.048019999999999982e+03
9.259999999999998010e+00 1.122291791999999866e+01 1.954495683999999983e+03 2.048019999999999982e+03
9.265000000000000568e+00 1.124550743999999902e+01 1.954307438000000047e+03 2.048019999999999982e+03
9.269999999999999574e+00 1.123995263999999850e+01 1.954353728000000046e+03 2.048019999999999982e+03
9.274999999999998579e+00 1.126809695999999938e+01 1.954119191999999885e+03 2.048019999999999982e+03
9.280000000000001137e+00 1.123995263999999850e+01 1.954353728000000046e+03 2.048019999999999982e+03
9.285000000000000142e+00 1.122847271999999919e+01 1.954449393999999984e+03 2.048019999999999982e+03
9.289999999999999147e+00 1.121180831999999938e+01 1.954588263999999981e+03 2.048019999999999982e+03
9.294999999999998153e+00 1.117773887999999971e+01 1.954872176000000081e+03 2.048019999999999982e+03
9.300000000000000711e+00 1.121736311999999813e+01 1.954541973999999982e+03 2.048019999999999982e+03
9.304999999999999716e+00 1.123439783999999797e+01 1.954400018000000046e+03 2.048019999999999982e+03
9.309999999999998721e+00 1.122847271999999919e+01 1.954449393999999984e+03 2.048019999999999982e+03
9.314999999999997726e+00 1.116070415999999987e+01 1.955014132000000018e+03 2.048019999999999982e+03
9.320000000000000284e+00 1.121180831999999938e+01 1.954588263999999981e+03 2.048019999999999982e+03
9.324999999999999289e+00 1.124550743999999902e+01 1.954307438000000047e+03 2.048019999999999982e+03
9.329999999999998295e+00 1.116662927999999866e+01 1.954964756000000079e+03 2.048019999999999982e+03
9.335000000000000853e+00 1.119477359999999955e+01 1.954730219999999917e+03 2.048019999999999982e+03
9.339999999999999858e+00 1.120032839999999830e+01 1.954683929999999918e+03 2.048019999999999982e+03
9.344999999999998863e+00 1.117218407999999918e+01 1.954918466000000080e+03 2.048019999999999982e+03
9.349999999999997868e+00 1.117773887999999971e+01 1.954872176000000081e+03 2.048019999999999982e+03
9.355000000000000426e+00 1.116070415999999987e+01 1.955014132000000018e+03 2.048019999999999982e+03
9.359999999999999432e+00 1.120032839999999830e+01 1.954683929999999918e+03 2.048019999999999982e+03
9.364999999999998437e+00 1.117773887999999971e+01 1.954872176000000081e+03 2.048019999999999982e+03
9.370000000000000995e+00 1.122847271999999919e+01 1.954449393999999984e+03 2.048019999999999982e+03
9.375000000000000000e+00 1.122291791999999866e+01 1.954495683999999983e+03 2.048019999999999982e+03
9.379999999999999005e+00 1.116070415999999987e+01 1.955014132000000018e+03 2.048019999999999982e+03
9.384999999999998010e+00 1.122847271999999919e+01 1.954449393999999984e+03 2.048019999999999982e+03
9.390000000000000568e+00 1.119477359999999955e+01 1.954730219999999917e+03 2.048019999999999982e+03
9.394999999999999574e+00 1.120032839999999830e+01 1.954683929999999918e+03 2.048019999999999982e+03
9.399999999999998579e+00 1.120032839999999830e+01 1.954683929999999918e+03 2.048019999999999982e+03
9.405000000000001137e+00 1.121736311999999813e+01 1.954541973999999982e+03 2.048019999999999982e+03
9.410000000000000142e+00 1.122847271999999919e+01 1.954449393999999984e+03 2.048019999999999982e+03
9.414999999999999147e+00 1.118329368000000024e+01 1.954825886000000082e+03 2.048019999999999982e+03
9.419999999999998153e+00 1.118329368000000024e+01 1.954825886000000082e+03 2.048019999999999982e+03
9.425000000000000711e+00 1.123439783999999797e+01 1.954400018000000046e+03 2.048019999999999982e+03
9.429999999999999716e+00 1.120032839999999830e+01 1.954683929999999918e+03 2.048019999999999982e+03
9.434999999999998721e+00 1.122291791999999866e+01 1.954495683999999983e+03 2.048019999999999982e+03
9.439999999999997726e+00 1.125698735999999833e+01 1.954211772000000110e+03 2.048019999999999982e+03
9.445000000000000284e+00 1.120588319999999882e+01 1.954637639999999919e+03 2.048019999999999982e+03
9.449999999999999289e+00 1.120588319999999882e+01 1.954637639999999919e+03 2.048019999999999982e+03
9.454999999999998295e+00 1.120588319999999882e+01 1.954637639999999919e+03 2.048019999999999982e+03
9.460000000000000853e+00 1.117218407999999918e+01 1.954918466000000080e+03 2.048019999999999982e+03
9.464999999999999858e+00 1.120588319999999882e+01 1.954637639999999919e+03 2.048019999999999982e+03
9.469999999999998863e+00 1.117218407999999918e+01 1.954918466000000080e+03 2.048019999999999982e+03
9.474999999999997868e+00 1.121736311999999813e+01 1.954541973999999982e+03 2.048019999999999982e+03
9.480000000000000426e+00 1.105923647999999915e+01 1.955859695999999985e+03 2.048019999999999982e+03
9.484999999999999432e+00 1.112107991999999967e+01 1.955344333999999890e+03 2.048019999999999982e+03
9.489999999999998437e+00 1.113255983999999899e+01 1.955248667999999952e+03 2.048019999999999982e+03
9.495000000000000995e+00 1.113811463999999951e+01 1.955202377999999953e+03 2.048019999999999982e+03
9.500000000000000000e+00 1.113255983999999899e+01 1.955248667999999952e+03 2.048019999999999982e+03
9.504999999999999005e+00 1.110997031999999862e+01 1.955436913999999888e+03 2.048019999999999982e+03
9.509999999999998010e+00 1.114366944000000004e+01 1.955156087999999954e+03 2.048019999999999982e+03
9.515000000000000568e+00 1.107590087999999895e+01 1.955720825999999988e+03 2.048019999999999982e+03
9.519999999999999574e+00 1.109849039999999931e+01 1.955532580000000053e+03 2.048019999999999982e+03
9.524999999999998579e+00 1.104775655999999984e+01 1.955955361999999923e+03 2.048019999999999982e+03
9.530000000000001137e+00 1.108738079999999826e+01 1.955625160000000051e+03 2.048019999999999982e+03
9.535000000000000142e+00 1.112107991999999967e+01 1.955344333999999890e+03 2.048019999999999982e+03
9.539999999999999147e+00 1.116662927999999866e+01 1.954964756000000079e+03 2.048019999999999982e+03
9.544999999999998153e+00 1.113255983999999899e+01 1.955248667999999952e+03 2.048019999999999982e+03
9.550000000000000711e+00 1.113255983999999899e+01 1.955248667999999952e+03 2.048019999999999982e+03
9.554999999999999716e+00 1.112700503999999846e+01 1.955294957999999951e+03 2.048019999999999982e+03
9.559999999999998721e+00 1.118329368000000024e+01 1.954825886000000082e+03 2.048019999999999982e+03
9.564999999999997726e+00 1.109293559999999879e+01 1.955578870000000052e+03 2.048019999999999982e+03
9.570000000000000284e+00 1.112107991999999967e+01 1.955344333999999890e+03 2.048019999999999982e+03
9.574999999999999289e+00 1.114959455999999882e+01 1.955106712000000016e+03 2.048019999999999982e+03
9.579999999999998295e+00 1.113255983999999899e+01 1.955248667999999952e+03 2.048019999999999982e+03
9.585000000000000853e+00 1.107034608000000020e+01 1.955767115999999987e+03 2.048019999999999982e+03
9.589999999999999858e+00 1.115514935999999935e+01 1.955060422000000017e+03 2.048019999999999982e+03
9.594999999999998863e+00 1.110441551999999810e+01 1.955483204000000114e+03 2.048019999999999982e+03
9.599999999999997868e+00 1.110997031999999862e+01 1.955436913999999888e+03 2.048019999999999982e+03
9.605000000000000426e+00 1.108738079999999826e+01 1.955625160000000051e+03 2.048019999999999982e+03
9.609999999999999432e+00 1.110441551999999810e+01 1.955483204000000114e+03 2.048019999999999982e+03
9.614999999999998437e+00 1.114959455999999882e+01 1.955106712000000016e+03 2.048019999999999982e+03
9.620000000000000995e+00 1.115514935999999935e+01 1.955060422000000017e+03 2.048019999999999982e+03
9.625000000000000000e+00 1.120032839999999830e+01 1.954683929999999918e+03 2.048019999999999982e+03
9.629999999999999005e+00 1.114959455999999882e+01 1.955106712000000016e+03 2.048019999999999982e+03
9.634999999999998010e+00 1.110997031999999862e+01 1.955436913999999888e+03 2.048019999999999982e+03
9.640000000000000568e+00 1.105923647999999915e+01 1.955859695999999985e+03 2.048019999999999982e+03
9.644999999999999574e+00 1.108182599999999951e+01 1.955671450000000050e+03 2.048019999999999982e+03
9.649999999999998579e+00 1.110997031999999862e+01 1.955436913999999888e+03 2.048019999999999982e+03
9.655000000000001137e+00 1.108738079999999826e+01 1.955625160000000051e+03 2.048019999999999982e+03
9.660000000000000142e+00 1.110441551999999810e+01 1.955483204000000114e+03 2.048019999999999982e+03
9.664999999999999147e+00 1.112700503999999846e+01 1.955294957999999951e+03 2.048019999999999982e+03
9.669999999999998153e+00 1.113255983999999899e+01 1.955248667999999952e+03 2.048019999999999982e+03
9.675000000000000711e+00 1.114366944000000004e+01 1.955156087999999954e+03 2.048019999999999982e+03
9.679999999999999716e+00 1.107034608000000020e+01 1.955767115999999987e+03 2.048019999999999982e+03
9.684999999999998721e+00 1.114959455999999882e+01 1.955106712000000016e+03 2.048019999999999982e+03
9.689999999999997726e+00 1.112700503999999846e+01 1.955294957999999951e+03 2.048019999999999982e+03
9.695000000000000284e+00 1.108738079999999826e+01 1.955625160000000051e+03 2.048019999999999982e+03
9.699999999999999289e+00 1.111552511999999915e+01 1.955390623999999889e+03 2.048019999999999982e+03
9.704999999999998295e+00 1.110997031999999862e+01 1.955436913999999888e+03 2.048019999999999982e+03
9.710000000000000853e+00 1.108738079999999826e+01 1.955625160000000051e+03 2.048019999999999982e+03
9.714999999999999858e+00 1.105331136000000036e+01 1.955909071999999924e+03 2.048019999999999982e+03
9.719999999999998863e+00 1.108738079999999826e+01 1.955625160000000051e+03 2.048019999999999982e+03
9.724999999999997868e+00 1.109849039999999931e+01 1.955532580000000053e+03 2.048019999999999982e+03
9.730000000000000426e+00 1.112107991999999967e+01 1.955344333999999890e+03 2.048019999999999982e+03
9.734999999999999432e+00 1.106479127999999967e+01 1.955813405999999986e+03 2.048019999999999982e+03
9.739999999999998437e+00 1.107034608000000020e+01 1.955767115999999987e+03 2.048019999999999982e+03
9.745000000000000995e+00 1.109293559999999879e+01 1.955578870000000052e+03 2.048019999999999982e+03
9.750000000000000000e+00 1.110441551999999810e+01 1.955483204000000114e+03 2.048019999999999982e+03
9.754999999999999005e+00 1.110997031999999862e+01 1.955436913999999888e+03 2.048019999999999982e+03
9.759999999999998010e+00 1.117218407999999918e+01 1.954918466000000080e+03 2.048019999999999982e+03
9.765000000000000568e+00 1.112700503999999846e+01 1.955294957999999951e+03 2.048019999999999982e+03
9.769999999999999574e+00 1.104220175999999931e+01 1.956001651999999922e+03 2.048019999999999982e+03
9.774999999999998579e+00 1.115514935999999935e+01 1.955060422000000017e+03 2.048019999999999982e+03
9.780000000000001137e+00 1.106479127999999967e+01 1.955813405999999986e+03 2.048019999999999982e+03
9.785000000000000142e+00 1.108738079999999826e+01 1.955625160000000051e+03 2.048019999999999982e+03
9.789999999999999147e+00 1.112107991999999967e+01 1.955344333999999890e+03 2.048019999999999982e+03
9.794999999999998153e+00 1.113255983999999899e+01 1.955248667999999952e+03 2.048019999999999982e+03
9.800000000000000711e+00 1.115514935999999935e+01 1.955060422000000017e+03 2.048019999999999982e+03
9.804999999999999716e+00 1.111552511999999915e+01 1.955390623999999889e+03 2.048019999999999982e+03
9.809999999999998721e+00 1.108182599999999951e+01 1.955671450000000050e+03 2.048019999999999982e+03
9.814999999999997726e+00 1.114366944000000004e+01 1.955156087999999954e+03 2.048019999999999982e+03
9.820000000000000284e+00 1.104220175999999931e+01 1.956001651999999922e+03 2.048019999999999982e+03
9.824999999999999289e+00 1.115514935999999935e+01 1.955060422000000017e+03 2.048019999999999982e+03
9.829999999999998295e+00 1.109293559999999879e+01 1.955578870000000052e+03 2.048019999999999982e+03
9.835000000000000853e+00 1.108738079999999826e+01 1.955625160000000051e+03 2.048019999999999982e+03
9.839999999999999858e+00 1.111552511999999915e+01 1.955390623999999889e+03 2.048019999999999982e+03
9.844999999999998863e+00 1.105923647999999915e+01 1.955859695999999985e+03 2.048019999999999982e+03
9.849999999999997868e+00 1.115514935999999935e+01 1.955060422000000017e+03 2.048019999999999982e+03
9.855000000000000426e+00 1.107034608000000020e+01 1.955767115999999987e+03 2.048019999999999982e+03
9.859999999999999432e+00 1.107590087999999895e+01 1.955720825999999988e+03 2.048019999999999982e+03
9.864999999999998437e+00 1.105331136000000036e+01 1.955909071999999924e+03 2.048019999999999982e+03
9.870000000000000995e+00 1.104775655999999984e+01 1.955955361999999923e+03 2.048019999999999982e+03
9.875000000000000000e+00 1.108738079999999826e+01 1.955625160000000051e+03 2.048019999999999982e+03
9.879999999999999005e+00 1.106479127999999967e+01 1.955813405999999986e+03 2.048019999999999982e+03
9.884999999999998010e+00 1.112107991999999967e+01 1.955344333999999890e+03 2.048019999999999982e+03
9.890000000000000568e+00 1.107034608000000020e+01 1.955767115999999987e+03 2.048019999999999982e+03
9.894999999999999574e+00 1.108738079999999826e+01 1.955625160000000051e+03 2.048019999999999982e+03
9.899999999999998579e+00 1.105331136000000036e+01 1.955909071999999924e+03 2.048019999999999982e+03
9.905000000000001137e+00 1.108182599999999951e+01 1.955671450000000050e+03 2.048019999999999982e+03
9.910000000000000142e+00 1.108738079999999826e+01 1.955625160000000051e+03 2.048019999999999982e+03
9.914999999999999147e+00 1.103072184000000000e+01 1.956097318000000087e+03 2.048019999999999982e+03
9.919999999999998153e+00 1.104775655999999984e+01 1.955955361999999923e+03 2.048019999999999982e+03
9.925000000000000711e+00 1.105331136000000036e+01 1.955909071999999924e+03 2.048019999999999982e+03
9.929999999999999716e+00 1.104775655999999984e+01 1.955955361999999923e+03 2.048019999999999982e+03
9.934999999999998721e+00 1.103664695999999878e+01 1.956047941999999921e+03 2.048019999999999982e+03
9.939999999999997726e+00 1.101961223999999895e+01 1.956189898000000085e+03 2.048019999999999982e+03
9.945000000000000284e+00 1.097443319999999822e+01 1.956566389999999956e+03 2.048019999999999982e+03
9.949999999999999289e+00 1.110997031999999862e+01 1.955436913999999888e+03 2.048019999999999982e+03
9.954999999999998295e+00 1.104775655999999984e+01 1.955955361999999923e+03 2.048019999999999982e+03
9.960000000000000853e+00 1.109849039999999931e+01 1.955532580000000053e+03 2.048019999999999982e+03
9.964999999999999858e+00 1.104775655999999984e+01 1.955955361999999923e+03 2.048019999999999982e+03
9.969999999999998863e+00 1.112107991999999967e+01 1.955344333999999890e+03 2.048019999999999982e+03
9.974999999999997868e+00 1.112107991999999967e+01 1.955344333999999890e+03 2.048019999999999982e+03
9.980000000000000426e+00 1.105923647999999915e+01 1.955859695999999985e+03 2.048019999999999982e+03
9.984999999999999432e+00 1.109849039999999931e+01 1.955532580000000053e+03 2.048019999999999982e+03
9.989999999999998437e+00 1.105923647999999915e+01 1.955859695999999985e+03 2.048019999999999982e+03
9.995000000000000995e+00 1.111552511999999915e+01 1.955390623999999889e+03 2.048019999999999982e+03
1.000000000000000000e+01 1.112700503999999846e+01 1.955294957999999951e+03 2.048019999999999982e+03
1.000499999999999901e+01 1.103664695999999878e+01 1.956047941999999921e+03 2.048019999999999982e+03
1.000999999999999801e+01 1.103664695999999878e+01 1.956047941999999921e+03 2.048019999999999982e+03
1.001500000000000057e+01 1.105923647999999915e+01 1.955859695999999985e+03 2.048019999999999982e+03
1.001999999999999957e+01 1.107034608000000020e+01 1.955767115999999987e+03 2.048019999999999982e+03
1.002499999999999858e+01 1.108738079999999826e+01 1.955625160000000051e+03 2.048019999999999982e+03
1.003000000000000114e+01 1.103072184000000000e+01 1.956097318000000087e+03 2.048019999999999982e+03
1.003500000000000014e+01 1.108738079999999826e+01 1.955625160000000051e+03 2.048019999999999982e+03
1.003999999999999915e+01 1.101368712000000016e+01 1.956239274000000023e+03 2.048019999999999982e+03
1.004499999999999815e+01 1.107590087999999895e+01 1.955720825999999988e+03 2.048019999999999982e+03
1.005000000000000071e+01 1.108738079999999826e+01 1.955625160000000051e+03 2.048019999999999982e+03
1.005499999999999972e+01 1.103072184000000000e+01 1.956097318000000087e+03 2.048019999999999982e+03
1.005999999999999872e+01 1.112700503999999846e+01 1.955294957999999951e+03 2.048019999999999982e+03
1.006499999999999773e+01 1.099702271999999859e+01 1.956378144000000020e+03 2.048019999999999982e+03
1.007000000000000028e+01 1.105331136000000036e+01 1.955909071999999924e+03 2.048019999999999982e+03
1.007499999999999929e+01 1.109293559999999879e+01 1.955578870000000052e+03 2.048019999999999982e+03
1.007999999999999829e+01 1.101368712000000016e+01 1.956239274000000023e+03 2.048019999999999982e+03
1.008500000000000085e+01 1.103664695999999878e+01 1.956047941999999921e+03 2.048019999999999982e+03
1.008999999999999986e+01 1.106479127999999967e+01 1.955813405999999986e+03 2.048019999999999982e+03
1.009499999999999886e+01 1.101961223999999895e+01 1.956189898000000085e+03 2.048019999999999982e+03
1.009999999999999787e+01 1.113811463999999951e+01 1.955202377999999953e+03 2.048019999999999982e+03
1.010500000000000043e+01 1.103072184000000000e+01 1.956097318000000087e+03 2.048019999999999982e+03
1.010999999999999943e+01 1.101961223999999895e+01 1.956189898000000085e+03 2.048019999999999982e+03
1.011499999999999844e+01 1.109293559999999879e+01 1.955578870000000052e+03 2.048019999999999982e+03
1.012000000000000099e+01 1.105331136000000036e+01 1.955909071999999924e+03 2.048019999999999982e+03
1.012500000000000000e+01 1.108738079999999826e+01 1.955625160000000051e+03 2.048019999999999982e+03
1.012999999999999901e+01 1.101961223999999895e+01 1.956189898000000085e+03 2.048019999999999982e+03
1.013499999999999801e+01 1.109293559999999879e+01 1.955578870000000052e+03 2.048019999999999982e+03
1.014000000000000057e+01 1.106479127999999967e+01 1.955813405999999986e+03 2.048019999999999982e+03
1.014499999999999957e+01 1.103664695999999878e+01 1.956047941999999921e+03 2.048019999999999982e+03
1.014999999999999858e+01 1.103072184000000000e+01 1.956097318000000087e+03 2.048019999999999982e+03
1.015500000000000114e+01 1.101368712000000016e+01 1.956239274000000023e+03 2.048019999999999982e+03
1.016000000000000014e+01 1.105923647999999915e+01 1.955859695999999985e+03 2.048019999999999982e+03
1.016499999999999915e+01 1.101961223999999895e+01 1.956189898000000085e+03 2.048019999999999982e+03
1.016999999999999815e+01 1.101368712000000016e+01 1.956239274000000023e+03 2.048019999999999982e+03
1.017500000000000071e+01 1.104775655999999984e+01 1.955955361999999923e+03 2.048019999999999982e+03
1.017999999999999972e+01 1.097998799999999875e+01 1.956520099999999957e+03 2.048019999999999982e+03
1.018499999999999872e+01 1.094591856000000085e+01 1.956804012000000057e+03 2.048019999999999982e+03
1.018999999999999773e+01 1.094591856000000085e+01 1.956804012000000057e+03 2.048019999999999982e+03
1.019500000000000028e+01 1.096295327999999891e+01 1.956662055999999893e+03 2.048019999999999982e+03
1.019999999999999929e+01 1.104775655999999984e+01 1.955955361999999923e+03 2.048019999999999982e+03
1.020499999999999829e+01 1.101368712000000016e+01 1.956239274000000023e+03 2.048019999999999982e+03
1.021000000000000085e+01 1.096850807999999944e+01 1.956615765999999894e+03 2.048019999999999982e+03
1.021499999999999986e+01 1.096850807999999944e+01 1.956615765999999894e+03 2.048019999999999982e+03
1.021999999999999886e+01 1.100813231999999964e+01 1.956285564000000022e+03 2.048019999999999982e+03
1.022499999999999787e+01 1.094591856000000085e+01 1.956804012000000057e+03 2.048019999999999982e+03
1.023000000000000043e+01 1.098554279999999927e+01 1.956473809999999958e+03 2.048019999999999982e+03
1.023499999999999943e+01 1.101961223999999895e+01 1.956189898000000085e+03 2.048019999999999982e+03
1.023999999999999844e+01 1.094591856000000085e+01 1.956804012000000057e+03 2.048019999999999982e+03
1.024500000000000099e+01 1.090666463999999891e+01 1.957131127999999990e+03 2.048019999999999982e+03
1.025000000000000000e+01 1.101368712000000016e+01 1.956239274000000023e+03 2.048019999999999982e+03
1.025499999999999901e+01 1.098554279999999927e+01 1.956473809999999958e+03 2.048019999999999982e+03
1.025999999999999801e+01 1.104220175999999931e+01 1.956001651999999922e+03 2.048019999999999982e+03
1.026500000000000057e+01 1.099702271999999859e+01 1.956378144000000020e+03 2.048019999999999982e+03
1.026999999999999957e+01 1.092925415999999927e+01 1.956942882000000054e+03 2.048019999999999982e+03
1.027499999999999858e+01 1.093480895999999980e+01 1.956896592000000055e+03 2.048019999999999982e+03
1.028000000000000114e+01 1.095739848000000016e+01 1.956708345999999892e+03 2.048019999999999982e+03
1.028500000000000014e+01 1.100257751999999911e+01 1.956331854000000021e+03 2.048019999999999982e+03
1.028999999999999915e+01 1.098554279999999927e+01 1.956473809999999958e+03 2.048019999999999982e+03
1.029499999999999815e+01 1.092332904000000049e+01 1.956992257999999993e+03 2.048019999999999982e+03
1.030000000000000071e+01 1.104775655999999984e+01 1.955955361999999923e+03 2.048019999999999982e+03
1.030499999999999972e+01 1.098554279999999927e+01 1.956473809999999958e+03 2.048019999999999982e+03
1.030999999999999872e+01 1.107034608000000020e+01 1.955767115999999987e+03 2.048019999999999982e+03
1.031499999999999773e+01 1.099109759999999980e+01 1.956427519999999959e+03 2.048019999999999982e+03
1.032000000000000028e+01 1.101368712000000016e+01 1.956239274000000023e+03 2.048019999999999982e+03
1.032499999999999929e+01 1.104775655999999984e+01 1.955955361999999923e+03 2.048019999999999982e+03
1.032999999999999829e+01 1.103072184000000000e+01 1.956097318000000087e+03 2.048019999999999982e+03
1.033500000000000085e+01 1.099109759999999980e+01 1.956427519999999959e+03 2.048019999999999982e+03
1.033999999999999986e+01 1.097443319999999822e+01 1.956566389999999956e+03 2.048019999999999982e+03
1.034499999999999886e+01 1.091221943999999944e+01 1.957084837999999991e+03 2.048019999999999982e+03
1.034999999999999787e+01 1.099702271999999859e+01 1.956378144000000020e+03 2.048019999999999982e+03
1.035500000000000043e+01 1.099702271999999859e+01 1.956378144000000020e+03 2.048019999999999982e+03
1.035999999999999943e+01 1.100813231999999964e+01 1.956285564000000022e+03 2.048019999999999982e+03
1.036499999999999844e+01 1.095184367999999964e+01 1.956754635999999891e+03 2.048019999999999982e+03
1.037000000000000099e+01 1.100257751999999911e+01 1.956331854000000021e+03 2.048019999999999982e+03
1.037500000000000000e+01 1.096850807999999944e+01 1.956615765999999894e+03 2.048019999999999982e+03
1.037999999999999901e+01 1.101961223999999895e+01 1.956189898000000085e+03 2.048019999999999982e+03
1.038499999999999801e+01 1.096850807999999944e+01 1.956615765999999894e+03 2.048019999999999982e+03
1.039000000000000057e+01 1.099109759999999980e+01 1.956427519999999959e+03 2.048019999999999982e+03
1.039499999999999957e+01 1.099702271999999859e+01 1.956378144000000020e+03 2.048019999999999982e+03
1.039999999999999858e+01 1.097443319999999822e+01 1.956566389999999956e+03 2.048019999999999982e+03
1.040500000000000114e+01 1.096850807999999944e+01 1.956615765999999894e+03 2.048019999999999982e+03
1.041000000000000014e+01 1.097998799999999875e+01 1.956520099999999957e+03 2.048019999999999982e+03
1.041499999999999915e+01 1.099702271999999859e+01 1.956378144000000020e+03 2.048019999999999982e+03
1.041999999999999815e+01 1.095184367999999964e+01 1.956754635999999891e+03 2.048019999999999982e+03
1.042500000000000071e+01 1.097443319999999822e+01 1.956566389999999956e+03 2.048019999999999982e+03
1.042999999999999972e+01 1.094591856000000085e+01 1.956804012000000057e+03 2.048019999999999982e+03
1.043499999999999872e+01 1.099702271999999859e+01 1.956378144000000020e+03 2.048019999999999982e+03
1.043999999999999773e+01 1.098554279999999927e+01 1.956473809999999958e+03 2.048019999999999982e+03
1.044500000000000028e+01 1.091777423999999996e+01 1.957038547999999992e+03 2.048019999999999982e+03
1.044999999999999929e+01 1.092925415999999927e+01 1.956942882000000054e+03 2.048019999999999982e+03
1.045499999999999829e+01 1.094036376000000033e+01 1.956850302000000056e+03 2.048019999999999982e+03
1.046000000000000085e+01 1.095739848000000016e+01 1.956708345999999892e+03 2.048019999999999982e+03
1.046499999999999986e+01 1.096850807999999944e+01 1.956615765999999894e+03 2.048019999999999982e+03
1.046999999999999886e+01 1.095184367999999964e+01 1.956754635999999891e+03 2.048019999999999982e+03
1.047499999999999787e+01 1.095739848000000016e+01 1.956708345999999892e+03 2.048019999999999982e+03
1.048000000000000043e+01 1.091777423999999996e+01 1.957038547999999992e+03 2.048019999999999982e+03
1.048499999999999943e+01 1.097998799999999875e+01 1.956520099999999957e+03 2.048019999999999982e+03
1.048999999999999844e+01 1.092332904000000049e+01 1.956992257999999993e+03 2.048019999999999982e+03
1.049500000000000099e+01 1.085556047999999940e+01 1.957556996000000026e+03 2.048019999999999982e+03
1.050000000000000000e+01 1.090666463999999891e+01 1.957131127999999990e+03 2.048019999999999982e+03
1.050499999999999901e+01 1.082741616000000029e+01 1.957791531999999961e+03 2.048019999999999982e+03
1.050999999999999801e+01 1.086704039999999871e+01 1.957461330000000089e+03 2.048019999999999982e+03
1.051500000000000057e+01 1.077075720000000025e+01 1.958263689999999997e+03 2.048019999999999982e+03
1.051999999999999957e+01 1.085556047999999940e+01 1.957556996000000026e+03 2.048019999999999982e+03
1.052499999999999858e+01 1.082741616000000029e+01 1.957791531999999961e+03 2.048019999999999982e+03
1.053000000000000114e+01 1.077668231999999904e+01 1.958214314000000059e+03 2.048019999999999982e+03
1.053500000000000014e+01 1.081593624000000098e+01 1.957887197999999898e+03 2.048019999999999982e+03
1.053999999999999915e+01 1.079334672000000062e+01 1.958075444000000061e+03 2.048019999999999982e+03
1.054499999999999815e+01 1.077075720000000025e+01 1.958263689999999997e+03 2.048019999999999982e+03
1.055000000000000071e+01 1.082741616000000029e+01 1.957791531999999961e+03 2.048019999999999982e+03
1.055499999999999972e+01 1.077668231999999904e+01 1.958214314000000059e+03 2.048019999999999982e+03
1.055999999999999872e+01 1.084445088000000013e+01 1.957649576000000025e+03 2.048019999999999982e+03
1.056499999999999773e+01 1.081038144000000045e+01 1.957933487999999898e+03 2.048019999999999982e+03
1.057000000000000028e+01 1.082741616000000029e+01 1.957791531999999961e+03 2.048019999999999982e+03
1.057499999999999929e+01 1.082741616000000029e+01 1.957791531999999961e+03 2.048019999999999982e+03
1.057999999999999829e+01 1.075409279999999868e+01 1.958402559999999994e+03 2.048019999999999982e+03
1.058500000000000085e+01 1.085000567999999888e+01 1.957603286000000026e+03 2.048019999999999982e+03
1.058999999999999986e+01 1.081593624000000098e+01 1.957887197999999898e+03 2.048019999999999982e+03
1.059499999999999886e+01 1.081593624000000098e+01 1.957887197999999898e+03 2.048019999999999982e+03
1.059999999999999787e+01 1.085556047999999940e+01 1.957556996000000026e+03 2.048019999999999982e+03
1.060500000000000043e+01 1.087259519999999924e+01 1.957415040000000090e+03 2.048019999999999982e+03
1.060999999999999943e+01 1.087259519999999924e+01 1.957415040000000090e+03 2.048019999999999982e+03
1.061499999999999844e+01 1.091777423999999996e+01 1.957038547999999992e+03 2.048019999999999982e+03
1.062000000000000099e+01 1.085556047999999940e+01 1.957556996000000026e+03 2.048019999999999982e+03
1.062500000000000000e+01 1.090666463999999891e+01 1.957131127999999990e+03 2.048019999999999982e+03
1.062999999999999901e+01 1.088962991999999907e+01 1.957273083999999926e+03 2.048019999999999982e+03
1.063499999999999801e+01 1.096295327999999891e+01 1.956662055999999893e+03 2.048019999999999982e+03
1.064000000000000057e+01 1.094591856000000085e+01 1.956804012000000057e+03 2.048019999999999982e+03
1.064499999999999957e+01 1.092925415999999927e+01 1.956942882000000054e+03 2.048019999999999982e+03
1.064999999999999858e+01 1.095739848000000016e+01 1.956708345999999892e+03 2.048019999999999982e+03
1.065500000000000114e+01 1.090666463999999891e+01 1.957131127999999990e+03 2.048019999999999982e+03
1.066000000000000014e+01 1.096295327999999891e+01 1.956662055999999893e+03 2.048019999999999982e+03
1.066499999999999915e+01 1.096295327999999891e+01 1.956662055999999893e+03 2.048019999999999982e+03
1.066999999999999815e+01 1.093480895999999980e+01 1.956896592000000055e+03 2.048019999999999982e+03
1.067500000000000071e+01 1.103664695999999878e+01 1.956047941999999921e+03 2.048019999999999982e+03
1.067999999999999972e+01 1.091221943999999944e+01 1.957084837999999991e+03 2.048019999999999982e+03
1.068499999999999872e+01 1.092332904000000049e+01 1.956992257999999993e+03 2.048019999999999982e+03
1.068999999999999773e+01 1.093480895999999980e+01 1.956896592000000055e+03 2.048019999999999982e+03
1.069500000000000028e+01 1.094036376000000033e+01 1.956850302000000056e+03 2.048019999999999982e+03
1.069999999999999929e+01 1.097443319999999822e+01 1.956566389999999956e+03 2.048019999999999982e+03
1.070499999999999829e+01 1.096850807999999944e+01 1.956615765999999894e+03 2.048019999999999982e+03
1.071000000000000085e+01 1.095739848000000016e+01 1.956708345999999892e+03 2.048019999999999982e+03
1.071499999999999986e+01 1.093480895999999980e+01 1.956896592000000055e+03 2.048019999999999982e+03
1.071999999999999886e+01 1.093480895999999980e+01 1.956896592000000055e+03 2.048019999999999982e+03
1.072499999999999787e+01 1.097998799999999875e+01 1.956520099999999957e+03 2.048019999999999982e+03
1.073000000000000043e+01 1.092332904000000049e+01 1.956992257999999993e+03 2.048019999999999982e+03
1.073499999999999943e+01 1.092925415999999927e+01 1.956942882000000054e+03 2.048019999999999982e+03
1.073999999999999844e+01 1.088407511999999855e+01 1.957319373999999925e+03 2.048019999999999982e+03
1.074500000000000099e+01 1.089518471999999960e+01 1.957226793999999927e+03 2.048019999999999982e+03
1.075000000000000000e+01 1.090666463999999891e+01 1.957131127999999990e+03 2.048019999999999982e+03
1.075499999999999901e+01 1.084445088000000013e+01 1.957649576000000025e+03 2.048019999999999982e+03
1.075999999999999801e+01 1.085556047999999940e+01 1.957556996000000026e+03 2.048019999999999982e+03
1.076500000000000057e+01 1.081593624000000098e+01 1.957887197999999898e+03 2.048019999999999982e+03
1.076999999999999957e+01 1.073705807999999884e+01 1.958544515999999931e+03 2.048019999999999982e+03
1.077499999999999858e+01 1.086111527999999993e+01 1.957510706000000027e+03 2.048019999999999982e+03
1.078000000000000114e+01 1.077668231999999904e+01 1.958214314000000059e+03 2.048019999999999982e+03
1.078500000000000014e+01 1.085556047999999940e+01 1.957556996000000026e+03 2.048019999999999982e+03
1.078999999999999915e+01 1.077668231999999904e+01 1.958214314000000059e+03 2.048019999999999982e+03
1.079499999999999815e+01 1.077075720000000025e+01 1.958263689999999997e+03 2.048019999999999982e+03
1.080000000000000071e+01 1.078223711999999956e+01 1.958168024000000059e+03 2.048019999999999982e+03
1.080499999999999972e+01 1.073705807999999884e+01 1.958544515999999931e+03 2.048019999999999982e+03
1.080999999999999872e+01 1.070854343999999969e+01 1.958782138000000032e+03 2.048019999999999982e+03
1.081499999999999773e+01 1.070298864000000094e+01 1.958828428000000031e+03 2.048019999999999982e+03
1.082000000000000028e+01 1.068039912000000058e+01 1.959016673999999966e+03 2.048019999999999982e+03
1.082499999999999929e+01 1.069187903999999989e+01 1.958921008000000029e+03 2.048019999999999982e+03
1.082999999999999829e+01 1.066336440000000074e+01 1.959158629999999903e+03 2.048019999999999982e+03
1.083500000000000085e+01 1.071446856000000025e+01 1.958732762000000093e+03 2.048019999999999982e+03
1.083999999999999986e+01 1.072557815999999953e+01 1.958640182000000095e+03 2.048019999999999982e+03
1.084499999999999886e+01 1.068039912000000058e+01 1.959016673999999966e+03 2.048019999999999982e+03
1.084999999999999787e+01 1.066336440000000074e+01 1.959158629999999903e+03 2.048019999999999982e+03
1.085500000000000043e+01 1.072002336000000078e+01 1.958686471999999867e+03 2.048019999999999982e+03
1.085999999999999943e+01 1.072002336000000078e+01 1.958686471999999867e+03 2.048019999999999982e+03
1.086499999999999844e+01 1.064669999999999916e+01 1.959297499999999900e+03 2.048019999999999982e+03
1.087000000000000099e+01 1.069743384000000042e+01 1.958874718000000030e+03 2.048019999999999982e+03
1.087500000000000000e+01 1.072557815999999953e+01 1.958640182000000095e+03 2.048019999999999982e+03
1.087999999999999901e+01 1.064669999999999916e+01 1.959297499999999900e+03 2.048019999999999982e+03
1.088499999999999801e+01 1.074261287999999936e+01 1.958498225999999931e+03 2.048019999999999982e+03
1.089000000000000057e+01 1.073113296000000005e+01 1.958593891999999869e+03 2.048019999999999982e+03
1.089499999999999957e+01 1.074816767999999989e+01 1.958451935999999932e+03 2.048019999999999982e+03
1.089999999999999858e+01 1.078223711999999956e+01 1.958168024000000059e+03 2.048019999999999982e+03
1.090500000000000114e+01 1.079927183999999940e+01 1.958026067999999896e+03 2.048019999999999982e+03
1.091000000000000014e+01 1.082186135999999976e+01 1.957837821999999960e+03 2.048019999999999982e+03
1.091499999999999915e+01 1.075964759999999920e+01 1.958356269999999995e+03 2.048019999999999982e+03
1.091999999999999815e+01 1.076520239999999973e+01 1.958309979999999996e+03 2.048019999999999982e+03
1.092500000000000071e+01 1.080482663999999993e+01 1.957979777999999897e+03 2.048019999999999982e+03
1.092999999999999972e+01 1.077075720000000025e+01 1.958263689999999997e+03 2.048019999999999982e+03
1.093499999999999872e+01 1.083297096000000082e+01 1.957745241999999962e+03 2.048019999999999982e+03
1.093999999999999773e+01 1.082741616000000029e+01 1.957791531999999961e+03 2.048019999999999982e+03
1.094500000000000028e+01 1.087814999999999976e+01 1.957368750000000091e+03 2.048019999999999982e+03
1.094999999999999929e+01 1.089518471999999960e+01 1.957226793999999927e+03 2.048019999999999982e+03
1.095499999999999829e+01 1.087814999999999976e+01 1.957368750000000091e+03 2.048019999999999982e+03
1.096000000000000085e+01 1.093480895999999980e+01 1.956896592000000055e+03 2.048019999999999982e+03
1.096499999999999986e+01 1.082186135999999976e+01 1.957837821999999960e+03 2.048019999999999982e+03
1.096999999999999886e+01 1.087814999999999976e+01 1.957368750000000091e+03 2.048019999999999982e+03
1.097499999999999787e+01 1.088962991999999907e+01 1.957273083999999926e+03 2.048019999999999982e+03
1.098000000000000043e+01 1.091777423999999996e+01 1.957038547999999992e+03 2.048019999999999982e+03
1.098499999999999943e+01 1.092332904000000049e+01 1.956992257999999993e+03 2.048019999999999982e+03
1.098999999999999844e+01 1.090666463999999891e+01 1.957131127999999990e+03 2.048019999999999982e+03
1.099500000000000099e+01 1.085556047999999940e+01 1.957556996000000026e+03 2.048019999999999982e+03
1.100000000000000000e+01 1.083297096000000082e+01 1.957745241999999962e+03 2.048019999999999982e+03
1.100499999999999901e+01 1.077075720000000025e+01 1.958263689999999997e+03 2.048019999999999982e+03
1.100999999999999801e+01 1.091777423999999996e+01 1.957038547999999992e+03 2.048019999999999982e+03
1.101500000000000057e+01 1.083297096000000082e+01 1.957745241999999962e+03 2.048019999999999982e+03
1.101999999999999957e+01 1.085000567999999888e+01 1.957603286000000026e+03 2.048019999999999982e+03
1.102499999999999858e+01 1.085556047999999940e+01 1.957556996000000026e+03 2.048019999999999982e+03
1.103000000000000114e+01 1.080482663999999993e+01 1.957979777999999897e+03 2.048019999999999982e+03
1.103500000000000014e+01 1.082186135999999976e+01 1.957837821999999960e+03 2.048019999999999982e+03
1.103999999999999915e+01 1.083297096000000082e+01 1.957745241999999962e+03 2.048019999999999982e+03
1.104499999999999815e+01 1.077075720000000025e+01 1.958263689999999997e+03 2.048019999999999982e+03
1.105000000000000071e+01 1.078779192000000009e+01 1.958121734000000060e+03 2.048019999999999982e+03
1.105499999999999972e+01 1.080482663999999993e+01 1.957979777999999897e+03 2.048019999999999982e+03
1.105999999999999872e+01 1.085556047999999940e+01 1.957556996000000026e+03 2.048019999999999982e+03
1.106499999999999773e+01 1.076520239999999973e+01 1.958309979999999996e+03 2.048019999999999982e+03
1.107000000000000028e+01 1.078779192000000009e+01 1.958121734000000060e+03 2.048019999999999982e+03
1.107499999999999929e+01 1.078223711999999956e+01 1.958168024000000059e+03 2.048019999999999982e+03
1.107999999999999829e+01 1.069743384000000042e+01 1.958874718000000030e+03 2.048019999999999982e+03
1.108500000000000085e+01 1.077075720000000025e+01 1.958263689999999997e+03 2.048019999999999982e+03
1.108999999999999986e+01 1.074261287999999936e+01 1.958498225999999931e+03 2.048019999999999982e+03
1.109499999999999886e+01 1.073113296000000005e+01 1.958593891999999869e+03 2.048019999999999982e+03
1.109999999999999787e+01 1.069743384000000042e+01 1.958874718000000030e+03 2.048019999999999982e+03
1.110500000000000043e+01 1.069187903999999989e+01 1.958921008000000029e+03 2.048019999999999982e+03
1.110999999999999943e+01 1.068595392000000110e+01 1.958970383999999967e+03 2.048019999999999982e+03
1.111499999999999844e+01 1.065225479999999969e+01 1.959251209999999901e+03 2.048019999999999982e+03
1.112000000000000099e+01 1.060707576000000074e+01 1.959627701999999999e+03 2.048019999999999982e+03
1.112500000000000000e+01 1.066928951999999953e+01 1.959109253999999964e+03 2.048019999999999982e+03
1.112999999999999901e+01 1.059559583999999965e+01 1.959723367999999937e+03 2.048019999999999982e+03
1.113499999999999801e+01 1.055597159999999946e+01 1.960053570000000036e+03 2.048019999999999982e+03
1.114000000000000057e+01 1.057856112000000159e+01 1.959865323999999873e+03 2.048019999999999982e+03
1.114499999999999957e+01 1.059559583999999965e+01 1.959723367999999937e+03 2.048019999999999982e+03
1.114999999999999858e+01 1.053930719999999965e+01 1.960192440000000033e+03 2.048019999999999982e+03
1.115500000000000114e+01 1.053338207999999909e+01 1.960241815999999972e+03 2.048019999999999982e+03
1.116000000000000014e+01 1.051671767999999929e+01 1.960380685999999969e+03 2.048019999999999982e+03
1.116499999999999915e+01 1.042043447999999906e+01 1.961183046000000104e+03 2.048019999999999982e+03
1.116999999999999815e+01 1.049412816000000070e+01 1.960568931999999904e+03 2.048019999999999982e+03
1.117500000000000071e+01 1.049968295999999945e+01 1.960522641999999905e+03 2.048019999999999982e+03
1.117999999999999972e+01 1.042598927999999958e+01 1.961136755999999878e+03 2.048019999999999982e+03
1.118499999999999872e+01 1.037525543999999833e+01 1.961559537999999975e+03 2.048019999999999982e+03
1.118999999999999773e+01 1.047153864000000034e+01 1.960757178000000067e+03 2.048019999999999982e+03
1.119500000000000028e+01 1.046561351999999978e+01 1.960806554000000006e+03 2.048019999999999982e+03
1.119999999999999929e+01 1.044302399999999942e+01 1.960994799999999941e+03 2.048019999999999982e+03
1.120499999999999829e+01 1.044857879999999994e+01 1.960948509999999942e+03 2.048019999999999982e+03
1.121000000000000085e+01 1.048264823999999962e+01 1.960664598000000069e+03 2.048019999999999982e+03
1.121499999999999986e+01 1.050523775999999998e+01 1.960476351999999906e+03 2.048019999999999982e+03
1.121999999999999886e+01 1.052782728000000034e+01 1.960288105999999971e+03 2.048019999999999982e+03
1.122499999999999787e+01 1.060707576000000074e+01 1.959627701999999999e+03 2.048019999999999982e+03
1.123000000000000043e+01 1.057300632000000107e+01 1.959911613999999872e+03 2.048019999999999982e+03
1.123499999999999943e+01 1.062966527999999933e+01 1.959439456000000064e+03 2.048019999999999982e+03
1.123999999999999844e+01 1.064669999999999916e+01 1.959297499999999900e+03 2.048019999999999982e+03
1.124500000000000099e+01 1.060152096000000022e+01 1.959673991999999998e+03 2.048019999999999982e+03
1.125000000000000000e+01 1.065780960000000022e+01 1.959204919999999902e+03 2.048019999999999982e+03
1.125499999999999901e+01 1.061263055999999949e+01 1.959581412000000000e+03 2.048019999999999982e+03
1.125999999999999801e+01 1.070854343999999969e+01 1.958782138000000032e+03 2.048019999999999982e+03
1.126500000000000057e+01 1.074261287999999936e+01 1.958498225999999931e+03 2.048019999999999982e+03
1.126999999999999957e+01 1.072002336000000078e+01 1.958686471999999867e+03 2.048019999999999982e+03
1.127499999999999858e+01 1.067484432000000005e+01 1.959062963999999965e+03 2.048019999999999982e+03
1.128000000000000114e+01 1.069187903999999989e+01 1.958921008000000029e+03 2.048019999999999982e+03
1.128500000000000014e+01 1.068595392000000110e+01 1.958970383999999967e+03 2.048019999999999982e+03
1.128999999999999915e+01 1.073113296000000005e+01 1.958593891999999869e+03 2.048019999999999982e+03
1.129499999999999815e+01 1.074261287999999936e+01 1.958498225999999931e+03 2.048019999999999982e+03
1.130000000000000071e+01 1.064669999999999916e+01 1.959297499999999900e+03 2.048019999999999982e+03
1.130499999999999972e+01 1.072557815999999953e+01 1.958640182000000095e+03 2.048019999999999982e+03
1.130999999999999872e+01 1.072557815999999953e+01 1.958640182000000095e+03 2.048019999999999982e+03
1.131499999999999773e+01 1.069743384000000042e+01 1.958874718000000030e+03 2.048019999999999982e+03
1.132000000000000028e+01 1.065780960000000022e+01 1.959204919999999902e+03 2.048019999999999982e+03
1.132499999999999929e+01 1.073113296000000005e+01 1.958593891999999869e+03 2.048019999999999982e+03
1.132999999999999829e+01 1.066336440000000074e+01 1.959158629999999903e+03 2.048019999999999982e+03
1.133500000000000085e+01 1.065780960000000022e+01 1.959204919999999902e+03 2.048019999999999982e+03
1.133999999999999986e+01 1.062411047999999880e+01 1.959485746000000063e+03 2.048019999999999982e+03
1.134499999999999886e+01 1.059559583999999965e+01 1.959723367999999937e+03 2.048019999999999982e+03
1.134999999999999787e+01 1.060707576000000074e+01 1.959627701999999999e+03 2.048019999999999982e+03
1.135500000000000043e+01 1.057856112000000159e+01 1.959865323999999873e+03 2.048019999999999982e+03
1.135999999999999943e+01 1.061263055999999949e+01 1.959581412000000000e+03 2.048019999999999982e+03
1.136499999999999844e+01 1.060152096000000022e+01 1.959673991999999998e+03 2.048019999999999982e+03
1.137000000000000099e+01 1.057856112000000159e+01 1.959865323999999873e+03 2.048019999999999982e+03
1.137500000000000000e+01 1.052782728000000034e+01 1.960288105999999971e+03 2.048019999999999982e+03
1.137999999999999901e+01 1.060707576000000074e+01 1.959627701999999999e+03 2.048019999999999982e+03
1.138499999999999801e+01 1.056189672000000002e+01 1.960004194000000098e+03 2.048019999999999982e+03
1.139000000000000057e+01 1.052227247999999982e+01 1.960334395999999970e+03 2.048019999999999982e+03
1.139499999999999957e+01 1.062966527999999933e+01 1.959439456000000064e+03 2.048019999999999982e+03
1.139999999999999858e+01 1.051079255999999873e+01 1.960430061999999907e+03 2.048019999999999982e+03
1.140500000000000114e+01 1.054486200000000018e+01 1.960146150000000034e+03 2.048019999999999982e+03
1.141000000000000014e+01 1.045450392000000051e+01 1.960899134000000004e+03 2.048019999999999982e+03
1.141499999999999915e+01 1.047153864000000034e+01 1.960757178000000067e+03 2.048019999999999982e+03
1.141999999999999815e+01 1.044857879999999994e+01 1.960948509999999942e+03 2.048019999999999982e+03
1.142500000000000071e+01 1.046005872000000103e+01 1.960852844000000005e+03 2.048019999999999982e+03
1.142999999999999972e+01 1.039784495999999869e+01 1.961371292000000039e+03 2.048019999999999982e+03
1.143499999999999872e+01 1.042598927999999958e+01 1.961136755999999878e+03 2.048019999999999982e+03
1.143999999999999773e+01 1.036414584000000083e+01 1.961652117999999973e+03 2.048019999999999982e+03
1.144500000000000028e+01 1.042043447999999906e+01 1.961183046000000104e+03 2.048019999999999982e+03
1.144999999999999929e+01 1.033007639999999938e+01 1.961936030000000073e+03 2.048019999999999982e+03
1.145499999999999829e+01 1.034155632000000047e+01 1.961840363999999909e+03 2.048019999999999982e+03
1.146000000000000085e+01 1.047153864000000034e+01 1.960757178000000067e+03 2.048019999999999982e+03
1.146499999999999986e+01 1.031304167999999954e+01 1.962077986000000010e+03 2.048019999999999982e+03
1.146999999999999886e+01 1.032452159999999886e+01 1.961982320000000072e+03 2.048019999999999982e+03
1.147499999999999787e+01 1.031896680000000011e+01 1.962028610000000072e+03 2.048019999999999982e+03
1.148000000000000043e+01 1.023971831999999971e+01 1.962689014000000043e+03 2.048019999999999982e+03
1.148499999999999943e+01 1.034711112000000099e+01 1.961794073999999910e+03 2.048019999999999982e+03
1.148999999999999844e+01 1.033007639999999938e+01 1.961936030000000073e+03 2.048019999999999982e+03
1.149500000000000099e+01 1.027934255999999813e+01 1.962358811999999944e+03 2.048019999999999982e+03
1.150000000000000000e+01 1.026230783999999829e+01 1.962500767999999880e+03 2.048019999999999982e+03
1.150499999999999901e+01 1.027934255999999813e+01 1.962358811999999944e+03 2.048019999999999982e+03
1.150999999999999801e+01 1.031304167999999954e+01 1.962077986000000010e+03 2.048019999999999982e+03
1.151500000000000057e+01 1.021712879999999934e+01 1.962877259999999978e+03 2.048019999999999982e+03
1.151999999999999957e+01 1.026230783999999829e+01 1.962500767999999880e+03 2.048019999999999982e+03
1.152499999999999858e+01 1.026786263999999882e+01 1.962454478000000108e+03 2.048019999999999982e+03
1.153000000000000114e+01 1.029045215999999918e+01 1.962266231999999945e+03 2.048019999999999982e+03
1.153500000000000014e+01 1.031304167999999954e+01 1.962077986000000010e+03 2.048019999999999982e+03
1.153999999999999915e+01 1.030193207999999849e+01 1.962170566000000008e+03 2.048019999999999982e+03
1.154499999999999815e+01 1.030193207999999849e+01 1.962170566000000008e+03 2.048019999999999982e+03
1.155000000000000071e+01 1.030748687999999902e+01 1.962124276000000009e+03 2.048019999999999982e+03
1.155499999999999972e+01 1.027341743999999935e+01 1.962408187999999882e+03 2.048019999999999982e+03
1.155999999999999872e+01 1.031304167999999954e+01 1.962077986000000010e+03 2.048019999999999982e+03
1.156499999999999773e+01 1.030748687999999902e+01 1.962124276000000009e+03 2.048019999999999982e+03
1.157000000000000028e+01 1.033007639999999938e+01 1.961936030000000073e+03 2.048019999999999982e+03
1.157499999999999929e+01 1.036970063999999958e+01 1.961605827999999974e+03 2.048019999999999982e+03
1.157999999999999829e+01 1.036414584000000083e+01 1.961652117999999973e+03 2.048019999999999982e+03
1.158500000000000085e+01 1.038673535999999942e+01 1.961463872000000038e+03 2.048019999999999982e+03
1.158999999999999986e+01 1.042043447999999906e+01 1.961183046000000104e+03 2.048019999999999982e+03
1.159499999999999886e+01 1.049412816000000070e+01 1.960568931999999904e+03 2.048019999999999982e+03
1.159999999999999787e+01 1.043191440000000014e+01 1.961087379999999939e+03 2.048019999999999982e+03
1.160500000000000043e+01 1.040339975999999922e+01 1.961325002000000040e+03 2.048019999999999982e+03
1.160999999999999943e+01 1.047153864000000034e+01 1.960757178000000067e+03 2.048019999999999982e+03
1.161499999999999844e+01 1.043746920000000067e+01 1.961041089999999940e+03 2.048019999999999982e+03
1.162000000000000099e+01 1.052227247999999982e+01 1.960334395999999970e+03 2.048019999999999982e+03
1.162500000000000000e+01 1.047153864000000034e+01 1.960757178000000067e+03 2.048019999999999982e+03
1.162999999999999901e+01 1.047153864000000034e+01 1.960757178000000067e+03 2.048019999999999982e+03
1.163499999999999801e+01 1.051079255999999873e+01 1.960430061999999907e+03 2.048019999999999982e+03
1.164000000000000057e+01 1.051079255999999873e+01 1.960430061999999907e+03 2.048019999999999982e+03
1.164499999999999957e+01 1.050523775999999998e+01 1.960476351999999906e+03 2.048019999999999982e+03
1.164999999999999858e+01 1.047153864000000034e+01 1.960757178000000067e+03 2.048019999999999982e+03
1.165500000000000114e+01 1.045450392000000051e+01 1.960899134000000004e+03 2.048019999999999982e+03
1.166000000000000014e+01 1.049412816000000070e+01 1.960568931999999904e+03 2.048019999999999982e+03
1.166499999999999915e+01 1.041487968000000031e+01 1.961229335999999876e+03 2.048019999999999982e+03
1.166999999999999815e+01 1.042043447999999906e+01 1.961183046000000104e+03 2.048019999999999982e+03
1.167500000000000071e+01 1.039784495999999869e+01 1.961371292000000039e+03 2.048019999999999982e+03
1.167999999999999972e+01 1.036970063999999958e+01 1.961605827999999974e+03 2.048019999999999982e+03
1.168499999999999872e+01 1.030748687999999902e+01 1.962124276000000009e+03 2.048019999999999982e+03
1.168999999999999773e+01 1.034711112000000099e+01 1.961794073999999910e+03 2.048019999999999982e+03
1.169500000000000028e+01 1.027341743999999935e+01 1.962408187999999882e+03 2.048019999999999982e+03
1.169999999999999929e+01 1.027934255999999813e+01 1.962358811999999944e+03 2.048019999999999982e+03
1.170499999999999829e+01 1.023971831999999971e+01 1.962689014000000043e+03 2.048019999999999982e+03
1.171000000000000085e+01 1.021157399999999882e+01 1.962923549999999977e+03 2.048019999999999982e+03
1.171499999999999986e+01 1.026230783999999829e+01 1.962500767999999880e+03 2.048019999999999982e+03
1.171999999999999886e+01 1.025082791999999898e+01 1.962596434000000045e+03 2.048019999999999982e+03
1.172499999999999787e+01 1.022823840000000040e+01 1.962784679999999980e+03 2.048019999999999982e+03
1.173000000000000043e+01 1.018305935999999967e+01 1.963161172000000079e+03 2.048019999999999982e+03
1.173499999999999943e+01 1.021712879999999934e+01 1.962877259999999978e+03 2.048019999999999982e+03
1.173999999999999844e+01 1.018305935999999967e+01 1.963161172000000079e+03 2.048019999999999982e+03
1.174500000000000099e+01 1.025675303999999954e+01 1.962547057999999879e+03 2.048019999999999982e+03
1.175000000000000000e+01 1.026786263999999882e+01 1.962454478000000108e+03 2.048019999999999982e+03
1.175499999999999901e+01 1.026230783999999829e+01 1.962500767999999880e+03 2.048019999999999982e+03
1.175999999999999801e+01 1.029600695999999971e+01 1.962219941999999946e+03 2.048019999999999982e+03
1.176500000000000057e+01 1.021157399999999882e+01 1.962923549999999977e+03 2.048019999999999982e+03
1.176999999999999957e+01 1.022823840000000040e+01 1.962784679999999980e+03 2.048019999999999982e+03
1.177499999999999858e+01 1.024527311999999846e+01 1.962642724000000044e+03 2.048019999999999982e+03
1.178000000000000114e+01 1.031304167999999954e+01 1.962077986000000010e+03 2.048019999999999982e+03
1.178500000000000014e+01 1.022823840000000040e+01 1.962784679999999980e+03 2.048019999999999982e+03
1.178999999999999915e+01 1.025675303999999954e+01 1.962547057999999879e+03 2.048019999999999982e+03
1.179499999999999815e+01 1.022823840000000040e+01 1.962784679999999980e+03 2.048019999999999982e+03
1.180000000000000071e+01 1.021157399999999882e+01 1.962923549999999977e+03 2.048019999999999982e+03
1.180499999999999972e+01 1.021157399999999882e+01 1.962923549999999977e+03 2.048019999999999982e+03
1.180999999999999872e+01 1.026230783999999829e+01 1.962500767999999880e+03 2.048019999999999982e+03
1.181499999999999773e+01 1.023971831999999971e+01 1.962689014000000043e+03 2.048019999999999982e+03
1.182000000000000028e+01 1.017750455999999915e+01 1.963207462000000078e+03 2.048019999999999982e+03
1.182499999999999929e+01 1.020009407999999951e+01 1.963019215999999915e+03 2.048019999999999982e+03
1.182999999999999829e+01 1.014936023999999826e+01 1.963441998000000012e+03 2.048019999999999982e+03
1.183500000000000085e+01 1.021157399999999882e+01 1.962923549999999977e+03 2.048019999999999982e+03
1.183999999999999986e+01 1.022823840000000040e+01 1.962784679999999980e+03 2.048019999999999982e+03
1.184499999999999886e+01 1.030748687999999902e+01 1.962124276000000009e+03 2.048019999999999982e+03
1.184999999999999787e+01 1.021712879999999934e+01 1.962877259999999978e+03 2.048019999999999982e+03
1.185500000000000043e+01 1.022823840000000040e+01 1.962784679999999980e+03 2.048019999999999982e+03
1.185999999999999943e+01 1.021712879999999934e+01 1.962877259999999978e+03 2.048019999999999982e+03
1.186499999999999844e+01 1.025675303999999954e+01 1.962547057999999879e+03 2.048019999999999982e+03
1.187000000000000099e+01 1.020564888000000003e+01 1.962972925999999916e+03 2.048019999999999982e+03
1.187500000000000000e+01 1.018305935999999967e+01 1.963161172000000079e+03 2.048019999999999982e+03
1.187999999999999901e+01 1.026230783999999829e+01 1.962500767999999880e+03 2.048019999999999982e+03
1.188499999999999801e+01 1.025675303999999954e+01 1.962547057999999879e+03 2.048019999999999982e+03
1.189000000000000057e+01 1.021712879999999934e+01 1.962877259999999978e+03 2.048019999999999982e+03
1.189499999999999957e+01 1.029600695999999971e+01 1.962219941999999946e+03 2.048019999999999982e+03
1.189999999999999858e+01 1.029045215999999918e+01 1.962266231999999945e+03 2.048019999999999982e+03
1.190500000000000114e+01 1.026786263999999882e+01 1.962454478000000108e+03 2.048019999999999982e+03
1.191000000000000014e+01 1.036970063999999958e+01 1.961605827999999974e+03 2.048019999999999982e+03
1.191499999999999915e+01 1.035266591999999974e+01 1.961747783999999911e+03 2.048019999999999982e+03
1.191999999999999815e+01 1.032452159999999886e+01 1.961982320000000072e+03 2.048019999999999982e+03
1.192500000000000071e+01 1.029600695999999971e+01 1.962219941999999946e+03 2.048019999999999982e+03
1.192999999999999972e+01 1.030193207999999849e+01 1.962170566000000008e+03 2.048019999999999982e+03
1.193499999999999872e+01 1.029045215999999918e+01 1.962266231999999945e+03 2.048019999999999982e+03
1.193999999999999773e+01 1.030748687999999902e+01 1.962124276000000009e+03 2.048019999999999982e+03
1.194500000000000028e+01 1.029600695999999971e+01 1.962219941999999946e+03 2.048019999999999982e+03
1.194999999999999929e+01 1.033563119999999991e+01 1.961889740000000074e+03 2.048019999999999982e+03
1.195499999999999829e+01 1.032452159999999886e+01 1.961982320000000072e+03 2.048019999999999982e+03
1.196000000000000085e+01 1.027934255999999813e+01 1.962358811999999944e+03 2.048019999999999982e+03
1.196499999999999986e+01 1.030193207999999849e+01 1.962170566000000008e+03 2.048019999999999982e+03
1.196999999999999886e+01 1.024527311999999846e+01 1.962642724000000044e+03 2.048019999999999982e+03
1.197499999999999787e+01 1.027341743999999935e+01 1.962408187999999882e+03 2.048019999999999982e+03
1.198000000000000043e+01 1.023971831999999971e+01 1.962689014000000043e+03 2.048019999999999982e+03
1.198499999999999943e+01 1.028489735999999866e+01 1.962312521999999944e+03 2.048019999999999982e+03
1.198999999999999844e+01 1.022823840000000040e+01 1.962784679999999980e+03 2.048019999999999982e+03
1.199500000000000099e+01 1.025082791999999898e+01 1.962596434000000045e+03 2.048019999999999982e+03
1.200000000000000000e+01 1.027934255999999813e+01 1.962358811999999944e+03 2.048019999999999982e+03
1.200499999999999901e+01 1.022268359999999987e+01 1.962830969999999979e+03 2.048019999999999982e+03
1.200999999999999801e+01 1.018305935999999967e+01 1.963161172000000079e+03 2.048019999999999982e+03
1.201500000000000057e+01 1.023416351999999918e+01 1.962735304000000042e+03 2.048019999999999982e+03
1.201999999999999957e+01 1.023971831999999971e+01 1.962689014000000043e+03 2.048019999999999982e+03
1.202499999999999858e+01 1.022823840000000040e+01 1.962784679999999980e+03 2.048019999999999982e+03
1.203000000000000114e+01 1.020564888000000003e+01 1.962972925999999916e+03 2.048019999999999982e+03
1.203500000000000014e+01 1.023971831999999971e+01 1.962689014000000043e+03 2.048019999999999982e+03
1.203999999999999915e+01 1.019453927999999898e+01 1.963065505999999914e+03 2.048019999999999982e+03
1.204499999999999815e+01 1.020564888000000003e+01 1.962972925999999916e+03 2.048019999999999982e+03
1.205000000000000071e+01 1.018305935999999967e+01 1.963161172000000079e+03 2.048019999999999982e+03
1.205499999999999972e+01 1.016602463999999806e+01 1.963303128000000015e+03 2.048019999999999982e+03
1.205999999999999872e+01 1.023416351999999918e+01 1.962735304000000042e+03 2.048019999999999982e+03
1.206499999999999773e+01 1.018305935999999967e+01 1.963161172000000079e+03 2.048019999999999982e+03
1.207000000000000028e+01 1.020564888000000003e+01 1.962972925999999916e+03 2.048019999999999982e+03
1.207499999999999929e+01 1.016046983999999931e+01 1.963349418000000014e+03 2.048019999999999982e+03
1.208000000000000185e+01 1.018305935999999967e+01 1.963161172000000079e+03 2.048019999999999982e+03
1.208500000000000085e+01 1.025082791999999898e+01 1.962596434000000045e+03 2.048019999999999982e+03
1.208999999999999986e+01 1.016046983999999931e+01 1.963349418000000014e+03 2.048019999999999982e+03
1.209499999999999886e+01 1.018898447999999846e+01 1.963111795999999913e+03 2.048019999999999982e+03
1.210000000000000142e+01 1.021712879999999934e+01 1.962877259999999978e+03 2.048019999999999982e+03
1.210500000000000043e+01 1.017194975999999862e+01 1.963253752000000077e+03 2.048019999999999982e+03
1.210999999999999943e+01 1.022823840000000040e+01 1.962784679999999980e+03 2.048019999999999982e+03
1.211500000000000199e+01 1.024527311999999846e+01 1.962642724000000044e+03 2.048019999999999982e+03
1.212000000000000099e+01 1.023416351999999918e+01 1.962735304000000042e+03 2.048019999999999982e+03
1.212500000000000000e+01 1.026786263999999882e+01 1.962454478000000108e+03 2.048019999999999982e+03
1.212999999999999901e+01 1.018898447999999846e+01 1.963111795999999913e+03 2.048019999999999982e+03
1.213500000000000156e+01 1.014936023999999826e+01 1.963441998000000012e+03 2.048019999999999982e+03
1.214000000000000057e+01 1.020564888000000003e+01 1.962972925999999916e+03 2.048019999999999982e+03
1.214499999999999957e+01 1.021712879999999934e+01 1.962877259999999978e+03 2.048019999999999982e+03
1.214999999999999858e+01 1.027341743999999935e+01 1.962408187999999882e+03 2.048019999999999982e+03
1.215500000000000114e+01 1.027341743999999935e+01 1.962408187999999882e+03 2.048019999999999982e+03
1.216000000000000014e+01 1.028489735999999866e+01 1.962312521999999944e+03 2.048019999999999982e+03
1.216499999999999915e+01 1.018898447999999846e+01 1.963111795999999913e+03 2.048019999999999982e+03
1.217000000000000171e+01 1.019453927999999898e+01 1.963065505999999914e+03 2.048019999999999982e+03
1.217500000000000071e+01 1.017750455999999915e+01 1.963207462000000078e+03 2.048019999999999982e+03
1.217999999999999972e+01 1.024527311999999846e+01 1.962642724000000044e+03 2.048019999999999982e+03
1.218499999999999872e+01 1.025082791999999898e+01 1.962596434000000045e+03 2.048019999999999982e+03
1.219000000000000128e+01 1.021157399999999882e+01 1.962923549999999977e+03 2.048019999999999982e+03
1.219500000000000028e+01 1.023416351999999918e+01 1.962735304000000042e+03 2.048019999999999982e+03
1.219999999999999929e+01 1.026786263999999882e+01 1.962454478000000108e+03 2.048019999999999982e+03
1.220500000000000185e+01 1.019453927999999898e+01 1.963065505999999914e+03 2.048019999999999982e+03
1.221000000000000085e+01 1.022268359999999987e+01 1.962830969999999979e+03 2.048019999999999982e+03
1.221499999999999986e+01 1.023416351999999918e+01 1.962735304000000042e+03 2.048019999999999982e+03
1.221999999999999886e+01 1.016602463999999806e+01 1.963303128000000015e+03 2.048019999999999982e+03
1.222500000000000142e+01 1.023971831999999971e+01 1.962689014000000043e+03 2.048019999999999982e+03
1.223000000000000043e+01 1.013232552000000020e+01 1.963583953999999949e+03 2.048019999999999982e+03
1.223499999999999943e+01 1.023416351999999918e+01 1.962735304000000042e+03 2.048019999999999982e+03
1.224000000000000199e+01 1.021712879999999934e+01 1.962877259999999978e+03 2.048019999999999982e+03
1.224500000000000099e+01 1.020564888000000003e+01 1.962972925999999916e+03 2.048019999999999982e+03
1.225000000000000000e+01 1.019453927999999898e+01 1.963065505999999914e+03 2.048019999999999982e+03
1.225499999999999901e+01 1.028489735999999866e+01 1.962312521999999944e+03 2.048019999999999982e+03
1.226000000000000156e+01 1.028489735999999866e+01 1.962312521999999944e+03 2.048019999999999982e+03
1.226500000000000057e+01 1.024527311999999846e+01 1.962642724000000044e+03 2.048019999999999982e+03
1.226999999999999957e+01 1.025675303999999954e+01 1.962547057999999879e+03 2.048019999999999982e+03
1.227499999999999858e+01 1.016602463999999806e+01 1.963303128000000015e+03 2.048019999999999982e+03
1.228000000000000114e+01 1.025675303999999954e+01 1.962547057999999879e+03 2.048019999999999982e+03
1.228500000000000014e+01 1.021157399999999882e+01 1.962923549999999977e+03 2.048019999999999982e+03
1.228999999999999915e+01 1.021157399999999882e+01 1.962923549999999977e+03 2.048019999999999982e+03
1.229500000000000171e+01 1.024527311999999846e+01 1.962642724000000044e+03 2.048019999999999982e+03
1.230000000000000071e+01 1.020009407999999951e+01 1.963019215999999915e+03 2.048019999999999982e+03
1.230499999999999972e+01 1.023971831999999971e+01 1.962689014000000043e+03 2.048019999999999982e+03
1.230999999999999872e+01 1.022823840000000040e+01 1.962784679999999980e+03 2.048019999999999982e+03
1.231500000000000128e+01 1.032452159999999886e+01 1.961982320000000072e+03 2.048019999999999982e+03
1.232000000000000028e+01 1.026230783999999829e+01 1.962500767999999880e+03 2.048019999999999982e+03
1.232499999999999929e+01 1.024527311999999846e+01 1.962642724000000044e+03 2.048019999999999982e+03
1.233000000000000185e+01 1.028489735999999866e+01 1.962312521999999944e+03 2.048019999999999982e+03
1.233500000000000085e+01 1.027341743999999935e+01 1.962408187999999882e+03 2.048019999999999982e+03
1.233999999999999986e+01 1.027341743999999935e+01 1.962408187999999882e+03 2.048019999999999982e+03
1.234499999999999886e+01 1.033007639999999938e+01 1.961936030000000073e+03 2.048019999999999982e+03
1.235000000000000142e+01 1.030748687999999902e+01 1.962124276000000009e+03 2.048019999999999982e+03
1.235500000000000043e+01 1.034155632000000047e+01 1.961840363999999909e+03 2.048019999999999982e+03
1.235999999999999943e+01 1.030748687999999902e+01 1.962124276000000009e+03 2.048019999999999982e+03
1.236500000000000199e+01 1.023971831999999971e+01 1.962689014000000043e+03 2.048019999999999982e+03
1.237000000000000099e+01 1.023416351999999918e+01 1.962735304000000042e+03 2.048019999999999982e+03
1.237500000000000000e+01 1.020564888000000003e+01 1.962972925999999916e+03 2.048019999999999982e+03
1.237999999999999901e+01 1.024527311999999846e+01 1.962642724000000044e+03 2.048019999999999982e+03
1.238500000000000156e+01 1.027934255999999813e+01 1.962358811999999944e+03 2.048019999999999982e+03
1.239000000000000057e+01 1.029600695999999971e+01 1.962219941999999946e+03 2.048019999999999982e+03
1.239499999999999957e+01 1.021712879999999934e+01 1.962877259999999978e+03 2.048019999999999982e+03
1.239999999999999858e+01 1.023416351999999918e+01 1.962735304000000042e+03 2.048019999999999982e+03
1.240500000000000114e+01 1.025675303999999954e+01 1.962547057999999879e+03 2.048019999999999982e+03
1.241000000000000014e+01 1.025675303999999954e+01 1.962547057999999879e+03 2.048019999999999982e+03
1.241499999999999915e+01 1.020009407999999951e+01 1.963019215999999915e+03 2.048019999999999982e+03
1.242000000000000171e+01 1.027934255999999813e+01 1.962358811999999944e+03 2.048019999999999982e+03
1.242500000000000071e+01 1.022823840000000040e+01 1.962784679999999980e+03 2.048019999999999982e+03
1.242999999999999972e+01 1.022823840000000040e+01 1.962784679999999980e+03 2.048019999999999982e+03
1.243499999999999872e+01 1.025082791999999898e+01 1.962596434000000045e+03 2.048019999999999982e+03
1.244000000000000128e+01 1.023416351999999918e+01 1.962735304000000042e+03 2.048019999999999982e+03
1.244500000000000028e+01 1.033563119999999991e+01 1.961889740000000074e+03 2.048019999999999982e+03
1.244999999999999929e+01 1.026786263999999882e+01 1.962454478000000108e+03 2.048019999999999982e+03
1.245500000000000185e+01 1.026230783999999829e+01 1.962500767999999880e+03 2.048019999999999982e+03
1.246000000000000085e+01 1.030193207999999849e+01 1.962170566000000008e+03 2.048019999999999982e+03
1.246499999999999986e+01 1.022823840000000040e+01 1.962784679999999980e+03 2.048019999999999982e+03
1.246999999999999886e+01 1.026786263999999882e+01 1.962454478000000108e+03 2.048019999999999982e+03
1.247500000000000142e+01 1.022268359999999987e+01 1.962830969999999979e+03 2.048019999999999982e+03
1.248000000000000043e+01 1.018898447999999846e+01 1.963111795999999913e+03 2.048019999999999982e+03
1.248499999999999943e+01 1.024527311999999846e+01 1.962642724000000044e+03 2.048019999999999982e+03
1.249000000000000199e+01 1.022268359999999987e+01 1.962830969999999979e+03 2.048019999999999982e+03
1.249500000000000099e+01 1.022268359999999987e+01 1.962830969999999979e+03 2.048019999999999982e+03
1.250000000000000000e+01 1.015491503999999878e+01 1.963395708000000013e+03 2.048019999999999982e+03
1.250499999999999901e+01 1.018305935999999967e+01 1.963161172000000079e+03 2.048019999999999982e+03
1.251000000000000156e+01 1.022823840000000040e+01 1.962784679999999980e+03 2.048019999999999982e+03
1.251500000000000057e+01 1.011529079999999858e+01 1.963725909999999885e+03 2.048019999999999982e+03
1.251999999999999957e+01 1.018898447999999846e+01 1.963111795999999913e+03 2.048019999999999982e+03
1.252499999999999858e+01 1.020564888000000003e+01 1.962972925999999916e+03 2.048019999999999982e+03
1.253000000000000114e+01 1.021157399999999882e+01 1.962923549999999977e+03 2.048019999999999982e+03
1.253500000000000014e+01 1.023971831999999971e+01 1.962689014000000043e+03 2.048019999999999982e+03
1.253999999999999915e+01 1.021157399999999882e+01 1.962923549999999977e+03 2.048019999999999982e+03
1.254500000000000171e+01 1.014936023999999826e+01 1.963441998000000012e+03 2.048019999999999982e+03
1.255000000000000071e+01 1.023416351999999918e+01 1.962735304000000042e+03 2.048019999999999982e+03
1.255499999999999972e+01 1.020009407999999951e+01 1.963019215999999915e+03 2.048019999999999982e+03
1.255999999999999872e+01 1.031896680000000011e+01 1.962028610000000072e+03 2.048019999999999982e+03
1.256500000000000128e+01 1.024527311999999846e+01 1.962642724000000044e+03 2.048019999999999982e+03
1.257000000000000028e+01 1.030748687999999902e+01 1.962124276000000009e+03 2.048019999999999982e+03
1.257499999999999929e+01 1.032452159999999886e+01 1.961982320000000072e+03 2.048019999999999982e+03
1.258000000000000185e+01 1.033007639999999938e+01 1.961936030000000073e+03 2.048019999999999982e+03
1.258500000000000085e+01 1.030748687999999902e+01 1.962124276000000009e+03 2.048019999999999982e+03
1.258999999999999986e+01 1.030748687999999902e+01 1.962124276000000009e+03 2.048019999999999982e+03
1.259499999999999886e+01 1.030748687999999902e+01 1.962124276000000009e+03 2.048019999999999982e+03
1.260000000000000142e+01 1.029600695999999971e+01 1.962219941999999946e+03 2.048019999999999982e+03
1.260500000000000043e+01 1.025082791999999898e+01 1.962596434000000045e+03 2.048019999999999982e+03
1.260999999999999943e+01 1.031304167999999954e+01 1.962077986000000010e+03 2.048019999999999982e+03
1.261500000000000199e+01 1.023971831999999971e+01 1.962689014000000043e+03 2.048019999999999982e+03
1.262000000000000099e+01 1.026786263999999882e+01 1.962454478000000108e+03 2.048019999999999982e+03
1.262500000000000000e+01 1.030748687999999902e+01 1.962124276000000009e+03 2.048019999999999982e+03
1.262999999999999901e+01 1.020009407999999951e+01 1.963019215999999915e+03 2.048019999999999982e+03
1.263500000000000156e+01 1.023971831999999971e+01 1.962689014000000043e+03 2.048019999999999982e+03
1.264000000000000057e+01 1.019453927999999898e+01 1.963065505999999914e+03 2.048019999999999982e+03
1.264499999999999957e+01 1.020564888000000003e+01 1.962972925999999916e+03 2.048019999999999982e+03
1.264999999999999858e+01 1.021712879999999934e+01 1.962877259999999978e+03 2.048019999999999982e+03
1.265500000000000114e+01 1.023971831999999971e+01 1.962689014000000043e+03 2.048019999999999982e+03
1.266000000000000014e+01 1.025082791999999898e+01 1.962596434000000045e+03 2.048019999999999982e+03
1.266499999999999915e+01 1.017750455999999915e+01 1.963207462000000078e+03 2.048019999999999982e+03
1.267000000000000171e+01 1.017750455999999915e+01 1.963207462000000078e+03 2.048019999999999982e+03
1.267500000000000071e+01 1.024527311999999846e+01 1.962642724000000044e+03 2.048019999999999982e+03
1.267999999999999972e+01 1.017750455999999915e+01 1.963207462000000078e+03 2.048019999999999982e+03
1.268499999999999872e+01 1.032452159999999886e+01 1.961982320000000072e+03 2.048019999999999982e+03
1.269000000000000128e+01 1.025082791999999898e+01 1.962596434000000045e+03 2.048019999999999982e+03
1.269500000000000028e+01 1.030748687999999902e+01 1.962124276000000009e+03 2.048019999999999982e+03
1.269999999999999929e+01 1.029600695999999971e+01 1.962219941999999946e+03 2.048019999999999982e+03
1.270500000000000185e+01 1.030193207999999849e+01 1.962170566000000008e+03 2.048019999999999982e+03
1.271000000000000085e+01 1.029045215999999918e+01 1.962266231999999945e+03 2.048019999999999982e+03
1.271499999999999986e+01 1.027934255999999813e+01 1.962358811999999944e+03 2.048019999999999982e+03
1.271999999999999886e+01 1.031304167999999954e+01 1.962077986000000010e+03 2.048019999999999982e+03
1.272500000000000142e+01 1.034155632000000047e+01 1.961840363999999909e+03 2.048019999999999982e+03
1.273000000000000043e+01 1.034711112000000099e+01 1.961794073999999910e+03 2.048019999999999982e+03
1.273499999999999943e+01 1.035266591999999974e+01 1.961747783999999911e+03 2.048019999999999982e+03
1.274000000000000199e+01 1.027341743999999935e+01 1.962408187999999882e+03 2.048019999999999982e+03
1.274500000000000099e+01 1.034711112000000099e+01 1.961794073999999910e+03 2.048019999999999982e+03
1.275000000000000000e+01 1.033007639999999938e+01 1.961936030000000073e+03 2.048019999999999982e+03
1.275499999999999901e+01 1.030748687999999902e+01 1.962124276000000009e+03 2.048019999999999982e+03
1.276000000000000156e+01 1.032452159999999886e+01 1.961982320000000072e+03 2.048019999999999982e+03
1.276500000000000057e+01 1.027934255999999813e+01 1.962358811999999944e+03 2.048019999999999982e+03
1.276999999999999957e+01 1.027341743999999935e+01 1.962408187999999882e+03 2.048019999999999982e+03
1.277499999999999858e+01 1.033563119999999991e+01 1.961889740000000074e+03 2.048019999999999982e+03
1.278000000000000114e+01 1.031304167999999954e+01 1.962077986000000010e+03 2.048019999999999982e+03
1.278500000000000014e+01 1.025675303999999954e+01 1.962547057999999879e+03 2.048019999999999982e+03
1.278999999999999915e+01 1.020564888000000003e+01 1.962972925999999916e+03 2.048019999999999982e+03
1.279500000000000171e+01 1.030193207999999849e+01 1.962170566000000008e+03 2.048019999999999982e+03
1.280000000000000071e+01 1.031304167999999954e+01 1.962077986000000010e+03 2.048019999999999982e+03
1.280499999999999972e+01 1.035822071999999849e+01 1.961701493999999911e+03 2.048019999999999982e+03
1.280999999999999872e+01 1.028489735999999866e+01 1.962312521999999944e+03 2.048019999999999982e+03
1.281500000000000128e+01 1.027934255999999813e+01 1.962358811999999944e+03 2.048019999999999982e+03
1.282000000000000028e+01 1.023971831999999971e+01 1.962689014000000043e+03 2.048019999999999982e+03
1.282499999999999929e+01 1.032452159999999886e+01 1.961982320000000072e+03 2.048019999999999982e+03
1.283000000000000185e+01 1.025675303999999954e+01 1.962547057999999879e+03 2.048019999999999982e+03
1.283500000000000085e+01 1.027341743999999935e+01 1.962408187999999882e+03 2.048019999999999982e+03
1.283999999999999986e+01 1.038081023999999886e+01 1.961513247999999976e+03 2.048019999999999982e+03
1.284499999999999886e+01 1.035266591999999974e+01 1.961747783999999911e+03 2.048019999999999982e+03
1.285000000000000142e+01 1.032452159999999886e+01 1.961982320000000072e+03 2.048019999999999982e+03
1.285500000000000043e+01 1.025082791999999898e+01 1.962596434000000045e+03 2.048019999999999982e+03
1.285999999999999943e+01 1.031896680000000011e+01 1.962028610000000072e+03 2.048019999999999982e+03
1.286500000000000199e+01 1.027341743999999935e+01 1.962408187999999882e+03 2.048019999999999982e+03
1.287000000000000099e+01 1.033563119999999991e+01 1.961889740000000074e+03 2.048019999999999982e+03
1.287500000000000000e+01 1.034155632000000047e+01 1.961840363999999909e+03 2.048019999999999982e+03
1.287999999999999901e+01 1.026786263999999882e+01 1.962454478000000108e+03 2.048019999999999982e+03
1.288500000000000156e+01 1.032452159999999886e+01 1.961982320000000072e+03 2.048019999999999982e+03
1.289000000000000057e+01 1.031304167999999954e+01 1.962077986000000010e+03 2.048019999999999982e+03
1.289499999999999957e+01 1.034711112000000099e+01 1.961794073999999910e+03 2.048019999999999982e+03
1.289999999999999858e+01 1.036970063999999958e+01 1.961605827999999974e+03 2.048019999999999982e+03
1.290500000000000114e+01 1.027934255999999813e+01 1.962358811999999944e+03 2.048019999999999982e+03
1.291000000000000014e+01 1.027934255999999813e+01 1.962358811999999944e+03 2.048019999999999982e+03
1.291499999999999915e+01 1.021712879999999934e+01 1.962877259999999978e+03 2.048019999999999982e+03
1.292000000000000171e+01 1.031896680000000011e+01 1.962028610000000072e+03 2.048019999999999982e+03
1.292500000000000071e+01 1.026230783999999829e+01 1.962500767999999880e+03 2.048019999999999982e+03
1.292999999999999972e+01 1.033563119999999991e+01 1.961889740000000074e+03 2.048019999999999982e+03
1.293499999999999872e+01 1.025675303999999954e+01 1.962547057999999879e+03 2.048019999999999982e+03
1.294000000000000128e+01 1.033007639999999938e+01 1.961936030000000073e+03 2.048019999999999982e+03
1.294500000000000028e+01 1.040339975999999922e+01 1.961325002000000040e+03 2.048019999999999982e+03
1.294999999999999929e+01 1.039784495999999869e+01 1.961371292000000039e+03 2.048019999999999982e+03
1.295500000000000185e+01 1.033007639999999938e+01 1.961936030000000073e+03 2.048019999999999982e+03
1.296000000000000085e+01 1.043191440000000014e+01 1.961087379999999939e+03 2.048019999999999982e+03
1.296499999999999986e+01 1.040932487999999978e+01 1.961275625999999875e+03 2.048019999999999982e+03
1.296999999999999886e+01 1.049968295999999945e+01 1.960522641999999905e+03 2.048019999999999982e+03
1.297500000000000142e+01 1.056189672000000002e+01 1.960004194000000098e+03 2.048019999999999982e+03
1.298000000000000043e+01 1.043191440000000014e+01 1.961087379999999939e+03 2.048019999999999982e+03
1.298499999999999943e+01 1.052227247999999982e+01 1.960334395999999970e+03 2.048019999999999982e+03
1.299000000000000199e+01 1.046005872000000103e+01 1.960852844000000005e+03 2.048019999999999982e+03
1.299500000000000099e+01 1.054486200000000018e+01 1.960146150000000034e+03 2.048019999999999982e+03
1.300000000000000000e+01 1.046561351999999978e+01 1.960806554000000006e+03 2.048019999999999982e+03
1.300499999999999901e+01 1.038081023999999886e+01 1.961513247999999976e+03 2.048019999999999982e+03
1.301000000000000156e+01 1.043191440000000014e+01 1.961087379999999939e+03 2.048019999999999982e+03
1.301500000000000057e+01 1.039784495999999869e+01 1.961371292000000039e+03 2.048019999999999982e+03
1.301999999999999957e+01 1.035266591999999974e+01 1.961747783999999911e+03 2.048019999999999982e+03
1.302499999999999858e+01 1.034711112000000099e+01 1.961794073999999910e+03 2.048019999999999982e+03
1.303000000000000114e+01 1.025082791999999898e+01 1.962596434000000045e+03 2.048019999999999982e+03
1.303500000000000014e+01 1.030193207999999849e+01 1.962170566000000008e+03 2.048019999999999982e+03
1.303999999999999915e+01 1.025082791999999898e+01 1.962596434000000045e+03 2.048019999999999982e+03
1.304500000000000171e+01 1.029045215999999918e+01 1.962266231999999945e+03 2.048019999999999982e+03
1.305000000000000071e+01 1.027934255999999813e+01 1.962358811999999944e+03 2.048019999999999982e+03
1.305499999999999972e+01 1.026786263999999882e+01 1.962454478000000108e+03 2.048019999999999982e+03
1.305999999999999872e+01 1.035822071999999849e+01 1.961701493999999911e+03 2.048019999999999982e+03
1.306500000000000128e+01 1.027934255999999813e+01 1.962358811999999944e+03 2.048019999999999982e+03
1.307000000000000028e+01 1.035266591999999974e+01 1.961747783999999911e+03 2.048019999999999982e+03
1.307499999999999929e+01 1.034711112000000099e+01 1.961794073999999910e+03 2.048019999999999982e+03
1.308000000000000185e+01 1.027341743999999935e+01 1.962408187999999882e+03 2.048019999999999982e+03
1.308500000000000085e+01 1.025675303999999954e+01 1.962547057999999879e+03 2.048019999999999982e+03
1.308999999999999986e+01 1.038673535999999942e+01 1.961463872000000038e+03 2.048019999999999982e+03
1.309499999999999886e+01 1.040339975999999922e+01 1.961325002000000040e+03 2.048019999999999982e+03
1.310000000000000142e+01 1.043746920000000067e+01 1.961041089999999940e+03 2.048019999999999982e+03
1.310500000000000043e+01 1.047153864000000034e+01 1.960757178000000067e+03 2.048019999999999982e+03
1.310999999999999943e+01 1.053338207999999909e+01 1.960241815999999972e+03 2.048019999999999982e+03
1.311500000000000199e+01 1.058448624000000038e+01 1.959815947999999935e+03 2.048019999999999982e+03
1.312000000000000099e+01 1.053930719999999965e+01 1.960192440000000033e+03 2.048019999999999982e+03
1.312500000000000000e+01 1.055597159999999946e+01 1.960053570000000036e+03 2.048019999999999982e+03
1.312999999999999901e+01 1.044857879999999994e+01 1.960948509999999942e+03 2.048019999999999982e+03
1.313500000000000156e+01 1.057856112000000159e+01 1.959865323999999873e+03 2.048019999999999982e+03
1.314000000000000057e+01 1.048264823999999962e+01 1.960664598000000069e+03 2.048019999999999982e+03
1.314499999999999957e+01 1.046005872000000103e+01 1.960852844000000005e+03 2.048019999999999982e+03
1.314999999999999858e+01 1.046561351999999978e+01 1.960806554000000006e+03 2.048019999999999982e+03
1.315500000000000114e+01 1.036414584000000083e+01 1.961652117999999973e+03 2.048019999999999982e+03
1.316000000000000014e+01 1.046005872000000103e+01 1.960852844000000005e+03 2.048019999999999982e+03
1.316499999999999915e+01 1.037525543999999833e+01 1.961559537999999975e+03 2.048019999999999982e+03
1.317000000000000171e+01 1.035266591999999974e+01 1.961747783999999911e+03 2.048019999999999982e+03
1.317500000000000071e+01 1.038081023999999886e+01 1.961513247999999976e+03 2.048019999999999982e+03
1.317999999999999972e+01 1.031896680000000011e+01 1.962028610000000072e+03 2.048019999999999982e+03
1.318499999999999872e+01 1.029045215999999918e+01 1.962266231999999945e+03 2.048019999999999982e+03
1.319000000000000128e+01 1.030748687999999902e+01 1.962124276000000009e+03 2.048019999999999982e+03
1.319500000000000028e+01 1.025675303999999954e+01 1.962547057999999879e+03 2.048019999999999982e+03
1.319999999999999929e+01 1.025082791999999898e+01 1.962596434000000045e+03 2.048019999999999982e+03
1.320500000000000185e+01 1.018898447999999846e+01 1.963111795999999913e+03 2.048019999999999982e+03
1.321000000000000085e+01 1.030748687999999902e+01 1.962124276000000009e+03 2.048019999999999982e+03
1.321499999999999986e+01 1.023416351999999918e+01 1.962735304000000042e+03 2.048019999999999982e+03
1.321999999999999886e+01 1.021157399999999882e+01 1.962923549999999977e+03 2.048019999999999982e+03
1.322500000000000142e+01 1.030193207999999849e+01 1.962170566000000008e+03 2.048019999999999982e+03
1.323000000000000043e+01 1.025675303999999954e+01 1.962547057999999879e+03 2.048019999999999982e+03
1.323499999999999943e+01 1.027341743999999935e+01 1.962408187999999882e+03 2.048019999999999982e+03
1.324000000000000199e+01 1.029600695999999971e+01 1.962219941999999946e+03 2.048019999999999982e+03
1.324500000000000099e+01 1.029045215999999918e+01 1.962266231999999945e+03 2.048019999999999982e+03
1.325000000000000000e+01 1.033563119999999991e+01 1.961889740000000074e+03 2.048019999999999982e+03
1.325499999999999901e+01 1.040339975999999922e+01 1.961325002000000040e+03 2.048019999999999982e+03
1.326000000000000156e+01 1.045450392000000051e+01 1.960899134000000004e+03 2.048019999999999982e+03
1.326500000000000057e+01 1.051079255999999873e+01 1.960430061999999907e+03 2.048019999999999982e+03
1.326999999999999957e+01 1.052782728000000034e+01 1.960288105999999971e+03 2.048019999999999982e+03
1.327499999999999858e+01 1.058448624000000038e+01 1.959815947999999935e+03 2.048019999999999982e+03
1.328000000000000114e+01 1.064077488000000038e+01 1.959346876000000066e+03 2.048019999999999982e+03
1.328500000000000014e+01 1.065780960000000022e+01 1.959204919999999902e+03 2.048019999999999982e+03
1.328999999999999915e+01 1.059559583999999965e+01 1.959723367999999937e+03 2.048019999999999982e+03
1.329500000000000171e+01 1.057300632000000107e+01 1.959911613999999872e+03 2.048019999999999982e+03
1.330000000000000071e+01 1.057856112000000159e+01 1.959865323999999873e+03 2.048019999999999982e+03
1.330499999999999972e+01 1.052782728000000034e+01 1.960288105999999971e+03 2.048019999999999982e+03
1.330999999999999872e+01 1.059559583999999965e+01 1.959723367999999937e+03 2.048019999999999982e+03
1.331500000000000128e+01 1.049968295999999945e+01 1.960522641999999905e+03 2.048019999999999982e+03
1.332000000000000028e+01 1.046005872000000103e+01 1.960852844000000005e+03 2.048019999999999982e+03
1.332499999999999929e+01 1.049968295999999945e+01 1.960522641999999905e+03 2.048019999999999982e+03
1.333000000000000185e+01 1.044302399999999942e+01 1.960994799999999941e+03 2.048019999999999982e+03
1.333500000000000085e+01 1.043746920000000067e+01 1.961041089999999940e+03 2.048019999999999982e+03
1.333999999999999986e+01 1.044302399999999942e+01 1.960994799999999941e+03 2.048019999999999982e+03
1.334499999999999886e+01 1.038673535999999942e+01 1.961463872000000038e+03 2.048019999999999982e+03
1.335000000000000142e+01 1.035822071999999849e+01 1.961701493999999911e+03 2.048019999999999982e+03
1.335500000000000043e+01 1.043191440000000014e+01 1.961087379999999939e+03 2.048019999999999982e+03
1.335999999999999943e+01 1.043746920000000067e+01 1.961041089999999940e+03 2.048019999999999982e+03
1.336500000000000199e+01 1.039784495999999869e+01 1.961371292000000039e+03 2.048019999999999982e+03
1.337000000000000099e+01 1.042598927999999958e+01 1.961136755999999878e+03 2.048019999999999982e+03
1.337500000000000000e+01 1.048820303999999837e+01 1.960618308000000070e+03 2.048019999999999982e+03
1.337999999999999901e+01 1.045450392000000051e+01 1.960899134000000004e+03 2.048019999999999982e+03
1.338500000000000156e+01 1.053338207999999909e+01 1.960241815999999972e+03 2.048019999999999982e+03
1.339000000000000057e+01 1.060707576000000074e+01 1.959627701999999999e+03 2.048019999999999982e+03
1.339499999999999957e+01 1.066336440000000074e+01 1.959158629999999903e+03 2.048019999999999982e+03
1.339999999999999858e+01 1.061818536000000002e+01 1.959535122000000001e+03 2.048019999999999982e+03
1.340500000000000114e+01 1.062411047999999880e+01 1.959485746000000063e+03 2.048019999999999982e+03
1.341000000000000014e+01 1.068039912000000058e+01 1.959016673999999966e+03 2.048019999999999982e+03
1.341499999999999915e+01 1.061818536000000002e+01 1.959535122000000001e+03 2.048019999999999982e+03
1.342000000000000171e+01 1.069743384000000042e+01 1.958874718000000030e+03 2.048019999999999982e+03
1.342500000000000071e+01 1.071446856000000025e+01 1.958732762000000093e+03 2.048019999999999982e+03
1.342999999999999972e+01 1.068595392000000110e+01 1.958970383999999967e+03 2.048019999999999982e+03
1.343499999999999872e+01 1.072002336000000078e+01 1.958686471999999867e+03 2.048019999999999982e+03
1.344000000000000128e+01 1.069187903999999989e+01 1.958921008000000029e+03 2.048019999999999982e+03
1.344500000000000028e+01 1.072557815999999953e+01 1.958640182000000095e+03 2.048019999999999982e+03
1.344999999999999929e+01 1.065780960000000022e+01 1.959204919999999902e+03 2.048019999999999982e+03
1.345500000000000185e+01 1.063522007999999985e+01 1.959393166000000065e+03 2.048019999999999982e+03
1.346000000000000085e+01 1.058448624000000038e+01 1.959815947999999935e+03 2.048019999999999982e+03
1.346499999999999986e+01 1.059004104000000090e+01 1.959769657999999936e+03 2.048019999999999982e+03
1.346999999999999886e+01 1.057856112000000159e+01 1.959865323999999873e+03 2.048019999999999982e+03
1.347500000000000142e+01 1.051671767999999929e+01 1.960380685999999969e+03 2.048019999999999982e+03
1.348000000000000043e+01 1.051671767999999929e+01 1.960380685999999969e+03 2.048019999999999982e+03
1.348499999999999943e+01 1.050523775999999998e+01 1.960476351999999906e+03 2.048019999999999982e+03
1.349000000000000199e+01 1.044857879999999994e+01 1.960948509999999942e+03 2.048019999999999982e+03
1.349500000000000099e+01 1.049968295999999945e+01 1.960522641999999905e+03 2.048019999999999982e+03
1.350000000000000000e+01 1.043746920000000067e+01 1.961041089999999940e+03 2.048019999999999982e+03
1.350499999999999901e+01 1.040339975999999922e+01 1.961325002000000040e+03 2.048019999999999982e+03
1.351000000000000156e+01 1.044857879999999994e+01 1.960948509999999942e+03 2.048019999999999982e+03
1.351500000000000057e+01 1.042598927999999958e+01 1.961136755999999878e+03 2.048019999999999982e+03
1.351999999999999957e+01 1.039784495999999869e+01 1.961371292000000039e+03 2.048019999999999982e+03
1.352499999999999858e+01 1.048820303999999837e+01 1.960618308000000070e+03 2.048019999999999982e+03
1.353000000000000114e+01 1.047709344000000087e+01 1.960710888000000068e+03 2.048019999999999982e+03
1.353500000000000014e+01 1.050523775999999998e+01 1.960476351999999906e+03 2.048019999999999982e+03
1.353999999999999915e+01 1.051671767999999929e+01 1.960380685999999969e+03 2.048019999999999982e+03
1.354500000000000171e+01 1.048264823999999962e+01 1.960664598000000069e+03 2.048019999999999982e+03
1.355000000000000071e+01 1.044302399999999942e+01 1.960994799999999941e+03 2.048019999999999982e+03
1.355499999999999972e+01 1.048264823999999962e+01 1.960664598000000069e+03 2.048019999999999982e+03
1.355999999999999872e+01 1.059559583999999965e+01 1.959723367999999937e+03 2.048019999999999982e+03
1.356500000000000128e+01 1.044857879999999994e+01 1.960948509999999942e+03 2.048019999999999982e+03
1.357000000000000028e+01 1.053338207999999909e+01 1.960241815999999972e+03 2.048019999999999982e+03
1.357499999999999929e+01 1.047709344000000087e+01 1.960710888000000068e+03 2.048019999999999982e+03
1.358000000000000185e+01 1.046561351999999978e+01 1.960806554000000006e+03 2.048019999999999982e+03
1.358500000000000085e+01 1.047709344000000087e+01 1.960710888000000068e+03 2.048019999999999982e+03
1.358999999999999986e+01 1.052227247999999982e+01 1.960334395999999970e+03 2.048019999999999982e+03
1.359499999999999886e+01 1.049412816000000070e+01 1.960568931999999904e+03 2.048019999999999982e+03
1.360000000000000142e+01 1.043191440000000014e+01 1.961087379999999939e+03 2.048019999999999982e+03
1.360500000000000043e+01 1.047153864000000034e+01 1.960757178000000067e+03 2.048019999999999982e+03
1.360999999999999943e+01 1.051079255999999873e+01 1.960430061999999907e+03 2.048019999999999982e+03
1.361500000000000199e+01 1.049968295999999945e+01 1.960522641999999905e+03 2.048019999999999982e+03
1.362000000000000099e+01 1.044857879999999994e+01 1.960948509999999942e+03 2.048019999999999982e+03
1.362500000000000000e+01 1.053930719999999965e+01 1.960192440000000033e+03 2.048019999999999982e+03
1.362999999999999901e+01 1.044857879999999994e+01 1.960948509999999942e+03 2.048019999999999982e+03
1.363500000000000156e+01 1.049412816000000070e+01 1.960568931999999904e+03 2.048019999999999982e+03
1.364000000000000057e+01 1.046561351999999978e+01 1.960806554000000006e+03 2.048019999999999982e+03
1.364499999999999957e+01 1.049412816000000070e+01 1.960568931999999904e+03 2.048019999999999982e+03
1.364999999999999858e+01 1.059004104000000090e+01 1.959769657999999936e+03 2.048019999999999982e+03
1.365500000000000114e+01 1.061263055999999949e+01 1.959581412000000000e+03 2.048019999999999982e+03
1.366000000000000014e+01 1.068039912000000058e+01 1.959016673999999966e+03 2.048019999999999982e+03
1.366499999999999915e+01 1.070298864000000094e+01 1.958828428000000031e+03 2.048019999999999982e+03
1.367000000000000171e+01 1.073705807999999884e+01 1.958544515999999931e+03 2.048019999999999982e+03
1.367500000000000071e+01 1.071446856000000025e+01 1.958732762000000093e+03 2.048019999999999982e+03
1.367999999999999972e+01 1.065225479999999969e+01 1.959251209999999901e+03 2.048019999999999982e+03
1.368499999999999872e+01 1.077075720000000025e+01 1.958263689999999997e+03 2.048019999999999982e+03
1.369000000000000128e+01 1.079927183999999940e+01 1.958026067999999896e+03 2.048019999999999982e+03
1.369500000000000028e+01 1.077075720000000025e+01 1.958263689999999997e+03 2.048019999999999982e+03
1.369999999999999929e+01 1.075964759999999920e+01 1.958356269999999995e+03 2.048019999999999982e+03
1.370500000000000185e+01 1.073113296000000005e+01 1.958593891999999869e+03 2.048019999999999982e+03
1.371000000000000085e+01 1.078779192000000009e+01 1.958121734000000060e+03 2.048019999999999982e+03
1.371499999999999986e+01 1.076520239999999973e+01 1.958309979999999996e+03 2.048019999999999982e+03
1.371999999999999886e+01 1.074261287999999936e+01 1.958498225999999931e+03 2.048019999999999982e+03
1.372500000000000142e+01 1.074816767999999989e+01 1.958451935999999932e+03 2.048019999999999982e+03
1.373000000000000043e+01 1.075964759999999920e+01 1.958356269999999995e+03 2.048019999999999982e+03
1.373499999999999943e+01 1.078223711999999956e+01 1.958168024000000059e+03 2.048019999999999982e+03
1.374000000000000199e+01 1.080482663999999993e+01 1.957979777999999897e+03 2.048019999999999982e+03
1.374500000000000099e+01 1.074261287999999936e+01 1.958498225999999931e+03 2.048019999999999982e+03
1.375000000000000000e+01 1.074816767999999989e+01 1.958451935999999932e+03 2.048019999999999982e+03
1.375499999999999901e+01 1.080482663999999993e+01 1.957979777999999897e+03 2.048019999999999982e+03
1.376000000000000156e+01 1.077668231999999904e+01 1.958214314000000059e+03 2.048019999999999982e+03
1.376500000000000057e+01 1.073705807999999884e+01 1.958544515999999931e+03 2.048019999999999982e+03
1.376999999999999957e+01 1.078223711999999956e+01 1.958168024000000059e+03 2.048019999999999982e+03
1.377499999999999858e+01 1.077668231999999904e+01 1.958214314000000059e+03 2.048019999999999982e+03
1.378000000000000114e+01 1.073113296000000005e+01 1.958593891999999869e+03 2.048019999999999982e+03
1.378500000000000014e+01 1.076520239999999973e+01 1.958309979999999996e+03 2.048019999999999982e+03
1.378999999999999915e+01 1.073705807999999884e+01 1.958544515999999931e+03 2.048019999999999982e+03
1.379500000000000171e+01 1.071446856000000025e+01 1.958732762000000093e+03 2.048019999999999982e+03
1.380000000000000071e+01 1.065780960000000022e+01 1.959204919999999902e+03 2.048019999999999982e+03
1.380499999999999972e+01 1.066336440000000074e+01 1.959158629999999903e+03 2.048019999999999982e+03
1.380999999999999872e+01 1.070298864000000094e+01 1.958828428000000031e+03 2.048019999999999982e+03
1.381500000000000128e+01 1.064669999999999916e+01 1.959297499999999900e+03 2.048019999999999982e+03
1.382000000000000028e+01 1.065225479999999969e+01 1.959251209999999901e+03 2.048019999999999982e+03
1.382499999999999929e+01 1.062966527999999933e+01 1.959439456000000064e+03 2.048019999999999982e+03
1.383000000000000185e+01 1.064669999999999916e+01 1.959297499999999900e+03 2.048019999999999982e+03
1.383500000000000085e+01 1.064669999999999916e+01 1.959297499999999900e+03 2.048019999999999982e+03
1.383999999999999986e+01 1.064077488000000038e+01 1.959346876000000066e+03 2.048019999999999982e+03
1.384499999999999886e+01 1.060152096000000022e+01 1.959673991999999998e+03 2.048019999999999982e+03
1.385000000000000142e+01 1.057300632000000107e+01 1.959911613999999872e+03 2.048019999999999982e+03
1.385500000000000043e+01 1.055597159999999946e+01 1.960053570000000036e+03 2.048019999999999982e+03
1.385999999999999943e+01 1.051079255999999873e+01 1.960430061999999907e+03 2.048019999999999982e+03
1.386500000000000199e+01 1.060152096000000022e+01 1.959673991999999998e+03 2.048019999999999982e+03
1.387000000000000099e+01 1.056189672000000002e+01 1.960004194000000098e+03 2.048019999999999982e+03
1.387500000000000000e+01 1.053338207999999909e+01 1.960241815999999972e+03 2.048019999999999982e+03
1.387999999999999901e+01 1.048820303999999837e+01 1.960618308000000070e+03 2.048019999999999982e+03
1.388500000000000156e+01 1.049968295999999945e+01 1.960522641999999905e+03 2.048019999999999982e+03
1.389000000000000057e+01 1.047153864000000034e+01 1.960757178000000067e+03 2.048019999999999982e+03
1.389499999999999957e+01 1.057856112000000159e+01 1.959865323999999873e+03 2.048019999999999982e+03
1.389999999999999858e+01 1.053930719999999965e+01 1.960192440000000033e+03 2.048019999999999982e+03
1.390500000000000114e+01 1.059004104000000090e+01 1.959769657999999936e+03 2.048019999999999982e+03
1.391000000000000014e+01 1.056745152000000054e+01 1.959957903999999871e+03 2.048019999999999982e+03
1.391499999999999915e+01 1.060707576000000074e+01 1.959627701999999999e+03 2.048019999999999982e+03
1.392000000000000171e+01 1.063522007999999985e+01 1.959393166000000065e+03 2.048019999999999982e+03
1.392500000000000071e+01 1.067484432000000005e+01 1.959062963999999965e+03 2.048019999999999982e+03
1.392999999999999972e+01 1.070854343999999969e+01 1.958782138000000032e+03 2.048019999999999982e+03
1.393499999999999872e+01 1.074816767999999989e+01 1.958451935999999932e+03 2.048019999999999982e+03
1.394000000000000128e+01 1.085000567999999888e+01 1.957603286000000026e+03 2.048019999999999982e+03
1.394500000000000028e+01 1.083297096000000082e+01 1.957745241999999962e+03 2.048019999999999982e+03
1.394999999999999929e+01 1.079334672000000062e+01 1.958075444000000061e+03 2.048019999999999982e+03
1.395500000000000185e+01 1.081593624000000098e+01 1.957887197999999898e+03 2.048019999999999982e+03
1.396000000000000085e+01 1.083297096000000082e+01 1.957745241999999962e+03 2.048019999999999982e+03
1.396499999999999986e+01 1.078779192000000009e+01 1.958121734000000060e+03 2.048019999999999982e+03
1.396999999999999886e+01 1.082741616000000029e+01 1.957791531999999961e+03 2.048019999999999982e+03
1.397500000000000142e+01 1.082186135999999976e+01 1.957837821999999960e+03 2.048019999999999982e+03
1.398000000000000043e+01 1.077075720000000025e+01 1.958263689999999997e+03 2.048019999999999982e+03
1.398499999999999943e+01 1.082186135999999976e+01 1.957837821999999960e+03 2.048019999999999982e+03
1.399000000000000199e+01 1.074816767999999989e+01 1.958451935999999932e+03 2.048019999999999982e+03
1.399500000000000099e+01 1.082741616000000029e+01 1.957791531999999961e+03 2.048019999999999982e+03
1.400000000000000000e+01 1.077668231999999904e+01 1.958214314000000059e+03 2.048019999999999982e+03
1.400499999999999901e+01 1.078779192000000009e+01 1.958121734000000060e+03 2.048019999999999982e+03
1.401000000000000156e+01 1.077668231999999904e+01 1.958214314000000059e+03 2.048019999999999982e+03
1.401500000000000057e+01 1.076520239999999973e+01 1.958309979999999996e+03 2.048019999999999982e+03
1.401999999999999957e+01 1.078779192000000009e+01 1.958121734000000060e+03 2.048019999999999982e+03
1.402499999999999858e+01 1.072002336000000078e+01 1.958686471999999867e+03 2.048019999999999982e+03
1.403000000000000114e+01 1.076520239999999973e+01 1.958309979999999996e+03 2.048019999999999982e+03
1.403500000000000014e+01 1.081593624000000098e+01 1.957887197999999898e+03 2.048019999999999982e+03
1.403999999999999915e+01 1.072002336000000078e+01 1.958686471999999867e+03 2.048019999999999982e+03
1.404500000000000171e+01 1.075409279999999868e+01 1.958402559999999994e+03 2.048019999999999982e+03
1.405000000000000071e+01 1.078223711999999956e+01 1.958168024000000059e+03 2.048019999999999982e+03
1.405499999999999972e+01 1.079927183999999940e+01 1.958026067999999896e+03 2.048019999999999982e+03
1.405999999999999872e+01 1.083852575999999956e+01 1.957698951999999963e+03 2.048019999999999982e+03
1.406500000000000128e+01 1.074816767999999989e+01 1.958451935999999932e+03 2.048019999999999982e+03
1.407000000000000028e+01 1.083852575999999956e+01 1.957698951999999963e+03 2.048019999999999982e+03
1.407499999999999929e+01 1.079927183999999940e+01 1.958026067999999896e+03 2.048019999999999982e+03
1.408000000000000185e+01 1.081038144000000045e+01 1.957933487999999898e+03 2.048019999999999982e+03
1.408500000000000085e+01 1.088407511999999855e+01 1.957319373999999925e+03 2.048019999999999982e+03
1.408999999999999986e+01 1.081038144000000045e+01 1.957933487999999898e+03 2.048019999999999982e+03
1.409499999999999886e+01 1.078779192000000009e+01 1.958121734000000060e+03 2.048019999999999982e+03
1.410000000000000142e+01 1.082741616000000029e+01 1.957791531999999961e+03 2.048019999999999982e+03
1.410500000000000043e+01 1.078223711999999956e+01 1.958168024000000059e+03 2.048019999999999982e+03
1.410999999999999943e+01 1.087814999999999976e+01 1.957368750000000091e+03 2.048019999999999982e+03
1.411500000000000199e+01 1.079927183999999940e+01 1.958026067999999896e+03 2.048019999999999982e+03
1.412000000000000099e+01 1.085556047999999940e+01 1.957556996000000026e+03 2.048019999999999982e+03
1.412500000000000000e+01 1.081593624000000098e+01 1.957887197999999898e+03 2.048019999999999982e+03
1.412999999999999901e+01 1.082741616000000029e+01 1.957791531999999961e+03 2.048019999999999982e+03
1.413500000000000156e+01 1.082741616000000029e+01 1.957791531999999961e+03 2.048019999999999982e+03
1.414000000000000057e+01 1.079334672000000062e+01 1.958075444000000061e+03 2.048019999999999982e+03
1.414499999999999957e+01 1.078223711999999956e+01 1.958168024000000059e+03 2.048019999999999982e+03
1.414999999999999858e+01 1.078223711999999956e+01 1.958168024000000059e+03 2.048019999999999982e+03
1.415500000000000114e+01 1.070854343999999969e+01 1.958782138000000032e+03 2.048019999999999982e+03
1.416000000000000014e+01 1.078223711999999956e+01 1.958168024000000059e+03 2.048019999999999982e+03
1.416499999999999915e+01 1.063522007999999985e+01 1.959393166000000065e+03 2.048019999999999982e+03
1.417000000000000171e+01 1.065780960000000022e+01 1.959204919999999902e+03 2.048019999999999982e+03
1.417500000000000071e+01 1.063522007999999985e+01 1.959393166000000065e+03 2.048019999999999982e+03
1.417999999999999972e+01 1.065780960000000022e+01 1.959204919999999902e+03 2.048019999999999982e+03
1.418499999999999872e+01 1.069743384000000042e+01 1.958874718000000030e+03 2.048019999999999982e+03
1.419000000000000128e+01 1.059004104000000090e+01 1.959769657999999936e+03 2.048019999999999982e+03
1.419500000000000028e+01 1.054486200000000018e+01 1.960146150000000034e+03 2.048019999999999982e+03
1.419999999999999929e+01 1.062966527999999933e+01 1.959439456000000064e+03 2.048019999999999982e+03
1.420500000000000185e+01 1.066336440000000074e+01 1.959158629999999903e+03 2.048019999999999982e+03
1.421000000000000085e+01 1.071446856000000025e+01 1.958732762000000093e+03 2.048019999999999982e+03
1.421499999999999986e+01 1.069743384000000042e+01 1.958874718000000030e+03 2.048019999999999982e+03
1.421999999999999886e+01 1.072002336000000078e+01 1.958686471999999867e+03 2.048019999999999982e+03
1.422500000000000142e+01 1.077668231999999904e+01 1.958214314000000059e+03 2.048019999999999982e+03
1.423000000000000043e+01 1.079334672000000062e+01 1.958075444000000061e+03 2.048019999999999982e+03
1.423499999999999943e+01 1.083852575999999956e+01 1.957698951999999963e+03 2.048019999999999982e+03
1.424000000000000199e+01 1.078779192000000009e+01 1.958121734000000060e+03 2.048019999999999982e+03
1.424500000000000099e+01 1.078779192000000009e+01 1.958121734000000060e+03 2.048019999999999982e+03
1.425000000000000000e+01 1.079927183999999940e+01 1.958026067999999896e+03 2.048019999999999982e+03
1.425499999999999901e+01 1.073705807999999884e+01 1.958544515999999931e+03 2.048019999999999982e+03
1.426000000000000156e+01 1.073705807999999884e+01 1.958544515999999931e+03 2.048019999999999982e+03
1.426500000000000057e+01 1.074816767999999989e+01 1.958451935999999932e+03 2.048019999999999982e+03
1.426999999999999957e+01 1.080482663999999993e+01 1.957979777999999897e+03 2.048019999999999982e+03
1.427499999999999858e+01 1.083297096000000082e+01 1.957745241999999962e+03 2.048019999999999982e+03
1.428000000000000114e+01 1.075964759999999920e+01 1.958356269999999995e+03 2.048019999999999982e+03
1.428500000000000014e+01 1.081038144000000045e+01 1.957933487999999898e+03 2.048019999999999982e+03
1.428999999999999915e+01 1.079927183999999940e+01 1.958026067999999896e+03 2.048019999999999982e+03
1.429500000000000171e+01 1.075964759999999920e+01 1.958356269999999995e+03 2.048019999999999982e+03
1.430000000000000071e+01 1.079927183999999940e+01 1.958026067999999896e+03 2.048019999999999982e+03
1.430499999999999972e+01 1.079334672000000062e+01 1.958075444000000061e+03 2.048019999999999982e+03
1.430999999999999872e+01 1.079927183999999940e+01 1.958026067999999896e+03 2.048019999999999982e+03
1.431500000000000128e+01 1.070854343999999969e+01 1.958782138000000032e+03 2.048019999999999982e+03
1.432000000000000028e+01 1.081038144000000045e+01 1.957933487999999898e+03 2.048019999999999982e+03
1.432499999999999929e+01 1.078223711999999956e+01 1.958168024000000059e+03 2.048019999999999982e+03
1.433000000000000185e+01 1.075409279999999868e+01 1.958402559999999994e+03 2.048019999999999982e+03
1.433500000000000085e+01 1.079927183999999940e+01 1.958026067999999896e+03 2.048019999999999982e+03
1.433999999999999986e+01 1.079334672000000062e+01 1.958075444000000061e+03 2.048019999999999982e+03
1.434499999999999886e+01 1.082186135999999976e+01 1.957837821999999960e+03 2.048019999999999982e+03
1.435000000000000142e+01 1.085000567999999888e+01 1.957603286000000026e+03 2.048019999999999982e+03
1.435500000000000043e+01 1.074816767999999989e+01 1.958451935999999932e+03 2.048019999999999982e+03
1.435999999999999943e+01 1.082741616000000029e+01 1.957791531999999961e+03 2.048019999999999982e+03
1.436500000000000199e+01 1.075964759999999920e+01 1.958356269999999995e+03 2.048019999999999982e+03
1.437000000000000099e+01 1.078223711999999956e+01 1.958168024000000059e+03 2.048019999999999982e+03
1.437500000000000000e+01 1.075964759999999920e+01 1.958356269999999995e+03 2.048019999999999982e+03
1.437999999999999901e+01 1.079334672000000062e+01 1.958075444000000061e+03 2.048019999999999982e+03
1.438500000000000156e+01 1.077668231999999904e+01 1.958214314000000059e+03 2.048019999999999982e+03
1.439000000000000057e+01 1.079334672000000062e+01 1.958075444000000061e+03 2.048019999999999982e+03
1.439499999999999957e+01 1.083297096000000082e+01 1.957745241999999962e+03 2.048019999999999982e+03
1.439999999999999858e+01 1.081038144000000045e+01 1.957933487999999898e+03 2.048019999999999982e+03
1.440500000000000114e+01 1.081038144000000045e+01 1.957933487999999898e+03 2.048019999999999982e+03
1.441000000000000014e+01 1.078779192000000009e+01 1.958121734000000060e+03 2.048019999999999982e+03
1.441499999999999915e+01 1.076520239999999973e+01 1.958309979999999996e+03 2.048019999999999982e+03
1.442000000000000171e+01 1.079334672000000062e+01 1.958075444000000061e+03 2.048019999999999982e+03
1.442500000000000071e+01 1.077075720000000025e+01 1.958263689999999997e+03 2.048019999999999982e+03
1.442999999999999972e+01 1.074261287999999936e+01 1.958498225999999931e+03 2.048019999999999982e+03
1.443499999999999872e+01 1.077668231999999904e+01 1.958214314000000059e+03 2.048019999999999982e+03
1.444000000000000128e+01 1.078779192000000009e+01 1.958121734000000060e+03 2.048019999999999982e+03
1.444500000000000028e+01 1.069187903999999989e+01 1.958921008000000029e+03 2.048019999999999982e+03
1.444999999999999929e+01 1.074816767999999989e+01 1.958451935999999932e+03 2.048019999999999982e+03
1.445500000000000185e+01 1.073113296000000005e+01 1.958593891999999869e+03 2.048019999999999982e+03
1.446000000000000085e+01 1.074816767999999989e+01 1.958451935999999932e+03 2.048019999999999982e+03
1.446499999999999986e+01 1.073705807999999884e+01 1.958544515999999931e+03 2.048019999999999982e+03
1.446999999999999886e+01 1.082741616000000029e+01 1.957791531999999961e+03 2.048019999999999982e+03
1.447500000000000142e+01 1.074261287999999936e+01 1.958498225999999931e+03 2.048019999999999982e+03
1.448000000000000043e+01 1.074261287999999936e+01 1.958498225999999931e+03 2.048019999999999982e+03
1.448499999999999943e+01 1.073113296000000005e+01 1.958593891999999869e+03 2.048019999999999982e+03
1.449000000000000199e+01 1.074261287999999936e+01 1.958498225999999931e+03 2.048019999999999982e+03
1.449500000000000099e+01 1.079334672000000062e+01 1.958075444000000061e+03 2.048019999999999982e+03
1.450000000000000000e+01 1.077075720000000025e+01 1.958263689999999997e+03 2.048019999999999982e+03
1.450499999999999901e+01 1.077075720000000025e+01 1.958263689999999997e+03 2.048019999999999982e+03
1.451000000000000156e+01 1.077668231999999904e+01 1.958214314000000059e+03 2.048019999999999982e+03
1.451500000000000057e+01 1.072002336000000078e+01 1.958686471999999867e+03 2.048019999999999982e+03
1.451999999999999957e+01 1.076520239999999973e+01 1.958309979999999996e+03 2.048019999999999982e+03
1.452499999999999858e+01 1.077075720000000025e+01 1.958263689999999997e+03 2.048019999999999982e+03
1.453000000000000114e+01 1.073705807999999884e+01 1.958544515999999931e+03 2.048019999999999982e+03
1.453500000000000014e+01 1.083852575999999956e+01 1.957698951999999963e+03 2.048019999999999982e+03
1.453999999999999915e+01 1.077075720000000025e+01 1.958263689999999997e+03 2.048019999999999982e+03
1.454500000000000171e+01 1.078223711999999956e+01 1.958168024000000059e+03 2.048019999999999982e+03
1.455000000000000071e+01 1.074816767999999989e+01 1.958451935999999932e+03 2.048019999999999982e+03
1.455499999999999972e+01 1.085000567999999888e+01 1.957603286000000026e+03 2.048019999999999982e+03
1.455999999999999872e+01 1.082741616000000029e+01 1.957791531999999961e+03 2.048019999999999982e+03
1.456500000000000128e+01 1.078223711999999956e+01 1.958168024000000059e+03 2.048019999999999982e+03
1.457000000000000028e+01 1.082741616000000029e+01 1.957791531999999961e+03 2.048019999999999982e+03
1.457499999999999929e+01 1.075964759999999920e+01 1.958356269999999995e+03 2.048019999999999982e+03
1.458000000000000185e+01 1.073113296000000005e+01 1.958593891999999869e+03 2.048019999999999982e+03
1.458500000000000085e+01 1.083852575999999956e+01 1.957698951999999963e+03 2.048019999999999982e+03
1.458999999999999986e+01 1.078223711999999956e+01 1.958168024000000059e+03 2.048019999999999982e+03
1.459499999999999886e+01 1.080482663999999993e+01 1.957979777999999897e+03 2.048019999999999982e+03
1.460000000000000142e+01 1.081038144000000045e+01 1.957933487999999898e+03 2.048019999999999982e+03
1.460500000000000043e+01 1.072557815999999953e+01 1.958640182000000095e+03 2.048019999999999982e+03
1.460999999999999943e+01 1.081593624000000098e+01 1.957887197999999898e+03 2.048019999999999982e+03
1.461500000000000199e+01 1.082186135999999976e+01 1.957837821999999960e+03 2.048019999999999982e+03
1.462000000000000099e+01 1.082186135999999976e+01 1.957837821999999960e+03 2.048019999999999982e+03
1.462500000000000000e+01 1.083852575999999956e+01 1.957698951999999963e+03 2.048019999999999982e+03
1.462999999999999901e+01 1.080482663999999993e+01 1.957979777999999897e+03 2.048019999999999982e+03
1.463500000000000156e+01 1.083852575999999956e+01 1.957698951999999963e+03 2.048019999999999982e+03
1.464000000000000057e+01 1.081593624000000098e+01 1.957887197999999898e+03 2.048019999999999982e+03
1.464499999999999957e+01 1.077075720000000025e+01 1.958263689999999997e+03 2.048019999999999982e+03
1.464999999999999858e+01 1.082186135999999976e+01 1.957837821999999960e+03 2.048019999999999982e+03
1.465500000000000114e+01 1.080482663999999993e+01 1.957979777999999897e+03 2.048019999999999982e+03
1.466000000000000014e+01 1.081593624000000098e+01 1.957887197999999898e+03 2.048019999999999982e+03
1.466499999999999915e+01 1.081593624000000098e+01 1.957887197999999898e+03 2.048019999999999982e+03
1.467000000000000171e+01 1.083297096000000082e+01 1.957745241999999962e+03 2.048019999999999982e+03
1.467500000000000071e+01 1.082741616000000029e+01 1.957791531999999961e+03 2.048019999999999982e+03
1.467999999999999972e+01 1.077668231999999904e+01 1.958214314000000059e+03 2.048019999999999982e+03
1.468499999999999872e+01 1.080482663999999993e+01 1.957979777999999897e+03 2.048019999999999982e+03
1.469000000000000128e+01 1.081038144000000045e+01 1.957933487999999898e+03 2.048019999999999982e+03
1.469500000000000028e+01 1.078779192000000009e+01 1.958121734000000060e+03 2.048019999999999982e+03
1.469999999999999929e+01 1.088962991999999907e+01 1.957273083999999926e+03 2.048019999999999982e+03
1.470500000000000185e+01 1.083297096000000082e+01 1.957745241999999962e+03 2.048019999999999982e+03
1.471000000000000085e+01 1.083852575999999956e+01 1.957698951999999963e+03 2.048019999999999982e+03
1.471499999999999986e+01 1.078779192000000009e+01 1.958121734000000060e+03 2.048019999999999982e+03
1.471999999999999886e+01 1.083297096000000082e+01 1.957745241999999962e+03 2.048019999999999982e+03
1.472500000000000142e+01 1.081593624000000098e+01 1.957887197999999898e+03 2.048019999999999982e+03
1.473000000000000043e+01 1.083297096000000082e+01 1.957745241999999962e+03 2.048019999999999982e+03
1.473499999999999943e+01 1.085000567999999888e+01 1.957603286000000026e+03 2.048019999999999982e+03
1.474000000000000199e+01 1.085000567999999888e+01 1.957603286000000026e+03 2.048019999999999982e+03
1.474500000000000099e+01 1.088407511999999855e+01 1.957319373999999925e+03 2.048019999999999982e+03
1.475000000000000000e+01 1.084445088000000013e+01 1.957649576000000025e+03 2.048019999999999982e+03
1.475499999999999901e+01 1.081593624000000098e+01 1.957887197999999898e+03 2.048019999999999982e+03
1.476000000000000156e+01 1.083297096000000082e+01 1.957745241999999962e+03 2.048019999999999982e+03
1.476500000000000057e+01 1.076520239999999973e+01 1.958309979999999996e+03 2.048019999999999982e+03
1.476999999999999957e+01 1.086111527999999993e+01 1.957510706000000027e+03 2.048019999999999982e+03
1.477499999999999858e+01 1.083297096000000082e+01 1.957745241999999962e+03 2.048019999999999982e+03
1.478000000000000114e+01 1.081593624000000098e+01 1.957887197999999898e+03 2.048019999999999982e+03
1.478500000000000014e+01 1.078779192000000009e+01 1.958121734000000060e+03 2.048019999999999982e+03
1.478999999999999915e+01 1.083297096000000082e+01 1.957745241999999962e+03 2.048019999999999982e+03
1.479500000000000171e+01 1.078779192000000009e+01 1.958121734000000060e+03 2.048019999999999982e+03
1.480000000000000071e+01 1.074816767999999989e+01 1.958451935999999932e+03 2.048019999999999982e+03
1.480499999999999972e+01 1.082186135999999976e+01 1.957837821999999960e+03 2.048019999999999982e+03
1.480999999999999872e+01 1.083297096000000082e+01 1.957745241999999962e+03 2.048019999999999982e+03
1.481500000000000128e+01 1.083852575999999956e+01 1.957698951999999963e+03 2.048019999999999982e+03
1.482000000000000028e+01 1.078223711999999956e+01 1.958168024000000059e+03 2.048019999999999982e+03
1.482499999999999929e+01 1.079927183999999940e+01 1.958026067999999896e+03 2.048019999999999982e+03
1.483000000000000185e+01 1.074261287999999936e+01 1.958498225999999931e+03 2.048019999999999982e+03
1.483500000000000085e+01 1.077075720000000025e+01 1.958263689999999997e+03 2.048019999999999982e+03
1.483999999999999986e+01 1.080482663999999993e+01 1.957979777999999897e+03 2.048019999999999982e+03
1.484499999999999886e+01 1.074816767999999989e+01 1.958451935999999932e+03 2.048019999999999982e+03
1.485000000000000142e+01 1.079334672000000062e+01 1.958075444000000061e+03 2.048019999999999982e+03
1.485500000000000043e+01 1.079334672000000062e+01 1.958075444000000061e+03 2.048019999999999982e+03
1.485999999999999943e+01 1.081038144000000045e+01 1.957933487999999898e+03 2.048019999999999982e+03
1.486500000000000199e+01 1.081593624000000098e+01 1.957887197999999898e+03 2.048019999999999982e+03
1.487000000000000099e+01 1.082741616000000029e+01 1.957791531999999961e+03 2.048019999999999982e+03
1.487500000000000000e+01 1.081038144000000045e+01 1.957933487999999898e+03 2.048019999999999982e+03
1.487999999999999901e+01 1.084445088000000013e+01 1.957649576000000025e+03 2.048019999999999982e+03
1.488500000000000156e+01 1.083297096000000082e+01 1.957745241999999962e+03 2.048019999999999982e+03
1.489000000000000057e+01 1.079334672000000062e+01 1.958075444000000061e+03 2.048019999999999982e+03
1.489499999999999957e+01 1.086111527999999993e+01 1.957510706000000027e+03 2.048019999999999982e+03
1.489999999999999858e+01 1.076520239999999973e+01 1.958309979999999996e+03 2.048019999999999982e+03
1.490500000000000114e+01 1.080482663999999993e+01 1.957979777999999897e+03 2.048019999999999982e+03
1.491000000000000014e+01 1.080482663999999993e+01 1.957979777999999897e+03 2.048019999999999982e+03
1.491499999999999915e+01 1.079927183999999940e+01 1.958026067999999896e+03 2.048019999999999982e+03
1.492000000000000171e+01 1.075964759999999920e+01 1.958356269999999995e+03 2.048019999999999982e+03
1.492500000000000071e+01 1.081593624000000098e+01 1.957887197999999898e+03 2.048019999999999982e+03
1.492999999999999972e+01 1.086111527999999993e+01 1.957510706000000027e+03 2.048019999999999982e+03
1.493499999999999872e+01 1.078779192000000009e+01 1.958121734000000060e+03 2.048019999999999982e+03
1.494000000000000128e+01 1.074816767999999989e+01 1.958451935999999932e+03 2.048019999999999982e+03
1.494500000000000028e+01 1.086111527999999993e+01 1.957510706000000027e+03 2.048019999999999982e+03
1.494999999999999929e+01 1.081593624000000098e+01 1.957887197999999898e+03 2.048019999999999982e+03
1.495500000000000185e+01 1.083852575999999956e+01 1.957698951999999963e+03 2.048019999999999982e+03
1.496000000000000085e+01 1.090073952000000013e+01 1.957180503999999928e+03 2.048019999999999982e+03
1.496499999999999986e+01 1.079334672000000062e+01 1.958075444000000061e+03 2.048019999999999982e+03
1.496999999999999886e+01 1.073705807999999884e+01 1.958544515999999931e+03 2.048019999999999982e+03
1.497500000000000142e+01 1.084445088000000013e+01 1.957649576000000025e+03 2.048019999999999982e+03
1.498000000000000043e+01 1.077668231999999904e+01 1.958214314000000059e+03 2.048019999999999982e+03
1.498499999999999943e+01 1.074816767999999989e+01 1.958451935999999932e+03 2.048019999999999982e+03
1.499000000000000199e+01 1.073113296000000005e+01 1.958593891999999869e+03 2.048019999999999982e+03
1.499500000000000099e+01 1.080482663999999993e+01 1.957979777999999897e+03 2.048019999999999982e+03
1.500000000000000000e+01 1.077668231999999904e+01 1.958214314000000059e+03 2.048019999999999982e+03
1.500499999999999901e+01 1.079927183999999940e+01 1.958026067999999896e+03 2.048019999999999982e+03
1.501000000000000156e+01 1.082186135999999976e+01 1.957837821999999960e+03 2.048019999999999982e+03
1.501500000000000057e+01 1.074816767999999989e+01 1.958451935999999932e+03 2.048019999999999982e+03
1.501999999999999957e+01 1.080482663999999993e+01 1.957979777999999897e+03 2.048019999999999982e+03
1.502499999999999858e+01 1.083297096000000082e+01 1.957745241999999962e+03 2.048019999999999982e+03
1.503000000000000114e+01 1.081593624000000098e+01 1.957887197999999898e+03 2.048019999999999982e+03
1.503500000000000014e+01 1.077075720000000025e+01 1.958263689999999997e+03 2.048019999999999982e+03
1.503999999999999915e+01 1.077668231999999904e+01 1.958214314000000059e+03 2.048019999999999982e+03
1.504500000000000171e+01 1.080482663999999993e+01 1.957979777999999897e+03 2.048019999999999982e+03
1.505000000000000071e+01 1.080482663999999993e+01 1.957979777999999897e+03 2.048019999999999982e+03
1.505499999999999972e+01 1.081038144000000045e+01 1.957933487999999898e+03 2.048019999999999982e+03
1.505999999999999872e+01 1.078223711999999956e+01 1.958168024000000059e+03 2.048019999999999982e+03
1.506500000000000128e+01 1.074261287999999936e+01 1.958498225999999931e+03 2.048019999999999982e+03
1.507000000000000028e+01 1.081593624000000098e+01 1.957887197999999898e+03 2.048019999999999982e+03
1.507499999999999929e+01 1.079927183999999940e+01 1.958026067999999896e+03 2.048019999999999982e+03
1.508000000000000185e+01 1.075409279999999868e+01 1.958402559999999994e+03 2.048019999999999982e+03
1.508500000000000085e+01 1.074261287999999936e+01 1.958498225999999931e+03 2.048019999999999982e+03
1.508999999999999986e+01 1.076520239999999973e+01 1.958309979999999996e+03 2.048019999999999982e+03
1.509499999999999886e+01 1.076520239999999973e+01 1.958309979999999996e+03 2.048019999999999982e+03
1.510000000000000142e+01 1.078779192000000009e+01 1.958121734000000060e+03 2.048019999999999982e+03
1.510500000000000043e+01 1.072002336000000078e+01 1.958686471999999867e+03 2.048019999999999982e+03
1.510999999999999943e+01 1.078223711999999956e+01 1.958168024000000059e+03 2.048019999999999982e+03
1.511500000000000199e+01 1.077668231999999904e+01 1.958214314000000059e+03 2.048019999999999982e+03
1.512000000000000099e+01 1.082186135999999976e+01 1.957837821999999960e+03 2.048019999999999982e+03
1.512500000000000000e+01 1.075409279999999868e+01 1.958402559999999994e+03 2.048019999999999982e+03
1.512999999999999901e+01 1.078223711999999956e+01 1.958168024000000059e+03 2.048019999999999982e+03
1.513500000000000156e+01 1.081593624000000098e+01 1.957887197999999898e+03 2.048019999999999982e+03
1.514000000000000057e+01 1.077075720000000025e+01 1.958263689999999997e+03 2.048019999999999982e+03
1.514499999999999957e+01 1.081038144000000045e+01 1.957933487999999898e+03 2.048019999999999982e+03
1.514999999999999858e+01 1.075964759999999920e+01 1.958356269999999995e+03 2.048019999999999982e+03
1.515500000000000114e+01 1.073705807999999884e+01 1.958544515999999931e+03 2.048019999999999982e+03
1.516000000000000014e+01 1.082741616000000029e+01 1.957791531999999961e+03 2.048019999999999982e+03
1.516499999999999915e+01 1.081038144000000045e+01 1.957933487999999898e+03 2.048019999999999982e+03
1.517000000000000171e+01 1.071446856000000025e+01 1.958732762000000093e+03 2.048019999999999982e+03
1.517500000000000071e+01 1.072557815999999953e+01 1.958640182000000095e+03 2.048019999999999982e+03
1.517999999999999972e+01 1.071446856000000025e+01 1.958732762000000093e+03 2.048019999999999982e+03
1.518499999999999872e+01 1.080482663999999993e+01 1.957979777999999897e+03 2.048019999999999982e+03
1.519000000000000128e+01 1.078779192000000009e+01 1.958121734000000060e+03 2.048019999999999982e+03
1.519500000000000028e+01 1.078223711999999956e+01 1.958168024000000059e+03 2.048019999999999982e+03
1.519999999999999929e+01 1.075409279999999868e+01 1.958402559999999994e+03 2.048019999999999982e+03
1.520500000000000185e+01 1.072002336000000078e+01 1.958686471999999867e+03 2.048019999999999982e+03
1.521000000000000085e+01 1.081038144000000045e+01 1.957933487999999898e+03 2.048019999999999982e+03
1.521499999999999986e+01 1.077075720000000025e+01 1.958263689999999997e+03 2.048019999999999982e+03
1.521999999999999886e+01 1.075964759999999920e+01 1.958356269999999995e+03 2.048019999999999982e+03
1.522500000000000142e+01 1.072557815999999953e+01 1.958640182000000095e+03 2.048019999999999982e+03
1.523000000000000043e+01 1.072557815999999953e+01 1.958640182000000095e+03 2.048019999999999982e+03
1.523499999999999943e+01 1.070854343999999969e+01 1.958782138000000032e+03 2.048019999999999982e+03
1.524000000000000199e+01 1.074261287999999936e+01 1.958498225999999931e+03 2.048019999999999982e+03
1.524500000000000099e+01 1.077668231999999904e+01 1.958214314000000059e+03 2.048019999999999982e+03
1.525000000000000000e+01 1.077668231999999904e+01 1.958214314000000059e+03 2.048019999999999982e+03
1.525499999999999901e+01 1.075964759999999920e+01 1.958356269999999995e+03 2.048019999999999982e+03
1.526000000000000156e+01 1.078223711999999956e+01 1.958168024000000059e+03 2.048019999999999982e+03
1.526500000000000057e+01 1.074261287999999936e+01 1.958498225999999931e+03 2.048019999999999982e+03
1.526999999999999957e+01 1.070298864000000094e+01 1.958828428000000031e+03 2.048019999999999982e+03
1.527499999999999858e+01 1.070854343999999969e+01 1.958782138000000032e+03 2.048019999999999982e+03
1.528000000000000114e+01 1.080482663999999993e+01 1.957979777999999897e+03 2.048019999999999982e+03
1.528500000000000014e+01 1.074261287999999936e+01 1.958498225999999931e+03 2.048019999999999982e+03
1.528999999999999915e+01 1.076520239999999973e+01 1.958309979999999996e+03 2.048019999999999982e+03
1.529500000000000171e+01 1.075964759999999920e+01 1.958356269999999995e+03 2.048019999999999982e+03
1.530000000000000071e+01 1.082741616000000029e+01 1.957791531999999961e+03 2.048019999999999982e+03
1.530499999999999972e+01 1.074816767999999989e+01 1.958451935999999932e+03 2.048019999999999982e+03
1.530999999999999872e+01 1.076520239999999973e+01 1.958309979999999996e+03 2.048019999999999982e+03
1.531500000000000128e+01 1.080482663999999993e+01 1.957979777999999897e+03 2.048019999999999982e+03
1.532000000000000028e+01 1.075964759999999920e+01 1.958356269999999995e+03 2.048019999999999982e+03
1.532499999999999929e+01 1.071446856000000025e+01 1.958732762000000093e+03 2.048019999999999982e+03
1.533000000000000185e+01 1.074816767999999989e+01 1.958451935999999932e+03 2.048019999999999982e+03
1.533500000000000085e+01 1.077075720000000025e+01 1.958263689999999997e+03 2.048019999999999982e+03
1.533999999999999986e+01 1.074261287999999936e+01 1.958498225999999931e+03 2.048019999999999982e+03
1.534499999999999886e+01 1.073705807999999884e+01 1.958544515999999931e+03 2.048019999999999982e+03
1.535000000000000142e+01 1.074816767999999989e+01 1.958451935999999932e+03 2.048019999999999982e+03
1.535500000000000043e+01 1.074261287999999936e+01 1.958498225999999931e+03 2.048019999999999982e+03
1.535999999999999943e+01 1.074261287999999936e+01 1.958498225999999931e+03 2.048019999999999982e+03
1.536500000000000199e+01 1.071446856000000025e+01 1.958732762000000093e+03 2.048019999999999982e+03
1.537000000000000099e+01 1.070854343999999969e+01 1.958782138000000032e+03 2.048019999999999982e+03
1.537500000000000000e+01 1.068595392000000110e+01 1.958970383999999967e+03 2.048019999999999982e+03
1.537999999999999901e+01 1.078779192000000009e+01 1.958121734000000060e+03 2.048019999999999982e+03
1.538500000000000156e+01 1.073705807999999884e+01 1.958544515999999931e+03 2.048019999999999982e+03
1.539000000000000057e+01 1.073705807999999884e+01 1.958544515999999931e+03 2.048019999999999982e+03
1.539499999999999957e+01 1.079334672000000062e+01 1.958075444000000061e+03 2.048019999999999982e+03
1.539999999999999858e+01 1.074816767999999989e+01 1.958451935999999932e+03 2.048019999999999982e+03
1.540500000000000114e+01 1.078223711999999956e+01 1.958168024000000059e+03 2.048019999999999982e+03
1.541000000000000014e+01 1.070298864000000094e+01 1.958828428000000031e+03 2.048019999999999982e+03
1.541499999999999915e+01 1.075964759999999920e+01 1.958356269999999995e+03 2.048019999999999982e+03
1.542000000000000171e+01 1.081038144000000045e+01 1.957933487999999898e+03 2.048019999999999982e+03
1.542500000000000071e+01 1.075409279999999868e+01 1.958402559999999994e+03 2.048019999999999982e+03
1.542999999999999972e+01 1.081038144000000045e+01 1.957933487999999898e+03 2.048019999999999982e+03
1.543499999999999872e+01 1.079334672000000062e+01 1.958075444000000061e+03 2.048019999999999982e+03
1.544000000000000128e+01 1.074261287999999936e+01 1.958498225999999931e+03 2.048019999999999982e+03
1.544500000000000028e+01 1.075409279999999868e+01 1.958402559999999994e+03 2.048019999999999982e+03
1.544999999999999929e+01 1.079927183999999940e+01 1.958026067999999896e+03 2.048019999999999982e+03
1.545500000000000185e+01 1.076520239999999973e+01 1.958309979999999996e+03 2.048019999999999982e+03
1.546000000000000085e+01 1.076520239999999973e+01 1.958309979999999996e+03 2.048019999999999982e+03
1.546499999999999986e+01 1.079927183999999940e+01 1.958026067999999896e+03 2.048019999999999982e+03
1.546999999999999886e+01 1.081038144000000045e+01 1.957933487999999898e+03 2.048019999999999982e+03
1.547500000000000142e+01 1.075409279999999868e+01 1.958402559999999994e+03 2.048019999999999982e+03
1.548000000000000043e+01 1.073705807999999884e+01 1.958544515999999931e+03 2.048019999999999982e+03
1.548499999999999943e+01 1.075964759999999920e+01 1.958356269999999995e+03 2.048019999999999982e+03
1.549000000000000199e+01 1.073113296000000005e+01 1.958593891999999869e+03 2.048019999999999982e+03
1.549500000000000099e+01 1.077075720000000025e+01 1.958263689999999997e+03 2.048019999999999982e+03
1.550000000000000000e+01 1.075409279999999868e+01 1.958402559999999994e+03 2.048019999999999982e+03
1.550499999999999901e+01 1.075964759999999920e+01 1.958356269999999995e+03 2.048019999999999982e+03
1.551000000000000156e+01 1.080482663999999993e+01 1.957979777999999897e+03 2.048019999999999982e+03
1.551500000000000057e+01 1.075964759999999920e+01 1.958356269999999995e+03 2.048019999999999982e+03
1.551999999999999957e+01 1.082186135999999976e+01 1.957837821999999960e+03 2.048019999999999982e+03
1.552499999999999858e+01 1.080482663999999993e+01 1.957979777999999897e+03 2.048019999999999982e+03
1.553000000000000114e+01 1.074816767999999989e+01 1.958451935999999932e+03 2.048019999999999982e+03
1.553500000000000014e+01 1.074816767999999989e+01 1.958451935999999932e+03 2.048019999999999982e+03
1.553999999999999915e+01 1.071446856000000025e+01 1.958732762000000093e+03 2.048019999999999982e+03
1.554500000000000171e+01 1.078223711999999956e+01 1.958168024000000059e+03 2.048019999999999982e+03
1.555000000000000071e+01 1.071446856000000025e+01 1.958732762000000093e+03 2.048019999999999982e+03
1.555499999999999972e+01 1.069187903999999989e+01 1.958921008000000029e+03 2.048019999999999982e+03
1.555999999999999872e+01 1.074816767999999989e+01 1.958451935999999932e+03 2.048019999999999982e+03
1.556500000000000128e+01 1.068595392000000110e+01 1.958970383999999967e+03 2.048019999999999982e+03
1.557000000000000028e+01 1.078779192000000009e+01 1.958121734000000060e+03 2.048019999999999982e+03
1.557499999999999929e+01 1.075409279999999868e+01 1.958402559999999994e+03 2.048019999999999982e+03
1.558000000000000185e+01 1.073705807999999884e+01 1.958544515999999931e+03 2.048019999999999982e+03
1.558500000000000085e+01 1.072557815999999953e+01 1.958640182000000095e+03 2.048019999999999982e+03
1.558999999999999986e+01 1.075409279999999868e+01 1.958402559999999994e+03 2.048019999999999982e+03
1.559499999999999886e+01 1.076520239999999973e+01 1.958309979999999996e+03 2.048019999999999982e+03
1.560000000000000142e+01 1.072557815999999953e+01 1.958640182000000095e+03 2.048019999999999982e+03
1.560500000000000043e+01 1.074261287999999936e+01 1.958498225999999931e+03 2.048019999999999982e+03
1.560999999999999943e+01 1.068595392000000110e+01 1.958970383999999967e+03 2.048019999999999982e+03
1.561500000000000199e+01 1.068039912000000058e+01 1.959016673999999966e+03 2.048019999999999982e+03
1.562000000000000099e+01 1.075409279999999868e+01 1.958402559999999994e+03 2.048019999999999982e+03
1.562500000000000000e+01 1.080482663999999993e+01 1.957979777999999897e+03 2.048019999999999982e+03
1.562999999999999901e+01 1.069743384000000042e+01 1.958874718000000030e+03 2.048019999999999982e+03
1.563500000000000156e+01 1.074261287999999936e+01 1.958498225999999931e+03 2.048019999999999982e+03
1.564000000000000057e+01 1.078223711999999956e+01 1.958168024000000059e+03 2.048019999999999982e+03
1.564499999999999957e+01 1.085000567999999888e+01 1.957603286000000026e+03 2.048019999999999982e+03
1.564999999999999858e+01 1.081038144000000045e+01 1.957933487999999898e+03 2.048019999999999982e+03
1.565500000000000114e+01 1.070298864000000094e+01 1.958828428000000031e+03 2.048019999999999982e+03
1.566000000000000014e+01 1.078779192000000009e+01 1.958121734000000060e+03 2.048019999999999982e+03
1.566499999999999915e+01 1.070298864000000094e+01 1.958828428000000031e+03 2.048019999999999982e+03
1.567000000000000171e+01 1.076520239999999973e+01 1.958309979999999996e+03 2.048019999999999982e+03
1.567500000000000071e+01 1.072557815999999953e+01 1.958640182000000095e+03 2.048019999999999982e+03
1.567999999999999972e+01 1.070298864000000094e+01 1.958828428000000031e+03 2.048019999999999982e+03
1.568499999999999872e+01 1.075409279999999868e+01 1.958402559999999994e+03 2.048019999999999982e+03
1.569000000000000128e+01 1.071446856000000025e+01 1.958732762000000093e+03 2.048019999999999982e+03
1.569500000000000028e+01 1.072002336000000078e+01 1.958686471999999867e+03 2.048019999999999982e+03
1.569999999999999929e+01 1.070298864000000094e+01 1.958828428000000031e+03 2.048019999999999982e+03
1.570500000000000185e+01 1.066928951999999953e+01 1.959109253999999964e+03 2.048019999999999982e+03
1.571000000000000085e+01 1.075964759999999920e+01 1.958356269999999995e+03 2.048019999999999982e+03
1.571499999999999986e+01 1.073705807999999884e+01 1.958544515999999931e+03 2.048019999999999982e+03
1.571999999999999886e+01 1.086111527999999993e+01 1.957510706000000027e+03 2.048019999999999982e+03
1.572500000000000142e+01 1.073113296000000005e+01 1.958593891999999869e+03 2.048019999999999982e+03
1.573000000000000043e+01 1.069743384000000042e+01 1.958874718000000030e+03 2.048019999999999982e+03
1.573499999999999943e+01 1.078779192000000009e+01 1.958121734000000060e+03 2.048019999999999982e+03
1.574000000000000199e+01 1.076520239999999973e+01 1.958309979999999996e+03 2.048019999999999982e+03
1.574500000000000099e+01 1.076520239999999973e+01 1.958309979999999996e+03 2.048019999999999982e+03
1.575000000000000000e+01 1.073113296000000005e+01 1.958593891999999869e+03 2.048019999999999982e+03
1.575499999999999901e+01 1.075964759999999920e+01 1.958356269999999995e+03 2.048019999999999982e+03
1.576000000000000156e+01 1.075409279999999868e+01 1.958402559999999994e+03 2.048019999999999982e+03
1.576500000000000057e+01 1.071446856000000025e+01 1.958732762000000093e+03 2.048019999999999982e+03
1.576999999999999957e+01 1.073705807999999884e+01 1.958544515999999931e+03 2.048019999999999982e+03
1.577499999999999858e+01 1.069187903999999989e+01 1.958921008000000029e+03 2.048019999999999982e+03
1.578000000000000114e+01 1.074816767999999989e+01 1.958451935999999932e+03 2.048019999999999982e+03
1.578500000000000014e+01 1.073113296000000005e+01 1.958593891999999869e+03 2.048019999999999982e+03
1.578999999999999915e+01 1.073705807999999884e+01 1.958544515999999931e+03 2.048019999999999982e+03
1.579500000000000171e+01 1.070854343999999969e+01 1.958782138000000032e+03 2.048019999999999982e+03
1.580000000000000071e+01 1.068595392000000110e+01 1.958970383999999967e+03 2.048019999999999982e+03
1.580499999999999972e+01 1.077075720000000025e+01 1.958263689999999997e+03 2.048019999999999982e+03
1.580999999999999872e+01 1.072557815999999953e+01 1.958640182000000095e+03 2.048019999999999982e+03
1.581500000000000128e+01 1.070854343999999969e+01 1.958782138000000032e+03 2.048019999999999982e+03
1.582000000000000028e+01 1.066928951999999953e+01 1.959109253999999964e+03 2.048019999999999982e+03
1.582499999999999929e+01 1.070298864000000094e+01 1.958828428000000031e+03 2.048019999999999982e+03
1.583000000000000185e+01 1.072002336000000078e+01 1.958686471999999867e+03 2.048019999999999982e+03
1.583500000000000085e+01 1.071446856000000025e+01 1.958732762000000093e+03 2.048019999999999982e+03
1.583999999999999986e+01 1.071446856000000025e+01 1.958732762000000093e+03 2.048019999999999982e+03
1.584499999999999886e+01 1.065225479999999969e+01 1.959251209999999901e+03 2.048019999999999982e+03
1.585000000000000142e+01 1.069743384000000042e+01 1.958874718000000030e+03 2.048019999999999982e+03
1.585500000000000043e+01 1.071446856000000025e+01 1.958732762000000093e+03 2.048019999999999982e+03
1.585999999999999943e+01 1.072557815999999953e+01 1.958640182000000095e+03 2.048019999999999982e+03
1.586500000000000199e+01 1.068039912000000058e+01 1.959016673999999966e+03 2.048019999999999982e+03
1.587000000000000099e+01 1.073113296000000005e+01 1.958593891999999869e+03 2.048019999999999982e+03
1.587500000000000000e+01 1.066928951999999953e+01 1.959109253999999964e+03 2.048019999999999982e+03
1.587999999999999901e+01 1.070298864000000094e+01 1.958828428000000031e+03 2.048019999999999982e+03
1.588500000000000156e+01 1.066928951999999953e+01 1.959109253999999964e+03 2.048019999999999982e+03
1.589000000000000057e+01 1.068595392000000110e+01 1.958970383999999967e+03 2.048019999999999982e+03
1.589499999999999957e+01 1.068595392000000110e+01 1.958970383999999967e+03 2.048019999999999982e+03
1.589999999999999858e+01 1.064077488000000038e+01 1.959346876000000066e+03 2.048019999999999982e+03
1.590500000000000114e+01 1.069187903999999989e+01 1.958921008000000029e+03 2.048019999999999982e+03
1.591000000000000014e+01 1.068039912000000058e+01 1.959016673999999966e+03 2.048019999999999982e+03
1.591499999999999915e+01 1.064077488000000038e+01 1.959346876000000066e+03 2.048019999999999982e+03
1.592000000000000171e+01 1.069743384000000042e+01 1.958874718000000030e+03 2.048019999999999982e+03
1.592500000000000071e+01 1.066928951999999953e+01 1.959109253999999964e+03 2.048019999999999982e+03
1.592999999999999972e+01 1.066928951999999953e+01 1.959109253999999964e+03 2.048019999999999982e+03
1.593499999999999872e+01 1.067484432000000005e+01 1.959062963999999965e+03 2.048019999999999982e+03
1.594000000000000128e+01 1.071446856000000025e+01 1.958732762000000093e+03 2.048019999999999982e+03
1.594500000000000028e+01 1.070298864000000094e+01 1.958828428000000031e+03 2.048019999999999982e+03
1.594999999999999929e+01 1.069743384000000042e+01 1.958874718000000030e+03 2.048019999999999982e+03
1.595500000000000185e+01 1.065780960000000022e+01 1.959204919999999902e+03 2.048019999999999982e+03
1.596000000000000085e+01 1.066336440000000074e+01 1.959158629999999903e+03 2.048019999999999982e+03
1.596499999999999986e+01 1.064669999999999916e+01 1.959297499999999900e+03 2.048019999999999982e+03
1.596999999999999886e+01 1.069187903999999989e+01 1.958921008000000029e+03 2.048019999999999982e+03
1.597500000000000142e+01 1.068039912000000058e+01 1.959016673999999966e+03 2.048019999999999982e+03
1.598000000000000043e+01 1.073113296000000005e+01 1.958593891999999869e+03 2.048019999999999982e+03
1.598499999999999943e+01 1.066336440000000074e+01 1.959158629999999903e+03 2.048019999999999982e+03
1.599000000000000199e+01 1.064669999999999916e+01 1.959297499999999900e+03 2.048019999999999982e+03
1.599500000000000099e+01 1.070854343999999969e+01 1.958782138000000032e+03 2.048019999999999982e+03
1.600000000000000000e+01 1.061818536000000002e+01 1.959535122000000001e+03 2.048019999999999982e+03
1.600499999999999901e+01 1.066928951999999953e+01 1.959109253999999964e+03 2.048019999999999982e+03
1.601000000000000156e+01 1.072002336000000078e+01 1.958686471999999867e+03 2.048019999999999982e+03
1.601500000000000057e+01 1.065225479999999969e+01 1.959251209999999901e+03 2.048019999999999982e+03
1.601999999999999957e+01 1.071446856000000025e+01 1.958732762000000093e+03 2.048019999999999982e+03
1.602499999999999858e+01 1.068039912000000058e+01 1.959016673999999966e+03 2.048019999999999982e+03
1.603000000000000114e+01 1.066928951999999953e+01 1.959109253999999964e+03 2.048019999999999982e+03
1.603500000000000014e+01 1.060707576000000074e+01 1.959627701999999999e+03 2.048019999999999982e+03
1.603999999999999915e+01 1.068039912000000058e+01 1.959016673999999966e+03 2.048019999999999982e+03
1.604500000000000171e+01 1.074816767999999989e+01 1.958451935999999932e+03 2.048019999999999982e+03
1.605000000000000071e+01 1.071446856000000025e+01 1.958732762000000093e+03 2.048019999999999982e+03
1.605499999999999972e+01 1.064669999999999916e+01 1.959297499999999900e+03 2.048019999999999982e+03
1.605999999999999872e+01 1.066336440000000074e+01 1.959158629999999903e+03 2.048019999999999982e+03
1.606500000000000128e+01 1.063522007999999985e+01 1.959393166000000065e+03 2.048019999999999982e+03
1.607000000000000028e+01 1.068595392000000110e+01 1.958970383999999967e+03 2.048019999999999982e+03
1.607499999999999929e+01 1.066928951999999953e+01 1.959109253999999964e+03 2.048019999999999982e+03
1.608000000000000185e+01 1.064669999999999916e+01 1.959297499999999900e+03 2.048019999999999982e+03
1.608500000000000085e+01 1.066928951999999953e+01 1.959109253999999964e+03 2.048019999999999982e+03
1.608999999999999986e+01 1.063522007999999985e+01 1.959393166000000065e+03 2.048019999999999982e+03
1.609499999999999886e+01 1.062966527999999933e+01 1.959439456000000064e+03 2.048019999999999982e+03
1.610000000000000142e+01 1.060152096000000022e+01 1.959673991999999998e+03 2.048019999999999982e+03
1.610500000000000043e+01 1.060707576000000074e+01 1.959627701999999999e+03 2.048019999999999982e+03
1.610999999999999943e+01 1.076520239999999973e+01 1.958309979999999996e+03 2.048019999999999982e+03
1.611500000000000199e+01 1.063522007999999985e+01 1.959393166000000065e+03 2.048019999999999982e+03
1.612000000000000099e+01 1.068595392000000110e+01 1.958970383999999967e+03 2.048019999999999982e+03
1.612500000000000000e+01 1.065780960000000022e+01 1.959204919999999902e+03 2.048019999999999982e+03
1.612999999999999901e+01 1.062966527999999933e+01 1.959439456000000064e+03 2.048019999999999982e+03
1.613500000000000156e+01 1.072002336000000078e+01 1.958686471999999867e+03 2.048019999999999982e+03
1.614000000000000057e+01 1.067484432000000005e+01 1.959062963999999965e+03 2.048019999999999982e+03
1.614499999999999957e+01 1.064077488000000038e+01 1.959346876000000066e+03 2.048019999999999982e+03
1.614999999999999858e+01 1.062411047999999880e+01 1.959485746000000063e+03 2.048019999999999982e+03
1.615500000000000114e+01 1.063522007999999985e+01 1.959393166000000065e+03 2.048019999999999982e+03
1.616000000000000014e+01 1.072557815999999953e+01 1.958640182000000095e+03 2.048019999999999982e+03
1.616499999999999915e+01 1.068039912000000058e+01 1.959016673999999966e+03 2.048019999999999982e+03
1.617000000000000171e+01 1.069187903999999989e+01 1.958921008000000029e+03 2.048019999999999982e+03
1.617500000000000071e+01 1.068039912000000058e+01 1.959016673999999966e+03 2.048019999999999982e+03
1.617999999999999972e+01 1.071446856000000025e+01 1.958732762000000093e+03 2.048019999999999982e+03
1.618499999999999872e+01 1.071446856000000025e+01 1.958732762000000093e+03 2.048019999999999982e+03
1.619000000000000128e+01 1.073113296000000005e+01 1.958593891999999869e+03 2.048019999999999982e+03
1.619500000000000028e+01 1.067484432000000005e+01 1.959062963999999965e+03 2.048019999999999982e+03
1.619999999999999929e+01 1.065225479999999969e+01 1.959251209999999901e+03 2.048019999999999982e+03
1.620500000000000185e+01 1.066336440000000074e+01 1.959158629999999903e+03 2.048019999999999982e+03
1.621000000000000085e+01 1.074261287999999936e+01 1.958498225999999931e+03 2.048019999999999982e+03
1.621499999999999986e+01 1.067484432000000005e+01 1.959062963999999965e+03 2.048019999999999982e+03
1.621999999999999886e+01 1.062966527999999933e+01 1.959439456000000064e+03 2.048019999999999982e+03
1.622500000000000142e+01 1.066928951999999953e+01 1.959109253999999964e+03 2.048019999999999982e+03
1.623000000000000043e+01 1.069187903999999989e+01 1.958921008000000029e+03 2.048019999999999982e+03
1.623499999999999943e+01 1.069743384000000042e+01 1.958874718000000030e+03 2.048019999999999982e+03
1.624000000000000199e+01 1.066336440000000074e+01 1.959158629999999903e+03 2.048019999999999982e+03
1.624500000000000099e+01 1.072557815999999953e+01 1.958640182000000095e+03 2.048019999999999982e+03
1.625000000000000000e+01 1.071446856000000025e+01 1.958732762000000093e+03 2.048019999999999982e+03
1.625499999999999901e+01 1.071446856000000025e+01 1.958732762000000093e+03 2.048019999999999982e+03
1.626000000000000156e+01 1.069187903999999989e+01 1.958921008000000029e+03 2.048019999999999982e+03
1.626500000000000057e+01 1.064669999999999916e+01 1.959297499999999900e+03 2.048019999999999982e+03
1.626999999999999957e+01 1.066928951999999953e+01 1.959109253999999964e+03 2.048019999999999982e+03
1.627499999999999858e+01 1.069743384000000042e+01 1.958874718000000030e+03 2.048019999999999982e+03
1.628000000000000114e+01 1.070298864000000094e+01 1.958828428000000031e+03 2.048019999999999982e+03
1.628500000000000014e+01 1.070854343999999969e+01 1.958782138000000032e+03 2.048019999999999982e+03
1.628999999999999915e+01 1.067484432000000005e+01 1.959062963999999965e+03 2.048019999999999982e+03
1.629500000000000171e+01 1.071446856000000025e+01 1.958732762000000093e+03 2.048019999999999982e+03
1.630000000000000071e+01 1.067484432000000005e+01 1.959062963999999965e+03 2.048019999999999982e+03
1.630499999999999972e+01 1.066336440000000074e+01 1.959158629999999903e+03 2.048019999999999982e+03
1.630999999999999872e+01 1.064077488000000038e+01 1.959346876000000066e+03 2.048019999999999982e+03
1.631500000000000128e+01 1.066928951999999953e+01 1.959109253999999964e+03 2.048019999999999982e+03
1.632000000000000028e+01 1.065780960000000022e+01 1.959204919999999902e+03 2.048019999999999982e+03
1.632499999999999929e+01 1.065780960000000022e+01 1.959204919999999902e+03 2.048019999999999982e+03
1.633000000000000185e+01 1.066336440000000074e+01 1.959158629999999903e+03 2.048019999999999982e+03
1.633500000000000085e+01 1.068595392000000110e+01 1.958970383999999967e+03 2.048019999999999982e+03
1.633999999999999986e+01 1.069187903999999989e+01 1.958921008000000029e+03 2.048019999999999982e+03
1.634499999999999886e+01 1.068039912000000058e+01 1.959016673999999966e+03 2.048019999999999982e+03
1.635000000000000142e+01 1.067484432000000005e+01 1.959062963999999965e+03 2.048019999999999982e+03
1.635500000000000043e+01 1.065780960000000022e+01 1.959204919999999902e+03 2.048019999999999982e+03
1.635999999999999943e+01 1.061818536000000002e+01 1.959535122000000001e+03 2.048019999999999982e+03
1.636500000000000199e+01 1.065780960000000022e+01 1.959204919999999902e+03 2.048019999999999982e+03
1.637000000000000099e+01 1.070298864000000094e+01 1.958828428000000031e+03 2.048019999999999982e+03
1.637500000000000000e+01 1.064077488000000038e+01 1.959346876000000066e+03 2.048019999999999982e+03
1.637999999999999901e+01 1.067484432000000005e+01 1.959062963999999965e+03 2.048019999999999982e+03
1.638500000000000156e+01 1.063522007999999985e+01 1.959393166000000065e+03 2.048019999999999982e+03
1.639000000000000057e+01 1.066336440000000074e+01 1.959158629999999903e+03 2.048019999999999982e+03
1.639499999999999957e+01 1.068039912000000058e+01 1.959016673999999966e+03 2.048019999999999982e+03
1.639999999999999858e+01 1.060152096000000022e+01 1.959673991999999998e+03 2.048019999999999982e+03
1.640500000000000114e+01 1.061263055999999949e+01 1.959581412000000000e+03 2.048019999999999982e+03
1.641000000000000014e+01 1.059004104000000090e+01 1.959769657999999936e+03 2.048019999999999982e+03
1.641499999999999915e+01 1.061818536000000002e+01 1.959535122000000001e+03 2.048019999999999982e+03
1.642000000000000171e+01 1.059004104000000090e+01 1.959769657999999936e+03 2.048019999999999982e+03
1.642500000000000071e+01 1.063522007999999985e+01 1.959393166000000065e+03 2.048019999999999982e+03
1.642999999999999972e+01 1.063522007999999985e+01 1.959393166000000065e+03 2.048019999999999982e+03
1.643499999999999872e+01 1.065225479999999969e+01 1.959251209999999901e+03 2.048019999999999982e+03
1.644000000000000128e+01 1.069187903999999989e+01 1.958921008000000029e+03 2.048019999999999982e+03
1.644500000000000028e+01 1.069743384000000042e+01 1.958874718000000030e+03 2.048019999999999982e+03
1.644999999999999929e+01 1.063522007999999985e+01 1.959393166000000065e+03 2.048019999999999982e+03
1.645500000000000185e+01 1.059559583999999965e+01 1.959723367999999937e+03 2.048019999999999982e+03
1.646000000000000085e+01 1.068595392000000110e+01 1.958970383999999967e+03 2.048019999999999982e+03
1.646499999999999986e+01 1.062411047999999880e+01 1.959485746000000063e+03 2.048019999999999982e+03
1.646999999999999886e+01 1.069743384000000042e+01 1.958874718000000030e+03 2.048019999999999982e+03
1.647500000000000142e+01 1.066928951999999953e+01 1.959109253999999964e+03 2.048019999999999982e+03
1.648000000000000043e+01 1.059559583999999965e+01 1.959723367999999937e+03 2.048019999999999982e+03
1.648499999999999943e+01 1.066336440000000074e+01 1.959158629999999903e+03 2.048019999999999982e+03
1.649000000000000199e+01 1.065780960000000022e+01 1.959204919999999902e+03 2.048019999999999982e+03
1.649500000000000099e+01 1.064669999999999916e+01 1.959297499999999900e+03 2.048019999999999982e+03
1.650000000000000000e+01 1.059559583999999965e+01 1.959723367999999937e+03 2.048019999999999982e+03
1.650499999999999901e+01 1.061263055999999949e+01 1.959581412000000000e+03 2.048019999999999982e+03
1.651000000000000156e+01 1.064669999999999916e+01 1.959297499999999900e+03 2.048019999999999982e+03
1.651500000000000057e+01 1.061263055999999949e+01 1.959581412000000000e+03 2.048019999999999982e+03
1.651999999999999957e+01 1.065225479999999969e+01 1.959251209999999901e+03 2.048019999999999982e+03
1.652499999999999858e+01 1.061818536000000002e+01 1.959535122000000001e+03 2.048019999999999982e+03
1.653000000000000114e+01 1.062966527999999933e+01 1.959439456000000064e+03 2.048019999999999982e+03
1.653500000000000014e+01 1.062966527999999933e+01 1.959439456000000064e+03 2.048019999999999982e+03
1.653999999999999915e+01 1.063522007999999985e+01 1.959393166000000065e+03 2.048019999999999982e+03
1.654500000000000171e+01 1.070298864000000094e+01 1.958828428000000031e+03 2.048019999999999982e+03
1.655000000000000071e+01 1.057856112000000159e+01 1.959865323999999873e+03 2.048019999999999982e+03
1.655499999999999972e+01 1.062966527999999933e+01 1.959439456000000064e+03 2.048019999999999982e+03
1.655999999999999872e+01 1.065780960000000022e+01 1.959204919999999902e+03 2.048019999999999982e+03
1.656500000000000128e+01 1.063522007999999985e+01 1.959393166000000065e+03 2.048019999999999982e+03
1.657000000000000028e+01 1.062966527999999933e+01 1.959439456000000064e+03 2.048019999999999982e+03
1.657499999999999929e+01 1.060152096000000022e+01 1.959673991999999998e+03 2.048019999999999982e+03
1.658000000000000185e+01 1.069743384000000042e+01 1.958874718000000030e+03 2.048019999999999982e+03
1.658500000000000085e+01 1.061263055999999949e+01 1.959581412000000000e+03 2.048019999999999982e+03
1.658999999999999986e+01 1.061818536000000002e+01 1.959535122000000001e+03 2.048019999999999982e+03
1.659499999999999886e+01 1.060152096000000022e+01 1.959673991999999998e+03 2.048019999999999982e+03
1.660000000000000142e+01 1.068595392000000110e+01 1.958970383999999967e+03 2.048019999999999982e+03
1.660500000000000043e+01 1.058448624000000038e+01 1.959815947999999935e+03 2.048019999999999982e+03
1.660999999999999943e+01 1.073113296000000005e+01 1.958593891999999869e+03 2.048019999999999982e+03
1.661500000000000199e+01 1.060707576000000074e+01 1.959627701999999999e+03 2.048019999999999982e+03
1.662000000000000099e+01 1.059004104000000090e+01 1.959769657999999936e+03 2.048019999999999982e+03
1.662500000000000000e+01 1.063522007999999985e+01 1.959393166000000065e+03 2.048019999999999982e+03
1.662999999999999901e+01 1.058448624000000038e+01 1.959815947999999935e+03 2.048019999999999982e+03
1.663500000000000156e+01 1.065225479999999969e+01 1.959251209999999901e+03 2.048019999999999982e+03
1.664000000000000057e+01 1.064077488000000038e+01 1.959346876000000066e+03 2.048019999999999982e+03
1.664499999999999957e+01 1.062966527999999933e+01 1.959439456000000064e+03 2.048019999999999982e+03
1.664999999999999858e+01 1.066928951999999953e+01 1.959109253999999964e+03 2.048019999999999982e+03
1.665500000000000114e+01 1.061263055999999949e+01 1.959581412000000000e+03 2.048019999999999982e+03
1.666000000000000014e+01 1.068595392000000110e+01 1.958970383999999967e+03 2.048019999999999982e+03
1.666499999999999915e+01 1.059559583999999965e+01 1.959723367999999937e+03 2.048019999999999982e+03
1.667000000000000171e+01 1.063522007999999985e+01 1.959393166000000065e+03 2.048019999999999982e+03
1.667500000000000071e+01 1.061818536000000002e+01 1.959535122000000001e+03 2.048019999999999982e+03
1.667999999999999972e+01 1.064669999999999916e+01 1.959297499999999900e+03 2.048019999999999982e+03
1.668499999999999872e+01 1.061818536000000002e+01 1.959535122000000001e+03 2.048019999999999982e+03
1.669000000000000128e+01 1.062966527999999933e+01 1.959439456000000064e+03 2.048019999999999982e+03
1.669500000000000028e+01 1.069187903999999989e+01 1.958921008000000029e+03 2.048019999999999982e+03
1.669999999999999929e+01 1.064077488000000038e+01 1.959346876000000066e+03 2.048019999999999982e+03
1.670500000000000185e+01 1.066336440000000074e+01 1.959158629999999903e+03 2.048019999999999982e+03
1.671000000000000085e+01 1.065780960000000022e+01 1.959204919999999902e+03 2.048019999999999982e+03
1.671499999999999986e+01 1.062966527999999933e+01 1.959439456000000064e+03 2.048019999999999982e+03
1.671999999999999886e+01 1.061818536000000002e+01 1.959535122000000001e+03 2.048019999999999982e+03
1.672500000000000142e+01 1.065780960000000022e+01 1.959204919999999902e+03 2.048019999999999982e+03
1.673000000000000043e+01 1.057856112000000159e+01 1.959865323999999873e+03 2.048019999999999982e+03
1.673499999999999943e+01 1.063522007999999985e+01 1.959393166000000065e+03 2.048019999999999982e+03
1.674000000000000199e+01 1.060152096000000022e+01 1.959673991999999998e+03 2.048019999999999982e+03
1.674500000000000099e+01 1.060152096000000022e+01 1.959673991999999998e+03 2.048019999999999982e+03
1.675000000000000000e+01 1.064077488000000038e+01 1.959346876000000066e+03 2.048019999999999982e+03
1.675499999999999901e+01 1.059559583999999965e+01 1.959723367999999937e+03 2.048019999999999982e+03
1.676000000000000156e+01 1.068039912000000058e+01 1.959016673999999966e+03 2.048019999999999982e+03
1.676500000000000057e+01 1.066336440000000074e+01 1.959158629999999903e+03 2.048019999999999982e+03
1.676999999999999957e+01 1.064077488000000038e+01 1.959346876000000066e+03 2.048019999999999982e+03
1.677499999999999858e+01 1.067484432000000005e+01 1.959062963999999965e+03 2.048019999999999982e+03
1.678000000000000114e+01 1.058448624000000038e+01 1.959815947999999935e+03 2.048019999999999982e+03
1.678500000000000014e+01 1.056745152000000054e+01 1.959957903999999871e+03 2.048019999999999982e+03
1.678999999999999915e+01 1.059004104000000090e+01 1.959769657999999936e+03 2.048019999999999982e+03
1.679500000000000171e+01 1.061818536000000002e+01 1.959535122000000001e+03 2.048019999999999982e+03
1.680000000000000071e+01 1.061818536000000002e+01 1.959535122000000001e+03 2.048019999999999982e+03
1.680499999999999972e+01 1.062411047999999880e+01 1.959485746000000063e+03 2.048019999999999982e+03
1.680999999999999872e+01 1.060152096000000022e+01 1.959673991999999998e+03 2.048019999999999982e+03
1.681500000000000128e+01 1.059559583999999965e+01 1.959723367999999937e+03 2.048019999999999982e+03
1.682000000000000028e+01 1.067484432000000005e+01 1.959062963999999965e+03 2.048019999999999982e+03
1.682499999999999929e+01 1.060152096000000022e+01 1.959673991999999998e+03 2.048019999999999982e+03
1.683000000000000185e+01 1.058448624000000038e+01 1.959815947999999935e+03 2.048019999999999982e+03
1.683500000000000085e+01 1.057856112000000159e+01 1.959865323999999873e+03 2.048019999999999982e+03
1.683999999999999986e+01 1.059559583999999965e+01 1.959723367999999937e+03 2.048019999999999982e+03
1.684499999999999886e+01 1.066928951999999953e+01 1.959109253999999964e+03 2.048019999999999982e+03
1.685000000000000142e+01 1.056745152000000054e+01 1.959957903999999871e+03 2.048019999999999982e+03
1.685500000000000043e+01 1.060152096000000022e+01 1.959673991999999998e+03 2.048019999999999982e+03
1.685999999999999943e+01 1.065225479999999969e+01 1.959251209999999901e+03 2.048019999999999982e+03
1.686500000000000199e+01 1.061818536000000002e+01 1.959535122000000001e+03 2.048019999999999982e+03
1.687000000000000099e+01 1.065225479999999969e+01 1.959251209999999901e+03 2.048019999999999982e+03
1.687500000000000000e+01 1.061818536000000002e+01 1.959535122000000001e+03 2.048019999999999982e+03
1.687999999999999901e+01 1.066928951999999953e+01 1.959109253999999964e+03 2.048019999999999982e+03
1.688500000000000156e+01 1.060152096000000022e+01 1.959673991999999998e+03 2.048019999999999982e+03
1.689000000000000057e+01 1.062411047999999880e+01 1.959485746000000063e+03 2.048019999999999982e+03
1.689499999999999957e+01 1.071446856000000025e+01 1.958732762000000093e+03 2.048019999999999982e+03
1.689999999999999858e+01 1.060707576000000074e+01 1.959627701999999999e+03 2.048019999999999982e+03
1.690500000000000114e+01 1.065225479999999969e+01 1.959251209999999901e+03 2.048019999999999982e+03
1.691000000000000014e+01 1.063522007999999985e+01 1.959393166000000065e+03 2.048019999999999982e+03
1.691499999999999915e+01 1.056189672000000002e+01 1.960004194000000098e+03 2.048019999999999982e+03
1.692000000000000171e+01 1.059004104000000090e+01 1.959769657999999936e+03 2.048019999999999982e+03
1.692500000000000071e+01 1.061263055999999949e+01 1.959581412000000000e+03 2.048019999999999982e+03
1.692999999999999972e+01 1.056745152000000054e+01 1.959957903999999871e+03 2.048019999999999982e+03
1.693499999999999872e+01 1.061263055999999949e+01 1.959581412000000000e+03 2.048019999999999982e+03
1.694000000000000128e+01 1.057856112000000159e+01 1.959865323999999873e+03 2.048019999999999982e+03
1.694500000000000028e+01 1.058448624000000038e+01 1.959815947999999935e+03 2.048019999999999982e+03
1.694999999999999929e+01 1.055041680000000071e+01 1.960099860000000035e+03 2.048019999999999982e+03
1.695500000000000185e+01 1.061818536000000002e+01 1.959535122000000001e+03 2.048019999999999982e+03
1.696000000000000085e+01 1.060707576000000074e+01 1.959627701999999999e+03 2.048019999999999982e+03
1.696499999999999986e+01 1.060707576000000074e+01 1.959627701999999999e+03 2.048019999999999982e+03
1.696999999999999886e+01 1.064077488000000038e+01 1.959346876000000066e+03 2.048019999999999982e+03
1.697500000000000142e+01 1.055041680000000071e+01 1.960099860000000035e+03 2.048019999999999982e+03
1.698000000000000043e+01 1.059004104000000090e+01 1.959769657999999936e+03 2.048019999999999982e+03
1.698499999999999943e+01 1.057856112000000159e+01 1.959865323999999873e+03 2.048019999999999982e+03
1.699000000000000199e+01 1.052782728000000034e+01 1.960288105999999971e+03 2.048019999999999982e+03
1.699500000000000099e+01 1.060707576000000074e+01 1.959627701999999999e+03 2.048019999999999982e+03
1.700000000000000000e+01 1.055041680000000071e+01 1.960099860000000035e+03 2.048019999999999982e+03
1.700499999999999901e+01 1.059559583999999965e+01 1.959723367999999937e+03 2.048019999999999982e+03
1.701000000000000156e+01 1.062966527999999933e+01 1.959439456000000064e+03 2.048019999999999982e+03
1.701500000000000057e+01 1.060152096000000022e+01 1.959673991999999998e+03 2.048019999999999982e+03
1.701999999999999957e+01 1.061263055999999949e+01 1.959581412000000000e+03 2.048019999999999982e+03
1.702499999999999858e+01 1.055041680000000071e+01 1.960099860000000035e+03 2.048019999999999982e+03
1.703000000000000114e+01 1.060152096000000022e+01 1.959673991999999998e+03 2.048019999999999982e+03
1.703500000000000014e+01 1.062411047999999880e+01 1.959485746000000063e+03 2.048019999999999982e+03
1.703999999999999915e+01 1.057300632000000107e+01 1.959911613999999872e+03 2.048019999999999982e+03
1.704500000000000171e+01 1.062411047999999880e+01 1.959485746000000063e+03 2.048019999999999982e+03
1.705000000000000071e+01 1.058448624000000038e+01 1.959815947999999935e+03 2.048019999999999982e+03
1.705499999999999972e+01 1.056189672000000002e+01 1.960004194000000098e+03 2.048019999999999982e+03
1.705999999999999872e+01 1.060707576000000074e+01 1.959627701999999999e+03 2.048019999999999982e+03
1.706500000000000128e+01 1.056189672000000002e+01 1.960004194000000098e+03 2.048019999999999982e+03
1.707000000000000028e+01 1.059004104000000090e+01 1.959769657999999936e+03 2.048019999999999982e+03
1.707499999999999929e+01 1.064669999999999916e+01 1.959297499999999900e+03 2.048019999999999982e+03
1.708000000000000185e+01 1.060707576000000074e+01 1.959627701999999999e+03 2.048019999999999982e+03
1.708500000000000085e+01 1.062411047999999880e+01 1.959485746000000063e+03 2.048019999999999982e+03
1.708999999999999986e+01 1.059004104000000090e+01 1.959769657999999936e+03 2.048019999999999982e+03
1.709499999999999886e+01 1.057856112000000159e+01 1.959865323999999873e+03 2.048019999999999982e+03
1.710000000000000142e+01 1.056189672000000002e+01 1.960004194000000098e+03 2.048019999999999982e+03
1.710500000000000043e+01 1.060707576000000074e+01 1.959627701999999999e+03 2.048019999999999982e+03
1.710999999999999943e+01 1.059559583999999965e+01 1.959723367999999937e+03 2.048019999999999982e+03
1.711500000000000199e+01 1.061818536000000002e+01 1.959535122000000001e+03 2.048019999999999982e+03
1.712000000000000099e+01 1.063522007999999985e+01 1.959393166000000065e+03 2.048019999999999982e+03
1.712500000000000000e+01 1.060707576000000074e+01 1.959627701999999999e+03 2.048019999999999982e+03
1.712999999999999901e+01 1.059004104000000090e+01 1.959769657999999936e+03 2.048019999999999982e+03
1.713500000000000156e+01 1.057856112000000159e+01 1.959865323999999873e+03 2.048019999999999982e+03
1.714000000000000057e+01 1.053930719999999965e+01 1.960192440000000033e+03 2.048019999999999982e+03
1.714499999999999957e+01 1.061263055999999949e+01 1.959581412000000000e+03 2.048019999999999982e+03
1.714999999999999858e+01 1.056745152000000054e+01 1.959957903999999871e+03 2.048019999999999982e+03
1.715500000000000114e+01 1.064077488000000038e+01 1.959346876000000066e+03 2.048019999999999982e+03
1.716000000000000014e+01 1.064669999999999916e+01 1.959297499999999900e+03 2.048019999999999982e+03
1.716499999999999915e+01 1.056745152000000054e+01 1.959957903999999871e+03 2.048019999999999982e+03
1.717000000000000171e+01 1.059004104000000090e+01 1.959769657999999936e+03 2.048019999999999982e+03
1.717500000000000071e+01 1.056745152000000054e+01 1.959957903999999871e+03 2.048019999999999982e+03
1.717999999999999972e+01 1.065225479999999969e+01 1.959251209999999901e+03 2.048019999999999982e+03
1.718499999999999872e+01 1.061818536000000002e+01 1.959535122000000001e+03 2.048019999999999982e+03
1.719000000000000128e+01 1.065225479999999969e+01 1.959251209999999901e+03 2.048019999999999982e+03
1.719500000000000028e+01 1.062411047999999880e+01 1.959485746000000063e+03 2.048019999999999982e+03
1.719999999999999929e+01 1.065225479999999969e+01 1.959251209999999901e+03 2.048019999999999982e+03
1.720500000000000185e+01 1.062411047999999880e+01 1.959485746000000063e+03 2.048019999999999982e+03
1.721000000000000085e+01 1.062411047999999880e+01 1.959485746000000063e+03 2.048019999999999982e+03
1.721499999999999986e+01 1.063522007999999985e+01 1.959393166000000065e+03 2.048019999999999982e+03
1.721999999999999886e+01 1.061818536000000002e+01 1.959535122000000001e+03 2.048019999999999982e+03
1.722500000000000142e+01 1.059559583999999965e+01 1.959723367999999937e+03 2.048019999999999982e+03
1.723000000000000043e+01 1.060707576000000074e+01 1.959627701999999999e+03 2.048019999999999982e+03
1.723499999999999943e+01 1.060707576000000074e+01 1.959627701999999999e+03 2.048019999999999982e+03
1.724000000000000199e+01 1.059004104000000090e+01 1.959769657999999936e+03 2.048019999999999982e+03
1.724500000000000099e+01 1.061818536000000002e+01 1.959535122000000001e+03 2.048019999999999982e+03
1.725000000000000000e+01 1.059559583999999965e+01 1.959723367999999937e+03 2.048019999999999982e+03
1.725499999999999901e+01 1.061818536000000002e+01 1.959535122000000001e+03 2.048019999999999982e+03
1.726000000000000156e+01 1.060707576000000074e+01 1.959627701999999999e+03 2.048019999999999982e+03
1.726500000000000057e+01 1.058448624000000038e+01 1.959815947999999935e+03 2.048019999999999982e+03
1.726999999999999957e+01 1.058448624000000038e+01 1.959815947999999935e+03 2.048019999999999982e+03
1.727499999999999858e+01 1.054486200000000018e+01 1.960146150000000034e+03 2.048019999999999982e+03
1.728000000000000114e+01 1.055597159999999946e+01 1.960053570000000036e+03 2.048019999999999982e+03
1.728500000000000014e+01 1.054486200000000018e+01 1.960146150000000034e+03 2.048019999999999982e+03
1.728999999999999915e+01 1.062411047999999880e+01 1.959485746000000063e+03 2.048019999999999982e+03
1.729500000000000171e+01 1.055597159999999946e+01 1.960053570000000036e+03 2.048019999999999982e+03
1.730000000000000071e+01 1.048264823999999962e+01 1.960664598000000069e+03 2.048019999999999982e+03
1.730499999999999972e+01 1.058448624000000038e+01 1.959815947999999935e+03 2.048019999999999982e+03
1.730999999999999872e+01 1.053338207999999909e+01 1.960241815999999972e+03 2.048019999999999982e+03
1.731500000000000128e+01 1.056189672000000002e+01 1.960004194000000098e+03 2.048019999999999982e+03
1.732000000000000028e+01 1.059004104000000090e+01 1.959769657999999936e+03 2.048019999999999982e+03
1.732499999999999929e+01 1.059004104000000090e+01 1.959769657999999936e+03 2.048019999999999982e+03
1.733000000000000185e+01 1.055041680000000071e+01 1.960099860000000035e+03 2.048019999999999982e+03
1.733500000000000085e+01 1.057300632000000107e+01 1.959911613999999872e+03 2.048019999999999982e+03
1.733999999999999986e+01 1.057856112000000159e+01 1.959865323999999873e+03 2.048019999999999982e+03
1.734499999999999886e+01 1.060152096000000022e+01 1.959673991999999998e+03 2.048019999999999982e+03
1.735000000000000142e+01 1.056745152000000054e+01 1.959957903999999871e+03 2.048019999999999982e+03
1.735500000000000043e+01 1.062966527999999933e+01 1.959439456000000064e+03 2.048019999999999982e+03
1.735999999999999943e+01 1.060152096000000022e+01 1.959673991999999998e+03 2.048019999999999982e+03
1.736500000000000199e+01 1.061818536000000002e+01 1.959535122000000001e+03 2.048019999999999982e+03
1.737000000000000099e+01 1.059559583999999965e+01 1.959723367999999937e+03 2.048019999999999982e+03
1.737500000000000000e+01 1.054486200000000018e+01 1.960146150000000034e+03 2.048019999999999982e+03
1.737999999999999901e+01 1.055597159999999946e+01 1.960053570000000036e+03 2.048019999999999982e+03
1.738500000000000156e+01 1.057856112000000159e+01 1.959865323999999873e+03 2.048019999999999982e+03
1.739000000000000057e+01 1.054486200000000018e+01 1.960146150000000034e+03 2.048019999999999982e+03
1.739499999999999957e+01 1.053930719999999965e+01 1.960192440000000033e+03 2.048019999999999982e+03
1.739999999999999858e+01 1.055041680000000071e+01 1.960099860000000035e+03 2.048019999999999982e+03
1.740500000000000114e+01 1.053930719999999965e+01 1.960192440000000033e+03 2.048019999999999982e+03
1.741000000000000014e+01 1.045450392000000051e+01 1.960899134000000004e+03 2.048019999999999982e+03
1.741499999999999915e+01 1.055041680000000071e+01 1.960099860000000035e+03 2.048019999999999982e+03
1.742000000000000171e+01 1.061263055999999949e+01 1.959581412000000000e+03 2.048019999999999982e+03
1.742500000000000071e+01 1.053338207999999909e+01 1.960241815999999972e+03 2.048019999999999982e+03
1.742999999999999972e+01 1.053338207999999909e+01 1.960241815999999972e+03 2.048019999999999982e+03
1.743499999999999872e+01 1.050523775999999998e+01 1.960476351999999906e+03 2.048019999999999982e+03
1.744000000000000128e+01 1.053338207999999909e+01 1.960241815999999972e+03 2.048019999999999982e+03
1.744500000000000028e+01 1.055041680000000071e+01 1.960099860000000035e+03 2.048019999999999982e+03
1.744999999999999929e+01 1.047709344000000087e+01 1.960710888000000068e+03 2.048019999999999982e+03
1.745500000000000185e+01 1.048264823999999962e+01 1.960664598000000069e+03 2.048019999999999982e+03
1.746000000000000085e+01 1.055041680000000071e+01 1.960099860000000035e+03 2.048019999999999982e+03
1.746499999999999986e+01 1.052782728000000034e+01 1.960288105999999971e+03 2.048019999999999982e+03
1.746999999999999886e+01 1.057856112000000159e+01 1.959865323999999873e+03 2.048019999999999982e+03
1.747500000000000142e+01 1.049968295999999945e+01 1.960522641999999905e+03 2.048019999999999982e+03
1.748000000000000043e+01 1.050523775999999998e+01 1.960476351999999906e+03 2.048019999999999982e+03
1.748499999999999943e+01 1.056189672000000002e+01 1.960004194000000098e+03 2.048019999999999982e+03
1.749000000000000199e+01 1.048264823999999962e+01 1.960664598000000069e+03 2.048019999999999982e+03
1.749500000000000099e+01 1.056745152000000054e+01 1.959957903999999871e+03 2.048019999999999982e+03
1.750000000000000000e+01 1.052227247999999982e+01 1.960334395999999970e+03 2.048019999999999982e+03
1.750499999999999901e+01 1.047153864000000034e+01 1.960757178000000067e+03 2.048019999999999982e+03
1.751000000000000156e+01 1.049412816000000070e+01 1.960568931999999904e+03 2.048019999999999982e+03
1.751500000000000057e+01 1.045450392000000051e+01 1.960899134000000004e+03 2.048019999999999982e+03
1.751999999999999957e+01 1.047153864000000034e+01 1.960757178000000067e+03 2.048019999999999982e+03
1.752499999999999858e+01 1.048820303999999837e+01 1.960618308000000070e+03 2.048019999999999982e+03
1.753000000000000114e+01 1.053338207999999909e+01 1.960241815999999972e+03 2.048019999999999982e+03
1.753500000000000014e+01 1.056745152000000054e+01 1.959957903999999871e+03 2.048019999999999982e+03
1.753999999999999915e+01 1.049968295999999945e+01 1.960522641999999905e+03 2.048019999999999982e+03
1.754500000000000171e+01 1.056189672000000002e+01 1.960004194000000098e+03 2.048019999999999982e+03
1.755000000000000071e+01 1.047153864000000034e+01 1.960757178000000067e+03 2.048019999999999982e+03
1.755499999999999972e+01 1.044302399999999942e+01 1.960994799999999941e+03 2.048019999999999982e+03
1.755999999999999872e+01 1.047153864000000034e+01 1.960757178000000067e+03 2.048019999999999982e+03
1.756500000000000128e+01 1.043191440000000014e+01 1.961087379999999939e+03 2.048019999999999982e+03
1.757000000000000028e+01 1.058448624000000038e+01 1.959815947999999935e+03 2.048019999999999982e+03
1.757499999999999929e+01 1.047153864000000034e+01 1.960757178000000067e+03 2.048019999999999982e+03
1.758000000000000185e+01 1.044857879999999994e+01 1.960948509999999942e+03 2.048019999999999982e+03
1.758500000000000085e+01 1.046005872000000103e+01 1.960852844000000005e+03 2.048019999999999982e+03
1.758999999999999986e+01 1.048820303999999837e+01 1.960618308000000070e+03 2.048019999999999982e+03
1.759499999999999886e+01 1.046561351999999978e+01 1.960806554000000006e+03 2.048019999999999982e+03
1.760000000000000142e+01 1.046005872000000103e+01 1.960852844000000005e+03 2.048019999999999982e+03
1.760500000000000043e+01 1.045450392000000051e+01 1.960899134000000004e+03 2.048019999999999982e+03
1.760999999999999943e+01 1.042043447999999906e+01 1.961183046000000104e+03 2.048019999999999982e+03
1.761500000000000199e+01 1.042043447999999906e+01 1.961183046000000104e+03 2.048019999999999982e+03
1.762000000000000099e+01 1.051671767999999929e+01 1.960380685999999969e+03 2.048019999999999982e+03
1.762500000000000000e+01 1.044857879999999994e+01 1.960948509999999942e+03 2.048019999999999982e+03
1.762999999999999901e+01 1.044857879999999994e+01 1.960948509999999942e+03 2.048019999999999982e+03
1.763500000000000156e+01 1.052782728000000034e+01 1.960288105999999971e+03 2.048019999999999982e+03
1.764000000000000057e+01 1.047153864000000034e+01 1.960757178000000067e+03 2.048019999999999982e+03
1.764499999999999957e+01 1.046561351999999978e+01 1.960806554000000006e+03 2.048019999999999982e+03
1.764999999999999858e+01 1.045450392000000051e+01 1.960899134000000004e+03 2.048019999999999982e+03
1.765500000000000114e+01 1.044857879999999994e+01 1.960948509999999942e+03 2.048019999999999982e+03
1.766000000000000014e+01 1.048820303999999837e+01 1.960618308000000070e+03 2.048019999999999982e+03
1.766499999999999915e+01 1.047153864000000034e+01 1.960757178000000067e+03 2.048019999999999982e+03
1.767000000000000171e+01 1.052782728000000034e+01 1.960288105999999971e+03 2.048019999999999982e+03
1.767500000000000071e+01 1.049412816000000070e+01 1.960568931999999904e+03 2.048019999999999982e+03
1.767999999999999972e+01 1.049412816000000070e+01 1.960568931999999904e+03 2.048019999999999982e+03
1.768499999999999872e+01 1.052227247999999982e+01 1.960334395999999970e+03 2.048019999999999982e+03
1.769000000000000128e+01 1.044857879999999994e+01 1.960948509999999942e+03 2.048019999999999982e+03
1.769500000000000028e+01 1.047709344000000087e+01 1.960710888000000068e+03 2.048019999999999982e+03
1.769999999999999929e+01 1.052227247999999982e+01 1.960334395999999970e+03 2.048019999999999982e+03
1.770500000000000185e+01 1.046561351999999978e+01 1.960806554000000006e+03 2.048019999999999982e+03
1.771000000000000085e+01 1.058448624000000038e+01 1.959815947999999935e+03 2.048019999999999982e+03
1.771499999999999986e+01 1.051079255999999873e+01 1.960430061999999907e+03 2.048019999999999982e+03
1.771999999999999886e+01 1.054486200000000018e+01 1.960146150000000034e+03 2.048019999999999982e+03
1.772500000000000142e+01 1.046561351999999978e+01 1.960806554000000006e+03 2.048019999999999982e+03
1.773000000000000043e+01 1.043746920000000067e+01 1.961041089999999940e+03 2.048019999999999982e+03
1.773499999999999943e+01 1.049412816000000070e+01 1.960568931999999904e+03 2.048019999999999982e+03
1.774000000000000199e+01 1.049968295999999945e+01 1.960522641999999905e+03 2.048019999999999982e+03
1.774500000000000099e+01 1.049412816000000070e+01 1.960568931999999904e+03 2.048019999999999982e+03
1.775000000000000000e+01 1.050523775999999998e+01 1.960476351999999906e+03 2.048019999999999982e+03
1.775499999999999901e+01 1.047709344000000087e+01 1.960710888000000068e+03 2.048019999999999982e+03
1.776000000000000156e+01 1.046561351999999978e+01 1.960806554000000006e+03 2.048019999999999982e+03
1.776500000000000057e+01 1.039784495999999869e+01 1.961371292000000039e+03 2.048019999999999982e+03
1.776999999999999957e+01 1.045450392000000051e+01 1.960899134000000004e+03 2.048019999999999982e+03
1.777499999999999858e+01 1.051671767999999929e+01 1.960380685999999969e+03 2.048019999999999982e+03
1.778000000000000114e+01 1.048820303999999837e+01 1.960618308000000070e+03 2.048019999999999982e+03
1.778500000000000014e+01 1.044302399999999942e+01 1.960994799999999941e+03 2.048019999999999982e+03
1.778999999999999915e+01 1.044302399999999942e+01 1.960994799999999941e+03 2.048019999999999982e+03
1.779500000000000171e+01 1.047709344000000087e+01 1.960710888000000068e+03 2.048019999999999982e+03
1.780000000000000071e+01 1.043746920000000067e+01 1.961041089999999940e+03 2.048019999999999982e+03
1.780499999999999972e+01 1.050523775999999998e+01 1.960476351999999906e+03 2.048019999999999982e+03
1.780999999999999872e+01 1.046005872000000103e+01 1.960852844000000005e+03 2.048019999999999982e+03
1.781500000000000128e+01 1.042043447999999906e+01 1.961183046000000104e+03 2.048019999999999982e+03
1.782000000000000028e+01 1.047709344000000087e+01 1.960710888000000068e+03 2.048019999999999982e+03
1.782499999999999929e+01 1.052227247999999982e+01 1.960334395999999970e+03 2.048019999999999982e+03
1.783000000000000185e+01 1.047153864000000034e+01 1.960757178000000067e+03 2.048019999999999982e+03
1.783500000000000085e+01 1.046005872000000103e+01 1.960852844000000005e+03 2.048019999999999982e+03
1.783999999999999986e+01 1.046561351999999978e+01 1.960806554000000006e+03 2.048019999999999982e+03
1.784499999999999886e+01 1.044302399999999942e+01 1.960994799999999941e+03 2.048019999999999982e+03
1.785000000000000142e+01 1.046005872000000103e+01 1.960852844000000005e+03 2.048019999999999982e+03
1.785500000000000043e+01 1.048820303999999837e+01 1.960618308000000070e+03 2.048019999999999982e+03
1.785999999999999943e+01 1.045450392000000051e+01 1.960899134000000004e+03 2.048019999999999982e+03
1.786500000000000199e+01 1.047153864000000034e+01 1.960757178000000067e+03 2.048019999999999982e+03
1.787000000000000099e+01 1.048820303999999837e+01 1.960618308000000070e+03 2.048019999999999982e+03
1.787500000000000000e+01 1.046005872000000103e+01 1.960852844000000005e+03 2.048019999999999982e+03
1.787999999999999901e+01 1.043191440000000014e+01 1.961087379999999939e+03 2.048019999999999982e+03
1.788500000000000156e+01 1.049412816000000070e+01 1.960568931999999904e+03 2.048019999999999982e+03
1.789000000000000057e+01 1.047709344000000087e+01 1.960710888000000068e+03 2.048019999999999982e+03
1.789499999999999957e+01 1.044302399999999942e+01 1.960994799999999941e+03 2.048019999999999982e+03
1.789999999999999858e+01 1.043191440000000014e+01 1.961087379999999939e+03 2.048019999999999982e+03
1.790500000000000114e+01 1.046561351999999978e+01 1.960806554000000006e+03 2.048019999999999982e+03
1.791000000000000014e+01 1.047153864000000034e+01 1.960757178000000067e+03 2.048019999999999982e+03
1.791499999999999915e+01 1.043191440000000014e+01 1.961087379999999939e+03 2.048019999999999982e+03
1.792000000000000171e+01 1.045450392000000051e+01 1.960899134000000004e+03 2.048019999999999982e+03
1.792500000000000071e+01 1.038673535999999942e+01 1.961463872000000038e+03 2.048019999999999982e+03
1.792999999999999972e+01 1.042043447999999906e+01 1.961183046000000104e+03 2.048019999999999982e+03
1.793499999999999872e+01 1.042598927999999958e+01 1.961136755999999878e+03 2.048019999999999982e+03
1.794000000000000128e+01 1.047709344000000087e+01 1.960710888000000068e+03 2.048019999999999982e+03
1.794500000000000028e+01 1.048820303999999837e+01 1.960618308000000070e+03 2.048019999999999982e+03
1.794999999999999929e+01 1.039784495999999869e+01 1.961371292000000039e+03 2.048019999999999982e+03
1.795500000000000185e+01 1.048820303999999837e+01 1.960618308000000070e+03 2.048019999999999982e+03
1.796000000000000085e+01 1.047709344000000087e+01 1.960710888000000068e+03 2.048019999999999982e+03
1.796499999999999986e+01 1.046005872000000103e+01 1.960852844000000005e+03 2.048019999999999982e+03
1.796999999999999886e+01 1.042043447999999906e+01 1.961183046000000104e+03 2.048019999999999982e+03
1.797500000000000142e+01 1.042598927999999958e+01 1.961136755999999878e+03 2.048019999999999982e+03
1.798000000000000043e+01 1.041487968000000031e+01 1.961229335999999876e+03 2.048019999999999982e+03
1.798499999999999943e+01 1.049968295999999945e+01 1.960522641999999905e+03 2.048019999999999982e+03
1.799000000000000199e+01 1.047709344000000087e+01 1.960710888000000068e+03 2.048019999999999982e+03
1.799500000000000099e+01 1.042598927999999958e+01 1.961136755999999878e+03 2.048019999999999982e+03
1.800000000000000000e+01 1.041487968000000031e+01 1.961229335999999876e+03 2.048019999999999982e+03
1.800499999999999901e+01 1.049412816000000070e+01 1.960568931999999904e+03 2.048019999999999982e+03
1.801000000000000156e+01 1.046005872000000103e+01 1.960852844000000005e+03 2.048019999999999982e+03
1.801500000000000057e+01 1.044302399999999942e+01 1.960994799999999941e+03 2.048019999999999982e+03
1.801999999999999957e+01 1.048264823999999962e+01 1.960664598000000069e+03 2.048019999999999982e+03
1.802499999999999858e+01 1.043746920000000067e+01 1.961041089999999940e+03 2.048019999999999982e+03
1.803000000000000114e+01 1.043746920000000067e+01 1.961041089999999940e+03 2.048019999999999982e+03
1.803500000000000014e+01 1.047709344000000087e+01 1.960710888000000068e+03 2.048019999999999982e+03
1.803999999999999915e+01 1.042598927999999958e+01 1.961136755999999878e+03 2.048019999999999982e+03
1.804500000000000171e+01 1.042598927999999958e+01 1.961136755999999878e+03 2.048019999999999982e+03
1.805000000000000071e+01 1.040339975999999922e+01 1.961325002000000040e+03 2.048019999999999982e+03
1.805499999999999972e+01 1.046005872000000103e+01 1.960852844000000005e+03 2.048019999999999982e+03
1.805999999999999872e+01 1.046561351999999978e+01 1.960806554000000006e+03 2.048019999999999982e+03
1.806500000000000128e+01 1.038673535999999942e+01 1.961463872000000038e+03 2.048019999999999982e+03
1.807000000000000028e+01 1.039784495999999869e+01 1.961371292000000039e+03 2.048019999999999982e+03
1.807499999999999929e+01 1.043746920000000067e+01 1.961041089999999940e+03 2.048019999999999982e+03
1.808000000000000185e+01 1.038081023999999886e+01 1.961513247999999976e+03 2.048019999999999982e+03
1.808500000000000085e+01 1.039784495999999869e+01 1.961371292000000039e+03 2.048019999999999982e+03
1.808999999999999986e+01 1.042043447999999906e+01 1.961183046000000104e+03 2.048019999999999982e+03
1.809499999999999886e+01 1.044857879999999994e+01 1.960948509999999942e+03 2.048019999999999982e+03
1.810000000000000142e+01 1.047709344000000087e+01 1.960710888000000068e+03 2.048019999999999982e+03
1.810500000000000043e+01 1.047709344000000087e+01 1.960710888000000068e+03 2.048019999999999982e+03
1.810999999999999943e+01 1.040932487999999978e+01 1.961275625999999875e+03 2.048019999999999982e+03
1.811500000000000199e+01 1.040339975999999922e+01 1.961325002000000040e+03 2.048019999999999982e+03
1.812000000000000099e+01 1.041487968000000031e+01 1.961229335999999876e+03 2.048019999999999982e+03
1.812500000000000000e+01 1.044857879999999994e+01 1.960948509999999942e+03 2.048019999999999982e+03
1.812999999999999901e+01 1.049968295999999945e+01 1.960522641999999905e+03 2.048019999999999982e+03
1.813500000000000156e+01 1.044302399999999942e+01 1.960994799999999941e+03 2.048019999999999982e+03
1.814000000000000057e+01 1.043746920000000067e+01 1.961041089999999940e+03 2.048019999999999982e+03
1.814499999999999957e+01 1.043191440000000014e+01 1.961087379999999939e+03 2.048019999999999982e+03
1.814999999999999858e+01 1.042043447999999906e+01 1.961183046000000104e+03 2.048019999999999982e+03
1.815500000000000114e+01 1.042043447999999906e+01 1.961183046000000104e+03 2.048019999999999982e+03
1.816000000000000014e+01 1.042598927999999958e+01 1.961136755999999878e+03 2.048019999999999982e+03
1.816499999999999915e+01 1.036970063999999958e+01 1.961605827999999974e+03 2.048019999999999982e+03
1.817000000000000171e+01 1.039784495999999869e+01 1.961371292000000039e+03 2.048019999999999982e+03
1.817500000000000071e+01 1.042598927999999958e+01 1.961136755999999878e+03 2.048019999999999982e+03
1.817999999999999972e+01 1.036414584000000083e+01 1.961652117999999973e+03 2.048019999999999982e+03
1.818499999999999872e+01 1.038673535999999942e+01 1.961463872000000038e+03 2.048019999999999982e+03
1.819000000000000128e+01 1.034711112000000099e+01 1.961794073999999910e+03 2.048019999999999982e+03
1.819500000000000028e+01 1.046005872000000103e+01 1.960852844000000005e+03 2.048019999999999982e+03
1.819999999999999929e+01 1.035822071999999849e+01 1.961701493999999911e+03 2.048019999999999982e+03
1.820500000000000185e+01 1.040339975999999922e+01 1.961325002000000040e+03 2.048019999999999982e+03
1.821000000000000085e+01 1.043746920000000067e+01 1.961041089999999940e+03 2.048019999999999982e+03
1.821499999999999986e+01 1.041487968000000031e+01 1.961229335999999876e+03 2.048019999999999982e+03
1.821999999999999886e+01 1.045450392000000051e+01 1.960899134000000004e+03 2.048019999999999982e+03
1.822500000000000142e+01 1.042043447999999906e+01 1.961183046000000104e+03 2.048019999999999982e+03
1.823000000000000043e+01 1.034155632000000047e+01 1.961840363999999909e+03 2.048019999999999982e+03
1.823499999999999943e+01 1.032452159999999886e+01 1.961982320000000072e+03 2.048019999999999982e+03
1.824000000000000199e+01 1.044857879999999994e+01 1.960948509999999942e+03 2.048019999999999982e+03
1.824500000000000099e+01 1.036414584000000083e+01 1.961652117999999973e+03 2.048019999999999982e+03
1.825000000000000000e+01 1.039784495999999869e+01 1.961371292000000039e+03 2.048019999999999982e+03
1.825499999999999901e+01 1.029045215999999918e+01 1.962266231999999945e+03 2.048019999999999982e+03
1.826000000000000156e+01 1.036970063999999958e+01 1.961605827999999974e+03 2.048019999999999982e+03
1.826500000000000057e+01 1.032452159999999886e+01 1.961982320000000072e+03 2.048019999999999982e+03
1.826999999999999957e+01 1.039784495999999869e+01 1.961371292000000039e+03 2.048019999999999982e+03
1.827499999999999858e+01 1.036970063999999958e+01 1.961605827999999974e+03 2.048019999999999982e+03
1.828000000000000114e+01 1.041487968000000031e+01 1.961229335999999876e+03 2.048019999999999982e+03
1.828500000000000014e+01 1.035266591999999974e+01 1.961747783999999911e+03 2.048019999999999982e+03
1.828999999999999915e+01 1.043191440000000014e+01 1.961087379999999939e+03 2.048019999999999982e+03
1.829500000000000171e+01 1.044857879999999994e+01 1.960948509999999942e+03 2.048019999999999982e+03
1.830000000000000071e+01 1.036970063999999958e+01 1.961605827999999974e+03 2.048019999999999982e+03
1.830499999999999972e+01 1.031896680000000011e+01 1.962028610000000072e+03 2.048019999999999982e+03
1.830999999999999872e+01 1.034711112000000099e+01 1.961794073999999910e+03 2.048019999999999982e+03
1.831500000000000128e+01 1.032452159999999886e+01 1.961982320000000072e+03 2.048019999999999982e+03
1.832000000000000028e+01 1.033563119999999991e+01 1.961889740000000074e+03 2.048019999999999982e+03
1.832499999999999929e+01 1.028489735999999866e+01 1.962312521999999944e+03 2.048019999999999982e+03
1.833000000000000185e+01 1.034711112000000099e+01 1.961794073999999910e+03 2.048019999999999982e+03
1.833500000000000085e+01 1.033007639999999938e+01 1.961936030000000073e+03 2.048019999999999982e+03
1.833999999999999986e+01 1.040932487999999978e+01 1.961275625999999875e+03 2.048019999999999982e+03
1.834499999999999886e+01 1.035822071999999849e+01 1.961701493999999911e+03 2.048019999999999982e+03
1.835000000000000142e+01 1.036414584000000083e+01 1.961652117999999973e+03 2.048019999999999982e+03
1.835500000000000043e+01 1.030193207999999849e+01 1.962170566000000008e+03 2.048019999999999982e+03
1.835999999999999943e+01 1.039229015999999994e+01 1.961417582000000039e+03 2.048019999999999982e+03
1.836500000000000199e+01 1.033563119999999991e+01 1.961889740000000074e+03 2.048019999999999982e+03
1.837000000000000099e+01 1.042598927999999958e+01 1.961136755999999878e+03 2.048019999999999982e+03
1.837500000000000000e+01 1.038081023999999886e+01 1.961513247999999976e+03 2.048019999999999982e+03
1.837999999999999901e+01 1.035266591999999974e+01 1.961747783999999911e+03 2.048019999999999982e+03
1.838500000000000156e+01 1.035822071999999849e+01 1.961701493999999911e+03 2.048019999999999982e+03
1.839000000000000057e+01 1.037525543999999833e+01 1.961559537999999975e+03 2.048019999999999982e+03
1.839499999999999957e+01 1.043746920000000067e+01 1.961041089999999940e+03 2.048019999999999982e+03
1.839999999999999858e+01 1.035822071999999849e+01 1.961701493999999911e+03 2.048019999999999982e+03
1.840500000000000114e+01 1.034155632000000047e+01 1.961840363999999909e+03 2.048019999999999982e+03
1.841000000000000014e+01 1.031304167999999954e+01 1.962077986000000010e+03 2.048019999999999982e+03
1.841499999999999915e+01 1.031304167999999954e+01 1.962077986000000010e+03 2.048019999999999982e+03
1.842000000000000171e+01 1.035266591999999974e+01 1.961747783999999911e+03 2.048019999999999982e+03
1.842500000000000071e+01 1.031896680000000011e+01 1.962028610000000072e+03 2.048019999999999982e+03
1.842999999999999972e+01 1.038081023999999886e+01 1.961513247999999976e+03 2.048019999999999982e+03
1.843499999999999872e+01 1.034155632000000047e+01 1.961840363999999909e+03 2.048019999999999982e+03
1.844000000000000128e+01 1.035822071999999849e+01 1.961701493999999911e+03 2.048019999999999982e+03
1.844500000000000028e+01 1.033563119999999991e+01 1.961889740000000074e+03 2.048019999999999982e+03
1.844999999999999929e+01 1.030748687999999902e+01 1.962124276000000009e+03 2.048019999999999982e+03
1.845500000000000185e+01 1.035266591999999974e+01 1.961747783999999911e+03 2.048019999999999982e+03
1.846000000000000085e+01 1.033007639999999938e+01 1.961936030000000073e+03 2.048019999999999982e+03
1.846499999999999986e+01 1.030748687999999902e+01 1.962124276000000009e+03 2.048019999999999982e+03
1.846999999999999886e+01 1.033563119999999991e+01 1.961889740000000074e+03 2.048019999999999982e+03
1.847500000000000142e+01 1.034155632000000047e+01 1.961840363999999909e+03 2.048019999999999982e+03
1.848000000000000043e+01 1.037525543999999833e+01 1.961559537999999975e+03 2.048019999999999982e+03
1.848499999999999943e+01 1.034711112000000099e+01 1.961794073999999910e+03 2.048019999999999982e+03
1.849000000000000199e+01 1.030193207999999849e+01 1.962170566000000008e+03 2.048019999999999982e+03
1.849500000000000099e+01 1.036970063999999958e+01 1.961605827999999974e+03 2.048019999999999982e+03
1.850000000000000000e+01 1.027341743999999935e+01 1.962408187999999882e+03 2.048019999999999982e+03
1.850499999999999901e+01 1.033563119999999991e+01 1.961889740000000074e+03 2.048019999999999982e+03
1.851000000000000156e+01 1.033007639999999938e+01 1.961936030000000073e+03 2.048019999999999982e+03
1.851500000000000057e+01 1.027341743999999935e+01 1.962408187999999882e+03 2.048019999999999982e+03
1.851999999999999957e+01 1.035822071999999849e+01 1.961701493999999911e+03 2.048019999999999982e+03
1.852499999999999858e+01 1.029600695999999971e+01 1.962219941999999946e+03 2.048019999999999982e+03
1.853000000000000114e+01 1.040339975999999922e+01 1.961325002000000040e+03 2.048019999999999982e+03
1.853500000000000014e+01 1.033563119999999991e+01 1.961889740000000074e+03 2.048019999999999982e+03
1.853999999999999915e+01 1.034155632000000047e+01 1.961840363999999909e+03 2.048019999999999982e+03
1.854500000000000171e+01 1.038673535999999942e+01 1.961463872000000038e+03 2.048019999999999982e+03
1.855000000000000071e+01 1.035822071999999849e+01 1.961701493999999911e+03 2.048019999999999982e+03
1.855499999999999972e+01 1.038673535999999942e+01 1.961463872000000038e+03 2.048019999999999982e+03
1.855999999999999872e+01 1.037525543999999833e+01 1.961559537999999975e+03 2.048019999999999982e+03
1.856500000000000128e+01 1.034711112000000099e+01 1.961794073999999910e+03 2.048019999999999982e+03
1.857000000000000028e+01 1.038081023999999886e+01 1.961513247999999976e+03 2.048019999999999982e+03
1.857499999999999929e+01 1.037525543999999833e+01 1.961559537999999975e+03 2.048019999999999982e+03
1.858000000000000185e+01 1.032452159999999886e+01 1.961982320000000072e+03 2.048019999999999982e+03
1.858500000000000085e+01 1.032452159999999886e+01 1.961982320000000072e+03 2.048019999999999982e+03
1.858999999999999986e+01 1.029600695999999971e+01 1.962219941999999946e+03 2.048019999999999982e+03
1.859499999999999886e+01 1.036970063999999958e+01 1.961605827999999974e+03 2.048019999999999982e+03
1.860000000000000142e+01 1.028489735999999866e+01 1.962312521999999944e+03 2.048019999999999982e+03
1.860500000000000043e+01 1.036970063999999958e+01 1.961605827999999974e+03 2.048019999999999982e+03
1.860999999999999943e+01 1.031304167999999954e+01 1.962077986000000010e+03 2.048019999999999982e+03
1.861500000000000199e+01 1.029045215999999918e+01 1.962266231999999945e+03 2.048019999999999982e+03
1.862000000000000099e+01 1.034155632000000047e+01 1.961840363999999909e+03 2.048019999999999982e+03
1.862500000000000000e+01 1.026230783999999829e+01 1.962500767999999880e+03 2.048019999999999982e+03
1.862999999999999901e+01 1.029045215999999918e+01 1.962266231999999945e+03 2.048019999999999982e+03
1.863500000000000156e+01 1.029600695999999971e+01 1.962219941999999946e+03 2.048019999999999982e+03
1.864000000000000057e+01 1.029600695999999971e+01 1.962219941999999946e+03 2.048019999999999982e+03
1.864499999999999957e+01 1.038673535999999942e+01 1.961463872000000038e+03 2.048019999999999982e+03
1.864999999999999858e+01 1.033007639999999938e+01 1.961936030000000073e+03 2.048019999999999982e+03
1.865500000000000114e+01 1.031896680000000011e+01 1.962028610000000072e+03 2.048019999999999982e+03
1.866000000000000014e+01 1.033007639999999938e+01 1.961936030000000073e+03 2.048019999999999982e+03
1.866499999999999915e+01 1.033007639999999938e+01 1.961936030000000073e+03 2.048019999999999982e+03
1.867000000000000171e+01 1.031304167999999954e+01 1.962077986000000010e+03 2.048019999999999982e+03
1.867500000000000071e+01 1.031304167999999954e+01 1.962077986000000010e+03 2.048019999999999982e+03
1.867999999999999972e+01 1.035266591999999974e+01 1.961747783999999911e+03 2.048019999999999982e+03
1.868499999999999872e+01 1.039229015999999994e+01 1.961417582000000039e+03 2.048019999999999982e+03
1.869000000000000128e+01 1.031896680000000011e+01 1.962028610000000072e+03 2.048019999999999982e+03
1.869500000000000028e+01 1.034711112000000099e+01 1.961794073999999910e+03 2.048019999999999982e+03
1.869999999999999929e+01 1.031304167999999954e+01 1.962077986000000010e+03 2.048019999999999982e+03
1.870500000000000185e+01 1.032452159999999886e+01 1.961982320000000072e+03 2.048019999999999982e+03
1.871000000000000085e+01 1.035822071999999849e+01 1.961701493999999911e+03 2.048019999999999982e+03
1.871499999999999986e+01 1.031896680000000011e+01 1.962028610000000072e+03 2.048019999999999982e+03
1.871999999999999886e+01 1.036970063999999958e+01 1.961605827999999974e+03 2.048019999999999982e+03
1.872500000000000142e+01 1.038673535999999942e+01 1.961463872000000038e+03 2.048019999999999982e+03
1.873000000000000043e+01 1.039784495999999869e+01 1.961371292000000039e+03 2.048019999999999982e+03
1.873499999999999943e+01 1.038081023999999886e+01 1.961513247999999976e+03 2.048019999999999982e+03
1.874000000000000199e+01 1.035266591999999974e+01 1.961747783999999911e+03 2.048019999999999982e+03
1.874500000000000099e+01 1.030193207999999849e+01 1.962170566000000008e+03 2.048019999999999982e+03
1.875000000000000000e+01 1.033007639999999938e+01 1.961936030000000073e+03 2.048019999999999982e+03
1.875499999999999901e+01 1.024527311999999846e+01 1.962642724000000044e+03 2.048019999999999982e+03
1.876000000000000156e+01 1.034155632000000047e+01 1.961840363999999909e+03 2.048019999999999982e+03
1.876500000000000057e+01 1.035822071999999849e+01 1.961701493999999911e+03 2.048019999999999982e+03
1.876999999999999957e+01 1.037525543999999833e+01 1.961559537999999975e+03 2.048019999999999982e+03
1.877499999999999858e+01 1.034155632000000047e+01 1.961840363999999909e+03 2.048019999999999982e+03
1.878000000000000114e+01 1.036414584000000083e+01 1.961652117999999973e+03 2.048019999999999982e+03
1.878500000000000014e+01 1.032452159999999886e+01 1.961982320000000072e+03 2.048019999999999982e+03
1.878999999999999915e+01 1.029600695999999971e+01 1.962219941999999946e+03 2.048019999999999982e+03
1.879500000000000171e+01 1.027934255999999813e+01 1.962358811999999944e+03 2.048019999999999982e+03
1.880000000000000071e+01 1.029045215999999918e+01 1.962266231999999945e+03 2.048019999999999982e+03
1.880499999999999972e+01 1.037525543999999833e+01 1.961559537999999975e+03 2.048019999999999982e+03
1.880999999999999872e+01 1.032452159999999886e+01 1.961982320000000072e+03 2.048019999999999982e+03
1.881500000000000128e+01 1.041487968000000031e+01 1.961229335999999876e+03 2.048019999999999982e+03
1.882000000000000028e+01 1.030193207999999849e+01 1.962170566000000008e+03 2.048019999999999982e+03
1.882499999999999929e+01 1.029045215999999918e+01 1.962266231999999945e+03 2.048019999999999982e+03
1.883000000000000185e+01 1.031304167999999954e+01 1.962077986000000010e+03 2.048019999999999982e+03
1.883500000000000085e+01 1.033007639999999938e+01 1.961936030000000073e+03 2.048019999999999982e+03
1.883999999999999986e+01 1.025675303999999954e+01 1.962547057999999879e+03 2.048019999999999982e+03
1.884499999999999886e+01 1.037525543999999833e+01 1.961559537999999975e+03 2.048019999999999982e+03
1.885000000000000142e+01 1.031896680000000011e+01 1.962028610000000072e+03 2.048019999999999982e+03
1.885500000000000043e+01 1.036414584000000083e+01 1.961652117999999973e+03 2.048019999999999982e+03
1.885999999999999943e+01 1.029600695999999971e+01 1.962219941999999946e+03 2.048019999999999982e+03
1.886500000000000199e+01 1.032452159999999886e+01 1.961982320000000072e+03 2.048019999999999982e+03
1.887000000000000099e+01 1.026786263999999882e+01 1.962454478000000108e+03 2.048019999999999982e+03
1.887500000000000000e+01 1.031304167999999954e+01 1.962077986000000010e+03 2.048019999999999982e+03
1.887999999999999901e+01 1.032452159999999886e+01 1.961982320000000072e+03 2.048019999999999982e+03
1.888500000000000156e+01 1.033563119999999991e+01 1.961889740000000074e+03 2.048019999999999982e+03
1.889000000000000057e+01 1.024527311999999846e+01 1.962642724000000044e+03 2.048019999999999982e+03
1.889499999999999957e+01 1.033007639999999938e+01 1.961936030000000073e+03 2.048019999999999982e+03
1.889999999999999858e+01 1.026230783999999829e+01 1.962500767999999880e+03 2.048019999999999982e+03
1.890500000000000114e+01 1.031896680000000011e+01 1.962028610000000072e+03 2.048019999999999982e+03
1.891000000000000014e+01 1.027934255999999813e+01 1.962358811999999944e+03 2.048019999999999982e+03
1.891499999999999915e+01 1.031304167999999954e+01 1.962077986000000010e+03 2.048019999999999982e+03
1.892000000000000171e+01 1.033007639999999938e+01 1.961936030000000073e+03 2.048019999999999982e+03
1.892500000000000071e+01 1.033007639999999938e+01 1.961936030000000073e+03 2.048019999999999982e+03
1.892999999999999972e+01 1.035822071999999849e+01 1.961701493999999911e+03 2.048019999999999982e+03
1.893499999999999872e+01 1.030748687999999902e+01 1.962124276000000009e+03 2.048019999999999982e+03
1.894000000000000128e+01 1.033563119999999991e+01 1.961889740000000074e+03 2.048019999999999982e+03
1.894500000000000028e+01 1.034711112000000099e+01 1.961794073999999910e+03 2.048019999999999982e+03
1.894999999999999929e+01 1.027934255999999813e+01 1.962358811999999944e+03 2.048019999999999982e+03
1.895500000000000185e+01 1.038081023999999886e+01 1.961513247999999976e+03 2.048019999999999982e+03
1.896000000000000085e+01 1.033563119999999991e+01 1.961889740000000074e+03 2.048019999999999982e+03
1.896499999999999986e+01 1.027934255999999813e+01 1.962358811999999944e+03 2.048019999999999982e+03
1.896999999999999886e+01 1.035822071999999849e+01 1.961701493999999911e+03 2.048019999999999982e+03
1.897500000000000142e+01 1.030193207999999849e+01 1.962170566000000008e+03 2.048019999999999982e+03
1.898000000000000043e+01 1.031896680000000011e+01 1.962028610000000072e+03 2.048019999999999982e+03
1.898499999999999943e+01 1.031896680000000011e+01 1.962028610000000072e+03 2.048019999999999982e+03
1.899000000000000199e+01 1.029600695999999971e+01 1.962219941999999946e+03 2.048019999999999982e+03
1.899500000000000099e+01 1.035266591999999974e+01 1.961747783999999911e+03 2.048019999999999982e+03
1.900000000000000000e+01 1.027934255999999813e+01 1.962358811999999944e+03 2.048019999999999982e+03
1.900499999999999901e+01 1.029045215999999918e+01 1.962266231999999945e+03 2.048019999999999982e+03
1.901000000000000156e+01 1.023416351999999918e+01 1.962735304000000042e+03 2.048019999999999982e+03
1.901500000000000057e+01 1.030748687999999902e+01 1.962124276000000009e+03 2.048019999999999982e+03
1.901999999999999957e+01 1.038081023999999886e+01 1.961513247999999976e+03 2.048019999999999982e+03
1.902499999999999858e+01 1.030193207999999849e+01 1.962170566000000008e+03 2.048019999999999982e+03
1.903000000000000114e+01 1.030193207999999849e+01 1.962170566000000008e+03 2.048019999999999982e+03
1.903500000000000014e+01 1.036970063999999958e+01 1.961605827999999974e+03 2.048019999999999982e+03
1.903999999999999915e+01 1.029045215999999918e+01 1.962266231999999945e+03 2.048019999999999982e+03
1.904500000000000171e+01 1.030193207999999849e+01 1.962170566000000008e+03 2.048019999999999982e+03
1.905000000000000071e+01 1.026230783999999829e+01 1.962500767999999880e+03 2.048019999999999982e+03
1.905499999999999972e+01 1.032452159999999886e+01 1.961982320000000072e+03 2.048019999999999982e+03
1.905999999999999872e+01 1.025675303999999954e+01 1.962547057999999879e+03 2.048019999999999982e+03
1.906500000000000128e+01 1.030193207999999849e+01 1.962170566000000008e+03 2.048019999999999982e+03
1.907000000000000028e+01 1.032452159999999886e+01 1.961982320000000072e+03 2.048019999999999982e+03
1.907499999999999929e+01 1.029045215999999918e+01 1.962266231999999945e+03 2.048019999999999982e+03
1.908000000000000185e+01 1.032452159999999886e+01 1.961982320000000072e+03 2.048019999999999982e+03
1.908500000000000085e+01 1.023971831999999971e+01 1.962689014000000043e+03 2.048019999999999982e+03
1.908999999999999986e+01 1.038673535999999942e+01 1.961463872000000038e+03 2.048019999999999982e+03
1.909499999999999886e+01 1.033563119999999991e+01 1.961889740000000074e+03 2.048019999999999982e+03
1.910000000000000142e+01 1.033563119999999991e+01 1.961889740000000074e+03 2.048019999999999982e+03
1.910500000000000043e+01 1.029600695999999971e+01 1.962219941999999946e+03 2.048019999999999982e+03
1.910999999999999943e+01 1.034155632000000047e+01 1.961840363999999909e+03 2.048019999999999982e+03
1.911500000000000199e+01 1.030193207999999849e+01 1.962170566000000008e+03 2.048019999999999982e+03
1.912000000000000099e+01 1.033563119999999991e+01 1.961889740000000074e+03 2.048019999999999982e+03
1.912500000000000000e+01 1.024527311999999846e+01 1.962642724000000044e+03 2.048019999999999982e+03
1.912999999999999901e+01 1.031304167999999954e+01 1.962077986000000010e+03 2.048019999999999982e+03
1.913500000000000156e+01 1.035822071999999849e+01 1.961701493999999911e+03 2.048019999999999982e+03
1.914000000000000057e+01 1.029600695999999971e+01 1.962219941999999946e+03 2.048019999999999982e+03
1.914499999999999957e+01 1.031896680000000011e+01 1.962028610000000072e+03 2.048019999999999982e+03
1.914999999999999858e+01 1.026230783999999829e+01 1.962500767999999880e+03 2.048019999999999982e+03
1.915500000000000114e+01 1.030748687999999902e+01 1.962124276000000009e+03 2.048019999999999982e+03
1.916000000000000014e+01 1.031304167999999954e+01 1.962077986000000010e+03 2.048019999999999982e+03
1.916499999999999915e+01 1.035822071999999849e+01 1.961701493999999911e+03 2.048019999999999982e+03
1.917000000000000171e+01 1.031304167999999954e+01 1.962077986000000010e+03 2.048019999999999982e+03
1.917500000000000071e+01 1.027341743999999935e+01 1.962408187999999882e+03 2.048019999999999982e+03
1.917999999999999972e+01 1.026786263999999882e+01 1.962454478000000108e+03 2.048019999999999982e+03
1.918499999999999872e+01 1.022823840000000040e+01 1.962784679999999980e+03 2.048019999999999982e+03
1.919000000000000128e+01 1.027341743999999935e+01 1.962408187999999882e+03 2.048019999999999982e+03
1.919500000000000028e+01 1.027934255999999813e+01 1.962358811999999944e+03 2.048019999999999982e+03
1.919999999999999929e+01 1.029600695999999971e+01 1.962219941999999946e+03 2.048019999999999982e+03
1.920500000000000185e+01 1.025675303999999954e+01 1.962547057999999879e+03 2.048019999999999982e+03
1.921000000000000085e+01 1.027934255999999813e+01 1.962358811999999944e+03 2.048019999999999982e+03
1.921499999999999986e+01 1.029045215999999918e+01 1.962266231999999945e+03 2.048019999999999982e+03
1.921999999999999886e+01 1.029600695999999971e+01 1.962219941999999946e+03 2.048019999999999982e+03
1.922500000000000142e+01 1.028489735999999866e+01 1.962312521999999944e+03 2.048019999999999982e+03
1.923000000000000043e+01 1.030748687999999902e+01 1.962124276000000009e+03 2.048019999999999982e+03
1.923499999999999943e+01 1.033563119999999991e+01 1.961889740000000074e+03 2.048019999999999982e+03
1.924000000000000199e+01 1.030748687999999902e+01 1.962124276000000009e+03 2.048019999999999982e+03
1.924500000000000099e+01 1.033563119999999991e+01 1.961889740000000074e+03 2.048019999999999982e+03
1.925000000000000000e+01 1.033007639999999938e+01 1.961936030000000073e+03 2.048019999999999982e+03
1.925499999999999901e+01 1.030748687999999902e+01 1.962124276000000009e+03 2.048019999999999982e+03
1.926000000000000156e+01 1.030748687999999902e+01 1.962124276000000009e+03 2.048019999999999982e+03
1.926500000000000057e+01 1.026786263999999882e+01 1.962454478000000108e+03 2.048019999999999982e+03
1.926999999999999957e+01 1.031304167999999954e+01 1.962077986000000010e+03 2.048019999999999982e+03
1.927499999999999858e+01 1.031896680000000011e+01 1.962028610000000072e+03 2.048019999999999982e+03
1.928000000000000114e+01 1.028489735999999866e+01 1.962312521999999944e+03 2.048019999999999982e+03
1.928500000000000014e+01 1.024527311999999846e+01 1.962642724000000044e+03 2.048019999999999982e+03
1.928999999999999915e+01 1.021157399999999882e+01 1.962923549999999977e+03 2.048019999999999982e+03
1.929500000000000171e+01 1.023971831999999971e+01 1.962689014000000043e+03 2.048019999999999982e+03
1.930000000000000071e+01 1.021712879999999934e+01 1.962877259999999978e+03 2.048019999999999982e+03
1.930499999999999972e+01 1.028489735999999866e+01 1.962312521999999944e+03 2.048019999999999982e+03
1.930999999999999872e+01 1.027341743999999935e+01 1.962408187999999882e+03 2.048019999999999982e+03
1.931500000000000128e+01 1.027341743999999935e+01 1.962408187999999882e+03 2.048019999999999982e+03
1.932000000000000028e+01 1.030748687999999902e+01 1.962124276000000009e+03 2.048019999999999982e+03
1.932499999999999929e+01 1.024527311999999846e+01 1.962642724000000044e+03 2.048019999999999982e+03
1.933000000000000185e+01 1.031304167999999954e+01 1.962077986000000010e+03 2.048019999999999982e+03
1.933500000000000085e+01 1.022268359999999987e+01 1.962830969999999979e+03 2.048019999999999982e+03
1.933999999999999986e+01 1.030748687999999902e+01 1.962124276000000009e+03 2.048019999999999982e+03
1.934499999999999886e+01 1.023416351999999918e+01 1.962735304000000042e+03 2.048019999999999982e+03
1.935000000000000142e+01 1.027341743999999935e+01 1.962408187999999882e+03 2.048019999999999982e+03
1.935500000000000043e+01 1.029045215999999918e+01 1.962266231999999945e+03 2.048019999999999982e+03
1.935999999999999943e+01 1.026230783999999829e+01 1.962500767999999880e+03 2.048019999999999982e+03
1.936500000000000199e+01 1.027934255999999813e+01 1.962358811999999944e+03 2.048019999999999982e+03
1.937000000000000099e+01 1.027341743999999935e+01 1.962408187999999882e+03 2.048019999999999982e+03
1.937500000000000000e+01 1.023971831999999971e+01 1.962689014000000043e+03 2.048019999999999982e+03
1.937999999999999901e+01 1.030193207999999849e+01 1.962170566000000008e+03 2.048019999999999982e+03
1.938500000000000156e+01 1.029045215999999918e+01 1.962266231999999945e+03 2.048019999999999982e+03
1.939000000000000057e+01 1.030193207999999849e+01 1.962170566000000008e+03 2.048019999999999982e+03
1.939499999999999957e+01 1.034711112000000099e+01 1.961794073999999910e+03 2.048019999999999982e+03
1.939999999999999858e+01 1.035822071999999849e+01 1.961701493999999911e+03 2.048019999999999982e+03
1.940500000000000114e+01 1.034155632000000047e+01 1.961840363999999909e+03 2.048019999999999982e+03
1.941000000000000014e+01 1.031304167999999954e+01 1.962077986000000010e+03 2.048019999999999982e+03
1.941499999999999915e+01 1.033007639999999938e+01 1.961936030000000073e+03 2.048019999999999982e+03
1.942000000000000171e+01 1.030193207999999849e+01 1.962170566000000008e+03 2.048019999999999982e+03
1.942500000000000071e+01 1.033007639999999938e+01 1.961936030000000073e+03 2.048019999999999982e+03
1.942999999999999972e+01 1.036970063999999958e+01 1.961605827999999974e+03 2.048019999999999982e+03
1.943499999999999872e+01 1.033007639999999938e+01 1.961936030000000073e+03 2.048019999999999982e+03
1.944000000000000128e+01 1.026230783999999829e+01 1.962500767999999880e+03 2.048019999999999982e+03
1.944500000000000028e+01 1.031304167999999954e+01 1.962077986000000010e+03 2.048019999999999982e+03
1.944999999999999929e+01 1.037525543999999833e+01 1.961559537999999975e+03 2.048019999999999982e+03
1.945500000000000185e+01 1.031896680000000011e+01 1.962028610000000072e+03 2.048019999999999982e+03
1.946000000000000085e+01 1.030193207999999849e+01 1.962170566000000008e+03 2.048019999999999982e+03
1.946499999999999986e+01 1.033007639999999938e+01 1.961936030000000073e+03 2.048019999999999982e+03
1.946999999999999886e+01 1.032452159999999886e+01 1.961982320000000072e+03 2.048019999999999982e+03
1.947500000000000142e+01 1.033007639999999938e+01 1.961936030000000073e+03 2.048019999999999982e+03
1.948000000000000043e+01 1.035822071999999849e+01 1.961701493999999911e+03 2.048019999999999982e+03
1.948499999999999943e+01 1.033563119999999991e+01 1.961889740000000074e+03 2.048019999999999982e+03
1.949000000000000199e+01 1.024527311999999846e+01 1.962642724000000044e+03 2.048019999999999982e+03
1.949500000000000099e+01 1.028489735999999866e+01 1.962312521999999944e+03 2.048019999999999982e+03
1.950000000000000000e+01 1.025082791999999898e+01 1.962596434000000045e+03 2.048019999999999982e+03
1.950499999999999901e+01 1.036414584000000083e+01 1.961652117999999973e+03 2.048019999999999982e+03
1.951000000000000156e+01 1.029600695999999971e+01 1.962219941999999946e+03 2.048019999999999982e+03
1.951500000000000057e+01 1.026786263999999882e+01 1.962454478000000108e+03 2.048019999999999982e+03
1.951999999999999957e+01 1.037525543999999833e+01 1.961559537999999975e+03 2.048019999999999982e+03
1.952499999999999858e+01 1.032452159999999886e+01 1.961982320000000072e+03 2.048019999999999982e+03
1.953000000000000114e+01 1.036414584000000083e+01 1.961652117999999973e+03 2.048019999999999982e+03
1.953500000000000014e+01 1.035822071999999849e+01 1.961701493999999911e+03 2.048019999999999982e+03
1.953999999999999915e+01 1.034155632000000047e+01 1.961840363999999909e+03 2.048019999999999982e+03
1.954500000000000171e+01 1.033563119999999991e+01 1.961889740000000074e+03 2.048019999999999982e+03
1.955000000000000071e+01 1.031304167999999954e+01 1.962077986000000010e+03 2.048019999999999982e+03
1.955499999999999972e+01 1.035266591999999974e+01 1.961747783999999911e+03 2.048019999999999982e+03
1.955999999999999872e+01 1.033007639999999938e+01 1.961936030000000073e+03 2.048019999999999982e+03
1.956500000000000128e+01 1.031896680000000011e+01 1.962028610000000072e+03 2.048019999999999982e+03
1.957000000000000028e+01 1.034155632000000047e+01 1.961840363999999909e+03 2.048019999999999982e+03
1.957499999999999929e+01 1.035822071999999849e+01 1.961701493999999911e+03 2.048019999999999982e+03
1.958000000000000185e+01 1.031896680000000011e+01 1.962028610000000072e+03 2.048019999999999982e+03
1.958500000000000085e+01 1.030748687999999902e+01 1.962124276000000009e+03 2.048019999999999982e+03
1.958999999999999986e+01 1.034155632000000047e+01 1.961840363999999909e+03 2.048019999999999982e+03
1.959499999999999886e+01 1.027934255999999813e+01 1.962358811999999944e+03 2.048019999999999982e+03
1.960000000000000142e+01 1.025675303999999954e+01 1.962547057999999879e+03 2.048019999999999982e+03
1.960500000000000043e+01 1.030748687999999902e+01 1.962124276000000009e+03 2.048019999999999982e+03
1.960999999999999943e+01 1.029045215999999918e+01 1.962266231999999945e+03 2.048019999999999982e+03
1.961500000000000199e+01 1.029045215999999918e+01 1.962266231999999945e+03 2.048019999999999982e+03
1.962000000000000099e+01 1.034711112000000099e+01 1.961794073999999910e+03 2.048019999999999982e+03
1.962500000000000000e+01 1.033563119999999991e+01 1.961889740000000074e+03 2.048019999999999982e+03
1.962999999999999901e+01 1.039229015999999994e+01 1.961417582000000039e+03 2.048019999999999982e+03
1.963500000000000156e+01 1.029045215999999918e+01 1.962266231999999945e+03 2.048019999999999982e+03
1.964000000000000057e+01 1.035822071999999849e+01 1.961701493999999911e+03 2.048019999999999982e+03
1.964499999999999957e+01 1.038081023999999886e+01 1.961513247999999976e+03 2.048019999999999982e+03
1.964999999999999858e+01 1.030748687999999902e+01 1.962124276000000009e+03 2.048019999999999982e+03
1.965500000000000114e+01 1.035266591999999974e+01 1.961747783999999911e+03 2.048019999999999982e+03
1.966000000000000014e+01 1.036970063999999958e+01 1.961605827999999974e+03 2.048019999999999982e+03
1.966499999999999915e+01 1.031304167999999954e+01 1.962077986000000010e+03 2.048019999999999982e+03
1.967000000000000171e+01 1.036414584000000083e+01 1.961652117999999973e+03 2.048019999999999982e+03
1.967500000000000071e+01 1.033007639999999938e+01 1.961936030000000073e+03 2.048019999999999982e+03
1.967999999999999972e+01 1.034155632000000047e+01 1.961840363999999909e+03 2.048019999999999982e+03
1.968499999999999872e+01 1.033007639999999938e+01 1.961936030000000073e+03 2.048019999999999982e+03
1.969000000000000128e+01 1.034711112000000099e+01 1.961794073999999910e+03 2.048019999999999982e+03
1.969500000000000028e+01 1.036414584000000083e+01 1.961652117999999973e+03 2.048019999999999982e+03
1.969999999999999929e+01 1.035266591999999974e+01 1.961747783999999911e+03 2.048019999999999982e+03
1.970500000000000185e+01 1.042598927999999958e+01 1.961136755999999878e+03 2.048019999999999982e+03
1.971000000000000085e+01 1.047153864000000034e+01 1.960757178000000067e+03 2.048019999999999982e+03
1.971499999999999986e+01 1.041487968000000031e+01 1.961229335999999876e+03 2.048019999999999982e+03
1.971999999999999886e+01 1.039229015999999994e+01 1.961417582000000039e+03 2.048019999999999982e+03
1.972500000000000142e+01 1.035266591999999974e+01 1.961747783999999911e+03 2.048019999999999982e+03
1.973000000000000043e+01 1.040339975999999922e+01 1.961325002000000040e+03 2.048019999999999982e+03
1.973499999999999943e+01 1.035266591999999974e+01 1.961747783999999911e+03 2.048019999999999982e+03
1.974000000000000199e+01 1.041487968000000031e+01 1.961229335999999876e+03 2.048019999999999982e+03
1.974500000000000099e+01 1.035822071999999849e+01 1.961701493999999911e+03 2.048019999999999982e+03
1.975000000000000000e+01 1.034711112000000099e+01 1.961794073999999910e+03 2.048019999999999982e+03
1.975499999999999901e+01 1.040339975999999922e+01 1.961325002000000040e+03 2.048019999999999982e+03
1.976000000000000156e+01 1.036414584000000083e+01 1.961652117999999973e+03 2.048019999999999982e+03
1.976500000000000057e+01 1.038673535999999942e+01 1.961463872000000038e+03 2.048019999999999982e+03
1.976999999999999957e+01 1.033563119999999991e+01 1.961889740000000074e+03 2.048019999999999982e+03
1.977499999999999858e+01 1.033007639999999938e+01 1.961936030000000073e+03 2.048019999999999982e+03
1.978000000000000114e+01 1.033563119999999991e+01 1.961889740000000074e+03 2.048019999999999982e+03
1.978500000000000014e+01 1.031896680000000011e+01 1.962028610000000072e+03 2.048019999999999982e+03
1.978999999999999915e+01 1.038081023999999886e+01 1.961513247999999976e+03 2.048019999999999982e+03
1.979500000000000171e+01 1.037525543999999833e+01 1.961559537999999975e+03 2.048019999999999982e+03
1.980000000000000071e+01 1.038673535999999942e+01 1.961463872000000038e+03 2.048019999999999982e+03
1.980499999999999972e+01 1.038673535999999942e+01 1.961463872000000038e+03 2.048019999999999982e+03
1.980999999999999872e+01 1.029045215999999918e+01 1.962266231999999945e+03 2.048019999999999982e+03
1.981500000000000128e+01 1.038081023999999886e+01 1.961513247999999976e+03 2.048019999999999982e+03
1.982000000000000028e+01 1.038081023999999886e+01 1.961513247999999976e+03 2.048019999999999982e+03
1.982499999999999929e+01 1.030193207999999849e+01 1.962170566000000008e+03 2.048019999999999982e+03
1.983000000000000185e+01 1.033563119999999991e+01 1.961889740000000074e+03 2.048019999999999982e+03
1.983500000000000085e+01 1.034155632000000047e+01 1.961840363999999909e+03 2.048019999999999982e+03
1.983999999999999986e+01 1.035822071999999849e+01 1.961701493999999911e+03 2.048019999999999982e+03
1.984499999999999886e+01 1.041487968000000031e+01 1.961229335999999876e+03 2.048019999999999982e+03
1.985000000000000142e+01 1.035822071999999849e+01 1.961701493999999911e+03 2.048019999999999982e+03
1.985500000000000043e+01 1.037525543999999833e+01 1.961559537999999975e+03 2.048019999999999982e+03
1.985999999999999943e+01 1.034711112000000099e+01 1.961794073999999910e+03 2.048019999999999982e+03
1.986500000000000199e+01 1.031304167999999954e+01 1.962077986000000010e+03 2.048019999999999982e+03
1.987000000000000099e+01 1.034155632000000047e+01 1.961840363999999909e+03 2.048019999999999982e+03
1.987500000000000000e+01 1.025082791999999898e+01 1.962596434000000045e+03 2.048019999999999982e+03
1.987999999999999901e+01 1.032452159999999886e+01 1.961982320000000072e+03 2.048019999999999982e+03
1.988500000000000156e+01 1.034155632000000047e+01 1.961840363999999909e+03 2.048019999999999982e+03
1.989000000000000057e+01 1.034711112000000099e+01 1.961794073999999910e+03 2.048019999999999982e+03
1.989499999999999957e+01 1.035822071999999849e+01 1.961701493999999911e+03 2.048019999999999982e+03
1.989999999999999858e+01 1.035822071999999849e+01 1.961701493999999911e+03 2.048019999999999982e+03
1.990500000000000114e+01 1.031304167999999954e+01 1.962077986000000010e+03 2.048019999999999982e+03
1.991000000000000014e+01 1.030748687999999902e+01 1.962124276000000009e+03 2.048019999999999982e+03
1.991499999999999915e+01 1.031304167999999954e+01 1.962077986000000010e+03 2.048019999999999982e+03
1.992000000000000171e+01 1.034155632000000047e+01 1.961840363999999909e+03 2.048019999999999982e+03
1.992500000000000071e+01 1.031896680000000011e+01 1.962028610000000072e+03 2.048019999999999982e+03
1.992999999999999972e+01 1.038081023999999886e+01 1.961513247999999976e+03 2.048019999999999982e+03
1.993499999999999872e+01 1.031896680000000011e+01 1.962028610000000072e+03 2.048019999999999982e+03
1.994000000000000128e+01 1.040932487999999978e+01 1.961275625999999875e+03 2.048019999999999982e+03
1.994500000000000028e+01 1.037525543999999833e+01 1.961559537999999975e+03 2.048019999999999982e+03
1.994999999999999929e+01 1.031304167999999954e+01 1.962077986000000010e+03 2.048019999999999982e+03
1.995500000000000185e+01 1.033563119999999991e+01 1.961889740000000074e+03 2.048019999999999982e+03
1.996000000000000085e+01 1.036414584000000083e+01 1.961652117999999973e+03 2.048019999999999982e+03
1.996499999999999986e+01 1.034711112000000099e+01 1.961794073999999910e+03 2.048019999999999982e+03
1.996999999999999886e+01 1.035266591999999974e+01 1.961747783999999911e+03 2.048019999999999982e+03
1.997500000000000142e+01 1.033007639999999938e+01 1.961936030000000073e+03 2.048019999999999982e+03
1.998000000000000043e+01 1.038673535999999942e+01 1.961463872000000038e+03 2.048019999999999982e+03
1.998499999999999943e+01 1.031304167999999954e+01 1.962077986000000010e+03 2.048019999999999982e+03
1.999000000000000199e+01 1.030748687999999902e+01 1.962124276000000009e+03 2.048019999999999982e+03
1.999500000000000099e+01 1.038081023999999886e+01 1.961513247999999976e+03 2.048019999999999982e+03
2.000000000000000000e+01 1.025082791999999898e+01 1.962596434000000045e+03 2.048019999999999982e+03
2.000499999999999901e+01 1.033563119999999991e+01 1.961889740000000074e+03 2.048019999999999982e+03
2.001000000000000156e+01 1.033563119999999991e+01 1.961889740000000074e+03 2.048019999999999982e+03
2.001500000000000057e+01 1.031304167999999954e+01 1.962077986000000010e+03 2.048019999999999982e+03
2.001999999999999957e+01 1.033563119999999991e+01 1.961889740000000074e+03 2.048019999999999982e+03
2.002499999999999858e+01 1.030193207999999849e+01 1.962170566000000008e+03 2.048019999999999982e+03
2.003000000000000114e+01 1.032452159999999886e+01 1.961982320000000072e+03 2.048019999999999982e+03
2.003500000000000014e+01 1.031304167999999954e+01 1.962077986000000010e+03 2.048019999999999982e+03
2.003999999999999915e+01 1.040339975999999922e+01 1.961325002000000040e+03 2.048019999999999982e+03
2.004500000000000171e+01 1.038673535999999942e+01 1.961463872000000038e+03 2.048019999999999982e+03
2.005000000000000071e+01 1.029600695999999971e+01 1.962219941999999946e+03 2.048019999999999982e+03
2.005499999999999972e+01 1.036970063999999958e+01 1.961605827999999974e+03 2.048019999999999982e+03
2.005999999999999872e+01 1.034711112000000099e+01 1.961794073999999910e+03 2.048019999999999982e+03
2.006500000000000128e+01 1.023971831999999971e+01 1.962689014000000043e+03 2.048019999999999982e+03
2.007000000000000028e+01 1.032452159999999886e+01 1.961982320000000072e+03 2.048019999999999982e+03
2.007499999999999929e+01 1.029600695999999971e+01 1.962219941999999946e+03 2.048019999999999982e+03
2.008000000000000185e+01 1.031896680000000011e+01 1.962028610000000072e+03 2.048019999999999982e+03
2.008500000000000085e+01 1.030748687999999902e+01 1.962124276000000009e+03 2.048019999999999982e+03
2.008999999999999986e+01 1.027341743999999935e+01 1.962408187999999882e+03 2.048019999999999982e+03
2.009499999999999886e+01 1.044302399999999942e+01 1.960994799999999941e+03 2.048019999999999982e+03
2.010000000000000142e+01 1.036970063999999958e+01 1.961605827999999974e+03 2.048019999999999982e+03
2.010500000000000043e+01 1.034155632000000047e+01 1.961840363999999909e+03 2.048019999999999982e+03
2.010999999999999943e+01 1.031896680000000011e+01 1.962028610000000072e+03 2.048019999999999982e+03
2.011500000000000199e+01 1.030193207999999849e+01 1.962170566000000008e+03 2.048019999999999982e+03
2.012000000000000099e+01 1.036970063999999958e+01 1.961605827999999974e+03 2.048019999999999982e+03
2.012500000000000000e+01 1.039229015999999994e+01 1.961417582000000039e+03 2.048019999999999982e+03
2.012999999999999901e+01 1.036970063999999958e+01 1.961605827999999974e+03 2.048019999999999982e+03
2.013500000000000156e+01 1.034155632000000047e+01 1.961840363999999909e+03 2.048019999999999982e+03
2.014000000000000057e+01 1.030748687999999902e+01 1.962124276000000009e+03 2.048019999999999982e+03
2.014499999999999957e+01 1.040339975999999922e+01 1.961325002000000040e+03 2.048019999999999982e+03
2.014999999999999858e+01 1.031304167999999954e+01 1.962077986000000010e+03 2.048019999999999982e+03
2.015500000000000114e+01 1.033563119999999991e+01 1.961889740000000074e+03 2.048019999999999982e+03
2.016000000000000014e+01 1.038673535999999942e+01 1.961463872000000038e+03 2.048019999999999982e+03
2.016499999999999915e+01 1.035266591999999974e+01 1.961747783999999911e+03 2.048019999999999982e+03
2.017000000000000171e+01 1.034711112000000099e+01 1.961794073999999910e+03 2.048019999999999982e+03
2.017500000000000071e+01 1.039229015999999994e+01 1.961417582000000039e+03 2.048019999999999982e+03
2.017999999999999972e+01 1.035822071999999849e+01 1.961701493999999911e+03 2.048019999999999982e+03
2.018499999999999872e+01 1.037525543999999833e+01 1.961559537999999975e+03 2.048019999999999982e+03
2.019000000000000128e+01 1.031896680000000011e+01 1.962028610000000072e+03 2.048019999999999982e+03
2.019500000000000028e+01 1.029600695999999971e+01 1.962219941999999946e+03 2.048019999999999982e+03
2.019999999999999929e+01 1.031896680000000011e+01 1.962028610000000072e+03 2.048019999999999982e+03
2.020500000000000185e+01 1.026786263999999882e+01 1.962454478000000108e+03 2.048019999999999982e+03
2.021000000000000085e+01 1.034155632000000047e+01 1.961840363999999909e+03 2.048019999999999982e+03
2.021499999999999986e+01 1.026230783999999829e+01 1.962500767999999880e+03 2.048019999999999982e+03
2.021999999999999886e+01 1.026230783999999829e+01 1.962500767999999880e+03 2.048019999999999982e+03
2.022500000000000142e+01 1.030193207999999849e+01 1.962170566000000008e+03 2.048019999999999982e+03
2.023000000000000043e+01 1.031304167999999954e+01 1.962077986000000010e+03 2.048019999999999982e+03
2.023499999999999943e+01 1.026230783999999829e+01 1.962500767999999880e+03 2.048019999999999982e+03
2.024000000000000199e+01 1.026786263999999882e+01 1.962454478000000108e+03 2.048019999999999982e+03
2.024500000000000099e+01 1.033563119999999991e+01 1.961889740000000074e+03 2.048019999999999982e+03
2.025000000000000000e+01 1.029600695999999971e+01 1.962219941999999946e+03 2.048019999999999982e+03
2.025499999999999901e+01 1.027934255999999813e+01 1.962358811999999944e+03 2.048019999999999982e+03
2.026000000000000156e+01 1.033563119999999991e+01 1.961889740000000074e+03 2.048019999999999982e+03
2.026500000000000057e+01 1.031304167999999954e+01 1.962077986000000010e+03 2.048019999999999982e+03
2.026999999999999957e+01 1.028489735999999866e+01 1.962312521999999944e+03 2.048019999999999982e+03
2.027499999999999858e+01 1.034155632000000047e+01 1.961840363999999909e+03 2.048019999999999982e+03
2.028000000000000114e+01 1.036970063999999958e+01 1.961605827999999974e+03 2.048019999999999982e+03
2.028500000000000014e+01 1.033007639999999938e+01 1.961936030000000073e+03 2.048019999999999982e+03
2.028999999999999915e+01 1.035822071999999849e+01 1.961701493999999911e+03 2.048019999999999982e+03
2.029500000000000171e+01 1.033563119999999991e+01 1.961889740000000074e+03 2.048019999999999982e+03
2.030000000000000071e+01 1.032452159999999886e+01 1.961982320000000072e+03 2.048019999999999982e+03
2.030499999999999972e+01 1.035266591999999974e+01 1.961747783999999911e+03 2.048019999999999982e+03
2.030999999999999872e+01 1.033563119999999991e+01 1.961889740000000074e+03 2.048019999999999982e+03
2.031500000000000128e+01 1.029045215999999918e+01 1.962266231999999945e+03 2.048019999999999982e+03
2.032000000000000028e+01 1.034711112000000099e+01 1.961794073999999910e+03 2.048019999999999982e+03
2.032499999999999929e+01 1.030193207999999849e+01 1.962170566000000008e+03 2.048019999999999982e+03
2.033000000000000185e+01 1.034711112000000099e+01 1.961794073999999910e+03 2.048019999999999982e+03
2.033500000000000085e+01 1.031896680000000011e+01 1.962028610000000072e+03 2.048019999999999982e+03
2.033999999999999986e+01 1.032452159999999886e+01 1.961982320000000072e+03 2.048019999999999982e+03
2.034499999999999886e+01 1.036970063999999958e+01 1.961605827999999974e+03 2.048019999999999982e+03
2.035000000000000142e+01 1.042043447999999906e+01 1.961183046000000104e+03 2.048019999999999982e+03
2.035500000000000043e+01 1.033007639999999938e+01 1.961936030000000073e+03 2.048019999999999982e+03
2.035999999999999943e+01 1.034155632000000047e+01 1.961840363999999909e+03 2.048019999999999982e+03
2.036500000000000199e+01 1.034711112000000099e+01 1.961794073999999910e+03 2.048019999999999982e+03
2.037000000000000099e+01 1.031304167999999954e+01 1.962077986000000010e+03 2.048019999999999982e+03
2.037500000000000000e+01 1.034711112000000099e+01 1.961794073999999910e+03 2.048019999999999982e+03
2.037999999999999901e+01 1.035266591999999974e+01 1.961747783999999911e+03 2.048019999999999982e+03
2.038500000000000156e+01 1.034155632000000047e+01 1.961840363999999909e+03 2.048019999999999982e+03
2.039000000000000057e+01 1.035266591999999974e+01 1.961747783999999911e+03 2.048019999999999982e+03
2.039499999999999957e+01 1.033007639999999938e+01 1.961936030000000073e+03 2.048019999999999982e+03
2.039999999999999858e+01 1.030193207999999849e+01 1.962170566000000008e+03 2.048019999999999982e+03
2.040500000000000114e+01 1.031304167999999954e+01 1.962077986000000010e+03 2.048019999999999982e+03
2.041000000000000014e+01 1.033007639999999938e+01 1.961936030000000073e+03 2.048019999999999982e+03
2.041499999999999915e+01 1.034711112000000099e+01 1.961794073999999910e+03 2.048019999999999982e+03
2.042000000000000171e+01 1.034711112000000099e+01 1.961794073999999910e+03 2.048019999999999982e+03
2.042500000000000071e+01 1.031896680000000011e+01 1.962028610000000072e+03 2.048019999999999982e+03
2.042999999999999972e+01 1.039784495999999869e+01 1.961371292000000039e+03 2.048019999999999982e+03
2.043499999999999872e+01 1.033563119999999991e+01 1.961889740000000074e+03 2.048019999999999982e+03
2.044000000000000128e+01 1.030193207999999849e+01 1.962170566000000008e+03 2.048019999999999982e+03
2.044500000000000028e+01 1.035822071999999849e+01 1.961701493999999911e+03 2.048019999999999982e+03
2.044999999999999929e+01 1.032452159999999886e+01 1.961982320000000072e+03 2.048019999999999982e+03
2.045500000000000185e+01 1.034155632000000047e+01 1.961840363999999909e+03 2.048019999999999982e+03
2.046000000000000085e+01 1.034711112000000099e+01 1.961794073999999910e+03 2.048019999999999982e+03
2.046499999999999986e+01 1.040932487999999978e+01 1.961275625999999875e+03 2.048019999999999982e+03
2.046999999999999886e+01 1.038081023999999886e+01 1.961513247999999976e+03 2.048019999999999982e+03
2.047500000000000142e+01 1.035266591999999974e+01 1.961747783999999911e+03 2.048019999999999982e+03
2.048000000000000043e+01 1.036414584000000083e+01 1.961652117999999973e+03 2.048019999999999982e+03
2.048499999999999943e+01 1.033563119999999991e+01 1.961889740000000074e+03 2.048019999999999982e+03
2.049000000000000199e+01 1.035266591999999974e+01 1.961747783999999911e+03 2.048019999999999982e+03
2.049500000000000099e+01 1.045450392000000051e+01 1.960899134000000004e+03 2.048019999999999982e+03
2.050000000000000000e+01 1.039229015999999994e+01 1.961417582000000039e+03 2.048019999999999982e+03
2.050499999999999901e+01 1.032452159999999886e+01 1.961982320000000072e+03 2.048019999999999982e+03
2.051000000000000156e+01 1.036970063999999958e+01 1.961605827999999974e+03 2.048019999999999982e+03
2.051500000000000057e+01 1.027934255999999813e+01 1.962358811999999944e+03 2.048019999999999982e+03
2.051999999999999957e+01 1.032452159999999886e+01 1.961982320000000072e+03 2.048019999999999982e+03
2.052499999999999858e+01 1.030748687999999902e+01 1.962124276000000009e+03 2.048019999999999982e+03
2.053000000000000114e+01 1.035266591999999974e+01 1.961747783999999911e+03 2.048019999999999982e+03
2.053500000000000014e+01 1.037525543999999833e+01 1.961559537999999975e+03 2.048019999999999982e+03
2.053999999999999915e+01 1.029045215999999918e+01 1.962266231999999945e+03 2.048019999999999982e+03
2.054500000000000171e+01 1.034155632000000047e+01 1.961840363999999909e+03 2.048019999999999982e+03
2.055000000000000071e+01 1.034711112000000099e+01 1.961794073999999910e+03 2.048019999999999982e+03
2.055499999999999972e+01 1.035822071999999849e+01 1.961701493999999911e+03 2.048019999999999982e+03
2.055999999999999872e+01 1.035266591999999974e+01 1.961747783999999911e+03 2.048019999999999982e+03
2.056500000000000128e+01 1.030748687999999902e+01 1.962124276000000009e+03 2.048019999999999982e+03
2.057000000000000028e+01 1.031304167999999954e+01 1.962077986000000010e+03 2.048019999999999982e+03
2.057499999999999929e+01 1.028489735999999866e+01 1.962312521999999944e+03 2.048019999999999982e+03
2.058000000000000185e+01 1.034155632000000047e+01 1.961840363999999909e+03 2.048019999999999982e+03
2.058500000000000085e+01 1.034711112000000099e+01 1.961794073999999910e+03 2.048019999999999982e+03
2.058999999999999986e+01 1.033007639999999938e+01 1.961936030000000073e+03 2.048019999999999982e+03
2.059499999999999886e+01 1.035266591999999974e+01 1.961747783999999911e+03 2.048019999999999982e+03
2.060000000000000142e+01 1.034711112000000099e+01 1.961794073999999910e+03 2.048019999999999982e+03
2.060500000000000043e+01 1.037525543999999833e+01 1.961559537999999975e+03 2.048019999999999982e+03
2.060999999999999943e+01 1.036970063999999958e+01 1.961605827999999974e+03 2.048019999999999982e+03
2.061500000000000199e+01 1.033563119999999991e+01 1.961889740000000074e+03 2.048019999999999982e+03
2.062000000000000099e+01 1.039229015999999994e+01 1.961417582000000039e+03 2.048019999999999982e+03
2.062500000000000000e+01 1.030193207999999849e+01 1.962170566000000008e+03 2.048019999999999982e+03
2.062999999999999901e+01 1.041487968000000031e+01 1.961229335999999876e+03 2.048019999999999982e+03
2.063500000000000156e+01 1.037525543999999833e+01 1.961559537999999975e+03 2.048019999999999982e+03
2.064000000000000057e+01 1.027934255999999813e+01 1.962358811999999944e+03 2.048019999999999982e+03
2.064499999999999957e+01 1.040339975999999922e+01 1.961325002000000040e+03 2.048019999999999982e+03
2.064999999999999858e+01 1.036970063999999958e+01 1.961605827999999974e+03 2.048019999999999982e+03
2.065500000000000114e+01 1.033007639999999938e+01 1.961936030000000073e+03 2.048019999999999982e+03
2.066000000000000014e+01 1.040932487999999978e+01 1.961275625999999875e+03 2.048019999999999982e+03
2.066499999999999915e+01 1.039784495999999869e+01 1.961371292000000039e+03 2.048019999999999982e+03
2.067000000000000171e+01 1.038081023999999886e+01 1.961513247999999976e+03 2.048019999999999982e+03
2.067500000000000071e+01 1.033563119999999991e+01 1.961889740000000074e+03 2.048019999999999982e+03
2.067999999999999972e+01 1.033007639999999938e+01 1.961936030000000073e+03 2.048019999999999982e+03
2.068499999999999872e+01 1.032452159999999886e+01 1.961982320000000072e+03 2.048019999999999982e+03
2.069000000000000128e+01 1.031896680000000011e+01 1.962028610000000072e+03 2.048019999999999982e+03
2.069500000000000028e+01 1.040339975999999922e+01 1.961325002000000040e+03 2.048019999999999982e+03
2.069999999999999929e+01 1.038673535999999942e+01 1.961463872000000038e+03 2.048019999999999982e+03
2.070500000000000185e+01 1.038673535999999942e+01 1.961463872000000038e+03 2.048019999999999982e+03
2.071000000000000085e+01 1.039784495999999869e+01 1.961371292000000039e+03 2.048019999999999982e+03
2.071499999999999986e+01 1.038081023999999886e+01 1.961513247999999976e+03 2.048019999999999982e+03
2.071999999999999886e+01 1.036970063999999958e+01 1.961605827999999974e+03 2.048019999999999982e+03
2.072500000000000142e+01 1.035822071999999849e+01 1.961701493999999911e+03 2.048019999999999982e+03
2.073000000000000043e+01 1.039229015999999994e+01 1.961417582000000039e+03 2.048019999999999982e+03
2.073499999999999943e+01 1.039784495999999869e+01 1.961371292000000039e+03 2.048019999999999982e+03
2.074000000000000199e+01 1.036414584000000083e+01 1.961652117999999973e+03 2.048019999999999982e+03
2.074500000000000099e+01 1.033563119999999991e+01 1.961889740000000074e+03 2.048019999999999982e+03
2.075000000000000000e+01 1.038673535999999942e+01 1.961463872000000038e+03 2.048019999999999982e+03
2.075499999999999901e+01 1.036414584000000083e+01 1.961652117999999973e+03 2.048019999999999982e+03
2.076000000000000156e+01 1.034155632000000047e+01 1.961840363999999909e+03 2.048019999999999982e+03
2.076500000000000057e+01 1.035822071999999849e+01 1.961701493999999911e+03 2.048019999999999982e+03
2.076999999999999957e+01 1.037525543999999833e+01 1.961559537999999975e+03 2.048019999999999982e+03
2.077499999999999858e+01 1.038081023999999886e+01 1.961513247999999976e+03 2.048019999999999982e+03
2.078000000000000114e+01 1.035266591999999974e+01 1.961747783999999911e+03 2.048019999999999982e+03
2.078500000000000014e+01 1.037525543999999833e+01 1.961559537999999975e+03 2.048019999999999982e+03
2.078999999999999915e+01 1.032452159999999886e+01 1.961982320000000072e+03 2.048019999999999982e+03
2.079500000000000171e+01 1.022823840000000040e+01 1.962784679999999980e+03 2.048019999999999982e+03
2.080000000000000071e+01 1.029600695999999971e+01 1.962219941999999946e+03 2.048019999999999982e+03
2.080499999999999972e+01 1.034155632000000047e+01 1.961840363999999909e+03 2.048019999999999982e+03
2.080999999999999872e+01 1.033563119999999991e+01 1.961889740000000074e+03 2.048019999999999982e+03
2.081500000000000128e+01 1.038081023999999886e+01 1.961513247999999976e+03 2.048019999999999982e+03
2.082000000000000028e+01 1.034155632000000047e+01 1.961840363999999909e+03 2.048019999999999982e+03
2.082499999999999929e+01 1.030748687999999902e+01 1.962124276000000009e+03 2.048019999999999982e+03
2.083000000000000185e+01 1.035822071999999849e+01 1.961701493999999911e+03 2.048019999999999982e+03
2.083500000000000085e+01 1.033563119999999991e+01 1.961889740000000074e+03 2.048019999999999982e+03
2.083999999999999986e+01 1.034711112000000099e+01 1.961794073999999910e+03 2.048019999999999982e+03
2.084499999999999886e+01 1.036970063999999958e+01 1.961605827999999974e+03 2.048019999999999982e+03
2.085000000000000142e+01 1.026786263999999882e+01 1.962454478000000108e+03 2.048019999999999982e+03
2.085500000000000043e+01 1.038081023999999886e+01 1.961513247999999976e+03 2.048019999999999982e+03
2.085999999999999943e+01 1.029045215999999918e+01 1.962266231999999945e+03 2.048019999999999982e+03
2.086500000000000199e+01 1.031896680000000011e+01 1.962028610000000072e+03 2.048019999999999982e+03
2.087000000000000099e+01 1.033007639999999938e+01 1.961936030000000073e+03 2.048019999999999982e+03
2.087500000000000000e+01 1.029600695999999971e+01 1.962219941999999946e+03 2.048019999999999982e+03
2.087999999999999901e+01 1.031896680000000011e+01 1.962028610000000072e+03 2.048019999999999982e+03
2.088500000000000156e+01 1.025082791999999898e+01 1.962596434000000045e+03 2.048019999999999982e+03
2.089000000000000057e+01 1.031896680000000011e+01 1.962028610000000072e+03 2.048019999999999982e+03
2.089499999999999957e+01 1.031896680000000011e+01 1.962028610000000072e+03 2.048019999999999982e+03
2.089999999999999858e+01 1.030193207999999849e+01 1.962170566000000008e+03 2.048019999999999982e+03
2.090500000000000114e+01 1.037525543999999833e+01 1.961559537999999975e+03 2.048019999999999982e+03
2.091000000000000014e+01 1.027341743999999935e+01 1.962408187999999882e+03 2.048019999999999982e+03
2.091499999999999915e+01 1.033563119999999991e+01 1.961889740000000074e+03 2.048019999999999982e+03
2.092000000000000171e+01 1.029045215999999918e+01 1.962266231999999945e+03 2.048019999999999982e+03
2.092500000000000071e+01 1.030193207999999849e+01 1.962170566000000008e+03 2.048019999999999982e+03
2.092999999999999972e+01 1.033007639999999938e+01 1.961936030000000073e+03 2.048019999999999982e+03
2.093499999999999872e+01 1.028489735999999866e+01 1.962312521999999944e+03 2.048019999999999982e+03
2.094000000000000128e+01 1.033007639999999938e+01 1.961936030000000073e+03 2.048019999999999982e+03
2.094500000000000028e+01 1.034155632000000047e+01 1.961840363999999909e+03 2.048019999999999982e+03
2.094999999999999929e+01 1.032452159999999886e+01 1.961982320000000072e+03 2.048019999999999982e+03
2.095500000000000185e+01 1.030193207999999849e+01 1.962170566000000008e+03 2.048019999999999982e+03
2.096000000000000085e+01 1.031304167999999954e+01 1.962077986000000010e+03 2.048019999999999982e+03
2.096499999999999986e+01 1.028489735999999866e+01 1.962312521999999944e+03 2.048019999999999982e+03
2.096999999999999886e+01 1.027341743999999935e+01 1.962408187999999882e+03 2.048019999999999982e+03
2.097500000000000142e+01 1.031304167999999954e+01 1.962077986000000010e+03 2.048019999999999982e+03
2.098000000000000043e+01 1.033007639999999938e+01 1.961936030000000073e+03 2.048019999999999982e+03
2.098499999999999943e+01 1.026786263999999882e+01 1.962454478000000108e+03 2.048019999999999982e+03
2.099000000000000199e+01 1.031304167999999954e+01 1.962077986000000010e+03 2.048019999999999982e+03
2.099500000000000099e+01 1.031304167999999954e+01 1.962077986000000010e+03 2.048019999999999982e+03
2.100000000000000000e+01 1.030193207999999849e+01 1.962170566000000008e+03 2.048019999999999982e+03
2.100499999999999901e+01 1.030748687999999902e+01 1.962124276000000009e+03 2.048019999999999982e+03
2.101000000000000156e+01 1.030193207999999849e+01 1.962170566000000008e+03 2.048019999999999982e+03
2.101500000000000057e+01 1.032452159999999886e+01 1.961982320000000072e+03 2.048019999999999982e+03
2.101999999999999957e+01 1.031304167999999954e+01 1.962077986000000010e+03 2.048019999999999982e+03
2.102499999999999858e+01 1.032452159999999886e+01 1.961982320000000072e+03 2.048019999999999982e+03
2.103000000000000114e+01 1.035266591999999974e+01 1.961747783999999911e+03 2.048019999999999982e+03
2.103500000000000014e+01 1.034155632000000047e+01 1.961840363999999909e+03 2.048019999999999982e+03
2.103999999999999915e+01 1.034711112000000099e+01 1.961794073999999910e+03 2.048019999999999982e+03
2.104500000000000171e+01 1.033007639999999938e+01 1.961936030000000073e+03 2.048019999999999982e+03
2.105000000000000071e+01 1.025082791999999898e+01 1.962596434000000045e+03 2.048019999999999982e+03
2.105499999999999972e+01 1.032452159999999886e+01 1.961982320000000072e+03 2.048019999999999982e+03
2.105999999999999872e+01 1.025082791999999898e+01 1.962596434000000045e+03 2.048019999999999982e+03
2.106500000000000128e+01 1.026786263999999882e+01 1.962454478000000108e+03 2.048019999999999982e+03
2.107000000000000028e+01 1.034711112000000099e+01 1.961794073999999910e+03 2.048019999999999982e+03
2.107499999999999929e+01 1.030193207999999849e+01 1.962170566000000008e+03 2.048019999999999982e+03
2.108000000000000185e+01 1.026786263999999882e+01 1.962454478000000108e+03 2.048019999999999982e+03
2.108500000000000085e+01 1.027341743999999935e+01 1.962408187999999882e+03 2.048019999999999982e+03
2.108999999999999986e+01 1.030193207999999849e+01 1.962170566000000008e+03 2.048019999999999982e+03
2.109499999999999886e+01 1.032452159999999886e+01 1.961982320000000072e+03 2.048019999999999982e+03
2.110000000000000142e+01 1.026786263999999882e+01 1.962454478000000108e+03 2.048019999999999982e+03
2.110500000000000043e+01 1.025675303999999954e+01 1.962547057999999879e+03 2.048019999999999982e+03
2.110999999999999943e+01 1.025675303999999954e+01 1.962547057999999879e+03 2.048019999999999982e+03
2.111500000000000199e+01 1.032452159999999886e+01 1.961982320000000072e+03 2.048019999999999982e+03
2.112000000000000099e+01 1.030748687999999902e+01 1.962124276000000009e+03 2.048019999999999982e+03
2.112500000000000000e+01 1.025082791999999898e+01 1.962596434000000045e+03 2.048019999999999982e+03
2.112999999999999901e+01 1.030748687999999902e+01 1.962124276000000009e+03 2.048019999999999982e+03
2.113500000000000156e+01 1.035266591999999974e+01 1.961747783999999911e+03 2.048019999999999982e+03
2.114000000000000057e+01 1.025675303999999954e+01 1.962547057999999879e+03 2.048019999999999982e+03
2.114499999999999957e+01 1.033563119999999991e+01 1.961889740000000074e+03 2.048019999999999982e+03
2.114999999999999858e+01 1.025675303999999954e+01 1.962547057999999879e+03 2.048019999999999982e+03
2.115500000000000114e+01 1.027341743999999935e+01 1.962408187999999882e+03 2.048019999999999982e+03
2.116000000000000014e+01 1.029045215999999918e+01 1.962266231999999945e+03 2.048019999999999982e+03
2.116499999999999915e+01 1.022823840000000040e+01 1.962784679999999980e+03 2.048019999999999982e+03
2.117000000000000171e+01 1.034711112000000099e+01 1.961794073999999910e+03 2.048019999999999982e+03
2.117500000000000071e+01 1.027934255999999813e+01 1.962358811999999944e+03 2.048019999999999982e+03
2.117999999999999972e+01 1.027934255999999813e+01 1.962358811999999944e+03 2.048019999999999982e+03
2.118499999999999872e+01 1.027934255999999813e+01 1.962358811999999944e+03 2.048019999999999982e+03
2.119000000000000128e+01 1.027934255999999813e+01 1.962358811999999944e+03 2.048019999999999982e+03
2.119500000000000028e+01 1.030748687999999902e+01 1.962124276000000009e+03 2.048019999999999982e+03
2.119999999999999929e+01 1.029600695999999971e+01 1.962219941999999946e+03 2.048019999999999982e+03
2.120500000000000185e+01 1.029045215999999918e+01 1.962266231999999945e+03 2.048019999999999982e+03
2.121000000000000085e+01 1.031304167999999954e+01 1.962077986000000010e+03 2.048019999999999982e+03
2.121499999999999986e+01 1.026786263999999882e+01 1.962454478000000108e+03 2.048019999999999982e+03
2.121999999999999886e+01 1.035266591999999974e+01 1.961747783999999911e+03 2.048019999999999982e+03
2.122500000000000142e+01 1.029045215999999918e+01 1.962266231999999945e+03 2.048019999999999982e+03
2.123000000000000043e+01 1.029045215999999918e+01 1.962266231999999945e+03 2.048019999999999982e+03
2.123499999999999943e+01 1.031896680000000011e+01 1.962028610000000072e+03 2.048019999999999982e+03
2.124000000000000199e+01 1.031304167999999954e+01 1.962077986000000010e+03 2.048019999999999982e+03
2.124500000000000099e+01 1.033007639999999938e+01 1.961936030000000073e+03 2.048019999999999982e+03
2.125000000000000000e+01 1.032452159999999886e+01 1.961982320000000072e+03 2.048019999999999982e+03
2.125499999999999901e+01 1.032452159999999886e+01 1.961982320000000072e+03 2.048019999999999982e+03
2.126000000000000156e+01 1.026786263999999882e+01 1.962454478000000108e+03 2.048019999999999982e+03
2.126500000000000057e+01 1.025082791999999898e+01 1.962596434000000045e+03 2.048019999999999982e+03
2.126999999999999957e+01 1.027934255999999813e+01 1.962358811999999944e+03 2.048019999999999982e+03
2.127499999999999858e+01 1.025082791999999898e+01 1.962596434000000045e+03 2.048019999999999982e+03
2.128000000000000114e+01 1.029045215999999918e+01 1.962266231999999945e+03 2.048019999999999982e+03
2.128500000000000014e+01 1.035266591999999974e+01 1.961747783999999911e+03 2.048019999999999982e+03
2.128999999999999915e+01 1.030748687999999902e+01 1.962124276000000009e+03 2.048019999999999982e+03
2.129500000000000171e+01 1.027934255999999813e+01 1.962358811999999944e+03 2.048019999999999982e+03
2.130000000000000071e+01 1.029045215999999918e+01 1.962266231999999945e+03 2.048019999999999982e+03
2.130499999999999972e+01 1.026230783999999829e+01 1.962500767999999880e+03 2.048019999999999982e+03
2.130999999999999872e+01 1.022268359999999987e+01 1.962830969999999979e+03 2.048019999999999982e+03
2.131500000000000128e+01 1.029045215999999918e+01 1.962266231999999945e+03 2.048019999999999982e+03
2.132000000000000028e+01 1.030748687999999902e+01 1.962124276000000009e+03 2.048019999999999982e+03
2.132499999999999929e+01 1.028489735999999866e+01 1.962312521999999944e+03 2.048019999999999982e+03
2.133000000000000185e+01 1.027341743999999935e+01 1.962408187999999882e+03 2.048019999999999982e+03
2.133500000000000085e+01 1.029600695999999971e+01 1.962219941999999946e+03 2.048019999999999982e+03
2.133999999999999986e+01 1.029600695999999971e+01 1.962219941999999946e+03 2.048019999999999982e+03
2.134499999999999886e+01 1.020564888000000003e+01 1.962972925999999916e+03 2.048019999999999982e+03
2.135000000000000142e+01 1.029600695999999971e+01 1.962219941999999946e+03 2.048019999999999982e+03
2.135500000000000043e+01 1.031304167999999954e+01 1.962077986000000010e+03 2.048019999999999982e+03
2.135999999999999943e+01 1.027934255999999813e+01 1.962358811999999944e+03 2.048019999999999982e+03
2.136500000000000199e+01 1.030193207999999849e+01 1.962170566000000008e+03 2.048019999999999982e+03
2.137000000000000099e+01 1.029045215999999918e+01 1.962266231999999945e+03 2.048019999999999982e+03
2.137500000000000000e+01 1.029600695999999971e+01 1.962219941999999946e+03 2.048019999999999982e+03
2.137999999999999901e+01 1.025675303999999954e+01 1.962547057999999879e+03 2.048019999999999982e+03
2.138500000000000156e+01 1.025675303999999954e+01 1.962547057999999879e+03 2.048019999999999982e+03
2.139000000000000057e+01 1.029045215999999918e+01 1.962266231999999945e+03 2.048019999999999982e+03
2.139499999999999957e+01 1.031304167999999954e+01 1.962077986000000010e+03 2.048019999999999982e+03
2.139999999999999858e+01 1.031896680000000011e+01 1.962028610000000072e+03 2.048019999999999982e+03
2.140500000000000114e+01 1.033563119999999991e+01 1.961889740000000074e+03 2.048019999999999982e+03
2.141000000000000014e+01 1.026230783999999829e+01 1.962500767999999880e+03 2.048019999999999982e+03
2.141499999999999915e+01 1.022268359999999987e+01 1.962830969999999979e+03 2.048019999999999982e+03
2.142000000000000171e+01 1.026230783999999829e+01 1.962500767999999880e+03 2.048019999999999982e+03
2.142500000000000071e+01 1.026230783999999829e+01 1.962500767999999880e+03 2.048019999999999982e+03
2.142999999999999972e+01 1.034711112000000099e+01 1.961794073999999910e+03 2.048019999999999982e+03
2.143499999999999872e+01 1.029045215999999918e+01 1.962266231999999945e+03 2.048019999999999982e+03
2.144000000000000128e+01 1.033007639999999938e+01 1.961936030000000073e+03 2.048019999999999982e+03
2.144500000000000028e+01 1.033563119999999991e+01 1.961889740000000074e+03 2.048019999999999982e+03
2.144999999999999929e+01 1.031896680000000011e+01 1.962028610000000072e+03 2.048019999999999982e+03
2.145500000000000185e+01 1.031896680000000011e+01 1.962028610000000072e+03 2.048019999999999982e+03
2.146000000000000085e+01 1.026230783999999829e+01 1.962500767999999880e+03 2.048019999999999982e+03
2.146499999999999986e+01 1.030193207999999849e+01 1.962170566000000008e+03 2.048019999999999982e+03
2.146999999999999886e+01 1.033563119999999991e+01 1.961889740000000074e+03 2.048019999999999982e+03
2.147500000000000142e+01 1.034155632000000047e+01 1.961840363999999909e+03 2.048019999999999982e+03
2.148000000000000043e+01 1.036414584000000083e+01 1.961652117999999973e+03 2.048019999999999982e+03
2.148499999999999943e+01 1.028489735999999866e+01 1.962312521999999944e+03 2.048019999999999982e+03
2.149000000000000199e+01 1.029600695999999971e+01 1.962219941999999946e+03 2.048019999999999982e+03
2.149500000000000099e+01 1.029045215999999918e+01 1.962266231999999945e+03 2.048019999999999982e+03
2.150000000000000000e+01 1.023971831999999971e+01 1.962689014000000043e+03 2.048019999999999982e+03
2.150499999999999901e+01 1.030748687999999902e+01 1.962124276000000009e+03 2.048019999999999982e+03
2.151000000000000156e+01 1.025675303999999954e+01 1.962547057999999879e+03 2.048019999999999982e+03
2.151500000000000057e+01 1.020564888000000003e+01 1.962972925999999916e+03 2.048019999999999982e+03
2.151999999999999957e+01 1.026230783999999829e+01 1.962500767999999880e+03 2.048019999999999982e+03
2.152499999999999858e+01 1.029045215999999918e+01 1.962266231999999945e+03 2.048019999999999982e+03
2.153000000000000114e+01 1.030193207999999849e+01 1.962170566000000008e+03 2.048019999999999982e+03
2.153500000000000014e+01 1.026230783999999829e+01 1.962500767999999880e+03 2.048019999999999982e+03
2.153999999999999915e+01 1.025675303999999954e+01 1.962547057999999879e+03 2.048019999999999982e+03
2.154500000000000171e+01 1.030748687999999902e+01 1.962124276000000009e+03 2.048019999999999982e+03
2.155000000000000071e+01 1.026230783999999829e+01 1.962500767999999880e+03 2.048019999999999982e+03
2.155499999999999972e+01 1.029045215999999918e+01 1.962266231999999945e+03 2.048019999999999982e+03
2.155999999999999872e+01 1.033563119999999991e+01 1.961889740000000074e+03 2.048019999999999982e+03
2.156500000000000128e+01 1.030193207999999849e+01 1.962170566000000008e+03 2.048019999999999982e+03
2.157000000000000028e+01 1.033007639999999938e+01 1.961936030000000073e+03 2.048019999999999982e+03
2.157499999999999929e+01 1.032452159999999886e+01 1.961982320000000072e+03 2.048019999999999982e+03
2.158000000000000185e+01 1.034155632000000047e+01 1.961840363999999909e+03 2.048019999999999982e+03
2.158500000000000085e+01 1.033007639999999938e+01 1.961936030000000073e+03 2.048019999999999982e+03
2.158999999999999986e+01 1.021712879999999934e+01 1.962877259999999978e+03 2.048019999999999982e+03
2.159499999999999886e+01 1.031896680000000011e+01 1.962028610000000072e+03 2.048019999999999982e+03
2.160000000000000142e+01 1.023416351999999918e+01 1.962735304000000042e+03 2.048019999999999982e+03
2.160500000000000043e+01 1.028489735999999866e+01 1.962312521999999944e+03 2.048019999999999982e+03
2.160999999999999943e+01 1.032452159999999886e+01 1.961982320000000072e+03 2.048019999999999982e+03
2.161500000000000199e+01 1.029045215999999918e+01 1.962266231999999945e+03 2.048019999999999982e+03
2.162000000000000099e+01 1.031304167999999954e+01 1.962077986000000010e+03 2.048019999999999982e+03
2.162500000000000000e+01 1.029045215999999918e+01 1.962266231999999945e+03 2.048019999999999982e+03
2.162999999999999901e+01 1.026230783999999829e+01 1.962500767999999880e+03 2.048019999999999982e+03
2.163500000000000156e+01 1.027341743999999935e+01 1.962408187999999882e+03 2.048019999999999982e+03
2.164000000000000057e+01 1.025082791999999898e+01 1.962596434000000045e+03 2.048019999999999982e+03
2.164499999999999957e+01 1.023971831999999971e+01 1.962689014000000043e+03 2.048019999999999982e+03
2.164999999999999858e+01 1.018898447999999846e+01 1.963111795999999913e+03 2.048019999999999982e+03
2.165500000000000114e+01 1.029045215999999918e+01 1.962266231999999945e+03 2.048019999999999982e+03
2.166000000000000014e+01 1.025675303999999954e+01 1.962547057999999879e+03 2.048019999999999982e+03
2.166499999999999915e+01 1.027934255999999813e+01 1.962358811999999944e+03 2.048019999999999982e+03
2.167000000000000171e+01 1.027934255999999813e+01 1.962358811999999944e+03 2.048019999999999982e+03
2.167500000000000071e+01 1.022268359999999987e+01 1.962830969999999979e+03 2.048019999999999982e+03
2.167999999999999972e+01 1.023971831999999971e+01 1.962689014000000043e+03 2.048019999999999982e+03
2.168499999999999872e+01 1.025082791999999898e+01 1.962596434000000045e+03 2.048019999999999982e+03
2.169000000000000128e+01 1.024527311999999846e+01 1.962642724000000044e+03 2.048019999999999982e+03
2.169500000000000028e+01 1.027934255999999813e+01 1.962358811999999944e+03 2.048019999999999982e+03
2.169999999999999929e+01 1.024527311999999846e+01 1.962642724000000044e+03 2.048019999999999982e+03
2.170500000000000185e+01 1.029045215999999918e+01 1.962266231999999945e+03 2.048019999999999982e+03
2.171000000000000085e+01 1.025675303999999954e+01 1.962547057999999879e+03 2.048019999999999982e+03
2.171499999999999986e+01 1.024527311999999846e+01 1.962642724000000044e+03 2.048019999999999982e+03
2.171999999999999886e+01 1.026786263999999882e+01 1.962454478000000108e+03 2.048019999999999982e+03
2.172500000000000142e+01 1.026230783999999829e+01 1.962500767999999880e+03 2.048019999999999982e+03
2.173000000000000043e+01 1.027341743999999935e+01 1.962408187999999882e+03 2.048019999999999982e+03
2.173499999999999943e+01 1.029045215999999918e+01 1.962266231999999945e+03 2.048019999999999982e+03
2.174000000000000199e+01 1.021157399999999882e+01 1.962923549999999977e+03 2.048019999999999982e+03
2.174500000000000099e+01 1.023971831999999971e+01 1.962689014000000043e+03 2.048019999999999982e+03
2.175000000000000000e+01 1.023971831999999971e+01 1.962689014000000043e+03 2.048019999999999982e+03
2.175499999999999901e+01 1.023971831999999971e+01 1.962689014000000043e+03 2.048019999999999982e+03
2.176000000000000156e+01 1.027341743999999935e+01 1.962408187999999882e+03 2.048019999999999982e+03
2.176500000000000057e+01 1.026786263999999882e+01 1.962454478000000108e+03 2.048019999999999982e+03
2.176999999999999957e+01 1.024527311999999846e+01 1.962642724000000044e+03 2.048019999999999982e+03
2.177499999999999858e+01 1.024527311999999846e+01 1.962642724000000044e+03 2.048019999999999982e+03
2.178000000000000114e+01 1.031304167999999954e+01 1.962077986000000010e+03 2.048019999999999982e+03
2.178500000000000014e+01 1.022823840000000040e+01 1.962784679999999980e+03 2.048019999999999982e+03
2.178999999999999915e+01 1.020009407999999951e+01 1.963019215999999915e+03 2.048019999999999982e+03
2.179500000000000171e+01 1.022823840000000040e+01 1.962784679999999980e+03 2.048019999999999982e+03
2.180000000000000071e+01 1.027341743999999935e+01 1.962408187999999882e+03 2.048019999999999982e+03
2.180499999999999972e+01 1.028489735999999866e+01 1.962312521999999944e+03 2.048019999999999982e+03
2.180999999999999872e+01 1.026786263999999882e+01 1.962454478000000108e+03 2.048019999999999982e+03
2.181500000000000128e+01 1.023971831999999971e+01 1.962689014000000043e+03 2.048019999999999982e+03
2.182000000000000028e+01 1.022268359999999987e+01 1.962830969999999979e+03 2.048019999999999982e+03
2.182499999999999929e+01 1.022268359999999987e+01 1.962830969999999979e+03 2.048019999999999982e+03
2.183000000000000185e+01 1.023971831999999971e+01 1.962689014000000043e+03 2.048019999999999982e+03
2.183500000000000085e+01 1.021157399999999882e+01 1.962923549999999977e+03 2.048019999999999982e+03
2.183999999999999986e+01 1.029600695999999971e+01 1.962219941999999946e+03 2.048019999999999982e+03
2.184499999999999886e+01 1.024527311999999846e+01 1.962642724000000044e+03 2.048019999999999982e+03
2.185000000000000142e+01 1.022268359999999987e+01 1.962830969999999979e+03 2.048019999999999982e+03
2.185500000000000043e+01 1.027934255999999813e+01 1.962358811999999944e+03 2.048019999999999982e+03
2.185999999999999943e+01 1.023971831999999971e+01 1.962689014000000043e+03 2.048019999999999982e+03
2.186500000000000199e+01 1.022268359999999987e+01 1.962830969999999979e+03 2.048019999999999982e+03
2.187000000000000099e+01 1.027341743999999935e+01 1.962408187999999882e+03 2.048019999999999982e+03
2.187500000000000000e+01 1.026786263999999882e+01 1.962454478000000108e+03 2.048019999999999982e+03
2.187999999999999901e+01 1.021712879999999934e+01 1.962877259999999978e+03 2.048019999999999982e+03
2.188500000000000156e+01 1.021712879999999934e+01 1.962877259999999978e+03 2.048019999999999982e+03
2.189000000000000057e+01 1.023971831999999971e+01 1.962689014000000043e+03 2.048019999999999982e+03
2.189499999999999957e+01 1.021712879999999934e+01 1.962877259999999978e+03 2.048019999999999982e+03
2.189999999999999858e+01 1.022823840000000040e+01 1.962784679999999980e+03 2.048019999999999982e+03
2.190500000000000114e+01 1.027341743999999935e+01 1.962408187999999882e+03 2.048019999999999982e+03
2.191000000000000014e+01 1.021712879999999934e+01 1.962877259999999978e+03 2.048019999999999982e+03
2.191499999999999915e+01 1.024527311999999846e+01 1.962642724000000044e+03 2.048019999999999982e+03
2.192000000000000171e+01 1.019453927999999898e+01 1.963065505999999914e+03 2.048019999999999982e+03
2.192500000000000071e+01 1.024527311999999846e+01 1.962642724000000044e+03 2.048019999999999982e+03
2.192999999999999972e+01 1.022823840000000040e+01 1.962784679999999980e+03 2.048019999999999982e+03
2.193499999999999872e+01 1.020564888000000003e+01 1.962972925999999916e+03 2.048019999999999982e+03
2.194000000000000128e+01 1.023971831999999971e+01 1.962689014000000043e+03 2.048019999999999982e+03
2.194500000000000028e+01 1.030193207999999849e+01 1.962170566000000008e+03 2.048019999999999982e+03
2.194999999999999929e+01 1.023416351999999918e+01 1.962735304000000042e+03 2.048019999999999982e+03
2.195500000000000185e+01 1.020564888000000003e+01 1.962972925999999916e+03 2.048019999999999982e+03
2.196000000000000085e+01 1.022268359999999987e+01 1.962830969999999979e+03 2.048019999999999982e+03
2.196499999999999986e+01 1.023416351999999918e+01 1.962735304000000042e+03 2.048019999999999982e+03
2.196999999999999886e+01 1.012677071999999967e+01 1.963630243999999948e+03 2.048019999999999982e+03
2.197500000000000142e+01 1.022823840000000040e+01 1.962784679999999980e+03 2.048019999999999982e+03
2.198000000000000043e+01 1.024527311999999846e+01 1.962642724000000044e+03 2.048019999999999982e+03
2.198499999999999943e+01 1.020009407999999951e+01 1.963019215999999915e+03 2.048019999999999982e+03
2.199000000000000199e+01 1.017194975999999862e+01 1.963253752000000077e+03 2.048019999999999982e+03
2.199500000000000099e+01 1.021712879999999934e+01 1.962877259999999978e+03 2.048019999999999982e+03
2.200000000000000000e+01 1.020564888000000003e+01 1.962972925999999916e+03 2.048019999999999982e+03
2.200499999999999901e+01 1.018305935999999967e+01 1.963161172000000079e+03 2.048019999999999982e+03
2.201000000000000156e+01 1.017194975999999862e+01 1.963253752000000077e+03 2.048019999999999982e+03
2.201500000000000057e+01 1.023971831999999971e+01 1.962689014000000043e+03 2.048019999999999982e+03
2.201999999999999957e+01 1.018898447999999846e+01 1.963111795999999913e+03 2.048019999999999982e+03
2.202499999999999858e+01 1.013232552000000020e+01 1.963583953999999949e+03 2.048019999999999982e+03
2.203000000000000114e+01 1.014936023999999826e+01 1.963441998000000012e+03 2.048019999999999982e+03
2.203500000000000014e+01 1.020009407999999951e+01 1.963019215999999915e+03 2.048019999999999982e+03
2.203999999999999915e+01 1.017750455999999915e+01 1.963207462000000078e+03 2.048019999999999982e+03
2.204500000000000171e+01 1.017194975999999862e+01 1.963253752000000077e+03 2.048019999999999982e+03
2.205000000000000071e+01 1.019453927999999898e+01 1.963065505999999914e+03 2.048019999999999982e+03
2.205499999999999972e+01 1.018898447999999846e+01 1.963111795999999913e+03 2.048019999999999982e+03
2.205999999999999872e+01 1.020009407999999951e+01 1.963019215999999915e+03 2.048019999999999982e+03
2.206500000000000128e+01 1.018305935999999967e+01 1.963161172000000079e+03 2.048019999999999982e+03
2.207000000000000028e+01 1.010973599999999983e+01 1.963772199999999884e+03 2.048019999999999982e+03
2.207499999999999929e+01 1.016602463999999806e+01 1.963303128000000015e+03 2.048019999999999982e+03
2.208000000000000185e+01 1.020009407999999951e+01 1.963019215999999915e+03 2.048019999999999982e+03
2.208500000000000085e+01 1.016046983999999931e+01 1.963349418000000014e+03 2.048019999999999982e+03
2.208999999999999986e+01 1.020009407999999951e+01 1.963019215999999915e+03 2.048019999999999982e+03
2.209499999999999886e+01 1.020564888000000003e+01 1.962972925999999916e+03 2.048019999999999982e+03
2.210000000000000142e+01 1.017194975999999862e+01 1.963253752000000077e+03 2.048019999999999982e+03
2.210500000000000043e+01 1.010973599999999983e+01 1.963772199999999884e+03 2.048019999999999982e+03
2.210999999999999943e+01 1.016602463999999806e+01 1.963303128000000015e+03 2.048019999999999982e+03
2.211500000000000199e+01 1.018898447999999846e+01 1.963111795999999913e+03 2.048019999999999982e+03
2.212000000000000099e+01 1.017750455999999915e+01 1.963207462000000078e+03 2.048019999999999982e+03
2.212500000000000000e+01 1.018305935999999967e+01 1.963161172000000079e+03 2.048019999999999982e+03
2.212999999999999901e+01 1.023416351999999918e+01 1.962735304000000042e+03 2.048019999999999982e+03
2.213500000000000156e+01 1.023416351999999918e+01 1.962735304000000042e+03 2.048019999999999982e+03
2.214000000000000057e+01 1.014936023999999826e+01 1.963441998000000012e+03 2.048019999999999982e+03
2.214499999999999957e+01 1.019453927999999898e+01 1.963065505999999914e+03 2.048019999999999982e+03
2.214999999999999858e+01 1.016602463999999806e+01 1.963303128000000015e+03 2.048019999999999982e+03
2.215500000000000114e+01 1.015491503999999878e+01 1.963395708000000013e+03 2.048019999999999982e+03
2.216000000000000014e+01 1.016046983999999931e+01 1.963349418000000014e+03 2.048019999999999982e+03
2.216499999999999915e+01 1.014936023999999826e+01 1.963441998000000012e+03 2.048019999999999982e+03
2.217000000000000171e+01 1.021157399999999882e+01 1.962923549999999977e+03 2.048019999999999982e+03
2.217500000000000071e+01 1.020009407999999951e+01 1.963019215999999915e+03 2.048019999999999982e+03
2.217999999999999972e+01 1.022823840000000040e+01 1.962784679999999980e+03 2.048019999999999982e+03
2.218499999999999872e+01 1.015491503999999878e+01 1.963395708000000013e+03 2.048019999999999982e+03
2.219000000000000128e+01 1.014343511999999770e+01 1.963491373999999951e+03 2.048019999999999982e+03
2.219500000000000028e+01 1.021712879999999934e+01 1.962877259999999978e+03 2.048019999999999982e+03
2.219999999999999929e+01 1.025675303999999954e+01 1.962547057999999879e+03 2.048019999999999982e+03
2.220500000000000185e+01 1.014343511999999770e+01 1.963491373999999951e+03 2.048019999999999982e+03
2.221000000000000085e+01 1.020564888000000003e+01 1.962972925999999916e+03 2.048019999999999982e+03
2.221499999999999986e+01 1.014936023999999826e+01 1.963441998000000012e+03 2.048019999999999982e+03
2.221999999999999886e+01 1.021157399999999882e+01 1.962923549999999977e+03 2.048019999999999982e+03
2.222500000000000142e+01 1.017750455999999915e+01 1.963207462000000078e+03 2.048019999999999982e+03
2.223000000000000043e+01 1.024527311999999846e+01 1.962642724000000044e+03 2.048019999999999982e+03
2.223499999999999943e+01 1.014936023999999826e+01 1.963441998000000012e+03 2.048019999999999982e+03
2.224000000000000199e+01 1.012084559999999911e+01 1.963679619999999886e+03 2.048019999999999982e+03
2.224500000000000099e+01 1.020009407999999951e+01 1.963019215999999915e+03 2.048019999999999982e+03
2.225000000000000000e+01 1.020009407999999951e+01 1.963019215999999915e+03 2.048019999999999982e+03
2.225499999999999901e+01 1.016602463999999806e+01 1.963303128000000015e+03 2.048019999999999982e+03
2.226000000000000156e+01 1.022823840000000040e+01 1.962784679999999980e+03 2.048019999999999982e+03
2.226500000000000057e+01 1.020009407999999951e+01 1.963019215999999915e+03 2.048019999999999982e+03
2.226999999999999957e+01 1.020564888000000003e+01 1.962972925999999916e+03 2.048019999999999982e+03
2.227499999999999858e+01 1.017194975999999862e+01 1.963253752000000077e+03 2.048019999999999982e+03
2.228000000000000114e+01 1.021157399999999882e+01 1.962923549999999977e+03 2.048019999999999982e+03
2.228500000000000014e+01 1.017194975999999862e+01 1.963253752000000077e+03 2.048019999999999982e+03
2.228999999999999915e+01 1.017194975999999862e+01 1.963253752000000077e+03 2.048019999999999982e+03
2.229500000000000171e+01 1.012084559999999911e+01 1.963679619999999886e+03 2.048019999999999982e+03
2.230000000000000071e+01 1.017194975999999862e+01 1.963253752000000077e+03 2.048019999999999982e+03
2.230499999999999972e+01 1.017194975999999862e+01 1.963253752000000077e+03 2.048019999999999982e+03
2.230999999999999872e+01 1.013232552000000020e+01 1.963583953999999949e+03 2.048019999999999982e+03
2.231500000000000128e+01 1.012084559999999911e+01 1.963679619999999886e+03 2.048019999999999982e+03
2.232000000000000028e+01 1.012084559999999911e+01 1.963679619999999886e+03 2.048019999999999982e+03
2.232499999999999929e+01 1.014343511999999770e+01 1.963491373999999951e+03 2.048019999999999982e+03
2.233000000000000185e+01 1.023416351999999918e+01 1.962735304000000042e+03 2.048019999999999982e+03
2.233500000000000085e+01 1.013788031999999717e+01 1.963537663999999950e+03 2.048019999999999982e+03
2.233999999999999986e+01 1.016046983999999931e+01 1.963349418000000014e+03 2.048019999999999982e+03
2.234499999999999886e+01 1.010418119999999931e+01 1.963818489999999883e+03 2.048019999999999982e+03
2.235000000000000142e+01 1.016046983999999931e+01 1.963349418000000014e+03 2.048019999999999982e+03
2.235500000000000043e+01 1.019453927999999898e+01 1.963065505999999914e+03 2.048019999999999982e+03
2.235999999999999943e+01 1.014343511999999770e+01 1.963491373999999951e+03 2.048019999999999982e+03
2.236500000000000199e+01 1.017750455999999915e+01 1.963207462000000078e+03 2.048019999999999982e+03
2.237000000000000099e+01 1.018898447999999846e+01 1.963111795999999913e+03 2.048019999999999982e+03
2.237500000000000000e+01 1.024527311999999846e+01 1.962642724000000044e+03 2.048019999999999982e+03
2.237999999999999901e+01 1.028489735999999866e+01 1.962312521999999944e+03 2.048019999999999982e+03
2.238500000000000156e+01 1.018305935999999967e+01 1.963161172000000079e+03 2.048019999999999982e+03
2.239000000000000057e+01 1.013788031999999717e+01 1.963537663999999950e+03 2.048019999999999982e+03
2.239499999999999957e+01 1.022268359999999987e+01 1.962830969999999979e+03 2.048019999999999982e+03
2.239999999999999858e+01 1.022823840000000040e+01 1.962784679999999980e+03 2.048019999999999982e+03
2.240500000000000114e+01 1.027934255999999813e+01 1.962358811999999944e+03 2.048019999999999982e+03
2.241000000000000014e+01 1.025675303999999954e+01 1.962547057999999879e+03 2.048019999999999982e+03
2.241499999999999915e+01 1.024527311999999846e+01 1.962642724000000044e+03 2.048019999999999982e+03
2.242000000000000171e+01 1.016602463999999806e+01 1.963303128000000015e+03 2.048019999999999982e+03
2.242500000000000071e+01 1.022823840000000040e+01 1.962784679999999980e+03 2.048019999999999982e+03
2.242999999999999972e+01 1.031896680000000011e+01 1.962028610000000072e+03 2.048019999999999982e+03
2.243499999999999872e+01 1.018305935999999967e+01 1.963161172000000079e+03 2.048019999999999982e+03
2.244000000000000128e+01 1.023416351999999918e+01 1.962735304000000042e+03 2.048019999999999982e+03
2.244500000000000028e+01 1.021712879999999934e+01 1.962877259999999978e+03 2.048019999999999982e+03
2.244999999999999929e+01 1.022823840000000040e+01 1.962784679999999980e+03 2.048019999999999982e+03
2.245500000000000185e+01 1.025675303999999954e+01 1.962547057999999879e+03 2.048019999999999982e+03
2.246000000000000085e+01 1.023416351999999918e+01 1.962735304000000042e+03 2.048019999999999982e+03
2.246499999999999986e+01 1.020009407999999951e+01 1.963019215999999915e+03 2.048019999999999982e+03
2.246999999999999886e+01 1.023416351999999918e+01 1.962735304000000042e+03 2.048019999999999982e+03
2.247500000000000142e+01 1.014343511999999770e+01 1.963491373999999951e+03 2.048019999999999982e+03
2.248000000000000043e+01 1.022823840000000040e+01 1.962784679999999980e+03 2.048019999999999982e+03
2.248499999999999943e+01 1.017194975999999862e+01 1.963253752000000077e+03 2.048019999999999982e+03
2.249000000000000199e+01 1.018898447999999846e+01 1.963111795999999913e+03 2.048019999999999982e+03
2.249500000000000099e+01 1.020564888000000003e+01 1.962972925999999916e+03 2.048019999999999982e+03
2.250000000000000000e+01 1.023416351999999918e+01 1.962735304000000042e+03 2.048019999999999982e+03
2.250499999999999901e+01 1.023971831999999971e+01 1.962689014000000043e+03 2.048019999999999982e+03
2.251000000000000156e+01 1.020009407999999951e+01 1.963019215999999915e+03 2.048019999999999982e+03
2.251500000000000057e+01 1.018305935999999967e+01 1.963161172000000079e+03 2.048019999999999982e+03
2.251999999999999957e+01 1.021712879999999934e+01 1.962877259999999978e+03 2.048019999999999982e+03
2.252499999999999858e+01 1.018305935999999967e+01 1.963161172000000079e+03 2.048019999999999982e+03
2.253000000000000114e+01 1.021712879999999934e+01 1.962877259999999978e+03 2.048019999999999982e+03
2.253500000000000014e+01 1.019453927999999898e+01 1.963065505999999914e+03 2.048019999999999982e+03
2.253999999999999915e+01 1.020564888000000003e+01 1.962972925999999916e+03 2.048019999999999982e+03
2.254500000000000171e+01 1.018305935999999967e+01 1.963161172000000079e+03 2.048019999999999982e+03
2.255000000000000071e+01 1.012677071999999967e+01 1.963630243999999948e+03 2.048019999999999982e+03
2.255499999999999972e+01 1.024527311999999846e+01 1.962642724000000044e+03 2.048019999999999982e+03
2.255999999999999872e+01 1.021157399999999882e+01 1.962923549999999977e+03 2.048019999999999982e+03
2.256500000000000128e+01 1.027934255999999813e+01 1.962358811999999944e+03 2.048019999999999982e+03
2.257000000000000028e+01 1.025082791999999898e+01 1.962596434000000045e+03 2.048019999999999982e+03
2.257499999999999929e+01 1.017194975999999862e+01 1.963253752000000077e+03 2.048019999999999982e+03
2.258000000000000185e+01 1.032452159999999886e+01 1.961982320000000072e+03 2.048019999999999982e+03
2.258500000000000085e+01 1.018305935999999967e+01 1.963161172000000079e+03 2.048019999999999982e+03
2.258999999999999986e+01 1.019453927999999898e+01 1.963065505999999914e+03 2.048019999999999982e+03
2.259499999999999886e+01 1.022268359999999987e+01 1.962830969999999979e+03 2.048019999999999982e+03
2.260000000000000142e+01 1.020009407999999951e+01 1.963019215999999915e+03 2.048019999999999982e+03
2.260500000000000043e+01 1.018305935999999967e+01 1.963161172000000079e+03 2.048019999999999982e+03
2.260999999999999943e+01 1.023416351999999918e+01 1.962735304000000042e+03 2.048019999999999982e+03
2.261500000000000199e+01 1.020009407999999951e+01 1.963019215999999915e+03 2.048019999999999982e+03
2.262000000000000099e+01 1.021712879999999934e+01 1.962877259999999978e+03 2.048019999999999982e+03
2.262500000000000000e+01 1.020009407999999951e+01 1.963019215999999915e+03 2.048019999999999982e+03
2.262999999999999901e+01 1.021712879999999934e+01 1.962877259999999978e+03 2.048019999999999982e+03
2.263500000000000156e+01 1.019453927999999898e+01 1.963065505999999914e+03 2.048019999999999982e+03
2.264000000000000057e+01 1.016602463999999806e+01 1.963303128000000015e+03 2.048019999999999982e+03
2.264499999999999957e+01 1.020564888000000003e+01 1.962972925999999916e+03 2.048019999999999982e+03
2.264999999999999858e+01 1.018898447999999846e+01 1.963111795999999913e+03 2.048019999999999982e+03
2.265500000000000114e+01 1.021712879999999934e+01 1.962877259999999978e+03 2.048019999999999982e+03
2.266000000000000014e+01 1.019453927999999898e+01 1.963065505999999914e+03 2.048019999999999982e+03
2.266499999999999915e+01 1.015491503999999878e+01 1.963395708000000013e+03 2.048019999999999982e+03
2.267000000000000171e+01 1.009270127999999822e+01 1.963914156000000048e+03 2.048019999999999982e+03
2.267500000000000071e+01 1.017194975999999862e+01 1.963253752000000077e+03 2.048019999999999982e+03
2.267999999999999972e+01 1.022268359999999987e+01 1.962830969999999979e+03 2.048019999999999982e+03
2.268499999999999872e+01 1.020564888000000003e+01 1.962972925999999916e+03 2.048019999999999982e+03
2.269000000000000128e+01 1.020564888000000003e+01 1.962972925999999916e+03 2.048019999999999982e+03
2.269500000000000028e+01 1.015491503999999878e+01 1.963395708000000013e+03 2.048019999999999982e+03
2.269999999999999929e+01 1.019453927999999898e+01 1.963065505999999914e+03 2.048019999999999982e+03
2.270500000000000185e+01 1.014936023999999826e+01 1.963441998000000012e+03 2.048019999999999982e+03
2.271000000000000085e+01 1.018898447999999846e+01 1.963111795999999913e+03 2.048019999999999982e+03
2.271499999999999986e+01 1.020009407999999951e+01 1.963019215999999915e+03 2.048019999999999982e+03
2.271999999999999886e+01 1.020564888000000003e+01 1.962972925999999916e+03 2.048019999999999982e+03
2.272500000000000142e+01 1.023971831999999971e+01 1.962689014000000043e+03 2.048019999999999982e+03
2.273000000000000043e+01 1.026786263999999882e+01 1.962454478000000108e+03 2.048019999999999982e+03
2.273499999999999943e+01 1.029045215999999918e+01 1.962266231999999945e+03 2.048019999999999982e+03
2.274000000000000199e+01 1.022268359999999987e+01 1.962830969999999979e+03 2.048019999999999982e+03
2.274500000000000099e+01 1.023971831999999971e+01 1.962689014000000043e+03 2.048019999999999982e+03
2.275000000000000000e+01 1.020009407999999951e+01 1.963019215999999915e+03 2.048019999999999982e+03
2.275499999999999901e+01 1.021712879999999934e+01 1.962877259999999978e+03 2.048019999999999982e+03
2.276000000000000156e+01 1.024527311999999846e+01 1.962642724000000044e+03 2.048019999999999982e+03
2.276500000000000057e+01 1.025675303999999954e+01 1.962547057999999879e+03 2.048019999999999982e+03
2.276999999999999957e+01 1.021712879999999934e+01 1.962877259999999978e+03 2.048019999999999982e+03
2.277499999999999858e+01 1.025082791999999898e+01 1.962596434000000045e+03 2.048019999999999982e+03
2.278000000000000114e+01 1.026786263999999882e+01 1.962454478000000108e+03 2.048019999999999982e+03
2.278500000000000014e+01 1.017750455999999915e+01 1.963207462000000078e+03 2.048019999999999982e+03
2.278999999999999915e+01 1.024527311999999846e+01 1.962642724000000044e+03 2.048019999999999982e+03
2.279500000000000171e+01 1.020564888000000003e+01 1.962972925999999916e+03 2.048019999999999982e+03
2.280000000000000071e+01 1.022268359999999987e+01 1.962830969999999979e+03 2.048019999999999982e+03
2.280499999999999972e+01 1.025675303999999954e+01 1.962547057999999879e+03 2.048019999999999982e+03
2.280999999999999872e+01 1.022823840000000040e+01 1.962784679999999980e+03 2.048019999999999982e+03
2.281500000000000128e+01 1.021712879999999934e+01 1.962877259999999978e+03 2.048019999999999982e+03
2.282000000000000028e+01 1.022823840000000040e+01 1.962784679999999980e+03 2.048019999999999982e+03
2.282499999999999929e+01 1.020009407999999951e+01 1.963019215999999915e+03 2.048019999999999982e+03
2.283000000000000185e+01 1.014343511999999770e+01 1.963491373999999951e+03 2.048019999999999982e+03
2.283500000000000085e+01 1.020009407999999951e+01 1.963019215999999915e+03 2.048019999999999982e+03
2.283999999999999986e+01 1.018898447999999846e+01 1.963111795999999913e+03 2.048019999999999982e+03
2.284499999999999886e+01 1.026230783999999829e+01 1.962500767999999880e+03 2.048019999999999982e+03
2.285000000000000142e+01 1.021157399999999882e+01 1.962923549999999977e+03 2.048019999999999982e+03
2.285500000000000043e+01 1.023416351999999918e+01 1.962735304000000042e+03 2.048019999999999982e+03
2.285999999999999943e+01 1.026786263999999882e+01 1.962454478000000108e+03 2.048019999999999982e+03
2.286500000000000199e+01 1.025082791999999898e+01 1.962596434000000045e+03 2.048019999999999982e+03
2.287000000000000099e+01 1.019453927999999898e+01 1.963065505999999914e+03 2.048019999999999982e+03
2.287500000000000000e+01 1.016602463999999806e+01 1.963303128000000015e+03 2.048019999999999982e+03
2.287999999999999901e+01 1.025675303999999954e+01 1.962547057999999879e+03 2.048019999999999982e+03
2.288500000000000156e+01 1.022823840000000040e+01 1.962784679999999980e+03 2.048019999999999982e+03
2.289000000000000057e+01 1.022823840000000040e+01 1.962784679999999980e+03 2.048019999999999982e+03
2.289499999999999957e+01 1.023416351999999918e+01 1.962735304000000042e+03 2.048019999999999982e+03
2.289999999999999858e+01 1.020564888000000003e+01 1.962972925999999916e+03 2.048019999999999982e+03
2.290500000000000114e+01 1.022268359999999987e+01 1.962830969999999979e+03 2.048019999999999982e+03
2.291000000000000014e+01 1.017194975999999862e+01 1.963253752000000077e+03 2.048019999999999982e+03
2.291499999999999915e+01 1.015491503999999878e+01 1.963395708000000013e+03 2.048019999999999982e+03
2.292000000000000171e+01 1.022268359999999987e+01 1.962830969999999979e+03 2.048019999999999982e+03
2.292500000000000071e+01 1.026230783999999829e+01 1.962500767999999880e+03 2.048019999999999982e+03
2.292999999999999972e+01 1.024527311999999846e+01 1.962642724000000044e+03 2.048019999999999982e+03
2.293499999999999872e+01 1.016602463999999806e+01 1.963303128000000015e+03 2.048019999999999982e+03
2.294000000000000128e+01 1.025082791999999898e+01 1.962596434000000045e+03 2.048019999999999982e+03
2.294500000000000028e+01 1.027934255999999813e+01 1.962358811999999944e+03 2.048019999999999982e+03
2.294999999999999929e+01 1.022268359999999987e+01 1.962830969999999979e+03 2.048019999999999982e+03
2.295500000000000185e+01 1.022823840000000040e+01 1.962784679999999980e+03 2.048019999999999982e+03
2.296000000000000085e+01 1.025082791999999898e+01 1.962596434000000045e+03 2.048019999999999982e+03
2.296499999999999986e+01 1.021712879999999934e+01 1.962877259999999978e+03 2.048019999999999982e+03
2.296999999999999886e+01 1.025675303999999954e+01 1.962547057999999879e+03 2.048019999999999982e+03
2.297500000000000142e+01 1.022823840000000040e+01 1.962784679999999980e+03 2.048019999999999982e+03
2.298000000000000043e+01 1.025675303999999954e+01 1.962547057999999879e+03 2.048019999999999982e+03
2.298499999999999943e+01 1.022823840000000040e+01 1.962784679999999980e+03 2.048019999999999982e+03
2.299000000000000199e+01 1.025675303999999954e+01 1.962547057999999879e+03 2.048019999999999982e+03
2.299500000000000099e+01 1.022823840000000040e+01 1.962784679999999980e+03 2.048019999999999982e+03
2.300000000000000000e+01 1.020009407999999951e+01 1.963019215999999915e+03 2.048019999999999982e+03
2.300499999999999901e+01 1.024527311999999846e+01 1.962642724000000044e+03 2.048019999999999982e+03
2.301000000000000156e+01 1.017194975999999862e+01 1.963253752000000077e+03 2.048019999999999982e+03
2.301500000000000057e+01 1.023971831999999971e+01 1.962689014000000043e+03 2.048019999999999982e+03
2.301999999999999957e+01 1.018305935999999967e+01 1.963161172000000079e+03 2.048019999999999982e+03
2.302499999999999858e+01 1.020564888000000003e+01 1.962972925999999916e+03 2.048019999999999982e+03
2.303000000000000114e+01 1.017194975999999862e+01 1.963253752000000077e+03 2.048019999999999982e+03
2.303500000000000014e+01 1.021157399999999882e+01 1.962923549999999977e+03 2.048019999999999982e+03
2.303999999999999915e+01 1.030748687999999902e+01 1.962124276000000009e+03 2.048019999999999982e+03
2.304500000000000171e+01 1.033563119999999991e+01 1.961889740000000074e+03 2.048019999999999982e+03
2.305000000000000071e+01 1.017194975999999862e+01 1.963253752000000077e+03 2.048019999999999982e+03
2.305499999999999972e+01 1.025675303999999954e+01 1.962547057999999879e+03 2.048019999999999982e+03
2.305999999999999872e+01 1.020564888000000003e+01 1.962972925999999916e+03 2.048019999999999982e+03
2.306500000000000128e+01 1.025675303999999954e+01 1.962547057999999879e+03 2.048019999999999982e+03
2.307000000000000028e+01 1.021157399999999882e+01 1.962923549999999977e+03 2.048019999999999982e+03
2.307499999999999929e+01 1.020009407999999951e+01 1.963019215999999915e+03 2.048019999999999982e+03
2.308000000000000185e+01 1.021157399999999882e+01 1.962923549999999977e+03 2.048019999999999982e+03
2.308500000000000085e+01 1.025082791999999898e+01 1.962596434000000045e+03 2.048019999999999982e+03
2.308999999999999986e+01 1.021157399999999882e+01 1.962923549999999977e+03 2.048019999999999982e+03
2.309499999999999886e+01 1.021712879999999934e+01 1.962877259999999978e+03 2.048019999999999982e+03
2.310000000000000142e+01 1.023416351999999918e+01 1.962735304000000042e+03 2.048019999999999982e+03
2.310500000000000043e+01 1.023971831999999971e+01 1.962689014000000043e+03 2.048019999999999982e+03
2.310999999999999943e+01 1.023416351999999918e+01 1.962735304000000042e+03 2.048019999999999982e+03
2.311500000000000199e+01 1.024527311999999846e+01 1.962642724000000044e+03 2.048019999999999982e+03
2.312000000000000099e+01 1.023416351999999918e+01 1.962735304000000042e+03 2.048019999999999982e+03
2.312500000000000000e+01 1.022823840000000040e+01 1.962784679999999980e+03 2.048019999999999982e+03
2.312999999999999901e+01 1.025675303999999954e+01 1.962547057999999879e+03 2.048019999999999982e+03
2.313500000000000156e+01 1.020564888000000003e+01 1.962972925999999916e+03 2.048019999999999982e+03
2.314000000000000057e+01 1.017194975999999862e+01 1.963253752000000077e+03 2.048019999999999982e+03
2.314499999999999957e+01 1.021712879999999934e+01 1.962877259999999978e+03 2.048019999999999982e+03
2.314999999999999858e+01 1.014936023999999826e+01 1.963441998000000012e+03 2.048019999999999982e+03
2.315500000000000114e+01 1.027341743999999935e+01 1.962408187999999882e+03 2.048019999999999982e+03
2.316000000000000014e+01 1.028489735999999866e+01 1.962312521999999944e+03 2.048019999999999982e+03
2.316499999999999915e+01 1.017750455999999915e+01 1.963207462000000078e+03 2.048019999999999982e+03
2.317000000000000171e+01 1.027341743999999935e+01 1.962408187999999882e+03 2.048019999999999982e+03
2.317500000000000071e+01 1.023971831999999971e+01 1.962689014000000043e+03 2.048019999999999982e+03
2.317999999999999972e+01 1.022823840000000040e+01 1.962784679999999980e+03 2.048019999999999982e+03
2.318499999999999872e+01 1.023971831999999971e+01 1.962689014000000043e+03 2.048019999999999982e+03
2.319000000000000128e+01 1.017750455999999915e+01 1.963207462000000078e+03 2.048019999999999982e+03
2.319500000000000028e+01 1.020564888000000003e+01 1.962972925999999916e+03 2.048019999999999982e+03
2.319999999999999929e+01 1.022823840000000040e+01 1.962784679999999980e+03 2.048019999999999982e+03
2.320500000000000185e+01 1.023416351999999918e+01 1.962735304000000042e+03 2.048019999999999982e+03
2.321000000000000085e+01 1.021712879999999934e+01 1.962877259999999978e+03 2.048019999999999982e+03
2.321499999999999986e+01 1.022823840000000040e+01 1.962784679999999980e+03 2.048019999999999982e+03
2.321999999999999886e+01 1.023416351999999918e+01 1.962735304000000042e+03 2.048019999999999982e+03
2.322500000000000142e+01 1.017194975999999862e+01 1.963253752000000077e+03 2.048019999999999982e+03
2.323000000000000043e+01 1.018898447999999846e+01 1.963111795999999913e+03 2.048019999999999982e+03
2.323499999999999943e+01 1.021712879999999934e+01 1.962877259999999978e+03 2.048019999999999982e+03
2.324000000000000199e+01 1.015491503999999878e+01 1.963395708000000013e+03 2.048019999999999982e+03
2.324500000000000099e+01 1.021712879999999934e+01 1.962877259999999978e+03 2.048019999999999982e+03
2.325000000000000000e+01 1.021157399999999882e+01 1.962923549999999977e+03 2.048019999999999982e+03
2.325499999999999901e+01 1.021712879999999934e+01 1.962877259999999978e+03 2.048019999999999982e+03
2.326000000000000156e+01 1.024527311999999846e+01 1.962642724000000044e+03 2.048019999999999982e+03
2.326500000000000057e+01 1.013232552000000020e+01 1.963583953999999949e+03 2.048019999999999982e+03
2.326999999999999957e+01 1.017194975999999862e+01 1.963253752000000077e+03 2.048019999999999982e+03
2.327499999999999858e+01 1.021712879999999934e+01 1.962877259999999978e+03 2.048019999999999982e+03
2.328000000000000114e+01 1.031304167999999954e+01 1.962077986000000010e+03 2.048019999999999982e+03
2.328500000000000014e+01 1.024527311999999846e+01 1.962642724000000044e+03 2.048019999999999982e+03
2.328999999999999915e+01 1.026786263999999882e+01 1.962454478000000108e+03 2.048019999999999982e+03
2.329500000000000171e+01 1.023416351999999918e+01 1.962735304000000042e+03 2.048019999999999982e+03
2.330000000000000071e+01 1.020009407999999951e+01 1.963019215999999915e+03 2.048019999999999982e+03
2.330499999999999972e+01 1.022268359999999987e+01 1.962830969999999979e+03 2.048019999999999982e+03
2.330999999999999872e+01 1.020009407999999951e+01 1.963019215999999915e+03 2.048019999999999982e+03
2.331500000000000128e+01 1.022268359999999987e+01 1.962830969999999979e+03 2.048019999999999982e+03
2.332000000000000028e+01 1.027934255999999813e+01 1.962358811999999944e+03 2.048019999999999982e+03
2.332499999999999929e+01 1.025675303999999954e+01 1.962547057999999879e+03 2.048019999999999982e+03
2.333000000000000185e+01 1.022823840000000040e+01 1.962784679999999980e+03 2.048019999999999982e+03
2.333500000000000085e+01 1.018898447999999846e+01 1.963111795999999913e+03 2.048019999999999982e+03
2.333999999999999986e+01 1.027341743999999935e+01 1.962408187999999882e+03 2.048019999999999982e+03
2.334499999999999886e+01 1.022268359999999987e+01 1.962830969999999979e+03 2.048019999999999982e+03
2.335000000000000142e+01 1.015491503999999878e+01 1.963395708000000013e+03 2.048019999999999982e+03
2.335500000000000043e+01 1.026786263999999882e+01 1.962454478000000108e+03 2.048019999999999982e+03
2.335999999999999943e+01 1.023416351999999918e+01 1.962735304000000042e+03 2.048019999999999982e+03
2.336500000000000199e+01 1.026230783999999829e+01 1.962500767999999880e+03 2.048019999999999982e+03
2.337000000000000099e+01 1.029600695999999971e+01 1.962219941999999946e+03 2.048019999999999982e+03
2.337500000000000000e+01 1.025082791999999898e+01 1.962596434000000045e+03 2.048019999999999982e+03
2.337999999999999901e+01 1.022823840000000040e+01 1.962784679999999980e+03 2.048019999999999982e+03
2.338500000000000156e+01 1.021712879999999934e+01 1.962877259999999978e+03 2.048019999999999982e+03
2.339000000000000057e+01 1.023416351999999918e+01 1.962735304000000042e+03 2.048019999999999982e+03
2.339499999999999957e+01 1.026230783999999829e+01 1.962500767999999880e+03 2.048019999999999982e+03
2.339999999999999858e+01 1.017750455999999915e+01 1.963207462000000078e+03 2.048019999999999982e+03
2.340500000000000114e+01 1.020009407999999951e+01 1.963019215999999915e+03 2.048019999999999982e+03
2.341000000000000014e+01 1.018305935999999967e+01 1.963161172000000079e+03 2.048019999999999982e+03
2.341499999999999915e+01 1.028489735999999866e+01 1.962312521999999944e+03 2.048019999999999982e+03
2.342000000000000171e+01 1.020564888000000003e+01 1.962972925999999916e+03 2.048019999999999982e+03
2.342500000000000071e+01 1.026786263999999882e+01 1.962454478000000108e+03 2.048019999999999982e+03
2.342999999999999972e+01 1.024527311999999846e+01 1.962642724000000044e+03 2.048019999999999982e+03
2.343499999999999872e+01 1.018305935999999967e+01 1.963161172000000079e+03 2.048019999999999982e+03
2.344000000000000128e+01 1.023971831999999971e+01 1.962689014000000043e+03 2.048019999999999982e+03
2.344500000000000028e+01 1.022268359999999987e+01 1.962830969999999979e+03 2.048019999999999982e+03
2.344999999999999929e+01 1.016602463999999806e+01 1.963303128000000015e+03 2.048019999999999982e+03
2.345500000000000185e+01 1.021712879999999934e+01 1.962877259999999978e+03 2.048019999999999982e+03
2.346000000000000085e+01 1.022823840000000040e+01 1.962784679999999980e+03 2.048019999999999982e+03
2.346499999999999986e+01 1.022823840000000040e+01 1.962784679999999980e+03 2.048019999999999982e+03
2.346999999999999886e+01 1.016046983999999931e+01 1.963349418000000014e+03 2.048019999999999982e+03
2.347500000000000142e+01 1.017194975999999862e+01 1.963253752000000077e+03 2.048019999999999982e+03
2.348000000000000043e+01 1.023416351999999918e+01 1.962735304000000042e+03 2.048019999999999982e+03
2.348499999999999943e+01 1.021157399999999882e+01 1.962923549999999977e+03 2.048019999999999982e+03
2.349000000000000199e+01 1.022823840000000040e+01 1.962784679999999980e+03 2.048019999999999982e+03
2.349500000000000099e+01 1.023971831999999971e+01 1.962689014000000043e+03 2.048019999999999982e+03
2.350000000000000000e+01 1.012084559999999911e+01 1.963679619999999886e+03 2.048019999999999982e+03
2.350499999999999901e+01 1.025675303999999954e+01 1.962547057999999879e+03 2.048019999999999982e+03
2.351000000000000156e+01 1.018898447999999846e+01 1.963111795999999913e+03 2.048019999999999982e+03
2.351500000000000057e+01 1.019453927999999898e+01 1.963065505999999914e+03 2.048019999999999982e+03
2.351999999999999957e+01 1.014936023999999826e+01 1.963441998000000012e+03 2.048019999999999982e+03
2.352499999999999858e+01 1.016602463999999806e+01 1.963303128000000015e+03 2.048019999999999982e+03
2.353000000000000114e+01 1.023416351999999918e+01 1.962735304000000042e+03 2.048019999999999982e+03
2.353500000000000014e+01 1.017194975999999862e+01 1.963253752000000077e+03 2.048019999999999982e+03
2.353999999999999915e+01 1.018898447999999846e+01 1.963111795999999913e+03 2.048019999999999982e+03
2.354500000000000171e+01 1.016602463999999806e+01 1.963303128000000015e+03 2.048019999999999982e+03
2.355000000000000071e+01 1.013788031999999717e+01 1.963537663999999950e+03 2.048019999999999982e+03
2.355499999999999972e+01 1.016046983999999931e+01 1.963349418000000014e+03 2.048019999999999982e+03
2.355999999999999872e+01 1.017750455999999915e+01 1.963207462000000078e+03 2.048019999999999982e+03
2.356500000000000128e+01 1.018898447999999846e+01 1.963111795999999913e+03 2.048019999999999982e+03
2.357000000000000028e+01 1.023416351999999918e+01 1.962735304000000042e+03 2.048019999999999982e+03
2.357499999999999929e+01 1.020564888000000003e+01 1.962972925999999916e+03 2.048019999999999982e+03
2.358000000000000185e+01 1.027934255999999813e+01 1.962358811999999944e+03 2.048019999999999982e+03
2.358500000000000085e+01 1.017750455999999915e+01 1.963207462000000078e+03 2.048019999999999982e+03
2.358999999999999986e+01 1.016602463999999806e+01 1.963303128000000015e+03 2.048019999999999982e+03
2.359499999999999886e+01 1.024527311999999846e+01 1.962642724000000044e+03 2.048019999999999982e+03
2.360000000000000142e+01 1.016602463999999806e+01 1.963303128000000015e+03 2.048019999999999982e+03
2.360500000000000043e+01 1.020009407999999951e+01 1.963019215999999915e+03 2.048019999999999982e+03
2.360999999999999943e+01 1.020009407999999951e+01 1.963019215999999915e+03 2.048019999999999982e+03
2.361500000000000199e+01 1.024527311999999846e+01 1.962642724000000044e+03 2.048019999999999982e+03
2.362000000000000099e+01 1.023971831999999971e+01 1.962689014000000043e+03 2.048019999999999982e+03
2.362500000000000000e+01 1.023971831999999971e+01 1.962689014000000043e+03 2.048019999999999982e+03
2.362999999999999901e+01 1.029045215999999918e+01 1.962266231999999945e+03 2.048019999999999982e+03
2.363500000000000156e+01 1.016046983999999931e+01 1.963349418000000014e+03 2.048019999999999982e+03
2.364000000000000057e+01 1.022823840000000040e+01 1.962784679999999980e+03 2.048019999999999982e+03
2.364499999999999957e+01 1.023416351999999918e+01 1.962735304000000042e+03 2.048019999999999982e+03
2.364999999999999858e+01 1.023971831999999971e+01 1.962689014000000043e+03 2.048019999999999982e+03
2.365500000000000114e+01 1.021712879999999934e+01 1.962877259999999978e+03 2.048019999999999982e+03
2.366000000000000014e+01 1.017194975999999862e+01 1.963253752000000077e+03 2.048019999999999982e+03
2.366499999999999915e+01 1.022268359999999987e+01 1.962830969999999979e+03 2.048019999999999982e+03
2.367000000000000171e+01 1.021157399999999882e+01 1.962923549999999977e+03 2.048019999999999982e+03
2.367500000000000071e+01 1.017750455999999915e+01 1.963207462000000078e+03 2.048019999999999982e+03
2.367999999999999972e+01 1.013232552000000020e+01 1.963583953999999949e+03 2.048019999999999982e+03
2.368499999999999872e+01 1.015491503999999878e+01 1.963395708000000013e+03 2.048019999999999982e+03
2.369000000000000128e+01 1.021157399999999882e+01 1.962923549999999977e+03 2.048019999999999982e+03
2.369500000000000028e+01 1.022268359999999987e+01 1.962830969999999979e+03 2.048019999999999982e+03
2.369999999999999929e+01 1.018305935999999967e+01 1.963161172000000079e+03 2.048019999999999982e+03
2.370500000000000185e+01 1.015491503999999878e+01 1.963395708000000013e+03 2.048019999999999982e+03
2.371000000000000085e+01 1.016046983999999931e+01 1.963349418000000014e+03 2.048019999999999982e+03
2.371499999999999986e+01 1.022823840000000040e+01 1.962784679999999980e+03 2.048019999999999982e+03
2.371999999999999886e+01 1.009825607999999875e+01 1.963867866000000049e+03 2.048019999999999982e+03
2.372500000000000142e+01 1.015491503999999878e+01 1.963395708000000013e+03 2.048019999999999982e+03
2.373000000000000043e+01 1.020564888000000003e+01 1.962972925999999916e+03 2.048019999999999982e+03
2.373499999999999943e+01 1.018898447999999846e+01 1.963111795999999913e+03 2.048019999999999982e+03
2.374000000000000199e+01 1.018305935999999967e+01 1.963161172000000079e+03 2.048019999999999982e+03
2.374500000000000099e+01 1.021712879999999934e+01 1.962877259999999978e+03 2.048019999999999982e+03
2.375000000000000000e+01 1.019453927999999898e+01 1.963065505999999914e+03 2.048019999999999982e+03
2.375499999999999901e+01 1.017194975999999862e+01 1.963253752000000077e+03 2.048019999999999982e+03
2.376000000000000156e+01 1.017750455999999915e+01 1.963207462000000078e+03 2.048019999999999982e+03
2.376500000000000057e+01 1.023416351999999918e+01 1.962735304000000042e+03 2.048019999999999982e+03
2.376999999999999957e+01 1.016602463999999806e+01 1.963303128000000015e+03 2.048019999999999982e+03
2.377499999999999858e+01 1.016046983999999931e+01 1.963349418000000014e+03 2.048019999999999982e+03
2.378000000000000114e+01 1.021157399999999882e+01 1.962923549999999977e+03 2.048019999999999982e+03
2.378500000000000014e+01 1.021712879999999934e+01 1.962877259999999978e+03 2.048019999999999982e+03
2.378999999999999915e+01 1.020564888000000003e+01 1.962972925999999916e+03 2.048019999999999982e+03
2.379500000000000171e+01 1.019453927999999898e+01 1.963065505999999914e+03 2.048019999999999982e+03
2.380000000000000071e+01 1.014343511999999770e+01 1.963491373999999951e+03 2.048019999999999982e+03
2.380499999999999972e+01 1.016602463999999806e+01 1.963303128000000015e+03 2.048019999999999982e+03
2.380999999999999872e+01 1.015491503999999878e+01 1.963395708000000013e+03 2.048019999999999982e+03
2.381500000000000128e+01 1.017194975999999862e+01 1.963253752000000077e+03 2.048019999999999982e+03
2.382000000000000028e+01 1.011529079999999858e+01 1.963725909999999885e+03 2.048019999999999982e+03
2.382499999999999929e+01 1.020009407999999951e+01 1.963019215999999915e+03 2.048019999999999982e+03
2.383000000000000185e+01 1.020009407999999951e+01 1.963019215999999915e+03 2.048019999999999982e+03
2.383500000000000085e+01 1.021157399999999882e+01 1.962923549999999977e+03 2.048019999999999982e+03
2.383999999999999986e+01 1.018305935999999967e+01 1.963161172000000079e+03 2.048019999999999982e+03
2.384499999999999886e+01 1.018305935999999967e+01 1.963161172000000079e+03 2.048019999999999982e+03
2.385000000000000142e+01 1.018305935999999967e+01 1.963161172000000079e+03 2.048019999999999982e+03
2.385500000000000043e+01 1.021712879999999934e+01 1.962877259999999978e+03 2.048019999999999982e+03
2.385999999999999943e+01 1.018898447999999846e+01 1.963111795999999913e+03 2.048019999999999982e+03
2.386500000000000199e+01 1.018305935999999967e+01 1.963161172000000079e+03 2.048019999999999982e+03
2.387000000000000099e+01 1.021157399999999882e+01 1.962923549999999977e+03 2.048019999999999982e+03
2.387500000000000000e+01 1.017194975999999862e+01 1.963253752000000077e+03 2.048019999999999982e+03
2.387999999999999901e+01 1.029045215999999918e+01 1.962266231999999945e+03 2.048019999999999982e+03
2.388500000000000156e+01 1.019453927999999898e+01 1.963065505999999914e+03 2.048019999999999982e+03
2.389000000000000057e+01 1.016602463999999806e+01 1.963303128000000015e+03 2.048019999999999982e+03
2.389499999999999957e+01 1.016602463999999806e+01 1.963303128000000015e+03 2.048019999999999982e+03
2.389999999999999858e+01 1.021712879999999934e+01 1.962877259999999978e+03 2.048019999999999982e+03
2.390500000000000114e+01 1.020564888000000003e+01 1.962972925999999916e+03 2.048019999999999982e+03
2.391000000000000014e+01 1.016602463999999806e+01 1.963303128000000015e+03 2.048019999999999982e+03
2.391499999999999915e+01 1.016046983999999931e+01 1.963349418000000014e+03 2.048019999999999982e+03
2.392000000000000171e+01 1.019453927999999898e+01 1.963065505999999914e+03 2.048019999999999982e+03
2.392500000000000071e+01 1.022823840000000040e+01 1.962784679999999980e+03 2.048019999999999982e+03
2.392999999999999972e+01 1.016046983999999931e+01 1.963349418000000014e+03 2.048019999999999982e+03
2.393499999999999872e+01 1.015491503999999878e+01 1.963395708000000013e+03 2.048019999999999982e+03
2.394000000000000128e+01 1.021712879999999934e+01 1.962877259999999978e+03 2.048019999999999982e+03
2.394500000000000028e+01 1.021157399999999882e+01 1.962923549999999977e+03 2.048019999999999982e+03
2.394999999999999929e+01 1.019453927999999898e+01 1.963065505999999914e+03 2.048019999999999982e+03
2.395500000000000185e+01 1.022823840000000040e+01 1.962784679999999980e+03 2.048019999999999982e+03
2.396000000000000085e+01 1.014936023999999826e+01 1.963441998000000012e+03 2.048019999999999982e+03
2.396499999999999986e+01 1.018305935999999967e+01 1.963161172000000079e+03 2.048019999999999982e+03
2.396999999999999886e+01 1.018305935999999967e+01 1.963161172000000079e+03 2.048019999999999982e+03
2.397500000000000142e+01 1.017750455999999915e+01 1.963207462000000078e+03 2.048019999999999982e+03
2.398000000000000043e+01 1.018898447999999846e+01 1.963111795999999913e+03 2.048019999999999982e+03
2.398499999999999943e+01 1.022268359999999987e+01 1.962830969999999979e+03 2.048019999999999982e+03
2.399000000000000199e+01 1.021157399999999882e+01 1.962923549999999977e+03 2.048019999999999982e+03
2.399500000000000099e+01 1.025675303999999954e+01 1.962547057999999879e+03 2.048019999999999982e+03
2.400000000000000000e+01 1.020009407999999951e+01 1.963019215999999915e+03 2.048019999999999982e+03
2.400499999999999901e+01 1.016046983999999931e+01 1.963349418000000014e+03 2.048019999999999982e+03
2.401000000000000156e+01 1.020564888000000003e+01 1.962972925999999916e+03 2.048019999999999982e+03
2.401500000000000057e+01 1.018305935999999967e+01 1.963161172000000079e+03 2.048019999999999982e+03
2.401999999999999957e+01 1.018305935999999967e+01 1.963161172000000079e+03 2.048019999999999982e+03
2.402499999999999858e+01 1.017750455999999915e+01 1.963207462000000078e+03 2.048019999999999982e+03
2.403000000000000114e+01 1.022268359999999987e+01 1.962830969999999979e+03 2.048019999999999982e+03
2.403500000000000014e+01 1.024527311999999846e+01 1.962642724000000044e+03 2.048019999999999982e+03
2.403999999999999915e+01 1.018305935999999967e+01 1.963161172000000079e+03 2.048019999999999982e+03
2.404500000000000171e+01 1.022268359999999987e+01 1.962830969999999979e+03 2.048019999999999982e+03
2.405000000000000071e+01 1.013232552000000020e+01 1.963583953999999949e+03 2.048019999999999982e+03
2.405499999999999972e+01 1.016046983999999931e+01 1.963349418000000014e+03 2.048019999999999982e+03
2.405999999999999872e+01 1.017194975999999862e+01 1.963253752000000077e+03 2.048019999999999982e+03
2.406500000000000128e+01 1.020009407999999951e+01 1.963019215999999915e+03 2.048019999999999982e+03
2.407000000000000028e+01 1.017750455999999915e+01 1.963207462000000078e+03 2.048019999999999982e+03
2.407499999999999929e+01 1.016046983999999931e+01 1.963349418000000014e+03 2.048019999999999982e+03
2.408000000000000185e+01 1.022268359999999987e+01 1.962830969999999979e+03 2.048019999999999982e+03
2.408500000000000085e+01 1.015491503999999878e+01 1.963395708000000013e+03 2.048019999999999982e+03
2.408999999999999986e+01 1.016602463999999806e+01 1.963303128000000015e+03 2.048019999999999982e+03
2.409499999999999886e+01 1.014343511999999770e+01 1.963491373999999951e+03 2.048019999999999982e+03
2.410000000000000142e+01 1.014936023999999826e+01 1.963441998000000012e+03 2.048019999999999982e+03
2.410500000000000043e+01 1.014936023999999826e+01 1.963441998000000012e+03 2.048019999999999982e+03
2.410999999999999943e+01 1.013788031999999717e+01 1.963537663999999950e+03 2.048019999999999982e+03
2.411500000000000199e+01 1.016602463999999806e+01 1.963303128000000015e+03 2.048019999999999982e+03
2.412000000000000099e+01 1.016046983999999931e+01 1.963349418000000014e+03 2.048019999999999982e+03
2.412500000000000000e+01 1.021157399999999882e+01 1.962923549999999977e+03 2.048019999999999982e+03
2.412999999999999901e+01 1.020564888000000003e+01 1.962972925999999916e+03 2.048019999999999982e+03
2.413500000000000156e+01 1.009825607999999875e+01 1.963867866000000049e+03 2.048019999999999982e+03
2.414000000000000057e+01 1.019453927999999898e+01 1.963065505999999914e+03 2.048019999999999982e+03
2.414499999999999957e+01 1.011529079999999858e+01 1.963725909999999885e+03 2.048019999999999982e+03
2.414999999999999858e+01 1.020009407999999951e+01 1.963019215999999915e+03 2.048019999999999982e+03
2.415500000000000114e+01 1.017194975999999862e+01 1.963253752000000077e+03 2.048019999999999982e+03
2.416000000000000014e+01 1.017750455999999915e+01 1.963207462000000078e+03 2.048019999999999982e+03
2.416499999999999915e+01 1.017750455999999915e+01 1.963207462000000078e+03 2.048019999999999982e+03
2.417000000000000171e+01 1.015491503999999878e+01 1.963395708000000013e+03 2.048019999999999982e+03
2.417500000000000071e+01 1.016602463999999806e+01 1.963303128000000015e+03 2.048019999999999982e+03
2.417999999999999972e+01 1.019453927999999898e+01 1.963065505999999914e+03 2.048019999999999982e+03
2.418499999999999872e+01 1.015491503999999878e+01 1.963395708000000013e+03 2.048019999999999982e+03
2.419000000000000128e+01 1.016602463999999806e+01 1.963303128000000015e+03 2.048019999999999982e+03
2.419500000000000028e+01 1.016046983999999931e+01 1.963349418000000014e+03 2.048019999999999982e+03
2.419999999999999929e+01 1.016046983999999931e+01 1.963349418000000014e+03 2.048019999999999982e+03
2.420500000000000185e+01 1.017750455999999915e+01 1.963207462000000078e+03 2.048019999999999982e+03
2.421000000000000085e+01 1.012677071999999967e+01 1.963630243999999948e+03 2.048019999999999982e+03
2.421499999999999986e+01 1.009270127999999822e+01 1.963914156000000048e+03 2.048019999999999982e+03
2.421999999999999886e+01 1.015491503999999878e+01 1.963395708000000013e+03 2.048019999999999982e+03
2.422500000000000142e+01 1.018305935999999967e+01 1.963161172000000079e+03 2.048019999999999982e+03
2.423000000000000043e+01 1.019453927999999898e+01 1.963065505999999914e+03 2.048019999999999982e+03
2.423499999999999943e+01 1.013232552000000020e+01 1.963583953999999949e+03 2.048019999999999982e+03
2.424000000000000199e+01 1.012084559999999911e+01 1.963679619999999886e+03 2.048019999999999982e+03
2.424500000000000099e+01 1.017194975999999862e+01 1.963253752000000077e+03 2.048019999999999982e+03
2.425000000000000000e+01 1.013788031999999717e+01 1.963537663999999950e+03 2.048019999999999982e+03
2.425499999999999901e+01 1.017750455999999915e+01 1.963207462000000078e+03 2.048019999999999982e+03
2.426000000000000156e+01 1.018305935999999967e+01 1.963161172000000079e+03 2.048019999999999982e+03
2.426500000000000057e+01 1.012677071999999967e+01 1.963630243999999948e+03 2.048019999999999982e+03
2.426999999999999957e+01 1.013232552000000020e+01 1.963583953999999949e+03 2.048019999999999982e+03
2.427499999999999858e+01 1.019453927999999898e+01 1.963065505999999914e+03 2.048019999999999982e+03
2.428000000000000114e+01 1.020009407999999951e+01 1.963019215999999915e+03 2.048019999999999982e+03
2.428500000000000014e+01 1.014343511999999770e+01 1.963491373999999951e+03 2.048019999999999982e+03
2.428999999999999915e+01 1.022268359999999987e+01 1.962830969999999979e+03 2.048019999999999982e+03
2.429500000000000171e+01 1.018305935999999967e+01 1.963161172000000079e+03 2.048019999999999982e+03
2.430000000000000071e+01 1.010418119999999931e+01 1.963818489999999883e+03 2.048019999999999982e+03
2.430499999999999972e+01 1.015491503999999878e+01 1.963395708000000013e+03 2.048019999999999982e+03
2.430999999999999872e+01 1.008714647999999947e+01 1.963960446000000047e+03 2.048019999999999982e+03
2.431500000000000128e+01 1.012084559999999911e+01 1.963679619999999886e+03 2.048019999999999982e+03
2.432000000000000028e+01 1.016602463999999806e+01 1.963303128000000015e+03 2.048019999999999982e+03
2.432499999999999929e+01 1.012677071999999967e+01 1.963630243999999948e+03 2.048019999999999982e+03
2.433000000000000185e+01 1.024527311999999846e+01 1.962642724000000044e+03 2.048019999999999982e+03
2.433500000000000085e+01 1.017194975999999862e+01 1.963253752000000077e+03 2.048019999999999982e+03
2.433999999999999986e+01 1.013788031999999717e+01 1.963537663999999950e+03 2.048019999999999982e+03
2.434499999999999886e+01 1.013232552000000020e+01 1.963583953999999949e+03 2.048019999999999982e+03
2.435000000000000142e+01 1.012084559999999911e+01 1.963679619999999886e+03 2.048019999999999982e+03
2.435500000000000043e+01 1.017750455999999915e+01 1.963207462000000078e+03 2.048019999999999982e+03
2.435999999999999943e+01 1.009825607999999875e+01 1.963867866000000049e+03 2.048019999999999982e+03
2.436500000000000199e+01 1.017194975999999862e+01 1.963253752000000077e+03 2.048019999999999982e+03
2.437000000000000099e+01 1.021712879999999934e+01 1.962877259999999978e+03 2.048019999999999982e+03
2.437500000000000000e+01 1.018898447999999846e+01 1.963111795999999913e+03 2.048019999999999982e+03
2.437999999999999901e+01 1.020009407999999951e+01 1.963019215999999915e+03 2.048019999999999982e+03
2.438500000000000156e+01 1.010973599999999983e+01 1.963772199999999884e+03 2.048019999999999982e+03
2.439000000000000057e+01 1.011529079999999858e+01 1.963725909999999885e+03 2.048019999999999982e+03
2.439499999999999957e+01 1.014936023999999826e+01 1.963441998000000012e+03 2.048019999999999982e+03
2.439999999999999858e+01 1.023971831999999971e+01 1.962689014000000043e+03 2.048019999999999982e+03
2.440500000000000114e+01 1.015491503999999878e+01 1.963395708000000013e+03 2.048019999999999982e+03
2.441000000000000014e+01 1.015491503999999878e+01 1.963395708000000013e+03 2.048019999999999982e+03
2.441499999999999915e+01 1.018898447999999846e+01 1.963111795999999913e+03 2.048019999999999982e+03
2.442000000000000171e+01 1.018305935999999967e+01 1.963161172000000079e+03 2.048019999999999982e+03
2.442500000000000071e+01 1.018898447999999846e+01 1.963111795999999913e+03 2.048019999999999982e+03
2.442999999999999972e+01 1.016602463999999806e+01 1.963303128000000015e+03 2.048019999999999982e+03
2.443499999999999872e+01 1.012084559999999911e+01 1.963679619999999886e+03 2.048019999999999982e+03
2.444000000000000128e+01 1.019453927999999898e+01 1.963065505999999914e+03 2.048019999999999982e+03
2.444500000000000028e+01 1.017750455999999915e+01 1.963207462000000078e+03 2.048019999999999982e+03
2.444999999999999929e+01 1.013232552000000020e+01 1.963583953999999949e+03 2.048019999999999982e+03
2.445500000000000185e+01 1.019453927999999898e+01 1.963065505999999914e+03 2.048019999999999982e+03
2.446000000000000085e+01 1.014936023999999826e+01 1.963441998000000012e+03 2.048019999999999982e+03
2.446499999999999986e+01 1.017750455999999915e+01 1.963207462000000078e+03 2.048019999999999982e+03
2.446999999999999886e+01 1.016602463999999806e+01 1.963303128000000015e+03 2.048019999999999982e+03
2.447500000000000142e+01 1.018898447999999846e+01 1.963111795999999913e+03 2.048019999999999982e+03
2.448000000000000043e+01 1.016046983999999931e+01 1.963349418000000014e+03 2.048019999999999982e+03
2.448499999999999943e+01 1.015491503999999878e+01 1.963395708000000013e+03 2.048019999999999982e+03
2.449000000000000199e+01 1.014343511999999770e+01 1.963491373999999951e+03 2.048019999999999982e+03
2.449500000000000099e+01 1.017194975999999862e+01 1.963253752000000077e+03 2.048019999999999982e+03
2.450000000000000000e+01 1.002493271999999713e+01 1.964478894000000082e+03 2.048019999999999982e+03
2.450499999999999901e+01 1.002493271999999713e+01 1.964478894000000082e+03 2.048019999999999982e+03
2.451000000000000156e+01 1.009270127999999822e+01 1.963914156000000048e+03 2.048019999999999982e+03
2.451500000000000057e+01 1.022823840000000040e+01 1.962784679999999980e+03 2.048019999999999982e+03
2.451999999999999957e+01 1.031896680000000011e+01 1.962028610000000072e+03 2.048019999999999982e+03
2.452499999999999858e+01 1.040932487999999978e+01 1.961275625999999875e+03 2.048019999999999982e+03
2.453000000000000114e+01 1.034155632000000047e+01 1.961840363999999909e+03 2.048019999999999982e+03
2.453500000000000014e+01 1.027934255999999813e+01 1.962358811999999944e+03 2.048019999999999982e+03
2.453999999999999915e+01 1.008159167999999895e+01 1.964006736000000046e+03 2.048019999999999982e+03
2.454500000000000171e+01 9.900505199999997785e+00 1.965515789999999924e+03 2.048019999999999982e+03
2.455000000000000071e+01 9.911985119999997096e+00 1.965420123999999987e+03 2.048019999999999982e+03
2.455499999999999972e+01 1.009270127999999822e+01 1.963914156000000048e+03 2.048019999999999982e+03
2.455999999999999872e+01 1.011529079999999858e+01 1.963725909999999885e+03 2.048019999999999982e+03
2.456500000000000128e+01 1.020009407999999951e+01 1.963019215999999915e+03 2.048019999999999982e+03
2.457000000000000028e+01 1.026786263999999882e+01 1.962454478000000108e+03 2.048019999999999982e+03
2.457499999999999929e+01 1.016602463999999806e+01 1.963303128000000015e+03 2.048019999999999982e+03
2.458000000000000185e+01 1.022268359999999987e+01 1.962830969999999979e+03 2.048019999999999982e+03
2.458500000000000085e+01 1.011529079999999858e+01 1.963725909999999885e+03 2.048019999999999982e+03
2.458999999999999986e+01 1.022823840000000040e+01 1.962784679999999980e+03 2.048019999999999982e+03
2.459499999999999886e+01 1.026786263999999882e+01 1.962454478000000108e+03 2.048019999999999982e+03
2.460000000000000142e+01 1.026786263999999882e+01 1.962454478000000108e+03 2.048019999999999982e+03
2.460500000000000043e+01 1.023971831999999971e+01 1.962689014000000043e+03 2.048019999999999982e+03
2.460999999999999943e+01 1.014936023999999826e+01 1.963441998000000012e+03 2.048019999999999982e+03
2.461500000000000199e+01 1.007566655999999838e+01 1.964056111999999985e+03 2.048019999999999982e+03
2.462000000000000099e+01 1.006455695999999911e+01 1.964148691999999983e+03 2.048019999999999982e+03
2.462500000000000000e+01 1.013788031999999717e+01 1.963537663999999950e+03 2.048019999999999982e+03
2.462999999999999901e+01 1.013788031999999717e+01 1.963537663999999950e+03 2.048019999999999982e+03
2.463500000000000156e+01 1.017194975999999862e+01 1.963253752000000077e+03 2.048019999999999982e+03
2.464000000000000057e+01 1.005307703999999802e+01 1.964244357999999920e+03 2.048019999999999982e+03
2.464499999999999957e+01 1.014343511999999770e+01 1.963491373999999951e+03 2.048019999999999982e+03
2.464999999999999858e+01 1.010418119999999931e+01 1.963818489999999883e+03 2.048019999999999982e+03
2.465500000000000114e+01 1.025082791999999898e+01 1.962596434000000045e+03 2.048019999999999982e+03
2.466000000000000014e+01 1.019453927999999898e+01 1.963065505999999914e+03 2.048019999999999982e+03
2.466499999999999915e+01 1.030748687999999902e+01 1.962124276000000009e+03 2.048019999999999982e+03
2.467000000000000171e+01 1.027341743999999935e+01 1.962408187999999882e+03 2.048019999999999982e+03
2.467500000000000071e+01 1.027934255999999813e+01 1.962358811999999944e+03 2.048019999999999982e+03
2.467999999999999972e+01 1.031304167999999954e+01 1.962077986000000010e+03 2.048019999999999982e+03
2.468499999999999872e+01 1.017750455999999915e+01 1.963207462000000078e+03 2.048019999999999982e+03
2.469000000000000128e+01 1.020009407999999951e+01 1.963019215999999915e+03 2.048019999999999982e+03
2.469500000000000028e+01 1.015491503999999878e+01 1.963395708000000013e+03 2.048019999999999982e+03
2.469999999999999929e+01 1.020564888000000003e+01 1.962972925999999916e+03 2.048019999999999982e+03
2.470500000000000185e+01 1.017194975999999862e+01 1.963253752000000077e+03 2.048019999999999982e+03
2.471000000000000085e+01 1.010973599999999983e+01 1.963772199999999884e+03 2.048019999999999982e+03
2.471499999999999986e+01 1.012677071999999967e+01 1.963630243999999948e+03 2.048019999999999982e+03
2.471999999999999886e+01 1.008159167999999895e+01 1.964006736000000046e+03 2.048019999999999982e+03
2.472500000000000142e+01 1.007011175999999786e+01 1.964102401999999984e+03 2.048019999999999982e+03
2.473000000000000043e+01 1.013788031999999717e+01 1.963537663999999950e+03 2.048019999999999982e+03
2.473499999999999943e+01 1.016046983999999931e+01 1.963349418000000014e+03 2.048019999999999982e+03
2.474000000000000199e+01 1.020564888000000003e+01 1.962972925999999916e+03 2.048019999999999982e+03
2.474500000000000099e+01 1.020009407999999951e+01 1.963019215999999915e+03 2.048019999999999982e+03
2.475000000000000000e+01 1.017194975999999862e+01 1.963253752000000077e+03 2.048019999999999982e+03
2.475499999999999901e+01 1.021157399999999882e+01 1.962923549999999977e+03 2.048019999999999982e+03
2.476000000000000156e+01 1.012677071999999967e+01 1.963630243999999948e+03 2.048019999999999982e+03
2.476500000000000057e+01 1.010973599999999983e+01 1.963772199999999884e+03 2.048019999999999982e+03
2.476999999999999957e+01 1.010973599999999983e+01 1.963772199999999884e+03 2.048019999999999982e+03
2.477499999999999858e+01 1.018898447999999846e+01 1.963111795999999913e+03 2.048019999999999982e+03
2.478000000000000114e+01 1.016602463999999806e+01 1.963303128000000015e+03 2.048019999999999982e+03
2.478500000000000014e+01 1.012677071999999967e+01 1.963630243999999948e+03 2.048019999999999982e+03
2.478999999999999915e+01 1.014343511999999770e+01 1.963491373999999951e+03 2.048019999999999982e+03
2.479500000000000171e+01 1.013232552000000020e+01 1.963583953999999949e+03 2.048019999999999982e+03
2.480000000000000071e+01 1.011529079999999858e+01 1.963725909999999885e+03 2.048019999999999982e+03
2.480499999999999972e+01 1.020564888000000003e+01 1.962972925999999916e+03 2.048019999999999982e+03
2.480999999999999872e+01 1.018898447999999846e+01 1.963111795999999913e+03 2.048019999999999982e+03
2.481500000000000128e+01 1.010418119999999931e+01 1.963818489999999883e+03 2.048019999999999982e+03
2.482000000000000028e+01 1.012084559999999911e+01 1.963679619999999886e+03 2.048019999999999982e+03
2.482499999999999929e+01 1.015491503999999878e+01 1.963395708000000013e+03 2.048019999999999982e+03
2.483000000000000185e+01 1.016602463999999806e+01 1.963303128000000015e+03 2.048019999999999982e+03
2.483500000000000085e+01 1.017194975999999862e+01 1.963253752000000077e+03 2.048019999999999982e+03
2.483999999999999986e+01 1.014343511999999770e+01 1.963491373999999951e+03 2.048019999999999982e+03
2.484499999999999886e+01 1.019453927999999898e+01 1.963065505999999914e+03 2.048019999999999982e+03
2.485000000000000142e+01 1.013232552000000020e+01 1.963583953999999949e+03 2.048019999999999982e+03
2.485500000000000043e+01 1.023416351999999918e+01 1.962735304000000042e+03 2.048019999999999982e+03
2.485999999999999943e+01 1.017750455999999915e+01 1.963207462000000078e+03 2.048019999999999982e+03
2.486500000000000199e+01 1.013232552000000020e+01 1.963583953999999949e+03 2.048019999999999982e+03
2.487000000000000099e+01 1.010973599999999983e+01 1.963772199999999884e+03 2.048019999999999982e+03
2.487500000000000000e+01 1.013788031999999717e+01 1.963537663999999950e+03 2.048019999999999982e+03
2.487999999999999901e+01 1.018305935999999967e+01 1.963161172000000079e+03 2.048019999999999982e+03
2.488500000000000156e+01 1.015491503999999878e+01 1.963395708000000013e+03 2.048019999999999982e+03
2.489000000000000057e+01 1.017750455999999915e+01 1.963207462000000078e+03 2.048019999999999982e+03
2.489499999999999957e+01 1.012084559999999911e+01 1.963679619999999886e+03 2.048019999999999982e+03
2.489999999999999858e+01 1.012084559999999911e+01 1.963679619999999886e+03 2.048019999999999982e+03
2.490500000000000114e+01 1.010973599999999983e+01 1.963772199999999884e+03 2.048019999999999982e+03
2.491000000000000014e+01 1.013232552000000020e+01 1.963583953999999949e+03 2.048019999999999982e+03
2.491499999999999915e+01 1.012677071999999967e+01 1.963630243999999948e+03 2.048019999999999982e+03
2.492000000000000171e+01 1.013788031999999717e+01 1.963537663999999950e+03 2.048019999999999982e+03
2.492500000000000071e+01 1.018898447999999846e+01 1.963111795999999913e+03 2.048019999999999982e+03
2.492999999999999972e+01 1.021157399999999882e+01 1.962923549999999977e+03 2.048019999999999982e+03
2.493499999999999872e+01 1.008714647999999947e+01 1.963960446000000047e+03 2.048019999999999982e+03
2.494000000000000128e+01 1.014343511999999770e+01 1.963491373999999951e+03 2.048019999999999982e+03
2.494500000000000028e+01 1.017750455999999915e+01 1.963207462000000078e+03 2.048019999999999982e+03
2.494999999999999929e+01 1.010418119999999931e+01 1.963818489999999883e+03 2.048019999999999982e+03
2.495500000000000185e+01 1.014343511999999770e+01 1.963491373999999951e+03 2.048019999999999982e+03
2.496000000000000085e+01 1.022268359999999987e+01 1.962830969999999979e+03 2.048019999999999982e+03
2.496499999999999986e+01 1.013788031999999717e+01 1.963537663999999950e+03 2.048019999999999982e+03
2.496999999999999886e+01 1.014936023999999826e+01 1.963441998000000012e+03 2.048019999999999982e+03
2.497500000000000142e+01 1.011529079999999858e+01 1.963725909999999885e+03 2.048019999999999982e+03
2.498000000000000043e+01 1.015491503999999878e+01 1.963395708000000013e+03 2.048019999999999982e+03
2.498499999999999943e+01 1.012677071999999967e+01 1.963630243999999948e+03 2.048019999999999982e+03
2.499000000000000199e+01 1.017194975999999862e+01 1.963253752000000077e+03 2.048019999999999982e+03
2.499500000000000099e+01 1.015491503999999878e+01 1.963395708000000013e+03 2.048019999999999982e+03
2.500000000000000000e+01 1.010973599999999983e+01 1.963772199999999884e+03 2.048019999999999982e+03
