0.000000000000000000e+00 1.906666583999999887e+01 2.066005617999999686e+03 2.224894499999999880e+03
4.999999999999893419e-03 1.888002455999999896e+01 2.067560962000000018e+03 2.224894499999999880e+03
9.999999999999786837e-03 1.865412935999999888e+01 2.069443421999999828e+03 2.224894499999999880e+03
1.499999999999968026e-02 1.858636080000000135e+01 2.070008159999999862e+03 2.224894499999999880e+03
2.000000000000001776e-02 1.845637848000000147e+01 2.071091345999999703e+03 2.224894499999999880e+03
2.499999999999991118e-02 1.833750575999999910e+01 2.072081952000000001e+03 2.224894499999999880e+03
2.999999999999980460e-02 1.822455815999999729e+01 2.073023181999999906e+03 2.224894499999999880e+03
3.499999999999969802e-02 1.814567999999999870e+01 2.073680499999999938e+03 2.224894499999999880e+03
4.000000000000003553e-02 1.800977255999999471e+01 2.074813061999999718e+03 2.224894499999999880e+03
4.499999999999992895e-02 1.793089439999999612e+01 2.075470379999999750e+03 2.224894499999999880e+03
4.999999999999982236e-02 1.778943215999999694e+01 2.076649231999999756e+03 2.224894499999999880e+03
5.499999999999971578e-02 1.776684264000000013e+01 2.076837477999999919e+03 2.224894499999999880e+03
6.000000000000005329e-02 1.773314351999999872e+01 2.077118304000000080e+03 2.224894499999999880e+03
6.499999999999994671e-02 1.767092975999999638e+01 2.077636751999999888e+03 2.224894499999999880e+03
6.999999999999984013e-02 1.759168127999999953e+01 2.078297156000000086e+03 2.224894499999999880e+03
7.499999999999973355e-02 1.751835791999999969e+01 2.078908183999999892e+03 2.224894499999999880e+03
7.999999999999962697e-02 1.743355464000000055e+01 2.079614877999999862e+03 2.224894499999999880e+03
8.499999999999952038e-02 1.744466424000000160e+01 2.079522297999999864e+03 2.224894499999999880e+03
8.999999999999941380e-02 1.741651991999999893e+01 2.079756833999999799e+03 2.224894499999999880e+03
9.500000000000019540e-02 1.737689568000000051e+01 2.080087035999999898e+03 2.224894499999999880e+03
1.000000000000000888e-01 1.733727143999999498e+01 2.080417237999999998e+03 2.224894499999999880e+03
1.049999999999999822e-01 1.720173431999999636e+01 2.081546714000000065e+03 2.224894499999999880e+03
1.099999999999998757e-01 1.720173431999999636e+01 2.081546714000000065e+03 2.224894499999999880e+03
1.149999999999997691e-01 1.717359000000000080e+01 2.081781250000000000e+03 2.224894499999999880e+03
1.199999999999996625e-01 1.710026663999999741e+01 2.082392277999999806e+03 2.224894499999999880e+03
1.249999999999995559e-01 1.704916247999999968e+01 2.082818146000000070e+03 2.224894499999999880e+03
1.299999999999994493e-01 1.704360767999999737e+01 2.082864435999999841e+03 2.224894499999999880e+03
1.350000000000002309e-01 1.698694871999999734e+01 2.083336593999999877e+03 2.224894499999999880e+03
1.400000000000001243e-01 1.694769479999999717e+01 2.083663709999999810e+03 2.224894499999999880e+03
1.450000000000000178e-01 1.692473495999999855e+01 2.083855041999999685e+03 2.224894499999999880e+03
1.499999999999999112e-01 1.687955591999999783e+01 2.084231534000000011e+03 2.224894499999999880e+03
1.549999999999998046e-01 1.677808823999999888e+01 2.085077097999999751e+03 2.224894499999999880e+03
1.599999999999996980e-01 1.678364303999999763e+01 2.085030807999999979e+03 2.224894499999999880e+03
1.649999999999995914e-01 1.684585679999999641e+01 2.084512359999999717e+03 2.224894499999999880e+03
1.699999999999994849e-01 1.677808823999999888e+01 2.085077097999999751e+03 2.224894499999999880e+03
1.750000000000002665e-01 1.665366071999999775e+01 2.086113993999999821e+03 2.224894499999999880e+03
1.800000000000001599e-01 1.665366071999999775e+01 2.086113993999999821e+03 2.224894499999999880e+03
1.850000000000000533e-01 1.660848167999999703e+01 2.086490485999999692e+03 2.224894499999999880e+03
1.899999999999999467e-01 1.667625023999999812e+01 2.085925747999999658e+03 2.224894499999999880e+03
1.949999999999998401e-01 1.659144695999999897e+01 2.086632442000000083e+03 2.224894499999999880e+03
1.999999999999997335e-01 1.660292687999999828e+01 2.086536775999999918e+03 2.224894499999999880e+03
2.049999999999996270e-01 1.656885743999999860e+01 2.086820687999999791e+03 2.224894499999999880e+03
2.099999999999995204e-01 1.651812359999999913e+01 2.087243469999999888e+03 2.224894499999999880e+03
2.149999999999994138e-01 1.645590983999999679e+01 2.087761917999999696e+03 2.224894499999999880e+03
2.200000000000001954e-01 1.647294455999999840e+01 2.087619961999999759e+03 2.224894499999999880e+03
2.250000000000000888e-01 1.639369607999999801e+01 2.088280365999999958e+03 2.224894499999999880e+03
2.299999999999999822e-01 1.638258647999999695e+01 2.088372945999999956e+03 2.224894499999999880e+03
2.349999999999998757e-01 1.635407183999999958e+01 2.088610568000000058e+03 2.224894499999999880e+03
2.399999999999997691e-01 1.637110655999999764e+01 2.088468611999999666e+03 2.224894499999999880e+03
2.449999999999996625e-01 1.638814127999999926e+01 2.088326655999999730e+03 2.224894499999999880e+03
2.499999999999995559e-01 1.629185807999999724e+01 2.089129015999999865e+03 2.224894499999999880e+03
2.549999999999994493e-01 1.622408951999999971e+01 2.089693753999999899e+03 2.224894499999999880e+03
2.600000000000002309e-01 1.615076615999999632e+01 2.090304781999999705e+03 2.224894499999999880e+03
2.650000000000001243e-01 1.622408951999999971e+01 2.089693753999999899e+03 2.224894499999999880e+03
2.700000000000000178e-01 1.619039039999999829e+01 2.089974580000000060e+03 2.224894499999999880e+03
2.749999999999999112e-01 1.617891047999999898e+01 2.090070245999999770e+03 2.224894499999999880e+03
2.799999999999998046e-01 1.619039039999999829e+01 2.089974580000000060e+03 2.224894499999999880e+03
2.849999999999996980e-01 1.611114191999999790e+01 2.090634983999999804e+03 2.224894499999999880e+03
2.899999999999995914e-01 1.610558711999999915e+01 2.090681274000000030e+03 2.224894499999999880e+03
2.949999999999994849e-01 1.606040807999999842e+01 2.091057765999999901e+03 2.224894499999999880e+03
3.000000000000002665e-01 1.600930392000000069e+01 2.091483633999999711e+03 2.224894499999999880e+03
3.050000000000001599e-01 1.598115959999999980e+01 2.091718170000000100e+03 2.224894499999999880e+03
3.100000000000000533e-01 1.594709016000000013e+01 2.092002081999999973e+03 2.224894499999999880e+03
3.149999999999999467e-01 1.594153536000000138e+01 2.092048371999999745e+03 2.224894499999999880e+03
3.199999999999998401e-01 1.594153536000000138e+01 2.092048371999999745e+03 2.224894499999999880e+03
3.249999999999997335e-01 1.592450064000000154e+01 2.092190327999999681e+03 2.224894499999999880e+03
3.299999999999996270e-01 1.589635632000000065e+01 2.092424864000000071e+03 2.224894499999999880e+03
3.349999999999995204e-01 1.590783623999999818e+01 2.092329197999999906e+03 2.224894499999999880e+03
3.399999999999994138e-01 1.584562248000000118e+01 2.092847645999999713e+03 2.224894499999999880e+03
3.450000000000001954e-01 1.587376680000000206e+01 2.092613109999999779e+03 2.224894499999999880e+03
3.500000000000000888e-01 1.582858776000000134e+01 2.092989601999999650e+03 2.224894499999999880e+03
3.549999999999999822e-01 1.580599823999999920e+01 2.093177847999999813e+03 2.224894499999999880e+03
3.599999999999998757e-01 1.580044344000000045e+01 2.093224138000000039e+03 2.224894499999999880e+03
3.649999999999997691e-01 1.580599823999999920e+01 2.093177847999999813e+03 2.224894499999999880e+03
3.699999999999996625e-01 1.578896351999999936e+01 2.093319803999999749e+03 2.224894499999999880e+03
3.749999999999995559e-01 1.576081920000000203e+01 2.093554339999999684e+03 2.224894499999999880e+03
3.799999999999994493e-01 1.569305063999999916e+01 2.094119077999999718e+03 2.224894499999999880e+03
3.850000000000002309e-01 1.563639168000000090e+01 2.094591235999999753e+03 2.224894499999999880e+03
3.900000000000001243e-01 1.565342640000000074e+01 2.094449279999999817e+03 2.224894499999999880e+03
3.950000000000000178e-01 1.557417792000000034e+01 2.095109684000000016e+03 2.224894499999999880e+03
3.999999999999999112e-01 1.567046112000000058e+01 2.094307323999999880e+03 2.224894499999999880e+03
4.049999999999998046e-01 1.567046112000000058e+01 2.094307323999999880e+03 2.224894499999999880e+03
4.099999999999996980e-01 1.562528207999999985e+01 2.094683815999999752e+03 2.224894499999999880e+03
4.149999999999995914e-01 1.559676744000000248e+01 2.094921437999999853e+03 2.224894499999999880e+03
4.199999999999994849e-01 1.561935696000000107e+01 2.094733191999999690e+03 2.224894499999999880e+03
4.250000000000002665e-01 1.557417792000000034e+01 2.095109684000000016e+03 2.224894499999999880e+03
4.300000000000001599e-01 1.552344408000000087e+01 2.095532465999999658e+03 2.224894499999999880e+03
4.350000000000000533e-01 1.549529975999999998e+01 2.095767002000000048e+03 2.224894499999999880e+03
4.399999999999999467e-01 1.550640936000000103e+01 2.095674422000000050e+03 2.224894499999999880e+03
4.449999999999998401e-01 1.548381984000000244e+01 2.095862667999999758e+03 2.224894499999999880e+03
4.499999999999997335e-01 1.545012071999999925e+01 2.096143493999999919e+03 2.224894499999999880e+03
4.549999999999996270e-01 1.536531744000000010e+01 2.096850187999999889e+03 2.224894499999999880e+03
4.599999999999995204e-01 1.543864080000000172e+01 2.096239160000000084e+03 2.224894499999999880e+03
4.649999999999994138e-01 1.535939232000000132e+01 2.096899563999999828e+03 2.224894499999999880e+03
4.700000000000001954e-01 1.542753120000000067e+01 2.096331740000000082e+03 2.224894499999999880e+03
4.750000000000000888e-01 1.539901656000000152e+01 2.096569361999999728e+03 2.224894499999999880e+03
4.799999999999999822e-01 1.534272792000000152e+01 2.097038434000000052e+03 2.224894499999999880e+03
4.849999999999998757e-01 1.530310368000000132e+01 2.097368635999999697e+03 2.224894499999999880e+03
4.899999999999997691e-01 1.530310368000000132e+01 2.097368635999999697e+03 2.224894499999999880e+03
4.949999999999996625e-01 1.530310368000000132e+01 2.097368635999999697e+03 2.224894499999999880e+03
4.999999999999995559e-01 1.535939232000000132e+01 2.096899563999999828e+03 2.224894499999999880e+03
5.049999999999994493e-01 1.533124800000000221e+01 2.097134099999999762e+03 2.224894499999999880e+03
5.100000000000002309e-01 1.527495936000000043e+01 2.097603172000000086e+03 2.224894499999999880e+03
5.150000000000001243e-01 1.529162375999999846e+01 2.097464301999999861e+03 2.224894499999999880e+03
5.200000000000000178e-01 1.526347944000000112e+01 2.097698837999999796e+03 2.224894499999999880e+03
5.249999999999999112e-01 1.527495936000000043e+01 2.097603172000000086e+03 2.224894499999999880e+03
5.299999999999998046e-01 1.522385519999999914e+01 2.098029039999999895e+03 2.224894499999999880e+03
5.349999999999996980e-01 1.519015608000000128e+01 2.098309866000000056e+03 2.224894499999999880e+03
5.399999999999995914e-01 1.516164143999999858e+01 2.098547487999999703e+03 2.224894499999999880e+03
5.449999999999994849e-01 1.520682047999999931e+01 2.098170995999999832e+03 2.224894499999999880e+03
5.500000000000002665e-01 1.517312136000000145e+01 2.098451821999999993e+03 2.224894499999999880e+03
5.550000000000001599e-01 1.519571088000000181e+01 2.098263575999999830e+03 2.224894499999999880e+03
5.600000000000000533e-01 1.513905191999999822e+01 2.098735733999999866e+03 2.224894499999999880e+03
5.649999999999999467e-01 1.512238752000000019e+01 2.098874604000000090e+03 2.224894499999999880e+03
5.699999999999998401e-01 1.509387287999999927e+01 2.099112225999999737e+03 2.224894499999999880e+03
5.749999999999997335e-01 1.511646239999999786e+01 2.098923980000000029e+03 2.224894499999999880e+03
5.799999999999996270e-01 1.505424863999999907e+01 2.099442427999999836e+03 2.224894499999999880e+03
5.849999999999995204e-01 1.511090759999999911e+01 2.098970269999999800e+03 2.224894499999999880e+03
5.899999999999994138e-01 1.506572855999999838e+01 2.099346761999999671e+03 2.224894499999999880e+03
5.950000000000001954e-01 1.508831807999999874e+01 2.099158515999999963e+03 2.224894499999999880e+03
6.000000000000000888e-01 1.507128335999999891e+01 2.099300471999999900e+03 2.224894499999999880e+03
6.049999999999999822e-01 1.504869383999999854e+01 2.099488718000000063e+03 2.224894499999999880e+03
6.099999999999998757e-01 1.497537047999999871e+01 2.100099745999999868e+03 2.224894499999999880e+03
6.149999999999997691e-01 1.499795999999999907e+01 2.099911499999999705e+03 2.224894499999999880e+03
6.199999999999996625e-01 1.502610431999999818e+01 2.099676963999999771e+03 2.224894499999999880e+03
6.249999999999995559e-01 1.499795999999999907e+01 2.099911499999999705e+03 2.224894499999999880e+03
6.299999999999994493e-01 1.500351479999999782e+01 2.099865209999999934e+03 2.224894499999999880e+03
6.350000000000002309e-01 1.497537047999999871e+01 2.100099745999999868e+03 2.224894499999999880e+03
6.400000000000001243e-01 1.493574623999999851e+01 2.100429947999999968e+03 2.224894499999999880e+03
6.450000000000000178e-01 1.495278095999999834e+01 2.100287992000000031e+03 2.224894499999999880e+03
6.499999999999999112e-01 1.491871151999999867e+01 2.100571903999999904e+03 2.224894499999999880e+03
6.549999999999998046e-01 1.491315671999999815e+01 2.100618193999999676e+03 2.224894499999999880e+03
6.599999999999996980e-01 1.492426631999999920e+01 2.100525613999999678e+03 2.224894499999999880e+03
6.649999999999995914e-01 1.494685583999999956e+01 2.100337367999999969e+03 2.224894499999999880e+03
6.699999999999994849e-01 1.488501239999999903e+01 2.100852730000000065e+03 2.224894499999999880e+03
6.750000000000002665e-01 1.486797767999999920e+01 2.100994686000000002e+03 2.224894499999999880e+03
6.800000000000001599e-01 1.486242287999999867e+01 2.101040975999999773e+03 2.224894499999999880e+03
6.850000000000000533e-01 1.487908727999999847e+01 2.100902106000000003e+03 2.224894499999999880e+03
6.899999999999999467e-01 1.479428399999999932e+01 2.101608799999999974e+03 2.224894499999999880e+03
6.949999999999998401e-01 1.478872919999999880e+01 2.101655089999999745e+03 2.224894499999999880e+03
6.999999999999997335e-01 1.473244055999999880e+01 2.102124162000000069e+03 2.224894499999999880e+03
7.049999999999996270e-01 1.478872919999999880e+01 2.101655089999999745e+03 2.224894499999999880e+03
7.099999999999995204e-01 1.473799535999999932e+01 2.102077871999999843e+03 2.224894499999999880e+03
7.149999999999994138e-01 1.469281631999999860e+01 2.102454363999999714e+03 2.224894499999999880e+03
7.200000000000001954e-01 1.472651544000000001e+01 2.102173538000000008e+03 2.224894499999999880e+03
7.250000000000000888e-01 1.476058487999999791e+01 2.101889625999999680e+03 2.224894499999999880e+03
7.299999999999999822e-01 1.468726151999999807e+01 2.102500653999999940e+03 2.224894499999999880e+03
7.349999999999998757e-01 1.474910495999999860e+01 2.101985291999999845e+03 2.224894499999999880e+03
7.399999999999997691e-01 1.476058487999999791e+01 2.101889625999999680e+03 2.224894499999999880e+03
7.449999999999996625e-01 1.465319207999999840e+01 2.102784565999999813e+03 2.224894499999999880e+03
7.499999999999995559e-01 1.469837111999999912e+01 2.102408073999999942e+03 2.224894499999999880e+03
7.549999999999994493e-01 1.469281631999999860e+01 2.102454363999999714e+03 2.224894499999999880e+03
7.600000000000002309e-01 1.465319207999999840e+01 2.102784565999999813e+03 2.224894499999999880e+03
7.650000000000001243e-01 1.465874687999999892e+01 2.102738276000000042e+03 2.224894499999999880e+03
7.700000000000000178e-01 1.468133639999999929e+01 2.102550029999999879e+03 2.224894499999999880e+03
7.749999999999999112e-01 1.468133639999999929e+01 2.102550029999999879e+03 2.224894499999999880e+03
7.799999999999998046e-01 1.460801303999999945e+01 2.103161057999999684e+03 2.224894499999999880e+03
7.849999999999996980e-01 1.465874687999999892e+01 2.102738276000000042e+03 2.224894499999999880e+03
7.899999999999995914e-01 1.456283399999999872e+01 2.103537550000000010e+03 2.224894499999999880e+03
7.949999999999994849e-01 1.461356783999999998e+01 2.103114767999999913e+03 2.224894499999999880e+03
8.000000000000002665e-01 1.462504775999999929e+01 2.103019101999999748e+03 2.224894499999999880e+03
8.050000000000001599e-01 1.459653311999999836e+01 2.103256723999999849e+03 2.224894499999999880e+03
8.100000000000000533e-01 1.461356783999999998e+01 2.103114767999999913e+03 2.224894499999999880e+03
8.149999999999999467e-01 1.457986871999999856e+01 2.103395594000000074e+03 2.224894499999999880e+03
8.199999999999998401e-01 1.453431935999999780e+01 2.103775172000000111e+03 2.224894499999999880e+03
8.249999999999997335e-01 1.461912263999999873e+01 2.103068477999999686e+03 2.224894499999999880e+03
8.299999999999996270e-01 1.460245823999999892e+01 2.103207347999999911e+03 2.224894499999999880e+03
8.349999999999995204e-01 1.456283399999999872e+01 2.103537550000000010e+03 2.224894499999999880e+03
8.399999999999994138e-01 1.452320975999999852e+01 2.103867752000000110e+03 2.224894499999999880e+03
8.450000000000001954e-01 1.450062023999999994e+01 2.104055997999999818e+03 2.224894499999999880e+03
8.500000000000000888e-01 1.444988639999999869e+01 2.104478779999999915e+03 2.224894499999999880e+03
8.549999999999999822e-01 1.446655079999999849e+01 2.104339909999999691e+03 2.224894499999999880e+03
8.599999999999998757e-01 1.440470735999999974e+01 2.104855271999999786e+03 2.224894499999999880e+03
8.649999999999997691e-01 1.441581695999999724e+01 2.104762691999999788e+03 2.224894499999999880e+03
8.699999999999996625e-01 1.449506543999999941e+01 2.104102288000000044e+03 2.224894499999999880e+03
8.749999999999995559e-01 1.446099599999999796e+01 2.104386199999999917e+03 2.224894499999999880e+03
8.799999999999994493e-01 1.440470735999999974e+01 2.104855271999999786e+03 2.224894499999999880e+03
8.850000000000002309e-01 1.441581695999999724e+01 2.104762691999999788e+03 2.224894499999999880e+03
8.900000000000001243e-01 1.443840647999999760e+01 2.104574446000000080e+03 2.224894499999999880e+03
8.950000000000000178e-01 1.441581695999999724e+01 2.104762691999999788e+03 2.224894499999999880e+03
8.999999999999999112e-01 1.440470735999999974e+01 2.104855271999999786e+03 2.224894499999999880e+03
9.049999999999998046e-01 1.442137175999999776e+01 2.104716402000000016e+03 2.224894499999999880e+03
9.099999999999996980e-01 1.436508311999999776e+01 2.105185473999999886e+03 2.224894499999999880e+03
9.149999999999995914e-01 1.441026215999999671e+01 2.104808982000000015e+03 2.224894499999999880e+03
9.199999999999994849e-01 1.445544119999999744e+01 2.104432489999999689e+03 2.224894499999999880e+03
9.250000000000002665e-01 1.437619271999999881e+01 2.105092893999999887e+03 2.224894499999999880e+03
9.300000000000001599e-01 1.429138943999999789e+01 2.105799587999999858e+03 2.224894499999999880e+03
9.350000000000000533e-01 1.430286935999999720e+01 2.105703921999999693e+03 2.224894499999999880e+03
9.399999999999999467e-01 1.433656847999999862e+01 2.105423095999999987e+03 2.224894499999999880e+03
9.449999999999998401e-01 1.431990407999999704e+01 2.105561965999999757e+03 2.224894499999999880e+03
9.499999999999997335e-01 1.433656847999999862e+01 2.105423095999999987e+03 2.224894499999999880e+03
9.549999999999996270e-01 1.429138943999999789e+01 2.105799587999999858e+03 2.224894499999999880e+03
9.599999999999995204e-01 1.430842415999999773e+01 2.105657631999999921e+03 2.224894499999999880e+03
9.649999999999994138e-01 1.426879991999999930e+01 2.105987834000000021e+03 2.224894499999999880e+03
9.700000000000001954e-01 1.431397895999999825e+01 2.105611341999999695e+03 2.224894499999999880e+03
9.750000000000000888e-01 1.425176519999999947e+01 2.106129789999999957e+03 2.224894499999999880e+03
9.799999999999999822e-01 1.429731455999999845e+01 2.105750211999999919e+03 2.224894499999999880e+03
9.849999999999998757e-01 1.430842415999999773e+01 2.105657631999999921e+03 2.224894499999999880e+03
9.899999999999997691e-01 1.424065559999999842e+01 2.106222369999999955e+03 2.224894499999999880e+03
9.949999999999996625e-01 1.425769031999999825e+01 2.106080414000000019e+03 2.224894499999999880e+03
9.999999999999995559e-01 1.423510079999999789e+01 2.106268659999999727e+03 2.224894499999999880e+03
1.004999999999999449e+00 1.424621039999999894e+01 2.106176079999999729e+03 2.224894499999999880e+03
1.010000000000000231e+00 1.425176519999999947e+01 2.106129789999999957e+03 2.224894499999999880e+03
1.015000000000000124e+00 1.417288703999999733e+01 2.106787107999999989e+03 2.224894499999999880e+03
1.020000000000000018e+00 1.413326279999999890e+01 2.107117310000000089e+03 2.224894499999999880e+03
1.024999999999999911e+00 1.421806607999999805e+01 2.106410616000000118e+03 2.224894499999999880e+03
1.029999999999999805e+00 1.417844183999999785e+01 2.106740817999999763e+03 2.224894499999999880e+03
1.034999999999999698e+00 1.413326279999999890e+01 2.107117310000000089e+03 2.224894499999999880e+03
1.039999999999999591e+00 1.416140711999999802e+01 2.106882773999999699e+03 2.224894499999999880e+03
1.044999999999999485e+00 1.417288703999999733e+01 2.106787107999999989e+03 2.224894499999999880e+03
1.050000000000000266e+00 1.418399663999999838e+01 2.106694527999999991e+03 2.224894499999999880e+03
1.055000000000000160e+00 1.416140711999999802e+01 2.106882773999999699e+03 2.224894499999999880e+03
1.060000000000000053e+00 1.410511847999999979e+01 2.107351846000000023e+03 2.224894499999999880e+03
1.064999999999999947e+00 1.407660383999999887e+01 2.107589467999999670e+03 2.224894499999999880e+03
1.069999999999999840e+00 1.409363855999999871e+01 2.107447511999999733e+03 2.224894499999999880e+03
1.074999999999999734e+00 1.410511847999999979e+01 2.107351846000000023e+03 2.224894499999999880e+03
1.079999999999999627e+00 1.409363855999999871e+01 2.107447511999999733e+03 2.224894499999999880e+03
1.084999999999999520e+00 1.403734992000000048e+01 2.107916584000000057e+03 2.224894499999999880e+03
1.089999999999999414e+00 1.403142479999999814e+01 2.107965959999999995e+03 2.224894499999999880e+03
1.095000000000000195e+00 1.407104903999999834e+01 2.107635757999999896e+03 2.224894499999999880e+03
1.100000000000000089e+00 1.408252895999999943e+01 2.107540091999999731e+03 2.224894499999999880e+03
1.104999999999999982e+00 1.412215319999999963e+01 2.107209890000000087e+03 2.224894499999999880e+03
1.109999999999999876e+00 1.403734992000000048e+01 2.107916584000000057e+03 2.224894499999999880e+03
1.114999999999999769e+00 1.399772568000000028e+01 2.108246785999999702e+03 2.224894499999999880e+03
1.119999999999999662e+00 1.396921103999999758e+01 2.108484407999999803e+03 2.224894499999999880e+03
1.124999999999999556e+00 1.403142479999999814e+01 2.107965959999999995e+03 2.224894499999999880e+03
1.129999999999999449e+00 1.406549423999999959e+01 2.107682047999999668e+03 2.224894499999999880e+03
1.135000000000000231e+00 1.399217087999999976e+01 2.108293075999999928e+03 2.224894499999999880e+03
1.140000000000000124e+00 1.404290471999999923e+01 2.107870293999999831e+03 2.224894499999999880e+03
1.145000000000000018e+00 1.400328047999999903e+01 2.108200495999999930e+03 2.224894499999999880e+03
1.149999999999999911e+00 1.403142479999999814e+01 2.107965959999999995e+03 2.224894499999999880e+03
1.154999999999999805e+00 1.400883527999999956e+01 2.108154205999999704e+03 2.224894499999999880e+03
1.159999999999999698e+00 1.399217087999999976e+01 2.108293075999999928e+03 2.224894499999999880e+03
1.164999999999999591e+00 1.398069096000000044e+01 2.108388742000000093e+03 2.224894499999999880e+03
1.169999999999999485e+00 1.405401431999999851e+01 2.107777713999999833e+03 2.224894499999999880e+03
1.175000000000000266e+00 1.400883527999999956e+01 2.108154205999999704e+03 2.224894499999999880e+03
1.180000000000000160e+00 1.401476040000000012e+01 2.108104829999999765e+03 2.224894499999999880e+03
1.185000000000000053e+00 1.399217087999999976e+01 2.108293075999999928e+03 2.224894499999999880e+03
1.189999999999999947e+00 1.395254663999999956e+01 2.108623278000000028e+03 2.224894499999999880e+03
1.194999999999999840e+00 1.394662151999999722e+01 2.108672653999999966e+03 2.224894499999999880e+03
1.199999999999999734e+00 1.396921103999999758e+01 2.108484407999999803e+03 2.224894499999999880e+03
1.204999999999999627e+00 1.395254663999999956e+01 2.108623278000000028e+03 2.224894499999999880e+03
1.209999999999999520e+00 1.395254663999999956e+01 2.108623278000000028e+03 2.224894499999999880e+03
1.214999999999999414e+00 1.388477808000000024e+01 2.109188016000000061e+03 2.224894499999999880e+03
1.220000000000000195e+00 1.388477808000000024e+01 2.109188016000000061e+03 2.224894499999999880e+03
1.225000000000000089e+00 1.391847719999999988e+01 2.108907189999999900e+03 2.224894499999999880e+03
1.229999999999999982e+00 1.389033288000000077e+01 2.109141725999999835e+03 2.224894499999999880e+03
1.234999999999999876e+00 1.392403199999999686e+01 2.108860899999999674e+03 2.224894499999999880e+03
1.239999999999999769e+00 1.394106671999999847e+01 2.108718943999999738e+03 2.224894499999999880e+03
1.244999999999999662e+00 1.392403199999999686e+01 2.108860899999999674e+03 2.224894499999999880e+03
1.249999999999999556e+00 1.387885295999999791e+01 2.109237392000000000e+03 2.224894499999999880e+03
1.254999999999999449e+00 1.385626343999999932e+01 2.109425637999999708e+03 2.224894499999999880e+03
1.260000000000000231e+00 1.382811911999999843e+01 2.109660174000000097e+03 2.224894499999999880e+03
1.265000000000000124e+00 1.381108439999999860e+01 2.109802130000000034e+03 2.224894499999999880e+03
1.270000000000000018e+00 1.379997480000000110e+01 2.109894710000000032e+03 2.224894499999999880e+03
1.274999999999999911e+00 1.382811911999999843e+01 2.109660174000000097e+03 2.224894499999999880e+03
1.279999999999999805e+00 1.387329815999999916e+01 2.109283681999999772e+03 2.224894499999999880e+03
1.284999999999999698e+00 1.384515384000000005e+01 2.109518217999999706e+03 2.224894499999999880e+03
1.289999999999999591e+00 1.383367391999999896e+01 2.109613883999999871e+03 2.224894499999999880e+03
1.294999999999999485e+00 1.377738528000000073e+01 2.110082955999999740e+03 2.224894499999999880e+03
1.300000000000000266e+00 1.382256431999999968e+01 2.109706463999999869e+03 2.224894499999999880e+03
1.305000000000000160e+00 1.377146016000000017e+01 2.110132331999999678e+03 2.224894499999999880e+03
1.310000000000000053e+00 1.375479576000000037e+01 2.110271201999999903e+03 2.224894499999999880e+03
1.314999999999999947e+00 1.375479576000000037e+01 2.110271201999999903e+03 2.224894499999999880e+03
1.319999999999999840e+00 1.379404967999999876e+01 2.109944085999999970e+03 2.224894499999999880e+03
1.324999999999999734e+00 1.381108439999999860e+01 2.109802130000000034e+03 2.224894499999999880e+03
1.329999999999999627e+00 1.381108439999999860e+01 2.109802130000000034e+03 2.224894499999999880e+03
1.334999999999999520e+00 1.380552959999999985e+01 2.109848419999999805e+03 2.224894499999999880e+03
1.339999999999999414e+00 1.378294007999999948e+01 2.110036665999999968e+03 2.224894499999999880e+03
1.345000000000000195e+00 1.373776103999999876e+01 2.110413157999999839e+03 2.224894499999999880e+03
1.350000000000000089e+00 1.381108439999999860e+01 2.109802130000000034e+03 2.224894499999999880e+03
1.354999999999999982e+00 1.373776103999999876e+01 2.110413157999999839e+03 2.224894499999999880e+03
1.359999999999999876e+00 1.376035055999999912e+01 2.110224911999999676e+03 2.224894499999999880e+03
1.364999999999999769e+00 1.378849488000000001e+01 2.109990375999999742e+03 2.224894499999999880e+03
1.369999999999999662e+00 1.372072631999999892e+01 2.110555113999999776e+03 2.224894499999999880e+03
1.374999999999999556e+00 1.377146016000000017e+01 2.110132331999999678e+03 2.224894499999999880e+03
1.379999999999999449e+00 1.376035055999999912e+01 2.110224911999999676e+03 2.224894499999999880e+03
1.385000000000000231e+00 1.374331583999999928e+01 2.110366868000000068e+03 2.224894499999999880e+03
1.390000000000000124e+00 1.366999247999999945e+01 2.110977895999999873e+03 2.224894499999999880e+03
1.395000000000000018e+00 1.375479576000000037e+01 2.110271201999999903e+03 2.224894499999999880e+03
1.399999999999999911e+00 1.368665687999999925e+01 2.110839025999999649e+03 2.224894499999999880e+03
1.404999999999999805e+00 1.372628111999999945e+01 2.110508824000000004e+03 2.224894499999999880e+03
1.409999999999999698e+00 1.369258199999999981e+01 2.110789649999999710e+03 2.224894499999999880e+03
1.414999999999999591e+00 1.372628111999999945e+01 2.110508824000000004e+03 2.224894499999999880e+03
1.419999999999999485e+00 1.365851256000000014e+01 2.111073562000000038e+03 2.224894499999999880e+03
1.425000000000000266e+00 1.366999247999999945e+01 2.110977895999999873e+03 2.224894499999999880e+03
1.430000000000000160e+00 1.362481343999999872e+01 2.111354387999999744e+03 2.224894499999999880e+03
1.435000000000000053e+00 1.364740295999999908e+01 2.111166142000000036e+03 2.224894499999999880e+03
1.439999999999999947e+00 1.365851256000000014e+01 2.111073562000000038e+03 2.224894499999999880e+03
1.444999999999999840e+00 1.365851256000000014e+01 2.111073562000000038e+03 2.224894499999999880e+03
1.449999999999999734e+00 1.365851256000000014e+01 2.111073562000000038e+03 2.224894499999999880e+03
1.454999999999999627e+00 1.364147784000000030e+01 2.111215517999999975e+03 2.224894499999999880e+03
1.459999999999999520e+00 1.359074399999999905e+01 2.111638300000000072e+03 2.224894499999999880e+03
1.464999999999999414e+00 1.362481343999999872e+01 2.111354387999999744e+03 2.224894499999999880e+03
1.470000000000000195e+00 1.357963439999999977e+01 2.111730880000000070e+03 2.224894499999999880e+03
1.475000000000000089e+00 1.357963439999999977e+01 2.111730880000000070e+03 2.224894499999999880e+03
1.479999999999999982e+00 1.362481343999999872e+01 2.111354387999999744e+03 2.224894499999999880e+03
1.484999999999999876e+00 1.363036823999999925e+01 2.111308097999999973e+03 2.224894499999999880e+03
1.489999999999999769e+00 1.368665687999999925e+01 2.110839025999999649e+03 2.224894499999999880e+03
1.494999999999999662e+00 1.359074399999999905e+01 2.111638300000000072e+03 2.224894499999999880e+03
1.499999999999999556e+00 1.362481343999999872e+01 2.111354387999999744e+03 2.224894499999999880e+03
1.504999999999999449e+00 1.363592303999999977e+01 2.111261807999999746e+03 2.224894499999999880e+03
1.510000000000000231e+00 1.365851256000000014e+01 2.111073562000000038e+03 2.224894499999999880e+03
1.515000000000000124e+00 1.358518919999999852e+01 2.111684589999999844e+03 2.224894499999999880e+03
1.520000000000000018e+00 1.356259967999999994e+01 2.111872836000000007e+03 2.224894499999999880e+03
1.524999999999999911e+00 1.357963439999999977e+01 2.111730880000000070e+03 2.224894499999999880e+03
1.529999999999999805e+00 1.360777871999999888e+01 2.111496343999999681e+03 2.224894499999999880e+03
1.534999999999999698e+00 1.362481343999999872e+01 2.111354387999999744e+03 2.224894499999999880e+03
1.539999999999999591e+00 1.357370927999999921e+01 2.111780256000000008e+03 2.224894499999999880e+03
1.544999999999999485e+00 1.359074399999999905e+01 2.111638300000000072e+03 2.224894499999999880e+03
1.550000000000000266e+00 1.357370927999999921e+01 2.111780256000000008e+03 2.224894499999999880e+03
1.555000000000000160e+00 1.358518919999999852e+01 2.111684589999999844e+03 2.224894499999999880e+03
1.560000000000000053e+00 1.356259967999999994e+01 2.111872836000000007e+03 2.224894499999999880e+03
1.564999999999999947e+00 1.354001015999999957e+01 2.112061081999999715e+03 2.224894499999999880e+03
1.569999999999999840e+00 1.349483111999999885e+01 2.112437574000000041e+03 2.224894499999999880e+03
1.574999999999999734e+00 1.357370927999999921e+01 2.111780256000000008e+03 2.224894499999999880e+03
1.579999999999999627e+00 1.356259967999999994e+01 2.111872836000000007e+03 2.224894499999999880e+03
1.584999999999999520e+00 1.351149552000000043e+01 2.112298703999999816e+03 2.224894499999999880e+03
1.589999999999999414e+00 1.346076167999999917e+01 2.112721485999999913e+03 2.224894499999999880e+03
1.595000000000000195e+00 1.345520688000000042e+01 2.112767775999999685e+03 2.224894499999999880e+03
1.600000000000000089e+00 1.353408504000000079e+01 2.112110457999999653e+03 2.224894499999999880e+03
1.604999999999999982e+00 1.350594071999999990e+01 2.112344994000000042e+03 2.224894499999999880e+03
1.609999999999999876e+00 1.349483111999999885e+01 2.112437574000000041e+03 2.224894499999999880e+03
1.614999999999999769e+00 1.346076167999999917e+01 2.112721485999999913e+03 2.224894499999999880e+03
1.619999999999999662e+00 1.343261736000000006e+01 2.112956021999999848e+03 2.224894499999999880e+03
1.624999999999999556e+00 1.348335119999999954e+01 2.112533239999999751e+03 2.224894499999999880e+03
1.629999999999999449e+00 1.341558264000000023e+01 2.113097977999999785e+03 2.224894499999999880e+03
1.635000000000000231e+00 1.339299311999999986e+01 2.113286223999999947e+03 2.224894499999999880e+03
1.640000000000000124e+00 1.342706255999999954e+01 2.113002312000000074e+03 2.224894499999999880e+03
1.645000000000000018e+00 1.345520688000000042e+01 2.112767775999999685e+03 2.224894499999999880e+03
1.649999999999999911e+00 1.345520688000000042e+01 2.112767775999999685e+03 2.224894499999999880e+03
1.654999999999999805e+00 1.343817216000000059e+01 2.112909732000000076e+03 2.224894499999999880e+03
1.659999999999999698e+00 1.347224159999999848e+01 2.112625819999999749e+03 2.224894499999999880e+03
1.664999999999999591e+00 1.336484879999999897e+01 2.113520759999999882e+03 2.224894499999999880e+03
1.669999999999999485e+00 1.341002783999999970e+01 2.113144268000000011e+03 2.224894499999999880e+03
1.675000000000000266e+00 1.344965207999999990e+01 2.112814065999999912e+03 2.224894499999999880e+03
1.680000000000000160e+00 1.345520688000000042e+01 2.112767775999999685e+03 2.224894499999999880e+03
1.685000000000000053e+00 1.340410272000000091e+01 2.113193643999999949e+03 2.224894499999999880e+03
1.689999999999999947e+00 1.341558264000000023e+01 2.113097977999999785e+03 2.224894499999999880e+03
1.694999999999999840e+00 1.346631647999999970e+01 2.112675195999999687e+03 2.224894499999999880e+03
1.699999999999999734e+00 1.343261736000000006e+01 2.112956021999999848e+03 2.224894499999999880e+03
1.704999999999999627e+00 1.337595840000000003e+01 2.113428179999999884e+03 2.224894499999999880e+03
1.709999999999999520e+00 1.341558264000000023e+01 2.113097977999999785e+03 2.224894499999999880e+03
1.714999999999999414e+00 1.339854792000000039e+01 2.113239933999999721e+03 2.224894499999999880e+03
1.720000000000000195e+00 1.337595840000000003e+01 2.113428179999999884e+03 2.224894499999999880e+03
1.725000000000000089e+00 1.342706255999999954e+01 2.113002312000000074e+03 2.224894499999999880e+03
1.729999999999999982e+00 1.338151320000000055e+01 2.113381889999999657e+03 2.224894499999999880e+03
1.734999999999999876e+00 1.344372695999999934e+01 2.112863441999999850e+03 2.224894499999999880e+03
1.739999999999999769e+00 1.342706255999999954e+01 2.113002312000000074e+03 2.224894499999999880e+03
1.744999999999999662e+00 1.333633415999999983e+01 2.113758381999999983e+03 2.224894499999999880e+03
1.749999999999999556e+00 1.328004551999999983e+01 2.114227453999999852e+03 2.224894499999999880e+03
1.754999999999999449e+00 1.334225928000000039e+01 2.113709006000000045e+03 2.224894499999999880e+03
1.760000000000000231e+00 1.332522456000000055e+01 2.113850961999999981e+03 2.224894499999999880e+03
1.765000000000000124e+00 1.330263504000000019e+01 2.114039207999999689e+03 2.224894499999999880e+03
1.770000000000000018e+00 1.331966976000000003e+01 2.113897251999999753e+03 2.224894499999999880e+03
1.774999999999999911e+00 1.331374464000000124e+01 2.113946627999999691e+03 2.224894499999999880e+03
1.779999999999999805e+00 1.334781407999999914e+01 2.113662715999999818e+03 2.224894499999999880e+03
1.784999999999999698e+00 1.331966976000000003e+01 2.113897251999999753e+03 2.224894499999999880e+03
1.789999999999999591e+00 1.326856560000000052e+01 2.114323120000000017e+03 2.224894499999999880e+03
1.794999999999999485e+00 1.334225928000000039e+01 2.113709006000000045e+03 2.224894499999999880e+03
1.800000000000000266e+00 1.331374464000000124e+01 2.113946627999999691e+03 2.224894499999999880e+03
1.805000000000000160e+00 1.332522456000000055e+01 2.113850961999999981e+03 2.224894499999999880e+03
1.810000000000000053e+00 1.330263504000000019e+01 2.114039207999999689e+03 2.224894499999999880e+03
1.814999999999999947e+00 1.324597607999999838e+01 2.114511365999999725e+03 2.224894499999999880e+03
1.819999999999999840e+00 1.325745599999999946e+01 2.114415700000000015e+03 2.224894499999999880e+03
1.824999999999999734e+00 1.324042127999999963e+01 2.114557655999999952e+03 2.224894499999999880e+03
1.829999999999999627e+00 1.334225928000000039e+01 2.113709006000000045e+03 2.224894499999999880e+03
1.834999999999999520e+00 1.325745599999999946e+01 2.114415700000000015e+03 2.224894499999999880e+03
1.839999999999999414e+00 1.328560032000000035e+01 2.114181164000000081e+03 2.224894499999999880e+03
1.845000000000000195e+00 1.324042127999999963e+01 2.114557655999999952e+03 2.224894499999999880e+03
1.850000000000000089e+00 1.328004551999999983e+01 2.114227453999999852e+03 2.224894499999999880e+03
1.854999999999999982e+00 1.331374464000000124e+01 2.113946627999999691e+03 2.224894499999999880e+03
1.859999999999999876e+00 1.327449071999999930e+01 2.114273744000000079e+03 2.224894499999999880e+03
1.864999999999999769e+00 1.326856560000000052e+01 2.114323120000000017e+03 2.224894499999999880e+03
1.869999999999999662e+00 1.325745599999999946e+01 2.114415700000000015e+03 2.224894499999999880e+03
1.874999999999999556e+00 1.329708023999999966e+01 2.114085497999999916e+03 2.224894499999999880e+03
1.879999999999999449e+00 1.328004551999999983e+01 2.114227453999999852e+03 2.224894499999999880e+03
1.885000000000000231e+00 1.330818984000000071e+01 2.113992917999999918e+03 2.224894499999999880e+03
1.890000000000000124e+00 1.326301079999999999e+01 2.114369409999999789e+03 2.224894499999999880e+03
1.895000000000000018e+00 1.328560032000000035e+01 2.114181164000000081e+03 2.224894499999999880e+03
1.899999999999999911e+00 1.323486647999999910e+01 2.114603945999999723e+03 2.224894499999999880e+03
1.904999999999999805e+00 1.320635183999999818e+01 2.114841567999999825e+03 2.224894499999999880e+03
1.909999999999999698e+00 1.320079703999999943e+01 2.114887858000000051e+03 2.224894499999999880e+03
1.914999999999999591e+00 1.318376231999999959e+01 2.115029813999999988e+03 2.224894499999999880e+03
1.919999999999999485e+00 1.319524224000000068e+01 2.114934147999999823e+03 2.224894499999999880e+03
1.925000000000000266e+00 1.324042127999999963e+01 2.114557655999999952e+03 2.224894499999999880e+03
1.930000000000000160e+00 1.320635183999999818e+01 2.114841567999999825e+03 2.224894499999999880e+03
1.935000000000000053e+00 1.318968744000000015e+01 2.114980438000000049e+03 2.224894499999999880e+03
1.939999999999999947e+00 1.318968744000000015e+01 2.114980438000000049e+03 2.224894499999999880e+03
1.944999999999999840e+00 1.314450839999999943e+01 2.115356929999999920e+03 2.224894499999999880e+03
1.949999999999999734e+00 1.319524224000000068e+01 2.114934147999999823e+03 2.224894499999999880e+03
1.954999999999999627e+00 1.316709791999999979e+01 2.115168683999999757e+03 2.224894499999999880e+03
1.959999999999999520e+00 1.325153087999999890e+01 2.114465075999999954e+03 2.224894499999999880e+03
1.964999999999999414e+00 1.320635183999999818e+01 2.114841567999999825e+03 2.224894499999999880e+03
1.970000000000000195e+00 1.324042127999999963e+01 2.114557655999999952e+03 2.224894499999999880e+03
1.975000000000000089e+00 1.318968744000000015e+01 2.114980438000000049e+03 2.224894499999999880e+03
1.979999999999999982e+00 1.316709791999999979e+01 2.115168683999999757e+03 2.224894499999999880e+03
1.984999999999999876e+00 1.317265272000000031e+01 2.115122393999999986e+03 2.224894499999999880e+03
1.989999999999999769e+00 1.316709791999999979e+01 2.115168683999999757e+03 2.224894499999999880e+03
1.994999999999999662e+00 1.314450839999999943e+01 2.115356929999999920e+03 2.224894499999999880e+03
1.999999999999999556e+00 1.317820751999999906e+01 2.115076103999999759e+03 2.224894499999999880e+03
2.004999999999999449e+00 1.318376231999999959e+01 2.115029813999999988e+03 2.224894499999999880e+03
2.010000000000000231e+00 1.318968744000000015e+01 2.114980438000000049e+03 2.224894499999999880e+03
2.015000000000000124e+00 1.315561799999999870e+01 2.115264349999999922e+03 2.224894499999999880e+03
2.020000000000000018e+00 1.311043895999999798e+01 2.115640841999999793e+03 2.224894499999999880e+03
2.024999999999999911e+00 1.317820751999999906e+01 2.115076103999999759e+03 2.224894499999999880e+03
2.029999999999999805e+00 1.315561799999999870e+01 2.115264349999999922e+03 2.224894499999999880e+03
2.034999999999999698e+00 1.318968744000000015e+01 2.114980438000000049e+03 2.224894499999999880e+03
2.039999999999999591e+00 1.315561799999999870e+01 2.115264349999999922e+03 2.224894499999999880e+03
2.044999999999999485e+00 1.316709791999999979e+01 2.115168683999999757e+03 2.224894499999999880e+03
2.050000000000000266e+00 1.316709791999999979e+01 2.115168683999999757e+03 2.224894499999999880e+03
2.055000000000000160e+00 1.318376231999999959e+01 2.115029813999999988e+03 2.224894499999999880e+03
2.060000000000000053e+00 1.312154855999999903e+01 2.115548261999999795e+03 2.224894499999999880e+03
2.064999999999999947e+00 1.309895903999999867e+01 2.115736507999999958e+03 2.224894499999999880e+03
2.069999999999999840e+00 1.305970512000000028e+01 2.116063623999999891e+03 2.224894499999999880e+03
2.074999999999999734e+00 1.307636952000000008e+01 2.115924753999999666e+03 2.224894499999999880e+03
2.079999999999999627e+00 1.313858327999999887e+01 2.115406305999999859e+03 2.224894499999999880e+03
2.084999999999999520e+00 1.316117279999999923e+01 2.115218059999999696e+03 2.224894499999999880e+03
2.089999999999999414e+00 1.321783175999999926e+01 2.114745901999999660e+03 2.224894499999999880e+03
2.095000000000000195e+00 1.317820751999999906e+01 2.115076103999999759e+03 2.224894499999999880e+03
2.100000000000000089e+00 1.314450839999999943e+01 2.115356929999999920e+03 2.224894499999999880e+03
2.104999999999999982e+00 1.315006319999999995e+01 2.115310639999999694e+03 2.224894499999999880e+03
2.109999999999999876e+00 1.313858327999999887e+01 2.115406305999999859e+03 2.224894499999999880e+03
2.114999999999999769e+00 1.307081471999999955e+01 2.115971043999999893e+03 2.224894499999999880e+03
2.119999999999999662e+00 1.305970512000000028e+01 2.116063623999999891e+03 2.224894499999999880e+03
2.124999999999999556e+00 1.306525991999999903e+01 2.116017333999999664e+03 2.224894499999999880e+03
2.129999999999999449e+00 1.308784943999999939e+01 2.115829087999999956e+03 2.224894499999999880e+03
2.135000000000000231e+00 1.313302847999999834e+01 2.115452596000000085e+03 2.224894499999999880e+03
2.140000000000000124e+00 1.313302847999999834e+01 2.115452596000000085e+03 2.224894499999999880e+03
2.145000000000000018e+00 1.303119047999999935e+01 2.116301245999999992e+03 2.224894499999999880e+03
2.149999999999999911e+00 1.303711559999999992e+01 2.116251870000000054e+03 2.224894499999999880e+03
2.154999999999999805e+00 1.305970512000000028e+01 2.116063623999999891e+03 2.224894499999999880e+03
2.159999999999999698e+00 1.304267039999999866e+01 2.116205579999999827e+03 2.224894499999999880e+03
2.164999999999999591e+00 1.305970512000000028e+01 2.116063623999999891e+03 2.224894499999999880e+03
2.169999999999999485e+00 1.311043895999999798e+01 2.115640841999999793e+03 2.224894499999999880e+03
2.175000000000000266e+00 1.305970512000000028e+01 2.116063623999999891e+03 2.224894499999999880e+03
2.180000000000000160e+00 1.307636952000000008e+01 2.115924753999999666e+03 2.224894499999999880e+03
2.185000000000000053e+00 1.305970512000000028e+01 2.116063623999999891e+03 2.224894499999999880e+03
2.189999999999999947e+00 1.309895903999999867e+01 2.115736507999999958e+03 2.224894499999999880e+03
2.194999999999999840e+00 1.305970512000000028e+01 2.116063623999999891e+03 2.224894499999999880e+03
2.199999999999999734e+00 1.300860095999999899e+01 2.116489491999999700e+03 2.224894499999999880e+03
2.204999999999999627e+00 1.306525991999999903e+01 2.116017333999999664e+03 2.224894499999999880e+03
2.209999999999999520e+00 1.305377999999999972e+01 2.116112999999999829e+03 2.224894499999999880e+03
2.214999999999999414e+00 1.309340423999999814e+01 2.115782797999999730e+03 2.224894499999999880e+03
2.220000000000000195e+00 1.304822519999999919e+01 2.116159290000000055e+03 2.224894499999999880e+03
2.225000000000000089e+00 1.302008087999999830e+01 2.116393825999999990e+03 2.224894499999999880e+03
2.229999999999999982e+00 1.295231231999999899e+01 2.116958564000000024e+03 2.224894499999999880e+03
2.234999999999999876e+00 1.303711559999999992e+01 2.116251870000000054e+03 2.224894499999999880e+03
2.239999999999999769e+00 1.306525991999999903e+01 2.116017333999999664e+03 2.224894499999999880e+03
2.244999999999999662e+00 1.299193655999999919e+01 2.116628361999999925e+03 2.224894499999999880e+03
2.249999999999999556e+00 1.300860095999999899e+01 2.116489491999999700e+03 2.224894499999999880e+03
2.254999999999999449e+00 1.295786711999999952e+01 2.116912273999999798e+03 2.224894499999999880e+03
2.260000000000000231e+00 1.300860095999999899e+01 2.116489491999999700e+03 2.224894499999999880e+03
2.265000000000000124e+00 1.307081471999999955e+01 2.115971043999999893e+03 2.224894499999999880e+03
2.270000000000000018e+00 1.304822519999999919e+01 2.116159290000000055e+03 2.224894499999999880e+03
2.274999999999999911e+00 1.302563567999999883e+01 2.116347535999999764e+03 2.224894499999999880e+03
2.279999999999999805e+00 1.300860095999999899e+01 2.116489491999999700e+03 2.224894499999999880e+03
2.284999999999999698e+00 1.303711559999999992e+01 2.116251870000000054e+03 2.224894499999999880e+03
2.289999999999999591e+00 1.304822519999999919e+01 2.116159290000000055e+03 2.224894499999999880e+03
2.294999999999999485e+00 1.300860095999999899e+01 2.116489491999999700e+03 2.224894499999999880e+03
2.300000000000000266e+00 1.295786711999999952e+01 2.116912273999999798e+03 2.224894499999999880e+03
2.305000000000000160e+00 1.299749135999999794e+01 2.116582071999999698e+03 2.224894499999999880e+03
2.310000000000000053e+00 1.298045663999999810e+01 2.116724028000000089e+03 2.224894499999999880e+03
2.314999999999999947e+00 1.304822519999999919e+01 2.116159290000000055e+03 2.224894499999999880e+03
2.319999999999999840e+00 1.300304615999999847e+01 2.116535781999999926e+03 2.224894499999999880e+03
2.324999999999999734e+00 1.299193655999999919e+01 2.116628361999999925e+03 2.224894499999999880e+03
2.329999999999999627e+00 1.294638720000000021e+01 2.117007939999999962e+03 2.224894499999999880e+03
2.334999999999999520e+00 1.294638720000000021e+01 2.117007939999999962e+03 2.224894499999999880e+03
2.339999999999999414e+00 1.298045663999999810e+01 2.116724028000000089e+03 2.224894499999999880e+03
2.345000000000000195e+00 1.294083239999999968e+01 2.117054229999999734e+03 2.224894499999999880e+03
2.350000000000000089e+00 1.291268807999999879e+01 2.117288765999999669e+03 2.224894499999999880e+03
2.354999999999999982e+00 1.297490183999999935e+01 2.116770317999999861e+03 2.224894499999999880e+03
2.359999999999999876e+00 1.291824287999999932e+01 2.117242475999999897e+03 2.224894499999999880e+03
2.364999999999999769e+00 1.296342192000000004e+01 2.116865984000000026e+03 2.224894499999999880e+03
2.369999999999999662e+00 1.299193655999999919e+01 2.116628361999999925e+03 2.224894499999999880e+03
2.374999999999999556e+00 1.298601143999999863e+01 2.116677737999999863e+03 2.224894499999999880e+03
2.379999999999999449e+00 1.289009855999999843e+01 2.117477011999999831e+03 2.224894499999999880e+03
2.385000000000000231e+00 1.294083239999999968e+01 2.117054229999999734e+03 2.224894499999999880e+03
2.390000000000000124e+00 1.295786711999999952e+01 2.116912273999999798e+03 2.224894499999999880e+03
2.395000000000000018e+00 1.296897671999999879e+01 2.116819693999999799e+03 2.224894499999999880e+03
2.399999999999999911e+00 1.291268807999999879e+01 2.117288765999999669e+03 2.224894499999999880e+03
2.404999999999999805e+00 1.299193655999999919e+01 2.116628361999999925e+03 2.224894499999999880e+03
2.409999999999999698e+00 1.298601143999999863e+01 2.116677737999999863e+03 2.224894499999999880e+03
2.414999999999999591e+00 1.291268807999999879e+01 2.117288765999999669e+03 2.224894499999999880e+03
2.419999999999999485e+00 1.298601143999999863e+01 2.116677737999999863e+03 2.224894499999999880e+03
2.425000000000000266e+00 1.296342192000000004e+01 2.116865984000000026e+03 2.224894499999999880e+03
2.430000000000000160e+00 1.290120815999999948e+01 2.117384431999999833e+03 2.224894499999999880e+03
2.435000000000000053e+00 1.297490183999999935e+01 2.116770317999999861e+03 2.224894499999999880e+03
2.439999999999999947e+00 1.298045663999999810e+01 2.116724028000000089e+03 2.224894499999999880e+03
2.444999999999999840e+00 1.293527759999999915e+01 2.117100519999999960e+03 2.224894499999999880e+03
2.449999999999999734e+00 1.296897671999999879e+01 2.116819693999999799e+03 2.224894499999999880e+03
2.454999999999999627e+00 1.292972279999999863e+01 2.117146809999999732e+03 2.224894499999999880e+03
2.459999999999999520e+00 1.291824287999999932e+01 2.117242475999999897e+03 2.224894499999999880e+03
2.464999999999999414e+00 1.288454375999999790e+01 2.117523302000000058e+03 2.224894499999999880e+03
2.470000000000000195e+00 1.290120815999999948e+01 2.117384431999999833e+03 2.224894499999999880e+03
2.475000000000000089e+00 1.285602911999999876e+01 2.117760923999999704e+03 2.224894499999999880e+03
2.479999999999999982e+00 1.287861863999999912e+01 2.117572677999999996e+03 2.224894499999999880e+03
2.484999999999999876e+00 1.290713327999999827e+01 2.117335055999999895e+03 2.224894499999999880e+03
2.489999999999999769e+00 1.291824287999999932e+01 2.117242475999999897e+03 2.224894499999999880e+03
2.494999999999999662e+00 1.289009855999999843e+01 2.117477011999999831e+03 2.224894499999999880e+03
2.499999999999999556e+00 1.289565335999999895e+01 2.117430722000000060e+03 2.224894499999999880e+03
2.504999999999999449e+00 1.284491951999999948e+01 2.117853503999999703e+03 2.224894499999999880e+03
2.510000000000000231e+00 1.290120815999999948e+01 2.117384431999999833e+03 2.224894499999999880e+03
2.515000000000000124e+00 1.292972279999999863e+01 2.117146809999999732e+03 2.224894499999999880e+03
2.520000000000000018e+00 1.291824287999999932e+01 2.117242475999999897e+03 2.224894499999999880e+03
2.524999999999999911e+00 1.287861863999999912e+01 2.117572677999999996e+03 2.224894499999999880e+03
2.529999999999999805e+00 1.287861863999999912e+01 2.117572677999999996e+03 2.224894499999999880e+03
2.534999999999999698e+00 1.286195423999999932e+01 2.117711547999999766e+03 2.224894499999999880e+03
2.539999999999999591e+00 1.291824287999999932e+01 2.117242475999999897e+03 2.224894499999999880e+03
2.544999999999999485e+00 1.290120815999999948e+01 2.117384431999999833e+03 2.224894499999999880e+03
2.550000000000000266e+00 1.285047432000000001e+01 2.117807213999999931e+03 2.224894499999999880e+03
2.555000000000000160e+00 1.287306383999999859e+01 2.117618967999999768e+03 2.224894499999999880e+03
2.560000000000000053e+00 1.290713327999999827e+01 2.117335055999999895e+03 2.224894499999999880e+03
2.564999999999999947e+00 1.285047432000000001e+01 2.117807213999999931e+03 2.224894499999999880e+03
2.569999999999999840e+00 1.285047432000000001e+01 2.117807213999999931e+03 2.224894499999999880e+03
2.574999999999999734e+00 1.286195423999999932e+01 2.117711547999999766e+03 2.224894499999999880e+03
2.579999999999999627e+00 1.285602911999999876e+01 2.117760923999999704e+03 2.224894499999999880e+03
2.584999999999999520e+00 1.291268807999999879e+01 2.117288765999999669e+03 2.224894499999999880e+03
2.589999999999999414e+00 1.291824287999999932e+01 2.117242475999999897e+03 2.224894499999999880e+03
2.595000000000000195e+00 1.286195423999999932e+01 2.117711547999999766e+03 2.224894499999999880e+03
2.600000000000000089e+00 1.285047432000000001e+01 2.117807213999999931e+03 2.224894499999999880e+03
2.604999999999999982e+00 1.283899440000000070e+01 2.117902879999999641e+03 2.224894499999999880e+03
2.609999999999999876e+00 1.281085007999999981e+01 2.118137416000000030e+03 2.224894499999999880e+03
2.614999999999999769e+00 1.283343960000000017e+01 2.117949169999999867e+03 2.224894499999999880e+03
2.619999999999999662e+00 1.285602911999999876e+01 2.117760923999999704e+03 2.224894499999999880e+03
2.624999999999999556e+00 1.287861863999999912e+01 2.117572677999999996e+03 2.224894499999999880e+03
2.629999999999999449e+00 1.281640488000000033e+01 2.118091125999999804e+03 2.224894499999999880e+03
2.635000000000000231e+00 1.285047432000000001e+01 2.117807213999999931e+03 2.224894499999999880e+03
2.640000000000000124e+00 1.281640488000000033e+01 2.118091125999999804e+03 2.224894499999999880e+03
2.645000000000000018e+00 1.283899440000000070e+01 2.117902879999999641e+03 2.224894499999999880e+03
2.649999999999999911e+00 1.287306383999999859e+01 2.117618967999999768e+03 2.224894499999999880e+03
2.654999999999999805e+00 1.281085007999999981e+01 2.118137416000000030e+03 2.224894499999999880e+03
2.659999999999999698e+00 1.281085007999999981e+01 2.118137416000000030e+03 2.224894499999999880e+03
2.664999999999999591e+00 1.279381535999999997e+01 2.118279371999999967e+03 2.224894499999999880e+03
2.669999999999999485e+00 1.283343960000000017e+01 2.117949169999999867e+03 2.224894499999999880e+03
2.675000000000000266e+00 1.283343960000000017e+01 2.117949169999999867e+03 2.224894499999999880e+03
2.680000000000000160e+00 1.284491951999999948e+01 2.117853503999999703e+03 2.224894499999999880e+03
2.685000000000000053e+00 1.285602911999999876e+01 2.117760923999999704e+03 2.224894499999999880e+03
2.689999999999999947e+00 1.288454375999999790e+01 2.117523302000000058e+03 2.224894499999999880e+03
2.694999999999999840e+00 1.281640488000000033e+01 2.118091125999999804e+03 2.224894499999999880e+03
2.699999999999999734e+00 1.276011623999999856e+01 2.118560197999999673e+03 2.224894499999999880e+03
2.704999999999999627e+00 1.281085007999999981e+01 2.118137416000000030e+03 2.224894499999999880e+03
2.709999999999999520e+00 1.278270575999999892e+01 2.118371951999999965e+03 2.224894499999999880e+03
2.714999999999999414e+00 1.278270575999999892e+01 2.118371951999999965e+03 2.224894499999999880e+03
2.720000000000000195e+00 1.278826055999999944e+01 2.118325661999999738e+03 2.224894499999999880e+03
2.725000000000000089e+00 1.288454375999999790e+01 2.117523302000000058e+03 2.224894499999999880e+03
2.729999999999999982e+00 1.287861863999999912e+01 2.117572677999999996e+03 2.224894499999999880e+03
2.734999999999999876e+00 1.281640488000000033e+01 2.118091125999999804e+03 2.224894499999999880e+03
2.739999999999999769e+00 1.283899440000000070e+01 2.117902879999999641e+03 2.224894499999999880e+03
2.744999999999999662e+00 1.276567103999999908e+01 2.118513907999999901e+03 2.224894499999999880e+03
2.749999999999999556e+00 1.279381535999999997e+01 2.118279371999999967e+03 2.224894499999999880e+03
2.754999999999999449e+00 1.282232999999999912e+01 2.118041749999999865e+03 2.224894499999999880e+03
2.760000000000000231e+00 1.280529527999999928e+01 2.118183705999999802e+03 2.224894499999999880e+03
2.765000000000000124e+00 1.279974047999999875e+01 2.118229996000000028e+03 2.224894499999999880e+03
2.770000000000000018e+00 1.278270575999999892e+01 2.118371951999999965e+03 2.224894499999999880e+03
2.774999999999999911e+00 1.282232999999999912e+01 2.118041749999999865e+03 2.224894499999999880e+03
2.779999999999999805e+00 1.278826055999999944e+01 2.118325661999999738e+03 2.224894499999999880e+03
2.784999999999999698e+00 1.279381535999999997e+01 2.118279371999999967e+03 2.224894499999999880e+03
2.789999999999999591e+00 1.273752671999999997e+01 2.118748443999999836e+03 2.224894499999999880e+03
2.794999999999999485e+00 1.273752671999999997e+01 2.118748443999999836e+03 2.224894499999999880e+03
2.800000000000000266e+00 1.272604680000000066e+01 2.118844110000000001e+03 2.224894499999999880e+03
2.805000000000000160e+00 1.273752671999999997e+01 2.118748443999999836e+03 2.224894499999999880e+03
2.810000000000000053e+00 1.277715095999999839e+01 2.118418241999999736e+03 2.224894499999999880e+03
2.814999999999999947e+00 1.276011623999999856e+01 2.118560197999999673e+03 2.224894499999999880e+03
2.819999999999999840e+00 1.277122583999999961e+01 2.118467617999999675e+03 2.224894499999999880e+03
2.824999999999999734e+00 1.282232999999999912e+01 2.118041749999999865e+03 2.224894499999999880e+03
2.829999999999999627e+00 1.273752671999999997e+01 2.118748443999999836e+03 2.224894499999999880e+03
2.834999999999999520e+00 1.278270575999999892e+01 2.118371951999999965e+03 2.224894499999999880e+03
2.839999999999999414e+00 1.278826055999999944e+01 2.118325661999999738e+03 2.224894499999999880e+03
2.845000000000000195e+00 1.273752671999999997e+01 2.118748443999999836e+03 2.224894499999999880e+03
2.850000000000000089e+00 1.272604680000000066e+01 2.118844110000000001e+03 2.224894499999999880e+03
2.854999999999999982e+00 1.277715095999999839e+01 2.118418241999999736e+03 2.224894499999999880e+03
2.859999999999999876e+00 1.285047432000000001e+01 2.117807213999999931e+03 2.224894499999999880e+03
2.864999999999999769e+00 1.281085007999999981e+01 2.118137416000000030e+03 2.224894499999999880e+03
2.869999999999999662e+00 1.280529527999999928e+01 2.118183705999999802e+03 2.224894499999999880e+03
2.874999999999999556e+00 1.272604680000000066e+01 2.118844110000000001e+03 2.224894499999999880e+03
2.879999999999999449e+00 1.266383304000000010e+01 2.119362557999999808e+03 2.224894499999999880e+03
2.885000000000000231e+00 1.274863631999999924e+01 2.118655863999999838e+03 2.224894499999999880e+03
2.890000000000000124e+00 1.276011623999999856e+01 2.118560197999999673e+03 2.224894499999999880e+03
2.895000000000000018e+00 1.271493719999999961e+01 2.118936689999999999e+03 2.224894499999999880e+03
2.899999999999999911e+00 1.271493719999999961e+01 2.118936689999999999e+03 2.224894499999999880e+03
2.904999999999999805e+00 1.277715095999999839e+01 2.118418241999999736e+03 2.224894499999999880e+03
2.909999999999999698e+00 1.279381535999999997e+01 2.118279371999999967e+03 2.224894499999999880e+03
2.914999999999999591e+00 1.274863631999999924e+01 2.118655863999999838e+03 2.224894499999999880e+03
2.919999999999999485e+00 1.271493719999999961e+01 2.118936689999999999e+03 2.224894499999999880e+03
2.925000000000000266e+00 1.271493719999999961e+01 2.118936689999999999e+03 2.224894499999999880e+03
2.930000000000000160e+00 1.270938239999999908e+01 2.118982979999999770e+03 2.224894499999999880e+03
2.935000000000000053e+00 1.276567103999999908e+01 2.118513907999999901e+03 2.224894499999999880e+03
2.939999999999999947e+00 1.276011623999999856e+01 2.118560197999999673e+03 2.224894499999999880e+03
2.944999999999999840e+00 1.271493719999999961e+01 2.118936689999999999e+03 2.224894499999999880e+03
2.949999999999999734e+00 1.275456143999999803e+01 2.118606487999999899e+03 2.224894499999999880e+03
2.954999999999999627e+00 1.272049200000000013e+01 2.118890399999999772e+03 2.224894499999999880e+03
2.959999999999999520e+00 1.273752671999999997e+01 2.118748443999999836e+03 2.224894499999999880e+03
2.964999999999999414e+00 1.268642256000000046e+01 2.119174312000000100e+03 2.224894499999999880e+03
2.970000000000000195e+00 1.268086775999999993e+01 2.119220601999999872e+03 2.224894499999999880e+03
2.975000000000000089e+00 1.272604680000000066e+01 2.118844110000000001e+03 2.224894499999999880e+03
2.979999999999999982e+00 1.269790247999999977e+01 2.119078645999999935e+03 2.224894499999999880e+03
2.984999999999999876e+00 1.269790247999999977e+01 2.119078645999999935e+03 2.224894499999999880e+03
2.989999999999999769e+00 1.279381535999999997e+01 2.118279371999999967e+03 2.224894499999999880e+03
2.994999999999999662e+00 1.265272343999999904e+01 2.119455137999999806e+03 2.224894499999999880e+03
2.999999999999999556e+00 1.269234767999999924e+01 2.119124935999999707e+03 2.224894499999999880e+03
3.004999999999999449e+00 1.269790247999999977e+01 2.119078645999999935e+03 2.224894499999999880e+03
3.010000000000000231e+00 1.269234767999999924e+01 2.119124935999999707e+03 2.224894499999999880e+03
3.015000000000000124e+00 1.266975815999999888e+01 2.119313181999999870e+03 2.224894499999999880e+03
3.020000000000000018e+00 1.266975815999999888e+01 2.119313181999999870e+03 2.224894499999999880e+03
3.024999999999999911e+00 1.272049200000000013e+01 2.118890399999999772e+03 2.224894499999999880e+03
3.029999999999999805e+00 1.268086775999999993e+01 2.119220601999999872e+03 2.224894499999999880e+03
3.034999999999999698e+00 1.270345728000000030e+01 2.119032355999999709e+03 2.224894499999999880e+03
3.039999999999999591e+00 1.271493719999999961e+01 2.118936689999999999e+03 2.224894499999999880e+03
3.044999999999999485e+00 1.271493719999999961e+01 2.118936689999999999e+03 2.224894499999999880e+03
3.050000000000000266e+00 1.265272343999999904e+01 2.119455137999999806e+03 2.224894499999999880e+03
3.055000000000000160e+00 1.268642256000000046e+01 2.119174312000000100e+03 2.224894499999999880e+03
3.060000000000000053e+00 1.264716863999999852e+01 2.119501428000000033e+03 2.224894499999999880e+03
3.064999999999999947e+00 1.264716863999999852e+01 2.119501428000000033e+03 2.224894499999999880e+03
3.069999999999999840e+00 1.267531295999999941e+01 2.119266892000000098e+03 2.224894499999999880e+03
3.074999999999999734e+00 1.268086775999999993e+01 2.119220601999999872e+03 2.224894499999999880e+03
3.079999999999999627e+00 1.265272343999999904e+01 2.119455137999999806e+03 2.224894499999999880e+03
3.084999999999999520e+00 1.269790247999999977e+01 2.119078645999999935e+03 2.224894499999999880e+03
3.089999999999999414e+00 1.267531295999999941e+01 2.119266892000000098e+03 2.224894499999999880e+03
3.095000000000000195e+00 1.264716863999999852e+01 2.119501428000000033e+03 2.224894499999999880e+03
3.100000000000000089e+00 1.262457911999999993e+01 2.119689673999999741e+03 2.224894499999999880e+03
3.104999999999999982e+00 1.265827823999999957e+01 2.119408848000000035e+03 2.224894499999999880e+03
3.109999999999999876e+00 1.268086775999999993e+01 2.119220601999999872e+03 2.224894499999999880e+03
3.114999999999999769e+00 1.267531295999999941e+01 2.119266892000000098e+03 2.224894499999999880e+03
3.119999999999999662e+00 1.267531295999999941e+01 2.119266892000000098e+03 2.224894499999999880e+03
3.124999999999999556e+00 1.266383304000000010e+01 2.119362557999999808e+03 2.224894499999999880e+03
3.129999999999999449e+00 1.262457911999999993e+01 2.119689673999999741e+03 2.224894499999999880e+03
3.135000000000000231e+00 1.264716863999999852e+01 2.119501428000000033e+03 2.224894499999999880e+03
3.140000000000000124e+00 1.265827823999999957e+01 2.119408848000000035e+03 2.224894499999999880e+03
3.145000000000000018e+00 1.260754440000000010e+01 2.119831629999999677e+03 2.224894499999999880e+03
3.149999999999999911e+00 1.259050968000000026e+01 2.119973586000000068e+03 2.224894499999999880e+03
3.154999999999999805e+00 1.259606447999999901e+01 2.119927295999999842e+03 2.224894499999999880e+03
3.159999999999999698e+00 1.265272343999999904e+01 2.119455137999999806e+03 2.224894499999999880e+03
3.164999999999999591e+00 1.258495487999999973e+01 2.120019875999999840e+03 2.224894499999999880e+03
3.169999999999999485e+00 1.261865399999999759e+01 2.119739049999999679e+03 2.224894499999999880e+03
3.175000000000000266e+00 1.264124351999999796e+01 2.119550803999999971e+03 2.224894499999999880e+03
3.180000000000000160e+00 1.261865399999999759e+01 2.119739049999999679e+03 2.224894499999999880e+03
3.185000000000000053e+00 1.256792015999999990e+01 2.120161831999999777e+03 2.224894499999999880e+03
3.189999999999999947e+00 1.264124351999999796e+01 2.119550803999999971e+03 2.224894499999999880e+03
3.194999999999999840e+00 1.263013391999999868e+01 2.119643383999999969e+03 2.224894499999999880e+03
3.199999999999999734e+00 1.253385071999999845e+01 2.120445744000000104e+03 2.224894499999999880e+03
3.204999999999999627e+00 1.260754440000000010e+01 2.119831629999999677e+03 2.224894499999999880e+03
3.209999999999999520e+00 1.263013391999999868e+01 2.119643383999999969e+03 2.224894499999999880e+03
3.214999999999999414e+00 1.268086775999999993e+01 2.119220601999999872e+03 2.224894499999999880e+03
3.220000000000000195e+00 1.264716863999999852e+01 2.119501428000000033e+03 2.224894499999999880e+03
3.225000000000000089e+00 1.257347495999999865e+01 2.120115542000000005e+03 2.224894499999999880e+03
3.229999999999999982e+00 1.260754440000000010e+01 2.119831629999999677e+03 2.224894499999999880e+03
3.234999999999999876e+00 1.261865399999999759e+01 2.119739049999999679e+03 2.224894499999999880e+03
3.239999999999999769e+00 1.267531295999999941e+01 2.119266892000000098e+03 2.224894499999999880e+03
3.244999999999999662e+00 1.256792015999999990e+01 2.120161831999999777e+03 2.224894499999999880e+03
3.249999999999999556e+00 1.263013391999999868e+01 2.119643383999999969e+03 2.224894499999999880e+03
3.254999999999999449e+00 1.259606447999999901e+01 2.119927295999999842e+03 2.224894499999999880e+03
3.260000000000000231e+00 1.262457911999999993e+01 2.119689673999999741e+03 2.224894499999999880e+03
3.265000000000000124e+00 1.263013391999999868e+01 2.119643383999999969e+03 2.224894499999999880e+03
3.270000000000000018e+00 1.259050968000000026e+01 2.119973586000000068e+03 2.224894499999999880e+03
3.274999999999999911e+00 1.260198959999999957e+01 2.119877919999999904e+03 2.224894499999999880e+03
3.279999999999999805e+00 1.257940007999999921e+01 2.120066166000000067e+03 2.224894499999999880e+03
3.284999999999999698e+00 1.257347495999999865e+01 2.120115542000000005e+03 2.224894499999999880e+03
3.289999999999999591e+00 1.261865399999999759e+01 2.119739049999999679e+03 2.224894499999999880e+03
3.294999999999999485e+00 1.256792015999999990e+01 2.120161831999999777e+03 2.224894499999999880e+03
3.300000000000000266e+00 1.257940007999999921e+01 2.120066166000000067e+03 2.224894499999999880e+03
3.305000000000000160e+00 1.257347495999999865e+01 2.120115542000000005e+03 2.224894499999999880e+03
3.310000000000000053e+00 1.260198959999999957e+01 2.119877919999999904e+03 2.224894499999999880e+03
3.314999999999999947e+00 1.254533063999999953e+01 2.120350077999999939e+03 2.224894499999999880e+03
3.319999999999999840e+00 1.257347495999999865e+01 2.120115542000000005e+03 2.224894499999999880e+03
3.324999999999999734e+00 1.259050968000000026e+01 2.119973586000000068e+03 2.224894499999999880e+03
3.329999999999999627e+00 1.259050968000000026e+01 2.119973586000000068e+03 2.224894499999999880e+03
3.334999999999999520e+00 1.260754440000000010e+01 2.119831629999999677e+03 2.224894499999999880e+03
3.339999999999999414e+00 1.266383304000000010e+01 2.119362557999999808e+03 2.224894499999999880e+03
3.345000000000000195e+00 1.257347495999999865e+01 2.120115542000000005e+03 2.224894499999999880e+03
3.350000000000000089e+00 1.258495487999999973e+01 2.120019875999999840e+03 2.224894499999999880e+03
3.354999999999999982e+00 1.254533063999999953e+01 2.120350077999999939e+03 2.224894499999999880e+03
3.359999999999999876e+00 1.256792015999999990e+01 2.120161831999999777e+03 2.224894499999999880e+03
3.364999999999999769e+00 1.252274111999999917e+01 2.120538324000000102e+03 2.224894499999999880e+03
3.369999999999999662e+00 1.250570639999999756e+01 2.120680280000000039e+03 2.224894499999999880e+03
3.374999999999999556e+00 1.249459680000000006e+01 2.120772860000000037e+03 2.224894499999999880e+03
3.379999999999999449e+00 1.255088543999999828e+01 2.120303787999999713e+03 2.224894499999999880e+03
3.385000000000000231e+00 1.255088543999999828e+01 2.120303787999999713e+03 2.224894499999999880e+03
3.390000000000000124e+00 1.253385071999999845e+01 2.120445744000000104e+03 2.224894499999999880e+03
3.395000000000000018e+00 1.250015160000000058e+01 2.120726569999999811e+03 2.224894499999999880e+03
3.399999999999999911e+00 1.249459680000000006e+01 2.120772860000000037e+03 2.224894499999999880e+03
3.404999999999999805e+00 1.248867167999999950e+01 2.120822235999999975e+03 2.224894499999999880e+03
3.409999999999999698e+00 1.252274111999999917e+01 2.120538324000000102e+03 2.224894499999999880e+03
3.414999999999999591e+00 1.249459680000000006e+01 2.120772860000000037e+03 2.224894499999999880e+03
3.419999999999999485e+00 1.250015160000000058e+01 2.120726569999999811e+03 2.224894499999999880e+03
3.425000000000000266e+00 1.252829591999999792e+01 2.120492033999999876e+03 2.224894499999999880e+03
3.430000000000000160e+00 1.250570639999999756e+01 2.120680280000000039e+03 2.224894499999999880e+03
3.435000000000000053e+00 1.246608215999999913e+01 2.121010481999999683e+03 2.224894499999999880e+03
3.439999999999999947e+00 1.244349263999999877e+01 2.121198727999999846e+03 2.224894499999999880e+03
3.444999999999999840e+00 1.247200727999999970e+01 2.120961105999999745e+03 2.224894499999999880e+03
3.449999999999999734e+00 1.246608215999999913e+01 2.121010481999999683e+03 2.224894499999999880e+03
3.454999999999999627e+00 1.246052735999999861e+01 2.121056771999999910e+03 2.224894499999999880e+03
3.459999999999999520e+00 1.248867167999999950e+01 2.120822235999999975e+03 2.224894499999999880e+03
3.464999999999999414e+00 1.251718631999999864e+01 2.120584613999999874e+03 2.224894499999999880e+03
3.470000000000000195e+00 1.244941775999999933e+01 2.121149351999999908e+03 2.224894499999999880e+03
3.475000000000000089e+00 1.247200727999999970e+01 2.120961105999999745e+03 2.224894499999999880e+03
3.479999999999999982e+00 1.239275879999999752e+01 2.121621509999999944e+03 2.224894499999999880e+03
3.484999999999999876e+00 1.242682823999999897e+01 2.121337598000000071e+03 2.224894499999999880e+03
3.489999999999999769e+00 1.246052735999999861e+01 2.121056771999999910e+03 2.224894499999999880e+03
3.494999999999999662e+00 1.245497255999999986e+01 2.121103061999999682e+03 2.224894499999999880e+03
3.499999999999999556e+00 1.244941775999999933e+01 2.121149351999999908e+03 2.224894499999999880e+03
3.504999999999999449e+00 1.250015160000000058e+01 2.120726569999999811e+03 2.224894499999999880e+03
3.510000000000000231e+00 1.243238303999999950e+01 2.121291307999999844e+03 2.224894499999999880e+03
3.515000000000000124e+00 1.249459680000000006e+01 2.120772860000000037e+03 2.224894499999999880e+03
3.520000000000000018e+00 1.244941775999999933e+01 2.121149351999999908e+03 2.224894499999999880e+03
3.524999999999999911e+00 1.242090311999999841e+01 2.121386974000000009e+03 2.224894499999999880e+03
3.529999999999999805e+00 1.246608215999999913e+01 2.121010481999999683e+03 2.224894499999999880e+03
3.534999999999999698e+00 1.239831359999999805e+01 2.121575219999999717e+03 2.224894499999999880e+03
3.539999999999999591e+00 1.243238303999999950e+01 2.121291307999999844e+03 2.224894499999999880e+03
3.544999999999999485e+00 1.243238303999999950e+01 2.121291307999999844e+03 2.224894499999999880e+03
3.550000000000000266e+00 1.247756208000000022e+01 2.120914815999999973e+03 2.224894499999999880e+03
3.555000000000000160e+00 1.239831359999999805e+01 2.121575219999999717e+03 2.224894499999999880e+03
3.560000000000000053e+00 1.238127887999999821e+01 2.121717176000000109e+03 2.224894499999999880e+03
3.564999999999999947e+00 1.239831359999999805e+01 2.121575219999999717e+03 2.224894499999999880e+03
3.569999999999999840e+00 1.241534831999999788e+01 2.121433263999999781e+03 2.224894499999999880e+03
3.574999999999999734e+00 1.237016927999999893e+01 2.121809755999999652e+03 2.224894499999999880e+03
3.579999999999999627e+00 1.238127887999999821e+01 2.121717176000000109e+03 2.224894499999999880e+03
3.584999999999999520e+00 1.242090311999999841e+01 2.121386974000000009e+03 2.224894499999999880e+03
3.589999999999999414e+00 1.239831359999999805e+01 2.121575219999999717e+03 2.224894499999999880e+03
3.595000000000000195e+00 1.244349263999999877e+01 2.121198727999999846e+03 2.224894499999999880e+03
3.600000000000000089e+00 1.242682823999999897e+01 2.121337598000000071e+03 2.224894499999999880e+03
3.604999999999999982e+00 1.235868935999999962e+01 2.121905421999999817e+03 2.224894499999999880e+03
3.609999999999999876e+00 1.230240071999999785e+01 2.122374493999999686e+03 2.224894499999999880e+03
3.614999999999999769e+00 1.238720399999999877e+01 2.121667799999999716e+03 2.224894499999999880e+03
3.619999999999999662e+00 1.242682823999999897e+01 2.121337598000000071e+03 2.224894499999999880e+03
3.624999999999999556e+00 1.244941775999999933e+01 2.121149351999999908e+03 2.224894499999999880e+03
3.629999999999999449e+00 1.246052735999999861e+01 2.121056771999999910e+03 2.224894499999999880e+03
3.635000000000000231e+00 1.242090311999999841e+01 2.121386974000000009e+03 2.224894499999999880e+03
3.640000000000000124e+00 1.239275879999999752e+01 2.121621509999999944e+03 2.224894499999999880e+03
3.645000000000000018e+00 1.242682823999999897e+01 2.121337598000000071e+03 2.224894499999999880e+03
3.649999999999999911e+00 1.243238303999999950e+01 2.121291307999999844e+03 2.224894499999999880e+03
3.654999999999999805e+00 1.239831359999999805e+01 2.121575219999999717e+03 2.224894499999999880e+03
3.659999999999999698e+00 1.244941775999999933e+01 2.121149351999999908e+03 2.224894499999999880e+03
3.664999999999999591e+00 1.244349263999999877e+01 2.121198727999999846e+03 2.224894499999999880e+03
3.669999999999999485e+00 1.248311687999999897e+01 2.120868525999999747e+03 2.224894499999999880e+03
3.675000000000000266e+00 1.245497255999999986e+01 2.121103061999999682e+03 2.224894499999999880e+03
3.680000000000000160e+00 1.244941775999999933e+01 2.121149351999999908e+03 2.224894499999999880e+03
3.685000000000000053e+00 1.246052735999999861e+01 2.121056771999999910e+03 2.224894499999999880e+03
3.689999999999999947e+00 1.243238303999999950e+01 2.121291307999999844e+03 2.224894499999999880e+03
3.694999999999999840e+00 1.245497255999999986e+01 2.121103061999999682e+03 2.224894499999999880e+03
3.699999999999999734e+00 1.246608215999999913e+01 2.121010481999999683e+03 2.224894499999999880e+03
3.704999999999999627e+00 1.238720399999999877e+01 2.121667799999999716e+03 2.224894499999999880e+03
3.709999999999999520e+00 1.244349263999999877e+01 2.121198727999999846e+03 2.224894499999999880e+03
3.714999999999999414e+00 1.246608215999999913e+01 2.121010481999999683e+03 2.224894499999999880e+03
3.720000000000000195e+00 1.244941775999999933e+01 2.121149351999999908e+03 2.224894499999999880e+03
3.725000000000000089e+00 1.248311687999999897e+01 2.120868525999999747e+03 2.224894499999999880e+03
3.729999999999999982e+00 1.248311687999999897e+01 2.120868525999999747e+03 2.224894499999999880e+03
3.734999999999999876e+00 1.244349263999999877e+01 2.121198727999999846e+03 2.224894499999999880e+03
3.739999999999999769e+00 1.239831359999999805e+01 2.121575219999999717e+03 2.224894499999999880e+03
3.744999999999999662e+00 1.240386839999999857e+01 2.121528929999999946e+03 2.224894499999999880e+03
3.749999999999999556e+00 1.238127887999999821e+01 2.121717176000000109e+03 2.224894499999999880e+03
3.754999999999999449e+00 1.236461447999999841e+01 2.121856045999999878e+03 2.224894499999999880e+03
3.760000000000000231e+00 1.237016927999999893e+01 2.121809755999999652e+03 2.224894499999999880e+03
3.765000000000000124e+00 1.240979351999999736e+01 2.121479554000000007e+03 2.224894499999999880e+03
3.770000000000000018e+00 1.236461447999999841e+01 2.121856045999999878e+03 2.224894499999999880e+03
3.774999999999999911e+00 1.238127887999999821e+01 2.121717176000000109e+03 2.224894499999999880e+03
3.779999999999999805e+00 1.235868935999999962e+01 2.121905421999999817e+03 2.224894499999999880e+03
3.784999999999999698e+00 1.237016927999999893e+01 2.121809755999999652e+03 2.224894499999999880e+03
3.789999999999999591e+00 1.230240071999999785e+01 2.122374493999999686e+03 2.224894499999999880e+03
3.794999999999999485e+00 1.235313455999999910e+01 2.121951712000000043e+03 2.224894499999999880e+03
3.800000000000000266e+00 1.231943543999999768e+01 2.122232537999999749e+03 2.224894499999999880e+03
3.805000000000000160e+00 1.234202495999999805e+01 2.122044292000000041e+03 2.224894499999999880e+03
3.810000000000000053e+00 1.227388607999999870e+01 2.122612115999999787e+03 2.224894499999999880e+03
3.814999999999999947e+00 1.231943543999999768e+01 2.122232537999999749e+03 2.224894499999999880e+03
3.819999999999999840e+00 1.228536599999999801e+01 2.122516450000000077e+03 2.224894499999999880e+03
3.824999999999999734e+00 1.234202495999999805e+01 2.122044292000000041e+03 2.224894499999999880e+03
3.829999999999999627e+00 1.234202495999999805e+01 2.122044292000000041e+03 2.224894499999999880e+03
3.834999999999999520e+00 1.230795551999999837e+01 2.122328203999999914e+03 2.224894499999999880e+03
3.839999999999999414e+00 1.225129655999999834e+01 2.122800361999999950e+03 2.224894499999999880e+03
3.845000000000000195e+00 1.230240071999999785e+01 2.122374493999999686e+03 2.224894499999999880e+03
3.850000000000000089e+00 1.235313455999999910e+01 2.121951712000000043e+03 2.224894499999999880e+03
3.854999999999999982e+00 1.234202495999999805e+01 2.122044292000000041e+03 2.224894499999999880e+03
3.859999999999999876e+00 1.233054503999999874e+01 2.122139957999999751e+03 2.224894499999999880e+03
3.864999999999999769e+00 1.237572407999999946e+01 2.121763465999999880e+03 2.224894499999999880e+03
3.869999999999999662e+00 1.235313455999999910e+01 2.121951712000000043e+03 2.224894499999999880e+03
3.874999999999999556e+00 1.239275879999999752e+01 2.121621509999999944e+03 2.224894499999999880e+03
3.879999999999999449e+00 1.234757975999999857e+01 2.121998001999999815e+03 2.224894499999999880e+03
3.885000000000000231e+00 1.230795551999999837e+01 2.122328203999999914e+03 2.224894499999999880e+03
3.890000000000000124e+00 1.231943543999999768e+01 2.122232537999999749e+03 2.224894499999999880e+03
3.895000000000000018e+00 1.223463215999999854e+01 2.122939231999999720e+03 2.224894499999999880e+03
3.899999999999999911e+00 1.233609983999999926e+01 2.122093667999999980e+03 2.224894499999999880e+03
3.904999999999999805e+00 1.232499023999999821e+01 2.122186247999999978e+03 2.224894499999999880e+03
3.909999999999999698e+00 1.233054503999999874e+01 2.122139957999999751e+03 2.224894499999999880e+03
3.914999999999999591e+00 1.234202495999999805e+01 2.122044292000000041e+03 2.224894499999999880e+03
3.919999999999999485e+00 1.230240071999999785e+01 2.122374493999999686e+03 2.224894499999999880e+03
3.925000000000000266e+00 1.226833127999999817e+01 2.122658406000000014e+03 2.224894499999999880e+03
3.930000000000000160e+00 1.227388607999999870e+01 2.122612115999999787e+03 2.224894499999999880e+03
3.935000000000000053e+00 1.227981119999999748e+01 2.122562739999999849e+03 2.224894499999999880e+03
3.939999999999999947e+00 1.220056271999999886e+01 2.123223144000000048e+03 2.224894499999999880e+03
3.944999999999999840e+00 1.217797319999999850e+01 2.123411389999999756e+03 2.224894499999999880e+03
3.949999999999999734e+00 1.224018695999999906e+01 2.122892941999999948e+03 2.224894499999999880e+03
3.954999999999999627e+00 1.232499023999999821e+01 2.122186247999999978e+03 2.224894499999999880e+03
3.959999999999999520e+00 1.230795551999999837e+01 2.122328203999999914e+03 2.224894499999999880e+03
3.964999999999999414e+00 1.228536599999999801e+01 2.122516450000000077e+03 2.224894499999999880e+03
3.970000000000000195e+00 1.229092079999999854e+01 2.122470159999999851e+03 2.224894499999999880e+03
3.975000000000000089e+00 1.226277647999999942e+01 2.122704695999999785e+03 2.224894499999999880e+03
3.979999999999999982e+00 1.236461447999999841e+01 2.121856045999999878e+03 2.224894499999999880e+03
3.984999999999999876e+00 1.240386839999999857e+01 2.121528929999999946e+03 2.224894499999999880e+03
3.989999999999999769e+00 1.237572407999999946e+01 2.121763465999999880e+03 2.224894499999999880e+03
3.994999999999999662e+00 1.236461447999999841e+01 2.121856045999999878e+03 2.224894499999999880e+03
3.999999999999999556e+00 1.238720399999999877e+01 2.121667799999999716e+03 2.224894499999999880e+03
4.004999999999999005e+00 1.238127887999999821e+01 2.121717176000000109e+03 2.224894499999999880e+03
4.009999999999999787e+00 1.233054503999999874e+01 2.122139957999999751e+03 2.224894499999999880e+03
4.015000000000000568e+00 1.237016927999999893e+01 2.121809755999999652e+03 2.224894499999999880e+03
4.019999999999999574e+00 1.235313455999999910e+01 2.121951712000000043e+03 2.224894499999999880e+03
4.025000000000000355e+00 1.227388607999999870e+01 2.122612115999999787e+03 2.224894499999999880e+03
4.029999999999999361e+00 1.235868935999999962e+01 2.121905421999999817e+03 2.224894499999999880e+03
4.035000000000000142e+00 1.242090311999999841e+01 2.121386974000000009e+03 2.224894499999999880e+03
4.039999999999999147e+00 1.235868935999999962e+01 2.121905421999999817e+03 2.224894499999999880e+03
4.044999999999999929e+00 1.235313455999999910e+01 2.121951712000000043e+03 2.224894499999999880e+03
4.050000000000000711e+00 1.230240071999999785e+01 2.122374493999999686e+03 2.224894499999999880e+03
4.054999999999999716e+00 1.231943543999999768e+01 2.122232537999999749e+03 2.224894499999999880e+03
4.060000000000000497e+00 1.234202495999999805e+01 2.122044292000000041e+03 2.224894499999999880e+03
4.064999999999999503e+00 1.233054503999999874e+01 2.122139957999999751e+03 2.224894499999999880e+03
4.070000000000000284e+00 1.228536599999999801e+01 2.122516450000000077e+03 2.224894499999999880e+03
4.075000000000001066e+00 1.229092079999999854e+01 2.122470159999999851e+03 2.224894499999999880e+03
4.080000000000000071e+00 1.231351031999999890e+01 2.122281913999999688e+03 2.224894499999999880e+03
4.085000000000000853e+00 1.230795551999999837e+01 2.122328203999999914e+03 2.224894499999999880e+03
4.089999999999999858e+00 1.221759743999999870e+01 2.123081188000000111e+03 2.224894499999999880e+03
4.095000000000000639e+00 1.227981119999999748e+01 2.122562739999999849e+03 2.224894499999999880e+03
4.099999999999999645e+00 1.224574175999999959e+01 2.122846651999999722e+03 2.224894499999999880e+03
4.105000000000000426e+00 1.224574175999999959e+01 2.122846651999999722e+03 2.224894499999999880e+03
4.109999999999999432e+00 1.226833127999999817e+01 2.122658406000000014e+03 2.224894499999999880e+03
4.115000000000000213e+00 1.224018695999999906e+01 2.122892941999999948e+03 2.224894499999999880e+03
4.120000000000000995e+00 1.224018695999999906e+01 2.122892941999999948e+03 2.224894499999999880e+03
4.125000000000000000e+00 1.227388607999999870e+01 2.122612115999999787e+03 2.224894499999999880e+03
4.130000000000000782e+00 1.225722167999999890e+01 2.122750986000000012e+03 2.224894499999999880e+03
4.134999999999999787e+00 1.225129655999999834e+01 2.122800361999999950e+03 2.224894499999999880e+03
4.140000000000000568e+00 1.218352799999999903e+01 2.123365099999999984e+03 2.224894499999999880e+03
4.144999999999999574e+00 1.219500791999999834e+01 2.123269433999999819e+03 2.224894499999999880e+03
4.150000000000000355e+00 1.221204263999999817e+01 2.123127477999999883e+03 2.224894499999999880e+03
4.155000000000001137e+00 1.221204263999999817e+01 2.123127477999999883e+03 2.224894499999999880e+03
4.160000000000000142e+00 1.219500791999999834e+01 2.123269433999999819e+03 2.224894499999999880e+03
4.165000000000000924e+00 1.224018695999999906e+01 2.122892941999999948e+03 2.224894499999999880e+03
4.169999999999999929e+00 1.219500791999999834e+01 2.123269433999999819e+03 2.224894499999999880e+03
4.175000000000000711e+00 1.225722167999999890e+01 2.122750986000000012e+03 2.224894499999999880e+03
4.179999999999999716e+00 1.226833127999999817e+01 2.122658406000000014e+03 2.224894499999999880e+03
4.185000000000000497e+00 1.224018695999999906e+01 2.122892941999999948e+03 2.224894499999999880e+03
4.189999999999999503e+00 1.222315223999999922e+01 2.123034897999999885e+03 2.224894499999999880e+03
4.195000000000000284e+00 1.222315223999999922e+01 2.123034897999999885e+03 2.224894499999999880e+03
4.200000000000001066e+00 1.226833127999999817e+01 2.122658406000000014e+03 2.224894499999999880e+03
4.205000000000000071e+00 1.217241839999999797e+01 2.123457679999999982e+03 2.224894499999999880e+03
4.210000000000000853e+00 1.226277647999999942e+01 2.122704695999999785e+03 2.224894499999999880e+03
4.214999999999999858e+00 1.221204263999999817e+01 2.123127477999999883e+03 2.224894499999999880e+03
4.220000000000000639e+00 1.218352799999999903e+01 2.123365099999999984e+03 2.224894499999999880e+03
4.224999999999999645e+00 1.218352799999999903e+01 2.123365099999999984e+03 2.224894499999999880e+03
4.230000000000000426e+00 1.222870703999999975e+01 2.122988607999999658e+03 2.224894499999999880e+03
4.234999999999999432e+00 1.226833127999999817e+01 2.122658406000000014e+03 2.224894499999999880e+03
4.240000000000000213e+00 1.226277647999999942e+01 2.122704695999999785e+03 2.224894499999999880e+03
4.245000000000000995e+00 1.226277647999999942e+01 2.122704695999999785e+03 2.224894499999999880e+03
4.250000000000000000e+00 1.221759743999999870e+01 2.123081188000000111e+03 2.224894499999999880e+03
4.255000000000000782e+00 1.220056271999999886e+01 2.123223144000000048e+03 2.224894499999999880e+03
4.259999999999999787e+00 1.224018695999999906e+01 2.122892941999999948e+03 2.224894499999999880e+03
4.265000000000000568e+00 1.229092079999999854e+01 2.122470159999999851e+03 2.224894499999999880e+03
4.269999999999999574e+00 1.224574175999999959e+01 2.122846651999999722e+03 2.224894499999999880e+03
4.275000000000000355e+00 1.224018695999999906e+01 2.122892941999999948e+03 2.224894499999999880e+03
4.280000000000001137e+00 1.227981119999999748e+01 2.122562739999999849e+03 2.224894499999999880e+03
4.285000000000000142e+00 1.229092079999999854e+01 2.122470159999999851e+03 2.224894499999999880e+03
4.290000000000000924e+00 1.224574175999999959e+01 2.122846651999999722e+03 2.224894499999999880e+03
4.294999999999999929e+00 1.226277647999999942e+01 2.122704695999999785e+03 2.224894499999999880e+03
4.300000000000000711e+00 1.220611751999999939e+01 2.123176853999999821e+03 2.224894499999999880e+03
4.304999999999999716e+00 1.230240071999999785e+01 2.122374493999999686e+03 2.224894499999999880e+03
4.310000000000000497e+00 1.229092079999999854e+01 2.122470159999999851e+03 2.224894499999999880e+03
4.314999999999999503e+00 1.222870703999999975e+01 2.122988607999999658e+03 2.224894499999999880e+03
4.320000000000000284e+00 1.220611751999999939e+01 2.123176853999999821e+03 2.224894499999999880e+03
4.325000000000001066e+00 1.230795551999999837e+01 2.122328203999999914e+03 2.224894499999999880e+03
4.330000000000000071e+00 1.226277647999999942e+01 2.122704695999999785e+03 2.224894499999999880e+03
4.335000000000000853e+00 1.224018695999999906e+01 2.122892941999999948e+03 2.224894499999999880e+03
4.339999999999999858e+00 1.225129655999999834e+01 2.122800361999999950e+03 2.224894499999999880e+03
4.345000000000000639e+00 1.225129655999999834e+01 2.122800361999999950e+03 2.224894499999999880e+03
4.349999999999999645e+00 1.228536599999999801e+01 2.122516450000000077e+03 2.224894499999999880e+03
4.355000000000000426e+00 1.227388607999999870e+01 2.122612115999999787e+03 2.224894499999999880e+03
4.359999999999999432e+00 1.230240071999999785e+01 2.122374493999999686e+03 2.224894499999999880e+03
4.365000000000000213e+00 1.228536599999999801e+01 2.122516450000000077e+03 2.224894499999999880e+03
4.370000000000000995e+00 1.229092079999999854e+01 2.122470159999999851e+03 2.224894499999999880e+03
4.375000000000000000e+00 1.224574175999999959e+01 2.122846651999999722e+03 2.224894499999999880e+03
4.380000000000000782e+00 1.225129655999999834e+01 2.122800361999999950e+03 2.224894499999999880e+03
4.384999999999999787e+00 1.222315223999999922e+01 2.123034897999999885e+03 2.224894499999999880e+03
4.390000000000000568e+00 1.221759743999999870e+01 2.123081188000000111e+03 2.224894499999999880e+03
4.394999999999999574e+00 1.222870703999999975e+01 2.122988607999999658e+03 2.224894499999999880e+03
4.400000000000000355e+00 1.224018695999999906e+01 2.122892941999999948e+03 2.224894499999999880e+03
4.405000000000001137e+00 1.222870703999999975e+01 2.122988607999999658e+03 2.224894499999999880e+03
4.410000000000000142e+00 1.223463215999999854e+01 2.122939231999999720e+03 2.224894499999999880e+03
4.415000000000000924e+00 1.221204263999999817e+01 2.123127477999999883e+03 2.224894499999999880e+03
4.419999999999999929e+00 1.220611751999999939e+01 2.123176853999999821e+03 2.224894499999999880e+03
4.425000000000000711e+00 1.229092079999999854e+01 2.122470159999999851e+03 2.224894499999999880e+03
4.429999999999999716e+00 1.223463215999999854e+01 2.122939231999999720e+03 2.224894499999999880e+03
4.435000000000000497e+00 1.222870703999999975e+01 2.122988607999999658e+03 2.224894499999999880e+03
4.439999999999999503e+00 1.218945311999999781e+01 2.123315724000000046e+03 2.224894499999999880e+03
4.445000000000000284e+00 1.212723935999999902e+01 2.123834171999999853e+03 2.224894499999999880e+03
4.450000000000001066e+00 1.212723935999999902e+01 2.123834171999999853e+03 2.224894499999999880e+03
4.455000000000000071e+00 1.208761511999999883e+01 2.124164373999999953e+03 2.224894499999999880e+03
4.460000000000000853e+00 1.214982887999999939e+01 2.123645925999999690e+03 2.224894499999999880e+03
4.464999999999999858e+00 1.212131424000000024e+01 2.123883547999999792e+03 2.224894499999999880e+03
4.470000000000000639e+00 1.211020463999999919e+01 2.123976127999999790e+03 2.224894499999999880e+03
4.474999999999999645e+00 1.212131424000000024e+01 2.123883547999999792e+03 2.224894499999999880e+03
4.480000000000000426e+00 1.209872471999999988e+01 2.124071793999999954e+03 2.224894499999999880e+03
4.484999999999999432e+00 1.208206031999999830e+01 2.124210663999999724e+03 2.224894499999999880e+03
4.490000000000000213e+00 1.209316991999999935e+01 2.124118083999999726e+03 2.224894499999999880e+03
4.495000000000000995e+00 1.210464983999999866e+01 2.124022418000000016e+03 2.224894499999999880e+03
4.500000000000000000e+00 1.210464983999999866e+01 2.124022418000000016e+03 2.224894499999999880e+03
4.505000000000000782e+00 1.205354567999999915e+01 2.124448285999999825e+03 2.224894499999999880e+03
4.509999999999999787e+00 1.208761511999999883e+01 2.124164373999999953e+03 2.224894499999999880e+03
4.515000000000000568e+00 1.209872471999999988e+01 2.124071793999999954e+03 2.224894499999999880e+03
4.519999999999999574e+00 1.209316991999999935e+01 2.124118083999999726e+03 2.224894499999999880e+03
4.525000000000000355e+00 1.207613519999999951e+01 2.124260039999999663e+03 2.224894499999999880e+03
4.530000000000001137e+00 1.205947079999999794e+01 2.124398909999999887e+03 2.224894499999999880e+03
4.535000000000000142e+00 1.208206031999999830e+01 2.124210663999999724e+03 2.224894499999999880e+03
4.540000000000000924e+00 1.208206031999999830e+01 2.124210663999999724e+03 2.224894499999999880e+03
4.544999999999999929e+00 1.207613519999999951e+01 2.124260039999999663e+03 2.224894499999999880e+03
4.550000000000000711e+00 1.208761511999999883e+01 2.124164373999999953e+03 2.224894499999999880e+03
4.554999999999999716e+00 1.205354567999999915e+01 2.124448285999999825e+03 2.224894499999999880e+03
4.560000000000000497e+00 1.205947079999999794e+01 2.124398909999999887e+03 2.224894499999999880e+03
4.564999999999999503e+00 1.210464983999999866e+01 2.124022418000000016e+03 2.224894499999999880e+03
4.570000000000000284e+00 1.207613519999999951e+01 2.124260039999999663e+03 2.224894499999999880e+03
4.575000000000001066e+00 1.204799087999999863e+01 2.124494576000000052e+03 2.224894499999999880e+03
4.580000000000000071e+00 1.207613519999999951e+01 2.124260039999999663e+03 2.224894499999999880e+03
4.585000000000000853e+00 1.212723935999999902e+01 2.123834171999999853e+03 2.224894499999999880e+03
4.589999999999999858e+00 1.206502559999999846e+01 2.124352619999999661e+03 2.224894499999999880e+03
4.595000000000000639e+00 1.210464983999999866e+01 2.124022418000000016e+03 2.224894499999999880e+03
4.599999999999999645e+00 1.207613519999999951e+01 2.124260039999999663e+03 2.224894499999999880e+03
4.605000000000000426e+00 1.210464983999999866e+01 2.124022418000000016e+03 2.224894499999999880e+03
4.609999999999999432e+00 1.211575943999999971e+01 2.123929838000000018e+03 2.224894499999999880e+03
4.615000000000000213e+00 1.214982887999999939e+01 2.123645925999999690e+03 2.224894499999999880e+03
4.620000000000000995e+00 1.209872471999999988e+01 2.124071793999999954e+03 2.224894499999999880e+03
4.625000000000000000e+00 1.212131424000000024e+01 2.123883547999999792e+03 2.224894499999999880e+03
4.630000000000000782e+00 1.209872471999999988e+01 2.124071793999999954e+03 2.224894499999999880e+03
4.634999999999999787e+00 1.216093847999999866e+01 2.123553345999999692e+03 2.224894499999999880e+03
4.640000000000000568e+00 1.214982887999999939e+01 2.123645925999999690e+03 2.224894499999999880e+03
4.644999999999999574e+00 1.218352799999999903e+01 2.123365099999999984e+03 2.224894499999999880e+03
4.650000000000000355e+00 1.216686359999999745e+01 2.123503969999999754e+03 2.224894499999999880e+03
4.655000000000001137e+00 1.214427407999999886e+01 2.123692215999999917e+03 2.224894499999999880e+03
4.660000000000000142e+00 1.216093847999999866e+01 2.123553345999999692e+03 2.224894499999999880e+03
4.665000000000000924e+00 1.214982887999999939e+01 2.123645925999999690e+03 2.224894499999999880e+03
4.669999999999999929e+00 1.208761511999999883e+01 2.124164373999999953e+03 2.224894499999999880e+03
4.675000000000000711e+00 1.208761511999999883e+01 2.124164373999999953e+03 2.224894499999999880e+03
4.679999999999999716e+00 1.210464983999999866e+01 2.124022418000000016e+03 2.224894499999999880e+03
4.685000000000000497e+00 1.208761511999999883e+01 2.124164373999999953e+03 2.224894499999999880e+03
4.689999999999999503e+00 1.209872471999999988e+01 2.124071793999999954e+03 2.224894499999999880e+03
4.695000000000000284e+00 1.208206031999999830e+01 2.124210663999999724e+03 2.224894499999999880e+03
4.700000000000001066e+00 1.211020463999999919e+01 2.123976127999999790e+03 2.224894499999999880e+03
4.705000000000000071e+00 1.210464983999999866e+01 2.124022418000000016e+03 2.224894499999999880e+03
4.710000000000000853e+00 1.202540136000000004e+01 2.124682821999999760e+03 2.224894499999999880e+03
4.714999999999999858e+00 1.203095615999999879e+01 2.124636531999999988e+03 2.224894499999999880e+03
4.720000000000000639e+00 1.206502559999999846e+01 2.124352619999999661e+03 2.224894499999999880e+03
4.724999999999999645e+00 1.207058039999999899e+01 2.124306329999999889e+03 2.224894499999999880e+03
4.730000000000000426e+00 1.204243607999999810e+01 2.124540865999999824e+03 2.224894499999999880e+03
4.734999999999999432e+00 1.207058039999999899e+01 2.124306329999999889e+03 2.224894499999999880e+03
4.740000000000000213e+00 1.204799087999999863e+01 2.124494576000000052e+03 2.224894499999999880e+03
4.745000000000000995e+00 1.200281183999999968e+01 2.124871067999999923e+03 2.224894499999999880e+03
4.750000000000000000e+00 1.205354567999999915e+01 2.124448285999999825e+03 2.224894499999999880e+03
4.755000000000000782e+00 1.204799087999999863e+01 2.124494576000000052e+03 2.224894499999999880e+03
4.759999999999999787e+00 1.209872471999999988e+01 2.124071793999999954e+03 2.224894499999999880e+03
4.765000000000000568e+00 1.211020463999999919e+01 2.123976127999999790e+03 2.224894499999999880e+03
4.769999999999999574e+00 1.204243607999999810e+01 2.124540865999999824e+03 2.224894499999999880e+03
4.775000000000000355e+00 1.207058039999999899e+01 2.124306329999999889e+03 2.224894499999999880e+03
4.780000000000001137e+00 1.209872471999999988e+01 2.124071793999999954e+03 2.224894499999999880e+03
4.785000000000000142e+00 1.206502559999999846e+01 2.124352619999999661e+03 2.224894499999999880e+03
4.790000000000000924e+00 1.205947079999999794e+01 2.124398909999999887e+03 2.224894499999999880e+03
4.794999999999999929e+00 1.206502559999999846e+01 2.124352619999999661e+03 2.224894499999999880e+03
4.800000000000000711e+00 1.205947079999999794e+01 2.124398909999999887e+03 2.224894499999999880e+03
4.804999999999999716e+00 1.207613519999999951e+01 2.124260039999999663e+03 2.224894499999999880e+03
4.810000000000000497e+00 1.206502559999999846e+01 2.124352619999999661e+03 2.224894499999999880e+03
4.814999999999999503e+00 1.207058039999999899e+01 2.124306329999999889e+03 2.224894499999999880e+03
4.820000000000000284e+00 1.208761511999999883e+01 2.124164373999999953e+03 2.224894499999999880e+03
4.825000000000001066e+00 1.204243607999999810e+01 2.124540865999999824e+03 2.224894499999999880e+03
4.830000000000000071e+00 1.205354567999999915e+01 2.124448285999999825e+03 2.224894499999999880e+03
4.835000000000000853e+00 1.208206031999999830e+01 2.124210663999999724e+03 2.224894499999999880e+03
4.839999999999999858e+00 1.204243607999999810e+01 2.124540865999999824e+03 2.224894499999999880e+03
4.845000000000000639e+00 1.199725703999999915e+01 2.124917357999999695e+03 2.224894499999999880e+03
4.849999999999999645e+00 1.203688127999999935e+01 2.124587156000000050e+03 2.224894499999999880e+03
4.855000000000000426e+00 1.204243607999999810e+01 2.124540865999999824e+03 2.224894499999999880e+03
4.859999999999999432e+00 1.199725703999999915e+01 2.124917357999999695e+03 2.224894499999999880e+03
4.865000000000000213e+00 1.196874239999999823e+01 2.125154979999999796e+03 2.224894499999999880e+03
4.870000000000000995e+00 1.200281183999999968e+01 2.124871067999999923e+03 2.224894499999999880e+03
4.875000000000000000e+00 1.196874239999999823e+01 2.125154979999999796e+03 2.224894499999999880e+03
4.880000000000000782e+00 1.195207799999999843e+01 2.125293850000000020e+03 2.224894499999999880e+03
4.884999999999999787e+00 1.200836664000000020e+01 2.124824777999999696e+03 2.224894499999999880e+03
4.890000000000000568e+00 1.201429175999999899e+01 2.124775401999999758e+03 2.224894499999999880e+03
4.894999999999999574e+00 1.199133191999999859e+01 2.124966734000000088e+03 2.224894499999999880e+03
4.900000000000000355e+00 1.200836664000000020e+01 2.124824777999999696e+03 2.224894499999999880e+03
4.905000000000001137e+00 1.200836664000000020e+01 2.124824777999999696e+03 2.224894499999999880e+03
4.910000000000000142e+00 1.197466751999999879e+01 2.125105603999999857e+03 2.224894499999999880e+03
4.915000000000000924e+00 1.205947079999999794e+01 2.124398909999999887e+03 2.224894499999999880e+03
4.919999999999999929e+00 1.206502559999999846e+01 2.124352619999999661e+03 2.224894499999999880e+03
4.925000000000000711e+00 1.208206031999999830e+01 2.124210663999999724e+03 2.224894499999999880e+03
4.929999999999999716e+00 1.201984655999999951e+01 2.124729111999999986e+03 2.224894499999999880e+03
4.935000000000000497e+00 1.203095615999999879e+01 2.124636531999999988e+03 2.224894499999999880e+03
4.939999999999999503e+00 1.203095615999999879e+01 2.124636531999999988e+03 2.224894499999999880e+03
4.945000000000000284e+00 1.203095615999999879e+01 2.124636531999999988e+03 2.224894499999999880e+03
4.950000000000001066e+00 1.200281183999999968e+01 2.124871067999999923e+03 2.224894499999999880e+03
4.955000000000000071e+00 1.207058039999999899e+01 2.124306329999999889e+03 2.224894499999999880e+03
4.960000000000000853e+00 1.197466751999999879e+01 2.125105603999999857e+03 2.224894499999999880e+03
4.964999999999999858e+00 1.205354567999999915e+01 2.124448285999999825e+03 2.224894499999999880e+03
4.970000000000000639e+00 1.208206031999999830e+01 2.124210663999999724e+03 2.224894499999999880e+03
4.974999999999999645e+00 1.200836664000000020e+01 2.124824777999999696e+03 2.224894499999999880e+03
4.980000000000000426e+00 1.197466751999999879e+01 2.125105603999999857e+03 2.224894499999999880e+03
4.984999999999999432e+00 1.196318759999999948e+01 2.125201270000000022e+03 2.224894499999999880e+03
4.990000000000000213e+00 1.195207799999999843e+01 2.125293850000000020e+03 2.224894499999999880e+03
4.995000000000000995e+00 1.200281183999999968e+01 2.124871067999999923e+03 2.224894499999999880e+03
5.000000000000000000e+00 1.197466751999999879e+01 2.125105603999999857e+03 2.224894499999999880e+03
5.005000000000000782e+00 1.195763279999999895e+01 2.125247559999999794e+03 2.224894499999999880e+03
5.009999999999999787e+00 1.193504327999999859e+01 2.125435805999999957e+03 2.224894499999999880e+03
5.015000000000000568e+00 1.199725703999999915e+01 2.124917357999999695e+03 2.224894499999999880e+03
5.019999999999999574e+00 1.195207799999999843e+01 2.125293850000000020e+03 2.224894499999999880e+03
5.025000000000000355e+00 1.193504327999999859e+01 2.125435805999999957e+03 2.224894499999999880e+03
5.030000000000001137e+00 1.191800855999999875e+01 2.125577761999999893e+03 2.224894499999999880e+03
5.035000000000000142e+00 1.187282951999999980e+01 2.125954253999999764e+03 2.224894499999999880e+03
5.040000000000000924e+00 1.191800855999999875e+01 2.125577761999999893e+03 2.224894499999999880e+03
5.044999999999999929e+00 1.190097383999999892e+01 2.125719717999999830e+03 2.224894499999999880e+03
5.050000000000000711e+00 1.190689895999999948e+01 2.125670341999999891e+03 2.224894499999999880e+03
5.054999999999999716e+00 1.192948847999999806e+01 2.125482095999999729e+03 2.224894499999999880e+03
5.060000000000000497e+00 1.198577711999999984e+01 2.125013023999999859e+03 2.224894499999999880e+03
5.064999999999999503e+00 1.192948847999999806e+01 2.125482095999999729e+03 2.224894499999999880e+03
5.070000000000000284e+00 1.192948847999999806e+01 2.125482095999999729e+03 2.224894499999999880e+03
5.075000000000001066e+00 1.196874239999999823e+01 2.125154979999999796e+03 2.224894499999999880e+03
5.080000000000000071e+00 1.188430943999999911e+01 2.125858588000000054e+03 2.224894499999999880e+03
5.085000000000000853e+00 1.187838431999999855e+01 2.125907963999999993e+03 2.224894499999999880e+03
5.089999999999999858e+00 1.192356335999999750e+01 2.125531471999999667e+03 2.224894499999999880e+03
5.095000000000000639e+00 1.190097383999999892e+01 2.125719717999999830e+03 2.224894499999999880e+03
5.099999999999999645e+00 1.193504327999999859e+01 2.125435805999999957e+03 2.224894499999999880e+03
5.105000000000000426e+00 1.198577711999999984e+01 2.125013023999999859e+03 2.224894499999999880e+03
5.109999999999999432e+00 1.200836664000000020e+01 2.124824777999999696e+03 2.224894499999999880e+03
5.115000000000000213e+00 1.191800855999999875e+01 2.125577761999999893e+03 2.224894499999999880e+03
5.120000000000000995e+00 1.188986423999999964e+01 2.125812297999999828e+03 2.224894499999999880e+03
5.125000000000000000e+00 1.187838431999999855e+01 2.125907963999999993e+03 2.224894499999999880e+03
5.130000000000000782e+00 1.187282951999999980e+01 2.125954253999999764e+03 2.224894499999999880e+03
5.134999999999999787e+00 1.200281183999999968e+01 2.124871067999999923e+03 2.224894499999999880e+03
5.140000000000000568e+00 1.195207799999999843e+01 2.125293850000000020e+03 2.224894499999999880e+03
5.144999999999999574e+00 1.194059807999999911e+01 2.125389515999999730e+03 2.224894499999999880e+03
5.150000000000000355e+00 1.192356335999999750e+01 2.125531471999999667e+03 2.224894499999999880e+03
5.155000000000001137e+00 1.193504327999999859e+01 2.125435805999999957e+03 2.224894499999999880e+03
5.160000000000000142e+00 1.199725703999999915e+01 2.124917357999999695e+03 2.224894499999999880e+03
5.165000000000000924e+00 1.193504327999999859e+01 2.125435805999999957e+03 2.224894499999999880e+03
5.169999999999999929e+00 1.195207799999999843e+01 2.125293850000000020e+03 2.224894499999999880e+03
5.175000000000000711e+00 1.191800855999999875e+01 2.125577761999999893e+03 2.224894499999999880e+03
5.179999999999999716e+00 1.198022231999999931e+01 2.125059314000000086e+03 2.224894499999999880e+03
5.185000000000000497e+00 1.195207799999999843e+01 2.125293850000000020e+03 2.224894499999999880e+03
5.189999999999999503e+00 1.198577711999999984e+01 2.125013023999999859e+03 2.224894499999999880e+03
5.195000000000000284e+00 1.192948847999999806e+01 2.125482095999999729e+03 2.224894499999999880e+03
5.200000000000001066e+00 1.193504327999999859e+01 2.125435805999999957e+03 2.224894499999999880e+03
5.205000000000000071e+00 1.187838431999999855e+01 2.125907963999999993e+03 2.224894499999999880e+03
5.210000000000000853e+00 1.193504327999999859e+01 2.125435805999999957e+03 2.224894499999999880e+03
5.214999999999999858e+00 1.191245376000000000e+01 2.125624051999999665e+03 2.224894499999999880e+03
5.220000000000000639e+00 1.192948847999999806e+01 2.125482095999999729e+03 2.224894499999999880e+03
5.224999999999999645e+00 1.194615287999999786e+01 2.125343225999999959e+03 2.224894499999999880e+03
5.230000000000000426e+00 1.192948847999999806e+01 2.125482095999999729e+03 2.224894499999999880e+03
5.234999999999999432e+00 1.188986423999999964e+01 2.125812297999999828e+03 2.224894499999999880e+03
5.240000000000000213e+00 1.189541904000000017e+01 2.125766008000000056e+03 2.224894499999999880e+03
5.245000000000000995e+00 1.190097383999999892e+01 2.125719717999999830e+03 2.224894499999999880e+03
5.250000000000000000e+00 1.191245376000000000e+01 2.125624051999999665e+03 2.224894499999999880e+03
5.255000000000000782e+00 1.194059807999999911e+01 2.125389515999999730e+03 2.224894499999999880e+03
5.259999999999999787e+00 1.193504327999999859e+01 2.125435805999999957e+03 2.224894499999999880e+03
5.265000000000000568e+00 1.190097383999999892e+01 2.125719717999999830e+03 2.224894499999999880e+03
5.269999999999999574e+00 1.188986423999999964e+01 2.125812297999999828e+03 2.224894499999999880e+03
5.275000000000000355e+00 1.194615287999999786e+01 2.125343225999999959e+03 2.224894499999999880e+03
5.280000000000001137e+00 1.191800855999999875e+01 2.125577761999999893e+03 2.224894499999999880e+03
5.285000000000000142e+00 1.190689895999999948e+01 2.125670341999999891e+03 2.224894499999999880e+03
5.290000000000000924e+00 1.182765047999999908e+01 2.126330746000000090e+03 2.224894499999999880e+03
5.294999999999999929e+00 1.191245376000000000e+01 2.125624051999999665e+03 2.224894499999999880e+03
5.300000000000000711e+00 1.183320527999999783e+01 2.126284455999999864e+03 2.224894499999999880e+03
5.304999999999999716e+00 1.190689895999999948e+01 2.125670341999999891e+03 2.224894499999999880e+03
5.310000000000000497e+00 1.192948847999999806e+01 2.125482095999999729e+03 2.224894499999999880e+03
5.314999999999999503e+00 1.191245376000000000e+01 2.125624051999999665e+03 2.224894499999999880e+03
5.320000000000000284e+00 1.186727471999999928e+01 2.126000543999999991e+03 2.224894499999999880e+03
5.325000000000001066e+00 1.190689895999999948e+01 2.125670341999999891e+03 2.224894499999999880e+03
5.330000000000000071e+00 1.183320527999999783e+01 2.126284455999999864e+03 2.224894499999999880e+03
5.335000000000000853e+00 1.191800855999999875e+01 2.125577761999999893e+03 2.224894499999999880e+03
5.339999999999999858e+00 1.192356335999999750e+01 2.125531471999999667e+03 2.224894499999999880e+03
5.345000000000000639e+00 1.188986423999999964e+01 2.125812297999999828e+03 2.224894499999999880e+03
5.349999999999999645e+00 1.185023999999999944e+01 2.126142499999999927e+03 2.224894499999999880e+03
5.355000000000000426e+00 1.187282951999999980e+01 2.125954253999999764e+03 2.224894499999999880e+03
5.359999999999999432e+00 1.187282951999999980e+01 2.125954253999999764e+03 2.224894499999999880e+03
5.365000000000000213e+00 1.188986423999999964e+01 2.125812297999999828e+03 2.224894499999999880e+03
5.370000000000000995e+00 1.183320527999999783e+01 2.126284455999999864e+03 2.224894499999999880e+03
5.375000000000000000e+00 1.183320527999999783e+01 2.126284455999999864e+03 2.224894499999999880e+03
5.380000000000000782e+00 1.183876007999999835e+01 2.126238166000000092e+03 2.224894499999999880e+03
5.384999999999999787e+00 1.186727471999999928e+01 2.126000543999999991e+03 2.224894499999999880e+03
5.390000000000000568e+00 1.184468519999999891e+01 2.126188789999999699e+03 2.224894499999999880e+03
5.394999999999999574e+00 1.183876007999999835e+01 2.126238166000000092e+03 2.224894499999999880e+03
5.400000000000000355e+00 1.182209567999999855e+01 2.126377035999999862e+03 2.224894499999999880e+03
5.405000000000001137e+00 1.187282951999999980e+01 2.125954253999999764e+03 2.224894499999999880e+03
5.410000000000000142e+00 1.183320527999999783e+01 2.126284455999999864e+03 2.224894499999999880e+03
5.415000000000000924e+00 1.184468519999999891e+01 2.126188789999999699e+03 2.224894499999999880e+03
5.419999999999999929e+00 1.179950615999999997e+01 2.126565282000000025e+03 2.224894499999999880e+03
5.425000000000000711e+00 1.185579479999999819e+01 2.126096209999999701e+03 2.224894499999999880e+03
5.429999999999999716e+00 1.184468519999999891e+01 2.126188789999999699e+03 2.224894499999999880e+03
5.435000000000000497e+00 1.189541904000000017e+01 2.125766008000000056e+03 2.224894499999999880e+03
5.439999999999999503e+00 1.185579479999999819e+01 2.126096209999999701e+03 2.224894499999999880e+03
5.445000000000000284e+00 1.183320527999999783e+01 2.126284455999999864e+03 2.224894499999999880e+03
5.450000000000001066e+00 1.182765047999999908e+01 2.126330746000000090e+03 2.224894499999999880e+03
5.455000000000000071e+00 1.185579479999999819e+01 2.126096209999999701e+03 2.224894499999999880e+03
5.460000000000000853e+00 1.184468519999999891e+01 2.126188789999999699e+03 2.224894499999999880e+03
5.464999999999999858e+00 1.183876007999999835e+01 2.126238166000000092e+03 2.224894499999999880e+03
5.470000000000000639e+00 1.183320527999999783e+01 2.126284455999999864e+03 2.224894499999999880e+03
5.474999999999999645e+00 1.188430943999999911e+01 2.125858588000000054e+03 2.224894499999999880e+03
5.480000000000000426e+00 1.194615287999999786e+01 2.125343225999999959e+03 2.224894499999999880e+03
5.484999999999999432e+00 1.181617055999999799e+01 2.126426411999999800e+03 2.224894499999999880e+03
5.490000000000000213e+00 1.188986423999999964e+01 2.125812297999999828e+03 2.224894499999999880e+03
5.495000000000000995e+00 1.186171991999999875e+01 2.126046833999999762e+03 2.224894499999999880e+03
5.500000000000000000e+00 1.190097383999999892e+01 2.125719717999999830e+03 2.224894499999999880e+03
5.505000000000000782e+00 1.186727471999999928e+01 2.126000543999999991e+03 2.224894499999999880e+03
5.509999999999999787e+00 1.190097383999999892e+01 2.125719717999999830e+03 2.224894499999999880e+03
5.515000000000000568e+00 1.181617055999999799e+01 2.126426411999999800e+03 2.224894499999999880e+03
5.519999999999999574e+00 1.194615287999999786e+01 2.125343225999999959e+03 2.224894499999999880e+03
5.525000000000000355e+00 1.186727471999999928e+01 2.126000543999999991e+03 2.224894499999999880e+03
5.530000000000001137e+00 1.181617055999999799e+01 2.126426411999999800e+03 2.224894499999999880e+03
5.535000000000000142e+00 1.186727471999999928e+01 2.126000543999999991e+03 2.224894499999999880e+03
5.540000000000000924e+00 1.183876007999999835e+01 2.126238166000000092e+03 2.224894499999999880e+03
5.544999999999999929e+00 1.188430943999999911e+01 2.125858588000000054e+03 2.224894499999999880e+03
5.550000000000000711e+00 1.182765047999999908e+01 2.126330746000000090e+03 2.224894499999999880e+03
5.554999999999999716e+00 1.183320527999999783e+01 2.126284455999999864e+03 2.224894499999999880e+03
5.560000000000000497e+00 1.184468519999999891e+01 2.126188789999999699e+03 2.224894499999999880e+03
5.564999999999999503e+00 1.187282951999999980e+01 2.125954253999999764e+03 2.224894499999999880e+03
5.570000000000000284e+00 1.182765047999999908e+01 2.126330746000000090e+03 2.224894499999999880e+03
5.575000000000001066e+00 1.184468519999999891e+01 2.126188789999999699e+03 2.224894499999999880e+03
5.580000000000000071e+00 1.181617055999999799e+01 2.126426411999999800e+03 2.224894499999999880e+03
5.585000000000000853e+00 1.186727471999999928e+01 2.126000543999999991e+03 2.224894499999999880e+03
5.589999999999999858e+00 1.184468519999999891e+01 2.126188789999999699e+03 2.224894499999999880e+03
5.595000000000000639e+00 1.187282951999999980e+01 2.125954253999999764e+03 2.224894499999999880e+03
5.599999999999999645e+00 1.185579479999999819e+01 2.126096209999999701e+03 2.224894499999999880e+03
5.605000000000000426e+00 1.187838431999999855e+01 2.125907963999999993e+03 2.224894499999999880e+03
5.609999999999999432e+00 1.187282951999999980e+01 2.125954253999999764e+03 2.224894499999999880e+03
5.615000000000000213e+00 1.182765047999999908e+01 2.126330746000000090e+03 2.224894499999999880e+03
5.620000000000000995e+00 1.182209567999999855e+01 2.126377035999999862e+03 2.224894499999999880e+03
5.625000000000000000e+00 1.186171991999999875e+01 2.126046833999999762e+03 2.224894499999999880e+03
5.630000000000000782e+00 1.185579479999999819e+01 2.126096209999999701e+03 2.224894499999999880e+03
5.634999999999999787e+00 1.188430943999999911e+01 2.125858588000000054e+03 2.224894499999999880e+03
5.640000000000000568e+00 1.189541904000000017e+01 2.125766008000000056e+03 2.224894499999999880e+03
5.644999999999999574e+00 1.188986423999999964e+01 2.125812297999999828e+03 2.224894499999999880e+03
5.650000000000000355e+00 1.182209567999999855e+01 2.126377035999999862e+03 2.224894499999999880e+03
5.655000000000001137e+00 1.180506095999999694e+01 2.126518991999999798e+03 2.224894499999999880e+03
5.660000000000000142e+00 1.186171991999999875e+01 2.126046833999999762e+03 2.224894499999999880e+03
5.665000000000000924e+00 1.185579479999999819e+01 2.126096209999999701e+03 2.224894499999999880e+03
5.669999999999999929e+00 1.184468519999999891e+01 2.126188789999999699e+03 2.224894499999999880e+03
5.675000000000000711e+00 1.181061575999999747e+01 2.126472702000000027e+03 2.224894499999999880e+03
5.679999999999999716e+00 1.185579479999999819e+01 2.126096209999999701e+03 2.224894499999999880e+03
5.685000000000000497e+00 1.181617055999999799e+01 2.126426411999999800e+03 2.224894499999999880e+03
5.689999999999999503e+00 1.176543671999999852e+01 2.126849193999999898e+03 2.224894499999999880e+03
5.695000000000000284e+00 1.178247143999999835e+01 2.126707237999999961e+03 2.224894499999999880e+03
5.700000000000001066e+00 1.175988191999999799e+01 2.126895483999999669e+03 2.224894499999999880e+03
5.705000000000000071e+00 1.175988191999999799e+01 2.126895483999999669e+03 2.224894499999999880e+03
5.710000000000000853e+00 1.173173759999999888e+01 2.127130020000000059e+03 2.224894499999999880e+03
5.714999999999999858e+00 1.170322295999999795e+01 2.127367641999999705e+03 2.224894499999999880e+03
5.720000000000000639e+00 1.167507863999999884e+01 2.127602178000000094e+03 2.224894499999999880e+03
5.724999999999999645e+00 1.169211335999999690e+01 2.127460221999999703e+03 2.224894499999999880e+03
5.730000000000000426e+00 1.175988191999999799e+01 2.126895483999999669e+03 2.224894499999999880e+03
5.734999999999999432e+00 1.177099151999999904e+01 2.126802903999999671e+03 2.224894499999999880e+03
5.740000000000000213e+00 1.170877775999999848e+01 2.127321351999999933e+03 2.224894499999999880e+03
5.745000000000000995e+00 1.168063343999999759e+01 2.127555887999999868e+03 2.224894499999999880e+03
5.750000000000000000e+00 1.166359871999999775e+01 2.127697843999999805e+03 2.224894499999999880e+03
5.755000000000000782e+00 1.170322295999999795e+01 2.127367641999999705e+03 2.224894499999999880e+03
5.759999999999999787e+00 1.169211335999999690e+01 2.127460221999999703e+03 2.224894499999999880e+03
5.765000000000000568e+00 1.167507863999999884e+01 2.127602178000000094e+03 2.224894499999999880e+03
5.769999999999999574e+00 1.172581247999999832e+01 2.127179395999999997e+03 2.224894499999999880e+03
5.775000000000000355e+00 1.172025767999999779e+01 2.127225685999999769e+03 2.224894499999999880e+03
5.780000000000001137e+00 1.173729239999999763e+01 2.127083729999999832e+03 2.224894499999999880e+03
5.785000000000000142e+00 1.174840199999999868e+01 2.126991149999999834e+03 2.224894499999999880e+03
5.790000000000000924e+00 1.173729239999999763e+01 2.127083729999999832e+03 2.224894499999999880e+03
5.794999999999999929e+00 1.172025767999999779e+01 2.127225685999999769e+03 2.224894499999999880e+03
5.800000000000000711e+00 1.173173759999999888e+01 2.127130020000000059e+03 2.224894499999999880e+03
5.804999999999999716e+00 1.166952383999999832e+01 2.127648467999999866e+03 2.224894499999999880e+03
5.810000000000000497e+00 1.173729239999999763e+01 2.127083729999999832e+03 2.224894499999999880e+03
5.814999999999999503e+00 1.175988191999999799e+01 2.126895483999999669e+03 2.224894499999999880e+03
5.820000000000000284e+00 1.172581247999999832e+01 2.127179395999999997e+03 2.224894499999999880e+03
5.825000000000001066e+00 1.175988191999999799e+01 2.126895483999999669e+03 2.224894499999999880e+03
5.830000000000000071e+00 1.166359871999999775e+01 2.127697843999999805e+03 2.224894499999999880e+03
5.835000000000000853e+00 1.170322295999999795e+01 2.127367641999999705e+03 2.224894499999999880e+03
5.839999999999999858e+00 1.172025767999999779e+01 2.127225685999999769e+03 2.224894499999999880e+03
5.845000000000000639e+00 1.170877775999999848e+01 2.127321351999999933e+03 2.224894499999999880e+03
5.849999999999999645e+00 1.173173759999999888e+01 2.127130020000000059e+03 2.224894499999999880e+03
5.855000000000000426e+00 1.169211335999999690e+01 2.127460221999999703e+03 2.224894499999999880e+03
5.859999999999999432e+00 1.169211335999999690e+01 2.127460221999999703e+03 2.224894499999999880e+03
5.865000000000000213e+00 1.166359871999999775e+01 2.127697843999999805e+03 2.224894499999999880e+03
5.870000000000000995e+00 1.168618823999999812e+01 2.127509598000000096e+03 2.224894499999999880e+03
5.875000000000000000e+00 1.169211335999999690e+01 2.127460221999999703e+03 2.224894499999999880e+03
5.880000000000000782e+00 1.165248911999999848e+01 2.127790423999999803e+03 2.224894499999999880e+03
5.884999999999999787e+00 1.162989959999999812e+01 2.127978669999999966e+03 2.224894499999999880e+03
5.890000000000000568e+00 1.166359871999999775e+01 2.127697843999999805e+03 2.224894499999999880e+03
5.894999999999999574e+00 1.164100919999999917e+01 2.127886089999999967e+03 2.224894499999999880e+03
5.900000000000000355e+00 1.162989959999999812e+01 2.127978669999999966e+03 2.224894499999999880e+03
5.905000000000001137e+00 1.162989959999999812e+01 2.127978669999999966e+03 2.224894499999999880e+03
5.910000000000000142e+00 1.160731007999999775e+01 2.128166916000000128e+03 2.224894499999999880e+03
5.915000000000000924e+00 1.165804391999999901e+01 2.127744134000000031e+03 2.224894499999999880e+03
5.919999999999999929e+00 1.164693431999999973e+01 2.127836714000000029e+03 2.224894499999999880e+03
5.925000000000000711e+00 1.162434479999999937e+01 2.128024959999999737e+03 2.224894499999999880e+03
5.929999999999999716e+00 1.163545439999999864e+01 2.127932379999999739e+03 2.224894499999999880e+03
5.935000000000000497e+00 1.163545439999999864e+01 2.127932379999999739e+03 2.224894499999999880e+03
5.939999999999999503e+00 1.165804391999999901e+01 2.127744134000000031e+03 2.224894499999999880e+03
5.945000000000000284e+00 1.160731007999999775e+01 2.128166916000000128e+03 2.224894499999999880e+03
5.950000000000001066e+00 1.158472055999999917e+01 2.128355161999999837e+03 2.224894499999999880e+03
5.955000000000000071e+00 1.164693431999999973e+01 2.127836714000000029e+03 2.224894499999999880e+03
5.960000000000000853e+00 1.164693431999999973e+01 2.127836714000000029e+03 2.224894499999999880e+03
5.964999999999999858e+00 1.162989959999999812e+01 2.127978669999999966e+03 2.224894499999999880e+03
5.970000000000000639e+00 1.160175527999999900e+01 2.128213205999999900e+03 2.224894499999999880e+03
5.974999999999999645e+00 1.160731007999999775e+01 2.128166916000000128e+03 2.224894499999999880e+03
5.980000000000000426e+00 1.161841967999999881e+01 2.128074335999999676e+03 2.224894499999999880e+03
5.984999999999999432e+00 1.159027535999999792e+01 2.128308872000000065e+03 2.224894499999999880e+03
5.990000000000000213e+00 1.162434479999999937e+01 2.128024959999999737e+03 2.224894499999999880e+03
5.995000000000000995e+00 1.156768583999999755e+01 2.128497117999999773e+03 2.224894499999999880e+03
6.000000000000000000e+00 1.157324063999999808e+01 2.128450828000000001e+03 2.224894499999999880e+03
6.005000000000000782e+00 1.157916575999999864e+01 2.128401452000000063e+03 2.224894499999999880e+03
6.009999999999999787e+00 1.160175527999999900e+01 2.128213205999999900e+03 2.224894499999999880e+03
6.015000000000000568e+00 1.152250679999999861e+01 2.128873610000000099e+03 2.224894499999999880e+03
6.019999999999999574e+00 1.158472055999999917e+01 2.128355161999999837e+03 2.224894499999999880e+03
6.025000000000000355e+00 1.162989959999999812e+01 2.127978669999999966e+03 2.224894499999999880e+03
6.030000000000001137e+00 1.161841967999999881e+01 2.128074335999999676e+03 2.224894499999999880e+03
6.035000000000000142e+00 1.160175527999999900e+01 2.128213205999999900e+03 2.224894499999999880e+03
6.040000000000000924e+00 1.167507863999999884e+01 2.127602178000000094e+03 2.224894499999999880e+03
6.044999999999999929e+00 1.158472055999999917e+01 2.128355161999999837e+03 2.224894499999999880e+03
6.050000000000000711e+00 1.156768583999999755e+01 2.128497117999999773e+03 2.224894499999999880e+03
6.054999999999999716e+00 1.158472055999999917e+01 2.128355161999999837e+03 2.224894499999999880e+03
6.060000000000000497e+00 1.158472055999999917e+01 2.128355161999999837e+03 2.224894499999999880e+03
6.064999999999999503e+00 1.155065111999999772e+01 2.128639073999999709e+03 2.224894499999999880e+03
6.070000000000000284e+00 1.160731007999999775e+01 2.128166916000000128e+03 2.224894499999999880e+03
6.075000000000001066e+00 1.165804391999999901e+01 2.127744134000000031e+03 2.224894499999999880e+03
6.080000000000000071e+00 1.157916575999999864e+01 2.128401452000000063e+03 2.224894499999999880e+03
6.085000000000000853e+00 1.154509631999999897e+01 2.128685363999999936e+03 2.224894499999999880e+03
6.089999999999999858e+00 1.152806159999999913e+01 2.128827319999999872e+03 2.224894499999999880e+03
6.095000000000000639e+00 1.153954152000000022e+01 2.128731653999999708e+03 2.224894499999999880e+03
6.099999999999999645e+00 1.154509631999999897e+01 2.128685363999999936e+03 2.224894499999999880e+03
6.105000000000000426e+00 1.157324063999999808e+01 2.128450828000000001e+03 2.224894499999999880e+03
6.109999999999999432e+00 1.152806159999999913e+01 2.128827319999999872e+03 2.224894499999999880e+03
6.115000000000000213e+00 1.157916575999999864e+01 2.128401452000000063e+03 2.224894499999999880e+03
6.120000000000000995e+00 1.160731007999999775e+01 2.128166916000000128e+03 2.224894499999999880e+03
6.125000000000000000e+00 1.159583015999999844e+01 2.128262581999999838e+03 2.224894499999999880e+03
6.130000000000000782e+00 1.157324063999999808e+01 2.128450828000000001e+03 2.224894499999999880e+03
6.134999999999999787e+00 1.150547207999999877e+01 2.129015566000000035e+03 2.224894499999999880e+03
6.140000000000000568e+00 1.159027535999999792e+01 2.128308872000000065e+03 2.224894499999999880e+03
6.144999999999999574e+00 1.156213104000000058e+01 2.128543407999999999e+03 2.224894499999999880e+03
6.150000000000000355e+00 1.160175527999999900e+01 2.128213205999999900e+03 2.224894499999999880e+03
6.155000000000001137e+00 1.156213104000000058e+01 2.128543407999999999e+03 2.224894499999999880e+03
6.160000000000000142e+00 1.157324063999999808e+01 2.128450828000000001e+03 2.224894499999999880e+03
6.165000000000000924e+00 1.155620591999999824e+01 2.128592783999999938e+03 2.224894499999999880e+03
6.169999999999999929e+00 1.153954152000000022e+01 2.128731653999999708e+03 2.224894499999999880e+03
6.175000000000000711e+00 1.151102687999999930e+01 2.128969275999999809e+03 2.224894499999999880e+03
6.179999999999999716e+00 1.153361639999999966e+01 2.128781030000000101e+03 2.224894499999999880e+03
6.185000000000000497e+00 1.158472055999999917e+01 2.128355161999999837e+03 2.224894499999999880e+03
6.189999999999999503e+00 1.159027535999999792e+01 2.128308872000000065e+03 2.224894499999999880e+03
6.195000000000000284e+00 1.154509631999999897e+01 2.128685363999999936e+03 2.224894499999999880e+03
6.200000000000001066e+00 1.152250679999999861e+01 2.128873610000000099e+03 2.224894499999999880e+03
6.205000000000000071e+00 1.156213104000000058e+01 2.128543407999999999e+03 2.224894499999999880e+03
6.210000000000000853e+00 1.157324063999999808e+01 2.128450828000000001e+03 2.224894499999999880e+03
6.214999999999999858e+00 1.156768583999999755e+01 2.128497117999999773e+03 2.224894499999999880e+03
6.220000000000000639e+00 1.155065111999999772e+01 2.128639073999999709e+03 2.224894499999999880e+03
6.224999999999999645e+00 1.153361639999999966e+01 2.128781030000000101e+03 2.224894499999999880e+03
6.230000000000000426e+00 1.155620591999999824e+01 2.128592783999999938e+03 2.224894499999999880e+03
6.234999999999999432e+00 1.155065111999999772e+01 2.128639073999999709e+03 2.224894499999999880e+03
6.240000000000000213e+00 1.154509631999999897e+01 2.128685363999999936e+03 2.224894499999999880e+03
6.245000000000000995e+00 1.154509631999999897e+01 2.128685363999999936e+03 2.224894499999999880e+03
6.250000000000000000e+00 1.155065111999999772e+01 2.128639073999999709e+03 2.224894499999999880e+03
6.255000000000000782e+00 1.151695199999999986e+01 2.128919899999999870e+03 2.224894499999999880e+03
6.259999999999999787e+00 1.153361639999999966e+01 2.128781030000000101e+03 2.224894499999999880e+03
6.265000000000000568e+00 1.160731007999999775e+01 2.128166916000000128e+03 2.224894499999999880e+03
6.269999999999999574e+00 1.157916575999999864e+01 2.128401452000000063e+03 2.224894499999999880e+03
6.275000000000000355e+00 1.155620591999999824e+01 2.128592783999999938e+03 2.224894499999999880e+03
6.280000000000001137e+00 1.151695199999999986e+01 2.128919899999999870e+03 2.224894499999999880e+03
6.285000000000000142e+00 1.155065111999999772e+01 2.128639073999999709e+03 2.224894499999999880e+03
6.290000000000000924e+00 1.152806159999999913e+01 2.128827319999999872e+03 2.224894499999999880e+03
6.294999999999999929e+00 1.155620591999999824e+01 2.128592783999999938e+03 2.224894499999999880e+03
6.300000000000000711e+00 1.158472055999999917e+01 2.128355161999999837e+03 2.224894499999999880e+03
6.304999999999999716e+00 1.152806159999999913e+01 2.128827319999999872e+03 2.224894499999999880e+03
6.310000000000000497e+00 1.157324063999999808e+01 2.128450828000000001e+03 2.224894499999999880e+03
6.314999999999999503e+00 1.153954152000000022e+01 2.128731653999999708e+03 2.224894499999999880e+03
6.320000000000000284e+00 1.156213104000000058e+01 2.128543407999999999e+03 2.224894499999999880e+03
6.325000000000001066e+00 1.151102687999999930e+01 2.128969275999999809e+03 2.224894499999999880e+03
6.330000000000000071e+00 1.152250679999999861e+01 2.128873610000000099e+03 2.224894499999999880e+03
6.335000000000000853e+00 1.151695199999999986e+01 2.128919899999999870e+03 2.224894499999999880e+03
6.339999999999999858e+00 1.152250679999999861e+01 2.128873610000000099e+03 2.224894499999999880e+03
6.345000000000000639e+00 1.152806159999999913e+01 2.128827319999999872e+03 2.224894499999999880e+03
6.349999999999999645e+00 1.155620591999999824e+01 2.128592783999999938e+03 2.224894499999999880e+03
6.355000000000000426e+00 1.153361639999999966e+01 2.128781030000000101e+03 2.224894499999999880e+03
6.359999999999999432e+00 1.146029303999999804e+01 2.129392057999999906e+03 2.224894499999999880e+03
6.365000000000000213e+00 1.148843735999999893e+01 2.129157521999999972e+03 2.224894499999999880e+03
6.370000000000000995e+00 1.151695199999999986e+01 2.128919899999999870e+03 2.224894499999999880e+03
6.375000000000000000e+00 1.155620591999999824e+01 2.128592783999999938e+03 2.224894499999999880e+03
6.380000000000000782e+00 1.153361639999999966e+01 2.128781030000000101e+03 2.224894499999999880e+03
6.384999999999999787e+00 1.150547207999999877e+01 2.129015566000000035e+03 2.224894499999999880e+03
6.390000000000000568e+00 1.153361639999999966e+01 2.128781030000000101e+03 2.224894499999999880e+03
6.394999999999999574e+00 1.154509631999999897e+01 2.128685363999999936e+03 2.224894499999999880e+03
6.400000000000000355e+00 1.154509631999999897e+01 2.128685363999999936e+03 2.224894499999999880e+03
6.405000000000001137e+00 1.156213104000000058e+01 2.128543407999999999e+03 2.224894499999999880e+03
6.410000000000000142e+00 1.159027535999999792e+01 2.128308872000000065e+03 2.224894499999999880e+03
6.415000000000000924e+00 1.155065111999999772e+01 2.128639073999999709e+03 2.224894499999999880e+03
6.419999999999999929e+00 1.159027535999999792e+01 2.128308872000000065e+03 2.224894499999999880e+03
6.425000000000000711e+00 1.149436247999999949e+01 2.129108146000000033e+03 2.224894499999999880e+03
6.429999999999999716e+00 1.145473823999999929e+01 2.129438347999999678e+03 2.224894499999999880e+03
6.435000000000000497e+00 1.145473823999999929e+01 2.129438347999999678e+03 2.224894499999999880e+03
6.439999999999999503e+00 1.156213104000000058e+01 2.128543407999999999e+03 2.224894499999999880e+03
6.445000000000000284e+00 1.151102687999999930e+01 2.128969275999999809e+03 2.224894499999999880e+03
6.450000000000001066e+00 1.150547207999999877e+01 2.129015566000000035e+03 2.224894499999999880e+03
6.455000000000000071e+00 1.152806159999999913e+01 2.128827319999999872e+03 2.224894499999999880e+03
6.460000000000000853e+00 1.153361639999999966e+01 2.128781030000000101e+03 2.224894499999999880e+03
6.464999999999999858e+00 1.152806159999999913e+01 2.128827319999999872e+03 2.224894499999999880e+03
6.470000000000000639e+00 1.153954152000000022e+01 2.128731653999999708e+03 2.224894499999999880e+03
6.474999999999999645e+00 1.151695199999999986e+01 2.128919899999999870e+03 2.224894499999999880e+03
6.480000000000000426e+00 1.148288255999999841e+01 2.129203811999999743e+03 2.224894499999999880e+03
6.484999999999999432e+00 1.153954152000000022e+01 2.128731653999999708e+03 2.224894499999999880e+03
6.490000000000000213e+00 1.152806159999999913e+01 2.128827319999999872e+03 2.224894499999999880e+03
6.495000000000000995e+00 1.152806159999999913e+01 2.128827319999999872e+03 2.224894499999999880e+03
6.500000000000000000e+00 1.152250679999999861e+01 2.128873610000000099e+03 2.224894499999999880e+03
6.505000000000000782e+00 1.148288255999999841e+01 2.129203811999999743e+03 2.224894499999999880e+03
6.509999999999999787e+00 1.156213104000000058e+01 2.128543407999999999e+03 2.224894499999999880e+03
6.515000000000000568e+00 1.151102687999999930e+01 2.128969275999999809e+03 2.224894499999999880e+03
6.519999999999999574e+00 1.149436247999999949e+01 2.129108146000000033e+03 2.224894499999999880e+03
6.525000000000000355e+00 1.156213104000000058e+01 2.128543407999999999e+03 2.224894499999999880e+03
6.530000000000001137e+00 1.156768583999999755e+01 2.128497117999999773e+03 2.224894499999999880e+03
6.535000000000000142e+00 1.152806159999999913e+01 2.128827319999999872e+03 2.224894499999999880e+03
6.540000000000000924e+00 1.155620591999999824e+01 2.128592783999999938e+03 2.224894499999999880e+03
6.544999999999999929e+00 1.149991728000000002e+01 2.129061855999999807e+03 2.224894499999999880e+03
6.550000000000000711e+00 1.149436247999999949e+01 2.129108146000000033e+03 2.224894499999999880e+03
6.554999999999999716e+00 1.146584783999999857e+01 2.129345767999999680e+03 2.224894499999999880e+03
6.560000000000000497e+00 1.151695199999999986e+01 2.128919899999999870e+03 2.224894499999999880e+03
6.564999999999999503e+00 1.146584783999999857e+01 2.129345767999999680e+03 2.224894499999999880e+03
6.570000000000000284e+00 1.150547207999999877e+01 2.129015566000000035e+03 2.224894499999999880e+03
6.575000000000001066e+00 1.151102687999999930e+01 2.128969275999999809e+03 2.224894499999999880e+03
6.580000000000000071e+00 1.160175527999999900e+01 2.128213205999999900e+03 2.224894499999999880e+03
6.585000000000000853e+00 1.148843735999999893e+01 2.129157521999999972e+03 2.224894499999999880e+03
6.589999999999999858e+00 1.148288255999999841e+01 2.129203811999999743e+03 2.224894499999999880e+03
6.595000000000000639e+00 1.152250679999999861e+01 2.128873610000000099e+03 2.224894499999999880e+03
6.599999999999999645e+00 1.148288255999999841e+01 2.129203811999999743e+03 2.224894499999999880e+03
6.605000000000000426e+00 1.148843735999999893e+01 2.129157521999999972e+03 2.224894499999999880e+03
6.609999999999999432e+00 1.149436247999999949e+01 2.129108146000000033e+03 2.224894499999999880e+03
6.615000000000000213e+00 1.146584783999999857e+01 2.129345767999999680e+03 2.224894499999999880e+03
6.620000000000000995e+00 1.151695199999999986e+01 2.128919899999999870e+03 2.224894499999999880e+03
6.625000000000000000e+00 1.151102687999999930e+01 2.128969275999999809e+03 2.224894499999999880e+03
6.630000000000000782e+00 1.151695199999999986e+01 2.128919899999999870e+03 2.224894499999999880e+03
6.634999999999999787e+00 1.148288255999999841e+01 2.129203811999999743e+03 2.224894499999999880e+03
6.640000000000000568e+00 1.148843735999999893e+01 2.129157521999999972e+03 2.224894499999999880e+03
6.644999999999999574e+00 1.149991728000000002e+01 2.129061855999999807e+03 2.224894499999999880e+03
6.650000000000000355e+00 1.153361639999999966e+01 2.128781030000000101e+03 2.224894499999999880e+03
6.655000000000001137e+00 1.148843735999999893e+01 2.129157521999999972e+03 2.224894499999999880e+03
6.660000000000000142e+00 1.145473823999999929e+01 2.129438347999999678e+03 2.224894499999999880e+03
6.665000000000000924e+00 1.147732775999999966e+01 2.129250101999999970e+03 2.224894499999999880e+03
6.669999999999999929e+00 1.147177295999999913e+01 2.129296391999999742e+03 2.224894499999999880e+03
6.675000000000000711e+00 1.147732775999999966e+01 2.129250101999999970e+03 2.224894499999999880e+03
6.679999999999999716e+00 1.155065111999999772e+01 2.128639073999999709e+03 2.224894499999999880e+03
6.685000000000000497e+00 1.146029303999999804e+01 2.129392057999999906e+03 2.224894499999999880e+03
6.689999999999999503e+00 1.151695199999999986e+01 2.128919899999999870e+03 2.224894499999999880e+03
6.695000000000000284e+00 1.146584783999999857e+01 2.129345767999999680e+03 2.224894499999999880e+03
6.700000000000001066e+00 1.144325831999999821e+01 2.129534013999999843e+03 2.224894499999999880e+03
6.705000000000000071e+00 1.141511400000000087e+01 2.129768549999999777e+03 2.224894499999999880e+03
6.710000000000000853e+00 1.144918344000000054e+01 2.129484637999999904e+03 2.224894499999999880e+03
6.714999999999999858e+00 1.141511400000000087e+01 2.129768549999999777e+03 2.224894499999999880e+03
6.720000000000000639e+00 1.142066879999999962e+01 2.129722260000000006e+03 2.224894499999999880e+03
6.724999999999999645e+00 1.143770351999999946e+01 2.129580304000000069e+03 2.224894499999999880e+03
6.730000000000000426e+00 1.143770351999999946e+01 2.129580304000000069e+03 2.224894499999999880e+03
6.734999999999999432e+00 1.149436247999999949e+01 2.129108146000000033e+03 2.224894499999999880e+03
6.740000000000000213e+00 1.147732775999999966e+01 2.129250101999999970e+03 2.224894499999999880e+03
6.745000000000000995e+00 1.148843735999999893e+01 2.129157521999999972e+03 2.224894499999999880e+03
6.750000000000000000e+00 1.146584783999999857e+01 2.129345767999999680e+03 2.224894499999999880e+03
6.755000000000000782e+00 1.146029303999999804e+01 2.129392057999999906e+03 2.224894499999999880e+03
6.759999999999999787e+00 1.144918344000000054e+01 2.129484637999999904e+03 2.224894499999999880e+03
6.765000000000000568e+00 1.142066879999999962e+01 2.129722260000000006e+03 2.224894499999999880e+03
6.769999999999999574e+00 1.147732775999999966e+01 2.129250101999999970e+03 2.224894499999999880e+03
6.775000000000000355e+00 1.138104455999999942e+01 2.130052461999999650e+03 2.224894499999999880e+03
6.780000000000001137e+00 1.148288255999999841e+01 2.129203811999999743e+03 2.224894499999999880e+03
6.785000000000000142e+00 1.144325831999999821e+01 2.129534013999999843e+03 2.224894499999999880e+03
6.790000000000000924e+00 1.142622359999999837e+01 2.129675969999999779e+03 2.224894499999999880e+03
6.794999999999999929e+00 1.140363407999999978e+01 2.129864215999999942e+03 2.224894499999999880e+03
6.800000000000000711e+00 1.134734543999999978e+01 2.130333287999999811e+03 2.224894499999999880e+03
6.804999999999999716e+00 1.144325831999999821e+01 2.129534013999999843e+03 2.224894499999999880e+03
6.810000000000000497e+00 1.142066879999999962e+01 2.129722260000000006e+03 2.224894499999999880e+03
6.814999999999999503e+00 1.147732775999999966e+01 2.129250101999999970e+03 2.224894499999999880e+03
6.820000000000000284e+00 1.143214872000000071e+01 2.129626593999999841e+03 2.224894499999999880e+03
6.825000000000001066e+00 1.143770351999999946e+01 2.129580304000000069e+03 2.224894499999999880e+03
6.830000000000000071e+00 1.146029303999999804e+01 2.129392057999999906e+03 2.224894499999999880e+03
6.835000000000000853e+00 1.147177295999999913e+01 2.129296391999999742e+03 2.224894499999999880e+03
6.839999999999999858e+00 1.148843735999999893e+01 2.129157521999999972e+03 2.224894499999999880e+03
6.845000000000000639e+00 1.135290024000000031e+01 2.130286998000000040e+03 2.224894499999999880e+03
6.849999999999999645e+00 1.143770351999999946e+01 2.129580304000000069e+03 2.224894499999999880e+03
6.855000000000000426e+00 1.141511400000000087e+01 2.129768549999999777e+03 2.224894499999999880e+03
6.859999999999999432e+00 1.148288255999999841e+01 2.129203811999999743e+03 2.224894499999999880e+03
6.865000000000000213e+00 1.146584783999999857e+01 2.129345767999999680e+03 2.224894499999999880e+03
6.870000000000000995e+00 1.146029303999999804e+01 2.129392057999999906e+03 2.224894499999999880e+03
6.875000000000000000e+00 1.142622359999999837e+01 2.129675969999999779e+03 2.224894499999999880e+03
6.880000000000000782e+00 1.141511400000000087e+01 2.129768549999999777e+03 2.224894499999999880e+03
6.884999999999999787e+00 1.140363407999999978e+01 2.129864215999999942e+03 2.224894499999999880e+03
6.890000000000000568e+00 1.145473823999999929e+01 2.129438347999999678e+03 2.224894499999999880e+03
6.894999999999999574e+00 1.145473823999999929e+01 2.129438347999999678e+03 2.224894499999999880e+03
6.900000000000000355e+00 1.142622359999999837e+01 2.129675969999999779e+03 2.224894499999999880e+03
6.905000000000001137e+00 1.155620591999999824e+01 2.128592783999999938e+03 2.224894499999999880e+03
6.910000000000000142e+00 1.149436247999999949e+01 2.129108146000000033e+03 2.224894499999999880e+03
6.915000000000000924e+00 1.142622359999999837e+01 2.129675969999999779e+03 2.224894499999999880e+03
6.919999999999999929e+00 1.145473823999999929e+01 2.129438347999999678e+03 2.224894499999999880e+03
6.925000000000000711e+00 1.146584783999999857e+01 2.129345767999999680e+03 2.224894499999999880e+03
6.929999999999999716e+00 1.141511400000000087e+01 2.129768549999999777e+03 2.224894499999999880e+03
6.935000000000000497e+00 1.145473823999999929e+01 2.129438347999999678e+03 2.224894499999999880e+03
6.939999999999999503e+00 1.149991728000000002e+01 2.129061855999999807e+03 2.224894499999999880e+03
6.945000000000000284e+00 1.144325831999999821e+01 2.129534013999999843e+03 2.224894499999999880e+03
6.950000000000001066e+00 1.140363407999999978e+01 2.129864215999999942e+03 2.224894499999999880e+03
6.955000000000000071e+00 1.140955920000000035e+01 2.129814840000000004e+03 2.224894499999999880e+03
6.960000000000000853e+00 1.148288255999999841e+01 2.129203811999999743e+03 2.224894499999999880e+03
6.964999999999999858e+00 1.147177295999999913e+01 2.129296391999999742e+03 2.224894499999999880e+03
6.970000000000000639e+00 1.148843735999999893e+01 2.129157521999999972e+03 2.224894499999999880e+03
6.974999999999999645e+00 1.153361639999999966e+01 2.128781030000000101e+03 2.224894499999999880e+03
6.980000000000000426e+00 1.147177295999999913e+01 2.129296391999999742e+03 2.224894499999999880e+03
6.984999999999999432e+00 1.149436247999999949e+01 2.129108146000000033e+03 2.224894499999999880e+03
6.990000000000000213e+00 1.155620591999999824e+01 2.128592783999999938e+03 2.224894499999999880e+03
6.995000000000000995e+00 1.146584783999999857e+01 2.129345767999999680e+03 2.224894499999999880e+03
7.000000000000000000e+00 1.141511400000000087e+01 2.129768549999999777e+03 2.224894499999999880e+03
7.005000000000000782e+00 1.142622359999999837e+01 2.129675969999999779e+03 2.224894499999999880e+03
7.009999999999999787e+00 1.147177295999999913e+01 2.129296391999999742e+03 2.224894499999999880e+03
7.015000000000000568e+00 1.142066879999999962e+01 2.129722260000000006e+03 2.224894499999999880e+03
7.019999999999999574e+00 1.149991728000000002e+01 2.129061855999999807e+03 2.224894499999999880e+03
7.025000000000000355e+00 1.147177295999999913e+01 2.129296391999999742e+03 2.224894499999999880e+03
7.030000000000001137e+00 1.146584783999999857e+01 2.129345767999999680e+03 2.224894499999999880e+03
7.035000000000000142e+00 1.143214872000000071e+01 2.129626593999999841e+03 2.224894499999999880e+03
7.040000000000000924e+00 1.144918344000000054e+01 2.129484637999999904e+03 2.224894499999999880e+03
7.044999999999999929e+00 1.143214872000000071e+01 2.129626593999999841e+03 2.224894499999999880e+03
7.050000000000000711e+00 1.141511400000000087e+01 2.129768549999999777e+03 2.224894499999999880e+03
7.054999999999999716e+00 1.140363407999999978e+01 2.129864215999999942e+03 2.224894499999999880e+03
7.060000000000000497e+00 1.142622359999999837e+01 2.129675969999999779e+03 2.224894499999999880e+03
7.064999999999999503e+00 1.142066879999999962e+01 2.129722260000000006e+03 2.224894499999999880e+03
7.070000000000000284e+00 1.143770351999999946e+01 2.129580304000000069e+03 2.224894499999999880e+03
7.075000000000001066e+00 1.146029303999999804e+01 2.129392057999999906e+03 2.224894499999999880e+03
7.080000000000000071e+00 1.142622359999999837e+01 2.129675969999999779e+03 2.224894499999999880e+03
7.085000000000000853e+00 1.142622359999999837e+01 2.129675969999999779e+03 2.224894499999999880e+03
7.089999999999999858e+00 1.152806159999999913e+01 2.128827319999999872e+03 2.224894499999999880e+03
7.095000000000000639e+00 1.148843735999999893e+01 2.129157521999999972e+03 2.224894499999999880e+03
7.099999999999999645e+00 1.142622359999999837e+01 2.129675969999999779e+03 2.224894499999999880e+03
7.105000000000000426e+00 1.146029303999999804e+01 2.129392057999999906e+03 2.224894499999999880e+03
7.109999999999999432e+00 1.144325831999999821e+01 2.129534013999999843e+03 2.224894499999999880e+03
7.115000000000000213e+00 1.146584783999999857e+01 2.129345767999999680e+03 2.224894499999999880e+03
7.120000000000000995e+00 1.143214872000000071e+01 2.129626593999999841e+03 2.224894499999999880e+03
7.125000000000000000e+00 1.150547207999999877e+01 2.129015566000000035e+03 2.224894499999999880e+03
7.130000000000000782e+00 1.140363407999999978e+01 2.129864215999999942e+03 2.224894499999999880e+03
7.134999999999999787e+00 1.140955920000000035e+01 2.129814840000000004e+03 2.224894499999999880e+03
7.140000000000000568e+00 1.137548975999999890e+01 2.130098751999999877e+03 2.224894499999999880e+03
7.144999999999999574e+00 1.138696967999999998e+01 2.130003085999999712e+03 2.224894499999999880e+03
7.150000000000000355e+00 1.142066879999999962e+01 2.129722260000000006e+03 2.224894499999999880e+03
7.155000000000001137e+00 1.138104455999999942e+01 2.130052461999999650e+03 2.224894499999999880e+03
7.160000000000000142e+00 1.136993496000000015e+01 2.130145042000000103e+03 2.224894499999999880e+03
7.165000000000000924e+00 1.139807927999999926e+01 2.129910505999999714e+03 2.224894499999999880e+03
7.169999999999999929e+00 1.138104455999999942e+01 2.130052461999999650e+03 2.224894499999999880e+03
7.175000000000000711e+00 1.137548975999999890e+01 2.130098751999999877e+03 2.224894499999999880e+03
7.179999999999999716e+00 1.137548975999999890e+01 2.130098751999999877e+03 2.224894499999999880e+03
7.185000000000000497e+00 1.133586551999999870e+01 2.130428953999999976e+03 2.224894499999999880e+03
7.189999999999999503e+00 1.138104455999999942e+01 2.130052461999999650e+03 2.224894499999999880e+03
7.195000000000000284e+00 1.139252448000000051e+01 2.129956795999999940e+03 2.224894499999999880e+03
7.200000000000001066e+00 1.143214872000000071e+01 2.129626593999999841e+03 2.224894499999999880e+03
7.205000000000000071e+00 1.138104455999999942e+01 2.130052461999999650e+03 2.224894499999999880e+03
7.210000000000000853e+00 1.139807927999999926e+01 2.129910505999999714e+03 2.224894499999999880e+03
7.214999999999999858e+00 1.136438015999999962e+01 2.130191331999999875e+03 2.224894499999999880e+03
7.220000000000000639e+00 1.140363407999999978e+01 2.129864215999999942e+03 2.224894499999999880e+03
7.224999999999999645e+00 1.135845503999999906e+01 2.130240707999999813e+03 2.224894499999999880e+03
7.230000000000000426e+00 1.135845503999999906e+01 2.130240707999999813e+03 2.224894499999999880e+03
7.234999999999999432e+00 1.140955920000000035e+01 2.129814840000000004e+03 2.224894499999999880e+03
7.240000000000000213e+00 1.145473823999999929e+01 2.129438347999999678e+03 2.224894499999999880e+03
7.245000000000000995e+00 1.145473823999999929e+01 2.129438347999999678e+03 2.224894499999999880e+03
7.250000000000000000e+00 1.135845503999999906e+01 2.130240707999999813e+03 2.224894499999999880e+03
7.255000000000000782e+00 1.138696967999999998e+01 2.130003085999999712e+03 2.224894499999999880e+03
7.259999999999999787e+00 1.140955920000000035e+01 2.129814840000000004e+03 2.224894499999999880e+03
7.265000000000000568e+00 1.138696967999999998e+01 2.130003085999999712e+03 2.224894499999999880e+03
7.269999999999999574e+00 1.134179063999999926e+01 2.130379578000000038e+03 2.224894499999999880e+03
7.275000000000000355e+00 1.139807927999999926e+01 2.129910505999999714e+03 2.224894499999999880e+03
7.280000000000001137e+00 1.136438015999999962e+01 2.130191331999999875e+03 2.224894499999999880e+03
7.285000000000000142e+00 1.144918344000000054e+01 2.129484637999999904e+03 2.224894499999999880e+03
7.290000000000000924e+00 1.144325831999999821e+01 2.129534013999999843e+03 2.224894499999999880e+03
7.294999999999999929e+00 1.144325831999999821e+01 2.129534013999999843e+03 2.224894499999999880e+03
7.300000000000000711e+00 1.140363407999999978e+01 2.129864215999999942e+03 2.224894499999999880e+03
7.304999999999999716e+00 1.144325831999999821e+01 2.129534013999999843e+03 2.224894499999999880e+03
7.310000000000000497e+00 1.142066879999999962e+01 2.129722260000000006e+03 2.224894499999999880e+03
7.314999999999999503e+00 1.136993496000000015e+01 2.130145042000000103e+03 2.224894499999999880e+03
7.320000000000000284e+00 1.137548975999999890e+01 2.130098751999999877e+03 2.224894499999999880e+03
7.325000000000001066e+00 1.138104455999999942e+01 2.130052461999999650e+03 2.224894499999999880e+03
7.330000000000000071e+00 1.139252448000000051e+01 2.129956795999999940e+03 2.224894499999999880e+03
7.335000000000000853e+00 1.140363407999999978e+01 2.129864215999999942e+03 2.224894499999999880e+03
7.339999999999999858e+00 1.135290024000000031e+01 2.130286998000000040e+03 2.224894499999999880e+03
7.345000000000000639e+00 1.139252448000000051e+01 2.129956795999999940e+03 2.224894499999999880e+03
7.349999999999999645e+00 1.135290024000000031e+01 2.130286998000000040e+03 2.224894499999999880e+03
7.355000000000000426e+00 1.130772120000000136e+01 2.130663489999999911e+03 2.224894499999999880e+03
7.359999999999999432e+00 1.143214872000000071e+01 2.129626593999999841e+03 2.224894499999999880e+03
7.365000000000000213e+00 1.138104455999999942e+01 2.130052461999999650e+03 2.224894499999999880e+03
7.370000000000000995e+00 1.141511400000000087e+01 2.129768549999999777e+03 2.224894499999999880e+03
7.375000000000000000e+00 1.139252448000000051e+01 2.129956795999999940e+03 2.224894499999999880e+03
7.380000000000000782e+00 1.129068647999999975e+01 2.130805445999999847e+03 2.224894499999999880e+03
7.384999999999999787e+00 1.130772120000000136e+01 2.130663489999999911e+03 2.224894499999999880e+03
7.390000000000000568e+00 1.135290024000000031e+01 2.130286998000000040e+03 2.224894499999999880e+03
7.394999999999999574e+00 1.140363407999999978e+01 2.129864215999999942e+03 2.224894499999999880e+03
7.400000000000000355e+00 1.140363407999999978e+01 2.129864215999999942e+03 2.224894499999999880e+03
7.405000000000001137e+00 1.142622359999999837e+01 2.129675969999999779e+03 2.224894499999999880e+03
7.410000000000000142e+00 1.136993496000000015e+01 2.130145042000000103e+03 2.224894499999999880e+03
7.415000000000000924e+00 1.135290024000000031e+01 2.130286998000000040e+03 2.224894499999999880e+03
7.419999999999999929e+00 1.131920112000000067e+01 2.130567823999999746e+03 2.224894499999999880e+03
7.425000000000000711e+00 1.134734543999999978e+01 2.130333287999999811e+03 2.224894499999999880e+03
7.429999999999999716e+00 1.143214872000000071e+01 2.129626593999999841e+03 2.224894499999999880e+03
7.435000000000000497e+00 1.142066879999999962e+01 2.129722260000000006e+03 2.224894499999999880e+03
7.439999999999999503e+00 1.139252448000000051e+01 2.129956795999999940e+03 2.224894499999999880e+03
7.445000000000000284e+00 1.140363407999999978e+01 2.129864215999999942e+03 2.224894499999999880e+03
7.450000000000001066e+00 1.138696967999999998e+01 2.130003085999999712e+03 2.224894499999999880e+03
7.455000000000000071e+00 1.131920112000000067e+01 2.130567823999999746e+03 2.224894499999999880e+03
7.460000000000000853e+00 1.139807927999999926e+01 2.129910505999999714e+03 2.224894499999999880e+03
7.464999999999999858e+00 1.129068647999999975e+01 2.130805445999999847e+03 2.224894499999999880e+03
7.470000000000000639e+00 1.133586551999999870e+01 2.130428953999999976e+03 2.224894499999999880e+03
7.474999999999999645e+00 1.145473823999999929e+01 2.129438347999999678e+03 2.224894499999999880e+03
7.480000000000000426e+00 1.133031071999999995e+01 2.130475243999999748e+03 2.224894499999999880e+03
7.484999999999999432e+00 1.134179063999999926e+01 2.130379578000000038e+03 2.224894499999999880e+03
7.490000000000000213e+00 1.134179063999999926e+01 2.130379578000000038e+03 2.224894499999999880e+03
7.495000000000000995e+00 1.131920112000000067e+01 2.130567823999999746e+03 2.224894499999999880e+03
7.500000000000000000e+00 1.133586551999999870e+01 2.130428953999999976e+03 2.224894499999999880e+03
7.505000000000000782e+00 1.132475591999999942e+01 2.130521533999999974e+03 2.224894499999999880e+03
7.509999999999999787e+00 1.136438015999999962e+01 2.130191331999999875e+03 2.224894499999999880e+03
7.515000000000000568e+00 1.127365175999999813e+01 2.130947401999999784e+03 2.224894499999999880e+03
7.519999999999999574e+00 1.133586551999999870e+01 2.130428953999999976e+03 2.224894499999999880e+03
7.525000000000000355e+00 1.130216640000000083e+01 2.130709779999999682e+03 2.224894499999999880e+03
7.530000000000001137e+00 1.130772120000000136e+01 2.130663489999999911e+03 2.224894499999999880e+03
7.535000000000000142e+00 1.127957688000000047e+01 2.130898025999999845e+03 2.224894499999999880e+03
7.540000000000000924e+00 1.133031071999999995e+01 2.130475243999999748e+03 2.224894499999999880e+03
7.544999999999999929e+00 1.130772120000000136e+01 2.130663489999999911e+03 2.224894499999999880e+03
7.550000000000000711e+00 1.132475591999999942e+01 2.130521533999999974e+03 2.224894499999999880e+03
7.554999999999999716e+00 1.131920112000000067e+01 2.130567823999999746e+03 2.224894499999999880e+03
7.560000000000000497e+00 1.134734543999999978e+01 2.130333287999999811e+03 2.224894499999999880e+03
7.564999999999999503e+00 1.131327599999999833e+01 2.130617199999999684e+03 2.224894499999999880e+03
7.570000000000000284e+00 1.132475591999999942e+01 2.130521533999999974e+03 2.224894499999999880e+03
7.575000000000001066e+00 1.133031071999999995e+01 2.130475243999999748e+03 2.224894499999999880e+03
7.580000000000000071e+00 1.126809696000000116e+01 2.130993692000000010e+03 2.224894499999999880e+03
7.585000000000000853e+00 1.130772120000000136e+01 2.130663489999999911e+03 2.224894499999999880e+03
7.589999999999999858e+00 1.135845503999999906e+01 2.130240707999999813e+03 2.224894499999999880e+03
7.595000000000000639e+00 1.138696967999999998e+01 2.130003085999999712e+03 2.224894499999999880e+03
7.599999999999999645e+00 1.133586551999999870e+01 2.130428953999999976e+03 2.224894499999999880e+03
7.605000000000000426e+00 1.133586551999999870e+01 2.130428953999999976e+03 2.224894499999999880e+03
7.609999999999999432e+00 1.130216640000000083e+01 2.130709779999999682e+03 2.224894499999999880e+03
7.615000000000000213e+00 1.131920112000000067e+01 2.130567823999999746e+03 2.224894499999999880e+03
7.620000000000000995e+00 1.132475591999999942e+01 2.130521533999999974e+03 2.224894499999999880e+03
7.625000000000000000e+00 1.131327599999999833e+01 2.130617199999999684e+03 2.224894499999999880e+03
7.630000000000000782e+00 1.135290024000000031e+01 2.130286998000000040e+03 2.224894499999999880e+03
7.634999999999999787e+00 1.130216640000000083e+01 2.130709779999999682e+03 2.224894499999999880e+03
7.640000000000000568e+00 1.131327599999999833e+01 2.130617199999999684e+03 2.224894499999999880e+03
7.644999999999999574e+00 1.131920112000000067e+01 2.130567823999999746e+03 2.224894499999999880e+03
7.650000000000000355e+00 1.128513168000000100e+01 2.130851736000000074e+03 2.224894499999999880e+03
7.655000000000001137e+00 1.123995264000000027e+01 2.131228227999999945e+03 2.224894499999999880e+03
7.660000000000000142e+00 1.131327599999999833e+01 2.130617199999999684e+03 2.224894499999999880e+03
7.665000000000000924e+00 1.127365175999999813e+01 2.130947401999999784e+03 2.224894499999999880e+03
7.669999999999999929e+00 1.131920112000000067e+01 2.130567823999999746e+03 2.224894499999999880e+03
7.675000000000000711e+00 1.127957688000000047e+01 2.130898025999999845e+03 2.224894499999999880e+03
7.679999999999999716e+00 1.129068647999999975e+01 2.130805445999999847e+03 2.224894499999999880e+03
7.685000000000000497e+00 1.128513168000000100e+01 2.130851736000000074e+03 2.224894499999999880e+03
7.689999999999999503e+00 1.125106223999999955e+01 2.131135647999999946e+03 2.224894499999999880e+03
7.695000000000000284e+00 1.133031071999999995e+01 2.130475243999999748e+03 2.224894499999999880e+03
7.700000000000001066e+00 1.129068647999999975e+01 2.130805445999999847e+03 2.224894499999999880e+03
7.705000000000000071e+00 1.134734543999999978e+01 2.130333287999999811e+03 2.224894499999999880e+03
7.710000000000000853e+00 1.134734543999999978e+01 2.130333287999999811e+03 2.224894499999999880e+03
7.714999999999999858e+00 1.129068647999999975e+01 2.130805445999999847e+03 2.224894499999999880e+03
7.720000000000000639e+00 1.131327599999999833e+01 2.130617199999999684e+03 2.224894499999999880e+03
7.724999999999999645e+00 1.126809696000000116e+01 2.130993692000000010e+03 2.224894499999999880e+03
7.730000000000000426e+00 1.130216640000000083e+01 2.130709779999999682e+03 2.224894499999999880e+03
7.734999999999999432e+00 1.134734543999999978e+01 2.130333287999999811e+03 2.224894499999999880e+03
7.740000000000000213e+00 1.133586551999999870e+01 2.130428953999999976e+03 2.224894499999999880e+03
7.745000000000000995e+00 1.130216640000000083e+01 2.130709779999999682e+03 2.224894499999999880e+03
7.750000000000000000e+00 1.134179063999999926e+01 2.130379578000000038e+03 2.224894499999999880e+03
7.755000000000000782e+00 1.125106223999999955e+01 2.131135647999999946e+03 2.224894499999999880e+03
7.759999999999999787e+00 1.126254216000000064e+01 2.131039981999999782e+03 2.224894499999999880e+03
7.765000000000000568e+00 1.131920112000000067e+01 2.130567823999999746e+03 2.224894499999999880e+03
7.769999999999999574e+00 1.130772120000000136e+01 2.130663489999999911e+03 2.224894499999999880e+03
7.775000000000000355e+00 1.128513168000000100e+01 2.130851736000000074e+03 2.224894499999999880e+03
7.780000000000001137e+00 1.126809696000000116e+01 2.130993692000000010e+03 2.224894499999999880e+03
7.785000000000000142e+00 1.134734543999999978e+01 2.130333287999999811e+03 2.224894499999999880e+03
7.790000000000000924e+00 1.135290024000000031e+01 2.130286998000000040e+03 2.224894499999999880e+03
7.794999999999999929e+00 1.134179063999999926e+01 2.130379578000000038e+03 2.224894499999999880e+03
7.800000000000000711e+00 1.122847271999999919e+01 2.131323894000000109e+03 2.224894499999999880e+03
7.804999999999999716e+00 1.126254216000000064e+01 2.131039981999999782e+03 2.224894499999999880e+03
7.810000000000000497e+00 1.127957688000000047e+01 2.130898025999999845e+03 2.224894499999999880e+03
7.814999999999999503e+00 1.124550744000000080e+01 2.131181937999999718e+03 2.224894499999999880e+03
7.820000000000000284e+00 1.125698736000000011e+01 2.131086272000000008e+03 2.224894499999999880e+03
7.825000000000001066e+00 1.131327599999999833e+01 2.130617199999999684e+03 2.224894499999999880e+03
7.830000000000000071e+00 1.127365175999999813e+01 2.130947401999999784e+03 2.224894499999999880e+03
7.835000000000000853e+00 1.125698736000000011e+01 2.131086272000000008e+03 2.224894499999999880e+03
7.839999999999999858e+00 1.131920112000000067e+01 2.130567823999999746e+03 2.224894499999999880e+03
7.845000000000000639e+00 1.123995264000000027e+01 2.131228227999999945e+03 2.224894499999999880e+03
7.849999999999999645e+00 1.130772120000000136e+01 2.130663489999999911e+03 2.224894499999999880e+03
7.855000000000000426e+00 1.124550744000000080e+01 2.131181937999999718e+03 2.224894499999999880e+03
7.859999999999999432e+00 1.127957688000000047e+01 2.130898025999999845e+03 2.224894499999999880e+03
7.865000000000000213e+00 1.132475591999999942e+01 2.130521533999999974e+03 2.224894499999999880e+03
7.870000000000000995e+00 1.131920112000000067e+01 2.130567823999999746e+03 2.224894499999999880e+03
7.875000000000000000e+00 1.129661160000000031e+01 2.130756069999999909e+03 2.224894499999999880e+03
7.880000000000000782e+00 1.129068647999999975e+01 2.130805445999999847e+03 2.224894499999999880e+03
7.884999999999999787e+00 1.126254216000000064e+01 2.131039981999999782e+03 2.224894499999999880e+03
7.890000000000000568e+00 1.126809696000000116e+01 2.130993692000000010e+03 2.224894499999999880e+03
7.894999999999999574e+00 1.128513168000000100e+01 2.130851736000000074e+03 2.224894499999999880e+03
7.900000000000000355e+00 1.126254216000000064e+01 2.131039981999999782e+03 2.224894499999999880e+03
7.905000000000001137e+00 1.121736311999999991e+01 2.131416473999999653e+03 2.224894499999999880e+03
7.910000000000000142e+00 1.131327599999999833e+01 2.130617199999999684e+03 2.224894499999999880e+03
7.915000000000000924e+00 1.126254216000000064e+01 2.131039981999999782e+03 2.224894499999999880e+03
7.919999999999999929e+00 1.129068647999999975e+01 2.130805445999999847e+03 2.224894499999999880e+03
7.925000000000000711e+00 1.128513168000000100e+01 2.130851736000000074e+03 2.224894499999999880e+03
7.929999999999999716e+00 1.129661160000000031e+01 2.130756069999999909e+03 2.224894499999999880e+03
7.935000000000000497e+00 1.128513168000000100e+01 2.130851736000000074e+03 2.224894499999999880e+03
7.939999999999999503e+00 1.127365175999999813e+01 2.130947401999999784e+03 2.224894499999999880e+03
7.945000000000000284e+00 1.133586551999999870e+01 2.130428953999999976e+03 2.224894499999999880e+03
7.950000000000001066e+00 1.129661160000000031e+01 2.130756069999999909e+03 2.224894499999999880e+03
7.955000000000000071e+00 1.121180831999999938e+01 2.131462763999999879e+03 2.224894499999999880e+03
7.960000000000000853e+00 1.120032839999999830e+01 2.131558430000000044e+03 2.224894499999999880e+03
7.964999999999999858e+00 1.128513168000000100e+01 2.130851736000000074e+03 2.224894499999999880e+03
7.970000000000000639e+00 1.129661160000000031e+01 2.130756069999999909e+03 2.224894499999999880e+03
7.974999999999999645e+00 1.123995264000000027e+01 2.131228227999999945e+03 2.224894499999999880e+03
7.980000000000000426e+00 1.124550744000000080e+01 2.131181937999999718e+03 2.224894499999999880e+03
7.984999999999999432e+00 1.126254216000000064e+01 2.131039981999999782e+03 2.224894499999999880e+03
7.990000000000000213e+00 1.128513168000000100e+01 2.130851736000000074e+03 2.224894499999999880e+03
7.995000000000000995e+00 1.127365175999999813e+01 2.130947401999999784e+03 2.224894499999999880e+03
8.000000000000000000e+00 1.126809696000000116e+01 2.130993692000000010e+03 2.224894499999999880e+03
8.005000000000000782e+00 1.129661160000000031e+01 2.130756069999999909e+03 2.224894499999999880e+03
8.009999999999999787e+00 1.123439783999999975e+01 2.131274517999999716e+03 2.224894499999999880e+03
8.015000000000000568e+00 1.125698736000000011e+01 2.131086272000000008e+03 2.224894499999999880e+03
8.019999999999999574e+00 1.125698736000000011e+01 2.131086272000000008e+03 2.224894499999999880e+03
8.025000000000000355e+00 1.126809696000000116e+01 2.130993692000000010e+03 2.224894499999999880e+03
8.030000000000001137e+00 1.126254216000000064e+01 2.131039981999999782e+03 2.224894499999999880e+03
8.035000000000000142e+00 1.129068647999999975e+01 2.130805445999999847e+03 2.224894499999999880e+03
8.040000000000000924e+00 1.126254216000000064e+01 2.131039981999999782e+03 2.224894499999999880e+03
8.044999999999999929e+00 1.123995264000000027e+01 2.131228227999999945e+03 2.224894499999999880e+03
8.050000000000000711e+00 1.122847271999999919e+01 2.131323894000000109e+03 2.224894499999999880e+03
8.054999999999999716e+00 1.122291792000000044e+01 2.131370183999999881e+03 2.224894499999999880e+03
8.060000000000000497e+00 1.121736311999999991e+01 2.131416473999999653e+03 2.224894499999999880e+03
8.064999999999999503e+00 1.124550744000000080e+01 2.131181937999999718e+03 2.224894499999999880e+03
8.070000000000000284e+00 1.127365175999999813e+01 2.130947401999999784e+03 2.224894499999999880e+03
8.075000000000001066e+00 1.120588319999999882e+01 2.131512139999999818e+03 2.224894499999999880e+03
8.080000000000000071e+00 1.121736311999999991e+01 2.131416473999999653e+03 2.224894499999999880e+03
8.085000000000000853e+00 1.122291792000000044e+01 2.131370183999999881e+03 2.224894499999999880e+03
8.089999999999999858e+00 1.122291792000000044e+01 2.131370183999999881e+03 2.224894499999999880e+03
8.095000000000000639e+00 1.122291792000000044e+01 2.131370183999999881e+03 2.224894499999999880e+03
8.099999999999999645e+00 1.123995264000000027e+01 2.131228227999999945e+03 2.224894499999999880e+03
8.105000000000000426e+00 1.120588319999999882e+01 2.131512139999999818e+03 2.224894499999999880e+03
8.109999999999999432e+00 1.118921880000000080e+01 2.131651010000000042e+03 2.224894499999999880e+03
8.115000000000000213e+00 1.121736311999999991e+01 2.131416473999999653e+03 2.224894499999999880e+03
8.120000000000000995e+00 1.122291792000000044e+01 2.131370183999999881e+03 2.224894499999999880e+03
8.125000000000000000e+00 1.125106223999999955e+01 2.131135647999999946e+03 2.224894499999999880e+03
8.130000000000000782e+00 1.125106223999999955e+01 2.131135647999999946e+03 2.224894499999999880e+03
8.134999999999999787e+00 1.117218408000000096e+01 2.131792965999999979e+03 2.224894499999999880e+03
8.140000000000000568e+00 1.120032839999999830e+01 2.131558430000000044e+03 2.224894499999999880e+03
8.144999999999999574e+00 1.119477360000000132e+01 2.131604719999999816e+03 2.224894499999999880e+03
8.150000000000000355e+00 1.125106223999999955e+01 2.131135647999999946e+03 2.224894499999999880e+03
8.155000000000001137e+00 1.122291792000000044e+01 2.131370183999999881e+03 2.224894499999999880e+03
8.160000000000000142e+00 1.121736311999999991e+01 2.131416473999999653e+03 2.224894499999999880e+03
8.165000000000000924e+00 1.123439783999999975e+01 2.131274517999999716e+03 2.224894499999999880e+03
8.169999999999999929e+00 1.117218408000000096e+01 2.131792965999999979e+03 2.224894499999999880e+03
8.175000000000000711e+00 1.121736311999999991e+01 2.131416473999999653e+03 2.224894499999999880e+03
8.179999999999999716e+00 1.121736311999999991e+01 2.131416473999999653e+03 2.224894499999999880e+03
8.185000000000000497e+00 1.120588319999999882e+01 2.131512139999999818e+03 2.224894499999999880e+03
8.189999999999999503e+00 1.123439783999999975e+01 2.131274517999999716e+03 2.224894499999999880e+03
8.195000000000000284e+00 1.120032839999999830e+01 2.131558430000000044e+03 2.224894499999999880e+03
8.200000000000001066e+00 1.118921880000000080e+01 2.131651010000000042e+03 2.224894499999999880e+03
8.205000000000000071e+00 1.126254216000000064e+01 2.131039981999999782e+03 2.224894499999999880e+03
8.210000000000000853e+00 1.121736311999999991e+01 2.131416473999999653e+03 2.224894499999999880e+03
8.214999999999999858e+00 1.128513168000000100e+01 2.130851736000000074e+03 2.224894499999999880e+03
8.220000000000000639e+00 1.123995264000000027e+01 2.131228227999999945e+03 2.224894499999999880e+03
8.224999999999999645e+00 1.118329368000000024e+01 2.131700385999999980e+03 2.224894499999999880e+03
8.230000000000000426e+00 1.121180831999999938e+01 2.131462763999999879e+03 2.224894499999999880e+03
8.234999999999999432e+00 1.126809696000000116e+01 2.130993692000000010e+03 2.224894499999999880e+03
8.240000000000000213e+00 1.124550744000000080e+01 2.131181937999999718e+03 2.224894499999999880e+03
8.245000000000000995e+00 1.116070415999999987e+01 2.131888631999999689e+03 2.224894499999999880e+03
8.250000000000000000e+00 1.123439783999999975e+01 2.131274517999999716e+03 2.224894499999999880e+03
8.255000000000000782e+00 1.124550744000000080e+01 2.131181937999999718e+03 2.224894499999999880e+03
8.259999999999999787e+00 1.127957688000000047e+01 2.130898025999999845e+03 2.224894499999999880e+03
8.265000000000000568e+00 1.119477360000000132e+01 2.131604719999999816e+03 2.224894499999999880e+03
8.269999999999999574e+00 1.124550744000000080e+01 2.131181937999999718e+03 2.224894499999999880e+03
8.275000000000000355e+00 1.126254216000000064e+01 2.131039981999999782e+03 2.224894499999999880e+03
8.280000000000001137e+00 1.122291792000000044e+01 2.131370183999999881e+03 2.224894499999999880e+03
8.285000000000000142e+00 1.130772120000000136e+01 2.130663489999999911e+03 2.224894499999999880e+03
8.290000000000000924e+00 1.122847271999999919e+01 2.131323894000000109e+03 2.224894499999999880e+03
8.294999999999999929e+00 1.124550744000000080e+01 2.131181937999999718e+03 2.224894499999999880e+03
8.300000000000000711e+00 1.125106223999999955e+01 2.131135647999999946e+03 2.224894499999999880e+03
8.304999999999999716e+00 1.120032839999999830e+01 2.131558430000000044e+03 2.224894499999999880e+03
8.310000000000000497e+00 1.123995264000000027e+01 2.131228227999999945e+03 2.224894499999999880e+03
8.314999999999999503e+00 1.121180831999999938e+01 2.131462763999999879e+03 2.224894499999999880e+03
8.320000000000000284e+00 1.130216640000000083e+01 2.130709779999999682e+03 2.224894499999999880e+03
8.325000000000001066e+00 1.128513168000000100e+01 2.130851736000000074e+03 2.224894499999999880e+03
8.330000000000000071e+00 1.121180831999999938e+01 2.131462763999999879e+03 2.224894499999999880e+03
8.335000000000000853e+00 1.127365175999999813e+01 2.130947401999999784e+03 2.224894499999999880e+03
8.339999999999999858e+00 1.121736311999999991e+01 2.131416473999999653e+03 2.224894499999999880e+03
8.345000000000000639e+00 1.124550744000000080e+01 2.131181937999999718e+03 2.224894499999999880e+03
8.349999999999999645e+00 1.121180831999999938e+01 2.131462763999999879e+03 2.224894499999999880e+03
8.355000000000000426e+00 1.127365175999999813e+01 2.130947401999999784e+03 2.224894499999999880e+03
8.359999999999999432e+00 1.114959456000000060e+01 2.131981211999999687e+03 2.224894499999999880e+03
8.365000000000000213e+00 1.121180831999999938e+01 2.131462763999999879e+03 2.224894499999999880e+03
8.370000000000000995e+00 1.122847271999999919e+01 2.131323894000000109e+03 2.224894499999999880e+03
8.375000000000000000e+00 1.114366944000000004e+01 2.132030588000000080e+03 2.224894499999999880e+03
8.380000000000000782e+00 1.120588319999999882e+01 2.131512139999999818e+03 2.224894499999999880e+03
8.384999999999999787e+00 1.121736311999999991e+01 2.131416473999999653e+03 2.224894499999999880e+03
8.390000000000000568e+00 1.118329368000000024e+01 2.131700385999999980e+03 2.224894499999999880e+03
8.394999999999999574e+00 1.115514935999999935e+01 2.131934921999999915e+03 2.224894499999999880e+03
8.400000000000000355e+00 1.117218408000000096e+01 2.131792965999999979e+03 2.224894499999999880e+03
8.405000000000001137e+00 1.119477360000000132e+01 2.131604719999999816e+03 2.224894499999999880e+03
8.410000000000000142e+00 1.120032839999999830e+01 2.131558430000000044e+03 2.224894499999999880e+03
8.415000000000000924e+00 1.117218408000000096e+01 2.131792965999999979e+03 2.224894499999999880e+03
8.419999999999999929e+00 1.116070415999999987e+01 2.131888631999999689e+03 2.224894499999999880e+03
8.425000000000000711e+00 1.111552511999999915e+01 2.132265124000000014e+03 2.224894499999999880e+03
8.429999999999999716e+00 1.116070415999999987e+01 2.131888631999999689e+03 2.224894499999999880e+03
8.435000000000000497e+00 1.125698736000000011e+01 2.131086272000000008e+03 2.224894499999999880e+03
8.439999999999999503e+00 1.117218408000000096e+01 2.131792965999999979e+03 2.224894499999999880e+03
8.445000000000000284e+00 1.117773887999999971e+01 2.131746675999999752e+03 2.224894499999999880e+03
8.450000000000001066e+00 1.113811463999999951e+01 2.132076877999999851e+03 2.224894499999999880e+03
8.455000000000000071e+00 1.119477360000000132e+01 2.131604719999999816e+03 2.224894499999999880e+03
8.460000000000000853e+00 1.114366944000000004e+01 2.132030588000000080e+03 2.224894499999999880e+03
8.464999999999999858e+00 1.121736311999999991e+01 2.131416473999999653e+03 2.224894499999999880e+03
8.470000000000000639e+00 1.120032839999999830e+01 2.131558430000000044e+03 2.224894499999999880e+03
8.474999999999999645e+00 1.115514935999999935e+01 2.131934921999999915e+03 2.224894499999999880e+03
8.480000000000000426e+00 1.116662928000000043e+01 2.131839255999999750e+03 2.224894499999999880e+03
8.484999999999999432e+00 1.112700504000000024e+01 2.132169457999999850e+03 2.224894499999999880e+03
8.490000000000000213e+00 1.115514935999999935e+01 2.131934921999999915e+03 2.224894499999999880e+03
8.495000000000000995e+00 1.117218408000000096e+01 2.131792965999999979e+03 2.224894499999999880e+03
8.500000000000000000e+00 1.114959456000000060e+01 2.131981211999999687e+03 2.224894499999999880e+03
8.505000000000000782e+00 1.120032839999999830e+01 2.131558430000000044e+03 2.224894499999999880e+03
8.509999999999999787e+00 1.112700504000000024e+01 2.132169457999999850e+03 2.224894499999999880e+03
8.515000000000000568e+00 1.119477360000000132e+01 2.131604719999999816e+03 2.224894499999999880e+03
8.519999999999999574e+00 1.114959456000000060e+01 2.131981211999999687e+03 2.224894499999999880e+03
8.525000000000000355e+00 1.111552511999999915e+01 2.132265124000000014e+03 2.224894499999999880e+03
8.530000000000001137e+00 1.109293559999999879e+01 2.132453369999999722e+03 2.224894499999999880e+03
8.535000000000000142e+00 1.113255983999999899e+01 2.132123168000000078e+03 2.224894499999999880e+03
8.540000000000000924e+00 1.112700504000000024e+01 2.132169457999999850e+03 2.224894499999999880e+03
8.544999999999999929e+00 1.114366944000000004e+01 2.132030588000000080e+03 2.224894499999999880e+03
8.550000000000000711e+00 1.117773887999999971e+01 2.131746675999999752e+03 2.224894499999999880e+03
8.554999999999999716e+00 1.118329368000000024e+01 2.131700385999999980e+03 2.224894499999999880e+03
8.560000000000000497e+00 1.120588319999999882e+01 2.131512139999999818e+03 2.224894499999999880e+03
8.564999999999999503e+00 1.117773887999999971e+01 2.131746675999999752e+03 2.224894499999999880e+03
8.570000000000000284e+00 1.120032839999999830e+01 2.131558430000000044e+03 2.224894499999999880e+03
8.575000000000001066e+00 1.123995264000000027e+01 2.131228227999999945e+03 2.224894499999999880e+03
8.580000000000000071e+00 1.120032839999999830e+01 2.131558430000000044e+03 2.224894499999999880e+03
8.585000000000000853e+00 1.118329368000000024e+01 2.131700385999999980e+03 2.224894499999999880e+03
8.589999999999999858e+00 1.124550744000000080e+01 2.131181937999999718e+03 2.224894499999999880e+03
8.595000000000000639e+00 1.118921880000000080e+01 2.131651010000000042e+03 2.224894499999999880e+03
8.599999999999999645e+00 1.114959456000000060e+01 2.131981211999999687e+03 2.224894499999999880e+03
8.605000000000000426e+00 1.113255983999999899e+01 2.132123168000000078e+03 2.224894499999999880e+03
8.609999999999999432e+00 1.117218408000000096e+01 2.131792965999999979e+03 2.224894499999999880e+03
8.615000000000000213e+00 1.120588319999999882e+01 2.131512139999999818e+03 2.224894499999999880e+03
8.620000000000000995e+00 1.119477360000000132e+01 2.131604719999999816e+03 2.224894499999999880e+03
8.625000000000000000e+00 1.117218408000000096e+01 2.131792965999999979e+03 2.224894499999999880e+03
8.630000000000000782e+00 1.117773887999999971e+01 2.131746675999999752e+03 2.224894499999999880e+03
8.634999999999999787e+00 1.116070415999999987e+01 2.131888631999999689e+03 2.224894499999999880e+03
8.640000000000000568e+00 1.117773887999999971e+01 2.131746675999999752e+03 2.224894499999999880e+03
8.644999999999999574e+00 1.119477360000000132e+01 2.131604719999999816e+03 2.224894499999999880e+03
8.650000000000000355e+00 1.116070415999999987e+01 2.131888631999999689e+03 2.224894499999999880e+03
8.655000000000001137e+00 1.113255983999999899e+01 2.132123168000000078e+03 2.224894499999999880e+03
8.660000000000000142e+00 1.111552511999999915e+01 2.132265124000000014e+03 2.224894499999999880e+03
8.665000000000000924e+00 1.116070415999999987e+01 2.131888631999999689e+03 2.224894499999999880e+03
8.669999999999999929e+00 1.117773887999999971e+01 2.131746675999999752e+03 2.224894499999999880e+03
8.675000000000000711e+00 1.112107991999999967e+01 2.132218833999999788e+03 2.224894499999999880e+03
8.679999999999999716e+00 1.110997031999999862e+01 2.132311413999999786e+03 2.224894499999999880e+03
8.685000000000000497e+00 1.108182600000000129e+01 2.132545949999999721e+03 2.224894499999999880e+03
8.689999999999999503e+00 1.109293559999999879e+01 2.132453369999999722e+03 2.224894499999999880e+03
8.695000000000000284e+00 1.109849039999999931e+01 2.132407079999999951e+03 2.224894499999999880e+03
8.700000000000001066e+00 1.107590087999999895e+01 2.132595325999999659e+03 2.224894499999999880e+03
8.705000000000000071e+00 1.109293559999999879e+01 2.132453369999999722e+03 2.224894499999999880e+03
8.710000000000000853e+00 1.110997031999999862e+01 2.132311413999999786e+03 2.224894499999999880e+03
8.714999999999999858e+00 1.104775655999999984e+01 2.132829862000000048e+03 2.224894499999999880e+03
8.720000000000000639e+00 1.104220175999999931e+01 2.132876151999999820e+03 2.224894499999999880e+03
8.724999999999999645e+00 1.103664696000000056e+01 2.132922442000000046e+03 2.224894499999999880e+03
8.730000000000000426e+00 1.107034608000000020e+01 2.132641615999999885e+03 2.224894499999999880e+03
8.734999999999999432e+00 1.100813231999999964e+01 2.133160063999999693e+03 2.224894499999999880e+03
8.740000000000000213e+00 1.100813231999999964e+01 2.133160063999999693e+03 2.224894499999999880e+03
8.745000000000000995e+00 1.101405744000000020e+01 2.133110687999999755e+03 2.224894499999999880e+03
8.750000000000000000e+00 1.107590087999999895e+01 2.132595325999999659e+03 2.224894499999999880e+03
8.755000000000000782e+00 1.105331136000000036e+01 2.132783571999999822e+03 2.224894499999999880e+03
8.759999999999999787e+00 1.102516703999999947e+01 2.133018107999999756e+03 2.224894499999999880e+03
8.765000000000000568e+00 1.103072184000000000e+01 2.132971817999999985e+03 2.224894499999999880e+03
8.769999999999999574e+00 1.105923648000000092e+01 2.132734195999999883e+03 2.224894499999999880e+03
8.775000000000000355e+00 1.103072184000000000e+01 2.132971817999999985e+03 2.224894499999999880e+03
8.780000000000001137e+00 1.105331136000000036e+01 2.132783571999999822e+03 2.224894499999999880e+03
8.785000000000000142e+00 1.108182600000000129e+01 2.132545949999999721e+03 2.224894499999999880e+03
8.790000000000000924e+00 1.112107991999999967e+01 2.132218833999999788e+03 2.224894499999999880e+03
8.794999999999999929e+00 1.108182600000000129e+01 2.132545949999999721e+03 2.224894499999999880e+03
8.800000000000000711e+00 1.107590087999999895e+01 2.132595325999999659e+03 2.224894499999999880e+03
8.804999999999999716e+00 1.105331136000000036e+01 2.132783571999999822e+03 2.224894499999999880e+03
8.810000000000000497e+00 1.112700504000000024e+01 2.132169457999999850e+03 2.224894499999999880e+03
8.814999999999999503e+00 1.105923648000000092e+01 2.132734195999999883e+03 2.224894499999999880e+03
8.820000000000000284e+00 1.107590087999999895e+01 2.132595325999999659e+03 2.224894499999999880e+03
8.825000000000001066e+00 1.109293559999999879e+01 2.132453369999999722e+03 2.224894499999999880e+03
8.830000000000000071e+00 1.118921880000000080e+01 2.131651010000000042e+03 2.224894499999999880e+03
8.835000000000000853e+00 1.116662928000000043e+01 2.131839255999999750e+03 2.224894499999999880e+03
8.839999999999999858e+00 1.118329368000000024e+01 2.131700385999999980e+03 2.224894499999999880e+03
8.845000000000000639e+00 1.114366944000000004e+01 2.132030588000000080e+03 2.224894499999999880e+03
8.849999999999999645e+00 1.115514935999999935e+01 2.131934921999999915e+03 2.224894499999999880e+03
8.855000000000000426e+00 1.110441551999999987e+01 2.132357704000000012e+03 2.224894499999999880e+03
8.859999999999999432e+00 1.111552511999999915e+01 2.132265124000000014e+03 2.224894499999999880e+03
8.865000000000000213e+00 1.117773887999999971e+01 2.131746675999999752e+03 2.224894499999999880e+03
8.870000000000000995e+00 1.120032839999999830e+01 2.131558430000000044e+03 2.224894499999999880e+03
8.875000000000000000e+00 1.114959456000000060e+01 2.131981211999999687e+03 2.224894499999999880e+03
8.880000000000000782e+00 1.116070415999999987e+01 2.131888631999999689e+03 2.224894499999999880e+03
8.884999999999999787e+00 1.117218408000000096e+01 2.131792965999999979e+03 2.224894499999999880e+03
8.890000000000000568e+00 1.118921880000000080e+01 2.131651010000000042e+03 2.224894499999999880e+03
8.894999999999999574e+00 1.123439783999999975e+01 2.131274517999999716e+03 2.224894499999999880e+03
8.900000000000000355e+00 1.114366944000000004e+01 2.132030588000000080e+03 2.224894499999999880e+03
8.905000000000001137e+00 1.117218408000000096e+01 2.131792965999999979e+03 2.224894499999999880e+03
8.910000000000000142e+00 1.119477360000000132e+01 2.131604719999999816e+03 2.224894499999999880e+03
8.915000000000000924e+00 1.120588319999999882e+01 2.131512139999999818e+03 2.224894499999999880e+03
8.919999999999999929e+00 1.121180831999999938e+01 2.131462763999999879e+03 2.224894499999999880e+03
8.925000000000000711e+00 1.118329368000000024e+01 2.131700385999999980e+03 2.224894499999999880e+03
8.929999999999999716e+00 1.115514935999999935e+01 2.131934921999999915e+03 2.224894499999999880e+03
8.935000000000000497e+00 1.114959456000000060e+01 2.131981211999999687e+03 2.224894499999999880e+03
8.939999999999999503e+00 1.118921880000000080e+01 2.131651010000000042e+03 2.224894499999999880e+03
8.945000000000000284e+00 1.118329368000000024e+01 2.131700385999999980e+03 2.224894499999999880e+03
8.950000000000001066e+00 1.112107991999999967e+01 2.132218833999999788e+03 2.224894499999999880e+03
8.955000000000000071e+00 1.109293559999999879e+01 2.132453369999999722e+03 2.224894499999999880e+03
8.960000000000000853e+00 1.104775655999999984e+01 2.132829862000000048e+03 2.224894499999999880e+03
8.964999999999999858e+00 1.111552511999999915e+01 2.132265124000000014e+03 2.224894499999999880e+03
8.970000000000000639e+00 1.108182600000000129e+01 2.132545949999999721e+03 2.224894499999999880e+03
8.974999999999999645e+00 1.107590087999999895e+01 2.132595325999999659e+03 2.224894499999999880e+03
8.980000000000000426e+00 1.106479127999999967e+01 2.132687906000000112e+03 2.224894499999999880e+03
8.984999999999999432e+00 1.104775655999999984e+01 2.132829862000000048e+03 2.224894499999999880e+03
8.990000000000000213e+00 1.105331136000000036e+01 2.132783571999999822e+03 2.224894499999999880e+03
8.995000000000000995e+00 1.104775655999999984e+01 2.132829862000000048e+03 2.224894499999999880e+03
9.000000000000000000e+00 1.103664696000000056e+01 2.132922442000000046e+03 2.224894499999999880e+03
9.005000000000000782e+00 1.100813231999999964e+01 2.133160063999999693e+03 2.224894499999999880e+03
9.009999999999999787e+00 1.099109759999999980e+01 2.133302020000000084e+03 2.224894499999999880e+03
9.015000000000000568e+00 1.097998799999999875e+01 2.133394600000000082e+03 2.224894499999999880e+03
9.019999999999999574e+00 1.103072184000000000e+01 2.132971817999999985e+03 2.224894499999999880e+03
9.025000000000000355e+00 1.101961223999999895e+01 2.133064397999999983e+03 2.224894499999999880e+03
9.030000000000001137e+00 1.100257751999999911e+01 2.133206353999999919e+03 2.224894499999999880e+03
9.035000000000000142e+00 1.097998799999999875e+01 2.133394600000000082e+03 2.224894499999999880e+03
9.040000000000000924e+00 1.104775655999999984e+01 2.132829862000000048e+03 2.224894499999999880e+03
9.044999999999999929e+00 1.105923648000000092e+01 2.132734195999999883e+03 2.224894499999999880e+03
9.050000000000000711e+00 1.112700504000000024e+01 2.132169457999999850e+03 2.224894499999999880e+03
9.054999999999999716e+00 1.108182600000000129e+01 2.132545949999999721e+03 2.224894499999999880e+03
9.060000000000000497e+00 1.109293559999999879e+01 2.132453369999999722e+03 2.224894499999999880e+03
9.064999999999999503e+00 1.104775655999999984e+01 2.132829862000000048e+03 2.224894499999999880e+03
9.070000000000000284e+00 1.104775655999999984e+01 2.132829862000000048e+03 2.224894499999999880e+03
9.075000000000001066e+00 1.099702271999999859e+01 2.133252643999999691e+03 2.224894499999999880e+03
9.080000000000000071e+00 1.097998799999999875e+01 2.133394600000000082e+03 2.224894499999999880e+03
9.085000000000000853e+00 1.092332904000000049e+01 2.133866757999999663e+03 2.224894499999999880e+03
9.089999999999999858e+00 1.095739848000000016e+01 2.133582845999999790e+03 2.224894499999999880e+03
9.095000000000000639e+00 1.100813231999999964e+01 2.133160063999999693e+03 2.224894499999999880e+03
9.099999999999999645e+00 1.099702271999999859e+01 2.133252643999999691e+03 2.224894499999999880e+03
9.105000000000000426e+00 1.097443319999999822e+01 2.133440889999999854e+03 2.224894499999999880e+03
9.109999999999999432e+00 1.105923648000000092e+01 2.132734195999999883e+03 2.224894499999999880e+03
9.115000000000000213e+00 1.100813231999999964e+01 2.133160063999999693e+03 2.224894499999999880e+03
9.120000000000000995e+00 1.103664696000000056e+01 2.132922442000000046e+03 2.224894499999999880e+03
9.125000000000000000e+00 1.104220175999999931e+01 2.132876151999999820e+03 2.224894499999999880e+03
9.130000000000000782e+00 1.102516703999999947e+01 2.133018107999999756e+03 2.224894499999999880e+03
9.134999999999999787e+00 1.109293559999999879e+01 2.132453369999999722e+03 2.224894499999999880e+03
9.140000000000000568e+00 1.108738079999999826e+01 2.132499659999999949e+03 2.224894499999999880e+03
9.144999999999999574e+00 1.111552511999999915e+01 2.132265124000000014e+03 2.224894499999999880e+03
9.150000000000000355e+00 1.101961223999999895e+01 2.133064397999999983e+03 2.224894499999999880e+03
9.155000000000001137e+00 1.105331136000000036e+01 2.132783571999999822e+03 2.224894499999999880e+03
9.160000000000000142e+00 1.107590087999999895e+01 2.132595325999999659e+03 2.224894499999999880e+03
9.165000000000000924e+00 1.107034608000000020e+01 2.132641615999999885e+03 2.224894499999999880e+03
9.169999999999999929e+00 1.102516703999999947e+01 2.133018107999999756e+03 2.224894499999999880e+03
9.175000000000000711e+00 1.102516703999999947e+01 2.133018107999999756e+03 2.224894499999999880e+03
9.179999999999999716e+00 1.103072184000000000e+01 2.132971817999999985e+03 2.224894499999999880e+03
9.185000000000000497e+00 1.101405744000000020e+01 2.133110687999999755e+03 2.224894499999999880e+03
9.189999999999999503e+00 1.104775655999999984e+01 2.132829862000000048e+03 2.224894499999999880e+03
9.195000000000000284e+00 1.110441551999999987e+01 2.132357704000000012e+03 2.224894499999999880e+03
9.200000000000001066e+00 1.111552511999999915e+01 2.132265124000000014e+03 2.224894499999999880e+03
9.205000000000000071e+00 1.103072184000000000e+01 2.132971817999999985e+03 2.224894499999999880e+03
9.210000000000000853e+00 1.109293559999999879e+01 2.132453369999999722e+03 2.224894499999999880e+03
9.214999999999999858e+00 1.108738079999999826e+01 2.132499659999999949e+03 2.224894499999999880e+03
9.220000000000000639e+00 1.104775655999999984e+01 2.132829862000000048e+03 2.224894499999999880e+03
9.224999999999999645e+00 1.108182600000000129e+01 2.132545949999999721e+03 2.224894499999999880e+03
9.230000000000000426e+00 1.104220175999999931e+01 2.132876151999999820e+03 2.224894499999999880e+03
9.234999999999999432e+00 1.107590087999999895e+01 2.132595325999999659e+03 2.224894499999999880e+03
9.240000000000000213e+00 1.103072184000000000e+01 2.132971817999999985e+03 2.224894499999999880e+03
9.245000000000000995e+00 1.105923648000000092e+01 2.132734195999999883e+03 2.224894499999999880e+03
9.250000000000000000e+00 1.101961223999999895e+01 2.133064397999999983e+03 2.224894499999999880e+03
9.255000000000000782e+00 1.103072184000000000e+01 2.132971817999999985e+03 2.224894499999999880e+03
9.259999999999999787e+00 1.107034608000000020e+01 2.132641615999999885e+03 2.224894499999999880e+03
9.265000000000000568e+00 1.103664696000000056e+01 2.132922442000000046e+03 2.224894499999999880e+03
9.269999999999999574e+00 1.096295327999999891e+01 2.133536556000000019e+03 2.224894499999999880e+03
9.275000000000000355e+00 1.097443319999999822e+01 2.133440889999999854e+03 2.224894499999999880e+03
9.280000000000001137e+00 1.091777423999999996e+01 2.133913047999999890e+03 2.224894499999999880e+03
9.285000000000000142e+00 1.088962991999999907e+01 2.134147583999999824e+03 2.224894499999999880e+03
9.290000000000000924e+00 1.087259519999999924e+01 2.134289539999999761e+03 2.224894499999999880e+03
9.294999999999999929e+00 1.092332904000000049e+01 2.133866757999999663e+03 2.224894499999999880e+03
9.300000000000000711e+00 1.096295327999999891e+01 2.133536556000000019e+03 2.224894499999999880e+03
9.304999999999999716e+00 1.090073952000000013e+01 2.134055003999999826e+03 2.224894499999999880e+03
9.310000000000000497e+00 1.088962991999999907e+01 2.134147583999999824e+03 2.224894499999999880e+03
9.314999999999999503e+00 1.094036376000000033e+01 2.133724801999999727e+03 2.224894499999999880e+03
9.320000000000000284e+00 1.091777423999999996e+01 2.133913047999999890e+03 2.224894499999999880e+03
9.325000000000001066e+00 1.092332904000000049e+01 2.133866757999999663e+03 2.224894499999999880e+03
9.330000000000000071e+00 1.090666463999999891e+01 2.134005627999999888e+03 2.224894499999999880e+03
9.335000000000000853e+00 1.091221943999999944e+01 2.133959337999999661e+03 2.224894499999999880e+03
9.339999999999999858e+00 1.092925415999999927e+01 2.133817381999999725e+03 2.224894499999999880e+03
9.345000000000000639e+00 1.094591856000000085e+01 2.133678511999999955e+03 2.224894499999999880e+03
9.349999999999999645e+00 1.086111527999999993e+01 2.134385205999999926e+03 2.224894499999999880e+03
9.355000000000000426e+00 1.092332904000000049e+01 2.133866757999999663e+03 2.224894499999999880e+03
9.359999999999999432e+00 1.087814999999999976e+01 2.134243249999999989e+03 2.224894499999999880e+03
9.365000000000000213e+00 1.091221943999999944e+01 2.133959337999999661e+03 2.224894499999999880e+03
9.370000000000000995e+00 1.092925415999999927e+01 2.133817381999999725e+03 2.224894499999999880e+03
9.375000000000000000e+00 1.090666463999999891e+01 2.134005627999999888e+03 2.224894499999999880e+03
9.380000000000000782e+00 1.087259519999999924e+01 2.134289539999999761e+03 2.224894499999999880e+03
9.384999999999999787e+00 1.085000567999999888e+01 2.134477785999999924e+03 2.224894499999999880e+03
9.390000000000000568e+00 1.086111527999999993e+01 2.134385205999999926e+03 2.224894499999999880e+03
9.394999999999999574e+00 1.096295327999999891e+01 2.133536556000000019e+03 2.224894499999999880e+03
9.400000000000000355e+00 1.091221943999999944e+01 2.133959337999999661e+03 2.224894499999999880e+03
9.405000000000001137e+00 1.091221943999999944e+01 2.133959337999999661e+03 2.224894499999999880e+03
9.410000000000000142e+00 1.092332904000000049e+01 2.133866757999999663e+03 2.224894499999999880e+03
9.415000000000000924e+00 1.094591856000000085e+01 2.133678511999999955e+03 2.224894499999999880e+03
9.419999999999999929e+00 1.090666463999999891e+01 2.134005627999999888e+03 2.224894499999999880e+03
9.425000000000000711e+00 1.092332904000000049e+01 2.133866757999999663e+03 2.224894499999999880e+03
9.429999999999999716e+00 1.082186135999999976e+01 2.134712321999999858e+03 2.224894499999999880e+03
9.435000000000000497e+00 1.081038144000000045e+01 2.134807988000000023e+03 2.224894499999999880e+03
9.439999999999999503e+00 1.089518471999999960e+01 2.134101294000000053e+03 2.224894499999999880e+03
9.445000000000000284e+00 1.095184367999999964e+01 2.133629136000000017e+03 2.224894499999999880e+03
9.450000000000001066e+00 1.091221943999999944e+01 2.133959337999999661e+03 2.224894499999999880e+03
9.455000000000000071e+00 1.092925415999999927e+01 2.133817381999999725e+03 2.224894499999999880e+03
9.460000000000000853e+00 1.091221943999999944e+01 2.133959337999999661e+03 2.224894499999999880e+03
9.464999999999999858e+00 1.095184367999999964e+01 2.133629136000000017e+03 2.224894499999999880e+03
9.470000000000000639e+00 1.096850807999999944e+01 2.133490265999999792e+03 2.224894499999999880e+03
9.474999999999999645e+00 1.093480895999999980e+01 2.133771091999999953e+03 2.224894499999999880e+03
9.480000000000000426e+00 1.096295327999999891e+01 2.133536556000000019e+03 2.224894499999999880e+03
9.484999999999999432e+00 1.090666463999999891e+01 2.134005627999999888e+03 2.224894499999999880e+03
9.490000000000000213e+00 1.096295327999999891e+01 2.133536556000000019e+03 2.224894499999999880e+03
9.495000000000000995e+00 1.103664696000000056e+01 2.132922442000000046e+03 2.224894499999999880e+03
9.500000000000000000e+00 1.097998799999999875e+01 2.133394600000000082e+03 2.224894499999999880e+03
9.505000000000000782e+00 1.096850807999999944e+01 2.133490265999999792e+03 2.224894499999999880e+03
9.509999999999999787e+00 1.097998799999999875e+01 2.133394600000000082e+03 2.224894499999999880e+03
9.515000000000000568e+00 1.093480895999999980e+01 2.133771091999999953e+03 2.224894499999999880e+03
9.519999999999999574e+00 1.093480895999999980e+01 2.133771091999999953e+03 2.224894499999999880e+03
9.525000000000000355e+00 1.094036376000000033e+01 2.133724801999999727e+03 2.224894499999999880e+03
9.530000000000001137e+00 1.089518471999999960e+01 2.134101294000000053e+03 2.224894499999999880e+03
9.535000000000000142e+00 1.087259519999999924e+01 2.134289539999999761e+03 2.224894499999999880e+03
9.540000000000000924e+00 1.095739848000000016e+01 2.133582845999999790e+03 2.224894499999999880e+03
9.544999999999999929e+00 1.095184367999999964e+01 2.133629136000000017e+03 2.224894499999999880e+03
9.550000000000000711e+00 1.088962991999999907e+01 2.134147583999999824e+03 2.224894499999999880e+03
9.554999999999999716e+00 1.090666463999999891e+01 2.134005627999999888e+03 2.224894499999999880e+03
9.560000000000000497e+00 1.096850807999999944e+01 2.133490265999999792e+03 2.224894499999999880e+03
9.564999999999999503e+00 1.096850807999999944e+01 2.133490265999999792e+03 2.224894499999999880e+03
9.570000000000000284e+00 1.094036376000000033e+01 2.133724801999999727e+03 2.224894499999999880e+03
9.575000000000001066e+00 1.090073952000000013e+01 2.134055003999999826e+03 2.224894499999999880e+03
9.580000000000000071e+00 1.086111527999999993e+01 2.134385205999999926e+03 2.224894499999999880e+03
9.585000000000000853e+00 1.083852575999999956e+01 2.134573452000000088e+03 2.224894499999999880e+03
9.589999999999999858e+00 1.085556047999999940e+01 2.134431495999999697e+03 2.224894499999999880e+03
9.595000000000000639e+00 1.083852575999999956e+01 2.134573452000000088e+03 2.224894499999999880e+03
9.599999999999999645e+00 1.077075720000000025e+01 2.135138189999999668e+03 2.224894499999999880e+03
9.605000000000000426e+00 1.080482663999999993e+01 2.134854277999999795e+03 2.224894499999999880e+03
9.609999999999999432e+00 1.086704039999999871e+01 2.134335829999999987e+03 2.224894499999999880e+03
9.615000000000000213e+00 1.086111527999999993e+01 2.134385205999999926e+03 2.224894499999999880e+03
9.620000000000000995e+00 1.086111527999999993e+01 2.134385205999999926e+03 2.224894499999999880e+03
9.625000000000000000e+00 1.092925415999999927e+01 2.133817381999999725e+03 2.224894499999999880e+03
9.630000000000000782e+00 1.094591856000000085e+01 2.133678511999999955e+03 2.224894499999999880e+03
9.634999999999999787e+00 1.091777423999999996e+01 2.133913047999999890e+03 2.224894499999999880e+03
9.640000000000000568e+00 1.086111527999999993e+01 2.134385205999999926e+03 2.224894499999999880e+03
9.644999999999999574e+00 1.090666463999999891e+01 2.134005627999999888e+03 2.224894499999999880e+03
9.650000000000000355e+00 1.089518471999999960e+01 2.134101294000000053e+03 2.224894499999999880e+03
9.655000000000001137e+00 1.085556047999999940e+01 2.134431495999999697e+03 2.224894499999999880e+03
9.660000000000000142e+00 1.087259519999999924e+01 2.134289539999999761e+03 2.224894499999999880e+03
9.665000000000000924e+00 1.083852575999999956e+01 2.134573452000000088e+03 2.224894499999999880e+03
9.669999999999999929e+00 1.090666463999999891e+01 2.134005627999999888e+03 2.224894499999999880e+03
9.675000000000000711e+00 1.091221943999999944e+01 2.133959337999999661e+03 2.224894499999999880e+03
9.679999999999999716e+00 1.102516703999999947e+01 2.133018107999999756e+03 2.224894499999999880e+03
9.685000000000000497e+00 1.097443319999999822e+01 2.133440889999999854e+03 2.224894499999999880e+03
9.689999999999999503e+00 1.094591856000000085e+01 2.133678511999999955e+03 2.224894499999999880e+03
9.695000000000000284e+00 1.094036376000000033e+01 2.133724801999999727e+03 2.224894499999999880e+03
9.700000000000001066e+00 1.094036376000000033e+01 2.133724801999999727e+03 2.224894499999999880e+03
9.705000000000000071e+00 1.088962991999999907e+01 2.134147583999999824e+03 2.224894499999999880e+03
9.710000000000000853e+00 1.092925415999999927e+01 2.133817381999999725e+03 2.224894499999999880e+03
9.714999999999999858e+00 1.097998799999999875e+01 2.133394600000000082e+03 2.224894499999999880e+03
9.720000000000000639e+00 1.092925415999999927e+01 2.133817381999999725e+03 2.224894499999999880e+03
9.724999999999999645e+00 1.095739848000000016e+01 2.133582845999999790e+03 2.224894499999999880e+03
9.730000000000000426e+00 1.088962991999999907e+01 2.134147583999999824e+03 2.224894499999999880e+03
9.734999999999999432e+00 1.087259519999999924e+01 2.134289539999999761e+03 2.224894499999999880e+03
9.740000000000000213e+00 1.087259519999999924e+01 2.134289539999999761e+03 2.224894499999999880e+03
9.745000000000000995e+00 1.091777423999999996e+01 2.133913047999999890e+03 2.224894499999999880e+03
9.750000000000000000e+00 1.080482663999999993e+01 2.134854277999999795e+03 2.224894499999999880e+03
9.755000000000000782e+00 1.079334672000000062e+01 2.134949943999999959e+03 2.224894499999999880e+03
9.759999999999999787e+00 1.088407511999999855e+01 2.134193874000000051e+03 2.224894499999999880e+03
9.765000000000000568e+00 1.085556047999999940e+01 2.134431495999999697e+03 2.224894499999999880e+03
9.769999999999999574e+00 1.080482663999999993e+01 2.134854277999999795e+03 2.224894499999999880e+03
9.775000000000000355e+00 1.081593624000000098e+01 2.134761697999999797e+03 2.224894499999999880e+03
9.780000000000001137e+00 1.087814999999999976e+01 2.134243249999999989e+03 2.224894499999999880e+03
9.785000000000000142e+00 1.088962991999999907e+01 2.134147583999999824e+03 2.224894499999999880e+03
9.790000000000000924e+00 1.097443319999999822e+01 2.133440889999999854e+03 2.224894499999999880e+03
9.794999999999999929e+00 1.091777423999999996e+01 2.133913047999999890e+03 2.224894499999999880e+03
9.800000000000000711e+00 1.099109759999999980e+01 2.133302020000000084e+03 2.224894499999999880e+03
9.804999999999999716e+00 1.096295327999999891e+01 2.133536556000000019e+03 2.224894499999999880e+03
9.810000000000000497e+00 1.096850807999999944e+01 2.133490265999999792e+03 2.224894499999999880e+03
9.814999999999999503e+00 1.093480895999999980e+01 2.133771091999999953e+03 2.224894499999999880e+03
9.820000000000000284e+00 1.090666463999999891e+01 2.134005627999999888e+03 2.224894499999999880e+03
9.825000000000001066e+00 1.089518471999999960e+01 2.134101294000000053e+03 2.224894499999999880e+03
9.830000000000000071e+00 1.091777423999999996e+01 2.133913047999999890e+03 2.224894499999999880e+03
9.835000000000000853e+00 1.092925415999999927e+01 2.133817381999999725e+03 2.224894499999999880e+03
9.839999999999999858e+00 1.093480895999999980e+01 2.133771091999999953e+03 2.224894499999999880e+03
9.845000000000000639e+00 1.092332904000000049e+01 2.133866757999999663e+03 2.224894499999999880e+03
9.849999999999999645e+00 1.088962991999999907e+01 2.134147583999999824e+03 2.224894499999999880e+03
9.855000000000000426e+00 1.086111527999999993e+01 2.134385205999999926e+03 2.224894499999999880e+03
9.859999999999999432e+00 1.092332904000000049e+01 2.133866757999999663e+03 2.224894499999999880e+03
9.865000000000000213e+00 1.090073952000000013e+01 2.134055003999999826e+03 2.224894499999999880e+03
9.870000000000000995e+00 1.090666463999999891e+01 2.134005627999999888e+03 2.224894499999999880e+03
9.875000000000000000e+00 1.090666463999999891e+01 2.134005627999999888e+03 2.224894499999999880e+03
9.880000000000000782e+00 1.087814999999999976e+01 2.134243249999999989e+03 2.224894499999999880e+03
9.884999999999999787e+00 1.084445088000000013e+01 2.134524075999999695e+03 2.224894499999999880e+03
9.890000000000000568e+00 1.086111527999999993e+01 2.134385205999999926e+03 2.224894499999999880e+03
9.894999999999999574e+00 1.079927183999999940e+01 2.134900568000000021e+03 2.224894499999999880e+03
9.900000000000000355e+00 1.085000567999999888e+01 2.134477785999999924e+03 2.224894499999999880e+03
9.905000000000001137e+00 1.085000567999999888e+01 2.134477785999999924e+03 2.224894499999999880e+03
9.910000000000000142e+00 1.082186135999999976e+01 2.134712321999999858e+03 2.224894499999999880e+03
9.915000000000000924e+00 1.085556047999999940e+01 2.134431495999999697e+03 2.224894499999999880e+03
9.919999999999999929e+00 1.086704039999999871e+01 2.134335829999999987e+03 2.224894499999999880e+03
9.925000000000000711e+00 1.085556047999999940e+01 2.134431495999999697e+03 2.224894499999999880e+03
9.929999999999999716e+00 1.085000567999999888e+01 2.134477785999999924e+03 2.224894499999999880e+03
9.935000000000000497e+00 1.082741616000000029e+01 2.134666032000000087e+03 2.224894499999999880e+03
9.939999999999999503e+00 1.083852575999999956e+01 2.134573452000000088e+03 2.224894499999999880e+03
9.945000000000000284e+00 1.091221943999999944e+01 2.133959337999999661e+03 2.224894499999999880e+03
9.950000000000001066e+00 1.092332904000000049e+01 2.133866757999999663e+03 2.224894499999999880e+03
9.955000000000000071e+00 1.092332904000000049e+01 2.133866757999999663e+03 2.224894499999999880e+03
9.960000000000000853e+00 1.102516703999999947e+01 2.133018107999999756e+03 2.224894499999999880e+03
9.964999999999999858e+00 1.095184367999999964e+01 2.133629136000000017e+03 2.224894499999999880e+03
9.970000000000000639e+00 1.090073952000000013e+01 2.134055003999999826e+03 2.224894499999999880e+03
9.974999999999999645e+00 1.088407511999999855e+01 2.134193874000000051e+03 2.224894499999999880e+03
9.980000000000000426e+00 1.085000567999999888e+01 2.134477785999999924e+03 2.224894499999999880e+03
9.984999999999999432e+00 1.086704039999999871e+01 2.134335829999999987e+03 2.224894499999999880e+03
9.990000000000000213e+00 1.090666463999999891e+01 2.134005627999999888e+03 2.224894499999999880e+03
9.995000000000000995e+00 1.090073952000000013e+01 2.134055003999999826e+03 2.224894499999999880e+03
1.000000000000000000e+01 1.092332904000000049e+01 2.133866757999999663e+03 2.224894499999999880e+03
1.000500000000000078e+01 1.086111527999999993e+01 2.134385205999999926e+03 2.224894499999999880e+03
1.000999999999999979e+01 1.086704039999999871e+01 2.134335829999999987e+03 2.224894499999999880e+03
1.001500000000000057e+01 1.088407511999999855e+01 2.134193874000000051e+03 2.224894499999999880e+03
1.001999999999999957e+01 1.090073952000000013e+01 2.134055003999999826e+03 2.224894499999999880e+03
1.002500000000000036e+01 1.085556047999999940e+01 2.134431495999999697e+03 2.224894499999999880e+03
1.003000000000000114e+01 1.084445088000000013e+01 2.134524075999999695e+03 2.224894499999999880e+03
1.003500000000000014e+01 1.081593624000000098e+01 2.134761697999999797e+03 2.224894499999999880e+03
1.004000000000000092e+01 1.086704039999999871e+01 2.134335829999999987e+03 2.224894499999999880e+03
1.004499999999999993e+01 1.085556047999999940e+01 2.134431495999999697e+03 2.224894499999999880e+03
1.005000000000000071e+01 1.084445088000000013e+01 2.134524075999999695e+03 2.224894499999999880e+03
1.005499999999999972e+01 1.082186135999999976e+01 2.134712321999999858e+03 2.224894499999999880e+03
1.006000000000000050e+01 1.081593624000000098e+01 2.134761697999999797e+03 2.224894499999999880e+03
1.006499999999999950e+01 1.080482663999999993e+01 2.134854277999999795e+03 2.224894499999999880e+03
1.007000000000000028e+01 1.077075720000000025e+01 2.135138189999999668e+03 2.224894499999999880e+03
1.007500000000000107e+01 1.082186135999999976e+01 2.134712321999999858e+03 2.224894499999999880e+03
1.008000000000000007e+01 1.083852575999999956e+01 2.134573452000000088e+03 2.224894499999999880e+03
1.008500000000000085e+01 1.087259519999999924e+01 2.134289539999999761e+03 2.224894499999999880e+03
1.008999999999999986e+01 1.078223711999999956e+01 2.135042523999999958e+03 2.224894499999999880e+03
1.009500000000000064e+01 1.081593624000000098e+01 2.134761697999999797e+03 2.224894499999999880e+03
1.009999999999999964e+01 1.082186135999999976e+01 2.134712321999999858e+03 2.224894499999999880e+03
1.010500000000000043e+01 1.082741616000000029e+01 2.134666032000000087e+03 2.224894499999999880e+03
1.010999999999999943e+01 1.085000567999999888e+01 2.134477785999999924e+03 2.224894499999999880e+03
1.011500000000000021e+01 1.081593624000000098e+01 2.134761697999999797e+03 2.224894499999999880e+03
1.012000000000000099e+01 1.086111527999999993e+01 2.134385205999999926e+03 2.224894499999999880e+03
1.012500000000000000e+01 1.083852575999999956e+01 2.134573452000000088e+03 2.224894499999999880e+03
1.013000000000000078e+01 1.079334672000000062e+01 2.134949943999999959e+03 2.224894499999999880e+03
1.013499999999999979e+01 1.081038144000000045e+01 2.134807988000000023e+03 2.224894499999999880e+03
1.014000000000000057e+01 1.078223711999999956e+01 2.135042523999999958e+03 2.224894499999999880e+03
1.014499999999999957e+01 1.079927183999999940e+01 2.134900568000000021e+03 2.224894499999999880e+03
1.015000000000000036e+01 1.082741616000000029e+01 2.134666032000000087e+03 2.224894499999999880e+03
1.015500000000000114e+01 1.078779192000000009e+01 2.134996233999999731e+03 2.224894499999999880e+03
1.016000000000000014e+01 1.079927183999999940e+01 2.134900568000000021e+03 2.224894499999999880e+03
1.016500000000000092e+01 1.078779192000000009e+01 2.134996233999999731e+03 2.224894499999999880e+03
1.016999999999999993e+01 1.083852575999999956e+01 2.134573452000000088e+03 2.224894499999999880e+03
1.017500000000000071e+01 1.082186135999999976e+01 2.134712321999999858e+03 2.224894499999999880e+03
1.017999999999999972e+01 1.080482663999999993e+01 2.134854277999999795e+03 2.224894499999999880e+03
1.018500000000000050e+01 1.079334672000000062e+01 2.134949943999999959e+03 2.224894499999999880e+03
1.018999999999999950e+01 1.082186135999999976e+01 2.134712321999999858e+03 2.224894499999999880e+03
1.019500000000000028e+01 1.082741616000000029e+01 2.134666032000000087e+03 2.224894499999999880e+03
1.020000000000000107e+01 1.080482663999999993e+01 2.134854277999999795e+03 2.224894499999999880e+03
1.020500000000000007e+01 1.078223711999999956e+01 2.135042523999999958e+03 2.224894499999999880e+03
1.021000000000000085e+01 1.077668231999999904e+01 2.135088813999999729e+03 2.224894499999999880e+03
1.021499999999999986e+01 1.076520239999999973e+01 2.135184479999999894e+03 2.224894499999999880e+03
1.022000000000000064e+01 1.080482663999999993e+01 2.134854277999999795e+03 2.224894499999999880e+03
1.022499999999999964e+01 1.082741616000000029e+01 2.134666032000000087e+03 2.224894499999999880e+03
1.023000000000000043e+01 1.078223711999999956e+01 2.135042523999999958e+03 2.224894499999999880e+03
1.023499999999999943e+01 1.081038144000000045e+01 2.134807988000000023e+03 2.224894499999999880e+03
1.024000000000000021e+01 1.079927183999999940e+01 2.134900568000000021e+03 2.224894499999999880e+03
1.024500000000000099e+01 1.081038144000000045e+01 2.134807988000000023e+03 2.224894499999999880e+03
1.025000000000000000e+01 1.077075720000000025e+01 2.135138189999999668e+03 2.224894499999999880e+03
1.025500000000000078e+01 1.082186135999999976e+01 2.134712321999999858e+03 2.224894499999999880e+03
1.025999999999999979e+01 1.082186135999999976e+01 2.134712321999999858e+03 2.224894499999999880e+03
1.026500000000000057e+01 1.086111527999999993e+01 2.134385205999999926e+03 2.224894499999999880e+03
1.026999999999999957e+01 1.081593624000000098e+01 2.134761697999999797e+03 2.224894499999999880e+03
1.027500000000000036e+01 1.082186135999999976e+01 2.134712321999999858e+03 2.224894499999999880e+03
1.028000000000000114e+01 1.086111527999999993e+01 2.134385205999999926e+03 2.224894499999999880e+03
1.028500000000000014e+01 1.086111527999999993e+01 2.134385205999999926e+03 2.224894499999999880e+03
1.029000000000000092e+01 1.084445088000000013e+01 2.134524075999999695e+03 2.224894499999999880e+03
1.029499999999999993e+01 1.087814999999999976e+01 2.134243249999999989e+03 2.224894499999999880e+03
1.030000000000000071e+01 1.087259519999999924e+01 2.134289539999999761e+03 2.224894499999999880e+03
1.030499999999999972e+01 1.091221943999999944e+01 2.133959337999999661e+03 2.224894499999999880e+03
1.031000000000000050e+01 1.094591856000000085e+01 2.133678511999999955e+03 2.224894499999999880e+03
1.031499999999999950e+01 1.090073952000000013e+01 2.134055003999999826e+03 2.224894499999999880e+03
1.032000000000000028e+01 1.085000567999999888e+01 2.134477785999999924e+03 2.224894499999999880e+03
1.032500000000000107e+01 1.090666463999999891e+01 2.134005627999999888e+03 2.224894499999999880e+03
1.033000000000000007e+01 1.084445088000000013e+01 2.134524075999999695e+03 2.224894499999999880e+03
1.033500000000000085e+01 1.085556047999999940e+01 2.134431495999999697e+03 2.224894499999999880e+03
1.033999999999999986e+01 1.088962991999999907e+01 2.134147583999999824e+03 2.224894499999999880e+03
1.034500000000000064e+01 1.090073952000000013e+01 2.134055003999999826e+03 2.224894499999999880e+03
1.034999999999999964e+01 1.091221943999999944e+01 2.133959337999999661e+03 2.224894499999999880e+03
1.035500000000000043e+01 1.085556047999999940e+01 2.134431495999999697e+03 2.224894499999999880e+03
1.035999999999999943e+01 1.085556047999999940e+01 2.134431495999999697e+03 2.224894499999999880e+03
1.036500000000000021e+01 1.085000567999999888e+01 2.134477785999999924e+03 2.224894499999999880e+03
1.037000000000000099e+01 1.087259519999999924e+01 2.134289539999999761e+03 2.224894499999999880e+03
1.037500000000000000e+01 1.079334672000000062e+01 2.134949943999999959e+03 2.224894499999999880e+03
1.038000000000000078e+01 1.081593624000000098e+01 2.134761697999999797e+03 2.224894499999999880e+03
1.038499999999999979e+01 1.079334672000000062e+01 2.134949943999999959e+03 2.224894499999999880e+03
1.039000000000000057e+01 1.078779192000000009e+01 2.134996233999999731e+03 2.224894499999999880e+03
1.039499999999999957e+01 1.081038144000000045e+01 2.134807988000000023e+03 2.224894499999999880e+03
1.040000000000000036e+01 1.083297096000000082e+01 2.134619741999999860e+03 2.224894499999999880e+03
1.040500000000000114e+01 1.090666463999999891e+01 2.134005627999999888e+03 2.224894499999999880e+03
1.041000000000000014e+01 1.077668231999999904e+01 2.135088813999999729e+03 2.224894499999999880e+03
1.041500000000000092e+01 1.082741616000000029e+01 2.134666032000000087e+03 2.224894499999999880e+03
1.041999999999999993e+01 1.079334672000000062e+01 2.134949943999999959e+03 2.224894499999999880e+03
1.042500000000000071e+01 1.087814999999999976e+01 2.134243249999999989e+03 2.224894499999999880e+03
1.042999999999999972e+01 1.083297096000000082e+01 2.134619741999999860e+03 2.224894499999999880e+03
1.043500000000000050e+01 1.085556047999999940e+01 2.134431495999999697e+03 2.224894499999999880e+03
1.043999999999999950e+01 1.077075720000000025e+01 2.135138189999999668e+03 2.224894499999999880e+03
1.044500000000000028e+01 1.084445088000000013e+01 2.134524075999999695e+03 2.224894499999999880e+03
1.045000000000000107e+01 1.081038144000000045e+01 2.134807988000000023e+03 2.224894499999999880e+03
1.045500000000000007e+01 1.087259519999999924e+01 2.134289539999999761e+03 2.224894499999999880e+03
1.046000000000000085e+01 1.081593624000000098e+01 2.134761697999999797e+03 2.224894499999999880e+03
1.046499999999999986e+01 1.077075720000000025e+01 2.135138189999999668e+03 2.224894499999999880e+03
1.047000000000000064e+01 1.078779192000000009e+01 2.134996233999999731e+03 2.224894499999999880e+03
1.047499999999999964e+01 1.085000567999999888e+01 2.134477785999999924e+03 2.224894499999999880e+03
1.048000000000000043e+01 1.084445088000000013e+01 2.134524075999999695e+03 2.224894499999999880e+03
1.048499999999999943e+01 1.081593624000000098e+01 2.134761697999999797e+03 2.224894499999999880e+03
1.049000000000000021e+01 1.083297096000000082e+01 2.134619741999999860e+03 2.224894499999999880e+03
1.049500000000000099e+01 1.084445088000000013e+01 2.134524075999999695e+03 2.224894499999999880e+03
1.050000000000000000e+01 1.087259519999999924e+01 2.134289539999999761e+03 2.224894499999999880e+03
1.050500000000000078e+01 1.084445088000000013e+01 2.134524075999999695e+03 2.224894499999999880e+03
1.050999999999999979e+01 1.083852575999999956e+01 2.134573452000000088e+03 2.224894499999999880e+03
1.051500000000000057e+01 1.075409279999999868e+01 2.135277059999999892e+03 2.224894499999999880e+03
1.051999999999999957e+01 1.085556047999999940e+01 2.134431495999999697e+03 2.224894499999999880e+03
1.052500000000000036e+01 1.085556047999999940e+01 2.134431495999999697e+03 2.224894499999999880e+03
1.053000000000000114e+01 1.080482663999999993e+01 2.134854277999999795e+03 2.224894499999999880e+03
1.053500000000000014e+01 1.083297096000000082e+01 2.134619741999999860e+03 2.224894499999999880e+03
1.054000000000000092e+01 1.078779192000000009e+01 2.134996233999999731e+03 2.224894499999999880e+03
1.054499999999999993e+01 1.076520239999999973e+01 2.135184479999999894e+03 2.224894499999999880e+03
1.055000000000000071e+01 1.071446856000000025e+01 2.135607261999999992e+03 2.224894499999999880e+03
1.055499999999999972e+01 1.076520239999999973e+01 2.135184479999999894e+03 2.224894499999999880e+03
1.056000000000000050e+01 1.083297096000000082e+01 2.134619741999999860e+03 2.224894499999999880e+03
1.056499999999999950e+01 1.079334672000000062e+01 2.134949943999999959e+03 2.224894499999999880e+03
1.057000000000000028e+01 1.076520239999999973e+01 2.135184479999999894e+03 2.224894499999999880e+03
1.057500000000000107e+01 1.084445088000000013e+01 2.134524075999999695e+03 2.224894499999999880e+03
1.058000000000000007e+01 1.081593624000000098e+01 2.134761697999999797e+03 2.224894499999999880e+03
1.058500000000000085e+01 1.078779192000000009e+01 2.134996233999999731e+03 2.224894499999999880e+03
1.058999999999999986e+01 1.083852575999999956e+01 2.134573452000000088e+03 2.224894499999999880e+03
1.059500000000000064e+01 1.082186135999999976e+01 2.134712321999999858e+03 2.224894499999999880e+03
1.059999999999999964e+01 1.074816767999999989e+01 2.135326435999999831e+03 2.224894499999999880e+03
1.060500000000000043e+01 1.077075720000000025e+01 2.135138189999999668e+03 2.224894499999999880e+03
1.060999999999999943e+01 1.078223711999999956e+01 2.135042523999999958e+03 2.224894499999999880e+03
1.061500000000000021e+01 1.072002336000000078e+01 2.135560971999999765e+03 2.224894499999999880e+03
1.062000000000000099e+01 1.085000567999999888e+01 2.134477785999999924e+03 2.224894499999999880e+03
1.062500000000000000e+01 1.082186135999999976e+01 2.134712321999999858e+03 2.224894499999999880e+03
1.063000000000000078e+01 1.081593624000000098e+01 2.134761697999999797e+03 2.224894499999999880e+03
1.063499999999999979e+01 1.082186135999999976e+01 2.134712321999999858e+03 2.224894499999999880e+03
1.064000000000000057e+01 1.086704039999999871e+01 2.134335829999999987e+03 2.224894499999999880e+03
1.064499999999999957e+01 1.082186135999999976e+01 2.134712321999999858e+03 2.224894499999999880e+03
1.065000000000000036e+01 1.084445088000000013e+01 2.134524075999999695e+03 2.224894499999999880e+03
1.065500000000000114e+01 1.083297096000000082e+01 2.134619741999999860e+03 2.224894499999999880e+03
1.066000000000000014e+01 1.084445088000000013e+01 2.134524075999999695e+03 2.224894499999999880e+03
1.066500000000000092e+01 1.085000567999999888e+01 2.134477785999999924e+03 2.224894499999999880e+03
1.066999999999999993e+01 1.085556047999999940e+01 2.134431495999999697e+03 2.224894499999999880e+03
1.067500000000000071e+01 1.082186135999999976e+01 2.134712321999999858e+03 2.224894499999999880e+03
1.067999999999999972e+01 1.082741616000000029e+01 2.134666032000000087e+03 2.224894499999999880e+03
1.068500000000000050e+01 1.079334672000000062e+01 2.134949943999999959e+03 2.224894499999999880e+03
1.068999999999999950e+01 1.079927183999999940e+01 2.134900568000000021e+03 2.224894499999999880e+03
1.069500000000000028e+01 1.077075720000000025e+01 2.135138189999999668e+03 2.224894499999999880e+03
1.070000000000000107e+01 1.079927183999999940e+01 2.134900568000000021e+03 2.224894499999999880e+03
1.070500000000000007e+01 1.083297096000000082e+01 2.134619741999999860e+03 2.224894499999999880e+03
1.071000000000000085e+01 1.086111527999999993e+01 2.134385205999999926e+03 2.224894499999999880e+03
1.071499999999999986e+01 1.074816767999999989e+01 2.135326435999999831e+03 2.224894499999999880e+03
1.072000000000000064e+01 1.074261287999999936e+01 2.135372726000000057e+03 2.224894499999999880e+03
1.072499999999999964e+01 1.077668231999999904e+01 2.135088813999999729e+03 2.224894499999999880e+03
1.073000000000000043e+01 1.077075720000000025e+01 2.135138189999999668e+03 2.224894499999999880e+03
1.073499999999999943e+01 1.075964759999999920e+01 2.135230769999999666e+03 2.224894499999999880e+03
1.074000000000000021e+01 1.082741616000000029e+01 2.134666032000000087e+03 2.224894499999999880e+03
1.074500000000000099e+01 1.084445088000000013e+01 2.134524075999999695e+03 2.224894499999999880e+03
1.075000000000000000e+01 1.088962991999999907e+01 2.134147583999999824e+03 2.224894499999999880e+03
1.075500000000000078e+01 1.083297096000000082e+01 2.134619741999999860e+03 2.224894499999999880e+03
1.075999999999999979e+01 1.087259519999999924e+01 2.134289539999999761e+03 2.224894499999999880e+03
1.076500000000000057e+01 1.079927183999999940e+01 2.134900568000000021e+03 2.224894499999999880e+03
1.076999999999999957e+01 1.086111527999999993e+01 2.134385205999999926e+03 2.224894499999999880e+03
1.077500000000000036e+01 1.090073952000000013e+01 2.134055003999999826e+03 2.224894499999999880e+03
1.078000000000000114e+01 1.088407511999999855e+01 2.134193874000000051e+03 2.224894499999999880e+03
1.078500000000000014e+01 1.085000567999999888e+01 2.134477785999999924e+03 2.224894499999999880e+03
1.079000000000000092e+01 1.082741616000000029e+01 2.134666032000000087e+03 2.224894499999999880e+03
1.079499999999999993e+01 1.082186135999999976e+01 2.134712321999999858e+03 2.224894499999999880e+03
1.080000000000000071e+01 1.080482663999999993e+01 2.134854277999999795e+03 2.224894499999999880e+03
1.080499999999999972e+01 1.077075720000000025e+01 2.135138189999999668e+03 2.224894499999999880e+03
1.081000000000000050e+01 1.077668231999999904e+01 2.135088813999999729e+03 2.224894499999999880e+03
1.081499999999999950e+01 1.082741616000000029e+01 2.134666032000000087e+03 2.224894499999999880e+03
1.082000000000000028e+01 1.080482663999999993e+01 2.134854277999999795e+03 2.224894499999999880e+03
1.082500000000000107e+01 1.082741616000000029e+01 2.134666032000000087e+03 2.224894499999999880e+03
1.083000000000000007e+01 1.075964759999999920e+01 2.135230769999999666e+03 2.224894499999999880e+03
1.083500000000000085e+01 1.075964759999999920e+01 2.135230769999999666e+03 2.224894499999999880e+03
1.083999999999999986e+01 1.074261287999999936e+01 2.135372726000000057e+03 2.224894499999999880e+03
1.084500000000000064e+01 1.077668231999999904e+01 2.135088813999999729e+03 2.224894499999999880e+03
1.084999999999999964e+01 1.079334672000000062e+01 2.134949943999999959e+03 2.224894499999999880e+03
1.085500000000000043e+01 1.079927183999999940e+01 2.134900568000000021e+03 2.224894499999999880e+03
1.085999999999999943e+01 1.082186135999999976e+01 2.134712321999999858e+03 2.224894499999999880e+03
1.086500000000000021e+01 1.081038144000000045e+01 2.134807988000000023e+03 2.224894499999999880e+03
1.087000000000000099e+01 1.083852575999999956e+01 2.134573452000000088e+03 2.224894499999999880e+03
1.087500000000000000e+01 1.079334672000000062e+01 2.134949943999999959e+03 2.224894499999999880e+03
1.088000000000000078e+01 1.078223711999999956e+01 2.135042523999999958e+03 2.224894499999999880e+03
1.088499999999999979e+01 1.072002336000000078e+01 2.135560971999999765e+03 2.224894499999999880e+03
1.089000000000000057e+01 1.085556047999999940e+01 2.134431495999999697e+03 2.224894499999999880e+03
1.089499999999999957e+01 1.090073952000000013e+01 2.134055003999999826e+03 2.224894499999999880e+03
1.090000000000000036e+01 1.079927183999999940e+01 2.134900568000000021e+03 2.224894499999999880e+03
1.090500000000000114e+01 1.079927183999999940e+01 2.134900568000000021e+03 2.224894499999999880e+03
1.091000000000000014e+01 1.079927183999999940e+01 2.134900568000000021e+03 2.224894499999999880e+03
1.091500000000000092e+01 1.079927183999999940e+01 2.134900568000000021e+03 2.224894499999999880e+03
1.091999999999999993e+01 1.071446856000000025e+01 2.135607261999999992e+03 2.224894499999999880e+03
1.092500000000000071e+01 1.074261287999999936e+01 2.135372726000000057e+03 2.224894499999999880e+03
1.092999999999999972e+01 1.074816767999999989e+01 2.135326435999999831e+03 2.224894499999999880e+03
1.093500000000000050e+01 1.075964759999999920e+01 2.135230769999999666e+03 2.224894499999999880e+03
1.093999999999999950e+01 1.081038144000000045e+01 2.134807988000000023e+03 2.224894499999999880e+03
1.094500000000000028e+01 1.083297096000000082e+01 2.134619741999999860e+03 2.224894499999999880e+03
1.095000000000000107e+01 1.081593624000000098e+01 2.134761697999999797e+03 2.224894499999999880e+03
1.095500000000000007e+01 1.079927183999999940e+01 2.134900568000000021e+03 2.224894499999999880e+03
1.096000000000000085e+01 1.076520239999999973e+01 2.135184479999999894e+03 2.224894499999999880e+03
1.096499999999999986e+01 1.079334672000000062e+01 2.134949943999999959e+03 2.224894499999999880e+03
1.097000000000000064e+01 1.074261287999999936e+01 2.135372726000000057e+03 2.224894499999999880e+03
1.097499999999999964e+01 1.078779192000000009e+01 2.134996233999999731e+03 2.224894499999999880e+03
1.098000000000000043e+01 1.081038144000000045e+01 2.134807988000000023e+03 2.224894499999999880e+03
1.098499999999999943e+01 1.074261287999999936e+01 2.135372726000000057e+03 2.224894499999999880e+03
1.099000000000000021e+01 1.075409279999999868e+01 2.135277059999999892e+03 2.224894499999999880e+03
1.099500000000000099e+01 1.072557815999999953e+01 2.135514681999999993e+03 2.224894499999999880e+03
1.100000000000000000e+01 1.066336440000000074e+01 2.136033129999999801e+03 2.224894499999999880e+03
1.100500000000000078e+01 1.074816767999999989e+01 2.135326435999999831e+03 2.224894499999999880e+03
1.100999999999999979e+01 1.077668231999999904e+01 2.135088813999999729e+03 2.224894499999999880e+03
1.101500000000000057e+01 1.081038144000000045e+01 2.134807988000000023e+03 2.224894499999999880e+03
1.101999999999999957e+01 1.078223711999999956e+01 2.135042523999999958e+03 2.224894499999999880e+03
1.102500000000000036e+01 1.079334672000000062e+01 2.134949943999999959e+03 2.224894499999999880e+03
1.103000000000000114e+01 1.086111527999999993e+01 2.134385205999999926e+03 2.224894499999999880e+03
1.103500000000000014e+01 1.078223711999999956e+01 2.135042523999999958e+03 2.224894499999999880e+03
1.104000000000000092e+01 1.077075720000000025e+01 2.135138189999999668e+03 2.224894499999999880e+03
1.104499999999999993e+01 1.076520239999999973e+01 2.135184479999999894e+03 2.224894499999999880e+03
1.105000000000000071e+01 1.076520239999999973e+01 2.135184479999999894e+03 2.224894499999999880e+03
1.105499999999999972e+01 1.083297096000000082e+01 2.134619741999999860e+03 2.224894499999999880e+03
1.106000000000000050e+01 1.081593624000000098e+01 2.134761697999999797e+03 2.224894499999999880e+03
1.106499999999999950e+01 1.079927183999999940e+01 2.134900568000000021e+03 2.224894499999999880e+03
1.107000000000000028e+01 1.074261287999999936e+01 2.135372726000000057e+03 2.224894499999999880e+03
1.107500000000000107e+01 1.079927183999999940e+01 2.134900568000000021e+03 2.224894499999999880e+03
1.108000000000000007e+01 1.078779192000000009e+01 2.134996233999999731e+03 2.224894499999999880e+03
1.108500000000000085e+01 1.075409279999999868e+01 2.135277059999999892e+03 2.224894499999999880e+03
1.108999999999999986e+01 1.081593624000000098e+01 2.134761697999999797e+03 2.224894499999999880e+03
1.109500000000000064e+01 1.082741616000000029e+01 2.134666032000000087e+03 2.224894499999999880e+03
1.109999999999999964e+01 1.082186135999999976e+01 2.134712321999999858e+03 2.224894499999999880e+03
1.110500000000000043e+01 1.082741616000000029e+01 2.134666032000000087e+03 2.224894499999999880e+03
1.110999999999999943e+01 1.081038144000000045e+01 2.134807988000000023e+03 2.224894499999999880e+03
1.111500000000000021e+01 1.069187903999999989e+01 2.135795507999999700e+03 2.224894499999999880e+03
1.112000000000000099e+01 1.071446856000000025e+01 2.135607261999999992e+03 2.224894499999999880e+03
1.112500000000000000e+01 1.061263055999999949e+01 2.136455911999999898e+03 2.224894499999999880e+03
1.113000000000000078e+01 1.062411047999999880e+01 2.136360245999999734e+03 2.224894499999999880e+03
1.113499999999999979e+01 1.057300631999999929e+01 2.136786113999999998e+03 2.224894499999999880e+03
1.114000000000000057e+01 1.055041679999999893e+01 2.136974359999999706e+03 2.224894499999999880e+03
1.114499999999999957e+01 1.049968295999999945e+01 2.137397141999999803e+03 2.224894499999999880e+03
1.115000000000000036e+01 1.049412816000000070e+01 2.137443432000000030e+03 2.224894499999999880e+03
1.115500000000000114e+01 1.053338207999999909e+01 2.137116316000000097e+03 2.224894499999999880e+03
1.116000000000000014e+01 1.058448624000000038e+01 2.136690447999999833e+03 2.224894499999999880e+03
1.116500000000000092e+01 1.059004104000000090e+01 2.136644158000000061e+03 2.224894499999999880e+03
1.116999999999999993e+01 1.059559583999999965e+01 2.136597867999999835e+03 2.224894499999999880e+03
1.117500000000000071e+01 1.068039912000000058e+01 2.135891173999999864e+03 2.224894499999999880e+03
1.117999999999999972e+01 1.064669999999999916e+01 2.136172000000000025e+03 2.224894499999999880e+03
1.118500000000000050e+01 1.065780960000000022e+01 2.136079420000000027e+03 2.224894499999999880e+03
1.118999999999999950e+01 1.066928951999999953e+01 2.135983753999999863e+03 2.224894499999999880e+03
1.119500000000000028e+01 1.066928951999999953e+01 2.135983753999999863e+03 2.224894499999999880e+03
1.120000000000000107e+01 1.068595392000000110e+01 2.135844884000000093e+03 2.224894499999999880e+03
1.120500000000000007e+01 1.074261287999999936e+01 2.135372726000000057e+03 2.224894499999999880e+03
1.121000000000000085e+01 1.072002336000000078e+01 2.135560971999999765e+03 2.224894499999999880e+03
1.121499999999999986e+01 1.075409279999999868e+01 2.135277059999999892e+03 2.224894499999999880e+03
1.122000000000000064e+01 1.079334672000000062e+01 2.134949943999999959e+03 2.224894499999999880e+03
1.122499999999999964e+01 1.082741616000000029e+01 2.134666032000000087e+03 2.224894499999999880e+03
1.123000000000000043e+01 1.079927183999999940e+01 2.134900568000000021e+03 2.224894499999999880e+03
1.123499999999999943e+01 1.078223711999999956e+01 2.135042523999999958e+03 2.224894499999999880e+03
1.124000000000000021e+01 1.074816767999999989e+01 2.135326435999999831e+03 2.224894499999999880e+03
1.124500000000000099e+01 1.075409279999999868e+01 2.135277059999999892e+03 2.224894499999999880e+03
1.125000000000000000e+01 1.079927183999999940e+01 2.134900568000000021e+03 2.224894499999999880e+03
1.125500000000000078e+01 1.074261287999999936e+01 2.135372726000000057e+03 2.224894499999999880e+03
1.125999999999999979e+01 1.074816767999999989e+01 2.135326435999999831e+03 2.224894499999999880e+03
1.126500000000000057e+01 1.073150328000000009e+01 2.135465306000000055e+03 2.224894499999999880e+03
1.126999999999999957e+01 1.069743384000000042e+01 2.135749217999999928e+03 2.224894499999999880e+03
1.127500000000000036e+01 1.066928951999999953e+01 2.135983753999999863e+03 2.224894499999999880e+03
1.128000000000000114e+01 1.070298864000000094e+01 2.135702927999999702e+03 2.224894499999999880e+03
1.128500000000000014e+01 1.070298864000000094e+01 2.135702927999999702e+03 2.224894499999999880e+03
1.129000000000000092e+01 1.071446856000000025e+01 2.135607261999999992e+03 2.224894499999999880e+03
1.129499999999999993e+01 1.068595392000000110e+01 2.135844884000000093e+03 2.224894499999999880e+03
1.130000000000000071e+01 1.072557815999999953e+01 2.135514681999999993e+03 2.224894499999999880e+03
1.130499999999999972e+01 1.078779192000000009e+01 2.134996233999999731e+03 2.224894499999999880e+03
1.131000000000000050e+01 1.071446856000000025e+01 2.135607261999999992e+03 2.224894499999999880e+03
1.131499999999999950e+01 1.067484432000000005e+01 2.135937464000000091e+03 2.224894499999999880e+03
1.132000000000000028e+01 1.072002336000000078e+01 2.135560971999999765e+03 2.224894499999999880e+03
1.132500000000000107e+01 1.069743384000000042e+01 2.135749217999999928e+03 2.224894499999999880e+03
1.133000000000000007e+01 1.068039912000000058e+01 2.135891173999999864e+03 2.224894499999999880e+03
1.133500000000000085e+01 1.072002336000000078e+01 2.135560971999999765e+03 2.224894499999999880e+03
1.133999999999999986e+01 1.066928951999999953e+01 2.135983753999999863e+03 2.224894499999999880e+03
1.134500000000000064e+01 1.074261287999999936e+01 2.135372726000000057e+03 2.224894499999999880e+03
1.134999999999999964e+01 1.069187903999999989e+01 2.135795507999999700e+03 2.224894499999999880e+03
1.135500000000000043e+01 1.069743384000000042e+01 2.135749217999999928e+03 2.224894499999999880e+03
1.135999999999999943e+01 1.071446856000000025e+01 2.135607261999999992e+03 2.224894499999999880e+03
1.136500000000000021e+01 1.075409279999999868e+01 2.135277059999999892e+03 2.224894499999999880e+03
1.137000000000000099e+01 1.068039912000000058e+01 2.135891173999999864e+03 2.224894499999999880e+03
1.137500000000000000e+01 1.069187903999999989e+01 2.135795507999999700e+03 2.224894499999999880e+03
1.138000000000000078e+01 1.075964759999999920e+01 2.135230769999999666e+03 2.224894499999999880e+03
1.138499999999999979e+01 1.072557815999999953e+01 2.135514681999999993e+03 2.224894499999999880e+03
1.139000000000000057e+01 1.071446856000000025e+01 2.135607261999999992e+03 2.224894499999999880e+03
1.139499999999999957e+01 1.072002336000000078e+01 2.135560971999999765e+03 2.224894499999999880e+03
1.140000000000000036e+01 1.074816767999999989e+01 2.135326435999999831e+03 2.224894499999999880e+03
1.140500000000000114e+01 1.071446856000000025e+01 2.135607261999999992e+03 2.224894499999999880e+03
1.141000000000000014e+01 1.073705807999999884e+01 2.135419015999999829e+03 2.224894499999999880e+03
1.141500000000000092e+01 1.074261287999999936e+01 2.135372726000000057e+03 2.224894499999999880e+03
1.141999999999999993e+01 1.070854343999999969e+01 2.135656637999999930e+03 2.224894499999999880e+03
1.142500000000000071e+01 1.066928951999999953e+01 2.135983753999999863e+03 2.224894499999999880e+03
1.142999999999999972e+01 1.066336440000000074e+01 2.136033129999999801e+03 2.224894499999999880e+03
1.143500000000000050e+01 1.069743384000000042e+01 2.135749217999999928e+03 2.224894499999999880e+03
1.143999999999999950e+01 1.069187903999999989e+01 2.135795507999999700e+03 2.224894499999999880e+03
1.144500000000000028e+01 1.068039912000000058e+01 2.135891173999999864e+03 2.224894499999999880e+03
1.145000000000000107e+01 1.064669999999999916e+01 2.136172000000000025e+03 2.224894499999999880e+03
1.145500000000000007e+01 1.066336440000000074e+01 2.136033129999999801e+03 2.224894499999999880e+03
1.146000000000000085e+01 1.068039912000000058e+01 2.135891173999999864e+03 2.224894499999999880e+03
1.146499999999999986e+01 1.064077488000000038e+01 2.136221375999999964e+03 2.224894499999999880e+03
1.147000000000000064e+01 1.061818536000000002e+01 2.136409621999999672e+03 2.224894499999999880e+03
1.147499999999999964e+01 1.054486200000000018e+01 2.137020649999999932e+03 2.224894499999999880e+03
1.148000000000000043e+01 1.049412816000000070e+01 2.137443432000000030e+03 2.224894499999999880e+03
1.148499999999999943e+01 1.049412816000000070e+01 2.137443432000000030e+03 2.224894499999999880e+03
1.149000000000000021e+01 1.049968295999999945e+01 2.137397141999999803e+03 2.224894499999999880e+03
1.149500000000000099e+01 1.050523775999999820e+01 2.137350852000000032e+03 2.224894499999999880e+03
1.150000000000000000e+01 1.047709344000000087e+01 2.137585387999999966e+03 2.224894499999999880e+03
1.150500000000000078e+01 1.049968295999999945e+01 2.137397141999999803e+03 2.224894499999999880e+03
1.150999999999999979e+01 1.050523775999999820e+01 2.137350852000000032e+03 2.224894499999999880e+03
1.151500000000000057e+01 1.047153864000000034e+01 2.137631677999999738e+03 2.224894499999999880e+03
1.151999999999999957e+01 1.043746919999999889e+01 2.137915590000000066e+03 2.224894499999999880e+03
1.152500000000000036e+01 1.046561351999999978e+01 2.137681053999999676e+03 2.224894499999999880e+03
1.153000000000000114e+01 1.048820303999999837e+01 2.137492807999999968e+03 2.224894499999999880e+03
1.153500000000000014e+01 1.051079255999999873e+01 2.137304561999999805e+03 2.224894499999999880e+03
1.154000000000000092e+01 1.056189672000000002e+01 2.136878693999999996e+03 2.224894499999999880e+03
1.154499999999999993e+01 1.060707576000000074e+01 2.136502201999999670e+03 2.224894499999999880e+03
1.155000000000000071e+01 1.061818536000000002e+01 2.136409621999999672e+03 2.224894499999999880e+03
1.155499999999999972e+01 1.069743384000000042e+01 2.135749217999999928e+03 2.224894499999999880e+03
1.156000000000000050e+01 1.070854343999999969e+01 2.135656637999999930e+03 2.224894499999999880e+03
1.156499999999999950e+01 1.073705807999999884e+01 2.135419015999999829e+03 2.224894499999999880e+03
1.157000000000000028e+01 1.070854343999999969e+01 2.135656637999999930e+03 2.224894499999999880e+03
1.157500000000000107e+01 1.064669999999999916e+01 2.136172000000000025e+03 2.224894499999999880e+03
1.158000000000000007e+01 1.063522007999999985e+01 2.136267665999999736e+03 2.224894499999999880e+03
1.158500000000000085e+01 1.064077488000000038e+01 2.136221375999999964e+03 2.224894499999999880e+03
1.158999999999999986e+01 1.067484432000000005e+01 2.135937464000000091e+03 2.224894499999999880e+03
1.159500000000000064e+01 1.063522007999999985e+01 2.136267665999999736e+03 2.224894499999999880e+03
1.159999999999999964e+01 1.064077488000000038e+01 2.136221375999999964e+03 2.224894499999999880e+03
1.160500000000000043e+01 1.068039912000000058e+01 2.135891173999999864e+03 2.224894499999999880e+03
1.160999999999999943e+01 1.068595392000000110e+01 2.135844884000000093e+03 2.224894499999999880e+03
1.161500000000000021e+01 1.065780960000000022e+01 2.136079420000000027e+03 2.224894499999999880e+03
1.162000000000000099e+01 1.071446856000000025e+01 2.135607261999999992e+03 2.224894499999999880e+03
1.162500000000000000e+01 1.067484432000000005e+01 2.135937464000000091e+03 2.224894499999999880e+03
1.163000000000000078e+01 1.069187903999999989e+01 2.135795507999999700e+03 2.224894499999999880e+03
1.163499999999999979e+01 1.067484432000000005e+01 2.135937464000000091e+03 2.224894499999999880e+03
1.164000000000000057e+01 1.065780960000000022e+01 2.136079420000000027e+03 2.224894499999999880e+03
1.164499999999999957e+01 1.069187903999999989e+01 2.135795507999999700e+03 2.224894499999999880e+03
1.165000000000000036e+01 1.069743384000000042e+01 2.135749217999999928e+03 2.224894499999999880e+03
1.165500000000000114e+01 1.073150328000000009e+01 2.135465306000000055e+03 2.224894499999999880e+03
1.166000000000000014e+01 1.074816767999999989e+01 2.135326435999999831e+03 2.224894499999999880e+03
1.166500000000000092e+01 1.072002336000000078e+01 2.135560971999999765e+03 2.224894499999999880e+03
1.166999999999999993e+01 1.068595392000000110e+01 2.135844884000000093e+03 2.224894499999999880e+03
1.167500000000000071e+01 1.067484432000000005e+01 2.135937464000000091e+03 2.224894499999999880e+03
1.167999999999999972e+01 1.067484432000000005e+01 2.135937464000000091e+03 2.224894499999999880e+03
1.168500000000000050e+01 1.070854343999999969e+01 2.135656637999999930e+03 2.224894499999999880e+03
1.168999999999999950e+01 1.072002336000000078e+01 2.135560971999999765e+03 2.224894499999999880e+03
1.169500000000000028e+01 1.077075720000000025e+01 2.135138189999999668e+03 2.224894499999999880e+03
1.170000000000000107e+01 1.072557815999999953e+01 2.135514681999999993e+03 2.224894499999999880e+03
1.170500000000000007e+01 1.072557815999999953e+01 2.135514681999999993e+03 2.224894499999999880e+03
1.171000000000000085e+01 1.070298864000000094e+01 2.135702927999999702e+03 2.224894499999999880e+03
1.171499999999999986e+01 1.065225479999999969e+01 2.136125709999999799e+03 2.224894499999999880e+03
1.172000000000000064e+01 1.066928951999999953e+01 2.135983753999999863e+03 2.224894499999999880e+03
1.172499999999999964e+01 1.070854343999999969e+01 2.135656637999999930e+03 2.224894499999999880e+03
1.173000000000000043e+01 1.065780960000000022e+01 2.136079420000000027e+03 2.224894499999999880e+03
1.173499999999999943e+01 1.066336440000000074e+01 2.136033129999999801e+03 2.224894499999999880e+03
1.174000000000000021e+01 1.057300631999999929e+01 2.136786113999999998e+03 2.224894499999999880e+03
1.174500000000000099e+01 1.066928951999999953e+01 2.135983753999999863e+03 2.224894499999999880e+03
1.175000000000000000e+01 1.058448624000000038e+01 2.136690447999999833e+03 2.224894499999999880e+03
1.175500000000000078e+01 1.061263055999999949e+01 2.136455911999999898e+03 2.224894499999999880e+03
1.175999999999999979e+01 1.064077488000000038e+01 2.136221375999999964e+03 2.224894499999999880e+03
1.176500000000000057e+01 1.058448624000000038e+01 2.136690447999999833e+03 2.224894499999999880e+03
1.176999999999999957e+01 1.057300631999999929e+01 2.136786113999999998e+03 2.224894499999999880e+03
1.177500000000000036e+01 1.057300631999999929e+01 2.136786113999999998e+03 2.224894499999999880e+03
1.178000000000000114e+01 1.051671767999999929e+01 2.137255185999999867e+03 2.224894499999999880e+03
1.178500000000000014e+01 1.052782727999999857e+01 2.137162605999999869e+03 2.224894499999999880e+03
1.179000000000000092e+01 1.059004104000000090e+01 2.136644158000000061e+03 2.224894499999999880e+03
1.179499999999999993e+01 1.060152096000000022e+01 2.136548491999999897e+03 2.224894499999999880e+03
1.180000000000000071e+01 1.068595392000000110e+01 2.135844884000000093e+03 2.224894499999999880e+03
1.180499999999999972e+01 1.069187903999999989e+01 2.135795507999999700e+03 2.224894499999999880e+03
1.181000000000000050e+01 1.069743384000000042e+01 2.135749217999999928e+03 2.224894499999999880e+03
1.181499999999999950e+01 1.070298864000000094e+01 2.135702927999999702e+03 2.224894499999999880e+03
1.182000000000000028e+01 1.062411047999999880e+01 2.136360245999999734e+03 2.224894499999999880e+03
1.182500000000000107e+01 1.063522007999999985e+01 2.136267665999999736e+03 2.224894499999999880e+03
1.183000000000000007e+01 1.059559583999999965e+01 2.136597867999999835e+03 2.224894499999999880e+03
1.183500000000000085e+01 1.064669999999999916e+01 2.136172000000000025e+03 2.224894499999999880e+03
1.183999999999999986e+01 1.062411047999999880e+01 2.136360245999999734e+03 2.224894499999999880e+03
1.184500000000000064e+01 1.059559583999999965e+01 2.136597867999999835e+03 2.224894499999999880e+03
1.184999999999999964e+01 1.061263055999999949e+01 2.136455911999999898e+03 2.224894499999999880e+03
1.185500000000000043e+01 1.061263055999999949e+01 2.136455911999999898e+03 2.224894499999999880e+03
1.185999999999999943e+01 1.059559583999999965e+01 2.136597867999999835e+03 2.224894499999999880e+03
1.186500000000000021e+01 1.064077488000000038e+01 2.136221375999999964e+03 2.224894499999999880e+03
1.187000000000000099e+01 1.065780960000000022e+01 2.136079420000000027e+03 2.224894499999999880e+03
1.187500000000000000e+01 1.061263055999999949e+01 2.136455911999999898e+03 2.224894499999999880e+03
1.188000000000000078e+01 1.072002336000000078e+01 2.135560971999999765e+03 2.224894499999999880e+03
1.188499999999999979e+01 1.074816767999999989e+01 2.135326435999999831e+03 2.224894499999999880e+03
1.189000000000000057e+01 1.072557815999999953e+01 2.135514681999999993e+03 2.224894499999999880e+03
1.189499999999999957e+01 1.069743384000000042e+01 2.135749217999999928e+03 2.224894499999999880e+03
1.190000000000000036e+01 1.070298864000000094e+01 2.135702927999999702e+03 2.224894499999999880e+03
1.190500000000000114e+01 1.065225479999999969e+01 2.136125709999999799e+03 2.224894499999999880e+03
1.191000000000000014e+01 1.069187903999999989e+01 2.135795507999999700e+03 2.224894499999999880e+03
1.191500000000000092e+01 1.069187903999999989e+01 2.135795507999999700e+03 2.224894499999999880e+03
1.191999999999999993e+01 1.065225479999999969e+01 2.136125709999999799e+03 2.224894499999999880e+03
1.192500000000000071e+01 1.071446856000000025e+01 2.135607261999999992e+03 2.224894499999999880e+03
1.192999999999999972e+01 1.065225479999999969e+01 2.136125709999999799e+03 2.224894499999999880e+03
1.193500000000000050e+01 1.059559583999999965e+01 2.136597867999999835e+03 2.224894499999999880e+03
1.193999999999999950e+01 1.055597159999999946e+01 2.136928069999999934e+03 2.224894499999999880e+03
1.194500000000000028e+01 1.057300631999999929e+01 2.136786113999999998e+03 2.224894499999999880e+03
1.195000000000000107e+01 1.059559583999999965e+01 2.136597867999999835e+03 2.224894499999999880e+03
1.195500000000000007e+01 1.048264823999999962e+01 2.137539097999999740e+03 2.224894499999999880e+03
1.196000000000000085e+01 1.047709344000000087e+01 2.137585387999999966e+03 2.224894499999999880e+03
1.196499999999999986e+01 1.048820303999999837e+01 2.137492807999999968e+03 2.224894499999999880e+03
1.197000000000000064e+01 1.044302399999999942e+01 2.137869299999999839e+03 2.224894499999999880e+03
1.197499999999999964e+01 1.039229015999999817e+01 2.138292081999999937e+03 2.224894499999999880e+03
1.198000000000000043e+01 1.045450392000000051e+01 2.137773633999999674e+03 2.224894499999999880e+03
1.198499999999999943e+01 1.044302399999999942e+01 2.137869299999999839e+03 2.224894499999999880e+03
1.199000000000000021e+01 1.046561351999999978e+01 2.137681053999999676e+03 2.224894499999999880e+03
1.199500000000000099e+01 1.049412816000000070e+01 2.137443432000000030e+03 2.224894499999999880e+03
1.200000000000000000e+01 1.046561351999999978e+01 2.137681053999999676e+03 2.224894499999999880e+03
1.200500000000000078e+01 1.049412816000000070e+01 2.137443432000000030e+03 2.224894499999999880e+03
1.200999999999999979e+01 1.041487967999999853e+01 2.138103835999999774e+03 2.224894499999999880e+03
1.201500000000000057e+01 1.033563119999999991e+01 2.138764239999999972e+03 2.224894499999999880e+03
1.201999999999999957e+01 1.035822071999999849e+01 2.138575993999999810e+03 2.224894499999999880e+03
1.202500000000000036e+01 1.042043447999999906e+01 2.138057546000000002e+03 2.224894499999999880e+03
1.203000000000000114e+01 1.044894911999999998e+01 2.137819923999999901e+03 2.224894499999999880e+03
1.203500000000000014e+01 1.043191440000000014e+01 2.137961879999999837e+03 2.224894499999999880e+03
1.204000000000000092e+01 1.043191440000000014e+01 2.137961879999999837e+03 2.224894499999999880e+03
1.204499999999999993e+01 1.041487967999999853e+01 2.138103835999999774e+03 2.224894499999999880e+03
1.205000000000000071e+01 1.040932487999999978e+01 2.138150126000000000e+03 2.224894499999999880e+03
1.205499999999999972e+01 1.039784495999999869e+01 2.138245791999999710e+03 2.224894499999999880e+03
1.206000000000000050e+01 1.040932487999999978e+01 2.138150126000000000e+03 2.224894499999999880e+03
1.206499999999999950e+01 1.049412816000000070e+01 2.137443432000000030e+03 2.224894499999999880e+03
1.207000000000000028e+01 1.053338207999999909e+01 2.137116316000000097e+03 2.224894499999999880e+03
1.207499999999999929e+01 1.048820303999999837e+01 2.137492807999999968e+03 2.224894499999999880e+03
1.208000000000000185e+01 1.050523775999999820e+01 2.137350852000000032e+03 2.224894499999999880e+03
1.208500000000000085e+01 1.051671767999999929e+01 2.137255185999999867e+03 2.224894499999999880e+03
1.208999999999999986e+01 1.053930719999999965e+01 2.137066939999999704e+03 2.224894499999999880e+03
1.209499999999999886e+01 1.054486200000000018e+01 2.137020649999999932e+03 2.224894499999999880e+03
1.210000000000000142e+01 1.051671767999999929e+01 2.137255185999999867e+03 2.224894499999999880e+03
1.210500000000000043e+01 1.061263055999999949e+01 2.136455911999999898e+03 2.224894499999999880e+03
1.210999999999999943e+01 1.053338207999999909e+01 2.137116316000000097e+03 2.224894499999999880e+03
1.211500000000000199e+01 1.055597159999999946e+01 2.136928069999999934e+03 2.224894499999999880e+03
1.212000000000000099e+01 1.055597159999999946e+01 2.136928069999999934e+03 2.224894499999999880e+03
1.212500000000000000e+01 1.061818536000000002e+01 2.136409621999999672e+03 2.224894499999999880e+03
1.212999999999999901e+01 1.069743384000000042e+01 2.135749217999999928e+03 2.224894499999999880e+03
1.213500000000000156e+01 1.071446856000000025e+01 2.135607261999999992e+03 2.224894499999999880e+03
1.214000000000000057e+01 1.064669999999999916e+01 2.136172000000000025e+03 2.224894499999999880e+03
1.214499999999999957e+01 1.066336440000000074e+01 2.136033129999999801e+03 2.224894499999999880e+03
1.214999999999999858e+01 1.069743384000000042e+01 2.135749217999999928e+03 2.224894499999999880e+03
1.215500000000000114e+01 1.068595392000000110e+01 2.135844884000000093e+03 2.224894499999999880e+03
1.216000000000000014e+01 1.069743384000000042e+01 2.135749217999999928e+03 2.224894499999999880e+03
1.216499999999999915e+01 1.065225479999999969e+01 2.136125709999999799e+03 2.224894499999999880e+03
1.217000000000000171e+01 1.072002336000000078e+01 2.135560971999999765e+03 2.224894499999999880e+03
1.217500000000000071e+01 1.068595392000000110e+01 2.135844884000000093e+03 2.224894499999999880e+03
1.217999999999999972e+01 1.063522007999999985e+01 2.136267665999999736e+03 2.224894499999999880e+03
1.218499999999999872e+01 1.072557815999999953e+01 2.135514681999999993e+03 2.224894499999999880e+03
1.219000000000000128e+01 1.068039912000000058e+01 2.135891173999999864e+03 2.224894499999999880e+03
1.219500000000000028e+01 1.069187903999999989e+01 2.135795507999999700e+03 2.224894499999999880e+03
1.219999999999999929e+01 1.070854343999999969e+01 2.135656637999999930e+03 2.224894499999999880e+03
1.220500000000000185e+01 1.073150328000000009e+01 2.135465306000000055e+03 2.224894499999999880e+03
1.221000000000000085e+01 1.066336440000000074e+01 2.136033129999999801e+03 2.224894499999999880e+03
1.221499999999999986e+01 1.064669999999999916e+01 2.136172000000000025e+03 2.224894499999999880e+03
1.221999999999999886e+01 1.064669999999999916e+01 2.136172000000000025e+03 2.224894499999999880e+03
1.222500000000000142e+01 1.064077488000000038e+01 2.136221375999999964e+03 2.224894499999999880e+03
1.223000000000000043e+01 1.067484432000000005e+01 2.135937464000000091e+03 2.224894499999999880e+03
1.223499999999999943e+01 1.068039912000000058e+01 2.135891173999999864e+03 2.224894499999999880e+03
1.224000000000000199e+01 1.068595392000000110e+01 2.135844884000000093e+03 2.224894499999999880e+03
1.224500000000000099e+01 1.061263055999999949e+01 2.136455911999999898e+03 2.224894499999999880e+03
1.225000000000000000e+01 1.063522007999999985e+01 2.136267665999999736e+03 2.224894499999999880e+03
1.225499999999999901e+01 1.060152096000000022e+01 2.136548491999999897e+03 2.224894499999999880e+03
1.226000000000000156e+01 1.052227247999999982e+01 2.137208896000000095e+03 2.224894499999999880e+03
1.226500000000000057e+01 1.047153864000000034e+01 2.137631677999999738e+03 2.224894499999999880e+03
1.226999999999999957e+01 1.049412816000000070e+01 2.137443432000000030e+03 2.224894499999999880e+03
1.227499999999999858e+01 1.049412816000000070e+01 2.137443432000000030e+03 2.224894499999999880e+03
1.228000000000000114e+01 1.043191440000000014e+01 2.137961879999999837e+03 2.224894499999999880e+03
1.228500000000000014e+01 1.038673535999999942e+01 2.138338371999999708e+03 2.224894499999999880e+03
1.228999999999999915e+01 1.036414583999999905e+01 2.138526617999999871e+03 2.224894499999999880e+03
1.229500000000000171e+01 1.036414583999999905e+01 2.138526617999999871e+03 2.224894499999999880e+03
1.230000000000000071e+01 1.033007639999999938e+01 2.138810529999999744e+03 2.224894499999999880e+03
1.230499999999999972e+01 1.035266591999999974e+01 2.138622284000000036e+03 2.224894499999999880e+03
1.230999999999999872e+01 1.042043447999999906e+01 2.138057546000000002e+03 2.224894499999999880e+03
1.231500000000000128e+01 1.042043447999999906e+01 2.138057546000000002e+03 2.224894499999999880e+03
1.232000000000000028e+01 1.042043447999999906e+01 2.138057546000000002e+03 2.224894499999999880e+03
1.232499999999999929e+01 1.043746919999999889e+01 2.137915590000000066e+03 2.224894499999999880e+03
1.233000000000000185e+01 1.048820303999999837e+01 2.137492807999999968e+03 2.224894499999999880e+03
1.233500000000000085e+01 1.043191440000000014e+01 2.137961879999999837e+03 2.224894499999999880e+03
1.233999999999999986e+01 1.043191440000000014e+01 2.137961879999999837e+03 2.224894499999999880e+03
1.234499999999999886e+01 1.037525543999999833e+01 2.138434037999999873e+03 2.224894499999999880e+03
1.235000000000000142e+01 1.035822071999999849e+01 2.138575993999999810e+03 2.224894499999999880e+03
1.235500000000000043e+01 1.034155631999999869e+01 2.138714864000000034e+03 2.224894499999999880e+03
1.235999999999999943e+01 1.030748687999999902e+01 2.138998775999999907e+03 2.224894499999999880e+03
1.236500000000000199e+01 1.035266591999999974e+01 2.138622284000000036e+03 2.224894499999999880e+03
1.237000000000000099e+01 1.038081023999999886e+01 2.138387748000000101e+03 2.224894499999999880e+03
1.237500000000000000e+01 1.032452159999999886e+01 2.138856819999999971e+03 2.224894499999999880e+03
1.237999999999999901e+01 1.027934255999999813e+01 2.139233311999999842e+03 2.224894499999999880e+03
1.238500000000000156e+01 1.025082791999999898e+01 2.139470933999999943e+03 2.224894499999999880e+03
1.239000000000000057e+01 1.028489735999999866e+01 2.139187022000000070e+03 2.224894499999999880e+03
1.239499999999999957e+01 1.026786263999999882e+01 2.139328978000000006e+03 2.224894499999999880e+03
1.239999999999999858e+01 1.030193207999999849e+01 2.139045065999999679e+03 2.224894499999999880e+03
1.240500000000000114e+01 1.030193207999999849e+01 2.139045065999999679e+03 2.224894499999999880e+03
1.241000000000000014e+01 1.032452159999999886e+01 2.138856819999999971e+03 2.224894499999999880e+03
1.241499999999999915e+01 1.040339975999999922e+01 2.138199501999999939e+03 2.224894499999999880e+03
1.242000000000000171e+01 1.046005871999999925e+01 2.137727343999999903e+03 2.224894499999999880e+03
1.242500000000000071e+01 1.046561351999999978e+01 2.137681053999999676e+03 2.224894499999999880e+03
1.242999999999999972e+01 1.044894911999999998e+01 2.137819923999999901e+03 2.224894499999999880e+03
1.243499999999999872e+01 1.049412816000000070e+01 2.137443432000000030e+03 2.224894499999999880e+03
1.244000000000000128e+01 1.055597159999999946e+01 2.136928069999999934e+03 2.224894499999999880e+03
1.244500000000000028e+01 1.065780960000000022e+01 2.136079420000000027e+03 2.224894499999999880e+03
1.244999999999999929e+01 1.068039912000000058e+01 2.135891173999999864e+03 2.224894499999999880e+03
1.245500000000000185e+01 1.065225479999999969e+01 2.136125709999999799e+03 2.224894499999999880e+03
1.246000000000000085e+01 1.068039912000000058e+01 2.135891173999999864e+03 2.224894499999999880e+03
1.246499999999999986e+01 1.066336440000000074e+01 2.136033129999999801e+03 2.224894499999999880e+03
1.246999999999999886e+01 1.070298864000000094e+01 2.135702927999999702e+03 2.224894499999999880e+03
1.247500000000000142e+01 1.066928951999999953e+01 2.135983753999999863e+03 2.224894499999999880e+03
1.248000000000000043e+01 1.064077488000000038e+01 2.136221375999999964e+03 2.224894499999999880e+03
1.248499999999999943e+01 1.061263055999999949e+01 2.136455911999999898e+03 2.224894499999999880e+03
1.249000000000000199e+01 1.069187903999999989e+01 2.135795507999999700e+03 2.224894499999999880e+03
1.249500000000000099e+01 1.066928951999999953e+01 2.135983753999999863e+03 2.224894499999999880e+03
1.250000000000000000e+01 1.066928951999999953e+01 2.135983753999999863e+03 2.224894499999999880e+03
1.250499999999999901e+01 1.065780960000000022e+01 2.136079420000000027e+03 2.224894499999999880e+03
1.251000000000000156e+01 1.068595392000000110e+01 2.135844884000000093e+03 2.224894499999999880e+03
1.251500000000000057e+01 1.069187903999999989e+01 2.135795507999999700e+03 2.224894499999999880e+03
1.251999999999999957e+01 1.074261287999999936e+01 2.135372726000000057e+03 2.224894499999999880e+03
1.252499999999999858e+01 1.070298864000000094e+01 2.135702927999999702e+03 2.224894499999999880e+03
1.253000000000000114e+01 1.061263055999999949e+01 2.136455911999999898e+03 2.224894499999999880e+03
1.253500000000000014e+01 1.055597159999999946e+01 2.136928069999999934e+03 2.224894499999999880e+03
1.253999999999999915e+01 1.049412816000000070e+01 2.137443432000000030e+03 2.224894499999999880e+03
1.254500000000000171e+01 1.048820303999999837e+01 2.137492807999999968e+03 2.224894499999999880e+03
1.255000000000000071e+01 1.045450392000000051e+01 2.137773633999999674e+03 2.224894499999999880e+03
1.255499999999999972e+01 1.043191440000000014e+01 2.137961879999999837e+03 2.224894499999999880e+03
1.255999999999999872e+01 1.041487967999999853e+01 2.138103835999999774e+03 2.224894499999999880e+03
1.256500000000000128e+01 1.041487967999999853e+01 2.138103835999999774e+03 2.224894499999999880e+03
1.257000000000000028e+01 1.046561351999999978e+01 2.137681053999999676e+03 2.224894499999999880e+03
1.257499999999999929e+01 1.043746919999999889e+01 2.137915590000000066e+03 2.224894499999999880e+03
1.258000000000000185e+01 1.038673535999999942e+01 2.138338371999999708e+03 2.224894499999999880e+03
1.258500000000000085e+01 1.038673535999999942e+01 2.138338371999999708e+03 2.224894499999999880e+03
1.258999999999999986e+01 1.038081023999999886e+01 2.138387748000000101e+03 2.224894499999999880e+03
1.259499999999999886e+01 1.038673535999999942e+01 2.138338371999999708e+03 2.224894499999999880e+03
1.260000000000000142e+01 1.036970063999999958e+01 2.138480328000000100e+03 2.224894499999999880e+03
1.260500000000000043e+01 1.035266591999999974e+01 2.138622284000000036e+03 2.224894499999999880e+03
1.260999999999999943e+01 1.040932487999999978e+01 2.138150126000000000e+03 2.224894499999999880e+03
1.261500000000000199e+01 1.036414583999999905e+01 2.138526617999999871e+03 2.224894499999999880e+03
1.262000000000000099e+01 1.036414583999999905e+01 2.138526617999999871e+03 2.224894499999999880e+03
1.262500000000000000e+01 1.034711111999999922e+01 2.138668573999999808e+03 2.224894499999999880e+03
1.262999999999999901e+01 1.031896679999999833e+01 2.138903109999999742e+03 2.224894499999999880e+03
1.263500000000000156e+01 1.035266591999999974e+01 2.138622284000000036e+03 2.224894499999999880e+03
1.264000000000000057e+01 1.027934255999999813e+01 2.139233311999999842e+03 2.224894499999999880e+03
1.264499999999999957e+01 1.031896679999999833e+01 2.138903109999999742e+03 2.224894499999999880e+03
1.264999999999999858e+01 1.031304167999999954e+01 2.138952485999999681e+03 2.224894499999999880e+03
1.265500000000000114e+01 1.030748687999999902e+01 2.138998775999999907e+03 2.224894499999999880e+03
1.266000000000000014e+01 1.021712879999999934e+01 2.139751760000000104e+03 2.224894499999999880e+03
1.266499999999999915e+01 1.023416351999999918e+01 2.139609803999999713e+03 2.224894499999999880e+03
1.267000000000000171e+01 1.027934255999999813e+01 2.139233311999999842e+03 2.224894499999999880e+03
1.267500000000000071e+01 1.017750455999999915e+01 2.140081961999999749e+03 2.224894499999999880e+03
1.267999999999999972e+01 1.017194975999999862e+01 2.140128251999999975e+03 2.224894499999999880e+03
1.268499999999999872e+01 1.025675303999999954e+01 2.139421558000000005e+03 2.224894499999999880e+03
1.269000000000000128e+01 1.016639495999999987e+01 2.140174541999999747e+03 2.224894499999999880e+03
1.269500000000000028e+01 1.026230783999999829e+01 2.139375267999999778e+03 2.224894499999999880e+03
1.269999999999999929e+01 1.023971831999999971e+01 2.139563513999999941e+03 2.224894499999999880e+03
1.270500000000000185e+01 1.022823840000000040e+01 2.139659179999999651e+03 2.224894499999999880e+03
1.271000000000000085e+01 1.023416351999999918e+01 2.139609803999999713e+03 2.224894499999999880e+03
1.271499999999999986e+01 1.023971831999999971e+01 2.139563513999999941e+03 2.224894499999999880e+03
1.271999999999999886e+01 1.027934255999999813e+01 2.139233311999999842e+03 2.224894499999999880e+03
1.272500000000000142e+01 1.029045215999999918e+01 2.139140731999999844e+03 2.224894499999999880e+03
1.273000000000000043e+01 1.030193207999999849e+01 2.139045065999999679e+03 2.224894499999999880e+03
1.273499999999999943e+01 1.032452159999999886e+01 2.138856819999999971e+03 2.224894499999999880e+03
1.274000000000000199e+01 1.030193207999999849e+01 2.139045065999999679e+03 2.224894499999999880e+03
1.274500000000000099e+01 1.038673535999999942e+01 2.138338371999999708e+03 2.224894499999999880e+03
1.275000000000000000e+01 1.049412816000000070e+01 2.137443432000000030e+03 2.224894499999999880e+03
1.275499999999999901e+01 1.052782727999999857e+01 2.137162605999999869e+03 2.224894499999999880e+03
1.276000000000000156e+01 1.057300631999999929e+01 2.136786113999999998e+03 2.224894499999999880e+03
1.276500000000000057e+01 1.057300631999999929e+01 2.136786113999999998e+03 2.224894499999999880e+03
1.276999999999999957e+01 1.056745152000000054e+01 2.136832403999999769e+03 2.224894499999999880e+03
1.277499999999999858e+01 1.065225479999999969e+01 2.136125709999999799e+03 2.224894499999999880e+03
1.278000000000000114e+01 1.066336440000000074e+01 2.136033129999999801e+03 2.224894499999999880e+03
1.278500000000000014e+01 1.064669999999999916e+01 2.136172000000000025e+03 2.224894499999999880e+03
1.278999999999999915e+01 1.066928951999999953e+01 2.135983753999999863e+03 2.224894499999999880e+03
1.279500000000000171e+01 1.064077488000000038e+01 2.136221375999999964e+03 2.224894499999999880e+03
1.280000000000000071e+01 1.064077488000000038e+01 2.136221375999999964e+03 2.224894499999999880e+03
1.280499999999999972e+01 1.062966527999999933e+01 2.136313955999999962e+03 2.224894499999999880e+03
1.280999999999999872e+01 1.064077488000000038e+01 2.136221375999999964e+03 2.224894499999999880e+03
1.281500000000000128e+01 1.058448624000000038e+01 2.136690447999999833e+03 2.224894499999999880e+03
1.282000000000000028e+01 1.060152096000000022e+01 2.136548491999999897e+03 2.224894499999999880e+03
1.282499999999999929e+01 1.058448624000000038e+01 2.136690447999999833e+03 2.224894499999999880e+03
1.283000000000000185e+01 1.064077488000000038e+01 2.136221375999999964e+03 2.224894499999999880e+03
1.283500000000000085e+01 1.065780960000000022e+01 2.136079420000000027e+03 2.224894499999999880e+03
1.283999999999999986e+01 1.056745152000000054e+01 2.136832403999999769e+03 2.224894499999999880e+03
1.284499999999999886e+01 1.055597159999999946e+01 2.136928069999999934e+03 2.224894499999999880e+03
1.285000000000000142e+01 1.060152096000000022e+01 2.136548491999999897e+03 2.224894499999999880e+03
1.285500000000000043e+01 1.051079255999999873e+01 2.137304561999999805e+03 2.224894499999999880e+03
1.285999999999999943e+01 1.050523775999999820e+01 2.137350852000000032e+03 2.224894499999999880e+03
1.286500000000000199e+01 1.049968295999999945e+01 2.137397141999999803e+03 2.224894499999999880e+03
1.287000000000000099e+01 1.046561351999999978e+01 2.137681053999999676e+03 2.224894499999999880e+03
1.287500000000000000e+01 1.042043447999999906e+01 2.138057546000000002e+03 2.224894499999999880e+03
1.287999999999999901e+01 1.043746919999999889e+01 2.137915590000000066e+03 2.224894499999999880e+03
1.288500000000000156e+01 1.034155631999999869e+01 2.138714864000000034e+03 2.224894499999999880e+03
1.289000000000000057e+01 1.030748687999999902e+01 2.138998775999999907e+03 2.224894499999999880e+03
1.289499999999999957e+01 1.031304167999999954e+01 2.138952485999999681e+03 2.224894499999999880e+03
1.289999999999999858e+01 1.029600695999999971e+01 2.139094442000000072e+03 2.224894499999999880e+03
1.290500000000000114e+01 1.026230783999999829e+01 2.139375267999999778e+03 2.224894499999999880e+03
1.291000000000000014e+01 1.021157400000000059e+01 2.139798049999999876e+03 2.224894499999999880e+03
1.291499999999999915e+01 1.026230783999999829e+01 2.139375267999999778e+03 2.224894499999999880e+03
1.292000000000000171e+01 1.022268359999999987e+01 2.139705469999999877e+03 2.224894499999999880e+03
1.292500000000000071e+01 1.021712879999999934e+01 2.139751760000000104e+03 2.224894499999999880e+03
1.292999999999999972e+01 1.022268359999999987e+01 2.139705469999999877e+03 2.224894499999999880e+03
1.293499999999999872e+01 1.020564888000000003e+01 2.139847425999999814e+03 2.224894499999999880e+03
1.294000000000000128e+01 1.022268359999999987e+01 2.139705469999999877e+03 2.224894499999999880e+03
1.294500000000000028e+01 1.018898448000000023e+01 2.139986296000000038e+03 2.224894499999999880e+03
1.294999999999999929e+01 1.013788031999999895e+01 2.140412163999999848e+03 2.224894499999999880e+03
1.295500000000000185e+01 1.017750455999999915e+01 2.140081961999999749e+03 2.224894499999999880e+03
1.296000000000000085e+01 1.016046983999999931e+01 2.140223917999999685e+03 2.224894499999999880e+03
1.296499999999999986e+01 1.013788031999999895e+01 2.140412163999999848e+03 2.224894499999999880e+03
1.296999999999999886e+01 1.017194975999999862e+01 2.140128251999999975e+03 2.224894499999999880e+03
1.297500000000000142e+01 1.018305935999999967e+01 2.140035671999999977e+03 2.224894499999999880e+03
1.298000000000000043e+01 1.020564888000000003e+01 2.139847425999999814e+03 2.224894499999999880e+03
1.298499999999999943e+01 1.011529080000000036e+01 2.140600410000000011e+03 2.224894499999999880e+03
1.299000000000000199e+01 1.024527311999999846e+01 2.139517223999999715e+03 2.224894499999999880e+03
1.299500000000000099e+01 1.023416351999999918e+01 2.139609803999999713e+03 2.224894499999999880e+03
1.300000000000000000e+01 1.030193207999999849e+01 2.139045065999999679e+03 2.224894499999999880e+03
1.300499999999999901e+01 1.018305935999999967e+01 2.140035671999999977e+03 2.224894499999999880e+03
1.301000000000000156e+01 1.022268359999999987e+01 2.139705469999999877e+03 2.224894499999999880e+03
1.301500000000000057e+01 1.025675303999999954e+01 2.139421558000000005e+03 2.224894499999999880e+03
1.301999999999999957e+01 1.018898448000000023e+01 2.139986296000000038e+03 2.224894499999999880e+03
1.302499999999999858e+01 1.020564888000000003e+01 2.139847425999999814e+03 2.224894499999999880e+03
1.303000000000000114e+01 1.020564888000000003e+01 2.139847425999999814e+03 2.224894499999999880e+03
1.303500000000000014e+01 1.024527311999999846e+01 2.139517223999999715e+03 2.224894499999999880e+03
1.303999999999999915e+01 1.027341743999999935e+01 2.139282687999999780e+03 2.224894499999999880e+03
1.304500000000000171e+01 1.029600695999999971e+01 2.139094442000000072e+03 2.224894499999999880e+03
1.305000000000000071e+01 1.021712879999999934e+01 2.139751760000000104e+03 2.224894499999999880e+03
1.305499999999999972e+01 1.028489735999999866e+01 2.139187022000000070e+03 2.224894499999999880e+03
1.305999999999999872e+01 1.035266591999999974e+01 2.138622284000000036e+03 2.224894499999999880e+03
1.306500000000000128e+01 1.032452159999999886e+01 2.138856819999999971e+03 2.224894499999999880e+03
1.307000000000000028e+01 1.031896679999999833e+01 2.138903109999999742e+03 2.224894499999999880e+03
1.307499999999999929e+01 1.034155631999999869e+01 2.138714864000000034e+03 2.224894499999999880e+03
1.308000000000000185e+01 1.035822071999999849e+01 2.138575993999999810e+03 2.224894499999999880e+03
1.308500000000000085e+01 1.031896679999999833e+01 2.138903109999999742e+03 2.224894499999999880e+03
1.308999999999999986e+01 1.042043447999999906e+01 2.138057546000000002e+03 2.224894499999999880e+03
1.309499999999999886e+01 1.039229015999999817e+01 2.138292081999999937e+03 2.224894499999999880e+03
1.310000000000000142e+01 1.039229015999999817e+01 2.138292081999999937e+03 2.224894499999999880e+03
1.310500000000000043e+01 1.039784495999999869e+01 2.138245791999999710e+03 2.224894499999999880e+03
1.310999999999999943e+01 1.051671767999999929e+01 2.137255185999999867e+03 2.224894499999999880e+03
1.311500000000000199e+01 1.048264823999999962e+01 2.137539097999999740e+03 2.224894499999999880e+03
1.312000000000000099e+01 1.048820303999999837e+01 2.137492807999999968e+03 2.224894499999999880e+03
1.312500000000000000e+01 1.046005871999999925e+01 2.137727343999999903e+03 2.224894499999999880e+03
1.312999999999999901e+01 1.046005871999999925e+01 2.137727343999999903e+03 2.224894499999999880e+03
1.313500000000000156e+01 1.043191440000000014e+01 2.137961879999999837e+03 2.224894499999999880e+03
1.314000000000000057e+01 1.047709344000000087e+01 2.137585387999999966e+03 2.224894499999999880e+03
1.314499999999999957e+01 1.046005871999999925e+01 2.137727343999999903e+03 2.224894499999999880e+03
1.314999999999999858e+01 1.046561351999999978e+01 2.137681053999999676e+03 2.224894499999999880e+03
1.315500000000000114e+01 1.046561351999999978e+01 2.137681053999999676e+03 2.224894499999999880e+03
1.316000000000000014e+01 1.041487967999999853e+01 2.138103835999999774e+03 2.224894499999999880e+03
1.316499999999999915e+01 1.038673535999999942e+01 2.138338371999999708e+03 2.224894499999999880e+03
1.317000000000000171e+01 1.042043447999999906e+01 2.138057546000000002e+03 2.224894499999999880e+03
1.317500000000000071e+01 1.046005871999999925e+01 2.137727343999999903e+03 2.224894499999999880e+03
1.317999999999999972e+01 1.050523775999999820e+01 2.137350852000000032e+03 2.224894499999999880e+03
1.318499999999999872e+01 1.032452159999999886e+01 2.138856819999999971e+03 2.224894499999999880e+03
1.319000000000000128e+01 1.031304167999999954e+01 2.138952485999999681e+03 2.224894499999999880e+03
1.319500000000000028e+01 1.029045215999999918e+01 2.139140731999999844e+03 2.224894499999999880e+03
1.319999999999999929e+01 1.026230783999999829e+01 2.139375267999999778e+03 2.224894499999999880e+03
1.320500000000000185e+01 1.020564888000000003e+01 2.139847425999999814e+03 2.224894499999999880e+03
1.321000000000000085e+01 1.021712879999999934e+01 2.139751760000000104e+03 2.224894499999999880e+03
1.321499999999999986e+01 1.016639495999999987e+01 2.140174541999999747e+03 2.224894499999999880e+03
1.321999999999999886e+01 1.018898448000000023e+01 2.139986296000000038e+03 2.224894499999999880e+03
1.322500000000000142e+01 1.018305935999999967e+01 2.140035671999999977e+03 2.224894499999999880e+03
1.323000000000000043e+01 1.015491503999999878e+01 2.140270207999999911e+03 2.224894499999999880e+03
1.323499999999999943e+01 1.014343511999999770e+01 2.140365874000000076e+03 2.224894499999999880e+03
1.324000000000000199e+01 1.014936023999999826e+01 2.140316497999999683e+03 2.224894499999999880e+03
1.324500000000000099e+01 1.015491503999999878e+01 2.140270207999999911e+03 2.224894499999999880e+03
1.325000000000000000e+01 1.012677071999999967e+01 2.140504743999999846e+03 2.224894499999999880e+03
1.325499999999999901e+01 1.008714647999999947e+01 2.140834945999999945e+03 2.224894499999999880e+03
1.326000000000000156e+01 1.009270128000000000e+01 2.140788655999999719e+03 2.224894499999999880e+03
1.326500000000000057e+01 1.016046983999999931e+01 2.140223917999999685e+03 2.224894499999999880e+03
1.326999999999999957e+01 1.018305935999999967e+01 2.140035671999999977e+03 2.224894499999999880e+03
1.327499999999999858e+01 1.018898448000000023e+01 2.139986296000000038e+03 2.224894499999999880e+03
1.328000000000000114e+01 1.020564888000000003e+01 2.139847425999999814e+03 2.224894499999999880e+03
1.328500000000000014e+01 1.014343511999999770e+01 2.140365874000000076e+03 2.224894499999999880e+03
1.328999999999999915e+01 1.016639495999999987e+01 2.140174541999999747e+03 2.224894499999999880e+03
1.329500000000000171e+01 1.014343511999999770e+01 2.140365874000000076e+03 2.224894499999999880e+03
1.330000000000000071e+01 1.015491503999999878e+01 2.140270207999999911e+03 2.224894499999999880e+03
1.330499999999999972e+01 1.020009407999999951e+01 2.139893716000000040e+03 2.224894499999999880e+03
1.330999999999999872e+01 1.015491503999999878e+01 2.140270207999999911e+03 2.224894499999999880e+03
1.331500000000000128e+01 1.014343511999999770e+01 2.140365874000000076e+03 2.224894499999999880e+03
1.332000000000000028e+01 1.016046983999999931e+01 2.140223917999999685e+03 2.224894499999999880e+03
1.332499999999999929e+01 1.016046983999999931e+01 2.140223917999999685e+03 2.224894499999999880e+03
1.333000000000000185e+01 1.013788031999999895e+01 2.140412163999999848e+03 2.224894499999999880e+03
1.333500000000000085e+01 1.016046983999999931e+01 2.140223917999999685e+03 2.224894499999999880e+03
1.333999999999999986e+01 1.015491503999999878e+01 2.140270207999999911e+03 2.224894499999999880e+03
1.334499999999999886e+01 1.016046983999999931e+01 2.140223917999999685e+03 2.224894499999999880e+03
1.335000000000000142e+01 1.013788031999999895e+01 2.140412163999999848e+03 2.224894499999999880e+03
1.335500000000000043e+01 1.018305935999999967e+01 2.140035671999999977e+03 2.224894499999999880e+03
1.335999999999999943e+01 1.020564888000000003e+01 2.139847425999999814e+03 2.224894499999999880e+03
1.336500000000000199e+01 1.030193207999999849e+01 2.139045065999999679e+03 2.224894499999999880e+03
1.337000000000000099e+01 1.035822071999999849e+01 2.138575993999999810e+03 2.224894499999999880e+03
1.337500000000000000e+01 1.037525543999999833e+01 2.138434037999999873e+03 2.224894499999999880e+03
1.337999999999999901e+01 1.046005871999999925e+01 2.137727343999999903e+03 2.224894499999999880e+03
1.338500000000000156e+01 1.045450392000000051e+01 2.137773633999999674e+03 2.224894499999999880e+03
1.339000000000000057e+01 1.043191440000000014e+01 2.137961879999999837e+03 2.224894499999999880e+03
1.339499999999999957e+01 1.041487967999999853e+01 2.138103835999999774e+03 2.224894499999999880e+03
1.339999999999999858e+01 1.044302399999999942e+01 2.137869299999999839e+03 2.224894499999999880e+03
1.340500000000000114e+01 1.043746919999999889e+01 2.137915590000000066e+03 2.224894499999999880e+03
1.341000000000000014e+01 1.038673535999999942e+01 2.138338371999999708e+03 2.224894499999999880e+03
1.341499999999999915e+01 1.033007639999999938e+01 2.138810529999999744e+03 2.224894499999999880e+03
1.342000000000000171e+01 1.033007639999999938e+01 2.138810529999999744e+03 2.224894499999999880e+03
1.342500000000000071e+01 1.030748687999999902e+01 2.138998775999999907e+03 2.224894499999999880e+03
1.342999999999999972e+01 1.031304167999999954e+01 2.138952485999999681e+03 2.224894499999999880e+03
1.343499999999999872e+01 1.022268359999999987e+01 2.139705469999999877e+03 2.224894499999999880e+03
1.344000000000000128e+01 1.022823840000000040e+01 2.139659179999999651e+03 2.224894499999999880e+03
1.344500000000000028e+01 1.024527311999999846e+01 2.139517223999999715e+03 2.224894499999999880e+03
1.344999999999999929e+01 1.030193207999999849e+01 2.139045065999999679e+03 2.224894499999999880e+03
1.345500000000000185e+01 1.034711111999999922e+01 2.138668573999999808e+03 2.224894499999999880e+03
1.346000000000000085e+01 1.031304167999999954e+01 2.138952485999999681e+03 2.224894499999999880e+03
1.346499999999999986e+01 1.035822071999999849e+01 2.138575993999999810e+03 2.224894499999999880e+03
1.346999999999999886e+01 1.033007639999999938e+01 2.138810529999999744e+03 2.224894499999999880e+03
1.347500000000000142e+01 1.035822071999999849e+01 2.138575993999999810e+03 2.224894499999999880e+03
1.348000000000000043e+01 1.037525543999999833e+01 2.138434037999999873e+03 2.224894499999999880e+03
1.348499999999999943e+01 1.031896679999999833e+01 2.138903109999999742e+03 2.224894499999999880e+03
1.349000000000000199e+01 1.027341743999999935e+01 2.139282687999999780e+03 2.224894499999999880e+03
1.349500000000000099e+01 1.022268359999999987e+01 2.139705469999999877e+03 2.224894499999999880e+03
1.350000000000000000e+01 1.019453927999999898e+01 2.139940005999999812e+03 2.224894499999999880e+03
1.350499999999999901e+01 1.013788031999999895e+01 2.140412163999999848e+03 2.224894499999999880e+03
1.351000000000000156e+01 1.015491503999999878e+01 2.140270207999999911e+03 2.224894499999999880e+03
1.351500000000000057e+01 1.007011175999999963e+01 2.140976901999999882e+03 2.224894499999999880e+03
1.351999999999999957e+01 1.001345279999999782e+01 2.141449059999999918e+03 2.224894499999999880e+03
1.352499999999999858e+01 1.007566655999999838e+01 2.140930612000000110e+03 2.224894499999999880e+03
1.353000000000000114e+01 1.010973599999999983e+01 2.140646699999999782e+03 2.224894499999999880e+03
1.353500000000000014e+01 1.009270128000000000e+01 2.140788655999999719e+03 2.224894499999999880e+03
1.353999999999999915e+01 1.008159167999999895e+01 2.140881235999999717e+03 2.224894499999999880e+03
1.354500000000000171e+01 1.007566655999999838e+01 2.140930612000000110e+03 2.224894499999999880e+03
1.355000000000000071e+01 1.008159167999999895e+01 2.140881235999999717e+03 2.224894499999999880e+03
1.355499999999999972e+01 1.007011175999999963e+01 2.140976901999999882e+03 2.224894499999999880e+03
1.355999999999999872e+01 1.010418119999999931e+01 2.140692990000000009e+03 2.224894499999999880e+03
1.356500000000000128e+01 1.011529080000000036e+01 2.140600410000000011e+03 2.224894499999999880e+03
1.357000000000000028e+01 1.013788031999999895e+01 2.140412163999999848e+03 2.224894499999999880e+03
1.357499999999999929e+01 1.017750455999999915e+01 2.140081961999999749e+03 2.224894499999999880e+03
1.358000000000000185e+01 1.017194975999999862e+01 2.140128251999999975e+03 2.224894499999999880e+03
1.358500000000000085e+01 1.010418119999999931e+01 2.140692990000000009e+03 2.224894499999999880e+03
1.358999999999999986e+01 1.007011175999999963e+01 2.140976901999999882e+03 2.224894499999999880e+03
1.359499999999999886e+01 1.009270128000000000e+01 2.140788655999999719e+03 2.224894499999999880e+03
1.360000000000000142e+01 1.009825607999999875e+01 2.140742365999999947e+03 2.224894499999999880e+03
1.360500000000000043e+01 1.010973599999999983e+01 2.140646699999999782e+03 2.224894499999999880e+03
1.360999999999999943e+01 1.009270128000000000e+01 2.140788655999999719e+03 2.224894499999999880e+03
1.361500000000000199e+01 1.010418119999999931e+01 2.140692990000000009e+03 2.224894499999999880e+03
1.362000000000000099e+01 1.011529080000000036e+01 2.140600410000000011e+03 2.224894499999999880e+03
1.362500000000000000e+01 1.004196743999999875e+01 2.141211437999999816e+03 2.224894499999999880e+03
1.362999999999999901e+01 1.008159167999999895e+01 2.140881235999999717e+03 2.224894499999999880e+03
1.363500000000000156e+01 1.012084559999999911e+01 2.140554119999999784e+03 2.224894499999999880e+03
1.364000000000000057e+01 1.013788031999999895e+01 2.140412163999999848e+03 2.224894499999999880e+03
1.364499999999999957e+01 1.012677071999999967e+01 2.140504743999999846e+03 2.224894499999999880e+03
1.364999999999999858e+01 1.014343511999999770e+01 2.140365874000000076e+03 2.224894499999999880e+03
1.365500000000000114e+01 1.013788031999999895e+01 2.140412163999999848e+03 2.224894499999999880e+03
1.366000000000000014e+01 1.013788031999999895e+01 2.140412163999999848e+03 2.224894499999999880e+03
1.366499999999999915e+01 1.014936023999999826e+01 2.140316497999999683e+03 2.224894499999999880e+03
1.367000000000000171e+01 1.020009407999999951e+01 2.139893716000000040e+03 2.224894499999999880e+03
1.367500000000000071e+01 1.017750455999999915e+01 2.140081961999999749e+03 2.224894499999999880e+03
1.367999999999999972e+01 1.018305935999999967e+01 2.140035671999999977e+03 2.224894499999999880e+03
1.368499999999999872e+01 1.022268359999999987e+01 2.139705469999999877e+03 2.224894499999999880e+03
1.369000000000000128e+01 1.024527311999999846e+01 2.139517223999999715e+03 2.224894499999999880e+03
1.369500000000000028e+01 1.023971831999999971e+01 2.139563513999999941e+03 2.224894499999999880e+03
1.369999999999999929e+01 1.028489735999999866e+01 2.139187022000000070e+03 2.224894499999999880e+03
1.370500000000000185e+01 1.025082791999999898e+01 2.139470933999999943e+03 2.224894499999999880e+03
1.371000000000000085e+01 1.029600695999999971e+01 2.139094442000000072e+03 2.224894499999999880e+03
1.371499999999999986e+01 1.031896679999999833e+01 2.138903109999999742e+03 2.224894499999999880e+03
1.371999999999999886e+01 1.029045215999999918e+01 2.139140731999999844e+03 2.224894499999999880e+03
1.372500000000000142e+01 1.027934255999999813e+01 2.139233311999999842e+03 2.224894499999999880e+03
1.373000000000000043e+01 1.026786263999999882e+01 2.139328978000000006e+03 2.224894499999999880e+03
1.373499999999999943e+01 1.025675303999999954e+01 2.139421558000000005e+03 2.224894499999999880e+03
1.374000000000000199e+01 1.024527311999999846e+01 2.139517223999999715e+03 2.224894499999999880e+03
1.374500000000000099e+01 1.022268359999999987e+01 2.139705469999999877e+03 2.224894499999999880e+03
1.375000000000000000e+01 1.025675303999999954e+01 2.139421558000000005e+03 2.224894499999999880e+03
1.375499999999999901e+01 1.029600695999999971e+01 2.139094442000000072e+03 2.224894499999999880e+03
1.376000000000000156e+01 1.024527311999999846e+01 2.139517223999999715e+03 2.224894499999999880e+03
1.376500000000000057e+01 1.021712879999999934e+01 2.139751760000000104e+03 2.224894499999999880e+03
1.376999999999999957e+01 1.021712879999999934e+01 2.139751760000000104e+03 2.224894499999999880e+03
1.377499999999999858e+01 1.017194975999999862e+01 2.140128251999999975e+03 2.224894499999999880e+03
1.378000000000000114e+01 1.017194975999999862e+01 2.140128251999999975e+03 2.224894499999999880e+03
1.378500000000000014e+01 1.014343511999999770e+01 2.140365874000000076e+03 2.224894499999999880e+03
1.378999999999999915e+01 1.009270128000000000e+01 2.140788655999999719e+03 2.224894499999999880e+03
1.379500000000000171e+01 1.011529080000000036e+01 2.140600410000000011e+03 2.224894499999999880e+03
1.380000000000000071e+01 1.014936023999999826e+01 2.140316497999999683e+03 2.224894499999999880e+03
1.380499999999999972e+01 1.012677071999999967e+01 2.140504743999999846e+03 2.224894499999999880e+03
1.380999999999999872e+01 1.007566655999999838e+01 2.140930612000000110e+03 2.224894499999999880e+03
1.381500000000000128e+01 1.010973599999999983e+01 2.140646699999999782e+03 2.224894499999999880e+03
1.382000000000000028e+01 1.008159167999999895e+01 2.140881235999999717e+03 2.224894499999999880e+03
1.382499999999999929e+01 1.004196743999999875e+01 2.141211437999999816e+03 2.224894499999999880e+03
1.383000000000000185e+01 1.008714647999999947e+01 2.140834945999999945e+03 2.224894499999999880e+03
1.383500000000000085e+01 1.003641263999999822e+01 2.141257728000000043e+03 2.224894499999999880e+03
1.383999999999999986e+01 1.009825607999999875e+01 2.140742365999999947e+03 2.224894499999999880e+03
1.384499999999999886e+01 1.008714647999999947e+01 2.140834945999999945e+03 2.224894499999999880e+03
1.385000000000000142e+01 1.008714647999999947e+01 2.140834945999999945e+03 2.224894499999999880e+03
1.385500000000000043e+01 1.004752223999999927e+01 2.141165148000000045e+03 2.224894499999999880e+03
1.385999999999999943e+01 1.005307703999999802e+01 2.141118857999999818e+03 2.224894499999999880e+03
1.386500000000000199e+01 1.002493271999999891e+01 2.141353393999999753e+03 2.224894499999999880e+03
1.387000000000000099e+01 1.004196743999999875e+01 2.141211437999999816e+03 2.224894499999999880e+03
1.387500000000000000e+01 1.007011175999999963e+01 2.140976901999999882e+03 2.224894499999999880e+03
1.387999999999999901e+01 1.003048751999999766e+01 2.141307103999999981e+03 2.224894499999999880e+03
1.388500000000000156e+01 1.009825607999999875e+01 2.140742365999999947e+03 2.224894499999999880e+03
1.389000000000000057e+01 1.003641263999999822e+01 2.141257728000000043e+03 2.224894499999999880e+03
1.389499999999999957e+01 1.010973599999999983e+01 2.140646699999999782e+03 2.224894499999999880e+03
1.389999999999999858e+01 1.007011175999999963e+01 2.140976901999999882e+03 2.224894499999999880e+03
1.390500000000000114e+01 1.007011175999999963e+01 2.140976901999999882e+03 2.224894499999999880e+03
1.391000000000000014e+01 1.007011175999999963e+01 2.140976901999999882e+03 2.224894499999999880e+03
1.391499999999999915e+01 1.009270128000000000e+01 2.140788655999999719e+03 2.224894499999999880e+03
1.392000000000000171e+01 1.008159167999999895e+01 2.140881235999999717e+03 2.224894499999999880e+03
1.392500000000000071e+01 1.007566655999999838e+01 2.140930612000000110e+03 2.224894499999999880e+03
1.392999999999999972e+01 1.009825607999999875e+01 2.140742365999999947e+03 2.224894499999999880e+03
1.393499999999999872e+01 1.008714647999999947e+01 2.140834945999999945e+03 2.224894499999999880e+03
1.394000000000000128e+01 1.007566655999999838e+01 2.140930612000000110e+03 2.224894499999999880e+03
1.394500000000000028e+01 1.007011175999999963e+01 2.140976901999999882e+03 2.224894499999999880e+03
1.394999999999999929e+01 1.009825607999999875e+01 2.140742365999999947e+03 2.224894499999999880e+03
1.395500000000000185e+01 1.007011175999999963e+01 2.140976901999999882e+03 2.224894499999999880e+03
1.396000000000000085e+01 1.009825607999999875e+01 2.140742365999999947e+03 2.224894499999999880e+03
1.396499999999999986e+01 1.012084559999999911e+01 2.140554119999999784e+03 2.224894499999999880e+03
1.396999999999999886e+01 1.011529080000000036e+01 2.140600410000000011e+03 2.224894499999999880e+03
1.397500000000000142e+01 1.009270128000000000e+01 2.140788655999999719e+03 2.224894499999999880e+03
1.398000000000000043e+01 1.014936023999999826e+01 2.140316497999999683e+03 2.224894499999999880e+03
1.398499999999999943e+01 1.015491503999999878e+01 2.140270207999999911e+03 2.224894499999999880e+03
1.399000000000000199e+01 1.017750455999999915e+01 2.140081961999999749e+03 2.224894499999999880e+03
1.399500000000000099e+01 1.016046983999999931e+01 2.140223917999999685e+03 2.224894499999999880e+03
1.400000000000000000e+01 1.021712879999999934e+01 2.139751760000000104e+03 2.224894499999999880e+03
1.400499999999999901e+01 1.023416351999999918e+01 2.139609803999999713e+03 2.224894499999999880e+03
1.401000000000000156e+01 1.023971831999999971e+01 2.139563513999999941e+03 2.224894499999999880e+03
1.401500000000000057e+01 1.025082791999999898e+01 2.139470933999999943e+03 2.224894499999999880e+03
1.401999999999999957e+01 1.028489735999999866e+01 2.139187022000000070e+03 2.224894499999999880e+03
1.402499999999999858e+01 1.029600695999999971e+01 2.139094442000000072e+03 2.224894499999999880e+03
1.403000000000000114e+01 1.018305935999999967e+01 2.140035671999999977e+03 2.224894499999999880e+03
1.403500000000000014e+01 1.014343511999999770e+01 2.140365874000000076e+03 2.224894499999999880e+03
1.403999999999999915e+01 1.013232552000000020e+01 2.140458454000000074e+03 2.224894499999999880e+03
1.404500000000000171e+01 1.010418119999999931e+01 2.140692990000000009e+03 2.224894499999999880e+03
1.405000000000000071e+01 1.014936023999999826e+01 2.140316497999999683e+03 2.224894499999999880e+03
1.405499999999999972e+01 1.013788031999999895e+01 2.140412163999999848e+03 2.224894499999999880e+03
1.405999999999999872e+01 1.007011175999999963e+01 2.140976901999999882e+03 2.224894499999999880e+03
1.406500000000000128e+01 1.004752223999999927e+01 2.141165148000000045e+03 2.224894499999999880e+03
1.407000000000000028e+01 1.003641263999999822e+01 2.141257728000000043e+03 2.224894499999999880e+03
1.407499999999999929e+01 1.012084559999999911e+01 2.140554119999999784e+03 2.224894499999999880e+03
1.408000000000000185e+01 1.005307703999999802e+01 2.141118857999999818e+03 2.224894499999999880e+03
1.408500000000000085e+01 1.006455695999999911e+01 2.141023191999999653e+03 2.224894499999999880e+03
1.408999999999999986e+01 1.007011175999999963e+01 2.140976901999999882e+03 2.224894499999999880e+03
1.409499999999999886e+01 1.002493271999999891e+01 2.141353393999999753e+03 2.224894499999999880e+03
1.410000000000000142e+01 1.004752223999999927e+01 2.141165148000000045e+03 2.224894499999999880e+03
1.410500000000000043e+01 1.004196743999999875e+01 2.141211437999999816e+03 2.224894499999999880e+03
1.410999999999999943e+01 9.996788399999999797e+00 2.141587929999999687e+03 2.224894499999999880e+03
1.411500000000000199e+01 1.005900215999999858e+01 2.141069481999999880e+03 2.224894499999999880e+03
1.412000000000000099e+01 1.006455695999999911e+01 2.141023191999999653e+03 2.224894499999999880e+03
1.412500000000000000e+01 1.004196743999999875e+01 2.141211437999999816e+03 2.224894499999999880e+03
1.412999999999999901e+01 1.005307703999999802e+01 2.141118857999999818e+03 2.224894499999999880e+03
1.413500000000000156e+01 1.004196743999999875e+01 2.141211437999999816e+03 2.224894499999999880e+03
1.414000000000000057e+01 1.000234320000000032e+01 2.141541639999999916e+03 2.224894499999999880e+03
1.414499999999999957e+01 9.990863279999999236e+00 2.141637306000000081e+03 2.224894499999999880e+03
1.414999999999999858e+01 1.000789799999999907e+01 2.141495349999999689e+03 2.224894499999999880e+03
1.415500000000000114e+01 1.003641263999999822e+01 2.141257728000000043e+03 2.224894499999999880e+03
1.416000000000000014e+01 1.004752223999999927e+01 2.141165148000000045e+03 2.224894499999999880e+03
1.416499999999999915e+01 1.001345279999999782e+01 2.141449059999999918e+03 2.224894499999999880e+03
1.417000000000000171e+01 1.008159167999999895e+01 2.140881235999999717e+03 2.224894499999999880e+03
1.417500000000000071e+01 1.008714647999999947e+01 2.140834945999999945e+03 2.224894499999999880e+03
1.417999999999999972e+01 9.996788399999999797e+00 2.141587929999999687e+03 2.224894499999999880e+03
1.418499999999999872e+01 1.006455695999999911e+01 2.141023191999999653e+03 2.224894499999999880e+03
1.419000000000000128e+01 1.000234320000000032e+01 2.141541639999999916e+03 2.224894499999999880e+03
1.419500000000000028e+01 1.005900215999999858e+01 2.141069481999999880e+03 2.224894499999999880e+03
1.419999999999999929e+01 9.996788399999999797e+00 2.141587929999999687e+03 2.224894499999999880e+03
1.420500000000000185e+01 1.002493271999999891e+01 2.141353393999999753e+03 2.224894499999999880e+03
1.421000000000000085e+01 1.008714647999999947e+01 2.140834945999999945e+03 2.224894499999999880e+03
1.421499999999999986e+01 1.004196743999999875e+01 2.141211437999999816e+03 2.224894499999999880e+03
1.421999999999999886e+01 9.951609359999999072e+00 2.141964422000000013e+03 2.224894499999999880e+03
1.422500000000000142e+01 9.990863279999999236e+00 2.141637306000000081e+03 2.224894499999999880e+03
1.423000000000000043e+01 9.996788399999999797e+00 2.141587929999999687e+03 2.224894499999999880e+03
1.423499999999999943e+01 1.000234320000000032e+01 2.141541639999999916e+03 2.224894499999999880e+03
1.424000000000000199e+01 1.003048751999999766e+01 2.141307103999999981e+03 2.224894499999999880e+03
1.424500000000000099e+01 1.005307703999999802e+01 2.141118857999999818e+03 2.224894499999999880e+03
1.425000000000000000e+01 9.985308479999998710e+00 2.141683595999999852e+03 2.224894499999999880e+03
1.425499999999999901e+01 1.000789799999999907e+01 2.141495349999999689e+03 2.224894499999999880e+03
1.426000000000000156e+01 1.001345279999999782e+01 2.141449059999999918e+03 2.224894499999999880e+03
1.426500000000000057e+01 1.005307703999999802e+01 2.141118857999999818e+03 2.224894499999999880e+03
1.426999999999999957e+01 1.007011175999999963e+01 2.140976901999999882e+03 2.224894499999999880e+03
1.427499999999999858e+01 1.003641263999999822e+01 2.141257728000000043e+03 2.224894499999999880e+03
1.428000000000000114e+01 1.005307703999999802e+01 2.141118857999999818e+03 2.224894499999999880e+03
1.428500000000000014e+01 1.001937792000000016e+01 2.141399683999999979e+03 2.224894499999999880e+03
1.428999999999999915e+01 1.003641263999999822e+01 2.141257728000000043e+03 2.224894499999999880e+03
1.429500000000000171e+01 1.000234320000000032e+01 2.141541639999999916e+03 2.224894499999999880e+03
1.430000000000000071e+01 1.010973599999999983e+01 2.140646699999999782e+03 2.224894499999999880e+03
1.430499999999999972e+01 1.008714647999999947e+01 2.140834945999999945e+03 2.224894499999999880e+03
1.430999999999999872e+01 1.005307703999999802e+01 2.141118857999999818e+03 2.224894499999999880e+03
1.431500000000000128e+01 1.001937792000000016e+01 2.141399683999999979e+03 2.224894499999999880e+03
1.432000000000000028e+01 1.003048751999999766e+01 2.141307103999999981e+03 2.224894499999999880e+03
1.432499999999999929e+01 9.985308479999998710e+00 2.141683595999999852e+03 2.224894499999999880e+03
1.433000000000000185e+01 1.005900215999999858e+01 2.141069481999999880e+03 2.224894499999999880e+03
1.433500000000000085e+01 1.004196743999999875e+01 2.141211437999999816e+03 2.224894499999999880e+03
1.433999999999999986e+01 1.000789799999999907e+01 2.141495349999999689e+03 2.224894499999999880e+03
1.434499999999999886e+01 1.003641263999999822e+01 2.141257728000000043e+03 2.224894499999999880e+03
1.435000000000000142e+01 9.996788399999999797e+00 2.141587929999999687e+03 2.224894499999999880e+03
1.435500000000000043e+01 1.000789799999999907e+01 2.141495349999999689e+03 2.224894499999999880e+03
1.435999999999999943e+01 1.008714647999999947e+01 2.140834945999999945e+03 2.224894499999999880e+03
1.436500000000000199e+01 9.996788399999999797e+00 2.141587929999999687e+03 2.224894499999999880e+03
1.437000000000000099e+01 9.996788399999999797e+00 2.141587929999999687e+03 2.224894499999999880e+03
1.437500000000000000e+01 1.004752223999999927e+01 2.141165148000000045e+03 2.224894499999999880e+03
1.437999999999999901e+01 1.000789799999999907e+01 2.141495349999999689e+03 2.224894499999999880e+03
1.438500000000000156e+01 1.001937792000000016e+01 2.141399683999999979e+03 2.224894499999999880e+03
1.439000000000000057e+01 1.003048751999999766e+01 2.141307103999999981e+03 2.224894499999999880e+03
1.439499999999999957e+01 1.000234320000000032e+01 2.141541639999999916e+03 2.224894499999999880e+03
1.439999999999999858e+01 9.990863279999999236e+00 2.141637306000000081e+03 2.224894499999999880e+03
1.440500000000000114e+01 1.000234320000000032e+01 2.141541639999999916e+03 2.224894499999999880e+03
1.441000000000000014e+01 1.000234320000000032e+01 2.141541639999999916e+03 2.224894499999999880e+03
1.441499999999999915e+01 1.004196743999999875e+01 2.141211437999999816e+03 2.224894499999999880e+03
1.442000000000000171e+01 1.001345279999999782e+01 2.141449059999999918e+03 2.224894499999999880e+03
1.442500000000000071e+01 1.001345279999999782e+01 2.141449059999999918e+03 2.224894499999999880e+03
1.442999999999999972e+01 1.004752223999999927e+01 2.141165148000000045e+03 2.224894499999999880e+03
1.443499999999999872e+01 9.968273759999998873e+00 2.141825551999999789e+03 2.224894499999999880e+03
1.444000000000000128e+01 9.968273759999998873e+00 2.141825551999999789e+03 2.224894499999999880e+03
1.444500000000000028e+01 9.974198879999999434e+00 2.141776175999999850e+03 2.224894499999999880e+03
1.444999999999999929e+01 9.996788399999999797e+00 2.141587929999999687e+03 2.224894499999999880e+03
1.445500000000000185e+01 1.001345279999999782e+01 2.141449059999999918e+03 2.224894499999999880e+03
1.446000000000000085e+01 1.001345279999999782e+01 2.141449059999999918e+03 2.224894499999999880e+03
1.446499999999999986e+01 9.957164159999997821e+00 2.141918131999999787e+03 2.224894499999999880e+03
1.446999999999999886e+01 9.996788399999999797e+00 2.141587929999999687e+03 2.224894499999999880e+03
1.447500000000000142e+01 1.000789799999999907e+01 2.141495349999999689e+03 2.224894499999999880e+03
1.448000000000000043e+01 9.985308479999998710e+00 2.141683595999999852e+03 2.224894499999999880e+03
1.448499999999999943e+01 1.005307703999999802e+01 2.141118857999999818e+03 2.224894499999999880e+03
1.449000000000000199e+01 1.000234320000000032e+01 2.141541639999999916e+03 2.224894499999999880e+03
1.449500000000000099e+01 1.000234320000000032e+01 2.141541639999999916e+03 2.224894499999999880e+03
1.450000000000000000e+01 9.957164159999997821e+00 2.141918131999999787e+03 2.224894499999999880e+03
1.450499999999999901e+01 9.968273759999998873e+00 2.141825551999999789e+03 2.224894499999999880e+03
1.451000000000000156e+01 9.974198879999999434e+00 2.141776175999999850e+03 2.224894499999999880e+03
1.451500000000000057e+01 1.000789799999999907e+01 2.141495349999999689e+03 2.224894499999999880e+03
1.451999999999999957e+01 9.996788399999999797e+00 2.141587929999999687e+03 2.224894499999999880e+03
1.452499999999999858e+01 9.962718959999998347e+00 2.141871842000000015e+03 2.224894499999999880e+03
1.453000000000000114e+01 9.951609359999999072e+00 2.141964422000000013e+03 2.224894499999999880e+03
1.453500000000000014e+01 9.974198879999999434e+00 2.141776175999999850e+03 2.224894499999999880e+03
1.453999999999999915e+01 9.962718959999998347e+00 2.141871842000000015e+03 2.224894499999999880e+03
1.454500000000000171e+01 9.917539919999997622e+00 2.142248333999999886e+03 2.224894499999999880e+03
1.455000000000000071e+01 9.900505199999997785e+00 2.142390289999999823e+03 2.224894499999999880e+03
1.455499999999999972e+01 9.951609359999999072e+00 2.141964422000000013e+03 2.224894499999999880e+03
1.455999999999999872e+01 9.962718959999998347e+00 2.141871842000000015e+03 2.224894499999999880e+03
1.456500000000000128e+01 9.940129439999997985e+00 2.142060087999999723e+03 2.224894499999999880e+03
1.457000000000000028e+01 9.934574639999997459e+00 2.142106377999999950e+03 2.224894499999999880e+03
1.457499999999999929e+01 9.906430320000000123e+00 2.142340913999999884e+03 2.224894499999999880e+03
1.458000000000000185e+01 9.900505199999997785e+00 2.142390289999999823e+03 2.224894499999999880e+03
1.458500000000000085e+01 9.934574639999997459e+00 2.142106377999999950e+03 2.224894499999999880e+03
1.458999999999999986e+01 9.951609359999999072e+00 2.141964422000000013e+03 2.224894499999999880e+03
1.459499999999999886e+01 9.940129439999997985e+00 2.142060087999999723e+03 2.224894499999999880e+03
1.460000000000000142e+01 9.962718959999998347e+00 2.141871842000000015e+03 2.224894499999999880e+03
1.460500000000000043e+01 1.000789799999999907e+01 2.141495349999999689e+03 2.224894499999999880e+03
1.460999999999999943e+01 9.996788399999999797e+00 2.141587929999999687e+03 2.224894499999999880e+03
1.461500000000000199e+01 9.968273759999998873e+00 2.141825551999999789e+03 2.224894499999999880e+03
1.462000000000000099e+01 9.957164159999997821e+00 2.141918131999999787e+03 2.224894499999999880e+03
1.462500000000000000e+01 1.000789799999999907e+01 2.141495349999999689e+03 2.224894499999999880e+03
1.462999999999999901e+01 9.985308479999998710e+00 2.141683595999999852e+03 2.224894499999999880e+03
1.463500000000000156e+01 9.962718959999998347e+00 2.141871842000000015e+03 2.224894499999999880e+03
1.464000000000000057e+01 9.923094719999998148e+00 2.142202043999999660e+03 2.224894499999999880e+03
1.464499999999999957e+01 9.951609359999999072e+00 2.141964422000000013e+03 2.224894499999999880e+03
1.464999999999999858e+01 9.974198879999999434e+00 2.141776175999999850e+03 2.224894499999999880e+03
1.465500000000000114e+01 9.968273759999998873e+00 2.141825551999999789e+03 2.224894499999999880e+03
1.466000000000000014e+01 1.002493271999999891e+01 2.141353393999999753e+03 2.224894499999999880e+03
1.466499999999999915e+01 9.996788399999999797e+00 2.141587929999999687e+03 2.224894499999999880e+03
1.467000000000000171e+01 9.934574639999997459e+00 2.142106377999999950e+03 2.224894499999999880e+03
1.467500000000000071e+01 9.951609359999999072e+00 2.141964422000000013e+03 2.224894499999999880e+03
1.467999999999999972e+01 9.990863279999999236e+00 2.141637306000000081e+03 2.224894499999999880e+03
1.468499999999999872e+01 9.945684239999998510e+00 2.142013797999999952e+03 2.224894499999999880e+03
1.469000000000000128e+01 1.001345279999999782e+01 2.141449059999999918e+03 2.224894499999999880e+03
1.469500000000000028e+01 9.985308479999998710e+00 2.141683595999999852e+03 2.224894499999999880e+03
1.469999999999999929e+01 9.929019839999998709e+00 2.142152667999999721e+03 2.224894499999999880e+03
1.470500000000000185e+01 9.929019839999998709e+00 2.142152667999999721e+03 2.224894499999999880e+03
1.471000000000000085e+01 9.962718959999998347e+00 2.141871842000000015e+03 2.224894499999999880e+03
1.471499999999999986e+01 9.996788399999999797e+00 2.141587929999999687e+03 2.224894499999999880e+03
1.471999999999999886e+01 9.957164159999997821e+00 2.141918131999999787e+03 2.224894499999999880e+03
1.472500000000000142e+01 9.990863279999999236e+00 2.141637306000000081e+03 2.224894499999999880e+03
1.473000000000000043e+01 9.957164159999997821e+00 2.141918131999999787e+03 2.224894499999999880e+03
1.473499999999999943e+01 9.968273759999998873e+00 2.141825551999999789e+03 2.224894499999999880e+03
1.474000000000000199e+01 9.962718959999998347e+00 2.141871842000000015e+03 2.224894499999999880e+03
1.474500000000000099e+01 9.974198879999999434e+00 2.141776175999999850e+03 2.224894499999999880e+03
1.475000000000000000e+01 9.951609359999999072e+00 2.141964422000000013e+03 2.224894499999999880e+03
1.475499999999999901e+01 9.940129439999997985e+00 2.142060087999999723e+03 2.224894499999999880e+03
1.476000000000000156e+01 9.923094719999998148e+00 2.142202043999999660e+03 2.224894499999999880e+03
1.476500000000000057e+01 9.940129439999997985e+00 2.142060087999999723e+03 2.224894499999999880e+03
1.476999999999999957e+01 9.917539919999997622e+00 2.142248333999999886e+03 2.224894499999999880e+03
1.477499999999999858e+01 9.945684239999998510e+00 2.142013797999999952e+03 2.224894499999999880e+03
1.478000000000000114e+01 9.911985119999997096e+00 2.142294624000000113e+03 2.224894499999999880e+03
1.478500000000000014e+01 9.934574639999997459e+00 2.142106377999999950e+03 2.224894499999999880e+03
1.478999999999999915e+01 9.951609359999999072e+00 2.141964422000000013e+03 2.224894499999999880e+03
1.479500000000000171e+01 9.940129439999997985e+00 2.142060087999999723e+03 2.224894499999999880e+03
1.480000000000000071e+01 9.889395599999998510e+00 2.142482869999999821e+03 2.224894499999999880e+03
1.480499999999999972e+01 9.957164159999997821e+00 2.141918131999999787e+03 2.224894499999999880e+03
1.480999999999999872e+01 9.962718959999998347e+00 2.141871842000000015e+03 2.224894499999999880e+03
1.481500000000000128e+01 9.968273759999998873e+00 2.141825551999999789e+03 2.224894499999999880e+03
1.482000000000000028e+01 9.962718959999998347e+00 2.141871842000000015e+03 2.224894499999999880e+03
1.482499999999999929e+01 9.968273759999998873e+00 2.141825551999999789e+03 2.224894499999999880e+03
1.483000000000000185e+01 1.003048751999999766e+01 2.141307103999999981e+03 2.224894499999999880e+03
1.483500000000000085e+01 9.945684239999998510e+00 2.142013797999999952e+03 2.224894499999999880e+03
1.483999999999999986e+01 9.923094719999998148e+00 2.142202043999999660e+03 2.224894499999999880e+03
1.484499999999999886e+01 9.996788399999999797e+00 2.141587929999999687e+03 2.224894499999999880e+03
1.485000000000000142e+01 9.934574639999997459e+00 2.142106377999999950e+03 2.224894499999999880e+03
1.485500000000000043e+01 9.945684239999998510e+00 2.142013797999999952e+03 2.224894499999999880e+03
1.485999999999999943e+01 9.990863279999999236e+00 2.141637306000000081e+03 2.224894499999999880e+03
1.486500000000000199e+01 9.979753679999999960e+00 2.141729886000000079e+03 2.224894499999999880e+03
1.487000000000000099e+01 1.001345279999999782e+01 2.141449059999999918e+03 2.224894499999999880e+03
1.487500000000000000e+01 9.985308479999998710e+00 2.141683595999999852e+03 2.224894499999999880e+03
1.487999999999999901e+01 9.962718959999998347e+00 2.141871842000000015e+03 2.224894499999999880e+03
1.488500000000000156e+01 9.951609359999999072e+00 2.141964422000000013e+03 2.224894499999999880e+03
1.489000000000000057e+01 9.929019839999998709e+00 2.142152667999999721e+03 2.224894499999999880e+03
1.489499999999999957e+01 9.929019839999998709e+00 2.142152667999999721e+03 2.224894499999999880e+03
1.489999999999999858e+01 9.990863279999999236e+00 2.141637306000000081e+03 2.224894499999999880e+03
1.490500000000000114e+01 9.894950399999999036e+00 2.142436580000000049e+03 2.224894499999999880e+03
1.491000000000000014e+01 9.900505199999997785e+00 2.142390289999999823e+03 2.224894499999999880e+03
1.491499999999999915e+01 9.968273759999998873e+00 2.141825551999999789e+03 2.224894499999999880e+03
1.492000000000000171e+01 9.945684239999998510e+00 2.142013797999999952e+03 2.224894499999999880e+03
1.492500000000000071e+01 9.996788399999999797e+00 2.141587929999999687e+03 2.224894499999999880e+03
1.492999999999999972e+01 1.001345279999999782e+01 2.141449059999999918e+03 2.224894499999999880e+03
1.493499999999999872e+01 9.940129439999997985e+00 2.142060087999999723e+03 2.224894499999999880e+03
1.494000000000000128e+01 9.990863279999999236e+00 2.141637306000000081e+03 2.224894499999999880e+03
1.494500000000000028e+01 1.000234320000000032e+01 2.141541639999999916e+03 2.224894499999999880e+03
1.494999999999999929e+01 9.917539919999997622e+00 2.142248333999999886e+03 2.224894499999999880e+03
1.495500000000000185e+01 9.906430320000000123e+00 2.142340913999999884e+03 2.224894499999999880e+03
1.496000000000000085e+01 9.990863279999999236e+00 2.141637306000000081e+03 2.224894499999999880e+03
1.496499999999999986e+01 9.911985119999997096e+00 2.142294624000000113e+03 2.224894499999999880e+03
1.496999999999999886e+01 9.951609359999999072e+00 2.141964422000000013e+03 2.224894499999999880e+03
1.497500000000000142e+01 9.940129439999997985e+00 2.142060087999999723e+03 2.224894499999999880e+03
1.498000000000000043e+01 9.911985119999997096e+00 2.142294624000000113e+03 2.224894499999999880e+03
1.498499999999999943e+01 9.979753679999999960e+00 2.141729886000000079e+03 2.224894499999999880e+03
1.499000000000000199e+01 9.996788399999999797e+00 2.141587929999999687e+03 2.224894499999999880e+03
1.499500000000000099e+01 9.990863279999999236e+00 2.141637306000000081e+03 2.224894499999999880e+03
1.500000000000000000e+01 9.974198879999999434e+00 2.141776175999999850e+03 2.224894499999999880e+03
1.500499999999999901e+01 9.985308479999998710e+00 2.141683595999999852e+03 2.224894499999999880e+03
1.501000000000000156e+01 9.951609359999999072e+00 2.141964422000000013e+03 2.224894499999999880e+03
1.501500000000000057e+01 9.979753679999999960e+00 2.141729886000000079e+03 2.224894499999999880e+03
1.501999999999999957e+01 9.968273759999998873e+00 2.141825551999999789e+03 2.224894499999999880e+03
1.502499999999999858e+01 9.962718959999998347e+00 2.141871842000000015e+03 2.224894499999999880e+03
1.503000000000000114e+01 9.979753679999999960e+00 2.141729886000000079e+03 2.224894499999999880e+03
1.503500000000000014e+01 9.940129439999997985e+00 2.142060087999999723e+03 2.224894499999999880e+03
1.503999999999999915e+01 9.985308479999998710e+00 2.141683595999999852e+03 2.224894499999999880e+03
1.504500000000000171e+01 9.945684239999998510e+00 2.142013797999999952e+03 2.224894499999999880e+03
1.505000000000000071e+01 9.923094719999998148e+00 2.142202043999999660e+03 2.224894499999999880e+03
1.505499999999999972e+01 9.940129439999997985e+00 2.142060087999999723e+03 2.224894499999999880e+03
1.505999999999999872e+01 9.974198879999999434e+00 2.141776175999999850e+03 2.224894499999999880e+03
1.506500000000000306e+01 9.951609359999999072e+00 2.141964422000000013e+03 2.224894499999999880e+03
1.506999999999999851e+01 9.911985119999997096e+00 2.142294624000000113e+03 2.224894499999999880e+03
1.507500000000000107e+01 9.979753679999999960e+00 2.141729886000000079e+03 2.224894499999999880e+03
1.508000000000000362e+01 9.923094719999998148e+00 2.142202043999999660e+03 2.224894499999999880e+03
1.508499999999999908e+01 9.940129439999997985e+00 2.142060087999999723e+03 2.224894499999999880e+03
1.509000000000000163e+01 9.866806079999998147e+00 2.142671115999999984e+03 2.224894499999999880e+03
1.509499999999999709e+01 9.900505199999997785e+00 2.142390289999999823e+03 2.224894499999999880e+03
1.509999999999999964e+01 9.832736639999998474e+00 2.142955027999999857e+03 2.224894499999999880e+03
1.510500000000000220e+01 9.877915679999999199e+00 2.142578535999999986e+03 2.224894499999999880e+03
1.510999999999999766e+01 9.962718959999998347e+00 2.141871842000000015e+03 2.224894499999999880e+03
1.511500000000000021e+01 9.968273759999998873e+00 2.141825551999999789e+03 2.224894499999999880e+03
1.512000000000000277e+01 9.917539919999997622e+00 2.142248333999999886e+03 2.224894499999999880e+03
1.512499999999999822e+01 9.923094719999998148e+00 2.142202043999999660e+03 2.224894499999999880e+03
1.513000000000000078e+01 9.962718959999998347e+00 2.141871842000000015e+03 2.224894499999999880e+03
1.513500000000000334e+01 9.945684239999998510e+00 2.142013797999999952e+03 2.224894499999999880e+03
1.513999999999999879e+01 9.929019839999998709e+00 2.142152667999999721e+03 2.224894499999999880e+03
1.514500000000000135e+01 9.929019839999998709e+00 2.142152667999999721e+03 2.224894499999999880e+03
1.514999999999999680e+01 9.979753679999999960e+00 2.141729886000000079e+03 2.224894499999999880e+03
1.515499999999999936e+01 9.900505199999997785e+00 2.142390289999999823e+03 2.224894499999999880e+03
1.516000000000000192e+01 9.906430320000000123e+00 2.142340913999999884e+03 2.224894499999999880e+03
1.516499999999999737e+01 9.866806079999998147e+00 2.142671115999999984e+03 2.224894499999999880e+03
1.516999999999999993e+01 9.866806079999998147e+00 2.142671115999999984e+03 2.224894499999999880e+03
1.517500000000000249e+01 9.911985119999997096e+00 2.142294624000000113e+03 2.224894499999999880e+03
1.517999999999999794e+01 9.906430320000000123e+00 2.142340913999999884e+03 2.224894499999999880e+03
1.518500000000000050e+01 9.889395599999998510e+00 2.142482869999999821e+03 2.224894499999999880e+03
1.519000000000000306e+01 9.855326159999998836e+00 2.142766781999999694e+03 2.224894499999999880e+03
1.519499999999999851e+01 9.872360879999998673e+00 2.142624825999999757e+03 2.224894499999999880e+03
1.520000000000000107e+01 9.906430320000000123e+00 2.142340913999999884e+03 2.224894499999999880e+03
1.520500000000000362e+01 9.860880959999999362e+00 2.142720491999999922e+03 2.224894499999999880e+03
1.520999999999999908e+01 9.877915679999999199e+00 2.142578535999999986e+03 2.224894499999999880e+03
1.521500000000000163e+01 9.923094719999998148e+00 2.142202043999999660e+03 2.224894499999999880e+03
1.521999999999999709e+01 9.900505199999997785e+00 2.142390289999999823e+03 2.224894499999999880e+03
1.522499999999999964e+01 9.877915679999999199e+00 2.142578535999999986e+03 2.224894499999999880e+03
1.523000000000000220e+01 9.940129439999997985e+00 2.142060087999999723e+03 2.224894499999999880e+03
1.523499999999999766e+01 9.934574639999997459e+00 2.142106377999999950e+03 2.224894499999999880e+03
1.524000000000000021e+01 9.860880959999999362e+00 2.142720491999999922e+03 2.224894499999999880e+03
1.524500000000000277e+01 9.911985119999997096e+00 2.142294624000000113e+03 2.224894499999999880e+03
1.524999999999999822e+01 9.962718959999998347e+00 2.141871842000000015e+03 2.224894499999999880e+03
1.525500000000000078e+01 9.940129439999997985e+00 2.142060087999999723e+03 2.224894499999999880e+03
1.526000000000000334e+01 9.957164159999997821e+00 2.141918131999999787e+03 2.224894499999999880e+03
1.526499999999999879e+01 9.990863279999999236e+00 2.141637306000000081e+03 2.224894499999999880e+03
1.527000000000000135e+01 9.951609359999999072e+00 2.141964422000000013e+03 2.224894499999999880e+03
1.527499999999999680e+01 9.917539919999997622e+00 2.142248333999999886e+03 2.224894499999999880e+03
1.527999999999999936e+01 9.934574639999997459e+00 2.142106377999999950e+03 2.224894499999999880e+03
1.528500000000000192e+01 9.945684239999998510e+00 2.142013797999999952e+03 2.224894499999999880e+03
1.528999999999999737e+01 9.894950399999999036e+00 2.142436580000000049e+03 2.224894499999999880e+03
1.529499999999999993e+01 9.985308479999998710e+00 2.141683595999999852e+03 2.224894499999999880e+03
1.530000000000000249e+01 9.945684239999998510e+00 2.142013797999999952e+03 2.224894499999999880e+03
1.530499999999999794e+01 9.923094719999998148e+00 2.142202043999999660e+03 2.224894499999999880e+03
1.531000000000000050e+01 9.889395599999998510e+00 2.142482869999999821e+03 2.224894499999999880e+03
1.531500000000000306e+01 9.923094719999998148e+00 2.142202043999999660e+03 2.224894499999999880e+03
1.531999999999999851e+01 9.894950399999999036e+00 2.142436580000000049e+03 2.224894499999999880e+03
1.532500000000000107e+01 9.877915679999999199e+00 2.142578535999999986e+03 2.224894499999999880e+03
1.533000000000000362e+01 9.923094719999998148e+00 2.142202043999999660e+03 2.224894499999999880e+03
1.533499999999999908e+01 9.945684239999998510e+00 2.142013797999999952e+03 2.224894499999999880e+03
1.534000000000000163e+01 9.934574639999997459e+00 2.142106377999999950e+03 2.224894499999999880e+03
1.534499999999999709e+01 9.951609359999999072e+00 2.141964422000000013e+03 2.224894499999999880e+03
1.534999999999999964e+01 9.906430320000000123e+00 2.142340913999999884e+03 2.224894499999999880e+03
1.535500000000000220e+01 9.911985119999997096e+00 2.142294624000000113e+03 2.224894499999999880e+03
1.535999999999999766e+01 9.962718959999998347e+00 2.141871842000000015e+03 2.224894499999999880e+03
1.536500000000000021e+01 9.900505199999997785e+00 2.142390289999999823e+03 2.224894499999999880e+03
1.537000000000000277e+01 9.957164159999997821e+00 2.141918131999999787e+03 2.224894499999999880e+03
1.537499999999999822e+01 9.934574639999997459e+00 2.142106377999999950e+03 2.224894499999999880e+03
1.538000000000000078e+01 9.911985119999997096e+00 2.142294624000000113e+03 2.224894499999999880e+03
1.538500000000000334e+01 9.917539919999997622e+00 2.142248333999999886e+03 2.224894499999999880e+03
1.538999999999999879e+01 9.866806079999998147e+00 2.142671115999999984e+03 2.224894499999999880e+03
1.539500000000000135e+01 9.934574639999997459e+00 2.142106377999999950e+03 2.224894499999999880e+03
1.539999999999999680e+01 9.860880959999999362e+00 2.142720491999999922e+03 2.224894499999999880e+03
1.540499999999999936e+01 9.900505199999997785e+00 2.142390289999999823e+03 2.224894499999999880e+03
1.541000000000000192e+01 9.883840799999999760e+00 2.142529160000000047e+03 2.224894499999999880e+03
1.541499999999999737e+01 9.866806079999998147e+00 2.142671115999999984e+03 2.224894499999999880e+03
1.541999999999999993e+01 9.900505199999997785e+00 2.142390289999999823e+03 2.224894499999999880e+03
1.542500000000000249e+01 9.923094719999998148e+00 2.142202043999999660e+03 2.224894499999999880e+03
1.542999999999999794e+01 9.917539919999997622e+00 2.142248333999999886e+03 2.224894499999999880e+03
1.543500000000000050e+01 9.940129439999997985e+00 2.142060087999999723e+03 2.224894499999999880e+03
1.544000000000000306e+01 9.849771359999998310e+00 2.142813071999999920e+03 2.224894499999999880e+03
1.544499999999999851e+01 9.889395599999998510e+00 2.142482869999999821e+03 2.224894499999999880e+03
1.545000000000000107e+01 9.957164159999997821e+00 2.141918131999999787e+03 2.224894499999999880e+03
1.545500000000000362e+01 9.889395599999998510e+00 2.142482869999999821e+03 2.224894499999999880e+03
1.545999999999999908e+01 9.945684239999998510e+00 2.142013797999999952e+03 2.224894499999999880e+03
1.546500000000000163e+01 9.945684239999998510e+00 2.142013797999999952e+03 2.224894499999999880e+03
1.546999999999999709e+01 9.923094719999998148e+00 2.142202043999999660e+03 2.224894499999999880e+03
1.547499999999999964e+01 9.900505199999997785e+00 2.142390289999999823e+03 2.224894499999999880e+03
1.548000000000000220e+01 9.838291439999999000e+00 2.142908738000000085e+03 2.224894499999999880e+03
1.548499999999999766e+01 9.894950399999999036e+00 2.142436580000000049e+03 2.224894499999999880e+03
1.549000000000000021e+01 9.866806079999998147e+00 2.142671115999999984e+03 2.224894499999999880e+03
1.549500000000000277e+01 9.883840799999999760e+00 2.142529160000000047e+03 2.224894499999999880e+03
1.549999999999999822e+01 9.866806079999998147e+00 2.142671115999999984e+03 2.224894499999999880e+03
1.550500000000000078e+01 9.889395599999998510e+00 2.142482869999999821e+03 2.224894499999999880e+03
1.551000000000000334e+01 9.934574639999997459e+00 2.142106377999999950e+03 2.224894499999999880e+03
1.551499999999999879e+01 9.894950399999999036e+00 2.142436580000000049e+03 2.224894499999999880e+03
1.552000000000000135e+01 9.872360879999998673e+00 2.142624825999999757e+03 2.224894499999999880e+03
1.552499999999999680e+01 9.889395599999998510e+00 2.142482869999999821e+03 2.224894499999999880e+03
1.552999999999999936e+01 9.940129439999997985e+00 2.142060087999999723e+03 2.224894499999999880e+03
1.553500000000000192e+01 9.872360879999998673e+00 2.142624825999999757e+03 2.224894499999999880e+03
1.553999999999999737e+01 9.883840799999999760e+00 2.142529160000000047e+03 2.224894499999999880e+03
1.554499999999999993e+01 9.923094719999998148e+00 2.142202043999999660e+03 2.224894499999999880e+03
1.555000000000000249e+01 9.894950399999999036e+00 2.142436580000000049e+03 2.224894499999999880e+03
1.555499999999999794e+01 9.929019839999998709e+00 2.142152667999999721e+03 2.224894499999999880e+03
1.556000000000000050e+01 9.844216559999997784e+00 2.142859361999999692e+03 2.224894499999999880e+03
1.556500000000000306e+01 9.877915679999999199e+00 2.142578535999999986e+03 2.224894499999999880e+03
1.556999999999999851e+01 9.911985119999997096e+00 2.142294624000000113e+03 2.224894499999999880e+03
1.557500000000000107e+01 9.900505199999997785e+00 2.142390289999999823e+03 2.224894499999999880e+03
1.558000000000000362e+01 9.889395599999998510e+00 2.142482869999999821e+03 2.224894499999999880e+03
1.558499999999999908e+01 9.883840799999999760e+00 2.142529160000000047e+03 2.224894499999999880e+03
1.559000000000000163e+01 9.951609359999999072e+00 2.141964422000000013e+03 2.224894499999999880e+03
1.559499999999999709e+01 9.889395599999998510e+00 2.142482869999999821e+03 2.224894499999999880e+03
1.559999999999999964e+01 9.923094719999998148e+00 2.142202043999999660e+03 2.224894499999999880e+03
1.560500000000000220e+01 9.872360879999998673e+00 2.142624825999999757e+03 2.224894499999999880e+03
1.560999999999999766e+01 9.844216559999997784e+00 2.142859361999999692e+03 2.224894499999999880e+03
1.561500000000000021e+01 9.900505199999997785e+00 2.142390289999999823e+03 2.224894499999999880e+03
1.562000000000000277e+01 9.906430320000000123e+00 2.142340913999999884e+03 2.224894499999999880e+03
1.562499999999999822e+01 9.974198879999999434e+00 2.141776175999999850e+03 2.224894499999999880e+03
1.563000000000000078e+01 9.911985119999997096e+00 2.142294624000000113e+03 2.224894499999999880e+03
1.563500000000000334e+01 9.900505199999997785e+00 2.142390289999999823e+03 2.224894499999999880e+03
1.563999999999999879e+01 9.821627039999997422e+00 2.143047607999999855e+03 2.224894499999999880e+03
1.564500000000000135e+01 9.844216559999997784e+00 2.142859361999999692e+03 2.224894499999999880e+03
1.564999999999999680e+01 9.883840799999999760e+00 2.142529160000000047e+03 2.224894499999999880e+03
1.565499999999999936e+01 9.889395599999998510e+00 2.142482869999999821e+03 2.224894499999999880e+03
1.566000000000000192e+01 9.900505199999997785e+00 2.142390289999999823e+03 2.224894499999999880e+03
1.566499999999999737e+01 9.923094719999998148e+00 2.142202043999999660e+03 2.224894499999999880e+03
1.566999999999999993e+01 9.883840799999999760e+00 2.142529160000000047e+03 2.224894499999999880e+03
1.567500000000000249e+01 9.849771359999998310e+00 2.142813071999999920e+03 2.224894499999999880e+03
1.567999999999999794e+01 9.889395599999998510e+00 2.142482869999999821e+03 2.224894499999999880e+03
1.568500000000000050e+01 9.900505199999997785e+00 2.142390289999999823e+03 2.224894499999999880e+03
1.569000000000000306e+01 9.849771359999998310e+00 2.142813071999999920e+03 2.224894499999999880e+03
1.569499999999999851e+01 9.832736639999998474e+00 2.142955027999999857e+03 2.224894499999999880e+03
1.570000000000000107e+01 9.894950399999999036e+00 2.142436580000000049e+03 2.224894499999999880e+03
1.570500000000000362e+01 9.883840799999999760e+00 2.142529160000000047e+03 2.224894499999999880e+03
1.570999999999999908e+01 9.838291439999999000e+00 2.142908738000000085e+03 2.224894499999999880e+03
1.571500000000000163e+01 9.793112399999998274e+00 2.143285229999999956e+03 2.224894499999999880e+03
1.571999999999999709e+01 9.917539919999997622e+00 2.142248333999999886e+03 2.224894499999999880e+03
1.572499999999999964e+01 9.821627039999997422e+00 2.143047607999999855e+03 2.224894499999999880e+03
1.573000000000000220e+01 9.860880959999999362e+00 2.142720491999999922e+03 2.224894499999999880e+03
1.573499999999999766e+01 9.849771359999998310e+00 2.142813071999999920e+03 2.224894499999999880e+03
1.574000000000000021e+01 9.866806079999998147e+00 2.142671115999999984e+03 2.224894499999999880e+03
1.574500000000000277e+01 9.872360879999998673e+00 2.142624825999999757e+03 2.224894499999999880e+03
1.574999999999999822e+01 9.855326159999998836e+00 2.142766781999999694e+03 2.224894499999999880e+03
1.575500000000000078e+01 9.911985119999997096e+00 2.142294624000000113e+03 2.224894499999999880e+03
1.576000000000000334e+01 9.838291439999999000e+00 2.142908738000000085e+03 2.224894499999999880e+03
1.576499999999999879e+01 9.860880959999999362e+00 2.142720491999999922e+03 2.224894499999999880e+03
1.577000000000000135e+01 9.844216559999997784e+00 2.142859361999999692e+03 2.224894499999999880e+03
1.577499999999999680e+01 9.872360879999998673e+00 2.142624825999999757e+03 2.224894499999999880e+03
1.577999999999999936e+01 9.832736639999998474e+00 2.142955027999999857e+03 2.224894499999999880e+03
1.578500000000000192e+01 9.923094719999998148e+00 2.142202043999999660e+03 2.224894499999999880e+03
1.578999999999999737e+01 9.815701919999998637e+00 2.143096983999999793e+03 2.224894499999999880e+03
1.579499999999999993e+01 9.855326159999998836e+00 2.142766781999999694e+03 2.224894499999999880e+03
1.580000000000000249e+01 9.810147119999998111e+00 2.143143274000000019e+03 2.224894499999999880e+03
1.580499999999999794e+01 9.849771359999998310e+00 2.142813071999999920e+03 2.224894499999999880e+03
1.581000000000000050e+01 9.866806079999998147e+00 2.142671115999999984e+03 2.224894499999999880e+03
1.581500000000000306e+01 9.815701919999998637e+00 2.143096983999999793e+03 2.224894499999999880e+03
1.581999999999999851e+01 9.821627039999997422e+00 2.143047607999999855e+03 2.224894499999999880e+03
1.582500000000000107e+01 9.810147119999998111e+00 2.143143274000000019e+03 2.224894499999999880e+03
1.583000000000000362e+01 9.844216559999997784e+00 2.142859361999999692e+03 2.224894499999999880e+03
1.583499999999999908e+01 9.855326159999998836e+00 2.142766781999999694e+03 2.224894499999999880e+03
1.584000000000000163e+01 9.872360879999998673e+00 2.142624825999999757e+03 2.224894499999999880e+03
1.584499999999999709e+01 9.849771359999998310e+00 2.142813071999999920e+03 2.224894499999999880e+03
1.584999999999999964e+01 9.799037519999997059e+00 2.143235854000000018e+03 2.224894499999999880e+03
1.585500000000000220e+01 9.866806079999998147e+00 2.142671115999999984e+03 2.224894499999999880e+03
1.585999999999999766e+01 9.877915679999999199e+00 2.142578535999999986e+03 2.224894499999999880e+03
1.586500000000000021e+01 9.849771359999998310e+00 2.142813071999999920e+03 2.224894499999999880e+03
1.587000000000000277e+01 9.815701919999998637e+00 2.143096983999999793e+03 2.224894499999999880e+03
1.587499999999999822e+01 9.844216559999997784e+00 2.142859361999999692e+03 2.224894499999999880e+03
1.588000000000000078e+01 9.821627039999997422e+00 2.143047607999999855e+03 2.224894499999999880e+03
1.588500000000000334e+01 9.832736639999998474e+00 2.142955027999999857e+03 2.224894499999999880e+03
1.588999999999999879e+01 9.866806079999998147e+00 2.142671115999999984e+03 2.224894499999999880e+03
1.589500000000000135e+01 9.815701919999998637e+00 2.143096983999999793e+03 2.224894499999999880e+03
1.589999999999999680e+01 9.889395599999998510e+00 2.142482869999999821e+03 2.224894499999999880e+03
1.590499999999999936e+01 9.877915679999999199e+00 2.142578535999999986e+03 2.224894499999999880e+03
1.591000000000000192e+01 9.911985119999997096e+00 2.142294624000000113e+03 2.224894499999999880e+03
1.591499999999999737e+01 9.838291439999999000e+00 2.142908738000000085e+03 2.224894499999999880e+03
1.591999999999999993e+01 9.844216559999997784e+00 2.142859361999999692e+03 2.224894499999999880e+03
1.592500000000000249e+01 9.929019839999998709e+00 2.142152667999999721e+03 2.224894499999999880e+03
1.592999999999999794e+01 9.872360879999998673e+00 2.142624825999999757e+03 2.224894499999999880e+03
1.593500000000000050e+01 9.821627039999997422e+00 2.143047607999999855e+03 2.224894499999999880e+03
1.594000000000000306e+01 9.889395599999998510e+00 2.142482869999999821e+03 2.224894499999999880e+03
1.594499999999999851e+01 9.872360879999998673e+00 2.142624825999999757e+03 2.224894499999999880e+03
1.595000000000000107e+01 9.844216559999997784e+00 2.142859361999999692e+03 2.224894499999999880e+03
1.595500000000000362e+01 9.827181839999997948e+00 2.143001318000000083e+03 2.224894499999999880e+03
1.595999999999999908e+01 9.877915679999999199e+00 2.142578535999999986e+03 2.224894499999999880e+03
1.596500000000000163e+01 9.877915679999999199e+00 2.142578535999999986e+03 2.224894499999999880e+03
1.596999999999999709e+01 9.877915679999999199e+00 2.142578535999999986e+03 2.224894499999999880e+03
1.597499999999999964e+01 9.838291439999999000e+00 2.142908738000000085e+03 2.224894499999999880e+03
1.598000000000000220e+01 9.866806079999998147e+00 2.142671115999999984e+03 2.224894499999999880e+03
1.598499999999999766e+01 9.844216559999997784e+00 2.142859361999999692e+03 2.224894499999999880e+03
1.599000000000000021e+01 9.883840799999999760e+00 2.142529160000000047e+03 2.224894499999999880e+03
1.599500000000000277e+01 9.894950399999999036e+00 2.142436580000000049e+03 2.224894499999999880e+03
1.599999999999999822e+01 9.934574639999997459e+00 2.142106377999999950e+03 2.224894499999999880e+03
1.600499999999999901e+01 9.894950399999999036e+00 2.142436580000000049e+03 2.224894499999999880e+03
1.601000000000000156e+01 9.883840799999999760e+00 2.142529160000000047e+03 2.224894499999999880e+03
1.601499999999999702e+01 9.900505199999997785e+00 2.142390289999999823e+03 2.224894499999999880e+03
1.601999999999999957e+01 9.883840799999999760e+00 2.142529160000000047e+03 2.224894499999999880e+03
1.602499999999999503e+01 9.866806079999998147e+00 2.142671115999999984e+03 2.224894499999999880e+03
1.602999999999999758e+01 9.832736639999998474e+00 2.142955027999999857e+03 2.224894499999999880e+03
1.603500000000000014e+01 9.883840799999999760e+00 2.142529160000000047e+03 2.224894499999999880e+03
1.603999999999999559e+01 9.832736639999998474e+00 2.142955027999999857e+03 2.224894499999999880e+03
1.604499999999999815e+01 9.889395599999998510e+00 2.142482869999999821e+03 2.224894499999999880e+03
1.605000000000000071e+01 9.804592319999997585e+00 2.143189563999999791e+03 2.224894499999999880e+03
1.605499999999999616e+01 9.832736639999998474e+00 2.142955027999999857e+03 2.224894499999999880e+03
1.605999999999999872e+01 9.860880959999999362e+00 2.142720491999999922e+03 2.224894499999999880e+03
1.606500000000000128e+01 9.894950399999999036e+00 2.142436580000000049e+03 2.224894499999999880e+03
1.606999999999999673e+01 9.900505199999997785e+00 2.142390289999999823e+03 2.224894499999999880e+03
1.607499999999999929e+01 9.844216559999997784e+00 2.142859361999999692e+03 2.224894499999999880e+03
1.608000000000000185e+01 9.815701919999998637e+00 2.143096983999999793e+03 2.224894499999999880e+03
1.608499999999999730e+01 9.815701919999998637e+00 2.143096983999999793e+03 2.224894499999999880e+03
1.608999999999999986e+01 9.911985119999997096e+00 2.142294624000000113e+03 2.224894499999999880e+03
1.609499999999999531e+01 9.900505199999997785e+00 2.142390289999999823e+03 2.224894499999999880e+03
1.609999999999999787e+01 9.860880959999999362e+00 2.142720491999999922e+03 2.224894499999999880e+03
1.610500000000000043e+01 9.883840799999999760e+00 2.142529160000000047e+03 2.224894499999999880e+03
1.610999999999999588e+01 9.917539919999997622e+00 2.142248333999999886e+03 2.224894499999999880e+03
1.611499999999999844e+01 9.889395599999998510e+00 2.142482869999999821e+03 2.224894499999999880e+03
1.612000000000000099e+01 9.821627039999997422e+00 2.143047607999999855e+03 2.224894499999999880e+03
1.612499999999999645e+01 9.877915679999999199e+00 2.142578535999999986e+03 2.224894499999999880e+03
1.612999999999999901e+01 9.827181839999997948e+00 2.143001318000000083e+03 2.224894499999999880e+03
1.613500000000000156e+01 9.894950399999999036e+00 2.142436580000000049e+03 2.224894499999999880e+03
1.613999999999999702e+01 9.934574639999997459e+00 2.142106377999999950e+03 2.224894499999999880e+03
1.614499999999999957e+01 9.894950399999999036e+00 2.142436580000000049e+03 2.224894499999999880e+03
1.614999999999999503e+01 9.894950399999999036e+00 2.142436580000000049e+03 2.224894499999999880e+03
1.615499999999999758e+01 9.838291439999999000e+00 2.142908738000000085e+03 2.224894499999999880e+03
1.616000000000000014e+01 9.883840799999999760e+00 2.142529160000000047e+03 2.224894499999999880e+03
1.616499999999999559e+01 9.821627039999997422e+00 2.143047607999999855e+03 2.224894499999999880e+03
1.616999999999999815e+01 9.844216559999997784e+00 2.142859361999999692e+03 2.224894499999999880e+03
1.617500000000000071e+01 9.855326159999998836e+00 2.142766781999999694e+03 2.224894499999999880e+03
1.617999999999999616e+01 9.855326159999998836e+00 2.142766781999999694e+03 2.224894499999999880e+03
1.618499999999999872e+01 9.911985119999997096e+00 2.142294624000000113e+03 2.224894499999999880e+03
1.619000000000000128e+01 9.872360879999998673e+00 2.142624825999999757e+03 2.224894499999999880e+03
1.619499999999999673e+01 9.917539919999997622e+00 2.142248333999999886e+03 2.224894499999999880e+03
1.619999999999999929e+01 9.883840799999999760e+00 2.142529160000000047e+03 2.224894499999999880e+03
1.620500000000000185e+01 9.934574639999997459e+00 2.142106377999999950e+03 2.224894499999999880e+03
1.620999999999999730e+01 9.872360879999998673e+00 2.142624825999999757e+03 2.224894499999999880e+03
1.621499999999999986e+01 9.934574639999997459e+00 2.142106377999999950e+03 2.224894499999999880e+03
1.621999999999999531e+01 9.923094719999998148e+00 2.142202043999999660e+03 2.224894499999999880e+03
1.622499999999999787e+01 9.889395599999998510e+00 2.142482869999999821e+03 2.224894499999999880e+03
1.623000000000000043e+01 9.900505199999997785e+00 2.142390289999999823e+03 2.224894499999999880e+03
1.623499999999999588e+01 9.872360879999998673e+00 2.142624825999999757e+03 2.224894499999999880e+03
1.623999999999999844e+01 9.883840799999999760e+00 2.142529160000000047e+03 2.224894499999999880e+03
1.624500000000000099e+01 9.866806079999998147e+00 2.142671115999999984e+03 2.224894499999999880e+03
1.624999999999999645e+01 9.821627039999997422e+00 2.143047607999999855e+03 2.224894499999999880e+03
1.625499999999999901e+01 9.815701919999998637e+00 2.143096983999999793e+03 2.224894499999999880e+03
1.626000000000000156e+01 9.889395599999998510e+00 2.142482869999999821e+03 2.224894499999999880e+03
1.626499999999999702e+01 9.877915679999999199e+00 2.142578535999999986e+03 2.224894499999999880e+03
1.626999999999999957e+01 9.883840799999999760e+00 2.142529160000000047e+03 2.224894499999999880e+03
1.627499999999999503e+01 9.810147119999998111e+00 2.143143274000000019e+03 2.224894499999999880e+03
1.627999999999999758e+01 9.844216559999997784e+00 2.142859361999999692e+03 2.224894499999999880e+03
1.628500000000000014e+01 9.810147119999998111e+00 2.143143274000000019e+03 2.224894499999999880e+03
1.628999999999999559e+01 9.855326159999998836e+00 2.142766781999999694e+03 2.224894499999999880e+03
1.629499999999999815e+01 9.866806079999998147e+00 2.142671115999999984e+03 2.224894499999999880e+03
1.630000000000000071e+01 9.877915679999999199e+00 2.142578535999999986e+03 2.224894499999999880e+03
1.630499999999999616e+01 9.844216559999997784e+00 2.142859361999999692e+03 2.224894499999999880e+03
1.630999999999999872e+01 9.844216559999997784e+00 2.142859361999999692e+03 2.224894499999999880e+03
1.631500000000000128e+01 9.872360879999998673e+00 2.142624825999999757e+03 2.224894499999999880e+03
1.631999999999999673e+01 9.849771359999998310e+00 2.142813071999999920e+03 2.224894499999999880e+03
1.632499999999999929e+01 9.872360879999998673e+00 2.142624825999999757e+03 2.224894499999999880e+03
1.633000000000000185e+01 9.838291439999999000e+00 2.142908738000000085e+03 2.224894499999999880e+03
1.633499999999999730e+01 9.860880959999999362e+00 2.142720491999999922e+03 2.224894499999999880e+03
1.633999999999999986e+01 9.866806079999998147e+00 2.142671115999999984e+03 2.224894499999999880e+03
1.634499999999999531e+01 9.872360879999998673e+00 2.142624825999999757e+03 2.224894499999999880e+03
1.634999999999999787e+01 9.872360879999998673e+00 2.142624825999999757e+03 2.224894499999999880e+03
1.635500000000000043e+01 9.877915679999999199e+00 2.142578535999999986e+03 2.224894499999999880e+03
1.635999999999999588e+01 9.832736639999998474e+00 2.142955027999999857e+03 2.224894499999999880e+03
1.636499999999999844e+01 9.883840799999999760e+00 2.142529160000000047e+03 2.224894499999999880e+03
1.637000000000000099e+01 9.877915679999999199e+00 2.142578535999999986e+03 2.224894499999999880e+03
1.637499999999999645e+01 9.917539919999997622e+00 2.142248333999999886e+03 2.224894499999999880e+03
1.637999999999999901e+01 9.894950399999999036e+00 2.142436580000000049e+03 2.224894499999999880e+03
1.638500000000000156e+01 9.804592319999997585e+00 2.143189563999999791e+03 2.224894499999999880e+03
1.638999999999999702e+01 9.827181839999997948e+00 2.143001318000000083e+03 2.224894499999999880e+03
1.639499999999999957e+01 9.844216559999997784e+00 2.142859361999999692e+03 2.224894499999999880e+03
1.639999999999999503e+01 9.776447999999998473e+00 2.143424099999999726e+03 2.224894499999999880e+03
1.640499999999999758e+01 9.793112399999998274e+00 2.143285229999999956e+03 2.224894499999999880e+03
1.641000000000000014e+01 9.821627039999997422e+00 2.143047607999999855e+03 2.224894499999999880e+03
1.641499999999999559e+01 9.815701919999998637e+00 2.143096983999999793e+03 2.224894499999999880e+03
1.641999999999999815e+01 9.827181839999997948e+00 2.143001318000000083e+03 2.224894499999999880e+03
1.642500000000000071e+01 9.872360879999998673e+00 2.142624825999999757e+03 2.224894499999999880e+03
1.642999999999999616e+01 9.793112399999998274e+00 2.143285229999999956e+03 2.224894499999999880e+03
1.643499999999999872e+01 9.860880959999999362e+00 2.142720491999999922e+03 2.224894499999999880e+03
1.644000000000000128e+01 9.872360879999998673e+00 2.142624825999999757e+03 2.224894499999999880e+03
1.644499999999999673e+01 9.827181839999997948e+00 2.143001318000000083e+03 2.224894499999999880e+03
1.644999999999999929e+01 9.787557599999997748e+00 2.143331519999999728e+03 2.224894499999999880e+03
1.645500000000000185e+01 9.855326159999998836e+00 2.142766781999999694e+03 2.224894499999999880e+03
1.645999999999999730e+01 9.799037519999997059e+00 2.143235854000000018e+03 2.224894499999999880e+03
1.646499999999999986e+01 9.838291439999999000e+00 2.142908738000000085e+03 2.224894499999999880e+03
1.646999999999999531e+01 9.832736639999998474e+00 2.142955027999999857e+03 2.224894499999999880e+03
1.647499999999999787e+01 9.821627039999997422e+00 2.143047607999999855e+03 2.224894499999999880e+03
1.648000000000000043e+01 9.782002799999998999e+00 2.143377809999999954e+03 2.224894499999999880e+03
1.648499999999999588e+01 9.793112399999998274e+00 2.143285229999999956e+03 2.224894499999999880e+03
1.648999999999999844e+01 9.736823759999998273e+00 2.143754301999999825e+03 2.224894499999999880e+03
1.649500000000000099e+01 9.860880959999999362e+00 2.142720491999999922e+03 2.224894499999999880e+03
1.649999999999999645e+01 9.844216559999997784e+00 2.142859361999999692e+03 2.224894499999999880e+03
1.650499999999999901e+01 9.849771359999998310e+00 2.142813071999999920e+03 2.224894499999999880e+03
1.651000000000000156e+01 9.860880959999999362e+00 2.142720491999999922e+03 2.224894499999999880e+03
1.651499999999999702e+01 9.911985119999997096e+00 2.142294624000000113e+03 2.224894499999999880e+03
1.651999999999999957e+01 9.821627039999997422e+00 2.143047607999999855e+03 2.224894499999999880e+03
1.652499999999999503e+01 9.804592319999997585e+00 2.143189563999999791e+03 2.224894499999999880e+03
1.652999999999999758e+01 9.849771359999998310e+00 2.142813071999999920e+03 2.224894499999999880e+03
1.653500000000000014e+01 9.877915679999999199e+00 2.142578535999999986e+03 2.224894499999999880e+03
1.653999999999999559e+01 9.860880959999999362e+00 2.142720491999999922e+03 2.224894499999999880e+03
1.654499999999999815e+01 9.866806079999998147e+00 2.142671115999999984e+03 2.224894499999999880e+03
1.655000000000000071e+01 9.827181839999997948e+00 2.143001318000000083e+03 2.224894499999999880e+03
1.655499999999999616e+01 9.810147119999998111e+00 2.143143274000000019e+03 2.224894499999999880e+03
1.655999999999999872e+01 9.883840799999999760e+00 2.142529160000000047e+03 2.224894499999999880e+03
1.656500000000000128e+01 9.866806079999998147e+00 2.142671115999999984e+03 2.224894499999999880e+03
1.656999999999999673e+01 9.849771359999998310e+00 2.142813071999999920e+03 2.224894499999999880e+03
1.657499999999999929e+01 9.883840799999999760e+00 2.142529160000000047e+03 2.224894499999999880e+03
1.658000000000000185e+01 9.866806079999998147e+00 2.142671115999999984e+03 2.224894499999999880e+03
1.658499999999999730e+01 9.872360879999998673e+00 2.142624825999999757e+03 2.224894499999999880e+03
1.658999999999999986e+01 9.849771359999998310e+00 2.142813071999999920e+03 2.224894499999999880e+03
1.659499999999999531e+01 9.827181839999997948e+00 2.143001318000000083e+03 2.224894499999999880e+03
1.659999999999999787e+01 9.849771359999998310e+00 2.142813071999999920e+03 2.224894499999999880e+03
1.660500000000000043e+01 9.844216559999997784e+00 2.142859361999999692e+03 2.224894499999999880e+03
1.660999999999999588e+01 9.940129439999997985e+00 2.142060087999999723e+03 2.224894499999999880e+03
1.661499999999999844e+01 9.889395599999998510e+00 2.142482869999999821e+03 2.224894499999999880e+03
1.662000000000000099e+01 9.860880959999999362e+00 2.142720491999999922e+03 2.224894499999999880e+03
1.662499999999999645e+01 9.844216559999997784e+00 2.142859361999999692e+03 2.224894499999999880e+03
1.662999999999999901e+01 9.860880959999999362e+00 2.142720491999999922e+03 2.224894499999999880e+03
1.663500000000000156e+01 9.872360879999998673e+00 2.142624825999999757e+03 2.224894499999999880e+03
1.663999999999999702e+01 9.911985119999997096e+00 2.142294624000000113e+03 2.224894499999999880e+03
1.664499999999999957e+01 9.759413279999998636e+00 2.143566055999999662e+03 2.224894499999999880e+03
1.664999999999999503e+01 9.844216559999997784e+00 2.142859361999999692e+03 2.224894499999999880e+03
1.665499999999999758e+01 9.855326159999998836e+00 2.142766781999999694e+03 2.224894499999999880e+03
1.666000000000000014e+01 9.849771359999998310e+00 2.142813071999999920e+03 2.224894499999999880e+03
1.666499999999999559e+01 9.838291439999999000e+00 2.142908738000000085e+03 2.224894499999999880e+03
1.666999999999999815e+01 9.889395599999998510e+00 2.142482869999999821e+03 2.224894499999999880e+03
1.667500000000000071e+01 9.855326159999998836e+00 2.142766781999999694e+03 2.224894499999999880e+03
1.667999999999999616e+01 9.883840799999999760e+00 2.142529160000000047e+03 2.224894499999999880e+03
1.668499999999999872e+01 9.849771359999998310e+00 2.142813071999999920e+03 2.224894499999999880e+03
1.669000000000000128e+01 9.838291439999999000e+00 2.142908738000000085e+03 2.224894499999999880e+03
1.669499999999999673e+01 9.883840799999999760e+00 2.142529160000000047e+03 2.224894499999999880e+03
1.669999999999999929e+01 9.866806079999998147e+00 2.142671115999999984e+03 2.224894499999999880e+03
1.670500000000000185e+01 9.872360879999998673e+00 2.142624825999999757e+03 2.224894499999999880e+03
1.670999999999999730e+01 9.849771359999998310e+00 2.142813071999999920e+03 2.224894499999999880e+03
1.671499999999999986e+01 9.844216559999997784e+00 2.142859361999999692e+03 2.224894499999999880e+03
1.671999999999999531e+01 9.821627039999997422e+00 2.143047607999999855e+03 2.224894499999999880e+03
1.672499999999999787e+01 9.844216559999997784e+00 2.142859361999999692e+03 2.224894499999999880e+03
1.673000000000000043e+01 9.866806079999998147e+00 2.142671115999999984e+03 2.224894499999999880e+03
1.673499999999999588e+01 9.804592319999997585e+00 2.143189563999999791e+03 2.224894499999999880e+03
1.673999999999999844e+01 9.793112399999998274e+00 2.143285229999999956e+03 2.224894499999999880e+03
1.674500000000000099e+01 9.799037519999997059e+00 2.143235854000000018e+03 2.224894499999999880e+03
1.674999999999999645e+01 9.832736639999998474e+00 2.142955027999999857e+03 2.224894499999999880e+03
1.675499999999999901e+01 9.821627039999997422e+00 2.143047607999999855e+03 2.224894499999999880e+03
1.676000000000000156e+01 9.838291439999999000e+00 2.142908738000000085e+03 2.224894499999999880e+03
1.676499999999999702e+01 9.866806079999998147e+00 2.142671115999999984e+03 2.224894499999999880e+03
1.676999999999999957e+01 9.883840799999999760e+00 2.142529160000000047e+03 2.224894499999999880e+03
1.677499999999999503e+01 9.855326159999998836e+00 2.142766781999999694e+03 2.224894499999999880e+03
1.677999999999999758e+01 9.838291439999999000e+00 2.142908738000000085e+03 2.224894499999999880e+03
1.678500000000000014e+01 9.872360879999998673e+00 2.142624825999999757e+03 2.224894499999999880e+03
1.678999999999999559e+01 9.821627039999997422e+00 2.143047607999999855e+03 2.224894499999999880e+03
1.679499999999999815e+01 9.815701919999998637e+00 2.143096983999999793e+03 2.224894499999999880e+03
1.680000000000000071e+01 9.838291439999999000e+00 2.142908738000000085e+03 2.224894499999999880e+03
1.680499999999999616e+01 9.759413279999998636e+00 2.143566055999999662e+03 2.224894499999999880e+03
1.680999999999999872e+01 9.810147119999998111e+00 2.143143274000000019e+03 2.224894499999999880e+03
1.681500000000000128e+01 9.855326159999998836e+00 2.142766781999999694e+03 2.224894499999999880e+03
1.681999999999999673e+01 9.849771359999998310e+00 2.142813071999999920e+03 2.224894499999999880e+03
1.682499999999999929e+01 9.832736639999998474e+00 2.142955027999999857e+03 2.224894499999999880e+03
1.683000000000000185e+01 9.799037519999997059e+00 2.143235854000000018e+03 2.224894499999999880e+03
1.683499999999999730e+01 9.821627039999997422e+00 2.143047607999999855e+03 2.224894499999999880e+03
1.683999999999999986e+01 9.804592319999997585e+00 2.143189563999999791e+03 2.224894499999999880e+03
1.684499999999999531e+01 9.793112399999998274e+00 2.143285229999999956e+03 2.224894499999999880e+03
1.684999999999999787e+01 9.815701919999998637e+00 2.143096983999999793e+03 2.224894499999999880e+03
1.685500000000000043e+01 9.838291439999999000e+00 2.142908738000000085e+03 2.224894499999999880e+03
1.685999999999999588e+01 9.866806079999998147e+00 2.142671115999999984e+03 2.224894499999999880e+03
1.686499999999999844e+01 9.855326159999998836e+00 2.142766781999999694e+03 2.224894499999999880e+03
1.687000000000000099e+01 9.782002799999998999e+00 2.143377809999999954e+03 2.224894499999999880e+03
1.687499999999999645e+01 9.776447999999998473e+00 2.143424099999999726e+03 2.224894499999999880e+03
1.687999999999999901e+01 9.793112399999998274e+00 2.143285229999999956e+03 2.224894499999999880e+03
1.688500000000000156e+01 9.832736639999998474e+00 2.142955027999999857e+03 2.224894499999999880e+03
1.688999999999999702e+01 9.872360879999998673e+00 2.142624825999999757e+03 2.224894499999999880e+03
1.689499999999999957e+01 9.821627039999997422e+00 2.143047607999999855e+03 2.224894499999999880e+03
1.689999999999999503e+01 9.832736639999998474e+00 2.142955027999999857e+03 2.224894499999999880e+03
1.690499999999999758e+01 9.827181839999997948e+00 2.143001318000000083e+03 2.224894499999999880e+03
1.691000000000000014e+01 9.838291439999999000e+00 2.142908738000000085e+03 2.224894499999999880e+03
1.691499999999999559e+01 9.900505199999997785e+00 2.142390289999999823e+03 2.224894499999999880e+03
1.691999999999999815e+01 9.844216559999997784e+00 2.142859361999999692e+03 2.224894499999999880e+03
1.692500000000000071e+01 9.804592319999997585e+00 2.143189563999999791e+03 2.224894499999999880e+03
1.692999999999999616e+01 9.866806079999998147e+00 2.142671115999999984e+03 2.224894499999999880e+03
1.693499999999999872e+01 9.849771359999998310e+00 2.142813071999999920e+03 2.224894499999999880e+03
1.694000000000000128e+01 9.804592319999997585e+00 2.143189563999999791e+03 2.224894499999999880e+03
1.694499999999999673e+01 9.815701919999998637e+00 2.143096983999999793e+03 2.224894499999999880e+03
1.694999999999999929e+01 9.821627039999997422e+00 2.143047607999999855e+03 2.224894499999999880e+03
1.695500000000000185e+01 9.872360879999998673e+00 2.142624825999999757e+03 2.224894499999999880e+03
1.695999999999999730e+01 9.866806079999998147e+00 2.142671115999999984e+03 2.224894499999999880e+03
1.696499999999999986e+01 9.832736639999998474e+00 2.142955027999999857e+03 2.224894499999999880e+03
1.696999999999999531e+01 9.838291439999999000e+00 2.142908738000000085e+03 2.224894499999999880e+03
1.697499999999999787e+01 9.821627039999997422e+00 2.143047607999999855e+03 2.224894499999999880e+03
1.698000000000000043e+01 9.838291439999999000e+00 2.142908738000000085e+03 2.224894499999999880e+03
1.698499999999999588e+01 9.866806079999998147e+00 2.142671115999999984e+03 2.224894499999999880e+03
1.698999999999999844e+01 9.866806079999998147e+00 2.142671115999999984e+03 2.224894499999999880e+03
1.699500000000000099e+01 9.753858479999998110e+00 2.143612345999999889e+03 2.224894499999999880e+03
1.699999999999999645e+01 9.804592319999997585e+00 2.143189563999999791e+03 2.224894499999999880e+03
1.700499999999999901e+01 9.782002799999998999e+00 2.143377809999999954e+03 2.224894499999999880e+03
1.701000000000000156e+01 9.782002799999998999e+00 2.143377809999999954e+03 2.224894499999999880e+03
1.701499999999999702e+01 9.860880959999999362e+00 2.142720491999999922e+03 2.224894499999999880e+03
1.701999999999999957e+01 9.804592319999997585e+00 2.143189563999999791e+03 2.224894499999999880e+03
1.702499999999999503e+01 9.855326159999998836e+00 2.142766781999999694e+03 2.224894499999999880e+03
1.702999999999999758e+01 9.860880959999999362e+00 2.142720491999999922e+03 2.224894499999999880e+03
1.703500000000000014e+01 9.832736639999998474e+00 2.142955027999999857e+03 2.224894499999999880e+03
1.703999999999999559e+01 9.838291439999999000e+00 2.142908738000000085e+03 2.224894499999999880e+03
1.704499999999999815e+01 9.804592319999997585e+00 2.143189563999999791e+03 2.224894499999999880e+03
1.705000000000000071e+01 9.849771359999998310e+00 2.142813071999999920e+03 2.224894499999999880e+03
1.705499999999999616e+01 9.804592319999997585e+00 2.143189563999999791e+03 2.224894499999999880e+03
1.705999999999999872e+01 9.832736639999998474e+00 2.142955027999999857e+03 2.224894499999999880e+03
1.706500000000000128e+01 9.815701919999998637e+00 2.143096983999999793e+03 2.224894499999999880e+03
1.706999999999999673e+01 9.900505199999997785e+00 2.142390289999999823e+03 2.224894499999999880e+03
1.707499999999999929e+01 9.838291439999999000e+00 2.142908738000000085e+03 2.224894499999999880e+03
1.708000000000000185e+01 9.838291439999999000e+00 2.142908738000000085e+03 2.224894499999999880e+03
1.708499999999999730e+01 9.838291439999999000e+00 2.142908738000000085e+03 2.224894499999999880e+03
1.708999999999999986e+01 9.815701919999998637e+00 2.143096983999999793e+03 2.224894499999999880e+03
1.709499999999999531e+01 9.810147119999998111e+00 2.143143274000000019e+03 2.224894499999999880e+03
1.709999999999999787e+01 9.860880959999999362e+00 2.142720491999999922e+03 2.224894499999999880e+03
1.710500000000000043e+01 9.838291439999999000e+00 2.142908738000000085e+03 2.224894499999999880e+03
1.710999999999999588e+01 9.782002799999998999e+00 2.143377809999999954e+03 2.224894499999999880e+03
1.711499999999999844e+01 9.838291439999999000e+00 2.142908738000000085e+03 2.224894499999999880e+03
1.712000000000000099e+01 9.827181839999997948e+00 2.143001318000000083e+03 2.224894499999999880e+03
1.712499999999999645e+01 9.810147119999998111e+00 2.143143274000000019e+03 2.224894499999999880e+03
1.712999999999999901e+01 9.832736639999998474e+00 2.142955027999999857e+03 2.224894499999999880e+03
1.713500000000000156e+01 9.776447999999998473e+00 2.143424099999999726e+03 2.224894499999999880e+03
1.713999999999999702e+01 9.883840799999999760e+00 2.142529160000000047e+03 2.224894499999999880e+03
1.714499999999999957e+01 9.844216559999997784e+00 2.142859361999999692e+03 2.224894499999999880e+03
1.714999999999999503e+01 9.872360879999998673e+00 2.142624825999999757e+03 2.224894499999999880e+03
1.715499999999999758e+01 9.827181839999997948e+00 2.143001318000000083e+03 2.224894499999999880e+03
1.716000000000000014e+01 9.770522879999997912e+00 2.143473476000000119e+03 2.224894499999999880e+03
1.716499999999999559e+01 9.799037519999997059e+00 2.143235854000000018e+03 2.224894499999999880e+03
1.716999999999999815e+01 9.889395599999998510e+00 2.142482869999999821e+03 2.224894499999999880e+03
1.717500000000000071e+01 9.770522879999997912e+00 2.143473476000000119e+03 2.224894499999999880e+03
1.717999999999999616e+01 9.827181839999997948e+00 2.143001318000000083e+03 2.224894499999999880e+03
1.718499999999999872e+01 9.838291439999999000e+00 2.142908738000000085e+03 2.224894499999999880e+03
1.719000000000000128e+01 9.787557599999997748e+00 2.143331519999999728e+03 2.224894499999999880e+03
1.719499999999999673e+01 9.889395599999998510e+00 2.142482869999999821e+03 2.224894499999999880e+03
1.719999999999999929e+01 9.810147119999998111e+00 2.143143274000000019e+03 2.224894499999999880e+03
1.720500000000000185e+01 9.787557599999997748e+00 2.143331519999999728e+03 2.224894499999999880e+03
1.720999999999999730e+01 9.753858479999998110e+00 2.143612345999999889e+03 2.224894499999999880e+03
1.721499999999999986e+01 9.799037519999997059e+00 2.143235854000000018e+03 2.224894499999999880e+03
1.721999999999999531e+01 9.821627039999997422e+00 2.143047607999999855e+03 2.224894499999999880e+03
1.722499999999999787e+01 9.782002799999998999e+00 2.143377809999999954e+03 2.224894499999999880e+03
1.723000000000000043e+01 9.821627039999997422e+00 2.143047607999999855e+03 2.224894499999999880e+03
1.723499999999999588e+01 9.804592319999997585e+00 2.143189563999999791e+03 2.224894499999999880e+03
1.723999999999999844e+01 9.782002799999998999e+00 2.143377809999999954e+03 2.224894499999999880e+03
1.724500000000000099e+01 9.764968079999999162e+00 2.143519765999999890e+03 2.224894499999999880e+03
1.724999999999999645e+01 9.799037519999997059e+00 2.143235854000000018e+03 2.224894499999999880e+03
1.725499999999999901e+01 9.747933359999999325e+00 2.143661721999999827e+03 2.224894499999999880e+03
1.726000000000000156e+01 9.787557599999997748e+00 2.143331519999999728e+03 2.224894499999999880e+03
1.726499999999999702e+01 9.821627039999997422e+00 2.143047607999999855e+03 2.224894499999999880e+03
1.726999999999999957e+01 9.759413279999998636e+00 2.143566055999999662e+03 2.224894499999999880e+03
1.727499999999999503e+01 9.782002799999998999e+00 2.143377809999999954e+03 2.224894499999999880e+03
1.727999999999999758e+01 9.764968079999999162e+00 2.143519765999999890e+03 2.224894499999999880e+03
1.728500000000000014e+01 9.844216559999997784e+00 2.142859361999999692e+03 2.224894499999999880e+03
1.728999999999999559e+01 9.782002799999998999e+00 2.143377809999999954e+03 2.224894499999999880e+03
1.729499999999999815e+01 9.787557599999997748e+00 2.143331519999999728e+03 2.224894499999999880e+03
1.730000000000000071e+01 9.776447999999998473e+00 2.143424099999999726e+03 2.224894499999999880e+03
1.730499999999999616e+01 9.736823759999998273e+00 2.143754301999999825e+03 2.224894499999999880e+03
1.730999999999999872e+01 9.764968079999999162e+00 2.143519765999999890e+03 2.224894499999999880e+03
1.731500000000000128e+01 9.827181839999997948e+00 2.143001318000000083e+03 2.224894499999999880e+03
1.731999999999999673e+01 9.815701919999998637e+00 2.143096983999999793e+03 2.224894499999999880e+03
1.732499999999999929e+01 9.764968079999999162e+00 2.143519765999999890e+03 2.224894499999999880e+03
1.733000000000000185e+01 9.770522879999997912e+00 2.143473476000000119e+03 2.224894499999999880e+03
1.733499999999999730e+01 9.799037519999997059e+00 2.143235854000000018e+03 2.224894499999999880e+03
1.733999999999999986e+01 9.747933359999999325e+00 2.143661721999999827e+03 2.224894499999999880e+03
1.734499999999999531e+01 9.714234239999997911e+00 2.143942547999999988e+03 2.224894499999999880e+03
1.734999999999999787e+01 9.753858479999998110e+00 2.143612345999999889e+03 2.224894499999999880e+03
1.735500000000000043e+01 9.821627039999997422e+00 2.143047607999999855e+03 2.224894499999999880e+03
1.735999999999999588e+01 9.832736639999998474e+00 2.142955027999999857e+03 2.224894499999999880e+03
1.736499999999999844e+01 9.742378559999998799e+00 2.143708012000000053e+03 2.224894499999999880e+03
1.737000000000000099e+01 9.753858479999998110e+00 2.143612345999999889e+03 2.224894499999999880e+03
1.737499999999999645e+01 9.753858479999998110e+00 2.143612345999999889e+03 2.224894499999999880e+03
1.737999999999999901e+01 9.770522879999997912e+00 2.143473476000000119e+03 2.224894499999999880e+03
1.738500000000000156e+01 9.708309119999999126e+00 2.143991923999999926e+03 2.224894499999999880e+03
1.738999999999999702e+01 9.669055199999998962e+00 2.144319039999999859e+03 2.224894499999999880e+03
1.739499999999999957e+01 9.702754319999998600e+00 2.144038213999999698e+03 2.224894499999999880e+03
1.739999999999999503e+01 9.680164799999998237e+00 2.144226459999999861e+03 2.224894499999999880e+03
1.740499999999999758e+01 9.764968079999999162e+00 2.143519765999999890e+03 2.224894499999999880e+03
1.741000000000000014e+01 9.730898639999999489e+00 2.143803677999999763e+03 2.224894499999999880e+03
1.741499999999999559e+01 9.730898639999999489e+00 2.143803677999999763e+03 2.224894499999999880e+03
1.741999999999999815e+01 9.719789039999998437e+00 2.143896257999999762e+03 2.224894499999999880e+03
1.742500000000000071e+01 9.702754319999998600e+00 2.144038213999999698e+03 2.224894499999999880e+03
1.742999999999999616e+01 9.708309119999999126e+00 2.143991923999999926e+03 2.224894499999999880e+03
1.743499999999999872e+01 9.674609999999997711e+00 2.144272750000000087e+03 2.224894499999999880e+03
1.744000000000000128e+01 9.759413279999998636e+00 2.143566055999999662e+03 2.224894499999999880e+03
1.744499999999999673e+01 9.776447999999998473e+00 2.143424099999999726e+03 2.224894499999999880e+03
1.744999999999999929e+01 9.793112399999998274e+00 2.143285229999999956e+03 2.224894499999999880e+03
1.745500000000000185e+01 9.793112399999998274e+00 2.143285229999999956e+03 2.224894499999999880e+03
1.745999999999999730e+01 9.702754319999998600e+00 2.144038213999999698e+03 2.224894499999999880e+03
1.746499999999999986e+01 9.759413279999998636e+00 2.143566055999999662e+03 2.224894499999999880e+03
1.746999999999999531e+01 9.725343839999998963e+00 2.143849967999999990e+03 2.224894499999999880e+03
1.747499999999999787e+01 9.764968079999999162e+00 2.143519765999999890e+03 2.224894499999999880e+03
1.748000000000000043e+01 9.702754319999998600e+00 2.144038213999999698e+03 2.224894499999999880e+03
1.748499999999999588e+01 9.736823759999998273e+00 2.143754301999999825e+03 2.224894499999999880e+03
1.748999999999999844e+01 9.764968079999999162e+00 2.143519765999999890e+03 2.224894499999999880e+03
1.749500000000000099e+01 9.736823759999998273e+00 2.143754301999999825e+03 2.224894499999999880e+03
1.749999999999999645e+01 9.714234239999997911e+00 2.143942547999999988e+03 2.224894499999999880e+03
1.750499999999999901e+01 9.747933359999999325e+00 2.143661721999999827e+03 2.224894499999999880e+03
1.751000000000000156e+01 9.714234239999997911e+00 2.143942547999999988e+03 2.224894499999999880e+03
1.751499999999999702e+01 9.747933359999999325e+00 2.143661721999999827e+03 2.224894499999999880e+03
1.751999999999999957e+01 9.742378559999998799e+00 2.143708012000000053e+03 2.224894499999999880e+03
1.752499999999999503e+01 9.764968079999999162e+00 2.143519765999999890e+03 2.224894499999999880e+03
1.752999999999999758e+01 9.782002799999998999e+00 2.143377809999999954e+03 2.224894499999999880e+03
1.753500000000000014e+01 9.810147119999998111e+00 2.143143274000000019e+03 2.224894499999999880e+03
1.753999999999999559e+01 9.725343839999998963e+00 2.143849967999999990e+03 2.224894499999999880e+03
1.754499999999999815e+01 9.736823759999998273e+00 2.143754301999999825e+03 2.224894499999999880e+03
1.755000000000000071e+01 9.719789039999998437e+00 2.143896257999999762e+03 2.224894499999999880e+03
1.755499999999999616e+01 9.708309119999999126e+00 2.143991923999999926e+03 2.224894499999999880e+03
1.755999999999999872e+01 9.759413279999998636e+00 2.143566055999999662e+03 2.224894499999999880e+03
1.756500000000000128e+01 9.685719599999998763e+00 2.144180170000000089e+03 2.224894499999999880e+03
1.756999999999999673e+01 9.708309119999999126e+00 2.143991923999999926e+03 2.224894499999999880e+03
1.757499999999999929e+01 9.714234239999997911e+00 2.143942547999999988e+03 2.224894499999999880e+03
1.758000000000000185e+01 9.764968079999999162e+00 2.143519765999999890e+03 2.224894499999999880e+03
1.758499999999999730e+01 9.770522879999997912e+00 2.143473476000000119e+03 2.224894499999999880e+03
1.758999999999999986e+01 9.793112399999998274e+00 2.143285229999999956e+03 2.224894499999999880e+03
1.759499999999999531e+01 9.742378559999998799e+00 2.143708012000000053e+03 2.224894499999999880e+03
1.759999999999999787e+01 9.770522879999997912e+00 2.143473476000000119e+03 2.224894499999999880e+03
1.760500000000000043e+01 9.736823759999998273e+00 2.143754301999999825e+03 2.224894499999999880e+03
1.760999999999999588e+01 9.764968079999999162e+00 2.143519765999999890e+03 2.224894499999999880e+03
1.761499999999999844e+01 9.742378559999998799e+00 2.143708012000000053e+03 2.224894499999999880e+03
1.762000000000000099e+01 9.747933359999999325e+00 2.143661721999999827e+03 2.224894499999999880e+03
1.762499999999999645e+01 9.759413279999998636e+00 2.143566055999999662e+03 2.224894499999999880e+03
1.762999999999999901e+01 9.787557599999997748e+00 2.143331519999999728e+03 2.224894499999999880e+03
1.763500000000000156e+01 9.753858479999998110e+00 2.143612345999999889e+03 2.224894499999999880e+03
1.763999999999999702e+01 9.787557599999997748e+00 2.143331519999999728e+03 2.224894499999999880e+03
1.764499999999999957e+01 9.753858479999998110e+00 2.143612345999999889e+03 2.224894499999999880e+03
1.764999999999999503e+01 9.742378559999998799e+00 2.143708012000000053e+03 2.224894499999999880e+03
1.765499999999999758e+01 9.742378559999998799e+00 2.143708012000000053e+03 2.224894499999999880e+03
1.766000000000000014e+01 9.770522879999997912e+00 2.143473476000000119e+03 2.224894499999999880e+03
1.766499999999999559e+01 9.821627039999997422e+00 2.143047607999999855e+03 2.224894499999999880e+03
1.766999999999999815e+01 9.838291439999999000e+00 2.142908738000000085e+03 2.224894499999999880e+03
1.767500000000000071e+01 9.799037519999997059e+00 2.143235854000000018e+03 2.224894499999999880e+03
1.767999999999999616e+01 9.764968079999999162e+00 2.143519765999999890e+03 2.224894499999999880e+03
1.768499999999999872e+01 9.725343839999998963e+00 2.143849967999999990e+03 2.224894499999999880e+03
1.769000000000000128e+01 9.730898639999999489e+00 2.143803677999999763e+03 2.224894499999999880e+03
1.769499999999999673e+01 9.747933359999999325e+00 2.143661721999999827e+03 2.224894499999999880e+03
1.769999999999999929e+01 9.708309119999999126e+00 2.143991923999999926e+03 2.224894499999999880e+03
1.770500000000000185e+01 9.764968079999999162e+00 2.143519765999999890e+03 2.224894499999999880e+03
1.770999999999999730e+01 9.742378559999998799e+00 2.143708012000000053e+03 2.224894499999999880e+03
1.771499999999999986e+01 9.736823759999998273e+00 2.143754301999999825e+03 2.224894499999999880e+03
1.771999999999999531e+01 9.799037519999997059e+00 2.143235854000000018e+03 2.224894499999999880e+03
1.772499999999999787e+01 9.753858479999998110e+00 2.143612345999999889e+03 2.224894499999999880e+03
1.773000000000000043e+01 9.691644719999997548e+00 2.144130793999999696e+03 2.224894499999999880e+03
1.773499999999999588e+01 9.782002799999998999e+00 2.143377809999999954e+03 2.224894499999999880e+03
1.773999999999999844e+01 9.776447999999998473e+00 2.143424099999999726e+03 2.224894499999999880e+03
1.774500000000000099e+01 9.782002799999998999e+00 2.143377809999999954e+03 2.224894499999999880e+03
1.774999999999999645e+01 9.759413279999998636e+00 2.143566055999999662e+03 2.224894499999999880e+03
1.775499999999999901e+01 9.742378559999998799e+00 2.143708012000000053e+03 2.224894499999999880e+03
1.776000000000000156e+01 9.776447999999998473e+00 2.143424099999999726e+03 2.224894499999999880e+03
1.776499999999999702e+01 9.827181839999997948e+00 2.143001318000000083e+03 2.224894499999999880e+03
1.776999999999999957e+01 9.747933359999999325e+00 2.143661721999999827e+03 2.224894499999999880e+03
1.777499999999999503e+01 9.759413279999998636e+00 2.143566055999999662e+03 2.224894499999999880e+03
1.777999999999999758e+01 9.804592319999997585e+00 2.143189563999999791e+03 2.224894499999999880e+03
1.778500000000000014e+01 9.799037519999997059e+00 2.143235854000000018e+03 2.224894499999999880e+03
1.778999999999999559e+01 9.810147119999998111e+00 2.143143274000000019e+03 2.224894499999999880e+03
1.779499999999999815e+01 9.827181839999997948e+00 2.143001318000000083e+03 2.224894499999999880e+03
1.780000000000000071e+01 9.793112399999998274e+00 2.143285229999999956e+03 2.224894499999999880e+03
1.780499999999999616e+01 9.860880959999999362e+00 2.142720491999999922e+03 2.224894499999999880e+03
1.780999999999999872e+01 9.866806079999998147e+00 2.142671115999999984e+03 2.224894499999999880e+03
1.781500000000000128e+01 9.872360879999998673e+00 2.142624825999999757e+03 2.224894499999999880e+03
1.781999999999999673e+01 9.866806079999998147e+00 2.142671115999999984e+03 2.224894499999999880e+03
1.782499999999999929e+01 9.855326159999998836e+00 2.142766781999999694e+03 2.224894499999999880e+03
1.783000000000000185e+01 9.827181839999997948e+00 2.143001318000000083e+03 2.224894499999999880e+03
1.783499999999999730e+01 9.815701919999998637e+00 2.143096983999999793e+03 2.224894499999999880e+03
1.783999999999999986e+01 9.821627039999997422e+00 2.143047607999999855e+03 2.224894499999999880e+03
1.784499999999999531e+01 9.855326159999998836e+00 2.142766781999999694e+03 2.224894499999999880e+03
1.784999999999999787e+01 9.821627039999997422e+00 2.143047607999999855e+03 2.224894499999999880e+03
1.785500000000000043e+01 9.799037519999997059e+00 2.143235854000000018e+03 2.224894499999999880e+03
1.785999999999999588e+01 9.810147119999998111e+00 2.143143274000000019e+03 2.224894499999999880e+03
1.786499999999999844e+01 9.787557599999997748e+00 2.143331519999999728e+03 2.224894499999999880e+03
1.787000000000000099e+01 9.770522879999997912e+00 2.143473476000000119e+03 2.224894499999999880e+03
1.787499999999999645e+01 9.714234239999997911e+00 2.143942547999999988e+03 2.224894499999999880e+03
1.787999999999999901e+01 9.753858479999998110e+00 2.143612345999999889e+03 2.224894499999999880e+03
1.788500000000000156e+01 9.719789039999998437e+00 2.143896257999999762e+03 2.224894499999999880e+03
1.788999999999999702e+01 9.770522879999997912e+00 2.143473476000000119e+03 2.224894499999999880e+03
1.789499999999999957e+01 9.793112399999998274e+00 2.143285229999999956e+03 2.224894499999999880e+03
1.789999999999999503e+01 9.815701919999998637e+00 2.143096983999999793e+03 2.224894499999999880e+03
1.790499999999999758e+01 9.787557599999997748e+00 2.143331519999999728e+03 2.224894499999999880e+03
1.791000000000000014e+01 9.736823759999998273e+00 2.143754301999999825e+03 2.224894499999999880e+03
1.791499999999999559e+01 9.719789039999998437e+00 2.143896257999999762e+03 2.224894499999999880e+03
1.791999999999999815e+01 9.719789039999998437e+00 2.143896257999999762e+03 2.224894499999999880e+03
1.792500000000000071e+01 9.759413279999998636e+00 2.143566055999999662e+03 2.224894499999999880e+03
1.792999999999999616e+01 9.799037519999997059e+00 2.143235854000000018e+03 2.224894499999999880e+03
1.793499999999999872e+01 9.770522879999997912e+00 2.143473476000000119e+03 2.224894499999999880e+03
1.794000000000000128e+01 9.855326159999998836e+00 2.142766781999999694e+03 2.224894499999999880e+03
1.794499999999999673e+01 9.787557599999997748e+00 2.143331519999999728e+03 2.224894499999999880e+03
1.794999999999999929e+01 9.764968079999999162e+00 2.143519765999999890e+03 2.224894499999999880e+03
1.795500000000000185e+01 9.764968079999999162e+00 2.143519765999999890e+03 2.224894499999999880e+03
1.795999999999999730e+01 9.810147119999998111e+00 2.143143274000000019e+03 2.224894499999999880e+03
1.796499999999999986e+01 9.810147119999998111e+00 2.143143274000000019e+03 2.224894499999999880e+03
1.796999999999999531e+01 9.821627039999997422e+00 2.143047607999999855e+03 2.224894499999999880e+03
1.797499999999999787e+01 9.787557599999997748e+00 2.143331519999999728e+03 2.224894499999999880e+03
1.798000000000000043e+01 9.815701919999998637e+00 2.143096983999999793e+03 2.224894499999999880e+03
1.798499999999999588e+01 9.770522879999997912e+00 2.143473476000000119e+03 2.224894499999999880e+03
1.798999999999999844e+01 9.815701919999998637e+00 2.143096983999999793e+03 2.224894499999999880e+03
1.799500000000000099e+01 9.804592319999997585e+00 2.143189563999999791e+03 2.224894499999999880e+03
1.799999999999999645e+01 9.815701919999998637e+00 2.143096983999999793e+03 2.224894499999999880e+03
1.800499999999999901e+01 9.782002799999998999e+00 2.143377809999999954e+03 2.224894499999999880e+03
1.801000000000000156e+01 9.725343839999998963e+00 2.143849967999999990e+03 2.224894499999999880e+03
1.801499999999999702e+01 9.804592319999997585e+00 2.143189563999999791e+03 2.224894499999999880e+03
1.801999999999999957e+01 9.730898639999999489e+00 2.143803677999999763e+03 2.224894499999999880e+03
1.802499999999999503e+01 9.782002799999998999e+00 2.143377809999999954e+03 2.224894499999999880e+03
1.802999999999999758e+01 9.730898639999999489e+00 2.143803677999999763e+03 2.224894499999999880e+03
1.803500000000000014e+01 9.764968079999999162e+00 2.143519765999999890e+03 2.224894499999999880e+03
1.803999999999999559e+01 9.742378559999998799e+00 2.143708012000000053e+03 2.224894499999999880e+03
1.804499999999999815e+01 9.730898639999999489e+00 2.143803677999999763e+03 2.224894499999999880e+03
1.805000000000000071e+01 9.770522879999997912e+00 2.143473476000000119e+03 2.224894499999999880e+03
1.805499999999999616e+01 9.776447999999998473e+00 2.143424099999999726e+03 2.224894499999999880e+03
1.805999999999999872e+01 9.708309119999999126e+00 2.143991923999999926e+03 2.224894499999999880e+03
1.806500000000000128e+01 9.674609999999997711e+00 2.144272750000000087e+03 2.224894499999999880e+03
1.806999999999999673e+01 9.719789039999998437e+00 2.143896257999999762e+03 2.224894499999999880e+03
1.807499999999999929e+01 9.764968079999999162e+00 2.143519765999999890e+03 2.224894499999999880e+03
1.808000000000000185e+01 9.702754319999998600e+00 2.144038213999999698e+03 2.224894499999999880e+03
1.808499999999999730e+01 9.736823759999998273e+00 2.143754301999999825e+03 2.224894499999999880e+03
1.808999999999999986e+01 9.730898639999999489e+00 2.143803677999999763e+03 2.224894499999999880e+03
1.809499999999999531e+01 9.685719599999998763e+00 2.144180170000000089e+03 2.224894499999999880e+03
1.809999999999999787e+01 9.730898639999999489e+00 2.143803677999999763e+03 2.224894499999999880e+03
1.810500000000000043e+01 9.832736639999998474e+00 2.142955027999999857e+03 2.224894499999999880e+03
1.810999999999999588e+01 9.714234239999997911e+00 2.143942547999999988e+03 2.224894499999999880e+03
1.811499999999999844e+01 9.764968079999999162e+00 2.143519765999999890e+03 2.224894499999999880e+03
1.812000000000000099e+01 9.787557599999997748e+00 2.143331519999999728e+03 2.224894499999999880e+03
1.812499999999999645e+01 9.747933359999999325e+00 2.143661721999999827e+03 2.224894499999999880e+03
1.812999999999999901e+01 9.793112399999998274e+00 2.143285229999999956e+03 2.224894499999999880e+03
1.813500000000000156e+01 9.787557599999997748e+00 2.143331519999999728e+03 2.224894499999999880e+03
1.813999999999999702e+01 9.810147119999998111e+00 2.143143274000000019e+03 2.224894499999999880e+03
1.814499999999999957e+01 9.793112399999998274e+00 2.143285229999999956e+03 2.224894499999999880e+03
1.814999999999999503e+01 9.815701919999998637e+00 2.143096983999999793e+03 2.224894499999999880e+03
1.815499999999999758e+01 9.793112399999998274e+00 2.143285229999999956e+03 2.224894499999999880e+03
1.816000000000000014e+01 9.793112399999998274e+00 2.143285229999999956e+03 2.224894499999999880e+03
1.816499999999999559e+01 9.815701919999998637e+00 2.143096983999999793e+03 2.224894499999999880e+03
1.816999999999999815e+01 9.759413279999998636e+00 2.143566055999999662e+03 2.224894499999999880e+03
1.817500000000000071e+01 9.804592319999997585e+00 2.143189563999999791e+03 2.224894499999999880e+03
1.817999999999999616e+01 9.787557599999997748e+00 2.143331519999999728e+03 2.224894499999999880e+03
1.818499999999999872e+01 9.810147119999998111e+00 2.143143274000000019e+03 2.224894499999999880e+03
1.819000000000000128e+01 9.799037519999997059e+00 2.143235854000000018e+03 2.224894499999999880e+03
1.819499999999999673e+01 9.799037519999997059e+00 2.143235854000000018e+03 2.224894499999999880e+03
1.819999999999999929e+01 9.810147119999998111e+00 2.143143274000000019e+03 2.224894499999999880e+03
1.820500000000000185e+01 9.787557599999997748e+00 2.143331519999999728e+03 2.224894499999999880e+03
1.820999999999999730e+01 9.776447999999998473e+00 2.143424099999999726e+03 2.224894499999999880e+03
1.821499999999999986e+01 9.799037519999997059e+00 2.143235854000000018e+03 2.224894499999999880e+03
1.821999999999999531e+01 9.810147119999998111e+00 2.143143274000000019e+03 2.224894499999999880e+03
1.822499999999999787e+01 9.799037519999997059e+00 2.143235854000000018e+03 2.224894499999999880e+03
1.823000000000000043e+01 9.832736639999998474e+00 2.142955027999999857e+03 2.224894499999999880e+03
1.823499999999999588e+01 9.810147119999998111e+00 2.143143274000000019e+03 2.224894499999999880e+03
1.823999999999999844e+01 9.793112399999998274e+00 2.143285229999999956e+03 2.224894499999999880e+03
1.824500000000000099e+01 9.832736639999998474e+00 2.142955027999999857e+03 2.224894499999999880e+03
1.824999999999999645e+01 9.827181839999997948e+00 2.143001318000000083e+03 2.224894499999999880e+03
1.825499999999999901e+01 9.776447999999998473e+00 2.143424099999999726e+03 2.224894499999999880e+03
1.826000000000000156e+01 9.782002799999998999e+00 2.143377809999999954e+03 2.224894499999999880e+03
1.826499999999999702e+01 9.838291439999999000e+00 2.142908738000000085e+03 2.224894499999999880e+03
1.826999999999999957e+01 9.821627039999997422e+00 2.143047607999999855e+03 2.224894499999999880e+03
1.827499999999999503e+01 9.782002799999998999e+00 2.143377809999999954e+03 2.224894499999999880e+03
1.827999999999999758e+01 9.753858479999998110e+00 2.143612345999999889e+03 2.224894499999999880e+03
1.828500000000000014e+01 9.782002799999998999e+00 2.143377809999999954e+03 2.224894499999999880e+03
1.828999999999999559e+01 9.810147119999998111e+00 2.143143274000000019e+03 2.224894499999999880e+03
1.829499999999999815e+01 9.810147119999998111e+00 2.143143274000000019e+03 2.224894499999999880e+03
1.830000000000000071e+01 9.742378559999998799e+00 2.143708012000000053e+03 2.224894499999999880e+03
1.830499999999999616e+01 9.787557599999997748e+00 2.143331519999999728e+03 2.224894499999999880e+03
1.830999999999999872e+01 9.782002799999998999e+00 2.143377809999999954e+03 2.224894499999999880e+03
1.831500000000000128e+01 9.793112399999998274e+00 2.143285229999999956e+03 2.224894499999999880e+03
1.831999999999999673e+01 9.787557599999997748e+00 2.143331519999999728e+03 2.224894499999999880e+03
1.832499999999999929e+01 9.793112399999998274e+00 2.143285229999999956e+03 2.224894499999999880e+03
1.833000000000000185e+01 9.770522879999997912e+00 2.143473476000000119e+03 2.224894499999999880e+03
1.833499999999999730e+01 9.725343839999998963e+00 2.143849967999999990e+03 2.224894499999999880e+03
1.833999999999999986e+01 9.799037519999997059e+00 2.143235854000000018e+03 2.224894499999999880e+03
1.834499999999999531e+01 9.742378559999998799e+00 2.143708012000000053e+03 2.224894499999999880e+03
1.834999999999999787e+01 9.799037519999997059e+00 2.143235854000000018e+03 2.224894499999999880e+03
1.835500000000000043e+01 9.708309119999999126e+00 2.143991923999999926e+03 2.224894499999999880e+03
1.835999999999999588e+01 9.782002799999998999e+00 2.143377809999999954e+03 2.224894499999999880e+03
1.836499999999999844e+01 9.799037519999997059e+00 2.143235854000000018e+03 2.224894499999999880e+03
1.837000000000000099e+01 9.804592319999997585e+00 2.143189563999999791e+03 2.224894499999999880e+03
1.837499999999999645e+01 9.753858479999998110e+00 2.143612345999999889e+03 2.224894499999999880e+03
1.837999999999999901e+01 9.838291439999999000e+00 2.142908738000000085e+03 2.224894499999999880e+03
1.838500000000000156e+01 9.827181839999997948e+00 2.143001318000000083e+03 2.224894499999999880e+03
1.838999999999999702e+01 9.804592319999997585e+00 2.143189563999999791e+03 2.224894499999999880e+03
1.839499999999999957e+01 9.838291439999999000e+00 2.142908738000000085e+03 2.224894499999999880e+03
1.839999999999999503e+01 9.793112399999998274e+00 2.143285229999999956e+03 2.224894499999999880e+03
1.840499999999999758e+01 9.776447999999998473e+00 2.143424099999999726e+03 2.224894499999999880e+03
1.841000000000000014e+01 9.787557599999997748e+00 2.143331519999999728e+03 2.224894499999999880e+03
1.841499999999999559e+01 9.804592319999997585e+00 2.143189563999999791e+03 2.224894499999999880e+03
1.841999999999999815e+01 9.782002799999998999e+00 2.143377809999999954e+03 2.224894499999999880e+03
1.842500000000000071e+01 9.776447999999998473e+00 2.143424099999999726e+03 2.224894499999999880e+03
1.842999999999999616e+01 9.793112399999998274e+00 2.143285229999999956e+03 2.224894499999999880e+03
1.843499999999999872e+01 9.753858479999998110e+00 2.143612345999999889e+03 2.224894499999999880e+03
1.844000000000000128e+01 9.764968079999999162e+00 2.143519765999999890e+03 2.224894499999999880e+03
1.844499999999999673e+01 9.810147119999998111e+00 2.143143274000000019e+03 2.224894499999999880e+03
1.844999999999999929e+01 9.770522879999997912e+00 2.143473476000000119e+03 2.224894499999999880e+03
1.845500000000000185e+01 9.804592319999997585e+00 2.143189563999999791e+03 2.224894499999999880e+03
1.845999999999999730e+01 9.747933359999999325e+00 2.143661721999999827e+03 2.224894499999999880e+03
1.846499999999999986e+01 9.759413279999998636e+00 2.143566055999999662e+03 2.224894499999999880e+03
1.846999999999999531e+01 9.776447999999998473e+00 2.143424099999999726e+03 2.224894499999999880e+03
1.847499999999999787e+01 9.782002799999998999e+00 2.143377809999999954e+03 2.224894499999999880e+03
1.848000000000000043e+01 9.799037519999997059e+00 2.143235854000000018e+03 2.224894499999999880e+03
1.848499999999999588e+01 9.821627039999997422e+00 2.143047607999999855e+03 2.224894499999999880e+03
1.848999999999999844e+01 9.815701919999998637e+00 2.143096983999999793e+03 2.224894499999999880e+03
1.849500000000000099e+01 9.742378559999998799e+00 2.143708012000000053e+03 2.224894499999999880e+03
1.849999999999999645e+01 9.793112399999998274e+00 2.143285229999999956e+03 2.224894499999999880e+03
1.850499999999999901e+01 9.753858479999998110e+00 2.143612345999999889e+03 2.224894499999999880e+03
1.851000000000000156e+01 9.793112399999998274e+00 2.143285229999999956e+03 2.224894499999999880e+03
1.851499999999999702e+01 9.764968079999999162e+00 2.143519765999999890e+03 2.224894499999999880e+03
1.851999999999999957e+01 9.866806079999998147e+00 2.142671115999999984e+03 2.224894499999999880e+03
1.852499999999999503e+01 9.838291439999999000e+00 2.142908738000000085e+03 2.224894499999999880e+03
1.852999999999999758e+01 9.894950399999999036e+00 2.142436580000000049e+03 2.224894499999999880e+03
1.853500000000000014e+01 9.827181839999997948e+00 2.143001318000000083e+03 2.224894499999999880e+03
1.853999999999999559e+01 9.799037519999997059e+00 2.143235854000000018e+03 2.224894499999999880e+03
1.854499999999999815e+01 9.832736639999998474e+00 2.142955027999999857e+03 2.224894499999999880e+03
1.855000000000000071e+01 9.827181839999997948e+00 2.143001318000000083e+03 2.224894499999999880e+03
1.855499999999999616e+01 9.821627039999997422e+00 2.143047607999999855e+03 2.224894499999999880e+03
1.855999999999999872e+01 9.810147119999998111e+00 2.143143274000000019e+03 2.224894499999999880e+03
1.856500000000000128e+01 9.787557599999997748e+00 2.143331519999999728e+03 2.224894499999999880e+03
1.856999999999999673e+01 9.855326159999998836e+00 2.142766781999999694e+03 2.224894499999999880e+03
1.857499999999999929e+01 9.906430320000000123e+00 2.142340913999999884e+03 2.224894499999999880e+03
1.858000000000000185e+01 9.877915679999999199e+00 2.142578535999999986e+03 2.224894499999999880e+03
1.858499999999999730e+01 9.872360879999998673e+00 2.142624825999999757e+03 2.224894499999999880e+03
1.858999999999999986e+01 9.872360879999998673e+00 2.142624825999999757e+03 2.224894499999999880e+03
1.859499999999999531e+01 9.770522879999997912e+00 2.143473476000000119e+03 2.224894499999999880e+03
1.859999999999999787e+01 9.799037519999997059e+00 2.143235854000000018e+03 2.224894499999999880e+03
1.860500000000000043e+01 9.782002799999998999e+00 2.143377809999999954e+03 2.224894499999999880e+03
1.860999999999999588e+01 9.793112399999998274e+00 2.143285229999999956e+03 2.224894499999999880e+03
1.861499999999999844e+01 9.821627039999997422e+00 2.143047607999999855e+03 2.224894499999999880e+03
1.862000000000000099e+01 9.810147119999998111e+00 2.143143274000000019e+03 2.224894499999999880e+03
1.862499999999999645e+01 9.804592319999997585e+00 2.143189563999999791e+03 2.224894499999999880e+03
1.862999999999999901e+01 9.793112399999998274e+00 2.143285229999999956e+03 2.224894499999999880e+03
1.863500000000000156e+01 9.742378559999998799e+00 2.143708012000000053e+03 2.224894499999999880e+03
1.863999999999999702e+01 9.787557599999997748e+00 2.143331519999999728e+03 2.224894499999999880e+03
1.864499999999999957e+01 9.866806079999998147e+00 2.142671115999999984e+03 2.224894499999999880e+03
1.864999999999999503e+01 9.810147119999998111e+00 2.143143274000000019e+03 2.224894499999999880e+03
1.865499999999999758e+01 9.799037519999997059e+00 2.143235854000000018e+03 2.224894499999999880e+03
1.866000000000000014e+01 9.821627039999997422e+00 2.143047607999999855e+03 2.224894499999999880e+03
1.866499999999999559e+01 9.810147119999998111e+00 2.143143274000000019e+03 2.224894499999999880e+03
1.866999999999999815e+01 9.832736639999998474e+00 2.142955027999999857e+03 2.224894499999999880e+03
1.867500000000000071e+01 9.793112399999998274e+00 2.143285229999999956e+03 2.224894499999999880e+03
1.867999999999999616e+01 9.764968079999999162e+00 2.143519765999999890e+03 2.224894499999999880e+03
1.868499999999999872e+01 9.747933359999999325e+00 2.143661721999999827e+03 2.224894499999999880e+03
1.869000000000000128e+01 9.776447999999998473e+00 2.143424099999999726e+03 2.224894499999999880e+03
1.869499999999999673e+01 9.821627039999997422e+00 2.143047607999999855e+03 2.224894499999999880e+03
1.869999999999999929e+01 9.877915679999999199e+00 2.142578535999999986e+03 2.224894499999999880e+03
1.870500000000000185e+01 9.849771359999998310e+00 2.142813071999999920e+03 2.224894499999999880e+03
1.870999999999999730e+01 9.855326159999998836e+00 2.142766781999999694e+03 2.224894499999999880e+03
1.871499999999999986e+01 9.855326159999998836e+00 2.142766781999999694e+03 2.224894499999999880e+03
1.871999999999999531e+01 9.776447999999998473e+00 2.143424099999999726e+03 2.224894499999999880e+03
1.872499999999999787e+01 9.747933359999999325e+00 2.143661721999999827e+03 2.224894499999999880e+03
1.873000000000000043e+01 9.810147119999998111e+00 2.143143274000000019e+03 2.224894499999999880e+03
1.873499999999999588e+01 9.810147119999998111e+00 2.143143274000000019e+03 2.224894499999999880e+03
1.873999999999999844e+01 9.787557599999997748e+00 2.143331519999999728e+03 2.224894499999999880e+03
1.874500000000000099e+01 9.872360879999998673e+00 2.142624825999999757e+03 2.224894499999999880e+03
1.874999999999999645e+01 9.883840799999999760e+00 2.142529160000000047e+03 2.224894499999999880e+03
1.875499999999999901e+01 9.849771359999998310e+00 2.142813071999999920e+03 2.224894499999999880e+03
1.876000000000000156e+01 9.827181839999997948e+00 2.143001318000000083e+03 2.224894499999999880e+03
1.876499999999999702e+01 9.883840799999999760e+00 2.142529160000000047e+03 2.224894499999999880e+03
1.876999999999999957e+01 9.827181839999997948e+00 2.143001318000000083e+03 2.224894499999999880e+03
1.877499999999999503e+01 9.855326159999998836e+00 2.142766781999999694e+03 2.224894499999999880e+03
1.877999999999999758e+01 9.877915679999999199e+00 2.142578535999999986e+03 2.224894499999999880e+03
1.878500000000000014e+01 9.844216559999997784e+00 2.142859361999999692e+03 2.224894499999999880e+03
1.878999999999999559e+01 9.860880959999999362e+00 2.142720491999999922e+03 2.224894499999999880e+03
1.879499999999999815e+01 9.844216559999997784e+00 2.142859361999999692e+03 2.224894499999999880e+03
1.880000000000000071e+01 9.810147119999998111e+00 2.143143274000000019e+03 2.224894499999999880e+03
1.880499999999999616e+01 9.810147119999998111e+00 2.143143274000000019e+03 2.224894499999999880e+03
1.880999999999999872e+01 9.832736639999998474e+00 2.142955027999999857e+03 2.224894499999999880e+03
1.881500000000000128e+01 9.815701919999998637e+00 2.143096983999999793e+03 2.224894499999999880e+03
1.881999999999999673e+01 9.855326159999998836e+00 2.142766781999999694e+03 2.224894499999999880e+03
1.882499999999999929e+01 9.838291439999999000e+00 2.142908738000000085e+03 2.224894499999999880e+03
1.883000000000000185e+01 9.827181839999997948e+00 2.143001318000000083e+03 2.224894499999999880e+03
1.883499999999999730e+01 9.849771359999998310e+00 2.142813071999999920e+03 2.224894499999999880e+03
1.883999999999999986e+01 9.804592319999997585e+00 2.143189563999999791e+03 2.224894499999999880e+03
1.884499999999999531e+01 9.844216559999997784e+00 2.142859361999999692e+03 2.224894499999999880e+03
1.884999999999999787e+01 9.844216559999997784e+00 2.142859361999999692e+03 2.224894499999999880e+03
1.885500000000000043e+01 9.810147119999998111e+00 2.143143274000000019e+03 2.224894499999999880e+03
1.885999999999999588e+01 9.866806079999998147e+00 2.142671115999999984e+03 2.224894499999999880e+03
1.886499999999999844e+01 9.821627039999997422e+00 2.143047607999999855e+03 2.224894499999999880e+03
1.887000000000000099e+01 9.810147119999998111e+00 2.143143274000000019e+03 2.224894499999999880e+03
1.887499999999999645e+01 9.844216559999997784e+00 2.142859361999999692e+03 2.224894499999999880e+03
1.887999999999999901e+01 9.866806079999998147e+00 2.142671115999999984e+03 2.224894499999999880e+03
1.888500000000000156e+01 9.799037519999997059e+00 2.143235854000000018e+03 2.224894499999999880e+03
1.888999999999999702e+01 9.838291439999999000e+00 2.142908738000000085e+03 2.224894499999999880e+03
1.889499999999999957e+01 9.849771359999998310e+00 2.142813071999999920e+03 2.224894499999999880e+03
1.889999999999999503e+01 9.827181839999997948e+00 2.143001318000000083e+03 2.224894499999999880e+03
1.890499999999999758e+01 9.832736639999998474e+00 2.142955027999999857e+03 2.224894499999999880e+03
1.891000000000000014e+01 9.799037519999997059e+00 2.143235854000000018e+03 2.224894499999999880e+03
1.891499999999999559e+01 9.849771359999998310e+00 2.142813071999999920e+03 2.224894499999999880e+03
1.891999999999999815e+01 9.827181839999997948e+00 2.143001318000000083e+03 2.224894499999999880e+03
1.892500000000000071e+01 9.742378559999998799e+00 2.143708012000000053e+03 2.224894499999999880e+03
1.892999999999999616e+01 9.849771359999998310e+00 2.142813071999999920e+03 2.224894499999999880e+03
1.893499999999999872e+01 9.804592319999997585e+00 2.143189563999999791e+03 2.224894499999999880e+03
1.894000000000000128e+01 9.753858479999998110e+00 2.143612345999999889e+03 2.224894499999999880e+03
1.894499999999999673e+01 9.827181839999997948e+00 2.143001318000000083e+03 2.224894499999999880e+03
1.894999999999999929e+01 9.877915679999999199e+00 2.142578535999999986e+03 2.224894499999999880e+03
1.895500000000000185e+01 9.894950399999999036e+00 2.142436580000000049e+03 2.224894499999999880e+03
1.895999999999999730e+01 9.883840799999999760e+00 2.142529160000000047e+03 2.224894499999999880e+03
1.896499999999999986e+01 9.911985119999997096e+00 2.142294624000000113e+03 2.224894499999999880e+03
1.896999999999999531e+01 9.827181839999997948e+00 2.143001318000000083e+03 2.224894499999999880e+03
1.897499999999999787e+01 9.855326159999998836e+00 2.142766781999999694e+03 2.224894499999999880e+03
1.898000000000000043e+01 9.877915679999999199e+00 2.142578535999999986e+03 2.224894499999999880e+03
1.898499999999999588e+01 9.804592319999997585e+00 2.143189563999999791e+03 2.224894499999999880e+03
1.898999999999999844e+01 9.815701919999998637e+00 2.143096983999999793e+03 2.224894499999999880e+03
1.899500000000000099e+01 9.866806079999998147e+00 2.142671115999999984e+03 2.224894499999999880e+03
1.899999999999999645e+01 9.838291439999999000e+00 2.142908738000000085e+03 2.224894499999999880e+03
1.900499999999999901e+01 9.821627039999997422e+00 2.143047607999999855e+03 2.224894499999999880e+03
1.901000000000000156e+01 9.844216559999997784e+00 2.142859361999999692e+03 2.224894499999999880e+03
1.901499999999999702e+01 9.866806079999998147e+00 2.142671115999999984e+03 2.224894499999999880e+03
1.901999999999999957e+01 9.782002799999998999e+00 2.143377809999999954e+03 2.224894499999999880e+03
1.902499999999999503e+01 9.821627039999997422e+00 2.143047607999999855e+03 2.224894499999999880e+03
1.902999999999999758e+01 9.827181839999997948e+00 2.143001318000000083e+03 2.224894499999999880e+03
1.903500000000000014e+01 9.776447999999998473e+00 2.143424099999999726e+03 2.224894499999999880e+03
1.903999999999999559e+01 9.782002799999998999e+00 2.143377809999999954e+03 2.224894499999999880e+03
1.904499999999999815e+01 9.799037519999997059e+00 2.143235854000000018e+03 2.224894499999999880e+03
1.905000000000000071e+01 9.787557599999997748e+00 2.143331519999999728e+03 2.224894499999999880e+03
1.905499999999999616e+01 9.747933359999999325e+00 2.143661721999999827e+03 2.224894499999999880e+03
1.905999999999999872e+01 9.782002799999998999e+00 2.143377809999999954e+03 2.224894499999999880e+03
1.906500000000000128e+01 9.810147119999998111e+00 2.143143274000000019e+03 2.224894499999999880e+03
1.906999999999999673e+01 9.764968079999999162e+00 2.143519765999999890e+03 2.224894499999999880e+03
1.907499999999999929e+01 9.804592319999997585e+00 2.143189563999999791e+03 2.224894499999999880e+03
1.908000000000000185e+01 9.810147119999998111e+00 2.143143274000000019e+03 2.224894499999999880e+03
1.908499999999999730e+01 9.764968079999999162e+00 2.143519765999999890e+03 2.224894499999999880e+03
1.908999999999999986e+01 9.776447999999998473e+00 2.143424099999999726e+03 2.224894499999999880e+03
1.909499999999999531e+01 9.815701919999998637e+00 2.143096983999999793e+03 2.224894499999999880e+03
1.909999999999999787e+01 9.827181839999997948e+00 2.143001318000000083e+03 2.224894499999999880e+03
1.910500000000000043e+01 9.804592319999997585e+00 2.143189563999999791e+03 2.224894499999999880e+03
1.910999999999999588e+01 9.827181839999997948e+00 2.143001318000000083e+03 2.224894499999999880e+03
1.911499999999999844e+01 9.844216559999997784e+00 2.142859361999999692e+03 2.224894499999999880e+03
1.912000000000000099e+01 9.860880959999999362e+00 2.142720491999999922e+03 2.224894499999999880e+03
1.912499999999999645e+01 9.810147119999998111e+00 2.143143274000000019e+03 2.224894499999999880e+03
1.912999999999999901e+01 9.855326159999998836e+00 2.142766781999999694e+03 2.224894499999999880e+03
1.913500000000000156e+01 9.787557599999997748e+00 2.143331519999999728e+03 2.224894499999999880e+03
1.913999999999999702e+01 9.877915679999999199e+00 2.142578535999999986e+03 2.224894499999999880e+03
1.914499999999999957e+01 9.855326159999998836e+00 2.142766781999999694e+03 2.224894499999999880e+03
1.914999999999999503e+01 9.827181839999997948e+00 2.143001318000000083e+03 2.224894499999999880e+03
1.915499999999999758e+01 9.770522879999997912e+00 2.143473476000000119e+03 2.224894499999999880e+03
1.916000000000000014e+01 9.821627039999997422e+00 2.143047607999999855e+03 2.224894499999999880e+03
1.916499999999999559e+01 9.827181839999997948e+00 2.143001318000000083e+03 2.224894499999999880e+03
1.916999999999999815e+01 9.827181839999997948e+00 2.143001318000000083e+03 2.224894499999999880e+03
1.917500000000000071e+01 9.799037519999997059e+00 2.143235854000000018e+03 2.224894499999999880e+03
1.917999999999999616e+01 9.799037519999997059e+00 2.143235854000000018e+03 2.224894499999999880e+03
1.918499999999999872e+01 9.838291439999999000e+00 2.142908738000000085e+03 2.224894499999999880e+03
1.919000000000000128e+01 9.815701919999998637e+00 2.143096983999999793e+03 2.224894499999999880e+03
1.919499999999999673e+01 9.787557599999997748e+00 2.143331519999999728e+03 2.224894499999999880e+03
1.919999999999999929e+01 9.799037519999997059e+00 2.143235854000000018e+03 2.224894499999999880e+03
1.920500000000000185e+01 9.810147119999998111e+00 2.143143274000000019e+03 2.224894499999999880e+03
1.920999999999999730e+01 9.827181839999997948e+00 2.143001318000000083e+03 2.224894499999999880e+03
1.921499999999999986e+01 9.821627039999997422e+00 2.143047607999999855e+03 2.224894499999999880e+03
1.921999999999999531e+01 9.838291439999999000e+00 2.142908738000000085e+03 2.224894499999999880e+03
1.922499999999999787e+01 9.810147119999998111e+00 2.143143274000000019e+03 2.224894499999999880e+03
1.923000000000000043e+01 9.883840799999999760e+00 2.142529160000000047e+03 2.224894499999999880e+03
1.923499999999999588e+01 9.844216559999997784e+00 2.142859361999999692e+03 2.224894499999999880e+03
1.923999999999999844e+01 9.849771359999998310e+00 2.142813071999999920e+03 2.224894499999999880e+03
1.924500000000000099e+01 9.883840799999999760e+00 2.142529160000000047e+03 2.224894499999999880e+03
1.924999999999999645e+01 9.889395599999998510e+00 2.142482869999999821e+03 2.224894499999999880e+03
1.925499999999999901e+01 9.810147119999998111e+00 2.143143274000000019e+03 2.224894499999999880e+03
1.926000000000000156e+01 9.793112399999998274e+00 2.143285229999999956e+03 2.224894499999999880e+03
1.926499999999999702e+01 9.844216559999997784e+00 2.142859361999999692e+03 2.224894499999999880e+03
1.926999999999999957e+01 9.855326159999998836e+00 2.142766781999999694e+03 2.224894499999999880e+03
1.927499999999999503e+01 9.889395599999998510e+00 2.142482869999999821e+03 2.224894499999999880e+03
1.927999999999999758e+01 9.855326159999998836e+00 2.142766781999999694e+03 2.224894499999999880e+03
1.928500000000000014e+01 9.889395599999998510e+00 2.142482869999999821e+03 2.224894499999999880e+03
1.928999999999999559e+01 9.838291439999999000e+00 2.142908738000000085e+03 2.224894499999999880e+03
1.929499999999999815e+01 9.849771359999998310e+00 2.142813071999999920e+03 2.224894499999999880e+03
1.930000000000000071e+01 9.860880959999999362e+00 2.142720491999999922e+03 2.224894499999999880e+03
1.930499999999999616e+01 9.815701919999998637e+00 2.143096983999999793e+03 2.224894499999999880e+03
1.930999999999999872e+01 9.872360879999998673e+00 2.142624825999999757e+03 2.224894499999999880e+03
1.931500000000000128e+01 9.866806079999998147e+00 2.142671115999999984e+03 2.224894499999999880e+03
1.931999999999999673e+01 9.844216559999997784e+00 2.142859361999999692e+03 2.224894499999999880e+03
1.932499999999999929e+01 9.821627039999997422e+00 2.143047607999999855e+03 2.224894499999999880e+03
1.933000000000000185e+01 9.821627039999997422e+00 2.143047607999999855e+03 2.224894499999999880e+03
1.933499999999999730e+01 9.832736639999998474e+00 2.142955027999999857e+03 2.224894499999999880e+03
1.933999999999999986e+01 9.855326159999998836e+00 2.142766781999999694e+03 2.224894499999999880e+03
1.934499999999999531e+01 9.844216559999997784e+00 2.142859361999999692e+03 2.224894499999999880e+03
1.934999999999999787e+01 9.844216559999997784e+00 2.142859361999999692e+03 2.224894499999999880e+03
1.935500000000000043e+01 9.804592319999997585e+00 2.143189563999999791e+03 2.224894499999999880e+03
1.935999999999999588e+01 9.855326159999998836e+00 2.142766781999999694e+03 2.224894499999999880e+03
1.936499999999999844e+01 9.872360879999998673e+00 2.142624825999999757e+03 2.224894499999999880e+03
1.937000000000000099e+01 9.855326159999998836e+00 2.142766781999999694e+03 2.224894499999999880e+03
1.937499999999999645e+01 9.838291439999999000e+00 2.142908738000000085e+03 2.224894499999999880e+03
1.937999999999999901e+01 9.838291439999999000e+00 2.142908738000000085e+03 2.224894499999999880e+03
1.938500000000000156e+01 9.844216559999997784e+00 2.142859361999999692e+03 2.224894499999999880e+03
1.938999999999999702e+01 9.810147119999998111e+00 2.143143274000000019e+03 2.224894499999999880e+03
1.939499999999999957e+01 9.855326159999998836e+00 2.142766781999999694e+03 2.224894499999999880e+03
1.939999999999999503e+01 9.821627039999997422e+00 2.143047607999999855e+03 2.224894499999999880e+03
1.940499999999999758e+01 9.793112399999998274e+00 2.143285229999999956e+03 2.224894499999999880e+03
1.941000000000000014e+01 9.793112399999998274e+00 2.143285229999999956e+03 2.224894499999999880e+03
1.941499999999999559e+01 9.804592319999997585e+00 2.143189563999999791e+03 2.224894499999999880e+03
1.941999999999999815e+01 9.776447999999998473e+00 2.143424099999999726e+03 2.224894499999999880e+03
1.942500000000000071e+01 9.827181839999997948e+00 2.143001318000000083e+03 2.224894499999999880e+03
1.942999999999999616e+01 9.827181839999997948e+00 2.143001318000000083e+03 2.224894499999999880e+03
1.943499999999999872e+01 9.849771359999998310e+00 2.142813071999999920e+03 2.224894499999999880e+03
1.944000000000000128e+01 9.793112399999998274e+00 2.143285229999999956e+03 2.224894499999999880e+03
1.944499999999999673e+01 9.838291439999999000e+00 2.142908738000000085e+03 2.224894499999999880e+03
1.944999999999999929e+01 9.742378559999998799e+00 2.143708012000000053e+03 2.224894499999999880e+03
1.945500000000000185e+01 9.736823759999998273e+00 2.143754301999999825e+03 2.224894499999999880e+03
1.945999999999999730e+01 9.799037519999997059e+00 2.143235854000000018e+03 2.224894499999999880e+03
1.946499999999999986e+01 9.804592319999997585e+00 2.143189563999999791e+03 2.224894499999999880e+03
1.946999999999999531e+01 9.799037519999997059e+00 2.143235854000000018e+03 2.224894499999999880e+03
1.947499999999999787e+01 9.782002799999998999e+00 2.143377809999999954e+03 2.224894499999999880e+03
1.948000000000000043e+01 9.782002799999998999e+00 2.143377809999999954e+03 2.224894499999999880e+03
1.948499999999999588e+01 9.759413279999998636e+00 2.143566055999999662e+03 2.224894499999999880e+03
1.948999999999999844e+01 9.770522879999997912e+00 2.143473476000000119e+03 2.224894499999999880e+03
1.949500000000000099e+01 9.815701919999998637e+00 2.143096983999999793e+03 2.224894499999999880e+03
1.949999999999999645e+01 9.821627039999997422e+00 2.143047607999999855e+03 2.224894499999999880e+03
1.950499999999999901e+01 9.799037519999997059e+00 2.143235854000000018e+03 2.224894499999999880e+03
1.951000000000000156e+01 9.832736639999998474e+00 2.142955027999999857e+03 2.224894499999999880e+03
1.951499999999999702e+01 9.872360879999998673e+00 2.142624825999999757e+03 2.224894499999999880e+03
1.951999999999999957e+01 9.855326159999998836e+00 2.142766781999999694e+03 2.224894499999999880e+03
1.952499999999999503e+01 9.894950399999999036e+00 2.142436580000000049e+03 2.224894499999999880e+03
1.952999999999999758e+01 9.838291439999999000e+00 2.142908738000000085e+03 2.224894499999999880e+03
1.953500000000000014e+01 9.844216559999997784e+00 2.142859361999999692e+03 2.224894499999999880e+03
1.953999999999999559e+01 9.787557599999997748e+00 2.143331519999999728e+03 2.224894499999999880e+03
1.954499999999999815e+01 9.793112399999998274e+00 2.143285229999999956e+03 2.224894499999999880e+03
1.955000000000000071e+01 9.855326159999998836e+00 2.142766781999999694e+03 2.224894499999999880e+03
1.955499999999999616e+01 9.872360879999998673e+00 2.142624825999999757e+03 2.224894499999999880e+03
1.955999999999999872e+01 9.815701919999998637e+00 2.143096983999999793e+03 2.224894499999999880e+03
1.956500000000000128e+01 9.827181839999997948e+00 2.143001318000000083e+03 2.224894499999999880e+03
1.956999999999999673e+01 9.849771359999998310e+00 2.142813071999999920e+03 2.224894499999999880e+03
1.957499999999999929e+01 9.827181839999997948e+00 2.143001318000000083e+03 2.224894499999999880e+03
1.958000000000000185e+01 9.810147119999998111e+00 2.143143274000000019e+03 2.224894499999999880e+03
1.958499999999999730e+01 9.827181839999997948e+00 2.143001318000000083e+03 2.224894499999999880e+03
1.958999999999999986e+01 9.815701919999998637e+00 2.143096983999999793e+03 2.224894499999999880e+03
1.959499999999999531e+01 9.855326159999998836e+00 2.142766781999999694e+03 2.224894499999999880e+03
1.959999999999999787e+01 9.827181839999997948e+00 2.143001318000000083e+03 2.224894499999999880e+03
1.960500000000000043e+01 9.832736639999998474e+00 2.142955027999999857e+03 2.224894499999999880e+03
1.960999999999999588e+01 9.827181839999997948e+00 2.143001318000000083e+03 2.224894499999999880e+03
1.961499999999999844e+01 9.855326159999998836e+00 2.142766781999999694e+03 2.224894499999999880e+03
1.962000000000000099e+01 9.860880959999999362e+00 2.142720491999999922e+03 2.224894499999999880e+03
1.962499999999999645e+01 9.860880959999999362e+00 2.142720491999999922e+03 2.224894499999999880e+03
1.962999999999999901e+01 9.855326159999998836e+00 2.142766781999999694e+03 2.224894499999999880e+03
1.963500000000000156e+01 9.855326159999998836e+00 2.142766781999999694e+03 2.224894499999999880e+03
1.963999999999999702e+01 9.883840799999999760e+00 2.142529160000000047e+03 2.224894499999999880e+03
1.964499999999999957e+01 9.860880959999999362e+00 2.142720491999999922e+03 2.224894499999999880e+03
1.964999999999999503e+01 9.923094719999998148e+00 2.142202043999999660e+03 2.224894499999999880e+03
1.965499999999999758e+01 9.877915679999999199e+00 2.142578535999999986e+03 2.224894499999999880e+03
1.966000000000000014e+01 9.844216559999997784e+00 2.142859361999999692e+03 2.224894499999999880e+03
1.966499999999999559e+01 9.804592319999997585e+00 2.143189563999999791e+03 2.224894499999999880e+03
1.966999999999999815e+01 9.866806079999998147e+00 2.142671115999999984e+03 2.224894499999999880e+03
1.967500000000000071e+01 9.872360879999998673e+00 2.142624825999999757e+03 2.224894499999999880e+03
1.967999999999999616e+01 9.849771359999998310e+00 2.142813071999999920e+03 2.224894499999999880e+03
1.968499999999999872e+01 9.894950399999999036e+00 2.142436580000000049e+03 2.224894499999999880e+03
1.969000000000000128e+01 9.866806079999998147e+00 2.142671115999999984e+03 2.224894499999999880e+03
1.969499999999999673e+01 9.889395599999998510e+00 2.142482869999999821e+03 2.224894499999999880e+03
1.969999999999999929e+01 9.866806079999998147e+00 2.142671115999999984e+03 2.224894499999999880e+03
1.970500000000000185e+01 9.782002799999998999e+00 2.143377809999999954e+03 2.224894499999999880e+03
1.970999999999999730e+01 9.883840799999999760e+00 2.142529160000000047e+03 2.224894499999999880e+03
1.971499999999999986e+01 9.815701919999998637e+00 2.143096983999999793e+03 2.224894499999999880e+03
1.971999999999999531e+01 9.810147119999998111e+00 2.143143274000000019e+03 2.224894499999999880e+03
1.972499999999999787e+01 9.872360879999998673e+00 2.142624825999999757e+03 2.224894499999999880e+03
1.973000000000000043e+01 9.804592319999997585e+00 2.143189563999999791e+03 2.224894499999999880e+03
1.973499999999999588e+01 9.821627039999997422e+00 2.143047607999999855e+03 2.224894499999999880e+03
1.973999999999999844e+01 9.872360879999998673e+00 2.142624825999999757e+03 2.224894499999999880e+03
1.974500000000000099e+01 9.838291439999999000e+00 2.142908738000000085e+03 2.224894499999999880e+03
1.974999999999999645e+01 9.827181839999997948e+00 2.143001318000000083e+03 2.224894499999999880e+03
1.975499999999999901e+01 9.889395599999998510e+00 2.142482869999999821e+03 2.224894499999999880e+03
1.976000000000000156e+01 9.832736639999998474e+00 2.142955027999999857e+03 2.224894499999999880e+03
1.976499999999999702e+01 9.844216559999997784e+00 2.142859361999999692e+03 2.224894499999999880e+03
1.976999999999999957e+01 9.838291439999999000e+00 2.142908738000000085e+03 2.224894499999999880e+03
1.977499999999999503e+01 9.894950399999999036e+00 2.142436580000000049e+03 2.224894499999999880e+03
1.977999999999999758e+01 9.900505199999997785e+00 2.142390289999999823e+03 2.224894499999999880e+03
1.978500000000000014e+01 9.838291439999999000e+00 2.142908738000000085e+03 2.224894499999999880e+03
1.978999999999999559e+01 9.810147119999998111e+00 2.143143274000000019e+03 2.224894499999999880e+03
1.979499999999999815e+01 9.844216559999997784e+00 2.142859361999999692e+03 2.224894499999999880e+03
1.980000000000000071e+01 9.815701919999998637e+00 2.143096983999999793e+03 2.224894499999999880e+03
1.980499999999999616e+01 9.849771359999998310e+00 2.142813071999999920e+03 2.224894499999999880e+03
1.980999999999999872e+01 9.894950399999999036e+00 2.142436580000000049e+03 2.224894499999999880e+03
1.981500000000000128e+01 9.810147119999998111e+00 2.143143274000000019e+03 2.224894499999999880e+03
1.981999999999999673e+01 9.844216559999997784e+00 2.142859361999999692e+03 2.224894499999999880e+03
1.982499999999999929e+01 9.877915679999999199e+00 2.142578535999999986e+03 2.224894499999999880e+03
1.983000000000000185e+01 9.838291439999999000e+00 2.142908738000000085e+03 2.224894499999999880e+03
1.983499999999999730e+01 9.844216559999997784e+00 2.142859361999999692e+03 2.224894499999999880e+03
1.983999999999999986e+01 9.832736639999998474e+00 2.142955027999999857e+03 2.224894499999999880e+03
1.984499999999999531e+01 9.866806079999998147e+00 2.142671115999999984e+03 2.224894499999999880e+03
1.984999999999999787e+01 9.793112399999998274e+00 2.143285229999999956e+03 2.224894499999999880e+03
1.985500000000000043e+01 9.810147119999998111e+00 2.143143274000000019e+03 2.224894499999999880e+03
1.985999999999999588e+01 9.810147119999998111e+00 2.143143274000000019e+03 2.224894499999999880e+03
1.986499999999999844e+01 9.821627039999997422e+00 2.143047607999999855e+03 2.224894499999999880e+03
1.987000000000000099e+01 9.799037519999997059e+00 2.143235854000000018e+03 2.224894499999999880e+03
1.987499999999999645e+01 9.742378559999998799e+00 2.143708012000000053e+03 2.224894499999999880e+03
1.987999999999999901e+01 9.747933359999999325e+00 2.143661721999999827e+03 2.224894499999999880e+03
1.988500000000000156e+01 9.793112399999998274e+00 2.143285229999999956e+03 2.224894499999999880e+03
1.988999999999999702e+01 9.821627039999997422e+00 2.143047607999999855e+03 2.224894499999999880e+03
1.989499999999999957e+01 9.832736639999998474e+00 2.142955027999999857e+03 2.224894499999999880e+03
1.989999999999999503e+01 9.838291439999999000e+00 2.142908738000000085e+03 2.224894499999999880e+03
1.990499999999999758e+01 9.917539919999997622e+00 2.142248333999999886e+03 2.224894499999999880e+03
1.991000000000000014e+01 9.860880959999999362e+00 2.142720491999999922e+03 2.224894499999999880e+03
1.991499999999999559e+01 9.844216559999997784e+00 2.142859361999999692e+03 2.224894499999999880e+03
1.991999999999999815e+01 9.849771359999998310e+00 2.142813071999999920e+03 2.224894499999999880e+03
1.992500000000000071e+01 9.917539919999997622e+00 2.142248333999999886e+03 2.224894499999999880e+03
1.992999999999999616e+01 9.889395599999998510e+00 2.142482869999999821e+03 2.224894499999999880e+03
1.993499999999999872e+01 9.855326159999998836e+00 2.142766781999999694e+03 2.224894499999999880e+03
1.994000000000000128e+01 9.951609359999999072e+00 2.141964422000000013e+03 2.224894499999999880e+03
1.994499999999999673e+01 9.951609359999999072e+00 2.141964422000000013e+03 2.224894499999999880e+03
1.994999999999999929e+01 9.900505199999997785e+00 2.142390289999999823e+03 2.224894499999999880e+03
1.995500000000000185e+01 9.844216559999997784e+00 2.142859361999999692e+03 2.224894499999999880e+03
1.995999999999999730e+01 9.945684239999998510e+00 2.142013797999999952e+03 2.224894499999999880e+03
1.996499999999999986e+01 9.957164159999997821e+00 2.141918131999999787e+03 2.224894499999999880e+03
1.996999999999999531e+01 9.923094719999998148e+00 2.142202043999999660e+03 2.224894499999999880e+03
1.997499999999999787e+01 9.996788399999999797e+00 2.141587929999999687e+03 2.224894499999999880e+03
1.998000000000000043e+01 9.866806079999998147e+00 2.142671115999999984e+03 2.224894499999999880e+03
1.998499999999999588e+01 9.894950399999999036e+00 2.142436580000000049e+03 2.224894499999999880e+03
1.998999999999999844e+01 9.894950399999999036e+00 2.142436580000000049e+03 2.224894499999999880e+03
1.999500000000000099e+01 9.889395599999998510e+00 2.142482869999999821e+03 2.224894499999999880e+03
1.999999999999999645e+01 9.917539919999997622e+00 2.142248333999999886e+03 2.224894499999999880e+03
2.000499999999999901e+01 9.911985119999997096e+00 2.142294624000000113e+03 2.224894499999999880e+03
2.001000000000000156e+01 9.923094719999998148e+00 2.142202043999999660e+03 2.224894499999999880e+03
2.001499999999999702e+01 9.877915679999999199e+00 2.142578535999999986e+03 2.224894499999999880e+03
2.001999999999999957e+01 9.883840799999999760e+00 2.142529160000000047e+03 2.224894499999999880e+03
2.002499999999999503e+01 9.844216559999997784e+00 2.142859361999999692e+03 2.224894499999999880e+03
2.002999999999999758e+01 9.866806079999998147e+00 2.142671115999999984e+03 2.224894499999999880e+03
2.003500000000000014e+01 9.821627039999997422e+00 2.143047607999999855e+03 2.224894499999999880e+03
2.003999999999999559e+01 9.872360879999998673e+00 2.142624825999999757e+03 2.224894499999999880e+03
2.004499999999999815e+01 9.787557599999997748e+00 2.143331519999999728e+03 2.224894499999999880e+03
2.005000000000000071e+01 9.883840799999999760e+00 2.142529160000000047e+03 2.224894499999999880e+03
2.005499999999999616e+01 9.838291439999999000e+00 2.142908738000000085e+03 2.224894499999999880e+03
2.005999999999999872e+01 9.889395599999998510e+00 2.142482869999999821e+03 2.224894499999999880e+03
2.006500000000000128e+01 9.855326159999998836e+00 2.142766781999999694e+03 2.224894499999999880e+03
2.006999999999999673e+01 9.872360879999998673e+00 2.142624825999999757e+03 2.224894499999999880e+03
2.007499999999999929e+01 9.849771359999998310e+00 2.142813071999999920e+03 2.224894499999999880e+03
2.008000000000000185e+01 9.827181839999997948e+00 2.143001318000000083e+03 2.224894499999999880e+03
2.008499999999999730e+01 9.810147119999998111e+00 2.143143274000000019e+03 2.224894499999999880e+03
2.008999999999999986e+01 9.877915679999999199e+00 2.142578535999999986e+03 2.224894499999999880e+03
2.009499999999999531e+01 9.838291439999999000e+00 2.142908738000000085e+03 2.224894499999999880e+03
2.009999999999999787e+01 9.872360879999998673e+00 2.142624825999999757e+03 2.224894499999999880e+03
2.010500000000000043e+01 9.821627039999997422e+00 2.143047607999999855e+03 2.224894499999999880e+03
2.010999999999999588e+01 9.889395599999998510e+00 2.142482869999999821e+03 2.224894499999999880e+03
2.011499999999999844e+01 9.832736639999998474e+00 2.142955027999999857e+03 2.224894499999999880e+03
2.012000000000000099e+01 9.849771359999998310e+00 2.142813071999999920e+03 2.224894499999999880e+03
2.012499999999999645e+01 9.770522879999997912e+00 2.143473476000000119e+03 2.224894499999999880e+03
2.012999999999999901e+01 9.787557599999997748e+00 2.143331519999999728e+03 2.224894499999999880e+03
2.013500000000000156e+01 9.815701919999998637e+00 2.143096983999999793e+03 2.224894499999999880e+03
2.013999999999999702e+01 9.838291439999999000e+00 2.142908738000000085e+03 2.224894499999999880e+03
2.014499999999999957e+01 9.860880959999999362e+00 2.142720491999999922e+03 2.224894499999999880e+03
2.014999999999999503e+01 9.799037519999997059e+00 2.143235854000000018e+03 2.224894499999999880e+03
2.015499999999999758e+01 9.804592319999997585e+00 2.143189563999999791e+03 2.224894499999999880e+03
2.016000000000000014e+01 9.838291439999999000e+00 2.142908738000000085e+03 2.224894499999999880e+03
2.016499999999999559e+01 9.832736639999998474e+00 2.142955027999999857e+03 2.224894499999999880e+03
2.016999999999999815e+01 9.838291439999999000e+00 2.142908738000000085e+03 2.224894499999999880e+03
2.017500000000000071e+01 9.872360879999998673e+00 2.142624825999999757e+03 2.224894499999999880e+03
2.017999999999999616e+01 9.832736639999998474e+00 2.142955027999999857e+03 2.224894499999999880e+03
2.018499999999999872e+01 9.844216559999997784e+00 2.142859361999999692e+03 2.224894499999999880e+03
2.019000000000000128e+01 9.844216559999997784e+00 2.142859361999999692e+03 2.224894499999999880e+03
2.019499999999999673e+01 9.849771359999998310e+00 2.142813071999999920e+03 2.224894499999999880e+03
2.019999999999999929e+01 9.860880959999999362e+00 2.142720491999999922e+03 2.224894499999999880e+03
2.020500000000000185e+01 9.855326159999998836e+00 2.142766781999999694e+03 2.224894499999999880e+03
2.020999999999999730e+01 9.945684239999998510e+00 2.142013797999999952e+03 2.224894499999999880e+03
2.021499999999999986e+01 9.911985119999997096e+00 2.142294624000000113e+03 2.224894499999999880e+03
2.021999999999999531e+01 9.844216559999997784e+00 2.142859361999999692e+03 2.224894499999999880e+03
2.022499999999999787e+01 9.934574639999997459e+00 2.142106377999999950e+03 2.224894499999999880e+03
2.023000000000000043e+01 9.894950399999999036e+00 2.142436580000000049e+03 2.224894499999999880e+03
2.023499999999999588e+01 9.911985119999997096e+00 2.142294624000000113e+03 2.224894499999999880e+03
2.023999999999999844e+01 9.872360879999998673e+00 2.142624825999999757e+03 2.224894499999999880e+03
2.024500000000000099e+01 9.911985119999997096e+00 2.142294624000000113e+03 2.224894499999999880e+03
2.024999999999999645e+01 9.889395599999998510e+00 2.142482869999999821e+03 2.224894499999999880e+03
2.025499999999999901e+01 9.894950399999999036e+00 2.142436580000000049e+03 2.224894499999999880e+03
2.026000000000000156e+01 9.883840799999999760e+00 2.142529160000000047e+03 2.224894499999999880e+03
2.026499999999999702e+01 9.883840799999999760e+00 2.142529160000000047e+03 2.224894499999999880e+03
2.026999999999999957e+01 9.900505199999997785e+00 2.142390289999999823e+03 2.224894499999999880e+03
2.027499999999999503e+01 9.877915679999999199e+00 2.142578535999999986e+03 2.224894499999999880e+03
2.027999999999999758e+01 9.894950399999999036e+00 2.142436580000000049e+03 2.224894499999999880e+03
2.028500000000000014e+01 9.889395599999998510e+00 2.142482869999999821e+03 2.224894499999999880e+03
2.028999999999999559e+01 9.844216559999997784e+00 2.142859361999999692e+03 2.224894499999999880e+03
2.029499999999999815e+01 9.844216559999997784e+00 2.142859361999999692e+03 2.224894499999999880e+03
2.030000000000000071e+01 9.770522879999997912e+00 2.143473476000000119e+03 2.224894499999999880e+03
2.030499999999999616e+01 9.764968079999999162e+00 2.143519765999999890e+03 2.224894499999999880e+03
2.030999999999999872e+01 9.821627039999997422e+00 2.143047607999999855e+03 2.224894499999999880e+03
2.031500000000000128e+01 9.753858479999998110e+00 2.143612345999999889e+03 2.224894499999999880e+03
2.031999999999999673e+01 9.827181839999997948e+00 2.143001318000000083e+03 2.224894499999999880e+03
2.032499999999999929e+01 9.866806079999998147e+00 2.142671115999999984e+03 2.224894499999999880e+03
2.033000000000000185e+01 9.872360879999998673e+00 2.142624825999999757e+03 2.224894499999999880e+03
2.033499999999999730e+01 9.860880959999999362e+00 2.142720491999999922e+03 2.224894499999999880e+03
2.033999999999999986e+01 9.838291439999999000e+00 2.142908738000000085e+03 2.224894499999999880e+03
2.034499999999999531e+01 9.894950399999999036e+00 2.142436580000000049e+03 2.224894499999999880e+03
2.034999999999999787e+01 9.894950399999999036e+00 2.142436580000000049e+03 2.224894499999999880e+03
2.035500000000000043e+01 9.906430320000000123e+00 2.142340913999999884e+03 2.224894499999999880e+03
2.035999999999999588e+01 9.894950399999999036e+00 2.142436580000000049e+03 2.224894499999999880e+03
2.036499999999999844e+01 9.917539919999997622e+00 2.142248333999999886e+03 2.224894499999999880e+03
2.037000000000000099e+01 9.929019839999998709e+00 2.142152667999999721e+03 2.224894499999999880e+03
2.037499999999999645e+01 9.940129439999997985e+00 2.142060087999999723e+03 2.224894499999999880e+03
2.037999999999999901e+01 9.929019839999998709e+00 2.142152667999999721e+03 2.224894499999999880e+03
2.038500000000000156e+01 9.900505199999997785e+00 2.142390289999999823e+03 2.224894499999999880e+03
2.038999999999999702e+01 9.945684239999998510e+00 2.142013797999999952e+03 2.224894499999999880e+03
2.039499999999999957e+01 9.979753679999999960e+00 2.141729886000000079e+03 2.224894499999999880e+03
2.039999999999999503e+01 9.929019839999998709e+00 2.142152667999999721e+03 2.224894499999999880e+03
2.040499999999999758e+01 9.945684239999998510e+00 2.142013797999999952e+03 2.224894499999999880e+03
2.041000000000000014e+01 9.934574639999997459e+00 2.142106377999999950e+03 2.224894499999999880e+03
2.041499999999999559e+01 9.889395599999998510e+00 2.142482869999999821e+03 2.224894499999999880e+03
2.041999999999999815e+01 9.911985119999997096e+00 2.142294624000000113e+03 2.224894499999999880e+03
2.042500000000000071e+01 9.883840799999999760e+00 2.142529160000000047e+03 2.224894499999999880e+03
2.042999999999999616e+01 9.872360879999998673e+00 2.142624825999999757e+03 2.224894499999999880e+03
2.043499999999999872e+01 9.770522879999997912e+00 2.143473476000000119e+03 2.224894499999999880e+03
2.044000000000000128e+01 9.742378559999998799e+00 2.143708012000000053e+03 2.224894499999999880e+03
2.044499999999999673e+01 9.787557599999997748e+00 2.143331519999999728e+03 2.224894499999999880e+03
2.044999999999999929e+01 9.799037519999997059e+00 2.143235854000000018e+03 2.224894499999999880e+03
2.045500000000000185e+01 9.787557599999997748e+00 2.143331519999999728e+03 2.224894499999999880e+03
2.045999999999999730e+01 9.747933359999999325e+00 2.143661721999999827e+03 2.224894499999999880e+03
2.046499999999999986e+01 9.725343839999998963e+00 2.143849967999999990e+03 2.224894499999999880e+03
2.046999999999999531e+01 9.787557599999997748e+00 2.143331519999999728e+03 2.224894499999999880e+03
2.047499999999999787e+01 9.799037519999997059e+00 2.143235854000000018e+03 2.224894499999999880e+03
2.048000000000000043e+01 9.804592319999997585e+00 2.143189563999999791e+03 2.224894499999999880e+03
2.048499999999999588e+01 9.815701919999998637e+00 2.143096983999999793e+03 2.224894499999999880e+03
2.048999999999999844e+01 9.844216559999997784e+00 2.142859361999999692e+03 2.224894499999999880e+03
2.049500000000000099e+01 9.923094719999998148e+00 2.142202043999999660e+03 2.224894499999999880e+03
2.049999999999999645e+01 9.849771359999998310e+00 2.142813071999999920e+03 2.224894499999999880e+03
2.050499999999999901e+01 9.900505199999997785e+00 2.142390289999999823e+03 2.224894499999999880e+03
2.051000000000000156e+01 9.849771359999998310e+00 2.142813071999999920e+03 2.224894499999999880e+03
2.051499999999999702e+01 9.906430320000000123e+00 2.142340913999999884e+03 2.224894499999999880e+03
2.051999999999999957e+01 9.860880959999999362e+00 2.142720491999999922e+03 2.224894499999999880e+03
2.052499999999999503e+01 9.906430320000000123e+00 2.142340913999999884e+03 2.224894499999999880e+03
2.052999999999999758e+01 9.951609359999999072e+00 2.141964422000000013e+03 2.224894499999999880e+03
2.053500000000000014e+01 9.860880959999999362e+00 2.142720491999999922e+03 2.224894499999999880e+03
2.053999999999999559e+01 9.940129439999997985e+00 2.142060087999999723e+03 2.224894499999999880e+03
2.054499999999999815e+01 9.894950399999999036e+00 2.142436580000000049e+03 2.224894499999999880e+03
2.055000000000000071e+01 9.923094719999998148e+00 2.142202043999999660e+03 2.224894499999999880e+03
2.055499999999999616e+01 9.934574639999997459e+00 2.142106377999999950e+03 2.224894499999999880e+03
2.055999999999999872e+01 9.889395599999998510e+00 2.142482869999999821e+03 2.224894499999999880e+03
2.056500000000000128e+01 9.906430320000000123e+00 2.142340913999999884e+03 2.224894499999999880e+03
2.056999999999999673e+01 9.844216559999997784e+00 2.142859361999999692e+03 2.224894499999999880e+03
2.057499999999999929e+01 9.804592319999997585e+00 2.143189563999999791e+03 2.224894499999999880e+03
2.058000000000000185e+01 9.844216559999997784e+00 2.142859361999999692e+03 2.224894499999999880e+03
2.058499999999999730e+01 9.872360879999998673e+00 2.142624825999999757e+03 2.224894499999999880e+03
2.058999999999999986e+01 9.832736639999998474e+00 2.142955027999999857e+03 2.224894499999999880e+03
2.059499999999999531e+01 9.940129439999997985e+00 2.142060087999999723e+03 2.224894499999999880e+03
2.059999999999999787e+01 9.911985119999997096e+00 2.142294624000000113e+03 2.224894499999999880e+03
2.060500000000000043e+01 9.872360879999998673e+00 2.142624825999999757e+03 2.224894499999999880e+03
2.060999999999999588e+01 9.821627039999997422e+00 2.143047607999999855e+03 2.224894499999999880e+03
2.061499999999999844e+01 9.827181839999997948e+00 2.143001318000000083e+03 2.224894499999999880e+03
2.062000000000000099e+01 9.793112399999998274e+00 2.143285229999999956e+03 2.224894499999999880e+03
2.062499999999999645e+01 9.844216559999997784e+00 2.142859361999999692e+03 2.224894499999999880e+03
2.062999999999999901e+01 9.821627039999997422e+00 2.143047607999999855e+03 2.224894499999999880e+03
2.063500000000000156e+01 9.889395599999998510e+00 2.142482869999999821e+03 2.224894499999999880e+03
2.063999999999999702e+01 9.821627039999997422e+00 2.143047607999999855e+03 2.224894499999999880e+03
2.064499999999999957e+01 9.923094719999998148e+00 2.142202043999999660e+03 2.224894499999999880e+03
2.064999999999999503e+01 9.883840799999999760e+00 2.142529160000000047e+03 2.224894499999999880e+03
2.065499999999999758e+01 9.883840799999999760e+00 2.142529160000000047e+03 2.224894499999999880e+03
2.066000000000000014e+01 9.934574639999997459e+00 2.142106377999999950e+03 2.224894499999999880e+03
2.066499999999999559e+01 9.911985119999997096e+00 2.142294624000000113e+03 2.224894499999999880e+03
2.066999999999999815e+01 9.872360879999998673e+00 2.142624825999999757e+03 2.224894499999999880e+03
2.067500000000000071e+01 9.894950399999999036e+00 2.142436580000000049e+03 2.224894499999999880e+03
2.067999999999999616e+01 9.934574639999997459e+00 2.142106377999999950e+03 2.224894499999999880e+03
2.068499999999999872e+01 9.945684239999998510e+00 2.142013797999999952e+03 2.224894499999999880e+03
2.069000000000000128e+01 9.957164159999997821e+00 2.141918131999999787e+03 2.224894499999999880e+03
2.069499999999999673e+01 9.894950399999999036e+00 2.142436580000000049e+03 2.224894499999999880e+03
2.069999999999999929e+01 9.934574639999997459e+00 2.142106377999999950e+03 2.224894499999999880e+03
2.070500000000000185e+01 9.917539919999997622e+00 2.142248333999999886e+03 2.224894499999999880e+03
2.070999999999999730e+01 9.957164159999997821e+00 2.141918131999999787e+03 2.224894499999999880e+03
2.071499999999999986e+01 9.951609359999999072e+00 2.141964422000000013e+03 2.224894499999999880e+03
2.071999999999999531e+01 9.900505199999997785e+00 2.142390289999999823e+03 2.224894499999999880e+03
2.072499999999999787e+01 9.894950399999999036e+00 2.142436580000000049e+03 2.224894499999999880e+03
2.073000000000000043e+01 9.923094719999998148e+00 2.142202043999999660e+03 2.224894499999999880e+03
2.073499999999999588e+01 9.906430320000000123e+00 2.142340913999999884e+03 2.224894499999999880e+03
2.073999999999999844e+01 9.923094719999998148e+00 2.142202043999999660e+03 2.224894499999999880e+03
2.074500000000000099e+01 9.923094719999998148e+00 2.142202043999999660e+03 2.224894499999999880e+03
2.074999999999999645e+01 9.957164159999997821e+00 2.141918131999999787e+03 2.224894499999999880e+03
2.075499999999999901e+01 9.929019839999998709e+00 2.142152667999999721e+03 2.224894499999999880e+03
2.076000000000000156e+01 9.906430320000000123e+00 2.142340913999999884e+03 2.224894499999999880e+03
2.076499999999999702e+01 9.968273759999998873e+00 2.141825551999999789e+03 2.224894499999999880e+03
2.076999999999999957e+01 9.962718959999998347e+00 2.141871842000000015e+03 2.224894499999999880e+03
2.077499999999999503e+01 9.962718959999998347e+00 2.141871842000000015e+03 2.224894499999999880e+03
2.077999999999999758e+01 9.917539919999997622e+00 2.142248333999999886e+03 2.224894499999999880e+03
2.078500000000000014e+01 9.911985119999997096e+00 2.142294624000000113e+03 2.224894499999999880e+03
2.078999999999999559e+01 9.900505199999997785e+00 2.142390289999999823e+03 2.224894499999999880e+03
2.079499999999999815e+01 9.957164159999997821e+00 2.141918131999999787e+03 2.224894499999999880e+03
2.080000000000000071e+01 9.957164159999997821e+00 2.141918131999999787e+03 2.224894499999999880e+03
2.080499999999999616e+01 9.889395599999998510e+00 2.142482869999999821e+03 2.224894499999999880e+03
2.080999999999999872e+01 9.923094719999998148e+00 2.142202043999999660e+03 2.224894499999999880e+03
2.081500000000000128e+01 9.945684239999998510e+00 2.142013797999999952e+03 2.224894499999999880e+03
2.081999999999999673e+01 9.929019839999998709e+00 2.142152667999999721e+03 2.224894499999999880e+03
2.082499999999999929e+01 9.906430320000000123e+00 2.142340913999999884e+03 2.224894499999999880e+03
2.083000000000000185e+01 9.877915679999999199e+00 2.142578535999999986e+03 2.224894499999999880e+03
2.083499999999999730e+01 9.940129439999997985e+00 2.142060087999999723e+03 2.224894499999999880e+03
2.083999999999999986e+01 9.923094719999998148e+00 2.142202043999999660e+03 2.224894499999999880e+03
2.084499999999999531e+01 9.889395599999998510e+00 2.142482869999999821e+03 2.224894499999999880e+03
2.084999999999999787e+01 9.923094719999998148e+00 2.142202043999999660e+03 2.224894499999999880e+03
2.085500000000000043e+01 9.906430320000000123e+00 2.142340913999999884e+03 2.224894499999999880e+03
2.085999999999999588e+01 9.838291439999999000e+00 2.142908738000000085e+03 2.224894499999999880e+03
2.086499999999999844e+01 9.951609359999999072e+00 2.141964422000000013e+03 2.224894499999999880e+03
2.087000000000000099e+01 9.923094719999998148e+00 2.142202043999999660e+03 2.224894499999999880e+03
2.087499999999999645e+01 9.906430320000000123e+00 2.142340913999999884e+03 2.224894499999999880e+03
2.087999999999999901e+01 9.934574639999997459e+00 2.142106377999999950e+03 2.224894499999999880e+03
2.088500000000000156e+01 9.957164159999997821e+00 2.141918131999999787e+03 2.224894499999999880e+03
2.088999999999999702e+01 9.957164159999997821e+00 2.141918131999999787e+03 2.224894499999999880e+03
2.089499999999999957e+01 9.957164159999997821e+00 2.141918131999999787e+03 2.224894499999999880e+03
2.089999999999999503e+01 9.934574639999997459e+00 2.142106377999999950e+03 2.224894499999999880e+03
2.090499999999999758e+01 9.940129439999997985e+00 2.142060087999999723e+03 2.224894499999999880e+03
2.091000000000000014e+01 9.951609359999999072e+00 2.141964422000000013e+03 2.224894499999999880e+03
2.091499999999999559e+01 1.000789799999999907e+01 2.141495349999999689e+03 2.224894499999999880e+03
2.091999999999999815e+01 1.000234320000000032e+01 2.141541639999999916e+03 2.224894499999999880e+03
2.092500000000000071e+01 9.985308479999998710e+00 2.141683595999999852e+03 2.224894499999999880e+03
2.092999999999999616e+01 9.940129439999997985e+00 2.142060087999999723e+03 2.224894499999999880e+03
2.093499999999999872e+01 9.889395599999998510e+00 2.142482869999999821e+03 2.224894499999999880e+03
2.094000000000000128e+01 9.923094719999998148e+00 2.142202043999999660e+03 2.224894499999999880e+03
2.094499999999999673e+01 9.962718959999998347e+00 2.141871842000000015e+03 2.224894499999999880e+03
2.094999999999999929e+01 9.934574639999997459e+00 2.142106377999999950e+03 2.224894499999999880e+03
2.095500000000000185e+01 9.951609359999999072e+00 2.141964422000000013e+03 2.224894499999999880e+03
2.095999999999999730e+01 9.929019839999998709e+00 2.142152667999999721e+03 2.224894499999999880e+03
2.096499999999999986e+01 9.957164159999997821e+00 2.141918131999999787e+03 2.224894499999999880e+03
2.096999999999999531e+01 9.911985119999997096e+00 2.142294624000000113e+03 2.224894499999999880e+03
2.097499999999999787e+01 9.968273759999998873e+00 2.141825551999999789e+03 2.224894499999999880e+03
2.098000000000000043e+01 9.900505199999997785e+00 2.142390289999999823e+03 2.224894499999999880e+03
2.098499999999999588e+01 9.957164159999997821e+00 2.141918131999999787e+03 2.224894499999999880e+03
2.098999999999999844e+01 9.911985119999997096e+00 2.142294624000000113e+03 2.224894499999999880e+03
2.099500000000000099e+01 9.917539919999997622e+00 2.142248333999999886e+03 2.224894499999999880e+03
2.099999999999999645e+01 9.866806079999998147e+00 2.142671115999999984e+03 2.224894499999999880e+03
2.100499999999999901e+01 9.894950399999999036e+00 2.142436580000000049e+03 2.224894499999999880e+03
2.101000000000000156e+01 9.906430320000000123e+00 2.142340913999999884e+03 2.224894499999999880e+03
2.101499999999999702e+01 9.934574639999997459e+00 2.142106377999999950e+03 2.224894499999999880e+03
2.101999999999999957e+01 9.957164159999997821e+00 2.141918131999999787e+03 2.224894499999999880e+03
2.102499999999999503e+01 9.911985119999997096e+00 2.142294624000000113e+03 2.224894499999999880e+03
2.102999999999999758e+01 9.929019839999998709e+00 2.142152667999999721e+03 2.224894499999999880e+03
2.103500000000000014e+01 9.979753679999999960e+00 2.141729886000000079e+03 2.224894499999999880e+03
2.103999999999999559e+01 9.945684239999998510e+00 2.142013797999999952e+03 2.224894499999999880e+03
2.104499999999999815e+01 1.001345279999999782e+01 2.141449059999999918e+03 2.224894499999999880e+03
2.105000000000000071e+01 9.951609359999999072e+00 2.141964422000000013e+03 2.224894499999999880e+03
2.105499999999999616e+01 9.996788399999999797e+00 2.141587929999999687e+03 2.224894499999999880e+03
2.105999999999999872e+01 9.968273759999998873e+00 2.141825551999999789e+03 2.224894499999999880e+03
2.106500000000000128e+01 9.974198879999999434e+00 2.141776175999999850e+03 2.224894499999999880e+03
2.106999999999999673e+01 9.990863279999999236e+00 2.141637306000000081e+03 2.224894499999999880e+03
2.107499999999999929e+01 9.957164159999997821e+00 2.141918131999999787e+03 2.224894499999999880e+03
2.108000000000000185e+01 9.945684239999998510e+00 2.142013797999999952e+03 2.224894499999999880e+03
2.108499999999999730e+01 9.985308479999998710e+00 2.141683595999999852e+03 2.224894499999999880e+03
2.108999999999999986e+01 9.940129439999997985e+00 2.142060087999999723e+03 2.224894499999999880e+03
2.109499999999999531e+01 9.894950399999999036e+00 2.142436580000000049e+03 2.224894499999999880e+03
2.109999999999999787e+01 9.957164159999997821e+00 2.141918131999999787e+03 2.224894499999999880e+03
2.110500000000000043e+01 9.962718959999998347e+00 2.141871842000000015e+03 2.224894499999999880e+03
2.110999999999999588e+01 1.000234320000000032e+01 2.141541639999999916e+03 2.224894499999999880e+03
2.111499999999999844e+01 9.940129439999997985e+00 2.142060087999999723e+03 2.224894499999999880e+03
2.112000000000000099e+01 9.900505199999997785e+00 2.142390289999999823e+03 2.224894499999999880e+03
2.112499999999999645e+01 9.872360879999998673e+00 2.142624825999999757e+03 2.224894499999999880e+03
2.112999999999999901e+01 9.911985119999997096e+00 2.142294624000000113e+03 2.224894499999999880e+03
2.113500000000000156e+01 9.951609359999999072e+00 2.141964422000000013e+03 2.224894499999999880e+03
2.113999999999999702e+01 9.957164159999997821e+00 2.141918131999999787e+03 2.224894499999999880e+03
2.114499999999999957e+01 9.923094719999998148e+00 2.142202043999999660e+03 2.224894499999999880e+03
2.114999999999999503e+01 9.940129439999997985e+00 2.142060087999999723e+03 2.224894499999999880e+03
2.115499999999999758e+01 9.951609359999999072e+00 2.141964422000000013e+03 2.224894499999999880e+03
2.116000000000000014e+01 9.906430320000000123e+00 2.142340913999999884e+03 2.224894499999999880e+03
2.116499999999999559e+01 9.917539919999997622e+00 2.142248333999999886e+03 2.224894499999999880e+03
2.116999999999999815e+01 9.911985119999997096e+00 2.142294624000000113e+03 2.224894499999999880e+03
2.117500000000000071e+01 9.917539919999997622e+00 2.142248333999999886e+03 2.224894499999999880e+03
2.117999999999999616e+01 9.962718959999998347e+00 2.141871842000000015e+03 2.224894499999999880e+03
2.118499999999999872e+01 9.974198879999999434e+00 2.141776175999999850e+03 2.224894499999999880e+03
2.119000000000000128e+01 9.900505199999997785e+00 2.142390289999999823e+03 2.224894499999999880e+03
2.119499999999999673e+01 9.962718959999998347e+00 2.141871842000000015e+03 2.224894499999999880e+03
2.119999999999999929e+01 9.894950399999999036e+00 2.142436580000000049e+03 2.224894499999999880e+03
2.120500000000000185e+01 9.974198879999999434e+00 2.141776175999999850e+03 2.224894499999999880e+03
2.120999999999999730e+01 9.934574639999997459e+00 2.142106377999999950e+03 2.224894499999999880e+03
2.121499999999999986e+01 9.996788399999999797e+00 2.141587929999999687e+03 2.224894499999999880e+03
2.121999999999999531e+01 9.951609359999999072e+00 2.141964422000000013e+03 2.224894499999999880e+03
2.122499999999999787e+01 9.923094719999998148e+00 2.142202043999999660e+03 2.224894499999999880e+03
2.123000000000000043e+01 9.957164159999997821e+00 2.141918131999999787e+03 2.224894499999999880e+03
2.123499999999999588e+01 9.945684239999998510e+00 2.142013797999999952e+03 2.224894499999999880e+03
2.123999999999999844e+01 9.917539919999997622e+00 2.142248333999999886e+03 2.224894499999999880e+03
2.124500000000000099e+01 9.906430320000000123e+00 2.142340913999999884e+03 2.224894499999999880e+03
2.124999999999999645e+01 9.957164159999997821e+00 2.141918131999999787e+03 2.224894499999999880e+03
2.125499999999999901e+01 9.974198879999999434e+00 2.141776175999999850e+03 2.224894499999999880e+03
2.126000000000000156e+01 9.929019839999998709e+00 2.142152667999999721e+03 2.224894499999999880e+03
2.126499999999999702e+01 9.945684239999998510e+00 2.142013797999999952e+03 2.224894499999999880e+03
2.126999999999999957e+01 9.934574639999997459e+00 2.142106377999999950e+03 2.224894499999999880e+03
2.127499999999999503e+01 9.945684239999998510e+00 2.142013797999999952e+03 2.224894499999999880e+03
2.127999999999999758e+01 9.957164159999997821e+00 2.141918131999999787e+03 2.224894499999999880e+03
2.128500000000000014e+01 9.968273759999998873e+00 2.141825551999999789e+03 2.224894499999999880e+03
2.128999999999999559e+01 9.917539919999997622e+00 2.142248333999999886e+03 2.224894499999999880e+03
2.129499999999999815e+01 9.900505199999997785e+00 2.142390289999999823e+03 2.224894499999999880e+03
2.130000000000000071e+01 9.923094719999998148e+00 2.142202043999999660e+03 2.224894499999999880e+03
2.130499999999999616e+01 1.000234320000000032e+01 2.141541639999999916e+03 2.224894499999999880e+03
2.130999999999999872e+01 9.962718959999998347e+00 2.141871842000000015e+03 2.224894499999999880e+03
2.131500000000000128e+01 9.979753679999999960e+00 2.141729886000000079e+03 2.224894499999999880e+03
2.131999999999999673e+01 1.000234320000000032e+01 2.141541639999999916e+03 2.224894499999999880e+03
2.132499999999999929e+01 9.940129439999997985e+00 2.142060087999999723e+03 2.224894499999999880e+03
2.133000000000000185e+01 9.968273759999998873e+00 2.141825551999999789e+03 2.224894499999999880e+03
2.133499999999999730e+01 9.923094719999998148e+00 2.142202043999999660e+03 2.224894499999999880e+03
2.133999999999999986e+01 9.957164159999997821e+00 2.141918131999999787e+03 2.224894499999999880e+03
2.134499999999999531e+01 9.940129439999997985e+00 2.142060087999999723e+03 2.224894499999999880e+03
2.134999999999999787e+01 9.951609359999999072e+00 2.141964422000000013e+03 2.224894499999999880e+03
2.135500000000000043e+01 1.000789799999999907e+01 2.141495349999999689e+03 2.224894499999999880e+03
2.135999999999999588e+01 9.911985119999997096e+00 2.142294624000000113e+03 2.224894499999999880e+03
2.136499999999999844e+01 1.000789799999999907e+01 2.141495349999999689e+03 2.224894499999999880e+03
2.137000000000000099e+01 9.962718959999998347e+00 2.141871842000000015e+03 2.224894499999999880e+03
2.137499999999999645e+01 9.996788399999999797e+00 2.141587929999999687e+03 2.224894499999999880e+03
2.137999999999999901e+01 9.934574639999997459e+00 2.142106377999999950e+03 2.224894499999999880e+03
2.138500000000000156e+01 9.917539919999997622e+00 2.142248333999999886e+03 2.224894499999999880e+03
2.138999999999999702e+01 9.917539919999997622e+00 2.142248333999999886e+03 2.224894499999999880e+03
2.139499999999999957e+01 9.957164159999997821e+00 2.141918131999999787e+03 2.224894499999999880e+03
2.139999999999999503e+01 9.962718959999998347e+00 2.141871842000000015e+03 2.224894499999999880e+03
2.140499999999999758e+01 9.929019839999998709e+00 2.142152667999999721e+03 2.224894499999999880e+03
2.141000000000000014e+01 9.979753679999999960e+00 2.141729886000000079e+03 2.224894499999999880e+03
2.141499999999999559e+01 9.934574639999997459e+00 2.142106377999999950e+03 2.224894499999999880e+03
2.141999999999999815e+01 9.962718959999998347e+00 2.141871842000000015e+03 2.224894499999999880e+03
2.142500000000000071e+01 9.945684239999998510e+00 2.142013797999999952e+03 2.224894499999999880e+03
2.142999999999999616e+01 9.894950399999999036e+00 2.142436580000000049e+03 2.224894499999999880e+03
2.143499999999999872e+01 9.962718959999998347e+00 2.141871842000000015e+03 2.224894499999999880e+03
2.144000000000000128e+01 9.940129439999997985e+00 2.142060087999999723e+03 2.224894499999999880e+03
2.144499999999999673e+01 9.974198879999999434e+00 2.141776175999999850e+03 2.224894499999999880e+03
2.144999999999999929e+01 1.000234320000000032e+01 2.141541639999999916e+03 2.224894499999999880e+03
2.145500000000000185e+01 9.979753679999999960e+00 2.141729886000000079e+03 2.224894499999999880e+03
2.145999999999999730e+01 9.974198879999999434e+00 2.141776175999999850e+03 2.224894499999999880e+03
2.146499999999999986e+01 9.990863279999999236e+00 2.141637306000000081e+03 2.224894499999999880e+03
2.146999999999999531e+01 9.934574639999997459e+00 2.142106377999999950e+03 2.224894499999999880e+03
2.147499999999999787e+01 9.962718959999998347e+00 2.141871842000000015e+03 2.224894499999999880e+03
2.148000000000000043e+01 9.974198879999999434e+00 2.141776175999999850e+03 2.224894499999999880e+03
2.148499999999999588e+01 9.962718959999998347e+00 2.141871842000000015e+03 2.224894499999999880e+03
2.148999999999999844e+01 9.996788399999999797e+00 2.141587929999999687e+03 2.224894499999999880e+03
2.149500000000000099e+01 9.940129439999997985e+00 2.142060087999999723e+03 2.224894499999999880e+03
2.149999999999999645e+01 9.951609359999999072e+00 2.141964422000000013e+03 2.224894499999999880e+03
2.150499999999999901e+01 9.911985119999997096e+00 2.142294624000000113e+03 2.224894499999999880e+03
2.151000000000000156e+01 9.957164159999997821e+00 2.141918131999999787e+03 2.224894499999999880e+03
2.151499999999999702e+01 9.962718959999998347e+00 2.141871842000000015e+03 2.224894499999999880e+03
2.151999999999999957e+01 9.900505199999997785e+00 2.142390289999999823e+03 2.224894499999999880e+03
2.152499999999999503e+01 9.979753679999999960e+00 2.141729886000000079e+03 2.224894499999999880e+03
2.152999999999999758e+01 9.974198879999999434e+00 2.141776175999999850e+03 2.224894499999999880e+03
2.153500000000000014e+01 9.990863279999999236e+00 2.141637306000000081e+03 2.224894499999999880e+03
2.153999999999999559e+01 9.962718959999998347e+00 2.141871842000000015e+03 2.224894499999999880e+03
2.154499999999999815e+01 9.934574639999997459e+00 2.142106377999999950e+03 2.224894499999999880e+03
2.155000000000000071e+01 9.968273759999998873e+00 2.141825551999999789e+03 2.224894499999999880e+03
2.155499999999999616e+01 9.968273759999998873e+00 2.141825551999999789e+03 2.224894499999999880e+03
2.155999999999999872e+01 9.974198879999999434e+00 2.141776175999999850e+03 2.224894499999999880e+03
2.156500000000000128e+01 9.940129439999997985e+00 2.142060087999999723e+03 2.224894499999999880e+03
2.156999999999999673e+01 9.934574639999997459e+00 2.142106377999999950e+03 2.224894499999999880e+03
2.157499999999999929e+01 9.906430320000000123e+00 2.142340913999999884e+03 2.224894499999999880e+03
2.158000000000000185e+01 9.906430320000000123e+00 2.142340913999999884e+03 2.224894499999999880e+03
2.158499999999999730e+01 1.000234320000000032e+01 2.141541639999999916e+03 2.224894499999999880e+03
2.158999999999999986e+01 9.974198879999999434e+00 2.141776175999999850e+03 2.224894499999999880e+03
2.159499999999999531e+01 9.929019839999998709e+00 2.142152667999999721e+03 2.224894499999999880e+03
2.159999999999999787e+01 9.934574639999997459e+00 2.142106377999999950e+03 2.224894499999999880e+03
2.160500000000000043e+01 9.985308479999998710e+00 2.141683595999999852e+03 2.224894499999999880e+03
2.160999999999999588e+01 9.968273759999998873e+00 2.141825551999999789e+03 2.224894499999999880e+03
2.161499999999999844e+01 9.940129439999997985e+00 2.142060087999999723e+03 2.224894499999999880e+03
2.162000000000000099e+01 9.923094719999998148e+00 2.142202043999999660e+03 2.224894499999999880e+03
2.162499999999999645e+01 9.877915679999999199e+00 2.142578535999999986e+03 2.224894499999999880e+03
2.162999999999999901e+01 9.951609359999999072e+00 2.141964422000000013e+03 2.224894499999999880e+03
2.163500000000000156e+01 9.929019839999998709e+00 2.142152667999999721e+03 2.224894499999999880e+03
2.163999999999999702e+01 9.906430320000000123e+00 2.142340913999999884e+03 2.224894499999999880e+03
2.164499999999999957e+01 9.934574639999997459e+00 2.142106377999999950e+03 2.224894499999999880e+03
2.164999999999999503e+01 9.951609359999999072e+00 2.141964422000000013e+03 2.224894499999999880e+03
2.165499999999999758e+01 9.945684239999998510e+00 2.142013797999999952e+03 2.224894499999999880e+03
2.166000000000000014e+01 9.923094719999998148e+00 2.142202043999999660e+03 2.224894499999999880e+03
2.166499999999999559e+01 9.832736639999998474e+00 2.142955027999999857e+03 2.224894499999999880e+03
2.166999999999999815e+01 9.889395599999998510e+00 2.142482869999999821e+03 2.224894499999999880e+03
2.167500000000000071e+01 9.917539919999997622e+00 2.142248333999999886e+03 2.224894499999999880e+03
2.167999999999999616e+01 9.968273759999998873e+00 2.141825551999999789e+03 2.224894499999999880e+03
2.168499999999999872e+01 9.996788399999999797e+00 2.141587929999999687e+03 2.224894499999999880e+03
2.169000000000000128e+01 9.883840799999999760e+00 2.142529160000000047e+03 2.224894499999999880e+03
2.169499999999999673e+01 9.929019839999998709e+00 2.142152667999999721e+03 2.224894499999999880e+03
2.169999999999999929e+01 9.951609359999999072e+00 2.141964422000000013e+03 2.224894499999999880e+03
2.170500000000000185e+01 9.974198879999999434e+00 2.141776175999999850e+03 2.224894499999999880e+03
2.170999999999999730e+01 9.979753679999999960e+00 2.141729886000000079e+03 2.224894499999999880e+03
2.171499999999999986e+01 9.985308479999998710e+00 2.141683595999999852e+03 2.224894499999999880e+03
2.171999999999999531e+01 9.906430320000000123e+00 2.142340913999999884e+03 2.224894499999999880e+03
2.172499999999999787e+01 1.000789799999999907e+01 2.141495349999999689e+03 2.224894499999999880e+03
2.173000000000000043e+01 9.985308479999998710e+00 2.141683595999999852e+03 2.224894499999999880e+03
2.173499999999999588e+01 9.940129439999997985e+00 2.142060087999999723e+03 2.224894499999999880e+03
2.173999999999999844e+01 9.906430320000000123e+00 2.142340913999999884e+03 2.224894499999999880e+03
2.174500000000000099e+01 9.968273759999998873e+00 2.141825551999999789e+03 2.224894499999999880e+03
2.174999999999999645e+01 9.979753679999999960e+00 2.141729886000000079e+03 2.224894499999999880e+03
2.175499999999999901e+01 9.968273759999998873e+00 2.141825551999999789e+03 2.224894499999999880e+03
2.176000000000000156e+01 9.906430320000000123e+00 2.142340913999999884e+03 2.224894499999999880e+03
2.176499999999999702e+01 9.906430320000000123e+00 2.142340913999999884e+03 2.224894499999999880e+03
2.176999999999999957e+01 9.889395599999998510e+00 2.142482869999999821e+03 2.224894499999999880e+03
2.177499999999999503e+01 9.945684239999998510e+00 2.142013797999999952e+03 2.224894499999999880e+03
2.177999999999999758e+01 9.911985119999997096e+00 2.142294624000000113e+03 2.224894499999999880e+03
2.178500000000000014e+01 9.872360879999998673e+00 2.142624825999999757e+03 2.224894499999999880e+03
2.178999999999999559e+01 9.900505199999997785e+00 2.142390289999999823e+03 2.224894499999999880e+03
2.179499999999999815e+01 9.951609359999999072e+00 2.141964422000000013e+03 2.224894499999999880e+03
2.180000000000000071e+01 9.906430320000000123e+00 2.142340913999999884e+03 2.224894499999999880e+03
2.180499999999999616e+01 9.872360879999998673e+00 2.142624825999999757e+03 2.224894499999999880e+03
2.180999999999999872e+01 9.838291439999999000e+00 2.142908738000000085e+03 2.224894499999999880e+03
2.181500000000000128e+01 9.883840799999999760e+00 2.142529160000000047e+03 2.224894499999999880e+03
2.181999999999999673e+01 9.866806079999998147e+00 2.142671115999999984e+03 2.224894499999999880e+03
2.182499999999999929e+01 9.911985119999997096e+00 2.142294624000000113e+03 2.224894499999999880e+03
2.183000000000000185e+01 9.917539919999997622e+00 2.142248333999999886e+03 2.224894499999999880e+03
2.183499999999999730e+01 9.889395599999998510e+00 2.142482869999999821e+03 2.224894499999999880e+03
2.183999999999999986e+01 9.844216559999997784e+00 2.142859361999999692e+03 2.224894499999999880e+03
2.184499999999999531e+01 9.860880959999999362e+00 2.142720491999999922e+03 2.224894499999999880e+03
2.184999999999999787e+01 9.934574639999997459e+00 2.142106377999999950e+03 2.224894499999999880e+03
2.185500000000000043e+01 9.923094719999998148e+00 2.142202043999999660e+03 2.224894499999999880e+03
2.185999999999999588e+01 9.894950399999999036e+00 2.142436580000000049e+03 2.224894499999999880e+03
2.186499999999999844e+01 9.906430320000000123e+00 2.142340913999999884e+03 2.224894499999999880e+03
2.187000000000000099e+01 9.940129439999997985e+00 2.142060087999999723e+03 2.224894499999999880e+03
2.187499999999999645e+01 9.917539919999997622e+00 2.142248333999999886e+03 2.224894499999999880e+03
2.187999999999999901e+01 9.917539919999997622e+00 2.142248333999999886e+03 2.224894499999999880e+03
2.188500000000000156e+01 9.957164159999997821e+00 2.141918131999999787e+03 2.224894499999999880e+03
2.188999999999999702e+01 9.883840799999999760e+00 2.142529160000000047e+03 2.224894499999999880e+03
2.189499999999999957e+01 9.911985119999997096e+00 2.142294624000000113e+03 2.224894499999999880e+03
2.189999999999999503e+01 9.923094719999998148e+00 2.142202043999999660e+03 2.224894499999999880e+03
2.190499999999999758e+01 9.894950399999999036e+00 2.142436580000000049e+03 2.224894499999999880e+03
2.191000000000000014e+01 9.940129439999997985e+00 2.142060087999999723e+03 2.224894499999999880e+03
2.191499999999999559e+01 9.889395599999998510e+00 2.142482869999999821e+03 2.224894499999999880e+03
2.191999999999999815e+01 9.883840799999999760e+00 2.142529160000000047e+03 2.224894499999999880e+03
2.192500000000000071e+01 9.849771359999998310e+00 2.142813071999999920e+03 2.224894499999999880e+03
2.192999999999999616e+01 9.883840799999999760e+00 2.142529160000000047e+03 2.224894499999999880e+03
2.193499999999999872e+01 9.872360879999998673e+00 2.142624825999999757e+03 2.224894499999999880e+03
2.194000000000000128e+01 9.900505199999997785e+00 2.142390289999999823e+03 2.224894499999999880e+03
2.194499999999999673e+01 9.894950399999999036e+00 2.142436580000000049e+03 2.224894499999999880e+03
2.194999999999999929e+01 9.934574639999997459e+00 2.142106377999999950e+03 2.224894499999999880e+03
2.195500000000000185e+01 9.894950399999999036e+00 2.142436580000000049e+03 2.224894499999999880e+03
2.195999999999999730e+01 9.889395599999998510e+00 2.142482869999999821e+03 2.224894499999999880e+03
2.196499999999999986e+01 9.877915679999999199e+00 2.142578535999999986e+03 2.224894499999999880e+03
2.196999999999999531e+01 9.832736639999998474e+00 2.142955027999999857e+03 2.224894499999999880e+03
2.197499999999999787e+01 9.894950399999999036e+00 2.142436580000000049e+03 2.224894499999999880e+03
2.198000000000000043e+01 9.957164159999997821e+00 2.141918131999999787e+03 2.224894499999999880e+03
2.198499999999999588e+01 9.906430320000000123e+00 2.142340913999999884e+03 2.224894499999999880e+03
2.198999999999999844e+01 9.917539919999997622e+00 2.142248333999999886e+03 2.224894499999999880e+03
2.199500000000000099e+01 9.900505199999997785e+00 2.142390289999999823e+03 2.224894499999999880e+03
2.199999999999999645e+01 9.877915679999999199e+00 2.142578535999999986e+03 2.224894499999999880e+03
2.200499999999999901e+01 9.894950399999999036e+00 2.142436580000000049e+03 2.224894499999999880e+03
2.201000000000000156e+01 9.934574639999997459e+00 2.142106377999999950e+03 2.224894499999999880e+03
2.201499999999999702e+01 9.929019839999998709e+00 2.142152667999999721e+03 2.224894499999999880e+03
2.201999999999999957e+01 9.894950399999999036e+00 2.142436580000000049e+03 2.224894499999999880e+03
2.202499999999999503e+01 9.877915679999999199e+00 2.142578535999999986e+03 2.224894499999999880e+03
2.202999999999999758e+01 9.911985119999997096e+00 2.142294624000000113e+03 2.224894499999999880e+03
2.203500000000000014e+01 9.906430320000000123e+00 2.142340913999999884e+03 2.224894499999999880e+03
2.203999999999999559e+01 9.883840799999999760e+00 2.142529160000000047e+03 2.224894499999999880e+03
2.204499999999999815e+01 9.860880959999999362e+00 2.142720491999999922e+03 2.224894499999999880e+03
2.205000000000000071e+01 9.877915679999999199e+00 2.142578535999999986e+03 2.224894499999999880e+03
2.205499999999999616e+01 9.883840799999999760e+00 2.142529160000000047e+03 2.224894499999999880e+03
2.205999999999999872e+01 9.855326159999998836e+00 2.142766781999999694e+03 2.224894499999999880e+03
2.206500000000000128e+01 9.917539919999997622e+00 2.142248333999999886e+03 2.224894499999999880e+03
2.206999999999999673e+01 9.877915679999999199e+00 2.142578535999999986e+03 2.224894499999999880e+03
2.207499999999999929e+01 9.911985119999997096e+00 2.142294624000000113e+03 2.224894499999999880e+03
2.208000000000000185e+01 9.849771359999998310e+00 2.142813071999999920e+03 2.224894499999999880e+03
2.208499999999999730e+01 9.832736639999998474e+00 2.142955027999999857e+03 2.224894499999999880e+03
2.208999999999999986e+01 9.804592319999997585e+00 2.143189563999999791e+03 2.224894499999999880e+03
2.209499999999999531e+01 9.860880959999999362e+00 2.142720491999999922e+03 2.224894499999999880e+03
2.209999999999999787e+01 9.889395599999998510e+00 2.142482869999999821e+03 2.224894499999999880e+03
2.210500000000000043e+01 9.838291439999999000e+00 2.142908738000000085e+03 2.224894499999999880e+03
2.210999999999999588e+01 9.911985119999997096e+00 2.142294624000000113e+03 2.224894499999999880e+03
2.211499999999999844e+01 9.917539919999997622e+00 2.142248333999999886e+03 2.224894499999999880e+03
2.212000000000000099e+01 9.917539919999997622e+00 2.142248333999999886e+03 2.224894499999999880e+03
2.212499999999999645e+01 9.889395599999998510e+00 2.142482869999999821e+03 2.224894499999999880e+03
2.212999999999999901e+01 9.911985119999997096e+00 2.142294624000000113e+03 2.224894499999999880e+03
2.213500000000000156e+01 9.877915679999999199e+00 2.142578535999999986e+03 2.224894499999999880e+03
2.213999999999999702e+01 9.872360879999998673e+00 2.142624825999999757e+03 2.224894499999999880e+03
2.214499999999999957e+01 9.821627039999997422e+00 2.143047607999999855e+03 2.224894499999999880e+03
2.214999999999999503e+01 9.883840799999999760e+00 2.142529160000000047e+03 2.224894499999999880e+03
2.215499999999999758e+01 9.860880959999999362e+00 2.142720491999999922e+03 2.224894499999999880e+03
2.216000000000000014e+01 9.810147119999998111e+00 2.143143274000000019e+03 2.224894499999999880e+03
2.216499999999999559e+01 9.838291439999999000e+00 2.142908738000000085e+03 2.224894499999999880e+03
2.216999999999999815e+01 9.849771359999998310e+00 2.142813071999999920e+03 2.224894499999999880e+03
2.217500000000000071e+01 9.911985119999997096e+00 2.142294624000000113e+03 2.224894499999999880e+03
2.217999999999999616e+01 9.883840799999999760e+00 2.142529160000000047e+03 2.224894499999999880e+03
2.218499999999999872e+01 9.894950399999999036e+00 2.142436580000000049e+03 2.224894499999999880e+03
2.219000000000000128e+01 9.866806079999998147e+00 2.142671115999999984e+03 2.224894499999999880e+03
2.219499999999999673e+01 9.866806079999998147e+00 2.142671115999999984e+03 2.224894499999999880e+03
2.219999999999999929e+01 9.894950399999999036e+00 2.142436580000000049e+03 2.224894499999999880e+03
2.220500000000000185e+01 9.855326159999998836e+00 2.142766781999999694e+03 2.224894499999999880e+03
2.220999999999999730e+01 9.894950399999999036e+00 2.142436580000000049e+03 2.224894499999999880e+03
2.221499999999999986e+01 9.917539919999997622e+00 2.142248333999999886e+03 2.224894499999999880e+03
2.221999999999999531e+01 9.883840799999999760e+00 2.142529160000000047e+03 2.224894499999999880e+03
2.222499999999999787e+01 9.906430320000000123e+00 2.142340913999999884e+03 2.224894499999999880e+03
2.223000000000000043e+01 9.940129439999997985e+00 2.142060087999999723e+03 2.224894499999999880e+03
2.223499999999999588e+01 9.934574639999997459e+00 2.142106377999999950e+03 2.224894499999999880e+03
2.223999999999999844e+01 9.877915679999999199e+00 2.142578535999999986e+03 2.224894499999999880e+03
2.224500000000000099e+01 9.923094719999998148e+00 2.142202043999999660e+03 2.224894499999999880e+03
2.224999999999999645e+01 9.923094719999998148e+00 2.142202043999999660e+03 2.224894499999999880e+03
2.225499999999999901e+01 9.838291439999999000e+00 2.142908738000000085e+03 2.224894499999999880e+03
2.226000000000000156e+01 9.883840799999999760e+00 2.142529160000000047e+03 2.224894499999999880e+03
2.226499999999999702e+01 9.889395599999998510e+00 2.142482869999999821e+03 2.224894499999999880e+03
2.226999999999999957e+01 9.894950399999999036e+00 2.142436580000000049e+03 2.224894499999999880e+03
2.227499999999999503e+01 9.900505199999997785e+00 2.142390289999999823e+03 2.224894499999999880e+03
2.227999999999999758e+01 9.889395599999998510e+00 2.142482869999999821e+03 2.224894499999999880e+03
2.228500000000000014e+01 9.889395599999998510e+00 2.142482869999999821e+03 2.224894499999999880e+03
2.228999999999999559e+01 9.838291439999999000e+00 2.142908738000000085e+03 2.224894499999999880e+03
2.229499999999999815e+01 9.906430320000000123e+00 2.142340913999999884e+03 2.224894499999999880e+03
2.230000000000000071e+01 9.911985119999997096e+00 2.142294624000000113e+03 2.224894499999999880e+03
2.230499999999999616e+01 9.889395599999998510e+00 2.142482869999999821e+03 2.224894499999999880e+03
2.230999999999999872e+01 9.894950399999999036e+00 2.142436580000000049e+03 2.224894499999999880e+03
2.231500000000000128e+01 9.889395599999998510e+00 2.142482869999999821e+03 2.224894499999999880e+03
2.231999999999999673e+01 9.872360879999998673e+00 2.142624825999999757e+03 2.224894499999999880e+03
2.232499999999999929e+01 9.894950399999999036e+00 2.142436580000000049e+03 2.224894499999999880e+03
2.233000000000000185e+01 9.934574639999997459e+00 2.142106377999999950e+03 2.224894499999999880e+03
2.233499999999999730e+01 9.911985119999997096e+00 2.142294624000000113e+03 2.224894499999999880e+03
2.233999999999999986e+01 9.860880959999999362e+00 2.142720491999999922e+03 2.224894499999999880e+03
2.234499999999999531e+01 9.934574639999997459e+00 2.142106377999999950e+03 2.224894499999999880e+03
2.234999999999999787e+01 9.911985119999997096e+00 2.142294624000000113e+03 2.224894499999999880e+03
2.235500000000000043e+01 9.849771359999998310e+00 2.142813071999999920e+03 2.224894499999999880e+03
2.235999999999999588e+01 9.889395599999998510e+00 2.142482869999999821e+03 2.224894499999999880e+03
2.236499999999999844e+01 9.929019839999998709e+00 2.142152667999999721e+03 2.224894499999999880e+03
2.237000000000000099e+01 9.900505199999997785e+00 2.142390289999999823e+03 2.224894499999999880e+03
2.237499999999999645e+01 9.877915679999999199e+00 2.142578535999999986e+03 2.224894499999999880e+03
2.237999999999999901e+01 9.877915679999999199e+00 2.142578535999999986e+03 2.224894499999999880e+03
2.238500000000000156e+01 9.883840799999999760e+00 2.142529160000000047e+03 2.224894499999999880e+03
2.238999999999999702e+01 9.872360879999998673e+00 2.142624825999999757e+03 2.224894499999999880e+03
2.239499999999999957e+01 9.911985119999997096e+00 2.142294624000000113e+03 2.224894499999999880e+03
2.239999999999999503e+01 9.900505199999997785e+00 2.142390289999999823e+03 2.224894499999999880e+03
2.240499999999999758e+01 9.872360879999998673e+00 2.142624825999999757e+03 2.224894499999999880e+03
2.241000000000000014e+01 9.872360879999998673e+00 2.142624825999999757e+03 2.224894499999999880e+03
2.241499999999999559e+01 9.889395599999998510e+00 2.142482869999999821e+03 2.224894499999999880e+03
2.241999999999999815e+01 9.900505199999997785e+00 2.142390289999999823e+03 2.224894499999999880e+03
2.242500000000000071e+01 9.872360879999998673e+00 2.142624825999999757e+03 2.224894499999999880e+03
2.242999999999999616e+01 9.923094719999998148e+00 2.142202043999999660e+03 2.224894499999999880e+03
2.243499999999999872e+01 9.900505199999997785e+00 2.142390289999999823e+03 2.224894499999999880e+03
2.244000000000000128e+01 9.883840799999999760e+00 2.142529160000000047e+03 2.224894499999999880e+03
2.244499999999999673e+01 9.883840799999999760e+00 2.142529160000000047e+03 2.224894499999999880e+03
2.244999999999999929e+01 9.883840799999999760e+00 2.142529160000000047e+03 2.224894499999999880e+03
2.245500000000000185e+01 9.877915679999999199e+00 2.142578535999999986e+03 2.224894499999999880e+03
2.245999999999999730e+01 9.945684239999998510e+00 2.142013797999999952e+03 2.224894499999999880e+03
2.246499999999999986e+01 9.911985119999997096e+00 2.142294624000000113e+03 2.224894499999999880e+03
2.246999999999999531e+01 9.917539919999997622e+00 2.142248333999999886e+03 2.224894499999999880e+03
2.247499999999999787e+01 9.900505199999997785e+00 2.142390289999999823e+03 2.224894499999999880e+03
2.248000000000000043e+01 9.860880959999999362e+00 2.142720491999999922e+03 2.224894499999999880e+03
2.248499999999999588e+01 9.900505199999997785e+00 2.142390289999999823e+03 2.224894499999999880e+03
2.248999999999999844e+01 9.810147119999998111e+00 2.143143274000000019e+03 2.224894499999999880e+03
2.249500000000000099e+01 9.860880959999999362e+00 2.142720491999999922e+03 2.224894499999999880e+03
2.249999999999999645e+01 9.866806079999998147e+00 2.142671115999999984e+03 2.224894499999999880e+03
2.250499999999999901e+01 9.860880959999999362e+00 2.142720491999999922e+03 2.224894499999999880e+03
2.251000000000000156e+01 9.883840799999999760e+00 2.142529160000000047e+03 2.224894499999999880e+03
2.251499999999999702e+01 9.923094719999998148e+00 2.142202043999999660e+03 2.224894499999999880e+03
2.251999999999999957e+01 9.917539919999997622e+00 2.142248333999999886e+03 2.224894499999999880e+03
2.252499999999999503e+01 9.894950399999999036e+00 2.142436580000000049e+03 2.224894499999999880e+03
2.252999999999999758e+01 9.866806079999998147e+00 2.142671115999999984e+03 2.224894499999999880e+03
2.253500000000000014e+01 9.889395599999998510e+00 2.142482869999999821e+03 2.224894499999999880e+03
2.253999999999999559e+01 9.889395599999998510e+00 2.142482869999999821e+03 2.224894499999999880e+03
2.254499999999999815e+01 9.883840799999999760e+00 2.142529160000000047e+03 2.224894499999999880e+03
2.255000000000000071e+01 9.906430320000000123e+00 2.142340913999999884e+03 2.224894499999999880e+03
2.255499999999999616e+01 9.855326159999998836e+00 2.142766781999999694e+03 2.224894499999999880e+03
2.255999999999999872e+01 9.838291439999999000e+00 2.142908738000000085e+03 2.224894499999999880e+03
2.256500000000000128e+01 9.883840799999999760e+00 2.142529160000000047e+03 2.224894499999999880e+03
2.256999999999999673e+01 9.838291439999999000e+00 2.142908738000000085e+03 2.224894499999999880e+03
2.257499999999999929e+01 9.866806079999998147e+00 2.142671115999999984e+03 2.224894499999999880e+03
2.258000000000000185e+01 9.872360879999998673e+00 2.142624825999999757e+03 2.224894499999999880e+03
2.258499999999999730e+01 9.889395599999998510e+00 2.142482869999999821e+03 2.224894499999999880e+03
2.258999999999999986e+01 9.804592319999997585e+00 2.143189563999999791e+03 2.224894499999999880e+03
2.259499999999999531e+01 9.827181839999997948e+00 2.143001318000000083e+03 2.224894499999999880e+03
2.259999999999999787e+01 9.911985119999997096e+00 2.142294624000000113e+03 2.224894499999999880e+03
2.260500000000000043e+01 9.883840799999999760e+00 2.142529160000000047e+03 2.224894499999999880e+03
2.260999999999999588e+01 9.827181839999997948e+00 2.143001318000000083e+03 2.224894499999999880e+03
2.261499999999999844e+01 9.860880959999999362e+00 2.142720491999999922e+03 2.224894499999999880e+03
2.262000000000000099e+01 9.866806079999998147e+00 2.142671115999999984e+03 2.224894499999999880e+03
2.262499999999999645e+01 9.844216559999997784e+00 2.142859361999999692e+03 2.224894499999999880e+03
2.262999999999999901e+01 9.872360879999998673e+00 2.142624825999999757e+03 2.224894499999999880e+03
2.263500000000000156e+01 9.860880959999999362e+00 2.142720491999999922e+03 2.224894499999999880e+03
2.263999999999999702e+01 9.866806079999998147e+00 2.142671115999999984e+03 2.224894499999999880e+03
2.264499999999999957e+01 9.866806079999998147e+00 2.142671115999999984e+03 2.224894499999999880e+03
2.264999999999999503e+01 9.911985119999997096e+00 2.142294624000000113e+03 2.224894499999999880e+03
2.265499999999999758e+01 9.872360879999998673e+00 2.142624825999999757e+03 2.224894499999999880e+03
2.266000000000000014e+01 9.877915679999999199e+00 2.142578535999999986e+03 2.224894499999999880e+03
2.266499999999999559e+01 9.877915679999999199e+00 2.142578535999999986e+03 2.224894499999999880e+03
2.266999999999999815e+01 9.832736639999998474e+00 2.142955027999999857e+03 2.224894499999999880e+03
2.267500000000000071e+01 9.849771359999998310e+00 2.142813071999999920e+03 2.224894499999999880e+03
2.267999999999999616e+01 9.911985119999997096e+00 2.142294624000000113e+03 2.224894499999999880e+03
2.268499999999999872e+01 9.894950399999999036e+00 2.142436580000000049e+03 2.224894499999999880e+03
2.269000000000000128e+01 9.906430320000000123e+00 2.142340913999999884e+03 2.224894499999999880e+03
2.269499999999999673e+01 9.804592319999997585e+00 2.143189563999999791e+03 2.224894499999999880e+03
2.269999999999999929e+01 9.860880959999999362e+00 2.142720491999999922e+03 2.224894499999999880e+03
2.270500000000000185e+01 9.917539919999997622e+00 2.142248333999999886e+03 2.224894499999999880e+03
2.270999999999999730e+01 9.855326159999998836e+00 2.142766781999999694e+03 2.224894499999999880e+03
2.271499999999999986e+01 9.929019839999998709e+00 2.142152667999999721e+03 2.224894499999999880e+03
2.271999999999999531e+01 9.877915679999999199e+00 2.142578535999999986e+03 2.224894499999999880e+03
2.272499999999999787e+01 9.844216559999997784e+00 2.142859361999999692e+03 2.224894499999999880e+03
2.273000000000000043e+01 9.945684239999998510e+00 2.142013797999999952e+03 2.224894499999999880e+03
2.273499999999999588e+01 9.883840799999999760e+00 2.142529160000000047e+03 2.224894499999999880e+03
2.273999999999999844e+01 9.832736639999998474e+00 2.142955027999999857e+03 2.224894499999999880e+03
2.274500000000000099e+01 9.849771359999998310e+00 2.142813071999999920e+03 2.224894499999999880e+03
2.274999999999999645e+01 9.866806079999998147e+00 2.142671115999999984e+03 2.224894499999999880e+03
2.275499999999999901e+01 9.883840799999999760e+00 2.142529160000000047e+03 2.224894499999999880e+03
2.276000000000000156e+01 9.849771359999998310e+00 2.142813071999999920e+03 2.224894499999999880e+03
2.276499999999999702e+01 9.866806079999998147e+00 2.142671115999999984e+03 2.224894499999999880e+03
2.276999999999999957e+01 9.838291439999999000e+00 2.142908738000000085e+03 2.224894499999999880e+03
2.277499999999999503e+01 9.810147119999998111e+00 2.143143274000000019e+03 2.224894499999999880e+03
2.277999999999999758e+01 9.877915679999999199e+00 2.142578535999999986e+03 2.224894499999999880e+03
2.278500000000000014e+01 9.872360879999998673e+00 2.142624825999999757e+03 2.224894499999999880e+03
2.278999999999999559e+01 9.872360879999998673e+00 2.142624825999999757e+03 2.224894499999999880e+03
2.279499999999999815e+01 9.866806079999998147e+00 2.142671115999999984e+03 2.224894499999999880e+03
2.280000000000000071e+01 9.832736639999998474e+00 2.142955027999999857e+03 2.224894499999999880e+03
2.280499999999999616e+01 9.827181839999997948e+00 2.143001318000000083e+03 2.224894499999999880e+03
2.280999999999999872e+01 9.799037519999997059e+00 2.143235854000000018e+03 2.224894499999999880e+03
2.281500000000000128e+01 9.838291439999999000e+00 2.142908738000000085e+03 2.224894499999999880e+03
2.281999999999999673e+01 9.799037519999997059e+00 2.143235854000000018e+03 2.224894499999999880e+03
2.282499999999999929e+01 9.838291439999999000e+00 2.142908738000000085e+03 2.224894499999999880e+03
2.283000000000000185e+01 9.883840799999999760e+00 2.142529160000000047e+03 2.224894499999999880e+03
2.283499999999999730e+01 9.838291439999999000e+00 2.142908738000000085e+03 2.224894499999999880e+03
2.283999999999999986e+01 9.832736639999998474e+00 2.142955027999999857e+03 2.224894499999999880e+03
2.284499999999999531e+01 9.860880959999999362e+00 2.142720491999999922e+03 2.224894499999999880e+03
2.284999999999999787e+01 9.872360879999998673e+00 2.142624825999999757e+03 2.224894499999999880e+03
2.285500000000000043e+01 9.877915679999999199e+00 2.142578535999999986e+03 2.224894499999999880e+03
2.285999999999999588e+01 9.877915679999999199e+00 2.142578535999999986e+03 2.224894499999999880e+03
2.286499999999999844e+01 9.883840799999999760e+00 2.142529160000000047e+03 2.224894499999999880e+03
2.287000000000000099e+01 9.849771359999998310e+00 2.142813071999999920e+03 2.224894499999999880e+03
2.287499999999999645e+01 9.860880959999999362e+00 2.142720491999999922e+03 2.224894499999999880e+03
2.287999999999999901e+01 9.844216559999997784e+00 2.142859361999999692e+03 2.224894499999999880e+03
2.288500000000000156e+01 9.866806079999998147e+00 2.142671115999999984e+03 2.224894499999999880e+03
2.288999999999999702e+01 9.832736639999998474e+00 2.142955027999999857e+03 2.224894499999999880e+03
2.289499999999999957e+01 9.815701919999998637e+00 2.143096983999999793e+03 2.224894499999999880e+03
2.289999999999999503e+01 9.883840799999999760e+00 2.142529160000000047e+03 2.224894499999999880e+03
2.290499999999999758e+01 9.877915679999999199e+00 2.142578535999999986e+03 2.224894499999999880e+03
2.291000000000000014e+01 9.911985119999997096e+00 2.142294624000000113e+03 2.224894499999999880e+03
2.291499999999999559e+01 9.889395599999998510e+00 2.142482869999999821e+03 2.224894499999999880e+03
2.291999999999999815e+01 9.906430320000000123e+00 2.142340913999999884e+03 2.224894499999999880e+03
2.292500000000000071e+01 9.832736639999998474e+00 2.142955027999999857e+03 2.224894499999999880e+03
2.292999999999999616e+01 9.866806079999998147e+00 2.142671115999999984e+03 2.224894499999999880e+03
2.293499999999999872e+01 9.889395599999998510e+00 2.142482869999999821e+03 2.224894499999999880e+03
2.294000000000000128e+01 9.799037519999997059e+00 2.143235854000000018e+03 2.224894499999999880e+03
2.294499999999999673e+01 9.838291439999999000e+00 2.142908738000000085e+03 2.224894499999999880e+03
2.294999999999999929e+01 9.849771359999998310e+00 2.142813071999999920e+03 2.224894499999999880e+03
2.295500000000000185e+01 9.849771359999998310e+00 2.142813071999999920e+03 2.224894499999999880e+03
2.295999999999999730e+01 9.855326159999998836e+00 2.142766781999999694e+03 2.224894499999999880e+03
2.296499999999999986e+01 9.877915679999999199e+00 2.142578535999999986e+03 2.224894499999999880e+03
2.296999999999999531e+01 9.894950399999999036e+00 2.142436580000000049e+03 2.224894499999999880e+03
2.297499999999999787e+01 9.877915679999999199e+00 2.142578535999999986e+03 2.224894499999999880e+03
2.298000000000000043e+01 9.894950399999999036e+00 2.142436580000000049e+03 2.224894499999999880e+03
2.298499999999999588e+01 9.934574639999997459e+00 2.142106377999999950e+03 2.224894499999999880e+03
2.298999999999999844e+01 9.917539919999997622e+00 2.142248333999999886e+03 2.224894499999999880e+03
2.299500000000000099e+01 9.923094719999998148e+00 2.142202043999999660e+03 2.224894499999999880e+03
2.299999999999999645e+01 9.906430320000000123e+00 2.142340913999999884e+03 2.224894499999999880e+03
2.300499999999999901e+01 9.906430320000000123e+00 2.142340913999999884e+03 2.224894499999999880e+03
2.301000000000000156e+01 9.934574639999997459e+00 2.142106377999999950e+03 2.224894499999999880e+03
2.301499999999999702e+01 9.877915679999999199e+00 2.142578535999999986e+03 2.224894499999999880e+03
2.301999999999999957e+01 9.900505199999997785e+00 2.142390289999999823e+03 2.224894499999999880e+03
2.302499999999999503e+01 9.877915679999999199e+00 2.142578535999999986e+03 2.224894499999999880e+03
2.302999999999999758e+01 9.934574639999997459e+00 2.142106377999999950e+03 2.224894499999999880e+03
2.303500000000000014e+01 9.883840799999999760e+00 2.142529160000000047e+03 2.224894499999999880e+03
2.303999999999999559e+01 9.872360879999998673e+00 2.142624825999999757e+03 2.224894499999999880e+03
2.304499999999999815e+01 9.883840799999999760e+00 2.142529160000000047e+03 2.224894499999999880e+03
2.305000000000000071e+01 9.929019839999998709e+00 2.142152667999999721e+03 2.224894499999999880e+03
2.305499999999999616e+01 9.934574639999997459e+00 2.142106377999999950e+03 2.224894499999999880e+03
2.305999999999999872e+01 9.934574639999997459e+00 2.142106377999999950e+03 2.224894499999999880e+03
2.306500000000000128e+01 9.900505199999997785e+00 2.142390289999999823e+03 2.224894499999999880e+03
2.306999999999999673e+01 9.860880959999999362e+00 2.142720491999999922e+03 2.224894499999999880e+03
2.307499999999999929e+01 9.894950399999999036e+00 2.142436580000000049e+03 2.224894499999999880e+03
2.308000000000000185e+01 9.855326159999998836e+00 2.142766781999999694e+03 2.224894499999999880e+03
2.308499999999999730e+01 9.860880959999999362e+00 2.142720491999999922e+03 2.224894499999999880e+03
2.308999999999999986e+01 9.866806079999998147e+00 2.142671115999999984e+03 2.224894499999999880e+03
2.309499999999999531e+01 9.923094719999998148e+00 2.142202043999999660e+03 2.224894499999999880e+03
2.309999999999999787e+01 9.923094719999998148e+00 2.142202043999999660e+03 2.224894499999999880e+03
2.310500000000000043e+01 9.866806079999998147e+00 2.142671115999999984e+03 2.224894499999999880e+03
2.310999999999999588e+01 9.889395599999998510e+00 2.142482869999999821e+03 2.224894499999999880e+03
2.311499999999999844e+01 9.917539919999997622e+00 2.142248333999999886e+03 2.224894499999999880e+03
2.312000000000000099e+01 9.877915679999999199e+00 2.142578535999999986e+03 2.224894499999999880e+03
2.312499999999999645e+01 9.855326159999998836e+00 2.142766781999999694e+03 2.224894499999999880e+03
2.312999999999999901e+01 9.838291439999999000e+00 2.142908738000000085e+03 2.224894499999999880e+03
2.313500000000000156e+01 9.911985119999997096e+00 2.142294624000000113e+03 2.224894499999999880e+03
2.313999999999999702e+01 9.855326159999998836e+00 2.142766781999999694e+03 2.224894499999999880e+03
2.314499999999999957e+01 9.872360879999998673e+00 2.142624825999999757e+03 2.224894499999999880e+03
2.314999999999999503e+01 9.889395599999998510e+00 2.142482869999999821e+03 2.224894499999999880e+03
2.315499999999999758e+01 9.855326159999998836e+00 2.142766781999999694e+03 2.224894499999999880e+03
2.316000000000000014e+01 9.849771359999998310e+00 2.142813071999999920e+03 2.224894499999999880e+03
2.316499999999999559e+01 9.872360879999998673e+00 2.142624825999999757e+03 2.224894499999999880e+03
2.316999999999999815e+01 9.940129439999997985e+00 2.142060087999999723e+03 2.224894499999999880e+03
2.317500000000000071e+01 9.860880959999999362e+00 2.142720491999999922e+03 2.224894499999999880e+03
2.317999999999999616e+01 9.860880959999999362e+00 2.142720491999999922e+03 2.224894499999999880e+03
2.318499999999999872e+01 9.838291439999999000e+00 2.142908738000000085e+03 2.224894499999999880e+03
2.319000000000000128e+01 9.883840799999999760e+00 2.142529160000000047e+03 2.224894499999999880e+03
2.319499999999999673e+01 9.838291439999999000e+00 2.142908738000000085e+03 2.224894499999999880e+03
2.319999999999999929e+01 9.866806079999998147e+00 2.142671115999999984e+03 2.224894499999999880e+03
2.320500000000000185e+01 9.844216559999997784e+00 2.142859361999999692e+03 2.224894499999999880e+03
2.320999999999999730e+01 9.815701919999998637e+00 2.143096983999999793e+03 2.224894499999999880e+03
2.321499999999999986e+01 9.883840799999999760e+00 2.142529160000000047e+03 2.224894499999999880e+03
2.321999999999999531e+01 9.929019839999998709e+00 2.142152667999999721e+03 2.224894499999999880e+03
2.322499999999999787e+01 9.900505199999997785e+00 2.142390289999999823e+03 2.224894499999999880e+03
2.323000000000000043e+01 9.821627039999997422e+00 2.143047607999999855e+03 2.224894499999999880e+03
2.323499999999999588e+01 9.866806079999998147e+00 2.142671115999999984e+03 2.224894499999999880e+03
2.323999999999999844e+01 9.889395599999998510e+00 2.142482869999999821e+03 2.224894499999999880e+03
2.324500000000000099e+01 9.855326159999998836e+00 2.142766781999999694e+03 2.224894499999999880e+03
2.324999999999999645e+01 9.866806079999998147e+00 2.142671115999999984e+03 2.224894499999999880e+03
2.325499999999999901e+01 9.849771359999998310e+00 2.142813071999999920e+03 2.224894499999999880e+03
2.326000000000000156e+01 9.877915679999999199e+00 2.142578535999999986e+03 2.224894499999999880e+03
2.326499999999999702e+01 9.877915679999999199e+00 2.142578535999999986e+03 2.224894499999999880e+03
2.326999999999999957e+01 9.866806079999998147e+00 2.142671115999999984e+03 2.224894499999999880e+03
2.327499999999999503e+01 9.827181839999997948e+00 2.143001318000000083e+03 2.224894499999999880e+03
2.327999999999999758e+01 9.860880959999999362e+00 2.142720491999999922e+03 2.224894499999999880e+03
2.328500000000000014e+01 9.894950399999999036e+00 2.142436580000000049e+03 2.224894499999999880e+03
2.328999999999999559e+01 9.838291439999999000e+00 2.142908738000000085e+03 2.224894499999999880e+03
2.329499999999999815e+01 9.832736639999998474e+00 2.142955027999999857e+03 2.224894499999999880e+03
2.330000000000000071e+01 9.844216559999997784e+00 2.142859361999999692e+03 2.224894499999999880e+03
2.330499999999999616e+01 9.872360879999998673e+00 2.142624825999999757e+03 2.224894499999999880e+03
2.330999999999999872e+01 9.889395599999998510e+00 2.142482869999999821e+03 2.224894499999999880e+03
2.331500000000000128e+01 9.872360879999998673e+00 2.142624825999999757e+03 2.224894499999999880e+03
2.331999999999999673e+01 9.815701919999998637e+00 2.143096983999999793e+03 2.224894499999999880e+03
2.332499999999999929e+01 9.844216559999997784e+00 2.142859361999999692e+03 2.224894499999999880e+03
2.333000000000000185e+01 9.911985119999997096e+00 2.142294624000000113e+03 2.224894499999999880e+03
2.333499999999999730e+01 9.877915679999999199e+00 2.142578535999999986e+03 2.224894499999999880e+03
2.333999999999999986e+01 9.883840799999999760e+00 2.142529160000000047e+03 2.224894499999999880e+03
2.334499999999999531e+01 9.889395599999998510e+00 2.142482869999999821e+03 2.224894499999999880e+03
2.334999999999999787e+01 9.883840799999999760e+00 2.142529160000000047e+03 2.224894499999999880e+03
2.335500000000000043e+01 9.860880959999999362e+00 2.142720491999999922e+03 2.224894499999999880e+03
2.335999999999999588e+01 9.844216559999997784e+00 2.142859361999999692e+03 2.224894499999999880e+03
2.336499999999999844e+01 9.838291439999999000e+00 2.142908738000000085e+03 2.224894499999999880e+03
2.337000000000000099e+01 9.815701919999998637e+00 2.143096983999999793e+03 2.224894499999999880e+03
2.337499999999999645e+01 9.872360879999998673e+00 2.142624825999999757e+03 2.224894499999999880e+03
2.337999999999999901e+01 9.838291439999999000e+00 2.142908738000000085e+03 2.224894499999999880e+03
2.338500000000000156e+01 9.855326159999998836e+00 2.142766781999999694e+03 2.224894499999999880e+03
2.338999999999999702e+01 9.872360879999998673e+00 2.142624825999999757e+03 2.224894499999999880e+03
2.339499999999999957e+01 9.855326159999998836e+00 2.142766781999999694e+03 2.224894499999999880e+03
2.339999999999999503e+01 9.877915679999999199e+00 2.142578535999999986e+03 2.224894499999999880e+03
2.340499999999999758e+01 9.860880959999999362e+00 2.142720491999999922e+03 2.224894499999999880e+03
2.341000000000000014e+01 9.827181839999997948e+00 2.143001318000000083e+03 2.224894499999999880e+03
2.341499999999999559e+01 9.815701919999998637e+00 2.143096983999999793e+03 2.224894499999999880e+03
2.341999999999999815e+01 9.866806079999998147e+00 2.142671115999999984e+03 2.224894499999999880e+03
2.342500000000000071e+01 9.821627039999997422e+00 2.143047607999999855e+03 2.224894499999999880e+03
2.342999999999999616e+01 9.821627039999997422e+00 2.143047607999999855e+03 2.224894499999999880e+03
2.343499999999999872e+01 9.855326159999998836e+00 2.142766781999999694e+03 2.224894499999999880e+03
2.344000000000000128e+01 9.832736639999998474e+00 2.142955027999999857e+03 2.224894499999999880e+03
2.344499999999999673e+01 9.844216559999997784e+00 2.142859361999999692e+03 2.224894499999999880e+03
2.344999999999999929e+01 9.821627039999997422e+00 2.143047607999999855e+03 2.224894499999999880e+03
2.345500000000000185e+01 9.866806079999998147e+00 2.142671115999999984e+03 2.224894499999999880e+03
2.345999999999999730e+01 9.782002799999998999e+00 2.143377809999999954e+03 2.224894499999999880e+03
2.346499999999999986e+01 9.827181839999997948e+00 2.143001318000000083e+03 2.224894499999999880e+03
2.346999999999999531e+01 9.844216559999997784e+00 2.142859361999999692e+03 2.224894499999999880e+03
2.347499999999999787e+01 9.844216559999997784e+00 2.142859361999999692e+03 2.224894499999999880e+03
2.348000000000000043e+01 9.844216559999997784e+00 2.142859361999999692e+03 2.224894499999999880e+03
2.348499999999999588e+01 9.866806079999998147e+00 2.142671115999999984e+03 2.224894499999999880e+03
2.348999999999999844e+01 9.866806079999998147e+00 2.142671115999999984e+03 2.224894499999999880e+03
2.349500000000000099e+01 9.782002799999998999e+00 2.143377809999999954e+03 2.224894499999999880e+03
2.349999999999999645e+01 9.844216559999997784e+00 2.142859361999999692e+03 2.224894499999999880e+03
2.350499999999999901e+01 9.844216559999997784e+00 2.142859361999999692e+03 2.224894499999999880e+03
2.351000000000000156e+01 9.866806079999998147e+00 2.142671115999999984e+03 2.224894499999999880e+03
2.351499999999999702e+01 9.821627039999997422e+00 2.143047607999999855e+03 2.224894499999999880e+03
2.351999999999999957e+01 9.849771359999998310e+00 2.142813071999999920e+03 2.224894499999999880e+03
2.352499999999999503e+01 9.827181839999997948e+00 2.143001318000000083e+03 2.224894499999999880e+03
2.352999999999999758e+01 9.804592319999997585e+00 2.143189563999999791e+03 2.224894499999999880e+03
2.353500000000000014e+01 9.872360879999998673e+00 2.142624825999999757e+03 2.224894499999999880e+03
2.353999999999999559e+01 9.855326159999998836e+00 2.142766781999999694e+03 2.224894499999999880e+03
2.354499999999999815e+01 9.832736639999998474e+00 2.142955027999999857e+03 2.224894499999999880e+03
2.355000000000000071e+01 9.889395599999998510e+00 2.142482869999999821e+03 2.224894499999999880e+03
2.355499999999999616e+01 9.855326159999998836e+00 2.142766781999999694e+03 2.224894499999999880e+03
2.355999999999999872e+01 9.894950399999999036e+00 2.142436580000000049e+03 2.224894499999999880e+03
2.356500000000000128e+01 9.906430320000000123e+00 2.142340913999999884e+03 2.224894499999999880e+03
2.356999999999999673e+01 9.849771359999998310e+00 2.142813071999999920e+03 2.224894499999999880e+03
2.357499999999999929e+01 9.793112399999998274e+00 2.143285229999999956e+03 2.224894499999999880e+03
2.358000000000000185e+01 9.844216559999997784e+00 2.142859361999999692e+03 2.224894499999999880e+03
2.358499999999999730e+01 9.838291439999999000e+00 2.142908738000000085e+03 2.224894499999999880e+03
2.358999999999999986e+01 9.827181839999997948e+00 2.143001318000000083e+03 2.224894499999999880e+03
2.359499999999999531e+01 9.860880959999999362e+00 2.142720491999999922e+03 2.224894499999999880e+03
2.359999999999999787e+01 9.866806079999998147e+00 2.142671115999999984e+03 2.224894499999999880e+03
2.360500000000000043e+01 9.793112399999998274e+00 2.143285229999999956e+03 2.224894499999999880e+03
2.360999999999999588e+01 9.866806079999998147e+00 2.142671115999999984e+03 2.224894499999999880e+03
2.361499999999999844e+01 9.894950399999999036e+00 2.142436580000000049e+03 2.224894499999999880e+03
2.362000000000000099e+01 9.860880959999999362e+00 2.142720491999999922e+03 2.224894499999999880e+03
2.362499999999999645e+01 9.838291439999999000e+00 2.142908738000000085e+03 2.224894499999999880e+03
2.362999999999999901e+01 9.821627039999997422e+00 2.143047607999999855e+03 2.224894499999999880e+03
2.363500000000000156e+01 9.804592319999997585e+00 2.143189563999999791e+03 2.224894499999999880e+03
2.363999999999999702e+01 9.906430320000000123e+00 2.142340913999999884e+03 2.224894499999999880e+03
2.364499999999999957e+01 9.872360879999998673e+00 2.142624825999999757e+03 2.224894499999999880e+03
2.364999999999999503e+01 9.872360879999998673e+00 2.142624825999999757e+03 2.224894499999999880e+03
2.365499999999999758e+01 9.906430320000000123e+00 2.142340913999999884e+03 2.224894499999999880e+03
2.366000000000000014e+01 9.940129439999997985e+00 2.142060087999999723e+03 2.224894499999999880e+03
2.366499999999999559e+01 9.860880959999999362e+00 2.142720491999999922e+03 2.224894499999999880e+03
2.366999999999999815e+01 9.844216559999997784e+00 2.142859361999999692e+03 2.224894499999999880e+03
2.367500000000000071e+01 9.889395599999998510e+00 2.142482869999999821e+03 2.224894499999999880e+03
2.367999999999999616e+01 9.883840799999999760e+00 2.142529160000000047e+03 2.224894499999999880e+03
2.368499999999999872e+01 9.838291439999999000e+00 2.142908738000000085e+03 2.224894499999999880e+03
2.369000000000000128e+01 9.929019839999998709e+00 2.142152667999999721e+03 2.224894499999999880e+03
2.369499999999999673e+01 9.866806079999998147e+00 2.142671115999999984e+03 2.224894499999999880e+03
2.369999999999999929e+01 9.815701919999998637e+00 2.143096983999999793e+03 2.224894499999999880e+03
2.370500000000000185e+01 9.827181839999997948e+00 2.143001318000000083e+03 2.224894499999999880e+03
2.370999999999999730e+01 9.860880959999999362e+00 2.142720491999999922e+03 2.224894499999999880e+03
2.371499999999999986e+01 9.855326159999998836e+00 2.142766781999999694e+03 2.224894499999999880e+03
2.371999999999999531e+01 9.872360879999998673e+00 2.142624825999999757e+03 2.224894499999999880e+03
2.372499999999999787e+01 9.810147119999998111e+00 2.143143274000000019e+03 2.224894499999999880e+03
2.373000000000000043e+01 9.855326159999998836e+00 2.142766781999999694e+03 2.224894499999999880e+03
2.373499999999999588e+01 9.866806079999998147e+00 2.142671115999999984e+03 2.224894499999999880e+03
2.373999999999999844e+01 9.860880959999999362e+00 2.142720491999999922e+03 2.224894499999999880e+03
2.374500000000000099e+01 9.866806079999998147e+00 2.142671115999999984e+03 2.224894499999999880e+03
2.374999999999999645e+01 9.838291439999999000e+00 2.142908738000000085e+03 2.224894499999999880e+03
2.375499999999999901e+01 9.810147119999998111e+00 2.143143274000000019e+03 2.224894499999999880e+03
2.376000000000000156e+01 9.838291439999999000e+00 2.142908738000000085e+03 2.224894499999999880e+03
2.376499999999999702e+01 9.810147119999998111e+00 2.143143274000000019e+03 2.224894499999999880e+03
2.376999999999999957e+01 9.838291439999999000e+00 2.142908738000000085e+03 2.224894499999999880e+03
2.377499999999999503e+01 9.860880959999999362e+00 2.142720491999999922e+03 2.224894499999999880e+03
2.377999999999999758e+01 9.838291439999999000e+00 2.142908738000000085e+03 2.224894499999999880e+03
2.378500000000000014e+01 9.872360879999998673e+00 2.142624825999999757e+03 2.224894499999999880e+03
2.378999999999999559e+01 9.957164159999997821e+00 2.141918131999999787e+03 2.224894499999999880e+03
2.379499999999999815e+01 9.911985119999997096e+00 2.142294624000000113e+03 2.224894499999999880e+03
2.380000000000000071e+01 9.855326159999998836e+00 2.142766781999999694e+03 2.224894499999999880e+03
2.380499999999999616e+01 9.872360879999998673e+00 2.142624825999999757e+03 2.224894499999999880e+03
2.380999999999999872e+01 9.838291439999999000e+00 2.142908738000000085e+03 2.224894499999999880e+03
2.381500000000000128e+01 9.838291439999999000e+00 2.142908738000000085e+03 2.224894499999999880e+03
2.381999999999999673e+01 9.849771359999998310e+00 2.142813071999999920e+03 2.224894499999999880e+03
2.382499999999999929e+01 9.838291439999999000e+00 2.142908738000000085e+03 2.224894499999999880e+03
2.383000000000000185e+01 9.911985119999997096e+00 2.142294624000000113e+03 2.224894499999999880e+03
2.383499999999999730e+01 9.866806079999998147e+00 2.142671115999999984e+03 2.224894499999999880e+03
2.383999999999999986e+01 9.860880959999999362e+00 2.142720491999999922e+03 2.224894499999999880e+03
2.384499999999999531e+01 9.838291439999999000e+00 2.142908738000000085e+03 2.224894499999999880e+03
2.384999999999999787e+01 9.872360879999998673e+00 2.142624825999999757e+03 2.224894499999999880e+03
2.385500000000000043e+01 9.872360879999998673e+00 2.142624825999999757e+03 2.224894499999999880e+03
2.385999999999999588e+01 9.827181839999997948e+00 2.143001318000000083e+03 2.224894499999999880e+03
2.386499999999999844e+01 9.821627039999997422e+00 2.143047607999999855e+03 2.224894499999999880e+03
2.387000000000000099e+01 9.877915679999999199e+00 2.142578535999999986e+03 2.224894499999999880e+03
2.387499999999999645e+01 9.883840799999999760e+00 2.142529160000000047e+03 2.224894499999999880e+03
2.387999999999999901e+01 9.860880959999999362e+00 2.142720491999999922e+03 2.224894499999999880e+03
2.388500000000000156e+01 9.799037519999997059e+00 2.143235854000000018e+03 2.224894499999999880e+03
2.388999999999999702e+01 9.860880959999999362e+00 2.142720491999999922e+03 2.224894499999999880e+03
2.389499999999999957e+01 9.889395599999998510e+00 2.142482869999999821e+03 2.224894499999999880e+03
2.389999999999999503e+01 9.866806079999998147e+00 2.142671115999999984e+03 2.224894499999999880e+03
2.390499999999999758e+01 9.855326159999998836e+00 2.142766781999999694e+03 2.224894499999999880e+03
2.391000000000000014e+01 9.815701919999998637e+00 2.143096983999999793e+03 2.224894499999999880e+03
2.391499999999999559e+01 9.877915679999999199e+00 2.142578535999999986e+03 2.224894499999999880e+03
2.391999999999999815e+01 9.810147119999998111e+00 2.143143274000000019e+03 2.224894499999999880e+03
2.392500000000000071e+01 9.804592319999997585e+00 2.143189563999999791e+03 2.224894499999999880e+03
2.392999999999999616e+01 9.883840799999999760e+00 2.142529160000000047e+03 2.224894499999999880e+03
2.393499999999999872e+01 9.844216559999997784e+00 2.142859361999999692e+03 2.224894499999999880e+03
2.394000000000000128e+01 9.764968079999999162e+00 2.143519765999999890e+03 2.224894499999999880e+03
2.394499999999999673e+01 9.787557599999997748e+00 2.143331519999999728e+03 2.224894499999999880e+03
2.394999999999999929e+01 9.866806079999998147e+00 2.142671115999999984e+03 2.224894499999999880e+03
2.395500000000000185e+01 9.810147119999998111e+00 2.143143274000000019e+03 2.224894499999999880e+03
2.395999999999999730e+01 9.872360879999998673e+00 2.142624825999999757e+03 2.224894499999999880e+03
2.396499999999999986e+01 9.815701919999998637e+00 2.143096983999999793e+03 2.224894499999999880e+03
2.396999999999999531e+01 9.827181839999997948e+00 2.143001318000000083e+03 2.224894499999999880e+03
2.397499999999999787e+01 9.844216559999997784e+00 2.142859361999999692e+03 2.224894499999999880e+03
2.398000000000000043e+01 9.787557599999997748e+00 2.143331519999999728e+03 2.224894499999999880e+03
2.398499999999999588e+01 9.764968079999999162e+00 2.143519765999999890e+03 2.224894499999999880e+03
2.398999999999999844e+01 9.810147119999998111e+00 2.143143274000000019e+03 2.224894499999999880e+03
2.399500000000000099e+01 9.804592319999997585e+00 2.143189563999999791e+03 2.224894499999999880e+03
2.399999999999999645e+01 9.793112399999998274e+00 2.143285229999999956e+03 2.224894499999999880e+03
2.400499999999999901e+01 9.804592319999997585e+00 2.143189563999999791e+03 2.224894499999999880e+03
2.401000000000000156e+01 9.815701919999998637e+00 2.143096983999999793e+03 2.224894499999999880e+03
2.401499999999999702e+01 9.799037519999997059e+00 2.143235854000000018e+03 2.224894499999999880e+03
2.401999999999999957e+01 9.782002799999998999e+00 2.143377809999999954e+03 2.224894499999999880e+03
2.402499999999999503e+01 9.832736639999998474e+00 2.142955027999999857e+03 2.224894499999999880e+03
2.402999999999999758e+01 9.747933359999999325e+00 2.143661721999999827e+03 2.224894499999999880e+03
2.403500000000000014e+01 9.799037519999997059e+00 2.143235854000000018e+03 2.224894499999999880e+03
2.403999999999999559e+01 9.804592319999997585e+00 2.143189563999999791e+03 2.224894499999999880e+03
2.404499999999999815e+01 9.844216559999997784e+00 2.142859361999999692e+03 2.224894499999999880e+03
2.405000000000000071e+01 9.804592319999997585e+00 2.143189563999999791e+03 2.224894499999999880e+03
2.405499999999999616e+01 9.793112399999998274e+00 2.143285229999999956e+03 2.224894499999999880e+03
2.405999999999999872e+01 9.776447999999998473e+00 2.143424099999999726e+03 2.224894499999999880e+03
2.406500000000000128e+01 9.815701919999998637e+00 2.143096983999999793e+03 2.224894499999999880e+03
2.406999999999999673e+01 9.787557599999997748e+00 2.143331519999999728e+03 2.224894499999999880e+03
2.407499999999999929e+01 9.787557599999997748e+00 2.143331519999999728e+03 2.224894499999999880e+03
2.408000000000000185e+01 9.866806079999998147e+00 2.142671115999999984e+03 2.224894499999999880e+03
2.408499999999999730e+01 9.799037519999997059e+00 2.143235854000000018e+03 2.224894499999999880e+03
2.408999999999999986e+01 9.776447999999998473e+00 2.143424099999999726e+03 2.224894499999999880e+03
2.409499999999999531e+01 9.810147119999998111e+00 2.143143274000000019e+03 2.224894499999999880e+03
2.409999999999999787e+01 9.849771359999998310e+00 2.142813071999999920e+03 2.224894499999999880e+03
2.410500000000000043e+01 9.815701919999998637e+00 2.143096983999999793e+03 2.224894499999999880e+03
2.410999999999999588e+01 9.815701919999998637e+00 2.143096983999999793e+03 2.224894499999999880e+03
2.411499999999999844e+01 9.838291439999999000e+00 2.142908738000000085e+03 2.224894499999999880e+03
2.412000000000000099e+01 9.793112399999998274e+00 2.143285229999999956e+03 2.224894499999999880e+03
2.412499999999999645e+01 9.782002799999998999e+00 2.143377809999999954e+03 2.224894499999999880e+03
2.412999999999999901e+01 9.770522879999997912e+00 2.143473476000000119e+03 2.224894499999999880e+03
2.413500000000000156e+01 9.782002799999998999e+00 2.143377809999999954e+03 2.224894499999999880e+03
2.413999999999999702e+01 9.782002799999998999e+00 2.143377809999999954e+03 2.224894499999999880e+03
2.414499999999999957e+01 9.838291439999999000e+00 2.142908738000000085e+03 2.224894499999999880e+03
2.414999999999999503e+01 9.782002799999998999e+00 2.143377809999999954e+03 2.224894499999999880e+03
2.415499999999999758e+01 9.787557599999997748e+00 2.143331519999999728e+03 2.224894499999999880e+03
2.416000000000000014e+01 9.799037519999997059e+00 2.143235854000000018e+03 2.224894499999999880e+03
2.416499999999999559e+01 9.815701919999998637e+00 2.143096983999999793e+03 2.224894499999999880e+03
2.416999999999999815e+01 9.787557599999997748e+00 2.143331519999999728e+03 2.224894499999999880e+03
2.417500000000000071e+01 9.827181839999997948e+00 2.143001318000000083e+03 2.224894499999999880e+03
2.417999999999999616e+01 9.782002799999998999e+00 2.143377809999999954e+03 2.224894499999999880e+03
2.418499999999999872e+01 9.799037519999997059e+00 2.143235854000000018e+03 2.224894499999999880e+03
2.419000000000000128e+01 9.810147119999998111e+00 2.143143274000000019e+03 2.224894499999999880e+03
2.419499999999999673e+01 9.770522879999997912e+00 2.143473476000000119e+03 2.224894499999999880e+03
2.419999999999999929e+01 9.815701919999998637e+00 2.143096983999999793e+03 2.224894499999999880e+03
2.420500000000000185e+01 9.821627039999997422e+00 2.143047607999999855e+03 2.224894499999999880e+03
2.420999999999999730e+01 9.782002799999998999e+00 2.143377809999999954e+03 2.224894499999999880e+03
2.421499999999999986e+01 9.782002799999998999e+00 2.143377809999999954e+03 2.224894499999999880e+03
2.421999999999999531e+01 9.787557599999997748e+00 2.143331519999999728e+03 2.224894499999999880e+03
2.422499999999999787e+01 9.827181839999997948e+00 2.143001318000000083e+03 2.224894499999999880e+03
2.423000000000000043e+01 9.787557599999997748e+00 2.143331519999999728e+03 2.224894499999999880e+03
2.423499999999999588e+01 9.821627039999997422e+00 2.143047607999999855e+03 2.224894499999999880e+03
2.423999999999999844e+01 9.810147119999998111e+00 2.143143274000000019e+03 2.224894499999999880e+03
2.424500000000000099e+01 9.787557599999997748e+00 2.143331519999999728e+03 2.224894499999999880e+03
2.424999999999999645e+01 9.787557599999997748e+00 2.143331519999999728e+03 2.224894499999999880e+03
2.425499999999999901e+01 9.753858479999998110e+00 2.143612345999999889e+03 2.224894499999999880e+03
2.426000000000000156e+01 9.753858479999998110e+00 2.143612345999999889e+03 2.224894499999999880e+03
2.426499999999999702e+01 9.799037519999997059e+00 2.143235854000000018e+03 2.224894499999999880e+03
2.426999999999999957e+01 9.764968079999999162e+00 2.143519765999999890e+03 2.224894499999999880e+03
2.427499999999999503e+01 9.815701919999998637e+00 2.143096983999999793e+03 2.224894499999999880e+03
2.427999999999999758e+01 9.832736639999998474e+00 2.142955027999999857e+03 2.224894499999999880e+03
2.428500000000000014e+01 9.821627039999997422e+00 2.143047607999999855e+03 2.224894499999999880e+03
2.428999999999999559e+01 9.736823759999998273e+00 2.143754301999999825e+03 2.224894499999999880e+03
2.429499999999999815e+01 9.764968079999999162e+00 2.143519765999999890e+03 2.224894499999999880e+03
2.430000000000000071e+01 9.770522879999997912e+00 2.143473476000000119e+03 2.224894499999999880e+03
2.430499999999999616e+01 9.759413279999998636e+00 2.143566055999999662e+03 2.224894499999999880e+03
2.430999999999999872e+01 9.759413279999998636e+00 2.143566055999999662e+03 2.224894499999999880e+03
2.431500000000000128e+01 9.787557599999997748e+00 2.143331519999999728e+03 2.224894499999999880e+03
2.431999999999999673e+01 9.844216559999997784e+00 2.142859361999999692e+03 2.224894499999999880e+03
2.432499999999999929e+01 9.782002799999998999e+00 2.143377809999999954e+03 2.224894499999999880e+03
2.433000000000000185e+01 9.815701919999998637e+00 2.143096983999999793e+03 2.224894499999999880e+03
2.433499999999999730e+01 9.872360879999998673e+00 2.142624825999999757e+03 2.224894499999999880e+03
2.433999999999999986e+01 9.776447999999998473e+00 2.143424099999999726e+03 2.224894499999999880e+03
2.434499999999999531e+01 9.799037519999997059e+00 2.143235854000000018e+03 2.224894499999999880e+03
2.434999999999999787e+01 9.838291439999999000e+00 2.142908738000000085e+03 2.224894499999999880e+03
2.435500000000000043e+01 9.793112399999998274e+00 2.143285229999999956e+03 2.224894499999999880e+03
2.435999999999999588e+01 9.849771359999998310e+00 2.142813071999999920e+03 2.224894499999999880e+03
2.436499999999999844e+01 9.849771359999998310e+00 2.142813071999999920e+03 2.224894499999999880e+03
2.437000000000000099e+01 9.799037519999997059e+00 2.143235854000000018e+03 2.224894499999999880e+03
2.437499999999999645e+01 9.832736639999998474e+00 2.142955027999999857e+03 2.224894499999999880e+03
2.437999999999999901e+01 9.793112399999998274e+00 2.143285229999999956e+03 2.224894499999999880e+03
2.438500000000000156e+01 9.810147119999998111e+00 2.143143274000000019e+03 2.224894499999999880e+03
2.438999999999999702e+01 9.821627039999997422e+00 2.143047607999999855e+03 2.224894499999999880e+03
2.439499999999999957e+01 9.821627039999997422e+00 2.143047607999999855e+03 2.224894499999999880e+03
2.439999999999999503e+01 9.877915679999999199e+00 2.142578535999999986e+03 2.224894499999999880e+03
2.440499999999999758e+01 9.838291439999999000e+00 2.142908738000000085e+03 2.224894499999999880e+03
2.441000000000000014e+01 9.815701919999998637e+00 2.143096983999999793e+03 2.224894499999999880e+03
2.441499999999999559e+01 9.787557599999997748e+00 2.143331519999999728e+03 2.224894499999999880e+03
2.441999999999999815e+01 9.782002799999998999e+00 2.143377809999999954e+03 2.224894499999999880e+03
2.442500000000000071e+01 9.753858479999998110e+00 2.143612345999999889e+03 2.224894499999999880e+03
2.442999999999999616e+01 9.759413279999998636e+00 2.143566055999999662e+03 2.224894499999999880e+03
2.443499999999999872e+01 9.764968079999999162e+00 2.143519765999999890e+03 2.224894499999999880e+03
2.444000000000000128e+01 9.747933359999999325e+00 2.143661721999999827e+03 2.224894499999999880e+03
2.444499999999999673e+01 9.787557599999997748e+00 2.143331519999999728e+03 2.224894499999999880e+03
2.444999999999999929e+01 9.759413279999998636e+00 2.143566055999999662e+03 2.224894499999999880e+03
2.445500000000000185e+01 9.714234239999997911e+00 2.143942547999999988e+03 2.224894499999999880e+03
2.445999999999999730e+01 9.747933359999999325e+00 2.143661721999999827e+03 2.224894499999999880e+03
2.446499999999999986e+01 9.747933359999999325e+00 2.143661721999999827e+03 2.224894499999999880e+03
2.446999999999999531e+01 9.810147119999998111e+00 2.143143274000000019e+03 2.224894499999999880e+03
2.447499999999999787e+01 9.776447999999998473e+00 2.143424099999999726e+03 2.224894499999999880e+03
2.448000000000000043e+01 9.770522879999997912e+00 2.143473476000000119e+03 2.224894499999999880e+03
2.448499999999999588e+01 9.804592319999997585e+00 2.143189563999999791e+03 2.224894499999999880e+03
2.448999999999999844e+01 9.799037519999997059e+00 2.143235854000000018e+03 2.224894499999999880e+03
2.449500000000000099e+01 9.815701919999998637e+00 2.143096983999999793e+03 2.224894499999999880e+03
2.449999999999999645e+01 9.747933359999999325e+00 2.143661721999999827e+03 2.224894499999999880e+03
2.450499999999999901e+01 9.753858479999998110e+00 2.143612345999999889e+03 2.224894499999999880e+03
2.451000000000000156e+01 9.736823759999998273e+00 2.143754301999999825e+03 2.224894499999999880e+03
2.451499999999999702e+01 9.799037519999997059e+00 2.143235854000000018e+03 2.224894499999999880e+03
2.451999999999999957e+01 9.844216559999997784e+00 2.142859361999999692e+03 2.224894499999999880e+03
2.452499999999999503e+01 9.787557599999997748e+00 2.143331519999999728e+03 2.224894499999999880e+03
2.452999999999999758e+01 9.770522879999997912e+00 2.143473476000000119e+03 2.224894499999999880e+03
2.453500000000000014e+01 9.782002799999998999e+00 2.143377809999999954e+03 2.224894499999999880e+03
2.453999999999999559e+01 9.759413279999998636e+00 2.143566055999999662e+03 2.224894499999999880e+03
2.454499999999999815e+01 9.782002799999998999e+00 2.143377809999999954e+03 2.224894499999999880e+03
2.455000000000000071e+01 9.764968079999999162e+00 2.143519765999999890e+03 2.224894499999999880e+03
2.455499999999999616e+01 9.736823759999998273e+00 2.143754301999999825e+03 2.224894499999999880e+03
2.455999999999999872e+01 9.753858479999998110e+00 2.143612345999999889e+03 2.224894499999999880e+03
2.456500000000000128e+01 9.844216559999997784e+00 2.142859361999999692e+03 2.224894499999999880e+03
2.456999999999999673e+01 9.821627039999997422e+00 2.143047607999999855e+03 2.224894499999999880e+03
2.457499999999999929e+01 9.759413279999998636e+00 2.143566055999999662e+03 2.224894499999999880e+03
2.458000000000000185e+01 9.747933359999999325e+00 2.143661721999999827e+03 2.224894499999999880e+03
2.458499999999999730e+01 9.776447999999998473e+00 2.143424099999999726e+03 2.224894499999999880e+03
2.458999999999999986e+01 9.764968079999999162e+00 2.143519765999999890e+03 2.224894499999999880e+03
2.459499999999999531e+01 9.782002799999998999e+00 2.143377809999999954e+03 2.224894499999999880e+03
2.459999999999999787e+01 9.787557599999997748e+00 2.143331519999999728e+03 2.224894499999999880e+03
2.460500000000000043e+01 9.770522879999997912e+00 2.143473476000000119e+03 2.224894499999999880e+03
2.460999999999999588e+01 9.776447999999998473e+00 2.143424099999999726e+03 2.224894499999999880e+03
2.461499999999999844e+01 9.827181839999997948e+00 2.143001318000000083e+03 2.224894499999999880e+03
2.462000000000000099e+01 9.782002799999998999e+00 2.143377809999999954e+03 2.224894499999999880e+03
2.462499999999999645e+01 9.702754319999998600e+00 2.144038213999999698e+03 2.224894499999999880e+03
2.462999999999999901e+01 9.719789039999998437e+00 2.143896257999999762e+03 2.224894499999999880e+03
2.463500000000000156e+01 9.782002799999998999e+00 2.143377809999999954e+03 2.224894499999999880e+03
2.463999999999999702e+01 9.787557599999997748e+00 2.143331519999999728e+03 2.224894499999999880e+03
2.464499999999999957e+01 9.736823759999998273e+00 2.143754301999999825e+03 2.224894499999999880e+03
2.464999999999999503e+01 9.770522879999997912e+00 2.143473476000000119e+03 2.224894499999999880e+03
2.465499999999999758e+01 9.782002799999998999e+00 2.143377809999999954e+03 2.224894499999999880e+03
2.466000000000000014e+01 9.742378559999998799e+00 2.143708012000000053e+03 2.224894499999999880e+03
2.466499999999999559e+01 9.753858479999998110e+00 2.143612345999999889e+03 2.224894499999999880e+03
2.466999999999999815e+01 9.776447999999998473e+00 2.143424099999999726e+03 2.224894499999999880e+03
2.467500000000000071e+01 9.764968079999999162e+00 2.143519765999999890e+03 2.224894499999999880e+03
2.467999999999999616e+01 9.759413279999998636e+00 2.143566055999999662e+03 2.224894499999999880e+03
2.468499999999999872e+01 9.793112399999998274e+00 2.143285229999999956e+03 2.224894499999999880e+03
2.469000000000000128e+01 9.736823759999998273e+00 2.143754301999999825e+03 2.224894499999999880e+03
2.469499999999999673e+01 9.730898639999999489e+00 2.143803677999999763e+03 2.224894499999999880e+03
2.469999999999999929e+01 9.799037519999997059e+00 2.143235854000000018e+03 2.224894499999999880e+03
2.470500000000000185e+01 9.793112399999998274e+00 2.143285229999999956e+03 2.224894499999999880e+03
2.470999999999999730e+01 9.782002799999998999e+00 2.143377809999999954e+03 2.224894499999999880e+03
2.471499999999999986e+01 9.742378559999998799e+00 2.143708012000000053e+03 2.224894499999999880e+03
2.471999999999999531e+01 9.759413279999998636e+00 2.143566055999999662e+03 2.224894499999999880e+03
2.472499999999999787e+01 9.827181839999997948e+00 2.143001318000000083e+03 2.224894499999999880e+03
2.473000000000000043e+01 9.776447999999998473e+00 2.143424099999999726e+03 2.224894499999999880e+03
2.473499999999999588e+01 9.821627039999997422e+00 2.143047607999999855e+03 2.224894499999999880e+03
2.473999999999999844e+01 9.770522879999997912e+00 2.143473476000000119e+03 2.224894499999999880e+03
2.474500000000000099e+01 9.747933359999999325e+00 2.143661721999999827e+03 2.224894499999999880e+03
2.474999999999999645e+01 9.838291439999999000e+00 2.142908738000000085e+03 2.224894499999999880e+03
2.475499999999999901e+01 9.804592319999997585e+00 2.143189563999999791e+03 2.224894499999999880e+03
2.476000000000000156e+01 9.776447999999998473e+00 2.143424099999999726e+03 2.224894499999999880e+03
2.476499999999999702e+01 9.770522879999997912e+00 2.143473476000000119e+03 2.224894499999999880e+03
2.476999999999999957e+01 9.776447999999998473e+00 2.143424099999999726e+03 2.224894499999999880e+03
2.477499999999999503e+01 9.872360879999998673e+00 2.142624825999999757e+03 2.224894499999999880e+03
2.477999999999999758e+01 9.764968079999999162e+00 2.143519765999999890e+03 2.224894499999999880e+03
2.478500000000000014e+01 9.759413279999998636e+00 2.143566055999999662e+03 2.224894499999999880e+03
2.478999999999999559e+01 9.747933359999999325e+00 2.143661721999999827e+03 2.224894499999999880e+03
2.479499999999999815e+01 9.759413279999998636e+00 2.143566055999999662e+03 2.224894499999999880e+03
2.480000000000000071e+01 9.787557599999997748e+00 2.143331519999999728e+03 2.224894499999999880e+03
2.480499999999999616e+01 9.810147119999998111e+00 2.143143274000000019e+03 2.224894499999999880e+03
2.480999999999999872e+01 9.776447999999998473e+00 2.143424099999999726e+03 2.224894499999999880e+03
2.481500000000000128e+01 9.782002799999998999e+00 2.143377809999999954e+03 2.224894499999999880e+03
2.481999999999999673e+01 9.782002799999998999e+00 2.143377809999999954e+03 2.224894499999999880e+03
2.482499999999999929e+01 9.787557599999997748e+00 2.143331519999999728e+03 2.224894499999999880e+03
2.483000000000000185e+01 9.799037519999997059e+00 2.143235854000000018e+03 2.224894499999999880e+03
2.483499999999999730e+01 9.793112399999998274e+00 2.143285229999999956e+03 2.224894499999999880e+03
2.483999999999999986e+01 9.753858479999998110e+00 2.143612345999999889e+03 2.224894499999999880e+03
2.484499999999999531e+01 9.759413279999998636e+00 2.143566055999999662e+03 2.224894499999999880e+03
2.484999999999999787e+01 9.714234239999997911e+00 2.143942547999999988e+03 2.224894499999999880e+03
2.485500000000000043e+01 9.787557599999997748e+00 2.143331519999999728e+03 2.224894499999999880e+03
2.485999999999999588e+01 9.776447999999998473e+00 2.143424099999999726e+03 2.224894499999999880e+03
2.486499999999999844e+01 9.815701919999998637e+00 2.143096983999999793e+03 2.224894499999999880e+03
2.487000000000000099e+01 9.804592319999997585e+00 2.143189563999999791e+03 2.224894499999999880e+03
2.487499999999999645e+01 9.787557599999997748e+00 2.143331519999999728e+03 2.224894499999999880e+03
2.487999999999999901e+01 9.725343839999998963e+00 2.143849967999999990e+03 2.224894499999999880e+03
2.488500000000000156e+01 9.770522879999997912e+00 2.143473476000000119e+03 2.224894499999999880e+03
2.488999999999999702e+01 9.799037519999997059e+00 2.143235854000000018e+03 2.224894499999999880e+03
2.489499999999999957e+01 9.719789039999998437e+00 2.143896257999999762e+03 2.224894499999999880e+03
2.489999999999999503e+01 9.719789039999998437e+00 2.143896257999999762e+03 2.224894499999999880e+03
2.490499999999999758e+01 9.747933359999999325e+00 2.143661721999999827e+03 2.224894499999999880e+03
2.491000000000000014e+01 9.782002799999998999e+00 2.143377809999999954e+03 2.224894499999999880e+03
2.491499999999999559e+01 9.793112399999998274e+00 2.143285229999999956e+03 2.224894499999999880e+03
2.491999999999999815e+01 9.821627039999997422e+00 2.143047607999999855e+03 2.224894499999999880e+03
2.492500000000000071e+01 9.810147119999998111e+00 2.143143274000000019e+03 2.224894499999999880e+03
2.492999999999999616e+01 9.776447999999998473e+00 2.143424099999999726e+03 2.224894499999999880e+03
2.493499999999999872e+01 9.764968079999999162e+00 2.143519765999999890e+03 2.224894499999999880e+03
2.494000000000000128e+01 9.838291439999999000e+00 2.142908738000000085e+03 2.224894499999999880e+03
2.494499999999999673e+01 9.793112399999998274e+00 2.143285229999999956e+03 2.224894499999999880e+03
2.494999999999999929e+01 9.827181839999997948e+00 2.143001318000000083e+03 2.224894499999999880e+03
2.495500000000000185e+01 9.827181839999997948e+00 2.143001318000000083e+03 2.224894499999999880e+03
2.495999999999999730e+01 9.787557599999997748e+00 2.143331519999999728e+03 2.224894499999999880e+03
2.496499999999999986e+01 9.782002799999998999e+00 2.143377809999999954e+03 2.224894499999999880e+03
2.496999999999999531e+01 9.736823759999998273e+00 2.143754301999999825e+03 2.224894499999999880e+03
2.497499999999999787e+01 9.793112399999998274e+00 2.143285229999999956e+03 2.224894499999999880e+03
2.498000000000000043e+01 9.776447999999998473e+00 2.143424099999999726e+03 2.224894499999999880e+03
2.498499999999999588e+01 9.747933359999999325e+00 2.143661721999999827e+03 2.224894499999999880e+03
2.498999999999999844e+01 9.742378559999998799e+00 2.143708012000000053e+03 2.224894499999999880e+03
2.499500000000000099e+01 9.742378559999998799e+00 2.143708012000000053e+03 2.224894499999999880e+03
2.499999999999999645e+01 9.793112399999998274e+00 2.143285229999999956e+03 2.224894499999999880e+03
