0.000000000000000000e+00 2.102751023999999802e+01 2.226539748000000145e+03 2.401769000000000233e+03
4.999999999999893419e-03 2.101047551999999996e+01 2.226681704000000082e+03 2.401769000000000233e+03
9.999999999999786837e-03 2.075643599999999722e+01 2.228798700000000281e+03 2.401769000000000233e+03
1.499999999999968026e-02 2.057534952000000317e+01 2.230307754000000386e+03 2.401769000000000233e+03
2.000000000000001776e-02 2.046795671999999655e+01 2.231202694000000065e+03 2.401769000000000233e+03
2.499999999999991118e-02 2.024761631999999878e+01 2.233038864000000103e+03 2.401769000000000233e+03
2.999999999999980460e-02 2.012355911999999947e+01 2.234072674000000006e+03 2.401769000000000233e+03
3.499999999999969802e-02 2.004431063999999907e+01 2.234733078000000205e+03 2.401769000000000233e+03
4.000000000000003553e-02 2.001024119999999940e+01 2.235016990000000078e+03 2.401769000000000233e+03
4.499999999999992895e-02 1.987470408000000077e+01 2.236146466000000146e+03 2.401769000000000233e+03
4.999999999999982236e-02 1.976731127999999771e+01 2.237041406000000279e+03 2.401769000000000233e+03
5.499999999999971578e-02 1.967695319999999981e+01 2.237794390000000021e+03 2.401769000000000233e+03
6.000000000000005329e-02 1.960918463999999517e+01 2.238359128000000055e+03 2.401769000000000233e+03
6.499999999999994671e-02 1.951327175999999497e+01 2.239158402000000478e+03 2.401769000000000233e+03
6.999999999999984013e-02 1.941143375999999776e+01 2.240007052000000385e+03 2.401769000000000233e+03
7.499999999999973355e-02 1.936625471999999704e+01 2.240383544000000256e+03 2.401769000000000233e+03
7.999999999999962697e-02 1.927589663999999914e+01 2.241136527999999998e+03 2.401769000000000233e+03
8.499999999999952038e-02 1.924182719999999946e+01 2.241420440000000326e+03 2.401769000000000233e+03
8.999999999999941380e-02 1.923071759999999841e+01 2.241513020000000324e+03 2.401769000000000233e+03
9.500000000000019540e-02 1.913443439999999640e+01 2.242315380000000459e+03 2.401769000000000233e+03
1.000000000000000888e-01 1.903852151999999620e+01 2.243114654000000428e+03 2.401769000000000233e+03
1.049999999999999822e-01 1.894223832000000129e+01 2.243917014000000108e+03 2.401769000000000233e+03
1.099999999999998757e-01 1.882373591999999718e+01 2.244904534000000240e+03 2.401769000000000233e+03
1.149999999999997691e-01 1.877855687999999645e+01 2.245281026000000111e+03 2.401769000000000233e+03
1.199999999999996625e-01 1.874448743999999678e+01 2.245564938000000438e+03 2.401769000000000233e+03
1.249999999999995559e-01 1.872745271999999872e+01 2.245706894000000375e+03 2.401769000000000233e+03
1.299999999999994493e-01 1.869930839999999961e+01 2.245941430000000310e+03 2.401769000000000233e+03
1.350000000000002309e-01 1.866560927999999819e+01 2.246222256000000016e+03 2.401769000000000233e+03
1.400000000000001243e-01 1.863153983999999852e+01 2.246506168000000343e+03 2.401769000000000233e+03
1.450000000000000178e-01 1.854118176000000062e+01 2.247259152000000086e+03 2.401769000000000233e+03
1.499999999999999112e-01 1.851303743999999796e+01 2.247493688000000475e+03 2.401769000000000233e+03
1.549999999999998046e-01 1.844489855999999861e+01 2.248061512000000221e+03 2.401769000000000233e+03
1.599999999999996980e-01 1.837157519999999877e+01 2.248672540000000026e+03 2.401769000000000233e+03
1.649999999999995914e-01 1.830936143999999999e+01 2.249190988000000289e+03 2.401769000000000233e+03
1.699999999999994849e-01 1.838305511999999808e+01 2.248576874000000316e+03 2.401769000000000233e+03
1.750000000000002665e-01 1.825862759999999696e+01 2.249613770000000386e+03 2.401769000000000233e+03
1.800000000000001599e-01 1.821900335999999854e+01 2.249943972000000031e+03 2.401769000000000233e+03
1.850000000000000533e-01 1.821344855999999979e+01 2.249990262000000257e+03 2.401769000000000233e+03
1.899999999999999467e-01 1.816826951999999906e+01 2.250366754000000128e+03 2.401769000000000233e+03
1.949999999999998401e-01 1.806643152000000185e+01 2.251215404000000035e+03 2.401769000000000233e+03
1.999999999999997335e-01 1.807198632000000060e+01 2.251169114000000263e+03 2.401769000000000233e+03
2.049999999999996270e-01 1.806087671999999955e+01 2.251261694000000261e+03 2.401769000000000233e+03
2.099999999999995204e-01 1.802125248000000113e+01 2.251591896000000361e+03 2.401769000000000233e+03
2.149999999999994138e-01 1.796459352000000109e+01 2.252064054000000397e+03 2.401769000000000233e+03
2.200000000000001954e-01 1.791941448000000037e+01 2.252440546000000268e+03 2.401769000000000233e+03
2.250000000000000888e-01 1.793644920000000198e+01 2.252298590000000331e+03 2.401769000000000233e+03
2.299999999999999822e-01 1.786868064000000089e+01 2.252863328000000365e+03 2.401769000000000233e+03
2.349999999999998757e-01 1.784609112000000053e+01 2.253051574000000073e+03 2.401769000000000233e+03
2.399999999999997691e-01 1.786312584000000214e+01 2.252909618000000137e+03 2.401769000000000233e+03
2.449999999999996625e-01 1.774980791999999852e+01 2.253853934000000208e+03 2.401769000000000233e+03
2.499999999999995559e-01 1.771055400000000191e+01 2.254181050000000141e+03 2.401769000000000233e+03
2.549999999999994493e-01 1.764834024000000312e+01 2.254699498000000403e+03 2.401769000000000233e+03
2.600000000000002309e-01 1.765944984000000062e+01 2.254606918000000405e+03 2.401769000000000233e+03
2.650000000000001243e-01 1.762575072000000276e+01 2.254887744000000112e+03 2.401769000000000233e+03
2.700000000000000178e-01 1.761982559999999864e+01 2.254937120000000050e+03 2.401769000000000233e+03
2.749999999999999112e-01 1.758612647999999723e+01 2.255217946000000211e+03 2.401769000000000233e+03
2.799999999999998046e-01 1.755205703999999756e+01 2.255501858000000084e+03 2.401769000000000233e+03
2.849999999999996980e-01 1.756353696000000042e+01 2.255406192000000374e+03 2.401769000000000233e+03
2.899999999999995914e-01 1.751280312000000094e+01 2.255828974000000017e+03 2.401769000000000233e+03
2.949999999999994849e-01 1.751835791999999969e+01 2.255782684000000245e+03 2.401769000000000233e+03
3.000000000000002665e-01 1.739393040000000212e+01 2.256819580000000315e+03 2.401769000000000233e+03
3.050000000000001599e-01 1.738282080000000107e+01 2.256912160000000313e+03 2.401769000000000233e+03
3.100000000000000533e-01 1.739948520000000087e+01 2.256773290000000088e+03 2.401769000000000233e+03
3.149999999999999467e-01 1.734319655999999910e+01 2.257242362000000412e+03 2.401769000000000233e+03
3.199999999999998401e-01 1.732616183999999748e+01 2.257384318000000349e+03 2.401769000000000233e+03
3.249999999999997335e-01 1.733171663999999979e+01 2.257338028000000122e+03 2.401769000000000233e+03
3.299999999999996270e-01 1.725839327999999995e+01 2.257949056000000382e+03 2.401769000000000233e+03
3.349999999999995204e-01 1.728653759999999906e+01 2.257714520000000448e+03 2.401769000000000233e+03
3.399999999999994138e-01 1.732616183999999748e+01 2.257384318000000349e+03 2.401769000000000233e+03
3.450000000000001954e-01 1.723580375999999958e+01 2.258137302000000091e+03 2.401769000000000233e+03
3.500000000000000888e-01 1.719062471999999886e+01 2.258513794000000416e+03 2.401769000000000233e+03
3.549999999999999822e-01 1.710582143999999971e+01 2.259220488000000387e+03 2.401769000000000233e+03
3.599999999999998757e-01 1.718469960000000185e+01 2.258563170000000355e+03 2.401769000000000233e+03
3.649999999999997691e-01 1.711693103999999721e+01 2.259127908000000389e+03 2.401769000000000233e+03
3.699999999999996625e-01 1.704360768000000093e+01 2.259738936000000194e+03 2.401769000000000233e+03
3.749999999999995559e-01 1.710026663999999741e+01 2.259266778000000158e+03 2.401769000000000233e+03
3.799999999999994493e-01 1.706064239999999899e+01 2.259596980000000258e+03 2.401769000000000233e+03
3.850000000000002309e-01 1.704916247999999968e+01 2.259692646000000423e+03 2.401769000000000233e+03
3.900000000000001243e-01 1.703212775999999806e+01 2.259834602000000359e+03 2.401769000000000233e+03
3.950000000000000178e-01 1.697583911999999984e+01 2.260303674000000228e+03 2.401769000000000233e+03
3.999999999999999112e-01 1.698694871999999734e+01 2.260211094000000230e+03 2.401769000000000233e+03
4.049999999999998046e-01 1.699287384000000145e+01 2.260161718000000292e+03 2.401769000000000233e+03
4.099999999999996980e-01 1.693066007999999556e+01 2.260680166000000099e+03 2.401769000000000233e+03
4.149999999999995914e-01 1.696435919999999697e+01 2.260399340000000393e+03 2.401769000000000233e+03
4.199999999999994849e-01 1.688548103999999483e+01 2.261056658000000425e+03 2.401769000000000233e+03
4.250000000000002665e-01 1.694176967999999661e+01 2.260587586000000101e+03 2.401769000000000233e+03
4.300000000000001599e-01 1.686289151999999802e+01 2.261244904000000133e+03 2.401769000000000233e+03
4.350000000000000533e-01 1.687955591999999783e+01 2.261106034000000363e+03 2.401769000000000233e+03
4.399999999999999467e-01 1.687400111999999908e+01 2.261152324000000135e+03 2.401769000000000233e+03
4.449999999999998401e-01 1.678919783999999993e+01 2.261859018000000106e+03 2.401769000000000233e+03
4.499999999999997335e-01 1.678364303999999763e+01 2.261905308000000332e+03 2.401769000000000233e+03
4.549999999999996270e-01 1.680067775999999569e+01 2.261763352000000395e+03 2.401769000000000233e+03
4.599999999999995204e-01 1.674957359999999795e+01 2.262189220000000205e+03 2.401769000000000233e+03
4.649999999999994138e-01 1.676105351999999726e+01 2.262093554000000040e+03 2.401769000000000233e+03
4.700000000000001954e-01 1.676105351999999726e+01 2.262093554000000040e+03 2.401769000000000233e+03
4.750000000000000888e-01 1.671031967999999779e+01 2.262516336000000138e+03 2.401769000000000233e+03
4.799999999999999822e-01 1.668773015999999743e+01 2.262704582000000300e+03 2.401769000000000233e+03
4.849999999999998757e-01 1.661403647999999933e+01 2.263318696000000273e+03 2.401769000000000233e+03
4.899999999999997691e-01 1.665366071999999775e+01 2.262988494000000173e+03 2.401769000000000233e+03
4.949999999999996625e-01 1.659144695999999897e+01 2.263506942000000436e+03 2.401769000000000233e+03
4.999999999999995559e-01 1.659700175999999772e+01 2.263460652000000209e+03 2.401769000000000233e+03
5.049999999999994493e-01 1.658589215999999666e+01 2.263553232000000207e+03 2.401769000000000233e+03
5.100000000000002309e-01 1.653515831999999719e+01 2.263976014000000305e+03 2.401769000000000233e+03
5.150000000000001243e-01 1.647294455999999840e+01 2.264494462000000112e+03 2.401769000000000233e+03
5.200000000000000178e-01 1.652923320000000018e+01 2.264025390000000243e+03 2.401769000000000233e+03
5.249999999999999112e-01 1.646701943999999784e+01 2.264543838000000051e+03 2.401769000000000233e+03
5.299999999999998046e-01 1.650664367999999627e+01 2.264213636000000406e+03 2.401769000000000233e+03
5.349999999999996980e-01 1.647294455999999840e+01 2.264494462000000112e+03 2.401769000000000233e+03
5.399999999999995914e-01 1.647849936000000071e+01 2.264448172000000341e+03 2.401769000000000233e+03
5.449999999999994849e-01 1.641628559999999837e+01 2.264966620000000148e+03 2.401769000000000233e+03
5.500000000000002665e-01 1.645590983999999679e+01 2.264636418000000049e+03 2.401769000000000233e+03
5.550000000000001599e-01 1.649553407999999521e+01 2.264306216000000404e+03 2.401769000000000233e+03
5.600000000000000533e-01 1.643887511999999873e+01 2.264778374000000440e+03 2.401769000000000233e+03
5.649999999999999467e-01 1.631444760000000116e+01 2.265815270000000055e+03 2.401769000000000233e+03
5.699999999999998401e-01 1.637666135999999639e+01 2.265296822000000247e+03 2.401769000000000233e+03
5.749999999999997335e-01 1.634851704000000083e+01 2.265531358000000182e+03 2.401769000000000233e+03
5.799999999999996270e-01 1.633703711999999797e+01 2.265627024000000347e+03 2.401769000000000233e+03
5.849999999999995204e-01 1.639925088000000031e+01 2.265108576000000085e+03 2.401769000000000233e+03
5.899999999999994138e-01 1.634296223999999853e+01 2.265577648000000409e+03 2.401769000000000233e+03
5.950000000000001954e-01 1.632037271999999817e+01 2.265765894000000117e+03 2.401769000000000233e+03
6.000000000000000888e-01 1.628630327999999849e+01 2.266049806000000444e+03 2.401769000000000233e+03
6.049999999999999822e-01 1.626371375999999813e+01 2.266238052000000152e+03 2.401769000000000233e+03
6.099999999999998757e-01 1.621853472000000096e+01 2.266614544000000024e+03 2.401769000000000233e+03
6.149999999999997691e-01 1.624112423999999777e+01 2.266426298000000315e+03 2.401769000000000233e+03
6.199999999999996625e-01 1.622964431999999846e+01 2.266521964000000480e+03 2.401769000000000233e+03
6.249999999999995559e-01 1.619594519999999704e+01 2.266802790000000186e+03 2.401769000000000233e+03
6.299999999999994493e-01 1.613373143999999826e+01 2.267321238000000449e+03 2.401769000000000233e+03
6.350000000000002309e-01 1.612262184000000076e+01 2.267413817999999992e+03 2.401769000000000233e+03
6.400000000000001243e-01 1.613373143999999826e+01 2.267321238000000449e+03 2.401769000000000233e+03
6.450000000000000178e-01 1.609410719999999984e+01 2.267651440000000093e+03 2.401769000000000233e+03
6.499999999999999112e-01 1.611114191999999790e+01 2.267509484000000157e+03 2.401769000000000233e+03
6.549999999999998046e-01 1.610003231999999684e+01 2.267602064000000155e+03 2.401769000000000233e+03
6.599999999999996980e-01 1.612262184000000076e+01 2.267413817999999992e+03 2.401769000000000233e+03
6.649999999999995914e-01 1.605448296000000141e+01 2.267981642000000193e+03 2.401769000000000233e+03
6.699999999999994849e-01 1.606040807999999842e+01 2.267932266000000254e+03 2.401769000000000233e+03
6.750000000000002665e-01 1.608299759999999878e+01 2.267744020000000091e+03 2.401769000000000233e+03
6.800000000000001599e-01 1.599263952000000089e+01 2.268497004000000288e+03 2.401769000000000233e+03
6.850000000000000533e-01 1.600374911999999838e+01 2.268404424000000290e+03 2.401769000000000233e+03
6.899999999999999467e-01 1.605448296000000141e+01 2.267981642000000193e+03 2.401769000000000233e+03
6.949999999999998401e-01 1.600930392000000069e+01 2.268358134000000064e+03 2.401769000000000233e+03
6.999999999999997335e-01 1.602078383999999645e+01 2.268262468000000354e+03 2.401769000000000233e+03
7.049999999999996270e-01 1.597560480000000105e+01 2.268638960000000225e+03 2.401769000000000233e+03
7.099999999999995204e-01 1.602078383999999645e+01 2.268262468000000354e+03 2.401769000000000233e+03
7.149999999999994138e-01 1.595857008000000121e+01 2.268780916000000161e+03 2.401769000000000233e+03
7.200000000000001954e-01 1.589635632000000065e+01 2.269299364000000423e+03 2.401769000000000233e+03
7.250000000000000888e-01 1.595857008000000121e+01 2.268780916000000161e+03 2.401769000000000233e+03
7.299999999999999822e-01 1.595857008000000121e+01 2.268780916000000161e+03 2.401769000000000233e+03
7.349999999999998757e-01 1.590783623999999818e+01 2.269203698000000259e+03 2.401769000000000233e+03
7.399999999999997691e-01 1.590191111999999940e+01 2.269253074000000197e+03 2.401769000000000233e+03
7.449999999999996625e-01 1.586265720000000101e+01 2.269580190000000130e+03 2.401769000000000233e+03
7.499999999999995559e-01 1.587376680000000206e+01 2.269487610000000132e+03 2.401769000000000233e+03
7.549999999999994493e-01 1.585117727999999993e+01 2.269675856000000294e+03 2.401769000000000233e+03
7.600000000000002309e-01 1.584006767999999887e+01 2.269768436000000293e+03 2.401769000000000233e+03
7.650000000000001243e-01 1.581747816000000029e+01 2.269956682000000001e+03 2.401769000000000233e+03
7.700000000000000178e-01 1.580599823999999920e+01 2.270052348000000165e+03 2.401769000000000233e+03
7.749999999999999112e-01 1.581747816000000029e+01 2.269956682000000001e+03 2.401769000000000233e+03
7.799999999999998046e-01 1.582858776000000134e+01 2.269864102000000457e+03 2.401769000000000233e+03
7.849999999999996980e-01 1.575526439999999972e+01 2.270475130000000263e+03 2.401769000000000233e+03
7.899999999999995914e-01 1.576081920000000203e+01 2.270428840000000037e+03 2.401769000000000233e+03
7.949999999999994849e-01 1.575526439999999972e+01 2.270475130000000263e+03 2.401769000000000233e+03
8.000000000000002665e-01 1.573267488000000114e+01 2.270663376000000426e+03 2.401769000000000233e+03
8.050000000000001599e-01 1.568157072000000163e+01 2.271089244000000235e+03 2.401769000000000233e+03
8.100000000000000533e-01 1.574933928000000094e+01 2.270524506000000201e+03 2.401769000000000233e+03
8.149999999999999467e-01 1.570416024000000021e+01 2.270900998000000072e+03 2.401769000000000233e+03
8.199999999999998401e-01 1.572119496000000005e+01 2.270759042000000136e+03 2.401769000000000233e+03
8.249999999999997335e-01 1.571008535999999900e+01 2.270851622000000134e+03 2.401769000000000233e+03
8.299999999999996270e-01 1.565342640000000074e+01 2.271323780000000170e+03 2.401769000000000233e+03
8.349999999999995204e-01 1.563639168000000090e+01 2.271465736000000106e+03 2.401769000000000233e+03
8.399999999999994138e-01 1.567601591999999933e+01 2.271135534000000007e+03 2.401769000000000233e+03
8.450000000000001954e-01 1.565898119999999949e+01 2.271277490000000398e+03 2.401769000000000233e+03
8.500000000000000888e-01 1.564194647999999965e+01 2.271419446000000335e+03 2.401769000000000233e+03
8.549999999999999822e-01 1.561935696000000107e+01 2.271607692000000043e+03 2.401769000000000233e+03
8.599999999999998757e-01 1.563083688000000215e+01 2.271512026000000333e+03 2.401769000000000233e+03
8.649999999999997691e-01 1.558565784000000143e+01 2.271888518000000204e+03 2.401769000000000233e+03
8.699999999999996625e-01 1.559676744000000248e+01 2.271795938000000206e+03 2.401769000000000233e+03
8.749999999999995559e-01 1.555751352000000054e+01 2.272123054000000138e+03 2.401769000000000233e+03
8.799999999999994493e-01 1.555158840000000176e+01 2.272172430000000077e+03 2.401769000000000233e+03
8.850000000000002309e-01 1.556306831999999929e+01 2.272076764000000367e+03 2.401769000000000233e+03
8.900000000000001243e-01 1.555751352000000054e+01 2.272123054000000138e+03 2.401769000000000233e+03
8.950000000000000178e-01 1.552344408000000087e+01 2.272406966000000011e+03 2.401769000000000233e+03
8.999999999999999112e-01 1.555158840000000176e+01 2.272172430000000077e+03 2.401769000000000233e+03
9.049999999999998046e-01 1.547271024000000139e+01 2.272829748000000109e+03 2.401769000000000233e+03
9.099999999999996980e-01 1.545567552000000155e+01 2.272971704000000045e+03 2.401769000000000233e+03
9.149999999999995914e-01 1.547271024000000139e+01 2.272829748000000109e+03 2.401769000000000233e+03
9.199999999999994849e-01 1.544419560000000047e+01 2.273067370000000210e+03 2.401769000000000233e+03
9.250000000000002665e-01 1.544419560000000047e+01 2.273067370000000210e+03 2.401769000000000233e+03
9.300000000000001599e-01 1.547826504000000014e+01 2.272783458000000337e+03 2.401769000000000233e+03
9.350000000000000533e-01 1.551788928000000212e+01 2.272453256000000238e+03 2.401769000000000233e+03
9.399999999999999467e-01 1.546678512000000261e+01 2.272879124000000047e+03 2.401769000000000233e+03
9.449999999999998401e-01 1.548937464000000119e+01 2.272690878000000339e+03 2.401769000000000233e+03
9.499999999999997335e-01 1.540494168000000030e+01 2.273394486000000143e+03 2.401769000000000233e+03
9.549999999999996270e-01 1.541605128000000136e+01 2.273301906000000145e+03 2.401769000000000233e+03
9.599999999999995204e-01 1.545012071999999925e+01 2.273017994000000272e+03 2.401769000000000233e+03
9.649999999999994138e-01 1.537087224000000063e+01 2.273678398000000016e+03 2.401769000000000233e+03
9.700000000000001954e-01 1.540494168000000030e+01 2.273394486000000143e+03 2.401769000000000233e+03
9.750000000000000888e-01 1.545012071999999925e+01 2.273017994000000272e+03 2.401769000000000233e+03
9.799999999999999822e-01 1.534828272000000027e+01 2.273866644000000178e+03 2.401769000000000233e+03
9.849999999999998757e-01 1.533680280000000096e+01 2.273962310000000343e+03 2.401769000000000233e+03
9.899999999999997691e-01 1.533680280000000096e+01 2.273962310000000343e+03 2.401769000000000233e+03
9.949999999999996625e-01 1.537642704000000116e+01 2.273632108000000244e+03 2.401769000000000233e+03
9.999999999999995559e-01 1.534272792000000152e+01 2.273912934000000405e+03 2.401769000000000233e+03
1.004999999999999449e+00 1.539901656000000152e+01 2.273443862000000081e+03 2.401769000000000233e+03
1.010000000000000231e+00 1.537642704000000116e+01 2.273632108000000244e+03 2.401769000000000233e+03
1.015000000000000124e+00 1.534828272000000027e+01 2.273866644000000178e+03 2.401769000000000233e+03
1.020000000000000018e+00 1.536531744000000010e+01 2.273724688000000242e+03 2.401769000000000233e+03
1.024999999999999911e+00 1.532569320000000168e+01 2.274054890000000341e+03 2.401769000000000233e+03
1.029999999999999805e+00 1.525792464000000059e+01 2.274619628000000375e+03 2.401769000000000233e+03
1.034999999999999698e+00 1.533124800000000221e+01 2.274008600000000115e+03 2.401769000000000233e+03
1.039999999999999591e+00 1.530310368000000132e+01 2.274243136000000050e+03 2.401769000000000233e+03
1.044999999999999485e+00 1.526347944000000112e+01 2.274573338000000149e+03 2.401769000000000233e+03
1.050000000000000266e+00 1.529754888000000079e+01 2.274289426000000276e+03 2.401769000000000233e+03
1.055000000000000160e+00 1.529754888000000079e+01 2.274289426000000276e+03 2.401769000000000233e+03
1.060000000000000053e+00 1.532569320000000168e+01 2.274054890000000341e+03 2.401769000000000233e+03
1.064999999999999947e+00 1.527495936000000043e+01 2.274477672000000439e+03 2.401769000000000233e+03
1.069999999999999840e+00 1.526347944000000112e+01 2.274573338000000149e+03 2.401769000000000233e+03
1.074999999999999734e+00 1.529162376000000201e+01 2.274338802000000214e+03 2.401769000000000233e+03
1.079999999999999627e+00 1.521274560000000164e+01 2.274996120000000246e+03 2.401769000000000233e+03
1.084999999999999520e+00 1.521274560000000164e+01 2.274996120000000246e+03 2.401769000000000233e+03
1.089999999999999414e+00 1.520682048000000286e+01 2.275045496000000185e+03 2.401769000000000233e+03
1.095000000000000195e+00 1.518423096000000250e+01 2.275233742000000348e+03 2.401769000000000233e+03
1.100000000000000089e+00 1.517312136000000145e+01 2.275326322000000346e+03 2.401769000000000233e+03
1.104999999999999982e+00 1.517867616000000197e+01 2.275280032000000119e+03 2.401769000000000233e+03
1.109999999999999876e+00 1.511646239999999786e+01 2.275798480000000382e+03 2.401769000000000233e+03
1.114999999999999769e+00 1.516756656000000092e+01 2.275372612000000117e+03 2.401769000000000233e+03
1.119999999999999662e+00 1.513349712000000125e+01 2.275656523999999990e+03 2.401769000000000233e+03
1.124999999999999556e+00 1.518423096000000250e+01 2.275233742000000348e+03 2.401769000000000233e+03
1.129999999999999449e+00 1.520682048000000286e+01 2.275045496000000185e+03 2.401769000000000233e+03
1.135000000000000231e+00 1.511090760000000088e+01 2.275844770000000153e+03 2.401769000000000233e+03
1.140000000000000124e+00 1.507683815999999943e+01 2.276128682000000026e+03 2.401769000000000233e+03
1.145000000000000018e+00 1.510535280000000213e+01 2.275891060000000380e+03 2.401769000000000233e+03
1.149999999999999911e+00 1.508831808000000230e+01 2.276033016000000316e+03 2.401769000000000233e+03
1.154999999999999805e+00 1.504869383999999854e+01 2.276363218000000415e+03 2.401769000000000233e+03
1.159999999999999698e+00 1.509387287999999927e+01 2.275986726000000090e+03 2.401769000000000233e+03
1.164999999999999591e+00 1.502054952000000121e+01 2.276597754000000350e+03 2.401769000000000233e+03
1.169999999999999485e+00 1.507683815999999943e+01 2.276128682000000026e+03 2.401769000000000233e+03
1.175000000000000266e+00 1.512794232000000072e+01 2.275702814000000217e+03 2.401769000000000233e+03
1.180000000000000160e+00 1.503165911999999871e+01 2.276505174000000352e+03 2.401769000000000233e+03
1.185000000000000053e+00 1.508276328000000177e+01 2.276079306000000088e+03 2.401769000000000233e+03
1.189999999999999947e+00 1.494685583999999956e+01 2.277211868000000322e+03 2.401769000000000233e+03
1.194999999999999840e+00 1.502610431999999818e+01 2.276551464000000124e+03 2.401769000000000233e+03
1.199999999999999734e+00 1.508276328000000177e+01 2.276079306000000088e+03 2.401769000000000233e+03
1.204999999999999627e+00 1.510535280000000213e+01 2.275891060000000380e+03 2.401769000000000233e+03
1.209999999999999520e+00 1.501499472000000068e+01 2.276644044000000122e+03 2.401769000000000233e+03
1.214999999999999414e+00 1.500906959999999835e+01 2.276693420000000060e+03 2.401769000000000233e+03
1.220000000000000195e+00 1.498092527999999923e+01 2.276927956000000449e+03 2.401769000000000233e+03
1.225000000000000089e+00 1.495278096000000190e+01 2.277162492000000384e+03 2.401769000000000233e+03
1.229999999999999982e+00 1.494685583999999956e+01 2.277211868000000322e+03 2.401769000000000233e+03
1.234999999999999876e+00 1.491871151999999867e+01 2.277446404000000257e+03 2.401769000000000233e+03
1.239999999999999769e+00 1.490760192000000117e+01 2.277538984000000255e+03 2.401769000000000233e+03
1.244999999999999662e+00 1.488501239999999903e+01 2.277727230000000418e+03 2.401769000000000233e+03
1.249999999999999556e+00 1.494685583999999956e+01 2.277211868000000322e+03 2.401769000000000233e+03
1.254999999999999449e+00 1.487908727999999847e+01 2.277776606000000356e+03 2.401769000000000233e+03
1.260000000000000231e+00 1.492426631999999920e+01 2.277400114000000031e+03 2.401769000000000233e+03
1.265000000000000124e+00 1.487353247999999795e+01 2.277822896000000128e+03 2.401769000000000233e+03
1.270000000000000018e+00 1.495278096000000190e+01 2.277162492000000384e+03 2.401769000000000233e+03
1.274999999999999911e+00 1.490760192000000117e+01 2.277538984000000255e+03 2.401769000000000233e+03
1.279999999999999805e+00 1.493574623999999851e+01 2.277304448000000320e+03 2.401769000000000233e+03
1.284999999999999698e+00 1.495833575999999887e+01 2.277116202000000158e+03 2.401769000000000233e+03
1.289999999999999591e+00 1.498092527999999923e+01 2.276927956000000449e+03 2.401769000000000233e+03
1.294999999999999485e+00 1.491315671999999815e+01 2.277492694000000029e+03 2.401769000000000233e+03
1.300000000000000266e+00 1.486242287999999867e+01 2.277915476000000126e+03 2.401769000000000233e+03
1.305000000000000160e+00 1.481687351999999969e+01 2.278295054000000164e+03 2.401769000000000233e+03
1.310000000000000053e+00 1.484538815999999883e+01 2.278057432000000063e+03 2.401769000000000233e+03
1.314999999999999947e+00 1.486242287999999867e+01 2.277915476000000126e+03 2.401769000000000233e+03
1.319999999999999840e+00 1.486242287999999867e+01 2.277915476000000126e+03 2.401769000000000233e+03
1.324999999999999734e+00 1.485094295999999936e+01 2.278011142000000291e+03 2.401769000000000233e+03
1.329999999999999627e+00 1.482835343999999900e+01 2.278199388000000454e+03 2.401769000000000233e+03
1.334999999999999520e+00 1.480576391999999863e+01 2.278387634000000162e+03 2.401769000000000233e+03
1.339999999999999414e+00 1.477761959999999775e+01 2.278622170000000096e+03 2.401769000000000233e+03
1.345000000000000195e+00 1.482835343999999900e+01 2.278199388000000454e+03 2.401769000000000233e+03
1.350000000000000089e+00 1.478317439999999827e+01 2.278575880000000325e+03 2.401769000000000233e+03
1.354999999999999982e+00 1.483983335999999831e+01 2.278103722000000289e+03 2.401769000000000233e+03
1.359999999999999876e+00 1.482279863999999847e+01 2.278245678000000225e+03 2.401769000000000233e+03
1.364999999999999769e+00 1.481687351999999969e+01 2.278295054000000164e+03 2.401769000000000233e+03
1.369999999999999662e+00 1.482835343999999900e+01 2.278199388000000454e+03 2.401769000000000233e+03
1.374999999999999556e+00 1.479428399999999932e+01 2.278483300000000327e+03 2.401769000000000233e+03
1.379999999999999449e+00 1.476058487999999791e+01 2.278764126000000033e+03 2.401769000000000233e+03
1.385000000000000231e+00 1.477169447999999896e+01 2.278671546000000035e+03 2.401769000000000233e+03
1.390000000000000124e+00 1.482279863999999847e+01 2.278245678000000225e+03 2.401769000000000233e+03
1.395000000000000018e+00 1.472096063999999949e+01 2.279094328000000132e+03 2.401769000000000233e+03
1.399999999999999911e+00 1.477169447999999896e+01 2.278671546000000035e+03 2.401769000000000233e+03
1.404999999999999805e+00 1.475503007999999916e+01 2.278810416000000259e+03 2.401769000000000233e+03
1.409999999999999698e+00 1.472096063999999949e+01 2.279094328000000132e+03 2.401769000000000233e+03
1.414999999999999591e+00 1.472096063999999949e+01 2.279094328000000132e+03 2.401769000000000233e+03
1.419999999999999485e+00 1.471540583999999896e+01 2.279140618000000359e+03 2.401769000000000233e+03
1.425000000000000266e+00 1.472096063999999949e+01 2.279094328000000132e+03 2.401769000000000233e+03
1.430000000000000160e+00 1.472651544000000001e+01 2.279048038000000361e+03 2.401769000000000233e+03
1.435000000000000053e+00 1.472651544000000001e+01 2.279048038000000361e+03 2.401769000000000233e+03
1.439999999999999947e+00 1.477169447999999896e+01 2.278671546000000035e+03 2.401769000000000233e+03
1.444999999999999840e+00 1.467022679999999824e+01 2.279517110000000230e+03 2.401769000000000233e+03
1.449999999999999734e+00 1.474910495999999860e+01 2.278859792000000198e+03 2.401769000000000233e+03
1.454999999999999627e+00 1.469837111999999912e+01 2.279282574000000295e+03 2.401769000000000233e+03
1.459999999999999520e+00 1.464171215999999909e+01 2.279754732000000331e+03 2.401769000000000233e+03
1.464999999999999414e+00 1.471540583999999896e+01 2.279140618000000359e+03 2.401769000000000233e+03
1.470000000000000195e+00 1.472651544000000001e+01 2.279048038000000361e+03 2.401769000000000233e+03
1.475000000000000089e+00 1.464171215999999909e+01 2.279754732000000331e+03 2.401769000000000233e+03
1.479999999999999982e+00 1.470985103999999843e+01 2.279186908000000130e+03 2.401769000000000233e+03
1.484999999999999876e+00 1.469837111999999912e+01 2.279282574000000295e+03 2.401769000000000233e+03
1.489999999999999769e+00 1.467578159999999876e+01 2.279470820000000458e+03 2.401769000000000233e+03
1.494999999999999662e+00 1.468726151999999807e+01 2.279375154000000293e+03 2.401769000000000233e+03
1.499999999999999556e+00 1.454024447999999836e+01 2.280600296000000071e+03 2.401769000000000233e+03
1.504999999999999449e+00 1.459097831999999961e+01 2.280177514000000428e+03 2.401769000000000233e+03
1.510000000000000231e+00 1.459097831999999961e+01 2.280177514000000428e+03 2.401769000000000233e+03
1.515000000000000124e+00 1.461912264000000050e+01 2.279942978000000039e+03 2.401769000000000233e+03
1.520000000000000018e+00 1.458542351999999909e+01 2.280223804000000200e+03 2.401769000000000233e+03
1.524999999999999911e+00 1.457986871999999856e+01 2.280270094000000427e+03 2.401769000000000233e+03
1.529999999999999805e+00 1.459653312000000014e+01 2.280131224000000202e+03 2.401769000000000233e+03
1.534999999999999698e+00 1.456838879999999925e+01 2.280365760000000137e+03 2.401769000000000233e+03
1.539999999999999591e+00 1.458542351999999909e+01 2.280223804000000200e+03 2.401769000000000233e+03
1.544999999999999485e+00 1.452320975999999852e+01 2.280742252000000008e+03 2.401769000000000233e+03
1.550000000000000266e+00 1.455135407999999941e+01 2.280507716000000073e+03 2.401769000000000233e+03
1.555000000000000160e+00 1.450617504000000046e+01 2.280884208000000399e+03 2.401769000000000233e+03
1.560000000000000053e+00 1.459653312000000014e+01 2.280131224000000202e+03 2.401769000000000233e+03
1.564999999999999947e+00 1.459653312000000014e+01 2.280131224000000202e+03 2.401769000000000233e+03
1.569999999999999840e+00 1.456283399999999872e+01 2.280412050000000363e+03 2.401769000000000233e+03
1.574999999999999734e+00 1.452320975999999852e+01 2.280742252000000008e+03 2.401769000000000233e+03
1.579999999999999627e+00 1.451765495999999978e+01 2.280788542000000234e+03 2.401769000000000233e+03
1.584999999999999520e+00 1.452876455999999905e+01 2.280695962000000236e+03 2.401769000000000233e+03
1.589999999999999414e+00 1.450617504000000046e+01 2.280884208000000399e+03 2.401769000000000233e+03
1.595000000000000195e+00 1.444988639999999869e+01 2.281353280000000268e+03 2.401769000000000233e+03
1.600000000000000089e+00 1.451765495999999978e+01 2.280788542000000234e+03 2.401769000000000233e+03
1.604999999999999982e+00 1.452320975999999852e+01 2.280742252000000008e+03 2.401769000000000233e+03
1.609999999999999876e+00 1.446655080000000027e+01 2.281214410000000044e+03 2.401769000000000233e+03
1.614999999999999769e+00 1.443840647999999938e+01 2.281448946000000433e+03 2.401769000000000233e+03
1.619999999999999662e+00 1.450617504000000046e+01 2.280884208000000399e+03 2.401769000000000233e+03
1.624999999999999556e+00 1.443285167999999885e+01 2.281495236000000205e+03 2.401769000000000233e+03
1.629999999999999449e+00 1.449506543999999941e+01 2.280976788000000397e+03 2.401769000000000233e+03
1.635000000000000231e+00 1.451172983999999921e+01 2.280837918000000172e+03 2.401769000000000233e+03
1.640000000000000124e+00 1.441581695999999901e+01 2.281637192000000141e+03 2.401769000000000233e+03
1.645000000000000018e+00 1.446099599999999974e+01 2.281260700000000270e+03 2.401769000000000233e+03
1.649999999999999911e+00 1.444396127999999990e+01 2.281402656000000206e+03 2.401769000000000233e+03
1.654999999999999805e+00 1.435915800000000075e+01 2.282109350000000177e+03 2.401769000000000233e+03
1.659999999999999698e+00 1.443285167999999885e+01 2.281495236000000205e+03 2.401769000000000233e+03
1.664999999999999591e+00 1.435360320000000023e+01 2.282155640000000403e+03 2.401769000000000233e+03
1.669999999999999485e+00 1.438767263999999990e+01 2.281871728000000076e+03 2.401769000000000233e+03
1.675000000000000266e+00 1.438767263999999990e+01 2.281871728000000076e+03 2.401769000000000233e+03
1.680000000000000160e+00 1.443285167999999885e+01 2.281495236000000205e+03 2.401769000000000233e+03
1.685000000000000053e+00 1.438174751999999934e+01 2.281921104000000014e+03 2.401769000000000233e+03
1.689999999999999947e+00 1.437063792000000007e+01 2.282013684000000012e+03 2.401769000000000233e+03
1.694999999999999840e+00 1.437063792000000007e+01 2.282013684000000012e+03 2.401769000000000233e+03
1.699999999999999734e+00 1.439322744000000043e+01 2.281825438000000304e+03 2.401769000000000233e+03
1.704999999999999627e+00 1.440470735999999974e+01 2.281729772000000139e+03 2.401769000000000233e+03
1.709999999999999520e+00 1.440470735999999974e+01 2.281729772000000139e+03 2.401769000000000233e+03
1.714999999999999414e+00 1.437619272000000059e+01 2.281967394000000240e+03 2.401769000000000233e+03
1.720000000000000195e+00 1.432545887999999934e+01 2.282390176000000338e+03 2.401769000000000233e+03
1.725000000000000089e+00 1.434804839999999970e+01 2.282201930000000175e+03 2.401769000000000233e+03
1.729999999999999982e+00 1.434249359999999918e+01 2.282248220000000401e+03 2.401769000000000233e+03
1.734999999999999876e+00 1.433656848000000039e+01 2.282297596000000340e+03 2.401769000000000233e+03
1.739999999999999769e+00 1.435915800000000075e+01 2.282109350000000177e+03 2.401769000000000233e+03
1.744999999999999662e+00 1.438174751999999934e+01 2.281921104000000014e+03 2.401769000000000233e+03
1.749999999999999556e+00 1.433101367999999987e+01 2.282343886000000111e+03 2.401769000000000233e+03
1.754999999999999449e+00 1.434804839999999970e+01 2.282201930000000175e+03 2.401769000000000233e+03
1.760000000000000231e+00 1.431990407999999881e+01 2.282436466000000109e+03 2.401769000000000233e+03
1.765000000000000124e+00 1.426324512000000055e+01 2.282908624000000145e+03 2.401769000000000233e+03
1.770000000000000018e+00 1.433101367999999987e+01 2.282343886000000111e+03 2.401769000000000233e+03
1.774999999999999911e+00 1.432545887999999934e+01 2.282390176000000338e+03 2.401769000000000233e+03
1.779999999999999805e+00 1.425176519999999947e+01 2.283004290000000310e+03 2.401769000000000233e+03
1.784999999999999698e+00 1.428583463999999914e+01 2.282720378000000437e+03 2.401769000000000233e+03
1.789999999999999591e+00 1.431990407999999881e+01 2.282436466000000109e+03 2.401769000000000233e+03
1.794999999999999485e+00 1.425769032000000003e+01 2.282954914000000372e+03 2.401769000000000233e+03
1.800000000000000266e+00 1.427472503999999986e+01 2.282812958000000435e+03 2.401769000000000233e+03
1.805000000000000160e+00 1.424621039999999894e+01 2.283050580000000082e+03 2.401769000000000233e+03
1.810000000000000053e+00 1.427472503999999986e+01 2.282812958000000435e+03 2.401769000000000233e+03
1.814999999999999947e+00 1.427472503999999986e+01 2.282812958000000435e+03 2.401769000000000233e+03
1.819999999999999840e+00 1.430842415999999950e+01 2.282532132000000274e+03 2.401769000000000233e+03
1.824999999999999734e+00 1.430286935999999898e+01 2.282578422000000046e+03 2.401769000000000233e+03
1.829999999999999627e+00 1.428027984000000039e+01 2.282766668000000209e+03 2.401769000000000233e+03
1.834999999999999520e+00 1.421251127999999930e+01 2.283331406000000243e+03 2.401769000000000233e+03
1.839999999999999414e+00 1.422917567999999910e+01 2.283192536000000018e+03 2.401769000000000233e+03
1.845000000000000195e+00 1.423510079999999967e+01 2.283143160000000080e+03 2.401769000000000233e+03
1.850000000000000089e+00 1.420103135999999822e+01 2.283427072000000408e+03 2.401769000000000233e+03
1.854999999999999982e+00 1.420658615999999874e+01 2.283380782000000181e+03 2.401769000000000233e+03
1.859999999999999876e+00 1.423510079999999967e+01 2.283143160000000080e+03 2.401769000000000233e+03
1.864999999999999769e+00 1.421251127999999930e+01 2.283331406000000243e+03 2.401769000000000233e+03
1.869999999999999662e+00 1.420658615999999874e+01 2.283380782000000181e+03 2.401769000000000233e+03
1.874999999999999556e+00 1.424621039999999894e+01 2.283050580000000082e+03 2.401769000000000233e+03
1.879999999999999449e+00 1.422362087999999858e+01 2.283238826000000245e+03 2.401769000000000233e+03
1.885000000000000231e+00 1.418992175999999894e+01 2.283519652000000406e+03 2.401769000000000233e+03
1.890000000000000124e+00 1.418399663999999838e+01 2.283569028000000344e+03 2.401769000000000233e+03
1.895000000000000018e+00 1.422917567999999910e+01 2.283192536000000018e+03 2.401769000000000233e+03
1.899999999999999911e+00 1.412770800000000015e+01 2.284038100000000213e+03 2.401769000000000233e+03
1.904999999999999805e+00 1.417288703999999910e+01 2.283661608000000342e+03 2.401769000000000233e+03
1.909999999999999698e+00 1.420103135999999822e+01 2.283427072000000408e+03 2.401769000000000233e+03
1.914999999999999591e+00 1.424065560000000019e+01 2.283096870000000308e+03 2.401769000000000233e+03
1.919999999999999485e+00 1.425769032000000003e+01 2.282954914000000372e+03 2.401769000000000233e+03
1.925000000000000266e+00 1.422917567999999910e+01 2.283192536000000018e+03 2.401769000000000233e+03
1.930000000000000160e+00 1.412770800000000015e+01 2.284038100000000213e+03 2.401769000000000233e+03
1.935000000000000053e+00 1.414474272000000177e+01 2.283896144000000277e+03 2.401769000000000233e+03
1.939999999999999947e+00 1.414474272000000177e+01 2.283896144000000277e+03 2.401769000000000233e+03
1.944999999999999840e+00 1.418399663999999838e+01 2.283569028000000344e+03 2.401769000000000233e+03
1.949999999999999734e+00 1.408808375999999818e+01 2.284368302000000313e+03 2.401769000000000233e+03
1.954999999999999627e+00 1.412770800000000015e+01 2.284038100000000213e+03 2.401769000000000233e+03
1.959999999999999520e+00 1.413881759999999943e+01 2.283945520000000215e+03 2.401769000000000233e+03
1.964999999999999414e+00 1.409363855999999871e+01 2.284322012000000086e+03 2.401769000000000233e+03
1.970000000000000195e+00 1.414474272000000177e+01 2.283896144000000277e+03 2.401769000000000233e+03
1.975000000000000089e+00 1.408252896000000121e+01 2.284414592000000084e+03 2.401769000000000233e+03
1.979999999999999982e+00 1.408252896000000121e+01 2.284414592000000084e+03 2.401769000000000233e+03
1.984999999999999876e+00 1.408808375999999818e+01 2.284368302000000313e+03 2.401769000000000233e+03
1.989999999999999769e+00 1.408252896000000121e+01 2.284414592000000084e+03 2.401769000000000233e+03
1.994999999999999662e+00 1.413326279999999890e+01 2.283991810000000442e+03 2.401769000000000233e+03
1.999999999999999556e+00 1.412770800000000015e+01 2.284038100000000213e+03 2.401769000000000233e+03
2.004999999999999449e+00 1.405993943999999907e+01 2.284602838000000247e+03 2.401769000000000233e+03
2.010000000000000231e+00 1.411622807999999907e+01 2.284133766000000378e+03 2.401769000000000233e+03
2.015000000000000124e+00 1.408252896000000121e+01 2.284414592000000084e+03 2.401769000000000233e+03
2.020000000000000018e+00 1.414474272000000177e+01 2.283896144000000277e+03 2.401769000000000233e+03
2.024999999999999911e+00 1.408808375999999818e+01 2.284368302000000313e+03 2.401769000000000233e+03
2.029999999999999805e+00 1.412215320000000141e+01 2.284084389999999985e+03 2.401769000000000233e+03
2.034999999999999698e+00 1.407104903999999834e+01 2.284510258000000249e+03 2.401769000000000233e+03
2.039999999999999591e+00 1.407660383999999887e+01 2.284463968000000023e+03 2.401769000000000233e+03
2.044999999999999485e+00 1.404290471999999923e+01 2.284744794000000184e+03 2.401769000000000233e+03
2.050000000000000266e+00 1.400328047999999903e+01 2.285074996000000283e+03 2.401769000000000233e+03
2.055000000000000160e+00 1.400328047999999903e+01 2.285074996000000283e+03 2.401769000000000233e+03
2.060000000000000053e+00 1.398069096000000044e+01 2.285263241999999991e+03 2.401769000000000233e+03
2.064999999999999947e+00 1.405401431999999851e+01 2.284652214000000185e+03 2.401769000000000233e+03
2.069999999999999840e+00 1.404290471999999923e+01 2.284744794000000184e+03 2.401769000000000233e+03
2.074999999999999734e+00 1.402031520000000064e+01 2.284933040000000346e+03 2.401769000000000233e+03
2.079999999999999627e+00 1.399772568000000028e+01 2.285121286000000055e+03 2.401769000000000233e+03
2.084999999999999520e+00 1.403734992000000048e+01 2.284791084000000410e+03 2.401769000000000233e+03
2.089999999999999414e+00 1.403734992000000048e+01 2.284791084000000410e+03 2.401769000000000233e+03
2.095000000000000195e+00 1.397513615999999992e+01 2.285309532000000218e+03 2.401769000000000233e+03
2.100000000000000089e+00 1.397513615999999992e+01 2.285309532000000218e+03 2.401769000000000233e+03
2.104999999999999982e+00 1.402031520000000064e+01 2.284933040000000346e+03 2.401769000000000233e+03
2.109999999999999876e+00 1.403734992000000048e+01 2.284791084000000410e+03 2.401769000000000233e+03
2.114999999999999769e+00 1.403734992000000048e+01 2.284791084000000410e+03 2.401769000000000233e+03
2.119999999999999662e+00 1.398069096000000044e+01 2.285263241999999991e+03 2.401769000000000233e+03
2.124999999999999556e+00 1.398069096000000044e+01 2.285263241999999991e+03 2.401769000000000233e+03
2.129999999999999449e+00 1.399217087999999976e+01 2.285167576000000281e+03 2.401769000000000233e+03
2.135000000000000231e+00 1.400328047999999903e+01 2.285074996000000283e+03 2.401769000000000233e+03
2.140000000000000124e+00 1.391292240000000113e+01 2.285827980000000025e+03 2.401769000000000233e+03
2.145000000000000018e+00 1.392995712000000097e+01 2.285686024000000089e+03 2.401769000000000233e+03
2.149999999999999911e+00 1.393551191999999972e+01 2.285639734000000317e+03 2.401769000000000233e+03
2.154999999999999805e+00 1.393551191999999972e+01 2.285639734000000317e+03 2.401769000000000233e+03
2.159999999999999698e+00 1.396921103999999758e+01 2.285358908000000156e+03 2.401769000000000233e+03
2.164999999999999591e+00 1.392403199999999686e+01 2.285735400000000482e+03 2.401769000000000233e+03
2.169999999999999485e+00 1.390144247999999827e+01 2.285923646000000190e+03 2.401769000000000233e+03
2.175000000000000266e+00 1.386218855999999988e+01 2.286250762000000122e+03 2.401769000000000233e+03
2.180000000000000160e+00 1.393551191999999972e+01 2.285639734000000317e+03 2.401769000000000233e+03
2.185000000000000053e+00 1.395254663999999956e+01 2.285497778000000380e+03 2.401769000000000233e+03
2.189999999999999947e+00 1.395254663999999956e+01 2.285497778000000380e+03 2.401769000000000233e+03
2.194999999999999840e+00 1.393551191999999972e+01 2.285639734000000317e+03 2.401769000000000233e+03
2.199999999999999734e+00 1.391847719999999988e+01 2.285781690000000253e+03 2.401769000000000233e+03
2.204999999999999627e+00 1.394662151999999722e+01 2.285547154000000319e+03 2.401769000000000233e+03
2.209999999999999520e+00 1.391292240000000113e+01 2.285827980000000025e+03 2.401769000000000233e+03
2.214999999999999414e+00 1.387329815999999916e+01 2.286158182000000124e+03 2.401769000000000233e+03
2.220000000000000195e+00 1.387329815999999916e+01 2.286158182000000124e+03 2.401769000000000233e+03
2.225000000000000089e+00 1.392403199999999686e+01 2.285735400000000482e+03 2.401769000000000233e+03
2.229999999999999982e+00 1.393551191999999972e+01 2.285639734000000317e+03 2.401769000000000233e+03
2.234999999999999876e+00 1.390736760000000061e+01 2.285874270000000251e+03 2.401769000000000233e+03
2.239999999999999769e+00 1.389588768000000130e+01 2.285969936000000416e+03 2.401769000000000233e+03
2.244999999999999662e+00 1.386774336000000041e+01 2.286204472000000351e+03 2.401769000000000233e+03
2.249999999999999556e+00 1.387329815999999916e+01 2.286158182000000124e+03 2.401769000000000233e+03
2.254999999999999449e+00 1.387329815999999916e+01 2.286158182000000124e+03 2.401769000000000233e+03
2.260000000000000231e+00 1.390736760000000061e+01 2.285874270000000251e+03 2.401769000000000233e+03
2.265000000000000124e+00 1.386774336000000041e+01 2.286204472000000351e+03 2.401769000000000233e+03
2.270000000000000018e+00 1.386774336000000041e+01 2.286204472000000351e+03 2.401769000000000233e+03
2.274999999999999911e+00 1.390736760000000061e+01 2.285874270000000251e+03 2.401769000000000233e+03
2.279999999999999805e+00 1.387329815999999916e+01 2.286158182000000124e+03 2.401769000000000233e+03
2.284999999999999698e+00 1.386774336000000041e+01 2.286204472000000351e+03 2.401769000000000233e+03
2.289999999999999591e+00 1.386774336000000041e+01 2.286204472000000351e+03 2.401769000000000233e+03
2.294999999999999485e+00 1.377738528000000073e+01 2.286957456000000093e+03 2.401769000000000233e+03
2.300000000000000266e+00 1.382256431999999968e+01 2.286580964000000222e+03 2.401769000000000233e+03
2.305000000000000160e+00 1.387329815999999916e+01 2.286158182000000124e+03 2.401769000000000233e+03
2.310000000000000053e+00 1.387885295999999791e+01 2.286111892000000353e+03 2.401769000000000233e+03
2.314999999999999947e+00 1.383959903999999952e+01 2.286439008000000285e+03 2.401769000000000233e+03
2.319999999999999840e+00 1.382811911999999843e+01 2.286534674000000450e+03 2.401769000000000233e+03
2.324999999999999734e+00 1.382256431999999968e+01 2.286580964000000222e+03 2.401769000000000233e+03
2.329999999999999627e+00 1.377738528000000073e+01 2.286957456000000093e+03 2.401769000000000233e+03
2.334999999999999520e+00 1.385626343999999932e+01 2.286300138000000061e+03 2.401769000000000233e+03
2.339999999999999414e+00 1.384515384000000005e+01 2.286392718000000059e+03 2.401769000000000233e+03
2.345000000000000195e+00 1.383959903999999952e+01 2.286439008000000285e+03 2.401769000000000233e+03
2.350000000000000089e+00 1.383959903999999952e+01 2.286439008000000285e+03 2.401769000000000233e+03
2.354999999999999982e+00 1.387329815999999916e+01 2.286158182000000124e+03 2.401769000000000233e+03
2.359999999999999876e+00 1.382256431999999968e+01 2.286580964000000222e+03 2.401769000000000233e+03
2.364999999999999769e+00 1.385070863999999879e+01 2.286346428000000287e+03 2.401769000000000233e+03
2.369999999999999662e+00 1.382811911999999843e+01 2.286534674000000450e+03 2.401769000000000233e+03
2.374999999999999556e+00 1.382256431999999968e+01 2.286580964000000222e+03 2.401769000000000233e+03
2.379999999999999449e+00 1.387329815999999916e+01 2.286158182000000124e+03 2.401769000000000233e+03
2.385000000000000231e+00 1.382256431999999968e+01 2.286580964000000222e+03 2.401769000000000233e+03
2.390000000000000124e+00 1.386774336000000041e+01 2.286204472000000351e+03 2.401769000000000233e+03
2.395000000000000018e+00 1.376590535999999965e+01 2.287053122000000258e+03 2.401769000000000233e+03
2.399999999999999911e+00 1.376035055999999912e+01 2.287099412000000029e+03 2.401769000000000233e+03
2.404999999999999805e+00 1.379997480000000110e+01 2.286769210000000385e+03 2.401769000000000233e+03
2.409999999999999698e+00 1.381108439999999860e+01 2.286676630000000387e+03 2.401769000000000233e+03
2.414999999999999591e+00 1.375479576000000037e+01 2.287145702000000256e+03 2.401769000000000233e+03
2.419999999999999485e+00 1.379404967999999876e+01 2.286818586000000323e+03 2.401769000000000233e+03
2.425000000000000266e+00 1.378849488000000001e+01 2.286864876000000095e+03 2.401769000000000233e+03
2.430000000000000160e+00 1.384515384000000005e+01 2.286392718000000059e+03 2.401769000000000233e+03
2.435000000000000053e+00 1.376590535999999965e+01 2.287053122000000258e+03 2.401769000000000233e+03
2.439999999999999947e+00 1.376590535999999965e+01 2.287053122000000258e+03 2.401769000000000233e+03
2.444999999999999840e+00 1.380552959999999985e+01 2.286722920000000158e+03 2.401769000000000233e+03
2.449999999999999734e+00 1.372072631999999892e+01 2.287429614000000129e+03 2.401769000000000233e+03
2.454999999999999627e+00 1.378294007999999948e+01 2.286911166000000321e+03 2.401769000000000233e+03
2.459999999999999520e+00 1.378849488000000001e+01 2.286864876000000095e+03 2.401769000000000233e+03
2.464999999999999414e+00 1.371517151999999840e+01 2.287475904000000355e+03 2.401769000000000233e+03
2.470000000000000195e+00 1.371517151999999840e+01 2.287475904000000355e+03 2.401769000000000233e+03
2.475000000000000089e+00 1.373776103999999876e+01 2.287287658000000192e+03 2.401769000000000233e+03
2.479999999999999982e+00 1.370961671999999965e+01 2.287522194000000127e+03 2.401769000000000233e+03
2.484999999999999876e+00 1.374887063999999981e+01 2.287195078000000194e+03 2.401769000000000233e+03
2.489999999999999769e+00 1.369813679999999856e+01 2.287617860000000292e+03 2.401769000000000233e+03
2.494999999999999662e+00 1.371517151999999840e+01 2.287475904000000355e+03 2.401769000000000233e+03
2.499999999999999556e+00 1.364740295999999908e+01 2.288040642000000389e+03 2.401769000000000233e+03
2.504999999999999449e+00 1.370961671999999965e+01 2.287522194000000127e+03 2.401769000000000233e+03
2.510000000000000231e+00 1.364740295999999908e+01 2.288040642000000389e+03 2.401769000000000233e+03
2.515000000000000124e+00 1.368665687999999925e+01 2.287713526000000456e+03 2.401769000000000233e+03
2.520000000000000018e+00 1.368665687999999925e+01 2.287713526000000456e+03 2.401769000000000233e+03
2.524999999999999911e+00 1.377146016000000017e+01 2.287006832000000031e+03 2.401769000000000233e+03
2.529999999999999805e+00 1.371517151999999840e+01 2.287475904000000355e+03 2.401769000000000233e+03
2.534999999999999698e+00 1.364740295999999908e+01 2.288040642000000389e+03 2.401769000000000233e+03
2.539999999999999591e+00 1.369258199999999981e+01 2.287664150000000063e+03 2.401769000000000233e+03
2.544999999999999485e+00 1.368665687999999925e+01 2.287713526000000456e+03 2.401769000000000233e+03
2.550000000000000266e+00 1.361888831999999994e+01 2.288278264000000036e+03 2.401769000000000233e+03
2.555000000000000160e+00 1.368110208000000050e+01 2.287759816000000228e+03 2.401769000000000233e+03
2.560000000000000053e+00 1.368665687999999925e+01 2.287713526000000456e+03 2.401769000000000233e+03
2.564999999999999947e+00 1.368110208000000050e+01 2.287759816000000228e+03 2.401769000000000233e+03
2.569999999999999840e+00 1.366999247999999945e+01 2.287852396000000226e+03 2.401769000000000233e+03
2.574999999999999734e+00 1.361888831999999994e+01 2.288278264000000036e+03 2.401769000000000233e+03
2.579999999999999627e+00 1.359074399999999905e+01 2.288512800000000425e+03 2.401769000000000233e+03
2.584999999999999520e+00 1.364740295999999908e+01 2.288040642000000389e+03 2.401769000000000233e+03
2.589999999999999414e+00 1.366999247999999945e+01 2.287852396000000226e+03 2.401769000000000233e+03
2.595000000000000195e+00 1.365295775999999961e+01 2.287994352000000163e+03 2.401769000000000233e+03
2.600000000000000089e+00 1.361333351999999941e+01 2.288324554000000262e+03 2.401769000000000233e+03
2.604999999999999982e+00 1.364147784000000030e+01 2.288090018000000327e+03 2.401769000000000233e+03
2.609999999999999876e+00 1.362481343999999872e+01 2.288228888000000097e+03 2.401769000000000233e+03
2.614999999999999769e+00 1.357370927999999921e+01 2.288654756000000361e+03 2.401769000000000233e+03
2.619999999999999662e+00 1.356259967999999994e+01 2.288747336000000359e+03 2.401769000000000233e+03
2.624999999999999556e+00 1.356815448000000046e+01 2.288701046000000133e+03 2.401769000000000233e+03
2.629999999999999449e+00 1.357963439999999977e+01 2.288605380000000423e+03 2.401769000000000233e+03
2.635000000000000231e+00 1.357963439999999977e+01 2.288605380000000423e+03 2.401769000000000233e+03
2.640000000000000124e+00 1.355704487999999941e+01 2.288793626000000131e+03 2.401769000000000233e+03
2.645000000000000018e+00 1.359629879999999957e+01 2.288466510000000198e+03 2.401769000000000233e+03
2.649999999999999911e+00 1.355111976000000062e+01 2.288843002000000070e+03 2.401769000000000233e+03
2.654999999999999805e+00 1.360777871999999888e+01 2.288370844000000034e+03 2.401769000000000233e+03
2.659999999999999698e+00 1.360777871999999888e+01 2.288370844000000034e+03 2.401769000000000233e+03
2.664999999999999591e+00 1.361333351999999941e+01 2.288324554000000262e+03 2.401769000000000233e+03
2.669999999999999485e+00 1.360777871999999888e+01 2.288370844000000034e+03 2.401769000000000233e+03
2.675000000000000266e+00 1.359629879999999957e+01 2.288466510000000198e+03 2.401769000000000233e+03
2.680000000000000160e+00 1.357963439999999977e+01 2.288605380000000423e+03 2.401769000000000233e+03
2.685000000000000053e+00 1.360222391999999836e+01 2.288417134000000260e+03 2.401769000000000233e+03
2.689999999999999947e+00 1.360777871999999888e+01 2.288370844000000034e+03 2.401769000000000233e+03
2.694999999999999840e+00 1.350038591999999937e+01 2.289265784000000167e+03 2.401769000000000233e+03
2.699999999999999734e+00 1.351149552000000043e+01 2.289173204000000169e+03 2.401769000000000233e+03
2.704999999999999627e+00 1.354556496000000010e+01 2.288889292000000296e+03 2.401769000000000233e+03
2.709999999999999520e+00 1.358518919999999852e+01 2.288559090000000197e+03 2.401769000000000233e+03
2.714999999999999414e+00 1.355111976000000062e+01 2.288843002000000070e+03 2.401769000000000233e+03
2.720000000000000195e+00 1.355704487999999941e+01 2.288793626000000131e+03 2.401769000000000233e+03
2.725000000000000089e+00 1.357370927999999921e+01 2.288654756000000361e+03 2.401769000000000233e+03
2.729999999999999982e+00 1.352297543999999974e+01 2.289077538000000459e+03 2.401769000000000233e+03
2.734999999999999876e+00 1.355111976000000062e+01 2.288843002000000070e+03 2.401769000000000233e+03
2.739999999999999769e+00 1.350594071999999990e+01 2.289219494000000395e+03 2.401769000000000233e+03
2.744999999999999662e+00 1.356259967999999994e+01 2.288747336000000359e+03 2.401769000000000233e+03
2.749999999999999556e+00 1.348890600000000006e+01 2.289361450000000332e+03 2.401769000000000233e+03
2.754999999999999449e+00 1.350594071999999990e+01 2.289219494000000395e+03 2.401769000000000233e+03
2.760000000000000231e+00 1.354556496000000010e+01 2.288889292000000296e+03 2.401769000000000233e+03
2.765000000000000124e+00 1.349483111999999885e+01 2.289312074000000393e+03 2.401769000000000233e+03
2.770000000000000018e+00 1.344965207999999990e+01 2.289688566000000264e+03 2.401769000000000233e+03
2.774999999999999911e+00 1.356259967999999994e+01 2.288747336000000359e+03 2.401769000000000233e+03
2.779999999999999805e+00 1.348890600000000006e+01 2.289361450000000332e+03 2.401769000000000233e+03
2.784999999999999698e+00 1.349483111999999885e+01 2.289312074000000393e+03 2.401769000000000233e+03
2.789999999999999591e+00 1.352297543999999974e+01 2.289077538000000459e+03 2.401769000000000233e+03
2.794999999999999485e+00 1.351742063999999921e+01 2.289123828000000231e+03 2.401769000000000233e+03
2.800000000000000266e+00 1.355111976000000062e+01 2.288843002000000070e+03 2.401769000000000233e+03
2.805000000000000160e+00 1.350038591999999937e+01 2.289265784000000167e+03 2.401769000000000233e+03
2.810000000000000053e+00 1.353408504000000079e+01 2.288984958000000006e+03 2.401769000000000233e+03
2.814999999999999947e+00 1.349483111999999885e+01 2.289312074000000393e+03 2.401769000000000233e+03
2.819999999999999840e+00 1.343817216000000059e+01 2.289784232000000429e+03 2.401769000000000233e+03
2.824999999999999734e+00 1.347224159999999848e+01 2.289500320000000102e+03 2.401769000000000233e+03
2.829999999999999627e+00 1.346631647999999970e+01 2.289549696000000040e+03 2.401769000000000233e+03
2.834999999999999520e+00 1.344372695999999934e+01 2.289737942000000203e+03 2.401769000000000233e+03
2.839999999999999414e+00 1.351149552000000043e+01 2.289173204000000169e+03 2.401769000000000233e+03
2.845000000000000195e+00 1.342706255999999954e+01 2.289876812000000427e+03 2.401769000000000233e+03
2.850000000000000089e+00 1.340410272000000091e+01 2.290068144000000302e+03 2.401769000000000233e+03
2.854999999999999982e+00 1.339299311999999986e+01 2.290160724000000300e+03 2.401769000000000233e+03
2.859999999999999876e+00 1.346631647999999970e+01 2.289549696000000040e+03 2.401769000000000233e+03
2.864999999999999769e+00 1.344372695999999934e+01 2.289737942000000203e+03 2.401769000000000233e+03
2.869999999999999662e+00 1.346631647999999970e+01 2.289549696000000040e+03 2.401769000000000233e+03
2.874999999999999556e+00 1.351742063999999921e+01 2.289123828000000231e+03 2.401769000000000233e+03
2.879999999999999449e+00 1.350038591999999937e+01 2.289265784000000167e+03 2.401769000000000233e+03
2.885000000000000231e+00 1.343261736000000006e+01 2.289830522000000201e+03 2.401769000000000233e+03
2.890000000000000124e+00 1.345520688000000042e+01 2.289642276000000038e+03 2.401769000000000233e+03
2.895000000000000018e+00 1.347779639999999901e+01 2.289454030000000330e+03 2.401769000000000233e+03
2.899999999999999911e+00 1.348335119999999954e+01 2.289407740000000103e+03 2.401769000000000233e+03
2.904999999999999805e+00 1.344372695999999934e+01 2.289737942000000203e+03 2.401769000000000233e+03
2.909999999999999698e+00 1.349483111999999885e+01 2.289312074000000393e+03 2.401769000000000233e+03
2.914999999999999591e+00 1.348890600000000006e+01 2.289361450000000332e+03 2.401769000000000233e+03
2.919999999999999485e+00 1.348890600000000006e+01 2.289361450000000332e+03 2.401769000000000233e+03
2.925000000000000266e+00 1.344965207999999990e+01 2.289688566000000264e+03 2.401769000000000233e+03
2.930000000000000160e+00 1.344965207999999990e+01 2.289688566000000264e+03 2.401769000000000233e+03
2.935000000000000053e+00 1.348335119999999954e+01 2.289407740000000103e+03 2.401769000000000233e+03
2.939999999999999947e+00 1.342113744000000075e+01 2.289926188000000366e+03 2.401769000000000233e+03
2.944999999999999840e+00 1.336484879999999897e+01 2.290395260000000235e+03 2.401769000000000233e+03
2.949999999999999734e+00 1.344965207999999990e+01 2.289688566000000264e+03 2.401769000000000233e+03
2.954999999999999627e+00 1.341558264000000023e+01 2.289972478000000137e+03 2.401769000000000233e+03
2.959999999999999520e+00 1.345520688000000042e+01 2.289642276000000038e+03 2.401769000000000233e+03
2.964999999999999414e+00 1.346076167999999917e+01 2.289595986000000266e+03 2.401769000000000233e+03
2.970000000000000195e+00 1.343261736000000006e+01 2.289830522000000201e+03 2.401769000000000233e+03
2.975000000000000089e+00 1.347224159999999848e+01 2.289500320000000102e+03 2.401769000000000233e+03
2.979999999999999982e+00 1.343817216000000059e+01 2.289784232000000429e+03 2.401769000000000233e+03
2.984999999999999876e+00 1.341002783999999970e+01 2.290018768000000364e+03 2.401769000000000233e+03
2.989999999999999769e+00 1.342706255999999954e+01 2.289876812000000427e+03 2.401769000000000233e+03
2.994999999999999662e+00 1.346631647999999970e+01 2.289549696000000040e+03 2.401769000000000233e+03
2.999999999999999556e+00 1.344965207999999990e+01 2.289688566000000264e+03 2.401769000000000233e+03
3.004999999999999449e+00 1.342113744000000075e+01 2.289926188000000366e+03 2.401769000000000233e+03
3.010000000000000231e+00 1.347224159999999848e+01 2.289500320000000102e+03 2.401769000000000233e+03
3.015000000000000124e+00 1.343261736000000006e+01 2.289830522000000201e+03 2.401769000000000233e+03
3.020000000000000018e+00 1.338151320000000055e+01 2.290256390000000010e+03 2.401769000000000233e+03
3.024999999999999911e+00 1.338151320000000055e+01 2.290256390000000010e+03 2.401769000000000233e+03
3.029999999999999805e+00 1.339299311999999986e+01 2.290160724000000300e+03 2.401769000000000233e+03
3.034999999999999698e+00 1.337040359999999950e+01 2.290348970000000008e+03 2.401769000000000233e+03
3.039999999999999591e+00 1.339299311999999986e+01 2.290160724000000300e+03 2.401769000000000233e+03
3.044999999999999485e+00 1.342113744000000075e+01 2.289926188000000366e+03 2.401769000000000233e+03
3.050000000000000266e+00 1.334781407999999914e+01 2.290537216000000171e+03 2.401769000000000233e+03
3.055000000000000160e+00 1.337595840000000003e+01 2.290302680000000237e+03 2.401769000000000233e+03
3.060000000000000053e+00 1.340410272000000091e+01 2.290068144000000302e+03 2.401769000000000233e+03
3.064999999999999947e+00 1.341002783999999970e+01 2.290018768000000364e+03 2.401769000000000233e+03
3.069999999999999840e+00 1.341558264000000023e+01 2.289972478000000137e+03 2.401769000000000233e+03
3.074999999999999734e+00 1.333633415999999983e+01 2.290632882000000336e+03 2.401769000000000233e+03
3.079999999999999627e+00 1.343261736000000006e+01 2.289830522000000201e+03 2.401769000000000233e+03
3.084999999999999520e+00 1.335892368000000019e+01 2.290444636000000173e+03 2.401769000000000233e+03
3.089999999999999414e+00 1.338743831999999934e+01 2.290207014000000072e+03 2.401769000000000233e+03
3.095000000000000195e+00 1.334225928000000039e+01 2.290583506000000398e+03 2.401769000000000233e+03
3.100000000000000089e+00 1.329115512000000088e+01 2.291009374000000207e+03 2.401769000000000233e+03
3.104999999999999982e+00 1.326856560000000052e+01 2.291197620000000370e+03 2.401769000000000233e+03
3.109999999999999876e+00 1.335336887999999966e+01 2.290490926000000400e+03 2.401769000000000233e+03
3.114999999999999769e+00 1.330818984000000071e+01 2.290867418000000271e+03 2.401769000000000233e+03
3.119999999999999662e+00 1.331966976000000003e+01 2.290771752000000106e+03 2.401769000000000233e+03
3.124999999999999556e+00 1.334225928000000039e+01 2.290583506000000398e+03 2.401769000000000233e+03
3.129999999999999449e+00 1.338151320000000055e+01 2.290256390000000010e+03 2.401769000000000233e+03
3.135000000000000231e+00 1.332522456000000055e+01 2.290725462000000334e+03 2.401769000000000233e+03
3.140000000000000124e+00 1.335336887999999966e+01 2.290490926000000400e+03 2.401769000000000233e+03
3.145000000000000018e+00 1.335336887999999966e+01 2.290490926000000400e+03 2.401769000000000233e+03
3.149999999999999911e+00 1.337040359999999950e+01 2.290348970000000008e+03 2.401769000000000233e+03
3.154999999999999805e+00 1.334225928000000039e+01 2.290583506000000398e+03 2.401769000000000233e+03
3.159999999999999698e+00 1.339854792000000039e+01 2.290114434000000074e+03 2.401769000000000233e+03
3.164999999999999591e+00 1.333633415999999983e+01 2.290632882000000336e+03 2.401769000000000233e+03
3.169999999999999485e+00 1.333633415999999983e+01 2.290632882000000336e+03 2.401769000000000233e+03
3.175000000000000266e+00 1.333077935999999930e+01 2.290679172000000108e+03 2.401769000000000233e+03
3.180000000000000160e+00 1.331374464000000124e+01 2.290821128000000044e+03 2.401769000000000233e+03
3.185000000000000053e+00 1.333633415999999983e+01 2.290632882000000336e+03 2.401769000000000233e+03
3.189999999999999947e+00 1.334781407999999914e+01 2.290537216000000171e+03 2.401769000000000233e+03
3.194999999999999840e+00 1.331374464000000124e+01 2.290821128000000044e+03 2.401769000000000233e+03
3.199999999999999734e+00 1.331374464000000124e+01 2.290821128000000044e+03 2.401769000000000233e+03
3.204999999999999627e+00 1.330263504000000019e+01 2.290913708000000042e+03 2.401769000000000233e+03
3.209999999999999520e+00 1.333077935999999930e+01 2.290679172000000108e+03 2.401769000000000233e+03
3.214999999999999414e+00 1.331966976000000003e+01 2.290771752000000106e+03 2.401769000000000233e+03
3.220000000000000195e+00 1.326856560000000052e+01 2.291197620000000370e+03 2.401769000000000233e+03
3.225000000000000089e+00 1.329708023999999966e+01 2.290959998000000269e+03 2.401769000000000233e+03
3.229999999999999982e+00 1.325745599999999946e+01 2.291290200000000368e+03 2.401769000000000233e+03
3.234999999999999876e+00 1.335336887999999966e+01 2.290490926000000400e+03 2.401769000000000233e+03
3.239999999999999769e+00 1.335892368000000019e+01 2.290444636000000173e+03 2.401769000000000233e+03
3.244999999999999662e+00 1.330263504000000019e+01 2.290913708000000042e+03 2.401769000000000233e+03
3.249999999999999556e+00 1.329115512000000088e+01 2.291009374000000207e+03 2.401769000000000233e+03
3.254999999999999449e+00 1.329708023999999966e+01 2.290959998000000269e+03 2.401769000000000233e+03
3.260000000000000231e+00 1.331966976000000003e+01 2.290771752000000106e+03 2.401769000000000233e+03
3.265000000000000124e+00 1.331966976000000003e+01 2.290771752000000106e+03 2.401769000000000233e+03
3.270000000000000018e+00 1.325745599999999946e+01 2.291290200000000368e+03 2.401769000000000233e+03
3.274999999999999911e+00 1.324042127999999963e+01 2.291432156000000305e+03 2.401769000000000233e+03
3.279999999999999805e+00 1.321227696000000051e+01 2.291666692000000239e+03 2.401769000000000233e+03
3.284999999999999698e+00 1.325153088000000068e+01 2.291339576000000307e+03 2.401769000000000233e+03
3.289999999999999591e+00 1.329115512000000088e+01 2.291009374000000207e+03 2.401769000000000233e+03
3.294999999999999485e+00 1.331374464000000124e+01 2.290821128000000044e+03 2.401769000000000233e+03
3.300000000000000266e+00 1.322338655999999979e+01 2.291574112000000241e+03 2.401769000000000233e+03
3.305000000000000160e+00 1.327449071999999930e+01 2.291148244000000432e+03 2.401769000000000233e+03
3.310000000000000053e+00 1.323486647999999910e+01 2.291478446000000076e+03 2.401769000000000233e+03
3.314999999999999947e+00 1.325153088000000068e+01 2.291339576000000307e+03 2.401769000000000233e+03
3.319999999999999840e+00 1.325745599999999946e+01 2.291290200000000368e+03 2.401769000000000233e+03
3.324999999999999734e+00 1.320079704000000120e+01 2.291762358000000404e+03 2.401769000000000233e+03
3.329999999999999627e+00 1.325153088000000068e+01 2.291339576000000307e+03 2.401769000000000233e+03
3.334999999999999520e+00 1.317820752000000084e+01 2.291950604000000112e+03 2.401769000000000233e+03
3.339999999999999414e+00 1.331374464000000124e+01 2.290821128000000044e+03 2.401769000000000233e+03
3.345000000000000195e+00 1.325745599999999946e+01 2.291290200000000368e+03 2.401769000000000233e+03
3.350000000000000089e+00 1.325153088000000068e+01 2.291339576000000307e+03 2.401769000000000233e+03
3.354999999999999982e+00 1.318968744000000015e+01 2.291854938000000402e+03 2.401769000000000233e+03
3.359999999999999876e+00 1.324597608000000015e+01 2.291385866000000078e+03 2.401769000000000233e+03
3.364999999999999769e+00 1.325153088000000068e+01 2.291339576000000307e+03 2.401769000000000233e+03
3.369999999999999662e+00 1.319524224000000068e+01 2.291808648000000176e+03 2.401769000000000233e+03
3.374999999999999556e+00 1.321227696000000051e+01 2.291666692000000239e+03 2.401769000000000233e+03
3.379999999999999449e+00 1.325153088000000068e+01 2.291339576000000307e+03 2.401769000000000233e+03
3.385000000000000231e+00 1.318376232000000137e+01 2.291904314000000340e+03 2.401769000000000233e+03
3.390000000000000124e+00 1.318968744000000015e+01 2.291854938000000402e+03 2.401769000000000233e+03
3.395000000000000018e+00 1.314450839999999943e+01 2.292231430000000273e+03 2.401769000000000233e+03
3.399999999999999911e+00 1.315561800000000048e+01 2.292138850000000275e+03 2.401769000000000233e+03
3.404999999999999805e+00 1.318376232000000137e+01 2.291904314000000340e+03 2.401769000000000233e+03
3.409999999999999698e+00 1.318376232000000137e+01 2.291904314000000340e+03 2.401769000000000233e+03
3.414999999999999591e+00 1.325745599999999946e+01 2.291290200000000368e+03 2.401769000000000233e+03
3.419999999999999485e+00 1.321227696000000051e+01 2.291666692000000239e+03 2.401769000000000233e+03
3.425000000000000266e+00 1.320079704000000120e+01 2.291762358000000404e+03 2.401769000000000233e+03
3.430000000000000160e+00 1.317820752000000084e+01 2.291950604000000112e+03 2.401769000000000233e+03
3.435000000000000053e+00 1.324042127999999963e+01 2.291432156000000305e+03 2.401769000000000233e+03
3.439999999999999947e+00 1.316117280000000100e+01 2.292092560000000049e+03 2.401769000000000233e+03
3.444999999999999840e+00 1.312747367999999959e+01 2.292373386000000210e+03 2.401769000000000233e+03
3.449999999999999734e+00 1.315006319999999995e+01 2.292185140000000047e+03 2.401769000000000233e+03
3.454999999999999627e+00 1.316117280000000100e+01 2.292092560000000049e+03 2.401769000000000233e+03
3.459999999999999520e+00 1.312747367999999959e+01 2.292373386000000210e+03 2.401769000000000233e+03
3.464999999999999414e+00 1.313858328000000064e+01 2.292280806000000211e+03 2.401769000000000233e+03
3.470000000000000195e+00 1.316117280000000100e+01 2.292092560000000049e+03 2.401769000000000233e+03
3.475000000000000089e+00 1.317820752000000084e+01 2.291950604000000112e+03 2.401769000000000233e+03
3.479999999999999982e+00 1.312747367999999959e+01 2.292373386000000210e+03 2.401769000000000233e+03
3.484999999999999876e+00 1.316709791999999979e+01 2.292043184000000110e+03 2.401769000000000233e+03
3.489999999999999769e+00 1.316709791999999979e+01 2.292043184000000110e+03 2.401769000000000233e+03
3.494999999999999662e+00 1.315006319999999995e+01 2.292185140000000047e+03 2.401769000000000233e+03
3.499999999999999556e+00 1.316709791999999979e+01 2.292043184000000110e+03 2.401769000000000233e+03
3.504999999999999449e+00 1.317265272000000031e+01 2.291996894000000339e+03 2.401769000000000233e+03
3.510000000000000231e+00 1.316117280000000100e+01 2.292092560000000049e+03 2.401769000000000233e+03
3.515000000000000124e+00 1.313858328000000064e+01 2.292280806000000211e+03 2.401769000000000233e+03
3.520000000000000018e+00 1.315006319999999995e+01 2.292185140000000047e+03 2.401769000000000233e+03
3.524999999999999911e+00 1.309895904000000044e+01 2.292611008000000311e+03 2.401769000000000233e+03
3.529999999999999805e+00 1.310488415999999923e+01 2.292561632000000372e+03 2.401769000000000233e+03
3.534999999999999698e+00 1.315006319999999995e+01 2.292185140000000047e+03 2.401769000000000233e+03
3.539999999999999591e+00 1.320079704000000120e+01 2.291762358000000404e+03 2.401769000000000233e+03
3.544999999999999485e+00 1.315561800000000048e+01 2.292138850000000275e+03 2.401769000000000233e+03
3.550000000000000266e+00 1.316117280000000100e+01 2.292092560000000049e+03 2.401769000000000233e+03
3.555000000000000160e+00 1.317820752000000084e+01 2.291950604000000112e+03 2.401769000000000233e+03
3.560000000000000053e+00 1.315561800000000048e+01 2.292138850000000275e+03 2.401769000000000233e+03
3.564999999999999947e+00 1.304822520000000097e+01 2.293033790000000408e+03 2.401769000000000233e+03
3.569999999999999840e+00 1.310488415999999923e+01 2.292561632000000372e+03 2.401769000000000233e+03
3.574999999999999734e+00 1.305378000000000149e+01 2.292987500000000182e+03 2.401769000000000233e+03
3.579999999999999627e+00 1.308784944000000117e+01 2.292703588000000309e+03 2.401769000000000233e+03
3.584999999999999520e+00 1.318968744000000015e+01 2.291854938000000402e+03 2.401769000000000233e+03
3.589999999999999414e+00 1.307081472000000133e+01 2.292845544000000245e+03 2.401769000000000233e+03
3.595000000000000195e+00 1.310488415999999923e+01 2.292561632000000372e+03 2.401769000000000233e+03
3.600000000000000089e+00 1.309895904000000044e+01 2.292611008000000311e+03 2.401769000000000233e+03
3.604999999999999982e+00 1.308229464000000064e+01 2.292749878000000081e+03 2.401769000000000233e+03
3.609999999999999876e+00 1.309340423999999992e+01 2.292657298000000083e+03 2.401769000000000233e+03
3.614999999999999769e+00 1.311599376000000028e+01 2.292469052000000374e+03 2.401769000000000233e+03
3.619999999999999662e+00 1.313858328000000064e+01 2.292280806000000211e+03 2.401769000000000233e+03
3.624999999999999556e+00 1.310488415999999923e+01 2.292561632000000372e+03 2.401769000000000233e+03
3.629999999999999449e+00 1.307081472000000133e+01 2.292845544000000245e+03 2.401769000000000233e+03
3.635000000000000231e+00 1.314450839999999943e+01 2.292231430000000273e+03 2.401769000000000233e+03
3.640000000000000124e+00 1.309340423999999992e+01 2.292657298000000083e+03 2.401769000000000233e+03
3.645000000000000018e+00 1.310488415999999923e+01 2.292561632000000372e+03 2.401769000000000233e+03
3.649999999999999911e+00 1.303119048000000113e+01 2.293175746000000345e+03 2.401769000000000233e+03
3.654999999999999805e+00 1.308784944000000117e+01 2.292703588000000309e+03 2.401769000000000233e+03
3.659999999999999698e+00 1.306525992000000080e+01 2.292891834000000017e+03 2.401769000000000233e+03
3.664999999999999591e+00 1.306525992000000080e+01 2.292891834000000017e+03 2.401769000000000233e+03
3.669999999999999485e+00 1.310488415999999923e+01 2.292561632000000372e+03 2.401769000000000233e+03
3.675000000000000266e+00 1.313302848000000012e+01 2.292327096000000438e+03 2.401769000000000233e+03
3.680000000000000160e+00 1.304822520000000097e+01 2.293033790000000408e+03 2.401769000000000233e+03
3.685000000000000053e+00 1.306525992000000080e+01 2.292891834000000017e+03 2.401769000000000233e+03
3.689999999999999947e+00 1.308229464000000064e+01 2.292749878000000081e+03 2.401769000000000233e+03
3.694999999999999840e+00 1.309895904000000044e+01 2.292611008000000311e+03 2.401769000000000233e+03
3.699999999999999734e+00 1.305970512000000028e+01 2.292938124000000244e+03 2.401769000000000233e+03
3.704999999999999627e+00 1.310488415999999923e+01 2.292561632000000372e+03 2.401769000000000233e+03
3.709999999999999520e+00 1.306525992000000080e+01 2.292891834000000017e+03 2.401769000000000233e+03
3.714999999999999414e+00 1.307081472000000133e+01 2.292845544000000245e+03 2.401769000000000233e+03
3.720000000000000195e+00 1.303119048000000113e+01 2.293175746000000345e+03 2.401769000000000233e+03
3.725000000000000089e+00 1.306525992000000080e+01 2.292891834000000017e+03 2.401769000000000233e+03
3.729999999999999982e+00 1.300304616000000024e+01 2.293410282000000279e+03 2.401769000000000233e+03
3.734999999999999876e+00 1.304822520000000097e+01 2.293033790000000408e+03 2.401769000000000233e+03
3.739999999999999769e+00 1.308784944000000117e+01 2.292703588000000309e+03 2.401769000000000233e+03
3.744999999999999662e+00 1.299193655999999919e+01 2.293502862000000277e+03 2.401769000000000233e+03
3.749999999999999556e+00 1.308784944000000117e+01 2.292703588000000309e+03 2.401769000000000233e+03
3.754999999999999449e+00 1.308229464000000064e+01 2.292749878000000081e+03 2.401769000000000233e+03
3.760000000000000231e+00 1.303119048000000113e+01 2.293175746000000345e+03 2.401769000000000233e+03
3.765000000000000124e+00 1.299193655999999919e+01 2.293502862000000277e+03 2.401769000000000233e+03
3.770000000000000018e+00 1.300304616000000024e+01 2.293410282000000279e+03 2.401769000000000233e+03
3.774999999999999911e+00 1.300304616000000024e+01 2.293410282000000279e+03 2.401769000000000233e+03
3.779999999999999805e+00 1.294638720000000021e+01 2.293882440000000315e+03 2.401769000000000233e+03
3.784999999999999698e+00 1.302008088000000008e+01 2.293268326000000343e+03 2.401769000000000233e+03
3.789999999999999591e+00 1.302008088000000008e+01 2.293268326000000343e+03 2.401769000000000233e+03
3.794999999999999485e+00 1.296342192000000182e+01 2.293740484000000379e+03 2.401769000000000233e+03
3.800000000000000266e+00 1.291824288000000109e+01 2.294116976000000250e+03 2.401769000000000233e+03
3.805000000000000160e+00 1.307636952000000186e+01 2.292799254000000019e+03 2.401769000000000233e+03
3.810000000000000053e+00 1.307636952000000186e+01 2.292799254000000019e+03 2.401769000000000233e+03
3.814999999999999947e+00 1.303711559999999992e+01 2.293126370000000406e+03 2.401769000000000233e+03
3.819999999999999840e+00 1.302008088000000008e+01 2.293268326000000343e+03 2.401769000000000233e+03
3.824999999999999734e+00 1.299749135999999972e+01 2.293456572000000051e+03 2.401769000000000233e+03
3.829999999999999627e+00 1.299193655999999919e+01 2.293502862000000277e+03 2.401769000000000233e+03
3.834999999999999520e+00 1.304822520000000097e+01 2.293033790000000408e+03 2.401769000000000233e+03
3.839999999999999414e+00 1.306525992000000080e+01 2.292891834000000017e+03 2.401769000000000233e+03
3.845000000000000195e+00 1.299749135999999972e+01 2.293456572000000051e+03 2.401769000000000233e+03
3.850000000000000089e+00 1.302563568000000060e+01 2.293222036000000116e+03 2.401769000000000233e+03
3.854999999999999982e+00 1.304822520000000097e+01 2.293033790000000408e+03 2.401769000000000233e+03
3.859999999999999876e+00 1.300860096000000077e+01 2.293363992000000053e+03 2.401769000000000233e+03
3.864999999999999769e+00 1.295786712000000129e+01 2.293786774000000150e+03 2.401769000000000233e+03
3.869999999999999662e+00 1.299749135999999972e+01 2.293456572000000051e+03 2.401769000000000233e+03
3.874999999999999556e+00 1.293527760000000093e+01 2.293975020000000313e+03 2.401769000000000233e+03
3.879999999999999449e+00 1.291824288000000109e+01 2.294116976000000250e+03 2.401769000000000233e+03
3.885000000000000231e+00 1.303119048000000113e+01 2.293175746000000345e+03 2.401769000000000233e+03
3.890000000000000124e+00 1.306525992000000080e+01 2.292891834000000017e+03 2.401769000000000233e+03
3.895000000000000018e+00 1.303711559999999992e+01 2.293126370000000406e+03 2.401769000000000233e+03
3.899999999999999911e+00 1.303119048000000113e+01 2.293175746000000345e+03 2.401769000000000233e+03
3.904999999999999805e+00 1.297490184000000113e+01 2.293644818000000214e+03 2.401769000000000233e+03
3.909999999999999698e+00 1.298601144000000041e+01 2.293552238000000216e+03 2.401769000000000233e+03
3.914999999999999591e+00 1.292972280000000040e+01 2.294021310000000085e+03 2.401769000000000233e+03
3.919999999999999485e+00 1.297490184000000113e+01 2.293644818000000214e+03 2.401769000000000233e+03
3.925000000000000266e+00 1.293527760000000093e+01 2.293975020000000313e+03 2.401769000000000233e+03
3.930000000000000160e+00 1.300860096000000077e+01 2.293363992000000053e+03 2.401769000000000233e+03
3.935000000000000053e+00 1.296342192000000182e+01 2.293740484000000379e+03 2.401769000000000233e+03
3.939999999999999947e+00 1.300304616000000024e+01 2.293410282000000279e+03 2.401769000000000233e+03
3.944999999999999840e+00 1.289565336000000073e+01 2.294305222000000413e+03 2.401769000000000233e+03
3.949999999999999734e+00 1.289565336000000073e+01 2.294305222000000413e+03 2.401769000000000233e+03
3.954999999999999627e+00 1.292972280000000040e+01 2.294021310000000085e+03 2.401769000000000233e+03
3.959999999999999520e+00 1.296342192000000182e+01 2.293740484000000379e+03 2.401769000000000233e+03
3.964999999999999414e+00 1.294083240000000146e+01 2.293928730000000087e+03 2.401769000000000233e+03
3.970000000000000195e+00 1.299749135999999972e+01 2.293456572000000051e+03 2.401769000000000233e+03
3.975000000000000089e+00 1.300304616000000024e+01 2.293410282000000279e+03 2.401769000000000233e+03
3.979999999999999982e+00 1.294638720000000021e+01 2.293882440000000315e+03 2.401769000000000233e+03
3.984999999999999876e+00 1.298601144000000041e+01 2.293552238000000216e+03 2.401769000000000233e+03
3.989999999999999769e+00 1.295231232000000077e+01 2.293833064000000377e+03 2.401769000000000233e+03
3.994999999999999662e+00 1.292379767999999984e+01 2.294070686000000023e+03 2.401769000000000233e+03
3.999999999999999556e+00 1.291268808000000057e+01 2.294163266000000021e+03 2.401769000000000233e+03
4.004999999999999005e+00 1.296897671999999879e+01 2.293694194000000152e+03 2.401769000000000233e+03
4.009999999999999787e+00 1.298601144000000041e+01 2.293552238000000216e+03 2.401769000000000233e+03
4.015000000000000568e+00 1.302563568000000060e+01 2.293222036000000116e+03 2.401769000000000233e+03
4.019999999999999574e+00 1.290713328000000004e+01 2.294209556000000248e+03 2.401769000000000233e+03
4.025000000000000355e+00 1.288454375999999968e+01 2.294397802000000411e+03 2.401769000000000233e+03
4.029999999999999361e+00 1.287306384000000037e+01 2.294493468000000121e+03 2.401769000000000233e+03
4.035000000000000142e+00 1.298045663999999988e+01 2.293598528000000442e+03 2.401769000000000233e+03
4.039999999999999147e+00 1.299193655999999919e+01 2.293502862000000277e+03 2.401769000000000233e+03
4.044999999999999929e+00 1.288454375999999968e+01 2.294397802000000411e+03 2.401769000000000233e+03
4.050000000000000711e+00 1.289009856000000021e+01 2.294351512000000184e+03 2.401769000000000233e+03
4.054999999999999716e+00 1.294083240000000146e+01 2.293928730000000087e+03 2.401769000000000233e+03
4.060000000000000497e+00 1.289565336000000073e+01 2.294305222000000413e+03 2.401769000000000233e+03
4.064999999999999503e+00 1.290120815999999948e+01 2.294258932000000186e+03 2.401769000000000233e+03
4.070000000000000284e+00 1.290120815999999948e+01 2.294258932000000186e+03 2.401769000000000233e+03
4.075000000000001066e+00 1.288454375999999968e+01 2.294397802000000411e+03 2.401769000000000233e+03
4.080000000000000071e+00 1.292379767999999984e+01 2.294070686000000023e+03 2.401769000000000233e+03
4.085000000000000853e+00 1.290120815999999948e+01 2.294258932000000186e+03 2.401769000000000233e+03
4.089999999999999858e+00 1.293527760000000093e+01 2.293975020000000313e+03 2.401769000000000233e+03
4.095000000000000639e+00 1.292379767999999984e+01 2.294070686000000023e+03 2.401769000000000233e+03
4.099999999999999645e+00 1.293527760000000093e+01 2.293975020000000313e+03 2.401769000000000233e+03
4.105000000000000426e+00 1.300860096000000077e+01 2.293363992000000053e+03 2.401769000000000233e+03
4.109999999999999432e+00 1.297490184000000113e+01 2.293644818000000214e+03 2.401769000000000233e+03
4.115000000000000213e+00 1.289565336000000073e+01 2.294305222000000413e+03 2.401769000000000233e+03
4.120000000000000995e+00 1.289565336000000073e+01 2.294305222000000413e+03 2.401769000000000233e+03
4.125000000000000000e+00 1.289565336000000073e+01 2.294305222000000413e+03 2.401769000000000233e+03
4.130000000000000782e+00 1.287306384000000037e+01 2.294493468000000121e+03 2.401769000000000233e+03
4.134999999999999787e+00 1.294083240000000146e+01 2.293928730000000087e+03 2.401769000000000233e+03
4.140000000000000568e+00 1.287306384000000037e+01 2.294493468000000121e+03 2.401769000000000233e+03
4.144999999999999574e+00 1.289565336000000073e+01 2.294305222000000413e+03 2.401769000000000233e+03
4.150000000000000355e+00 1.289565336000000073e+01 2.294305222000000413e+03 2.401769000000000233e+03
4.155000000000001137e+00 1.294638720000000021e+01 2.293882440000000315e+03 2.401769000000000233e+03
4.160000000000000142e+00 1.290120815999999948e+01 2.294258932000000186e+03 2.401769000000000233e+03
4.165000000000000924e+00 1.290713328000000004e+01 2.294209556000000248e+03 2.401769000000000233e+03
4.169999999999999929e+00 1.290713328000000004e+01 2.294209556000000248e+03 2.401769000000000233e+03
4.175000000000000711e+00 1.294083240000000146e+01 2.293928730000000087e+03 2.401769000000000233e+03
4.179999999999999716e+00 1.289565336000000073e+01 2.294305222000000413e+03 2.401769000000000233e+03
4.185000000000000497e+00 1.295231232000000077e+01 2.293833064000000377e+03 2.401769000000000233e+03
4.189999999999999503e+00 1.290713328000000004e+01 2.294209556000000248e+03 2.401769000000000233e+03
4.195000000000000284e+00 1.286750903999999984e+01 2.294539758000000347e+03 2.401769000000000233e+03
4.200000000000001066e+00 1.287861863999999912e+01 2.294447178000000349e+03 2.401769000000000233e+03
4.205000000000000071e+00 1.287861863999999912e+01 2.294447178000000349e+03 2.401769000000000233e+03
4.210000000000000853e+00 1.287861863999999912e+01 2.294447178000000349e+03 2.401769000000000233e+03
4.214999999999999858e+00 1.289009856000000021e+01 2.294351512000000184e+03 2.401769000000000233e+03
4.220000000000000639e+00 1.286195424000000109e+01 2.294586048000000119e+03 2.401769000000000233e+03
4.224999999999999645e+00 1.289565336000000073e+01 2.294305222000000413e+03 2.401769000000000233e+03
4.230000000000000426e+00 1.279974048000000053e+01 2.295104496000000381e+03 2.401769000000000233e+03
4.234999999999999432e+00 1.287861863999999912e+01 2.294447178000000349e+03 2.401769000000000233e+03
4.240000000000000213e+00 1.290120815999999948e+01 2.294258932000000186e+03 2.401769000000000233e+03
4.245000000000000995e+00 1.287306384000000037e+01 2.294493468000000121e+03 2.401769000000000233e+03
4.250000000000000000e+00 1.291824288000000109e+01 2.294116976000000250e+03 2.401769000000000233e+03
4.255000000000000782e+00 1.287861863999999912e+01 2.294447178000000349e+03 2.401769000000000233e+03
4.259999999999999787e+00 1.283899440000000070e+01 2.294777380000000448e+03 2.401769000000000233e+03
4.265000000000000568e+00 1.286195424000000109e+01 2.294586048000000119e+03 2.401769000000000233e+03
4.269999999999999574e+00 1.285602911999999876e+01 2.294635424000000057e+03 2.401769000000000233e+03
4.275000000000000355e+00 1.287861863999999912e+01 2.294447178000000349e+03 2.401769000000000233e+03
4.280000000000001137e+00 1.287306384000000037e+01 2.294493468000000121e+03 2.401769000000000233e+03
4.285000000000000142e+00 1.282233000000000089e+01 2.294916250000000218e+03 2.401769000000000233e+03
4.290000000000000924e+00 1.287861863999999912e+01 2.294447178000000349e+03 2.401769000000000233e+03
4.294999999999999929e+00 1.286195424000000109e+01 2.294586048000000119e+03 2.401769000000000233e+03
4.300000000000000711e+00 1.293527760000000093e+01 2.293975020000000313e+03 2.401769000000000233e+03
4.304999999999999716e+00 1.290713328000000004e+01 2.294209556000000248e+03 2.401769000000000233e+03
4.310000000000000497e+00 1.286750903999999984e+01 2.294539758000000347e+03 2.401769000000000233e+03
4.314999999999999503e+00 1.282233000000000089e+01 2.294916250000000218e+03 2.401769000000000233e+03
4.320000000000000284e+00 1.288454375999999968e+01 2.294397802000000411e+03 2.401769000000000233e+03
4.325000000000001066e+00 1.290713328000000004e+01 2.294209556000000248e+03 2.401769000000000233e+03
4.330000000000000071e+00 1.283343960000000017e+01 2.294823670000000220e+03 2.401769000000000233e+03
4.335000000000000853e+00 1.282788479999999964e+01 2.294869960000000447e+03 2.401769000000000233e+03
4.339999999999999858e+00 1.287306384000000037e+01 2.294493468000000121e+03 2.401769000000000233e+03
4.345000000000000639e+00 1.282788479999999964e+01 2.294869960000000447e+03 2.401769000000000233e+03
4.349999999999999645e+00 1.286750903999999984e+01 2.294539758000000347e+03 2.401769000000000233e+03
4.355000000000000426e+00 1.287306384000000037e+01 2.294493468000000121e+03 2.401769000000000233e+03
4.359999999999999432e+00 1.283343960000000017e+01 2.294823670000000220e+03 2.401769000000000233e+03
4.365000000000000213e+00 1.282788479999999964e+01 2.294869960000000447e+03 2.401769000000000233e+03
4.370000000000000995e+00 1.292379767999999984e+01 2.294070686000000023e+03 2.401769000000000233e+03
4.375000000000000000e+00 1.283899440000000070e+01 2.294777380000000448e+03 2.401769000000000233e+03
4.380000000000000782e+00 1.276567103999999908e+01 2.295388408000000254e+03 2.401769000000000233e+03
4.384999999999999787e+00 1.282788479999999964e+01 2.294869960000000447e+03 2.401769000000000233e+03
4.390000000000000568e+00 1.279974048000000053e+01 2.295104496000000381e+03 2.401769000000000233e+03
4.394999999999999574e+00 1.281085007999999981e+01 2.295011916000000383e+03 2.401769000000000233e+03
4.400000000000000355e+00 1.278826055999999944e+01 2.295200162000000091e+03 2.401769000000000233e+03
4.405000000000001137e+00 1.280529527999999928e+01 2.295058206000000155e+03 2.401769000000000233e+03
4.410000000000000142e+00 1.279381535999999997e+01 2.295153872000000320e+03 2.401769000000000233e+03
4.415000000000000924e+00 1.279974048000000053e+01 2.295104496000000381e+03 2.401769000000000233e+03
4.419999999999999929e+00 1.277122583999999961e+01 2.295342118000000028e+03 2.401769000000000233e+03
4.425000000000000711e+00 1.279974048000000053e+01 2.295104496000000381e+03 2.401769000000000233e+03
4.429999999999999716e+00 1.283343960000000017e+01 2.294823670000000220e+03 2.401769000000000233e+03
4.435000000000000497e+00 1.282233000000000089e+01 2.294916250000000218e+03 2.401769000000000233e+03
4.439999999999999503e+00 1.276567103999999908e+01 2.295388408000000254e+03 2.401769000000000233e+03
4.445000000000000284e+00 1.285047432000000001e+01 2.294681714000000284e+03 2.401769000000000233e+03
4.450000000000001066e+00 1.278826055999999944e+01 2.295200162000000091e+03 2.401769000000000233e+03
4.455000000000000071e+00 1.277122583999999961e+01 2.295342118000000028e+03 2.401769000000000233e+03
4.460000000000000853e+00 1.280529527999999928e+01 2.295058206000000155e+03 2.401769000000000233e+03
4.464999999999999858e+00 1.281640488000000033e+01 2.294965626000000157e+03 2.401769000000000233e+03
4.470000000000000639e+00 1.272604680000000066e+01 2.295718610000000353e+03 2.401769000000000233e+03
4.474999999999999645e+00 1.279381535999999997e+01 2.295153872000000320e+03 2.401769000000000233e+03
4.480000000000000426e+00 1.272604680000000066e+01 2.295718610000000353e+03 2.401769000000000233e+03
4.484999999999999432e+00 1.278270575999999892e+01 2.295246452000000318e+03 2.401769000000000233e+03
4.490000000000000213e+00 1.282788479999999964e+01 2.294869960000000447e+03 2.401769000000000233e+03
4.495000000000000995e+00 1.280529527999999928e+01 2.295058206000000155e+03 2.401769000000000233e+03
4.500000000000000000e+00 1.278270575999999892e+01 2.295246452000000318e+03 2.401769000000000233e+03
4.505000000000000782e+00 1.274863631999999924e+01 2.295530364000000191e+03 2.401769000000000233e+03
4.509999999999999787e+00 1.274308151999999872e+01 2.295576654000000417e+03 2.401769000000000233e+03
4.515000000000000568e+00 1.277122583999999961e+01 2.295342118000000028e+03 2.401769000000000233e+03
4.519999999999999574e+00 1.276567103999999908e+01 2.295388408000000254e+03 2.401769000000000233e+03
4.525000000000000355e+00 1.273752671999999997e+01 2.295622944000000189e+03 2.401769000000000233e+03
4.530000000000001137e+00 1.268642256000000046e+01 2.296048811999999998e+03 2.401769000000000233e+03
4.535000000000000142e+00 1.272049200000000013e+01 2.295764900000000125e+03 2.401769000000000233e+03
4.540000000000000924e+00 1.273197192000000122e+01 2.295669234000000415e+03 2.401769000000000233e+03
4.544999999999999929e+00 1.271493719999999961e+01 2.295811190000000352e+03 2.401769000000000233e+03
4.550000000000000711e+00 1.274308151999999872e+01 2.295576654000000417e+03 2.401769000000000233e+03
4.554999999999999716e+00 1.272604680000000066e+01 2.295718610000000353e+03 2.401769000000000233e+03
4.560000000000000497e+00 1.277715096000000017e+01 2.295292742000000089e+03 2.401769000000000233e+03
4.564999999999999503e+00 1.277715096000000017e+01 2.295292742000000089e+03 2.401769000000000233e+03
4.570000000000000284e+00 1.272604680000000066e+01 2.295718610000000353e+03 2.401769000000000233e+03
4.575000000000001066e+00 1.278270575999999892e+01 2.295246452000000318e+03 2.401769000000000233e+03
4.580000000000000071e+00 1.270345728000000030e+01 2.295906856000000062e+03 2.401769000000000233e+03
4.585000000000000853e+00 1.274308151999999872e+01 2.295576654000000417e+03 2.401769000000000233e+03
4.589999999999999858e+00 1.274863631999999924e+01 2.295530364000000191e+03 2.401769000000000233e+03
4.595000000000000639e+00 1.273752671999999997e+01 2.295622944000000189e+03 2.401769000000000233e+03
4.599999999999999645e+00 1.273752671999999997e+01 2.295622944000000189e+03 2.401769000000000233e+03
4.605000000000000426e+00 1.278826055999999944e+01 2.295200162000000091e+03 2.401769000000000233e+03
4.609999999999999432e+00 1.275456143999999981e+01 2.295480988000000252e+03 2.401769000000000233e+03
4.615000000000000213e+00 1.271493719999999961e+01 2.295811190000000352e+03 2.401769000000000233e+03
4.620000000000000995e+00 1.272049200000000013e+01 2.295764900000000125e+03 2.401769000000000233e+03
4.625000000000000000e+00 1.273197192000000122e+01 2.295669234000000415e+03 2.401769000000000233e+03
4.630000000000000782e+00 1.272049200000000013e+01 2.295764900000000125e+03 2.401769000000000233e+03
4.634999999999999787e+00 1.273752671999999997e+01 2.295622944000000189e+03 2.401769000000000233e+03
4.640000000000000568e+00 1.272604680000000066e+01 2.295718610000000353e+03 2.401769000000000233e+03
4.644999999999999574e+00 1.269790247999999977e+01 2.295953146000000288e+03 2.401769000000000233e+03
4.650000000000000355e+00 1.266975815999999888e+01 2.296187682000000223e+03 2.401769000000000233e+03
4.655000000000001137e+00 1.272604680000000066e+01 2.295718610000000353e+03 2.401769000000000233e+03
4.660000000000000142e+00 1.266975815999999888e+01 2.296187682000000223e+03 2.401769000000000233e+03
4.665000000000000924e+00 1.268086775999999993e+01 2.296095102000000225e+03 2.401769000000000233e+03
4.669999999999999929e+00 1.273752671999999997e+01 2.295622944000000189e+03 2.401769000000000233e+03
4.675000000000000711e+00 1.266975815999999888e+01 2.296187682000000223e+03 2.401769000000000233e+03
4.679999999999999716e+00 1.269234767999999924e+01 2.295999436000000060e+03 2.401769000000000233e+03
4.685000000000000497e+00 1.270345728000000030e+01 2.295906856000000062e+03 2.401769000000000233e+03
4.689999999999999503e+00 1.271493719999999961e+01 2.295811190000000352e+03 2.401769000000000233e+03
4.695000000000000284e+00 1.262457911999999993e+01 2.296564174000000094e+03 2.401769000000000233e+03
4.700000000000001066e+00 1.262457911999999993e+01 2.296564174000000094e+03 2.401769000000000233e+03
4.705000000000000071e+00 1.270938240000000086e+01 2.295857480000000123e+03 2.401769000000000233e+03
4.710000000000000853e+00 1.269790247999999977e+01 2.295953146000000288e+03 2.401769000000000233e+03
4.714999999999999858e+00 1.269234767999999924e+01 2.295999436000000060e+03 2.401769000000000233e+03
4.720000000000000639e+00 1.264716863999999852e+01 2.296375928000000386e+03 2.401769000000000233e+03
4.724999999999999645e+00 1.262457911999999993e+01 2.296564174000000094e+03 2.401769000000000233e+03
4.730000000000000426e+00 1.269790247999999977e+01 2.295953146000000288e+03 2.401769000000000233e+03
4.734999999999999432e+00 1.264716863999999852e+01 2.296375928000000386e+03 2.401769000000000233e+03
4.740000000000000213e+00 1.267531295999999941e+01 2.296141392000000451e+03 2.401769000000000233e+03
4.745000000000000995e+00 1.265827823999999957e+01 2.296283348000000387e+03 2.401769000000000233e+03
4.750000000000000000e+00 1.261865399999999759e+01 2.296613550000000032e+03 2.401769000000000233e+03
4.755000000000000782e+00 1.264716863999999852e+01 2.296375928000000386e+03 2.401769000000000233e+03
4.759999999999999787e+00 1.267531295999999941e+01 2.296141392000000451e+03 2.401769000000000233e+03
4.765000000000000568e+00 1.269790247999999977e+01 2.295953146000000288e+03 2.401769000000000233e+03
4.769999999999999574e+00 1.264716863999999852e+01 2.296375928000000386e+03 2.401769000000000233e+03
4.775000000000000355e+00 1.260198959999999957e+01 2.296752420000000257e+03 2.401769000000000233e+03
4.780000000000001137e+00 1.259606447999999901e+01 2.296801796000000195e+03 2.401769000000000233e+03
4.785000000000000142e+00 1.267531295999999941e+01 2.296141392000000451e+03 2.401769000000000233e+03
4.790000000000000924e+00 1.262457911999999993e+01 2.296564174000000094e+03 2.401769000000000233e+03
4.794999999999999929e+00 1.267531295999999941e+01 2.296141392000000451e+03 2.401769000000000233e+03
4.800000000000000711e+00 1.256236535999999937e+01 2.297082622000000356e+03 2.401769000000000233e+03
4.804999999999999716e+00 1.263568871999999921e+01 2.296471594000000096e+03 2.401769000000000233e+03
4.810000000000000497e+00 1.267531295999999941e+01 2.296141392000000451e+03 2.401769000000000233e+03
4.814999999999999503e+00 1.265827823999999957e+01 2.296283348000000387e+03 2.401769000000000233e+03
4.820000000000000284e+00 1.264716863999999852e+01 2.296375928000000386e+03 2.401769000000000233e+03
4.825000000000001066e+00 1.259606447999999901e+01 2.296801796000000195e+03 2.401769000000000233e+03
4.830000000000000071e+00 1.266383303999999832e+01 2.296237058000000161e+03 2.401769000000000233e+03
4.835000000000000853e+00 1.261865399999999759e+01 2.296613550000000032e+03 2.401769000000000233e+03
4.839999999999999858e+00 1.266975815999999888e+01 2.296187682000000223e+03 2.401769000000000233e+03
4.845000000000000639e+00 1.265827823999999957e+01 2.296283348000000387e+03 2.401769000000000233e+03
4.849999999999999645e+00 1.263013391999999868e+01 2.296517884000000322e+03 2.401769000000000233e+03
4.855000000000000426e+00 1.265827823999999957e+01 2.296283348000000387e+03 2.401769000000000233e+03
4.859999999999999432e+00 1.259606447999999901e+01 2.296801796000000195e+03 2.401769000000000233e+03
4.865000000000000213e+00 1.252829591999999792e+01 2.297366534000000229e+03 2.401769000000000233e+03
4.870000000000000995e+00 1.258495487999999973e+01 2.296894376000000193e+03 2.401769000000000233e+03
4.875000000000000000e+00 1.259606447999999901e+01 2.296801796000000195e+03 2.401769000000000233e+03
4.880000000000000782e+00 1.257940007999999921e+01 2.296940666000000419e+03 2.401769000000000233e+03
4.884999999999999787e+00 1.256792015999999990e+01 2.297036332000000129e+03 2.401769000000000233e+03
4.890000000000000568e+00 1.261865399999999759e+01 2.296613550000000032e+03 2.401769000000000233e+03
4.894999999999999574e+00 1.256236535999999937e+01 2.297082622000000356e+03 2.401769000000000233e+03
4.900000000000000355e+00 1.254533063999999953e+01 2.297224578000000292e+03 2.401769000000000233e+03
4.905000000000001137e+00 1.257940007999999921e+01 2.296940666000000419e+03 2.401769000000000233e+03
4.910000000000000142e+00 1.262457911999999993e+01 2.296564174000000094e+03 2.401769000000000233e+03
4.915000000000000924e+00 1.255644023999999881e+01 2.297131998000000294e+03 2.401769000000000233e+03
4.919999999999999929e+00 1.257940007999999921e+01 2.296940666000000419e+03 2.401769000000000233e+03
4.925000000000000711e+00 1.261865399999999759e+01 2.296613550000000032e+03 2.401769000000000233e+03
4.929999999999999716e+00 1.256236535999999937e+01 2.297082622000000356e+03 2.401769000000000233e+03
4.935000000000000497e+00 1.258495487999999973e+01 2.296894376000000193e+03 2.401769000000000233e+03
4.939999999999999503e+00 1.259606447999999901e+01 2.296801796000000195e+03 2.401769000000000233e+03
4.945000000000000284e+00 1.254533063999999953e+01 2.297224578000000292e+03 2.401769000000000233e+03
4.950000000000001066e+00 1.255644023999999881e+01 2.297131998000000294e+03 2.401769000000000233e+03
4.955000000000000071e+00 1.257347495999999865e+01 2.296990042000000358e+03 2.401769000000000233e+03
4.960000000000000853e+00 1.256792015999999990e+01 2.297036332000000129e+03 2.401769000000000233e+03
4.964999999999999858e+00 1.257347495999999865e+01 2.296990042000000358e+03 2.401769000000000233e+03
4.970000000000000639e+00 1.256792015999999990e+01 2.297036332000000129e+03 2.401769000000000233e+03
4.974999999999999645e+00 1.258495487999999973e+01 2.296894376000000193e+03 2.401769000000000233e+03
4.980000000000000426e+00 1.253385071999999845e+01 2.297320244000000457e+03 2.401769000000000233e+03
4.984999999999999432e+00 1.250570639999999756e+01 2.297554780000000392e+03 2.401769000000000233e+03
4.990000000000000213e+00 1.256792015999999990e+01 2.297036332000000129e+03 2.401769000000000233e+03
4.995000000000000995e+00 1.254533063999999953e+01 2.297224578000000292e+03 2.401769000000000233e+03
5.000000000000000000e+00 1.252829591999999792e+01 2.297366534000000229e+03 2.401769000000000233e+03
5.005000000000000782e+00 1.253977583999999901e+01 2.297270868000000064e+03 2.401769000000000233e+03
5.009999999999999787e+00 1.254533063999999953e+01 2.297224578000000292e+03 2.401769000000000233e+03
5.015000000000000568e+00 1.251718631999999864e+01 2.297459114000000227e+03 2.401769000000000233e+03
5.019999999999999574e+00 1.248867167999999950e+01 2.297696736000000328e+03 2.401769000000000233e+03
5.025000000000000355e+00 1.259606447999999901e+01 2.296801796000000195e+03 2.401769000000000233e+03
5.030000000000001137e+00 1.249459680000000006e+01 2.297647360000000390e+03 2.401769000000000233e+03
5.035000000000000142e+00 1.250015160000000058e+01 2.297601070000000163e+03 2.401769000000000233e+03
5.040000000000000924e+00 1.255088543999999828e+01 2.297178288000000066e+03 2.401769000000000233e+03
5.044999999999999929e+00 1.261309920000000062e+01 2.296659840000000258e+03 2.401769000000000233e+03
5.050000000000000711e+00 1.252829591999999792e+01 2.297366534000000229e+03 2.401769000000000233e+03
5.054999999999999716e+00 1.247756208000000022e+01 2.297789316000000326e+03 2.401769000000000233e+03
5.060000000000000497e+00 1.254533063999999953e+01 2.297224578000000292e+03 2.401769000000000233e+03
5.064999999999999503e+00 1.243793783999999825e+01 2.298119518000000426e+03 2.401769000000000233e+03
5.070000000000000284e+00 1.244349263999999877e+01 2.298073228000000199e+03 2.401769000000000233e+03
5.075000000000001066e+00 1.250570639999999756e+01 2.297554780000000392e+03 2.401769000000000233e+03
5.080000000000000071e+00 1.248867167999999950e+01 2.297696736000000328e+03 2.401769000000000233e+03
5.085000000000000853e+00 1.254533063999999953e+01 2.297224578000000292e+03 2.401769000000000233e+03
5.089999999999999858e+00 1.251718631999999864e+01 2.297459114000000227e+03 2.401769000000000233e+03
5.095000000000000639e+00 1.249459680000000006e+01 2.297647360000000390e+03 2.401769000000000233e+03
5.099999999999999645e+00 1.252274111999999917e+01 2.297412824000000455e+03 2.401769000000000233e+03
5.105000000000000426e+00 1.250570639999999756e+01 2.297554780000000392e+03 2.401769000000000233e+03
5.109999999999999432e+00 1.251126119999999808e+01 2.297508490000000165e+03 2.401769000000000233e+03
5.115000000000000213e+00 1.253977583999999901e+01 2.297270868000000064e+03 2.401769000000000233e+03
5.120000000000000995e+00 1.252829591999999792e+01 2.297366534000000229e+03 2.401769000000000233e+03
5.125000000000000000e+00 1.252829591999999792e+01 2.297366534000000229e+03 2.401769000000000233e+03
5.130000000000000782e+00 1.245497255999999986e+01 2.297977562000000034e+03 2.401769000000000233e+03
5.134999999999999787e+00 1.247756208000000022e+01 2.297789316000000326e+03 2.401769000000000233e+03
5.140000000000000568e+00 1.247200727999999970e+01 2.297835606000000098e+03 2.401769000000000233e+03
5.144999999999999574e+00 1.251126119999999808e+01 2.297508490000000165e+03 2.401769000000000233e+03
5.150000000000000355e+00 1.253977583999999901e+01 2.297270868000000064e+03 2.401769000000000233e+03
5.155000000000001137e+00 1.250015160000000058e+01 2.297601070000000163e+03 2.401769000000000233e+03
5.160000000000000142e+00 1.257940007999999921e+01 2.296940666000000419e+03 2.401769000000000233e+03
5.165000000000000924e+00 1.255644023999999881e+01 2.297131998000000294e+03 2.401769000000000233e+03
5.169999999999999929e+00 1.242682823999999897e+01 2.298212098000000424e+03 2.401769000000000233e+03
5.175000000000000711e+00 1.247200727999999970e+01 2.297835606000000098e+03 2.401769000000000233e+03
5.179999999999999716e+00 1.247756208000000022e+01 2.297789316000000326e+03 2.401769000000000233e+03
5.185000000000000497e+00 1.243793783999999825e+01 2.298119518000000426e+03 2.401769000000000233e+03
5.189999999999999503e+00 1.240386839999999857e+01 2.298403430000000299e+03 2.401769000000000233e+03
5.195000000000000284e+00 1.246052735999999861e+01 2.297931272000000263e+03 2.401769000000000233e+03
5.200000000000001066e+00 1.246052735999999861e+01 2.297931272000000263e+03 2.401769000000000233e+03
5.205000000000000071e+00 1.248867167999999950e+01 2.297696736000000328e+03 2.401769000000000233e+03
5.210000000000000853e+00 1.253385071999999845e+01 2.297320244000000457e+03 2.401769000000000233e+03
5.214999999999999858e+00 1.246608215999999913e+01 2.297884982000000036e+03 2.401769000000000233e+03
5.220000000000000639e+00 1.248311687999999897e+01 2.297743026000000100e+03 2.401769000000000233e+03
5.224999999999999645e+00 1.248311687999999897e+01 2.297743026000000100e+03 2.401769000000000233e+03
5.230000000000000426e+00 1.247756208000000022e+01 2.297789316000000326e+03 2.401769000000000233e+03
5.234999999999999432e+00 1.248311687999999897e+01 2.297743026000000100e+03 2.401769000000000233e+03
5.240000000000000213e+00 1.250570639999999756e+01 2.297554780000000392e+03 2.401769000000000233e+03
5.245000000000000995e+00 1.248311687999999897e+01 2.297743026000000100e+03 2.401769000000000233e+03
5.250000000000000000e+00 1.251718631999999864e+01 2.297459114000000227e+03 2.401769000000000233e+03
5.255000000000000782e+00 1.245497255999999986e+01 2.297977562000000034e+03 2.401769000000000233e+03
5.259999999999999787e+00 1.244349263999999877e+01 2.298073228000000199e+03 2.401769000000000233e+03
5.265000000000000568e+00 1.248311687999999897e+01 2.297743026000000100e+03 2.401769000000000233e+03
5.269999999999999574e+00 1.242682823999999897e+01 2.298212098000000424e+03 2.401769000000000233e+03
5.275000000000000355e+00 1.248311687999999897e+01 2.297743026000000100e+03 2.401769000000000233e+03
5.280000000000001137e+00 1.247200727999999970e+01 2.297835606000000098e+03 2.401769000000000233e+03
5.285000000000000142e+00 1.248311687999999897e+01 2.297743026000000100e+03 2.401769000000000233e+03
5.290000000000000924e+00 1.242090311999999841e+01 2.298261474000000362e+03 2.401769000000000233e+03
5.294999999999999929e+00 1.244941775999999933e+01 2.298023852000000261e+03 2.401769000000000233e+03
5.300000000000000711e+00 1.244349263999999877e+01 2.298073228000000199e+03 2.401769000000000233e+03
5.304999999999999716e+00 1.247756208000000022e+01 2.297789316000000326e+03 2.401769000000000233e+03
5.310000000000000497e+00 1.248867167999999950e+01 2.297696736000000328e+03 2.401769000000000233e+03
5.314999999999999503e+00 1.240386839999999857e+01 2.298403430000000299e+03 2.401769000000000233e+03
5.320000000000000284e+00 1.244941775999999933e+01 2.298023852000000261e+03 2.401769000000000233e+03
5.325000000000001066e+00 1.242090311999999841e+01 2.298261474000000362e+03 2.401769000000000233e+03
5.330000000000000071e+00 1.246052735999999861e+01 2.297931272000000263e+03 2.401769000000000233e+03
5.335000000000000853e+00 1.244349263999999877e+01 2.298073228000000199e+03 2.401769000000000233e+03
5.339999999999999858e+00 1.244349263999999877e+01 2.298073228000000199e+03 2.401769000000000233e+03
5.345000000000000639e+00 1.250570639999999756e+01 2.297554780000000392e+03 2.401769000000000233e+03
5.349999999999999645e+00 1.245497255999999986e+01 2.297977562000000034e+03 2.401769000000000233e+03
5.355000000000000426e+00 1.247756208000000022e+01 2.297789316000000326e+03 2.401769000000000233e+03
5.359999999999999432e+00 1.252829591999999792e+01 2.297366534000000229e+03 2.401769000000000233e+03
5.365000000000000213e+00 1.242090311999999841e+01 2.298261474000000362e+03 2.401769000000000233e+03
5.370000000000000995e+00 1.247756208000000022e+01 2.297789316000000326e+03 2.401769000000000233e+03
5.375000000000000000e+00 1.243238303999999772e+01 2.298165808000000197e+03 2.401769000000000233e+03
5.380000000000000782e+00 1.243793783999999825e+01 2.298119518000000426e+03 2.401769000000000233e+03
5.384999999999999787e+00 1.241534831999999788e+01 2.298307764000000134e+03 2.401769000000000233e+03
5.390000000000000568e+00 1.244941775999999933e+01 2.298023852000000261e+03 2.401769000000000233e+03
5.394999999999999574e+00 1.239831359999999805e+01 2.298449720000000070e+03 2.401769000000000233e+03
5.400000000000000355e+00 1.244349263999999877e+01 2.298073228000000199e+03 2.401769000000000233e+03
5.405000000000001137e+00 1.240979351999999736e+01 2.298354054000000360e+03 2.401769000000000233e+03
5.410000000000000142e+00 1.238720399999999877e+01 2.298542300000000068e+03 2.401769000000000233e+03
5.415000000000000924e+00 1.243793783999999825e+01 2.298119518000000426e+03 2.401769000000000233e+03
5.419999999999999929e+00 1.239831359999999805e+01 2.298449720000000070e+03 2.401769000000000233e+03
5.425000000000000711e+00 1.241534831999999788e+01 2.298307764000000134e+03 2.401769000000000233e+03
5.429999999999999716e+00 1.237572407999999946e+01 2.298637966000000233e+03 2.401769000000000233e+03
5.435000000000000497e+00 1.243238303999999772e+01 2.298165808000000197e+03 2.401769000000000233e+03
5.439999999999999503e+00 1.235313455999999910e+01 2.298826212000000396e+03 2.401769000000000233e+03
5.445000000000000284e+00 1.238127887999999821e+01 2.298591676000000461e+03 2.401769000000000233e+03
5.450000000000001066e+00 1.242090311999999841e+01 2.298261474000000362e+03 2.401769000000000233e+03
5.455000000000000071e+00 1.237016927999999893e+01 2.298684256000000460e+03 2.401769000000000233e+03
5.460000000000000853e+00 1.238720399999999877e+01 2.298542300000000068e+03 2.401769000000000233e+03
5.464999999999999858e+00 1.235313455999999910e+01 2.298826212000000396e+03 2.401769000000000233e+03
5.470000000000000639e+00 1.239831359999999805e+01 2.298449720000000070e+03 2.401769000000000233e+03
5.474999999999999645e+00 1.233609983999999926e+01 2.298968168000000333e+03 2.401769000000000233e+03
5.480000000000000426e+00 1.234757975999999857e+01 2.298872502000000168e+03 2.401769000000000233e+03
5.484999999999999432e+00 1.236461447999999841e+01 2.298730546000000231e+03 2.401769000000000233e+03
5.490000000000000213e+00 1.234202495999999805e+01 2.298918792000000394e+03 2.401769000000000233e+03
5.495000000000000995e+00 1.238127887999999821e+01 2.298591676000000461e+03 2.401769000000000233e+03
5.500000000000000000e+00 1.240979351999999736e+01 2.298354054000000360e+03 2.401769000000000233e+03
5.505000000000000782e+00 1.237016927999999893e+01 2.298684256000000460e+03 2.401769000000000233e+03
5.509999999999999787e+00 1.231943543999999768e+01 2.299107038000000102e+03 2.401769000000000233e+03
5.515000000000000568e+00 1.235868935999999962e+01 2.298779922000000170e+03 2.401769000000000233e+03
5.519999999999999574e+00 1.234202495999999805e+01 2.298918792000000394e+03 2.401769000000000233e+03
5.525000000000000355e+00 1.234202495999999805e+01 2.298918792000000394e+03 2.401769000000000233e+03
5.530000000000001137e+00 1.239275879999999752e+01 2.298496010000000297e+03 2.401769000000000233e+03
5.535000000000000142e+00 1.240979351999999736e+01 2.298354054000000360e+03 2.401769000000000233e+03
5.540000000000000924e+00 1.231943543999999768e+01 2.299107038000000102e+03 2.401769000000000233e+03
5.544999999999999929e+00 1.233609983999999926e+01 2.298968168000000333e+03 2.401769000000000233e+03
5.550000000000000711e+00 1.228536599999999801e+01 2.299390950000000430e+03 2.401769000000000233e+03
5.554999999999999716e+00 1.234757975999999857e+01 2.298872502000000168e+03 2.401769000000000233e+03
5.560000000000000497e+00 1.234202495999999805e+01 2.298918792000000394e+03 2.401769000000000233e+03
5.564999999999999503e+00 1.235868935999999962e+01 2.298779922000000170e+03 2.401769000000000233e+03
5.570000000000000284e+00 1.238720399999999877e+01 2.298542300000000068e+03 2.401769000000000233e+03
5.575000000000001066e+00 1.235868935999999962e+01 2.298779922000000170e+03 2.401769000000000233e+03
5.580000000000000071e+00 1.233609983999999926e+01 2.298968168000000333e+03 2.401769000000000233e+03
5.585000000000000853e+00 1.236461447999999841e+01 2.298730546000000231e+03 2.401769000000000233e+03
5.589999999999999858e+00 1.232499023999999821e+01 2.299060748000000331e+03 2.401769000000000233e+03
5.595000000000000639e+00 1.228536599999999801e+01 2.299390950000000430e+03 2.401769000000000233e+03
5.599999999999999645e+00 1.230795551999999837e+01 2.299202704000000267e+03 2.401769000000000233e+03
5.605000000000000426e+00 1.234757975999999857e+01 2.298872502000000168e+03 2.401769000000000233e+03
5.609999999999999432e+00 1.235313455999999910e+01 2.298826212000000396e+03 2.401769000000000233e+03
5.615000000000000213e+00 1.229684591999999732e+01 2.299295284000000265e+03 2.401769000000000233e+03
5.620000000000000995e+00 1.229092079999999854e+01 2.299344660000000204e+03 2.401769000000000233e+03
5.625000000000000000e+00 1.231943543999999768e+01 2.299107038000000102e+03 2.401769000000000233e+03
5.630000000000000782e+00 1.234757975999999857e+01 2.298872502000000168e+03 2.401769000000000233e+03
5.634999999999999787e+00 1.243238303999999772e+01 2.298165808000000197e+03 2.401769000000000233e+03
5.640000000000000568e+00 1.239831359999999805e+01 2.298449720000000070e+03 2.401769000000000233e+03
5.644999999999999574e+00 1.238127887999999821e+01 2.298591676000000461e+03 2.401769000000000233e+03
5.650000000000000355e+00 1.234202495999999805e+01 2.298918792000000394e+03 2.401769000000000233e+03
5.655000000000001137e+00 1.227388607999999870e+01 2.299486616000000140e+03 2.401769000000000233e+03
5.660000000000000142e+00 1.226277647999999942e+01 2.299579196000000138e+03 2.401769000000000233e+03
5.665000000000000924e+00 1.230795551999999837e+01 2.299202704000000267e+03 2.401769000000000233e+03
5.669999999999999929e+00 1.230795551999999837e+01 2.299202704000000267e+03 2.401769000000000233e+03
5.675000000000000711e+00 1.227981119999999748e+01 2.299437240000000202e+03 2.401769000000000233e+03
5.679999999999999716e+00 1.231351031999999890e+01 2.299156414000000041e+03 2.401769000000000233e+03
5.685000000000000497e+00 1.230795551999999837e+01 2.299202704000000267e+03 2.401769000000000233e+03
5.689999999999999503e+00 1.231351031999999890e+01 2.299156414000000041e+03 2.401769000000000233e+03
5.695000000000000284e+00 1.229684591999999732e+01 2.299295284000000265e+03 2.401769000000000233e+03
5.700000000000001066e+00 1.229092079999999854e+01 2.299344660000000204e+03 2.401769000000000233e+03
5.705000000000000071e+00 1.232499023999999821e+01 2.299060748000000331e+03 2.401769000000000233e+03
5.710000000000000853e+00 1.228536599999999801e+01 2.299390950000000430e+03 2.401769000000000233e+03
5.714999999999999858e+00 1.233054503999999874e+01 2.299014458000000104e+03 2.401769000000000233e+03
5.720000000000000639e+00 1.231943543999999768e+01 2.299107038000000102e+03 2.401769000000000233e+03
5.724999999999999645e+00 1.228536599999999801e+01 2.299390950000000430e+03 2.401769000000000233e+03
5.730000000000000426e+00 1.223463215999999854e+01 2.299813732000000073e+03 2.401769000000000233e+03
5.734999999999999432e+00 1.225129655999999834e+01 2.299674862000000303e+03 2.401769000000000233e+03
5.740000000000000213e+00 1.226277647999999942e+01 2.299579196000000138e+03 2.401769000000000233e+03
5.745000000000000995e+00 1.230795551999999837e+01 2.299202704000000267e+03 2.401769000000000233e+03
5.750000000000000000e+00 1.226833127999999817e+01 2.299532906000000366e+03 2.401769000000000233e+03
5.755000000000000782e+00 1.230795551999999837e+01 2.299202704000000267e+03 2.401769000000000233e+03
5.759999999999999787e+00 1.230240071999999785e+01 2.299248994000000039e+03 2.401769000000000233e+03
5.765000000000000568e+00 1.234202495999999805e+01 2.298918792000000394e+03 2.401769000000000233e+03
5.769999999999999574e+00 1.227981119999999748e+01 2.299437240000000202e+03 2.401769000000000233e+03
5.775000000000000355e+00 1.228536599999999801e+01 2.299390950000000430e+03 2.401769000000000233e+03
5.780000000000001137e+00 1.225129655999999834e+01 2.299674862000000303e+03 2.401769000000000233e+03
5.785000000000000142e+00 1.225129655999999834e+01 2.299674862000000303e+03 2.401769000000000233e+03
5.790000000000000924e+00 1.236461447999999841e+01 2.298730546000000231e+03 2.401769000000000233e+03
5.794999999999999929e+00 1.225129655999999834e+01 2.299674862000000303e+03 2.401769000000000233e+03
5.800000000000000711e+00 1.224018695999999906e+01 2.299767442000000301e+03 2.401769000000000233e+03
5.804999999999999716e+00 1.221204263999999817e+01 2.300001978000000236e+03 2.401769000000000233e+03
5.810000000000000497e+00 1.220056271999999886e+01 2.300097644000000400e+03 2.401769000000000233e+03
5.814999999999999503e+00 1.229684591999999732e+01 2.299295284000000265e+03 2.401769000000000233e+03
5.820000000000000284e+00 1.226277647999999942e+01 2.299579196000000138e+03 2.401769000000000233e+03
5.825000000000001066e+00 1.226833127999999817e+01 2.299532906000000366e+03 2.401769000000000233e+03
5.830000000000000071e+00 1.227981119999999748e+01 2.299437240000000202e+03 2.401769000000000233e+03
5.835000000000000853e+00 1.230795551999999837e+01 2.299202704000000267e+03 2.401769000000000233e+03
5.839999999999999858e+00 1.229092079999999854e+01 2.299344660000000204e+03 2.401769000000000233e+03
5.845000000000000639e+00 1.225129655999999834e+01 2.299674862000000303e+03 2.401769000000000233e+03
5.849999999999999645e+00 1.224018695999999906e+01 2.299767442000000301e+03 2.401769000000000233e+03
5.855000000000000426e+00 1.225129655999999834e+01 2.299674862000000303e+03 2.401769000000000233e+03
5.859999999999999432e+00 1.218945311999999781e+01 2.300190224000000399e+03 2.401769000000000233e+03
5.865000000000000213e+00 1.218352799999999903e+01 2.300239600000000337e+03 2.401769000000000233e+03
5.870000000000000995e+00 1.222870703999999975e+01 2.299863108000000011e+03 2.401769000000000233e+03
5.875000000000000000e+00 1.220611751999999939e+01 2.300051354000000174e+03 2.401769000000000233e+03
5.880000000000000782e+00 1.226277647999999942e+01 2.299579196000000138e+03 2.401769000000000233e+03
5.884999999999999787e+00 1.229092079999999854e+01 2.299344660000000204e+03 2.401769000000000233e+03
5.890000000000000568e+00 1.224574175999999959e+01 2.299721152000000075e+03 2.401769000000000233e+03
5.894999999999999574e+00 1.226833127999999817e+01 2.299532906000000366e+03 2.401769000000000233e+03
5.900000000000000355e+00 1.225129655999999834e+01 2.299674862000000303e+03 2.401769000000000233e+03
5.905000000000001137e+00 1.222315223999999922e+01 2.299909398000000238e+03 2.401769000000000233e+03
5.910000000000000142e+00 1.223463215999999854e+01 2.299813732000000073e+03 2.401769000000000233e+03
5.915000000000000924e+00 1.226277647999999942e+01 2.299579196000000138e+03 2.401769000000000233e+03
5.919999999999999929e+00 1.223463215999999854e+01 2.299813732000000073e+03 2.401769000000000233e+03
5.925000000000000711e+00 1.223463215999999854e+01 2.299813732000000073e+03 2.401769000000000233e+03
5.929999999999999716e+00 1.222315223999999922e+01 2.299909398000000238e+03 2.401769000000000233e+03
5.935000000000000497e+00 1.221204263999999817e+01 2.300001978000000236e+03 2.401769000000000233e+03
5.939999999999999503e+00 1.221204263999999817e+01 2.300001978000000236e+03 2.401769000000000233e+03
5.945000000000000284e+00 1.226277647999999942e+01 2.299579196000000138e+03 2.401769000000000233e+03
5.950000000000001066e+00 1.224018695999999906e+01 2.299767442000000301e+03 2.401769000000000233e+03
5.955000000000000071e+00 1.224018695999999906e+01 2.299767442000000301e+03 2.401769000000000233e+03
5.960000000000000853e+00 1.225129655999999834e+01 2.299674862000000303e+03 2.401769000000000233e+03
5.964999999999999858e+00 1.225129655999999834e+01 2.299674862000000303e+03 2.401769000000000233e+03
5.970000000000000639e+00 1.224574175999999959e+01 2.299721152000000075e+03 2.401769000000000233e+03
5.974999999999999645e+00 1.219500791999999834e+01 2.300143934000000172e+03 2.401769000000000233e+03
5.980000000000000426e+00 1.226277647999999942e+01 2.299579196000000138e+03 2.401769000000000233e+03
5.984999999999999432e+00 1.222315223999999922e+01 2.299909398000000238e+03 2.401769000000000233e+03
5.990000000000000213e+00 1.220611751999999939e+01 2.300051354000000174e+03 2.401769000000000233e+03
5.995000000000000995e+00 1.216686359999999745e+01 2.300378470000000107e+03 2.401769000000000233e+03
6.000000000000000000e+00 1.220611751999999939e+01 2.300051354000000174e+03 2.401769000000000233e+03
6.005000000000000782e+00 1.220611751999999939e+01 2.300051354000000174e+03 2.401769000000000233e+03
6.009999999999999787e+00 1.224018695999999906e+01 2.299767442000000301e+03 2.401769000000000233e+03
6.015000000000000568e+00 1.224018695999999906e+01 2.299767442000000301e+03 2.401769000000000233e+03
6.019999999999999574e+00 1.226833127999999817e+01 2.299532906000000366e+03 2.401769000000000233e+03
6.025000000000000355e+00 1.222315223999999922e+01 2.299909398000000238e+03 2.401769000000000233e+03
6.030000000000001137e+00 1.226833127999999817e+01 2.299532906000000366e+03 2.401769000000000233e+03
6.035000000000000142e+00 1.221204263999999817e+01 2.300001978000000236e+03 2.401769000000000233e+03
6.040000000000000924e+00 1.226277647999999942e+01 2.299579196000000138e+03 2.401769000000000233e+03
6.044999999999999929e+00 1.223463215999999854e+01 2.299813732000000073e+03 2.401769000000000233e+03
6.050000000000000711e+00 1.222315223999999922e+01 2.299909398000000238e+03 2.401769000000000233e+03
6.054999999999999716e+00 1.225129655999999834e+01 2.299674862000000303e+03 2.401769000000000233e+03
6.060000000000000497e+00 1.225722167999999890e+01 2.299625486000000365e+03 2.401769000000000233e+03
6.064999999999999503e+00 1.218945311999999781e+01 2.300190224000000399e+03 2.401769000000000233e+03
6.070000000000000284e+00 1.216093847999999866e+01 2.300427846000000045e+03 2.401769000000000233e+03
6.075000000000001066e+00 1.217241839999999797e+01 2.300332180000000335e+03 2.401769000000000233e+03
6.080000000000000071e+00 1.222315223999999922e+01 2.299909398000000238e+03 2.401769000000000233e+03
6.085000000000000853e+00 1.222870703999999975e+01 2.299863108000000011e+03 2.401769000000000233e+03
6.089999999999999858e+00 1.221204263999999817e+01 2.300001978000000236e+03 2.401769000000000233e+03
6.095000000000000639e+00 1.217241839999999797e+01 2.300332180000000335e+03 2.401769000000000233e+03
6.099999999999999645e+00 1.227388607999999870e+01 2.299486616000000140e+03 2.401769000000000233e+03
6.105000000000000426e+00 1.227981119999999748e+01 2.299437240000000202e+03 2.401769000000000233e+03
6.109999999999999432e+00 1.227388607999999870e+01 2.299486616000000140e+03 2.401769000000000233e+03
6.115000000000000213e+00 1.220056271999999886e+01 2.300097644000000400e+03 2.401769000000000233e+03
6.120000000000000995e+00 1.221759743999999870e+01 2.299955688000000009e+03 2.401769000000000233e+03
6.125000000000000000e+00 1.226833127999999817e+01 2.299532906000000366e+03 2.401769000000000233e+03
6.130000000000000782e+00 1.225722167999999890e+01 2.299625486000000365e+03 2.401769000000000233e+03
6.134999999999999787e+00 1.219500791999999834e+01 2.300143934000000172e+03 2.401769000000000233e+03
6.140000000000000568e+00 1.218945311999999781e+01 2.300190224000000399e+03 2.401769000000000233e+03
6.144999999999999574e+00 1.217797319999999850e+01 2.300285890000000109e+03 2.401769000000000233e+03
6.150000000000000355e+00 1.218352799999999903e+01 2.300239600000000337e+03 2.401769000000000233e+03
6.155000000000001137e+00 1.219500791999999834e+01 2.300143934000000172e+03 2.401769000000000233e+03
6.160000000000000142e+00 1.226277647999999942e+01 2.299579196000000138e+03 2.401769000000000233e+03
6.165000000000000924e+00 1.219500791999999834e+01 2.300143934000000172e+03 2.401769000000000233e+03
6.169999999999999929e+00 1.215538367999999814e+01 2.300474136000000271e+03 2.401769000000000233e+03
6.175000000000000711e+00 1.217797319999999850e+01 2.300285890000000109e+03 2.401769000000000233e+03
6.179999999999999716e+00 1.221204263999999817e+01 2.300001978000000236e+03 2.401769000000000233e+03
6.185000000000000497e+00 1.217241839999999797e+01 2.300332180000000335e+03 2.401769000000000233e+03
6.189999999999999503e+00 1.224574175999999959e+01 2.299721152000000075e+03 2.401769000000000233e+03
6.195000000000000284e+00 1.220611751999999939e+01 2.300051354000000174e+03 2.401769000000000233e+03
6.200000000000001066e+00 1.218945311999999781e+01 2.300190224000000399e+03 2.401769000000000233e+03
6.205000000000000071e+00 1.216093847999999866e+01 2.300427846000000045e+03 2.401769000000000233e+03
6.210000000000000853e+00 1.221204263999999817e+01 2.300001978000000236e+03 2.401769000000000233e+03
6.214999999999999858e+00 1.223463215999999854e+01 2.299813732000000073e+03 2.401769000000000233e+03
6.220000000000000639e+00 1.219500791999999834e+01 2.300143934000000172e+03 2.401769000000000233e+03
6.224999999999999645e+00 1.212723935999999902e+01 2.300708672000000206e+03 2.401769000000000233e+03
6.230000000000000426e+00 1.211575943999999971e+01 2.300804338000000371e+03 2.401769000000000233e+03
6.234999999999999432e+00 1.213279415999999955e+01 2.300662382000000434e+03 2.401769000000000233e+03
6.240000000000000213e+00 1.214982887999999939e+01 2.300520426000000043e+03 2.401769000000000233e+03
6.245000000000000995e+00 1.219500791999999834e+01 2.300143934000000172e+03 2.401769000000000233e+03
6.250000000000000000e+00 1.220056271999999886e+01 2.300097644000000400e+03 2.401769000000000233e+03
6.255000000000000782e+00 1.222315223999999922e+01 2.299909398000000238e+03 2.401769000000000233e+03
6.259999999999999787e+00 1.221759743999999870e+01 2.299955688000000009e+03 2.401769000000000233e+03
6.265000000000000568e+00 1.219500791999999834e+01 2.300143934000000172e+03 2.401769000000000233e+03
6.269999999999999574e+00 1.217241839999999797e+01 2.300332180000000335e+03 2.401769000000000233e+03
6.275000000000000355e+00 1.222870703999999975e+01 2.299863108000000011e+03 2.401769000000000233e+03
6.280000000000001137e+00 1.220611751999999939e+01 2.300051354000000174e+03 2.401769000000000233e+03
6.285000000000000142e+00 1.217797319999999850e+01 2.300285890000000109e+03 2.401769000000000233e+03
6.290000000000000924e+00 1.216686359999999745e+01 2.300378470000000107e+03 2.401769000000000233e+03
6.294999999999999929e+00 1.211020463999999919e+01 2.300850628000000142e+03 2.401769000000000233e+03
6.300000000000000711e+00 1.213834895999999830e+01 2.300616092000000208e+03 2.401769000000000233e+03
6.304999999999999716e+00 1.213834895999999830e+01 2.300616092000000208e+03 2.401769000000000233e+03
6.310000000000000497e+00 1.215538367999999814e+01 2.300474136000000271e+03 2.401769000000000233e+03
6.314999999999999503e+00 1.214982887999999939e+01 2.300520426000000043e+03 2.401769000000000233e+03
6.320000000000000284e+00 1.214427407999999886e+01 2.300566716000000270e+03 2.401769000000000233e+03
6.325000000000001066e+00 1.218945311999999781e+01 2.300190224000000399e+03 2.401769000000000233e+03
6.330000000000000071e+00 1.216686359999999745e+01 2.300378470000000107e+03 2.401769000000000233e+03
6.335000000000000853e+00 1.215538367999999814e+01 2.300474136000000271e+03 2.401769000000000233e+03
6.339999999999999858e+00 1.214427407999999886e+01 2.300566716000000270e+03 2.401769000000000233e+03
6.345000000000000639e+00 1.213834895999999830e+01 2.300616092000000208e+03 2.401769000000000233e+03
6.349999999999999645e+00 1.214982887999999939e+01 2.300520426000000043e+03 2.401769000000000233e+03
6.355000000000000426e+00 1.211575943999999971e+01 2.300804338000000371e+03 2.401769000000000233e+03
6.359999999999999432e+00 1.214427407999999886e+01 2.300566716000000270e+03 2.401769000000000233e+03
6.365000000000000213e+00 1.213834895999999830e+01 2.300616092000000208e+03 2.401769000000000233e+03
6.370000000000000995e+00 1.215538367999999814e+01 2.300474136000000271e+03 2.401769000000000233e+03
6.375000000000000000e+00 1.207058039999999899e+01 2.301180830000000242e+03 2.401769000000000233e+03
6.380000000000000782e+00 1.209316991999999935e+01 2.300992584000000079e+03 2.401769000000000233e+03
6.384999999999999787e+00 1.213834895999999830e+01 2.300616092000000208e+03 2.401769000000000233e+03
6.390000000000000568e+00 1.213834895999999830e+01 2.300616092000000208e+03 2.401769000000000233e+03
6.394999999999999574e+00 1.220611751999999939e+01 2.300051354000000174e+03 2.401769000000000233e+03
6.400000000000000355e+00 1.214427407999999886e+01 2.300566716000000270e+03 2.401769000000000233e+03
6.405000000000001137e+00 1.211575943999999971e+01 2.300804338000000371e+03 2.401769000000000233e+03
6.410000000000000142e+00 1.215538367999999814e+01 2.300474136000000271e+03 2.401769000000000233e+03
6.415000000000000924e+00 1.213279415999999955e+01 2.300662382000000434e+03 2.401769000000000233e+03
6.419999999999999929e+00 1.211020463999999919e+01 2.300850628000000142e+03 2.401769000000000233e+03
6.425000000000000711e+00 1.203688127999999935e+01 2.301461656000000403e+03 2.401769000000000233e+03
6.429999999999999716e+00 1.204799087999999863e+01 2.301369076000000405e+03 2.401769000000000233e+03
6.435000000000000497e+00 1.208206031999999830e+01 2.301085164000000077e+03 2.401769000000000233e+03
6.439999999999999503e+00 1.209316991999999935e+01 2.300992584000000079e+03 2.401769000000000233e+03
6.445000000000000284e+00 1.216093847999999866e+01 2.300427846000000045e+03 2.401769000000000233e+03
6.450000000000001066e+00 1.214982887999999939e+01 2.300520426000000043e+03 2.401769000000000233e+03
6.455000000000000071e+00 1.218352799999999903e+01 2.300239600000000337e+03 2.401769000000000233e+03
6.460000000000000853e+00 1.220611751999999939e+01 2.300051354000000174e+03 2.401769000000000233e+03
6.464999999999999858e+00 1.214982887999999939e+01 2.300520426000000043e+03 2.401769000000000233e+03
6.470000000000000639e+00 1.207613519999999951e+01 2.301134540000000015e+03 2.401769000000000233e+03
6.474999999999999645e+00 1.215538367999999814e+01 2.300474136000000271e+03 2.401769000000000233e+03
6.480000000000000426e+00 1.208761511999999883e+01 2.301038874000000305e+03 2.401769000000000233e+03
6.484999999999999432e+00 1.217797319999999850e+01 2.300285890000000109e+03 2.401769000000000233e+03
6.490000000000000213e+00 1.214982887999999939e+01 2.300520426000000043e+03 2.401769000000000233e+03
6.495000000000000995e+00 1.210464983999999866e+01 2.300896918000000369e+03 2.401769000000000233e+03
6.500000000000000000e+00 1.206502559999999846e+01 2.301227120000000468e+03 2.401769000000000233e+03
6.505000000000000782e+00 1.209316991999999935e+01 2.300992584000000079e+03 2.401769000000000233e+03
6.509999999999999787e+00 1.199133192000000037e+01 2.301841234000000441e+03 2.401769000000000233e+03
6.515000000000000568e+00 1.209872471999999988e+01 2.300946294000000307e+03 2.401769000000000233e+03
6.519999999999999574e+00 1.213279415999999955e+01 2.300662382000000434e+03 2.401769000000000233e+03
6.525000000000000355e+00 1.216686359999999745e+01 2.300378470000000107e+03 2.401769000000000233e+03
6.530000000000001137e+00 1.213834895999999830e+01 2.300616092000000208e+03 2.401769000000000233e+03
6.535000000000000142e+00 1.212723935999999902e+01 2.300708672000000206e+03 2.401769000000000233e+03
6.540000000000000924e+00 1.217797319999999850e+01 2.300285890000000109e+03 2.401769000000000233e+03
6.544999999999999929e+00 1.215538367999999814e+01 2.300474136000000271e+03 2.401769000000000233e+03
6.550000000000000711e+00 1.209872471999999988e+01 2.300946294000000307e+03 2.401769000000000233e+03
6.554999999999999716e+00 1.211575943999999971e+01 2.300804338000000371e+03 2.401769000000000233e+03
6.560000000000000497e+00 1.212131424000000024e+01 2.300758048000000144e+03 2.401769000000000233e+03
6.564999999999999503e+00 1.208206031999999830e+01 2.301085164000000077e+03 2.401769000000000233e+03
6.570000000000000284e+00 1.207613519999999951e+01 2.301134540000000015e+03 2.401769000000000233e+03
6.575000000000001066e+00 1.212723935999999902e+01 2.300708672000000206e+03 2.401769000000000233e+03
6.580000000000000071e+00 1.206502559999999846e+01 2.301227120000000468e+03 2.401769000000000233e+03
6.585000000000000853e+00 1.205947079999999794e+01 2.301273410000000240e+03 2.401769000000000233e+03
6.589999999999999858e+00 1.209316991999999935e+01 2.300992584000000079e+03 2.401769000000000233e+03
6.595000000000000639e+00 1.205354567999999915e+01 2.301322786000000178e+03 2.401769000000000233e+03
6.599999999999999645e+00 1.203095615999999879e+01 2.301511032000000341e+03 2.401769000000000233e+03
6.605000000000000426e+00 1.209316991999999935e+01 2.300992584000000079e+03 2.401769000000000233e+03
6.609999999999999432e+00 1.211020463999999919e+01 2.300850628000000142e+03 2.401769000000000233e+03
6.615000000000000213e+00 1.211575943999999971e+01 2.300804338000000371e+03 2.401769000000000233e+03
6.620000000000000995e+00 1.210464983999999866e+01 2.300896918000000369e+03 2.401769000000000233e+03
6.625000000000000000e+00 1.212131424000000024e+01 2.300758048000000144e+03 2.401769000000000233e+03
6.630000000000000782e+00 1.199133192000000037e+01 2.301841234000000441e+03 2.401769000000000233e+03
6.634999999999999787e+00 1.207058039999999899e+01 2.301180830000000242e+03 2.401769000000000233e+03
6.640000000000000568e+00 1.199725703999999915e+01 2.301791858000000047e+03 2.401769000000000233e+03
6.644999999999999574e+00 1.204799087999999863e+01 2.301369076000000405e+03 2.401769000000000233e+03
6.650000000000000355e+00 1.208206031999999830e+01 2.301085164000000077e+03 2.401769000000000233e+03
6.655000000000001137e+00 1.209316991999999935e+01 2.300992584000000079e+03 2.401769000000000233e+03
6.660000000000000142e+00 1.216093847999999866e+01 2.300427846000000045e+03 2.401769000000000233e+03
6.665000000000000924e+00 1.216093847999999866e+01 2.300427846000000045e+03 2.401769000000000233e+03
6.669999999999999929e+00 1.208761511999999883e+01 2.301038874000000305e+03 2.401769000000000233e+03
6.675000000000000711e+00 1.208206031999999830e+01 2.301085164000000077e+03 2.401769000000000233e+03
6.679999999999999716e+00 1.204243607999999810e+01 2.301415366000000176e+03 2.401769000000000233e+03
6.685000000000000497e+00 1.203688127999999935e+01 2.301461656000000403e+03 2.401769000000000233e+03
6.689999999999999503e+00 1.205947079999999794e+01 2.301273410000000240e+03 2.401769000000000233e+03
6.695000000000000284e+00 1.207613519999999951e+01 2.301134540000000015e+03 2.401769000000000233e+03
6.700000000000001066e+00 1.205354567999999915e+01 2.301322786000000178e+03 2.401769000000000233e+03
6.705000000000000071e+00 1.205354567999999915e+01 2.301322786000000178e+03 2.401769000000000233e+03
6.710000000000000853e+00 1.205947079999999794e+01 2.301273410000000240e+03 2.401769000000000233e+03
6.714999999999999858e+00 1.204799087999999863e+01 2.301369076000000405e+03 2.401769000000000233e+03
6.720000000000000639e+00 1.208206031999999830e+01 2.301085164000000077e+03 2.401769000000000233e+03
6.724999999999999645e+00 1.207613519999999951e+01 2.301134540000000015e+03 2.401769000000000233e+03
6.730000000000000426e+00 1.209872471999999988e+01 2.300946294000000307e+03 2.401769000000000233e+03
6.734999999999999432e+00 1.208206031999999830e+01 2.301085164000000077e+03 2.401769000000000233e+03
6.740000000000000213e+00 1.207613519999999951e+01 2.301134540000000015e+03 2.401769000000000233e+03
6.745000000000000995e+00 1.212131424000000024e+01 2.300758048000000144e+03 2.401769000000000233e+03
6.750000000000000000e+00 1.205354567999999915e+01 2.301322786000000178e+03 2.401769000000000233e+03
6.755000000000000782e+00 1.200281183999999968e+01 2.301745568000000276e+03 2.401769000000000233e+03
6.759999999999999787e+00 1.206502559999999846e+01 2.301227120000000468e+03 2.401769000000000233e+03
6.765000000000000568e+00 1.207058039999999899e+01 2.301180830000000242e+03 2.401769000000000233e+03
6.769999999999999574e+00 1.205947079999999794e+01 2.301273410000000240e+03 2.401769000000000233e+03
6.775000000000000355e+00 1.208761511999999883e+01 2.301038874000000305e+03 2.401769000000000233e+03
6.780000000000001137e+00 1.207613519999999951e+01 2.301134540000000015e+03 2.401769000000000233e+03
6.785000000000000142e+00 1.203095615999999879e+01 2.301511032000000341e+03 2.401769000000000233e+03
6.790000000000000924e+00 1.208206031999999830e+01 2.301085164000000077e+03 2.401769000000000233e+03
6.794999999999999929e+00 1.207058039999999899e+01 2.301180830000000242e+03 2.401769000000000233e+03
6.800000000000000711e+00 1.206502559999999846e+01 2.301227120000000468e+03 2.401769000000000233e+03
6.804999999999999716e+00 1.207058039999999899e+01 2.301180830000000242e+03 2.401769000000000233e+03
6.810000000000000497e+00 1.210464983999999866e+01 2.300896918000000369e+03 2.401769000000000233e+03
6.814999999999999503e+00 1.207058039999999899e+01 2.301180830000000242e+03 2.401769000000000233e+03
6.820000000000000284e+00 1.202540136000000004e+01 2.301557322000000113e+03 2.401769000000000233e+03
6.825000000000001066e+00 1.209872471999999988e+01 2.300946294000000307e+03 2.401769000000000233e+03
6.830000000000000071e+00 1.203688127999999935e+01 2.301461656000000403e+03 2.401769000000000233e+03
6.835000000000000853e+00 1.202540136000000004e+01 2.301557322000000113e+03 2.401769000000000233e+03
6.839999999999999858e+00 1.201984655999999951e+01 2.301603612000000339e+03 2.401769000000000233e+03
6.845000000000000639e+00 1.209872471999999988e+01 2.300946294000000307e+03 2.401769000000000233e+03
6.849999999999999645e+00 1.204243607999999810e+01 2.301415366000000176e+03 2.401769000000000233e+03
6.855000000000000426e+00 1.207613519999999951e+01 2.301134540000000015e+03 2.401769000000000233e+03
6.859999999999999432e+00 1.209872471999999988e+01 2.300946294000000307e+03 2.401769000000000233e+03
6.865000000000000213e+00 1.209316991999999935e+01 2.300992584000000079e+03 2.401769000000000233e+03
6.870000000000000995e+00 1.203095615999999879e+01 2.301511032000000341e+03 2.401769000000000233e+03
6.875000000000000000e+00 1.203095615999999879e+01 2.301511032000000341e+03 2.401769000000000233e+03
6.880000000000000782e+00 1.200836664000000020e+01 2.301699278000000049e+03 2.401769000000000233e+03
6.884999999999999787e+00 1.201984655999999951e+01 2.301603612000000339e+03 2.401769000000000233e+03
6.890000000000000568e+00 1.206502559999999846e+01 2.301227120000000468e+03 2.401769000000000233e+03
6.894999999999999574e+00 1.206502559999999846e+01 2.301227120000000468e+03 2.401769000000000233e+03
6.900000000000000355e+00 1.207613519999999951e+01 2.301134540000000015e+03 2.401769000000000233e+03
6.905000000000001137e+00 1.208761511999999883e+01 2.301038874000000305e+03 2.401769000000000233e+03
6.910000000000000142e+00 1.209872471999999988e+01 2.300946294000000307e+03 2.401769000000000233e+03
6.915000000000000924e+00 1.198022231999999931e+01 2.301933814000000439e+03 2.401769000000000233e+03
6.919999999999999929e+00 1.204243607999999810e+01 2.301415366000000176e+03 2.401769000000000233e+03
6.925000000000000711e+00 1.209316991999999935e+01 2.300992584000000079e+03 2.401769000000000233e+03
6.929999999999999716e+00 1.204243607999999810e+01 2.301415366000000176e+03 2.401769000000000233e+03
6.935000000000000497e+00 1.201984655999999951e+01 2.301603612000000339e+03 2.401769000000000233e+03
6.939999999999999503e+00 1.203688127999999935e+01 2.301461656000000403e+03 2.401769000000000233e+03
6.945000000000000284e+00 1.202540136000000004e+01 2.301557322000000113e+03 2.401769000000000233e+03
6.950000000000001066e+00 1.199133192000000037e+01 2.301841234000000441e+03 2.401769000000000233e+03
6.955000000000000071e+00 1.200836664000000020e+01 2.301699278000000049e+03 2.401769000000000233e+03
6.960000000000000853e+00 1.203095615999999879e+01 2.301511032000000341e+03 2.401769000000000233e+03
6.964999999999999858e+00 1.202540136000000004e+01 2.301557322000000113e+03 2.401769000000000233e+03
6.970000000000000639e+00 1.204243607999999810e+01 2.301415366000000176e+03 2.401769000000000233e+03
6.974999999999999645e+00 1.204799087999999863e+01 2.301369076000000405e+03 2.401769000000000233e+03
6.980000000000000426e+00 1.198577711999999984e+01 2.301887524000000212e+03 2.401769000000000233e+03
6.984999999999999432e+00 1.195763279999999895e+01 2.302122060000000147e+03 2.401769000000000233e+03
6.990000000000000213e+00 1.199133192000000037e+01 2.301841234000000441e+03 2.401769000000000233e+03
6.994999999999999218e+00 1.201984655999999951e+01 2.301603612000000339e+03 2.401769000000000233e+03
6.999999999999998224e+00 1.194059807999999911e+01 2.302264016000000083e+03 2.401769000000000233e+03
7.005000000000000782e+00 1.194615287999999964e+01 2.302217726000000312e+03 2.401769000000000233e+03
7.009999999999999787e+00 1.201984655999999951e+01 2.301603612000000339e+03 2.401769000000000233e+03
7.014999999999998792e+00 1.202540136000000004e+01 2.301557322000000113e+03 2.401769000000000233e+03
7.019999999999997797e+00 1.192948847999999806e+01 2.302356596000000081e+03 2.401769000000000233e+03
7.025000000000000355e+00 1.200281183999999968e+01 2.301745568000000276e+03 2.401769000000000233e+03
7.029999999999999361e+00 1.196874240000000000e+01 2.302029480000000149e+03 2.401769000000000233e+03
7.034999999999998366e+00 1.199133192000000037e+01 2.301841234000000441e+03 2.401769000000000233e+03
7.040000000000000924e+00 1.199133192000000037e+01 2.301841234000000441e+03 2.401769000000000233e+03
7.044999999999999929e+00 1.206502559999999846e+01 2.301227120000000468e+03 2.401769000000000233e+03
7.049999999999998934e+00 1.191800855999999875e+01 2.302452262000000246e+03 2.401769000000000233e+03
7.054999999999997939e+00 1.199725703999999915e+01 2.301791858000000047e+03 2.401769000000000233e+03
7.060000000000000497e+00 1.201984655999999951e+01 2.301603612000000339e+03 2.401769000000000233e+03
7.064999999999999503e+00 1.195763279999999895e+01 2.302122060000000147e+03 2.401769000000000233e+03
7.069999999999998508e+00 1.198022231999999931e+01 2.301933814000000439e+03 2.401769000000000233e+03
7.075000000000001066e+00 1.196318759999999948e+01 2.302075770000000375e+03 2.401769000000000233e+03
7.080000000000000071e+00 1.194615287999999964e+01 2.302217726000000312e+03 2.401769000000000233e+03
7.084999999999999076e+00 1.194615287999999964e+01 2.302217726000000312e+03 2.401769000000000233e+03
7.089999999999998082e+00 1.200281183999999968e+01 2.301745568000000276e+03 2.401769000000000233e+03
7.095000000000000639e+00 1.196874240000000000e+01 2.302029480000000149e+03 2.401769000000000233e+03
7.099999999999999645e+00 1.195207799999999843e+01 2.302168350000000373e+03 2.401769000000000233e+03
7.104999999999998650e+00 1.198022231999999931e+01 2.301933814000000439e+03 2.401769000000000233e+03
7.109999999999997655e+00 1.199725703999999915e+01 2.301791858000000047e+03 2.401769000000000233e+03
7.115000000000000213e+00 1.201984655999999951e+01 2.301603612000000339e+03 2.401769000000000233e+03
7.119999999999999218e+00 1.195763279999999895e+01 2.302122060000000147e+03 2.401769000000000233e+03
7.124999999999998224e+00 1.200281183999999968e+01 2.301745568000000276e+03 2.401769000000000233e+03
7.130000000000000782e+00 1.199725703999999915e+01 2.301791858000000047e+03 2.401769000000000233e+03
7.134999999999999787e+00 1.190689895999999948e+01 2.302544842000000244e+03 2.401769000000000233e+03
7.139999999999998792e+00 1.196874240000000000e+01 2.302029480000000149e+03 2.401769000000000233e+03
7.144999999999997797e+00 1.196874240000000000e+01 2.302029480000000149e+03 2.401769000000000233e+03
7.150000000000000355e+00 1.191245376000000000e+01 2.302498552000000018e+03 2.401769000000000233e+03
7.154999999999999361e+00 1.199725703999999915e+01 2.301791858000000047e+03 2.401769000000000233e+03
7.159999999999998366e+00 1.198022231999999931e+01 2.301933814000000439e+03 2.401769000000000233e+03
7.165000000000000924e+00 1.199725703999999915e+01 2.301791858000000047e+03 2.401769000000000233e+03
7.169999999999999929e+00 1.194059807999999911e+01 2.302264016000000083e+03 2.401769000000000233e+03
7.174999999999998934e+00 1.199725703999999915e+01 2.301791858000000047e+03 2.401769000000000233e+03
7.179999999999997939e+00 1.197466751999999879e+01 2.301980104000000210e+03 2.401769000000000233e+03
7.185000000000000497e+00 1.198577711999999984e+01 2.301887524000000212e+03 2.401769000000000233e+03
7.189999999999999503e+00 1.200836664000000020e+01 2.301699278000000049e+03 2.401769000000000233e+03
7.194999999999998508e+00 1.200281183999999968e+01 2.301745568000000276e+03 2.401769000000000233e+03
7.200000000000001066e+00 1.195763279999999895e+01 2.302122060000000147e+03 2.401769000000000233e+03
7.205000000000000071e+00 1.195207799999999843e+01 2.302168350000000373e+03 2.401769000000000233e+03
7.209999999999999076e+00 1.197466751999999879e+01 2.301980104000000210e+03 2.401769000000000233e+03
7.214999999999998082e+00 1.194615287999999964e+01 2.302217726000000312e+03 2.401769000000000233e+03
7.220000000000000639e+00 1.195207799999999843e+01 2.302168350000000373e+03 2.401769000000000233e+03
7.224999999999999645e+00 1.196874240000000000e+01 2.302029480000000149e+03 2.401769000000000233e+03
7.229999999999998650e+00 1.200281183999999968e+01 2.301745568000000276e+03 2.401769000000000233e+03
7.234999999999997655e+00 1.200281183999999968e+01 2.301745568000000276e+03 2.401769000000000233e+03
7.240000000000000213e+00 1.198577711999999984e+01 2.301887524000000212e+03 2.401769000000000233e+03
7.244999999999999218e+00 1.197466751999999879e+01 2.301980104000000210e+03 2.401769000000000233e+03
7.249999999999998224e+00 1.196318759999999948e+01 2.302075770000000375e+03 2.401769000000000233e+03
7.255000000000000782e+00 1.194059807999999911e+01 2.302264016000000083e+03 2.401769000000000233e+03
7.259999999999999787e+00 1.199725703999999915e+01 2.301791858000000047e+03 2.401769000000000233e+03
7.264999999999998792e+00 1.198577711999999984e+01 2.301887524000000212e+03 2.401769000000000233e+03
7.269999999999997797e+00 1.194059807999999911e+01 2.302264016000000083e+03 2.401769000000000233e+03
7.275000000000000355e+00 1.196318759999999948e+01 2.302075770000000375e+03 2.401769000000000233e+03
7.279999999999999361e+00 1.195207799999999843e+01 2.302168350000000373e+03 2.401769000000000233e+03
7.284999999999998366e+00 1.196874240000000000e+01 2.302029480000000149e+03 2.401769000000000233e+03
7.290000000000000924e+00 1.196874240000000000e+01 2.302029480000000149e+03 2.401769000000000233e+03
7.294999999999999929e+00 1.195763279999999895e+01 2.302122060000000147e+03 2.401769000000000233e+03
7.299999999999998934e+00 1.184468519999999891e+01 2.303063290000000052e+03 2.401769000000000233e+03
7.304999999999997939e+00 1.191800855999999875e+01 2.302452262000000246e+03 2.401769000000000233e+03
7.310000000000000497e+00 1.198022231999999931e+01 2.301933814000000439e+03 2.401769000000000233e+03
7.314999999999999503e+00 1.195207799999999843e+01 2.302168350000000373e+03 2.401769000000000233e+03
7.319999999999998508e+00 1.195763279999999895e+01 2.302122060000000147e+03 2.401769000000000233e+03
7.325000000000001066e+00 1.193504327999999859e+01 2.302310306000000310e+03 2.401769000000000233e+03
7.330000000000000071e+00 1.198577711999999984e+01 2.301887524000000212e+03 2.401769000000000233e+03
7.334999999999999076e+00 1.195763279999999895e+01 2.302122060000000147e+03 2.401769000000000233e+03
7.339999999999998082e+00 1.198577711999999984e+01 2.301887524000000212e+03 2.401769000000000233e+03
7.345000000000000639e+00 1.194615287999999964e+01 2.302217726000000312e+03 2.401769000000000233e+03
7.349999999999999645e+00 1.192356335999999928e+01 2.302405972000000020e+03 2.401769000000000233e+03
7.354999999999998650e+00 1.190097383999999892e+01 2.302594218000000183e+03 2.401769000000000233e+03
7.359999999999997655e+00 1.193504327999999859e+01 2.302310306000000310e+03 2.401769000000000233e+03
7.365000000000000213e+00 1.194615287999999964e+01 2.302217726000000312e+03 2.401769000000000233e+03
7.369999999999999218e+00 1.192948847999999806e+01 2.302356596000000081e+03 2.401769000000000233e+03
7.374999999999998224e+00 1.193504327999999859e+01 2.302310306000000310e+03 2.401769000000000233e+03
7.380000000000000782e+00 1.195207799999999843e+01 2.302168350000000373e+03 2.401769000000000233e+03
7.384999999999999787e+00 1.195207799999999843e+01 2.302168350000000373e+03 2.401769000000000233e+03
7.389999999999998792e+00 1.192356335999999928e+01 2.302405972000000020e+03 2.401769000000000233e+03
7.394999999999997797e+00 1.191245376000000000e+01 2.302498552000000018e+03 2.401769000000000233e+03
7.400000000000000355e+00 1.195207799999999843e+01 2.302168350000000373e+03 2.401769000000000233e+03
7.404999999999999361e+00 1.192948847999999806e+01 2.302356596000000081e+03 2.401769000000000233e+03
7.409999999999998366e+00 1.192356335999999928e+01 2.302405972000000020e+03 2.401769000000000233e+03
7.415000000000000924e+00 1.193504327999999859e+01 2.302310306000000310e+03 2.401769000000000233e+03
7.419999999999999929e+00 1.195207799999999843e+01 2.302168350000000373e+03 2.401769000000000233e+03
7.424999999999998934e+00 1.190689895999999948e+01 2.302544842000000244e+03 2.401769000000000233e+03
7.429999999999997939e+00 1.187838432000000033e+01 2.302782464000000346e+03 2.401769000000000233e+03
7.435000000000000497e+00 1.190689895999999948e+01 2.302544842000000244e+03 2.401769000000000233e+03
7.439999999999999503e+00 1.190689895999999948e+01 2.302544842000000244e+03 2.401769000000000233e+03
7.444999999999998508e+00 1.190689895999999948e+01 2.302544842000000244e+03 2.401769000000000233e+03
7.450000000000001066e+00 1.193504327999999859e+01 2.302310306000000310e+03 2.401769000000000233e+03
7.455000000000000071e+00 1.191800855999999875e+01 2.302452262000000246e+03 2.401769000000000233e+03
7.459999999999999076e+00 1.190689895999999948e+01 2.302544842000000244e+03 2.401769000000000233e+03
7.464999999999998082e+00 1.188986423999999964e+01 2.302686798000000181e+03 2.401769000000000233e+03
7.470000000000000639e+00 1.191245376000000000e+01 2.302498552000000018e+03 2.401769000000000233e+03
7.474999999999999645e+00 1.196318759999999948e+01 2.302075770000000375e+03 2.401769000000000233e+03
7.479999999999998650e+00 1.189541904000000017e+01 2.302640508000000409e+03 2.401769000000000233e+03
7.484999999999997655e+00 1.185023999999999944e+01 2.303017000000000280e+03 2.401769000000000233e+03
7.490000000000000213e+00 1.199725703999999915e+01 2.301791858000000047e+03 2.401769000000000233e+03
7.494999999999999218e+00 1.194059807999999911e+01 2.302264016000000083e+03 2.401769000000000233e+03
7.499999999999998224e+00 1.196874240000000000e+01 2.302029480000000149e+03 2.401769000000000233e+03
7.505000000000000782e+00 1.192356335999999928e+01 2.302405972000000020e+03 2.401769000000000233e+03
7.509999999999999787e+00 1.191800855999999875e+01 2.302452262000000246e+03 2.401769000000000233e+03
7.514999999999998792e+00 1.196874240000000000e+01 2.302029480000000149e+03 2.401769000000000233e+03
7.519999999999997797e+00 1.195763279999999895e+01 2.302122060000000147e+03 2.401769000000000233e+03
7.525000000000000355e+00 1.190689895999999948e+01 2.302544842000000244e+03 2.401769000000000233e+03
7.529999999999999361e+00 1.192948847999999806e+01 2.302356596000000081e+03 2.401769000000000233e+03
7.534999999999998366e+00 1.192948847999999806e+01 2.302356596000000081e+03 2.401769000000000233e+03
7.540000000000000924e+00 1.186727471999999928e+01 2.302875044000000344e+03 2.401769000000000233e+03
7.544999999999999929e+00 1.194059807999999911e+01 2.302264016000000083e+03 2.401769000000000233e+03
7.549999999999998934e+00 1.183876008000000013e+01 2.303112666000000445e+03 2.401769000000000233e+03
7.554999999999997939e+00 1.189541904000000017e+01 2.302640508000000409e+03 2.401769000000000233e+03
7.560000000000000497e+00 1.192356335999999928e+01 2.302405972000000020e+03 2.401769000000000233e+03
7.564999999999999503e+00 1.190689895999999948e+01 2.302544842000000244e+03 2.401769000000000233e+03
7.569999999999998508e+00 1.187838432000000033e+01 2.302782464000000346e+03 2.401769000000000233e+03
7.575000000000001066e+00 1.186171991999999875e+01 2.302921334000000115e+03 2.401769000000000233e+03
7.580000000000000071e+00 1.192356335999999928e+01 2.302405972000000020e+03 2.401769000000000233e+03
7.584999999999999076e+00 1.189541904000000017e+01 2.302640508000000409e+03 2.401769000000000233e+03
7.589999999999998082e+00 1.196318759999999948e+01 2.302075770000000375e+03 2.401769000000000233e+03
7.595000000000000639e+00 1.187282951999999980e+01 2.302828754000000117e+03 2.401769000000000233e+03
7.599999999999999645e+00 1.186727471999999928e+01 2.302875044000000344e+03 2.401769000000000233e+03
7.604999999999998650e+00 1.188986423999999964e+01 2.302686798000000181e+03 2.401769000000000233e+03
7.609999999999997655e+00 1.193504327999999859e+01 2.302310306000000310e+03 2.401769000000000233e+03
7.615000000000000213e+00 1.191800855999999875e+01 2.302452262000000246e+03 2.401769000000000233e+03
7.619999999999999218e+00 1.188986423999999964e+01 2.302686798000000181e+03 2.401769000000000233e+03
7.624999999999998224e+00 1.192356335999999928e+01 2.302405972000000020e+03 2.401769000000000233e+03
7.630000000000000782e+00 1.191800855999999875e+01 2.302452262000000246e+03 2.401769000000000233e+03
7.634999999999999787e+00 1.191245376000000000e+01 2.302498552000000018e+03 2.401769000000000233e+03
7.639999999999998792e+00 1.187282951999999980e+01 2.302828754000000117e+03 2.401769000000000233e+03
7.644999999999997797e+00 1.187838432000000033e+01 2.302782464000000346e+03 2.401769000000000233e+03
7.650000000000000355e+00 1.185579479999999997e+01 2.302970710000000054e+03 2.401769000000000233e+03
7.654999999999999361e+00 1.188986423999999964e+01 2.302686798000000181e+03 2.401769000000000233e+03
7.659999999999998366e+00 1.190097383999999892e+01 2.302594218000000183e+03 2.401769000000000233e+03
7.665000000000000924e+00 1.187838432000000033e+01 2.302782464000000346e+03 2.401769000000000233e+03
7.669999999999999929e+00 1.191800855999999875e+01 2.302452262000000246e+03 2.401769000000000233e+03
7.674999999999998934e+00 1.184468519999999891e+01 2.303063290000000052e+03 2.401769000000000233e+03
7.679999999999997939e+00 1.190097383999999892e+01 2.302594218000000183e+03 2.401769000000000233e+03
7.685000000000000497e+00 1.188986423999999964e+01 2.302686798000000181e+03 2.401769000000000233e+03
7.689999999999999503e+00 1.191800855999999875e+01 2.302452262000000246e+03 2.401769000000000233e+03
7.694999999999998508e+00 1.190097383999999892e+01 2.302594218000000183e+03 2.401769000000000233e+03
7.700000000000001066e+00 1.182765047999999908e+01 2.303205246000000443e+03 2.401769000000000233e+03
7.705000000000000071e+00 1.185579479999999997e+01 2.302970710000000054e+03 2.401769000000000233e+03
7.709999999999999076e+00 1.186171991999999875e+01 2.302921334000000115e+03 2.401769000000000233e+03
7.714999999999998082e+00 1.187282951999999980e+01 2.302828754000000117e+03 2.401769000000000233e+03
7.720000000000000639e+00 1.185023999999999944e+01 2.303017000000000280e+03 2.401769000000000233e+03
7.724999999999999645e+00 1.187282951999999980e+01 2.302828754000000117e+03 2.401769000000000233e+03
7.729999999999998650e+00 1.183320527999999960e+01 2.303158956000000217e+03 2.401769000000000233e+03
7.734999999999997655e+00 1.184468519999999891e+01 2.303063290000000052e+03 2.401769000000000233e+03
7.740000000000000213e+00 1.182765047999999908e+01 2.303205246000000443e+03 2.401769000000000233e+03
7.744999999999999218e+00 1.181617055999999977e+01 2.303300912000000153e+03 2.401769000000000233e+03
7.749999999999998224e+00 1.184468519999999891e+01 2.303063290000000052e+03 2.401769000000000233e+03
7.755000000000000782e+00 1.185579479999999997e+01 2.302970710000000054e+03 2.401769000000000233e+03
7.759999999999999787e+00 1.184468519999999891e+01 2.303063290000000052e+03 2.401769000000000233e+03
7.764999999999998792e+00 1.185579479999999997e+01 2.302970710000000054e+03 2.401769000000000233e+03
7.769999999999997797e+00 1.184468519999999891e+01 2.303063290000000052e+03 2.401769000000000233e+03
7.775000000000000355e+00 1.186171991999999875e+01 2.302921334000000115e+03 2.401769000000000233e+03
7.779999999999999361e+00 1.181061575999999924e+01 2.303347202000000379e+03 2.401769000000000233e+03
7.784999999999998366e+00 1.185579479999999997e+01 2.302970710000000054e+03 2.401769000000000233e+03
7.790000000000000924e+00 1.185023999999999944e+01 2.303017000000000280e+03 2.401769000000000233e+03
7.794999999999999929e+00 1.191800855999999875e+01 2.302452262000000246e+03 2.401769000000000233e+03
7.799999999999998934e+00 1.186171991999999875e+01 2.302921334000000115e+03 2.401769000000000233e+03
7.804999999999997939e+00 1.185579479999999997e+01 2.302970710000000054e+03 2.401769000000000233e+03
7.810000000000000497e+00 1.182209567999999855e+01 2.303251536000000215e+03 2.401769000000000233e+03
7.814999999999999503e+00 1.181061575999999924e+01 2.303347202000000379e+03 2.401769000000000233e+03
7.819999999999998508e+00 1.182765047999999908e+01 2.303205246000000443e+03 2.401769000000000233e+03
7.825000000000001066e+00 1.182209567999999855e+01 2.303251536000000215e+03 2.401769000000000233e+03
7.830000000000000071e+00 1.187282951999999980e+01 2.302828754000000117e+03 2.401769000000000233e+03
7.834999999999999076e+00 1.186171991999999875e+01 2.302921334000000115e+03 2.401769000000000233e+03
7.839999999999998082e+00 1.179950615999999997e+01 2.303439782000000378e+03 2.401769000000000233e+03
7.845000000000000639e+00 1.179950615999999997e+01 2.303439782000000378e+03 2.401769000000000233e+03
7.849999999999999645e+00 1.176543672000000029e+01 2.303723694000000251e+03 2.401769000000000233e+03
7.854999999999998650e+00 1.188986423999999964e+01 2.302686798000000181e+03 2.401769000000000233e+03
7.859999999999997655e+00 1.186171991999999875e+01 2.302921334000000115e+03 2.401769000000000233e+03
7.865000000000000213e+00 1.185023999999999944e+01 2.303017000000000280e+03 2.401769000000000233e+03
7.869999999999999218e+00 1.189541904000000017e+01 2.302640508000000409e+03 2.401769000000000233e+03
7.874999999999998224e+00 1.182209567999999855e+01 2.303251536000000215e+03 2.401769000000000233e+03
7.880000000000000782e+00 1.180506095999999872e+01 2.303393492000000151e+03 2.401769000000000233e+03
7.884999999999999787e+00 1.188986423999999964e+01 2.302686798000000181e+03 2.401769000000000233e+03
7.889999999999998792e+00 1.187838432000000033e+01 2.302782464000000346e+03 2.401769000000000233e+03
7.894999999999997797e+00 1.181061575999999924e+01 2.303347202000000379e+03 2.401769000000000233e+03
7.900000000000000355e+00 1.186171991999999875e+01 2.302921334000000115e+03 2.401769000000000233e+03
7.904999999999999361e+00 1.185579479999999997e+01 2.302970710000000054e+03 2.401769000000000233e+03
7.909999999999998366e+00 1.189541904000000017e+01 2.302640508000000409e+03 2.401769000000000233e+03
7.915000000000000924e+00 1.186727471999999928e+01 2.302875044000000344e+03 2.401769000000000233e+03
7.919999999999999929e+00 1.177691663999999960e+01 2.303628028000000086e+03 2.401769000000000233e+03
7.924999999999998934e+00 1.186171991999999875e+01 2.302921334000000115e+03 2.401769000000000233e+03
7.929999999999997939e+00 1.183320527999999960e+01 2.303158956000000217e+03 2.401769000000000233e+03
7.935000000000000497e+00 1.183320527999999960e+01 2.303158956000000217e+03 2.401769000000000233e+03
7.939999999999999503e+00 1.181617055999999977e+01 2.303300912000000153e+03 2.401769000000000233e+03
7.944999999999998508e+00 1.186171991999999875e+01 2.302921334000000115e+03 2.401769000000000233e+03
7.950000000000001066e+00 1.188430943999999911e+01 2.302733088000000407e+03 2.401769000000000233e+03
7.955000000000000071e+00 1.186727471999999928e+01 2.302875044000000344e+03 2.401769000000000233e+03
7.959999999999999076e+00 1.183876008000000013e+01 2.303112666000000445e+03 2.401769000000000233e+03
7.964999999999998082e+00 1.183876008000000013e+01 2.303112666000000445e+03 2.401769000000000233e+03
7.970000000000000639e+00 1.188430943999999911e+01 2.302733088000000407e+03 2.401769000000000233e+03
7.974999999999999645e+00 1.184468519999999891e+01 2.303063290000000052e+03 2.401769000000000233e+03
7.979999999999998650e+00 1.181617055999999977e+01 2.303300912000000153e+03 2.401769000000000233e+03
7.984999999999997655e+00 1.186171991999999875e+01 2.302921334000000115e+03 2.401769000000000233e+03
7.990000000000000213e+00 1.185579479999999997e+01 2.302970710000000054e+03 2.401769000000000233e+03
7.994999999999999218e+00 1.185023999999999944e+01 2.303017000000000280e+03 2.401769000000000233e+03
7.999999999999998224e+00 1.182765047999999908e+01 2.303205246000000443e+03 2.401769000000000233e+03
8.005000000000000782e+00 1.181061575999999924e+01 2.303347202000000379e+03 2.401769000000000233e+03
8.009999999999999787e+00 1.185023999999999944e+01 2.303017000000000280e+03 2.401769000000000233e+03
8.014999999999998792e+00 1.184468519999999891e+01 2.303063290000000052e+03 2.401769000000000233e+03
8.019999999999997797e+00 1.183876008000000013e+01 2.303112666000000445e+03 2.401769000000000233e+03
8.025000000000000355e+00 1.181617055999999977e+01 2.303300912000000153e+03 2.401769000000000233e+03
8.029999999999999361e+00 1.186171991999999875e+01 2.302921334000000115e+03 2.401769000000000233e+03
8.034999999999998366e+00 1.183320527999999960e+01 2.303158956000000217e+03 2.401769000000000233e+03
8.040000000000000924e+00 1.179358103999999940e+01 2.303489158000000316e+03 2.401769000000000233e+03
8.044999999999999929e+00 1.174284719999999993e+01 2.303911940000000413e+03 2.401769000000000233e+03
8.049999999999998934e+00 1.184468519999999891e+01 2.303063290000000052e+03 2.401769000000000233e+03
8.054999999999997939e+00 1.179358103999999940e+01 2.303489158000000316e+03 2.401769000000000233e+03
8.060000000000000497e+00 1.181061575999999924e+01 2.303347202000000379e+03 2.401769000000000233e+03
8.064999999999999503e+00 1.177099152000000082e+01 2.303677404000000024e+03 2.401769000000000233e+03
8.069999999999998508e+00 1.186727471999999928e+01 2.302875044000000344e+03 2.401769000000000233e+03
8.075000000000001066e+00 1.181061575999999924e+01 2.303347202000000379e+03 2.401769000000000233e+03
8.080000000000000071e+00 1.180506095999999872e+01 2.303393492000000151e+03 2.401769000000000233e+03
8.084999999999999076e+00 1.181617055999999977e+01 2.303300912000000153e+03 2.401769000000000233e+03
8.089999999999998082e+00 1.170877776000000026e+01 2.304195852000000286e+03 2.401769000000000233e+03
8.095000000000000639e+00 1.179950615999999997e+01 2.303439782000000378e+03 2.401769000000000233e+03
8.099999999999999645e+00 1.177099152000000082e+01 2.303677404000000024e+03 2.401769000000000233e+03
8.104999999999998650e+00 1.174284719999999993e+01 2.303911940000000413e+03 2.401769000000000233e+03
8.109999999999997655e+00 1.176543672000000029e+01 2.303723694000000251e+03 2.401769000000000233e+03
8.115000000000000213e+00 1.178802623999999888e+01 2.303535448000000088e+03 2.401769000000000233e+03
8.119999999999999218e+00 1.182765047999999908e+01 2.303205246000000443e+03 2.401769000000000233e+03
8.124999999999998224e+00 1.182209567999999855e+01 2.303251536000000215e+03 2.401769000000000233e+03
8.130000000000000782e+00 1.179358103999999940e+01 2.303489158000000316e+03 2.401769000000000233e+03
8.134999999999999787e+00 1.183320527999999960e+01 2.303158956000000217e+03 2.401769000000000233e+03
8.139999999999998792e+00 1.180506095999999872e+01 2.303393492000000151e+03 2.401769000000000233e+03
8.144999999999997797e+00 1.175988191999999977e+01 2.303769984000000022e+03 2.401769000000000233e+03
8.150000000000000355e+00 1.182765047999999908e+01 2.303205246000000443e+03 2.401769000000000233e+03
8.154999999999999361e+00 1.178802623999999888e+01 2.303535448000000088e+03 2.401769000000000233e+03
8.159999999999998366e+00 1.178802623999999888e+01 2.303535448000000088e+03 2.401769000000000233e+03
8.165000000000000924e+00 1.185023999999999944e+01 2.303017000000000280e+03 2.401769000000000233e+03
8.169999999999999929e+00 1.176543672000000029e+01 2.303723694000000251e+03 2.401769000000000233e+03
8.174999999999998934e+00 1.183320527999999960e+01 2.303158956000000217e+03 2.401769000000000233e+03
8.179999999999997939e+00 1.177099152000000082e+01 2.303677404000000024e+03 2.401769000000000233e+03
8.185000000000000497e+00 1.180506095999999872e+01 2.303393492000000151e+03 2.401769000000000233e+03
8.189999999999999503e+00 1.181061575999999924e+01 2.303347202000000379e+03 2.401769000000000233e+03
8.194999999999998508e+00 1.177691663999999960e+01 2.303628028000000086e+03 2.401769000000000233e+03
8.200000000000001066e+00 1.179358103999999940e+01 2.303489158000000316e+03 2.401769000000000233e+03
8.205000000000000071e+00 1.174840200000000046e+01 2.303865650000000187e+03 2.401769000000000233e+03
8.209999999999999076e+00 1.176543672000000029e+01 2.303723694000000251e+03 2.401769000000000233e+03
8.214999999999998082e+00 1.174284719999999993e+01 2.303911940000000413e+03 2.401769000000000233e+03
8.220000000000000639e+00 1.177691663999999960e+01 2.303628028000000086e+03 2.401769000000000233e+03
8.224999999999999645e+00 1.178247144000000013e+01 2.303581738000000314e+03 2.401769000000000233e+03
8.229999999999998650e+00 1.177099152000000082e+01 2.303677404000000024e+03 2.401769000000000233e+03
8.234999999999997655e+00 1.179950615999999997e+01 2.303439782000000378e+03 2.401769000000000233e+03
8.240000000000000213e+00 1.184468519999999891e+01 2.303063290000000052e+03 2.401769000000000233e+03
8.244999999999999218e+00 1.174840200000000046e+01 2.303865650000000187e+03 2.401769000000000233e+03
8.249999999999998224e+00 1.182209567999999855e+01 2.303251536000000215e+03 2.401769000000000233e+03
8.255000000000000782e+00 1.184468519999999891e+01 2.303063290000000052e+03 2.401769000000000233e+03
8.259999999999999787e+00 1.179950615999999997e+01 2.303439782000000378e+03 2.401769000000000233e+03
8.264999999999998792e+00 1.181061575999999924e+01 2.303347202000000379e+03 2.401769000000000233e+03
8.269999999999997797e+00 1.177099152000000082e+01 2.303677404000000024e+03 2.401769000000000233e+03
8.275000000000000355e+00 1.176543672000000029e+01 2.303723694000000251e+03 2.401769000000000233e+03
8.279999999999999361e+00 1.172581248000000009e+01 2.304053896000000350e+03 2.401769000000000233e+03
8.284999999999998366e+00 1.172581248000000009e+01 2.304053896000000350e+03 2.401769000000000233e+03
8.290000000000000924e+00 1.177691663999999960e+01 2.303628028000000086e+03 2.401769000000000233e+03
8.294999999999999929e+00 1.180506095999999872e+01 2.303393492000000151e+03 2.401769000000000233e+03
8.299999999999998934e+00 1.180506095999999872e+01 2.303393492000000151e+03 2.401769000000000233e+03
8.304999999999997939e+00 1.182765047999999908e+01 2.303205246000000443e+03 2.401769000000000233e+03
8.310000000000000497e+00 1.172581248000000009e+01 2.304053896000000350e+03 2.401769000000000233e+03
8.314999999999999503e+00 1.176543672000000029e+01 2.303723694000000251e+03 2.401769000000000233e+03
8.319999999999998508e+00 1.173729239999999940e+01 2.303958230000000185e+03 2.401769000000000233e+03
8.325000000000001066e+00 1.176543672000000029e+01 2.303723694000000251e+03 2.401769000000000233e+03
8.330000000000000071e+00 1.175432711999999924e+01 2.303816274000000249e+03 2.401769000000000233e+03
8.334999999999999076e+00 1.176543672000000029e+01 2.303723694000000251e+03 2.401769000000000233e+03
8.339999999999998082e+00 1.178247144000000013e+01 2.303581738000000314e+03 2.401769000000000233e+03
8.345000000000000639e+00 1.178247144000000013e+01 2.303581738000000314e+03 2.401769000000000233e+03
8.349999999999999645e+00 1.175432711999999924e+01 2.303816274000000249e+03 2.401769000000000233e+03
8.354999999999998650e+00 1.177691663999999960e+01 2.303628028000000086e+03 2.401769000000000233e+03
8.359999999999997655e+00 1.175432711999999924e+01 2.303816274000000249e+03 2.401769000000000233e+03
8.365000000000000213e+00 1.174840200000000046e+01 2.303865650000000187e+03 2.401769000000000233e+03
8.369999999999999218e+00 1.173173759999999888e+01 2.304004520000000412e+03 2.401769000000000233e+03
8.374999999999998224e+00 1.175432711999999924e+01 2.303816274000000249e+03 2.401769000000000233e+03
8.380000000000000782e+00 1.175432711999999924e+01 2.303816274000000249e+03 2.401769000000000233e+03
8.384999999999999787e+00 1.182209567999999855e+01 2.303251536000000215e+03 2.401769000000000233e+03
8.389999999999998792e+00 1.178247144000000013e+01 2.303581738000000314e+03 2.401769000000000233e+03
8.394999999999997797e+00 1.173729239999999940e+01 2.303958230000000185e+03 2.401769000000000233e+03
8.400000000000000355e+00 1.173173759999999888e+01 2.304004520000000412e+03 2.401769000000000233e+03
8.404999999999999361e+00 1.178802623999999888e+01 2.303535448000000088e+03 2.401769000000000233e+03
8.409999999999998366e+00 1.173729239999999940e+01 2.303958230000000185e+03 2.401769000000000233e+03
8.415000000000000924e+00 1.175432711999999924e+01 2.303816274000000249e+03 2.401769000000000233e+03
8.419999999999999929e+00 1.177691663999999960e+01 2.303628028000000086e+03 2.401769000000000233e+03
8.424999999999998934e+00 1.175988191999999977e+01 2.303769984000000022e+03 2.401769000000000233e+03
8.429999999999997939e+00 1.172581248000000009e+01 2.304053896000000350e+03 2.401769000000000233e+03
8.435000000000000497e+00 1.173729239999999940e+01 2.303958230000000185e+03 2.401769000000000233e+03
8.439999999999999503e+00 1.178247144000000013e+01 2.303581738000000314e+03 2.401769000000000233e+03
8.444999999999998508e+00 1.170877776000000026e+01 2.304195852000000286e+03 2.401769000000000233e+03
8.450000000000001066e+00 1.165804392000000078e+01 2.304618634000000384e+03 2.401769000000000233e+03
8.455000000000000071e+00 1.174284719999999993e+01 2.303911940000000413e+03 2.401769000000000233e+03
8.459999999999999076e+00 1.176543672000000029e+01 2.303723694000000251e+03 2.401769000000000233e+03
8.464999999999998082e+00 1.178247144000000013e+01 2.303581738000000314e+03 2.401769000000000233e+03
8.470000000000000639e+00 1.174840200000000046e+01 2.303865650000000187e+03 2.401769000000000233e+03
8.474999999999999645e+00 1.174284719999999993e+01 2.303911940000000413e+03 2.401769000000000233e+03
8.479999999999998650e+00 1.173173759999999888e+01 2.304004520000000412e+03 2.401769000000000233e+03
8.484999999999997655e+00 1.173729239999999940e+01 2.303958230000000185e+03 2.401769000000000233e+03
8.490000000000000213e+00 1.173729239999999940e+01 2.303958230000000185e+03 2.401769000000000233e+03
8.494999999999999218e+00 1.173173759999999888e+01 2.304004520000000412e+03 2.401769000000000233e+03
8.499999999999998224e+00 1.173173759999999888e+01 2.304004520000000412e+03 2.401769000000000233e+03
8.505000000000000782e+00 1.172025767999999957e+01 2.304100186000000122e+03 2.401769000000000233e+03
8.509999999999999787e+00 1.174840200000000046e+01 2.303865650000000187e+03 2.401769000000000233e+03
8.514999999999998792e+00 1.179358103999999940e+01 2.303489158000000316e+03 2.401769000000000233e+03
8.519999999999997797e+00 1.172581248000000009e+01 2.304053896000000350e+03 2.401769000000000233e+03
8.525000000000000355e+00 1.177099152000000082e+01 2.303677404000000024e+03 2.401769000000000233e+03
8.529999999999999361e+00 1.177099152000000082e+01 2.303677404000000024e+03 2.401769000000000233e+03
8.534999999999998366e+00 1.177691663999999960e+01 2.303628028000000086e+03 2.401769000000000233e+03
8.540000000000000924e+00 1.179358103999999940e+01 2.303489158000000316e+03 2.401769000000000233e+03
8.544999999999999929e+00 1.175988191999999977e+01 2.303769984000000022e+03 2.401769000000000233e+03
8.549999999999998934e+00 1.174840200000000046e+01 2.303865650000000187e+03 2.401769000000000233e+03
8.554999999999997939e+00 1.177099152000000082e+01 2.303677404000000024e+03 2.401769000000000233e+03
8.560000000000000497e+00 1.171470287999999904e+01 2.304146476000000348e+03 2.401769000000000233e+03
8.564999999999999503e+00 1.176543672000000029e+01 2.303723694000000251e+03 2.401769000000000233e+03
8.569999999999998508e+00 1.170322295999999973e+01 2.304242142000000058e+03 2.401769000000000233e+03
8.575000000000001066e+00 1.168618823999999989e+01 2.304384098000000449e+03 2.401769000000000233e+03
8.580000000000000071e+00 1.175988191999999977e+01 2.303769984000000022e+03 2.401769000000000233e+03
8.584999999999999076e+00 1.175988191999999977e+01 2.303769984000000022e+03 2.401769000000000233e+03
8.589999999999998082e+00 1.172581248000000009e+01 2.304053896000000350e+03 2.401769000000000233e+03
8.595000000000000639e+00 1.172025767999999957e+01 2.304100186000000122e+03 2.401769000000000233e+03
8.599999999999999645e+00 1.171470287999999904e+01 2.304146476000000348e+03 2.401769000000000233e+03
8.604999999999998650e+00 1.174284719999999993e+01 2.303911940000000413e+03 2.401769000000000233e+03
8.609999999999997655e+00 1.174284719999999993e+01 2.303911940000000413e+03 2.401769000000000233e+03
8.615000000000000213e+00 1.168618823999999989e+01 2.304384098000000449e+03 2.401769000000000233e+03
8.619999999999999218e+00 1.170877776000000026e+01 2.304195852000000286e+03 2.401769000000000233e+03
8.624999999999998224e+00 1.171470287999999904e+01 2.304146476000000348e+03 2.401769000000000233e+03
8.630000000000000782e+00 1.170322295999999973e+01 2.304242142000000058e+03 2.401769000000000233e+03
8.634999999999999787e+00 1.170322295999999973e+01 2.304242142000000058e+03 2.401769000000000233e+03
8.639999999999998792e+00 1.169766815999999920e+01 2.304288432000000284e+03 2.401769000000000233e+03
8.644999999999997797e+00 1.170877776000000026e+01 2.304195852000000286e+03 2.401769000000000233e+03
8.650000000000000355e+00 1.168618823999999989e+01 2.304384098000000449e+03 2.401769000000000233e+03
8.654999999999999361e+00 1.172025767999999957e+01 2.304100186000000122e+03 2.401769000000000233e+03
8.659999999999998366e+00 1.171470287999999904e+01 2.304146476000000348e+03 2.401769000000000233e+03
8.665000000000000924e+00 1.164100919999999917e+01 2.304760590000000320e+03 2.401769000000000233e+03
8.669999999999999929e+00 1.160731007999999953e+01 2.305041416000000027e+03 2.401769000000000233e+03
8.674999999999998934e+00 1.174284719999999993e+01 2.303911940000000413e+03 2.401769000000000233e+03
8.679999999999997939e+00 1.168618823999999989e+01 2.304384098000000449e+03 2.401769000000000233e+03
8.685000000000000497e+00 1.175432711999999924e+01 2.303816274000000249e+03 2.401769000000000233e+03
8.689999999999999503e+00 1.172581248000000009e+01 2.304053896000000350e+03 2.401769000000000233e+03
8.694999999999998508e+00 1.167507863999999884e+01 2.304476678000000447e+03 2.401769000000000233e+03
8.700000000000001066e+00 1.164693431999999973e+01 2.304711214000000382e+03 2.401769000000000233e+03
8.705000000000000071e+00 1.168063343999999937e+01 2.304430388000000221e+03 2.401769000000000233e+03
8.709999999999999076e+00 1.170322295999999973e+01 2.304242142000000058e+03 2.401769000000000233e+03
8.714999999999998082e+00 1.162989959999999989e+01 2.304853170000000318e+03 2.401769000000000233e+03
8.720000000000000639e+00 1.169211335999999868e+01 2.304334722000000056e+03 2.401769000000000233e+03
8.724999999999999645e+00 1.169211335999999868e+01 2.304334722000000056e+03 2.401769000000000233e+03
8.729999999999998650e+00 1.170322295999999973e+01 2.304242142000000058e+03 2.401769000000000233e+03
8.734999999999997655e+00 1.165804392000000078e+01 2.304618634000000384e+03 2.401769000000000233e+03
8.740000000000000213e+00 1.170322295999999973e+01 2.304242142000000058e+03 2.401769000000000233e+03
8.744999999999999218e+00 1.168063343999999937e+01 2.304430388000000221e+03 2.401769000000000233e+03
8.749999999999998224e+00 1.162989959999999989e+01 2.304853170000000318e+03 2.401769000000000233e+03
8.755000000000000782e+00 1.160731007999999953e+01 2.305041416000000027e+03 2.401769000000000233e+03
8.759999999999999787e+00 1.172025767999999957e+01 2.304100186000000122e+03 2.401769000000000233e+03
8.764999999999998792e+00 1.169211335999999868e+01 2.304334722000000056e+03 2.401769000000000233e+03
8.769999999999997797e+00 1.169766815999999920e+01 2.304288432000000284e+03 2.401769000000000233e+03
8.775000000000000355e+00 1.166359871999999953e+01 2.304572344000000157e+03 2.401769000000000233e+03
8.779999999999999361e+00 1.168063343999999937e+01 2.304430388000000221e+03 2.401769000000000233e+03
8.784999999999998366e+00 1.166359871999999953e+01 2.304572344000000157e+03 2.401769000000000233e+03
8.790000000000000924e+00 1.169766815999999920e+01 2.304288432000000284e+03 2.401769000000000233e+03
8.794999999999999929e+00 1.178247144000000013e+01 2.303581738000000314e+03 2.401769000000000233e+03
8.799999999999998934e+00 1.168618823999999989e+01 2.304384098000000449e+03 2.401769000000000233e+03
8.804999999999997939e+00 1.175432711999999924e+01 2.303816274000000249e+03 2.401769000000000233e+03
8.810000000000000497e+00 1.172025767999999957e+01 2.304100186000000122e+03 2.401769000000000233e+03
8.814999999999999503e+00 1.170877776000000026e+01 2.304195852000000286e+03 2.401769000000000233e+03
8.819999999999998508e+00 1.165804392000000078e+01 2.304618634000000384e+03 2.401769000000000233e+03
8.825000000000001066e+00 1.169766815999999920e+01 2.304288432000000284e+03 2.401769000000000233e+03
8.830000000000000071e+00 1.165804392000000078e+01 2.304618634000000384e+03 2.401769000000000233e+03
8.834999999999999076e+00 1.171470287999999904e+01 2.304146476000000348e+03 2.401769000000000233e+03
8.839999999999998082e+00 1.172025767999999957e+01 2.304100186000000122e+03 2.401769000000000233e+03
8.845000000000000639e+00 1.169766815999999920e+01 2.304288432000000284e+03 2.401769000000000233e+03
8.849999999999999645e+00 1.167507863999999884e+01 2.304476678000000447e+03 2.401769000000000233e+03
8.854999999999998650e+00 1.164100919999999917e+01 2.304760590000000320e+03 2.401769000000000233e+03
8.859999999999997655e+00 1.169211335999999868e+01 2.304334722000000056e+03 2.401769000000000233e+03
8.865000000000000213e+00 1.164100919999999917e+01 2.304760590000000320e+03 2.401769000000000233e+03
8.869999999999999218e+00 1.166359871999999953e+01 2.304572344000000157e+03 2.401769000000000233e+03
8.874999999999998224e+00 1.165804392000000078e+01 2.304618634000000384e+03 2.401769000000000233e+03
8.880000000000000782e+00 1.166952384000000009e+01 2.304522968000000219e+03 2.401769000000000233e+03
8.884999999999999787e+00 1.169211335999999868e+01 2.304334722000000056e+03 2.401769000000000233e+03
8.889999999999998792e+00 1.169766815999999920e+01 2.304288432000000284e+03 2.401769000000000233e+03
8.894999999999997797e+00 1.166952384000000009e+01 2.304522968000000219e+03 2.401769000000000233e+03
8.900000000000000355e+00 1.163545440000000042e+01 2.304806880000000092e+03 2.401769000000000233e+03
8.904999999999999361e+00 1.163545440000000042e+01 2.304806880000000092e+03 2.401769000000000233e+03
8.909999999999998366e+00 1.167507863999999884e+01 2.304476678000000447e+03 2.401769000000000233e+03
8.915000000000000924e+00 1.167507863999999884e+01 2.304476678000000447e+03 2.401769000000000233e+03
8.919999999999999929e+00 1.165804392000000078e+01 2.304618634000000384e+03 2.401769000000000233e+03
8.924999999999998934e+00 1.168618823999999989e+01 2.304384098000000449e+03 2.401769000000000233e+03
8.929999999999997939e+00 1.162989959999999989e+01 2.304853170000000318e+03 2.401769000000000233e+03
8.935000000000000497e+00 1.164693431999999973e+01 2.304711214000000382e+03 2.401769000000000233e+03
8.939999999999999503e+00 1.162434479999999937e+01 2.304899460000000090e+03 2.401769000000000233e+03
8.944999999999998508e+00 1.165804392000000078e+01 2.304618634000000384e+03 2.401769000000000233e+03
8.950000000000001066e+00 1.168618823999999989e+01 2.304384098000000449e+03 2.401769000000000233e+03
8.955000000000000071e+00 1.163545440000000042e+01 2.304806880000000092e+03 2.401769000000000233e+03
8.959999999999999076e+00 1.165804392000000078e+01 2.304618634000000384e+03 2.401769000000000233e+03
8.964999999999998082e+00 1.169211335999999868e+01 2.304334722000000056e+03 2.401769000000000233e+03
8.970000000000000639e+00 1.156768583999999933e+01 2.305371618000000126e+03 2.401769000000000233e+03
8.974999999999999645e+00 1.159583015999999844e+01 2.305137082000000191e+03 2.401769000000000233e+03
8.979999999999998650e+00 1.163545440000000042e+01 2.304806880000000092e+03 2.401769000000000233e+03
8.984999999999997655e+00 1.162434479999999937e+01 2.304899460000000090e+03 2.401769000000000233e+03
8.990000000000000213e+00 1.162989959999999989e+01 2.304853170000000318e+03 2.401769000000000233e+03
8.994999999999999218e+00 1.165248912000000026e+01 2.304664924000000156e+03 2.401769000000000233e+03
8.999999999999998224e+00 1.165804392000000078e+01 2.304618634000000384e+03 2.401769000000000233e+03
9.005000000000000782e+00 1.165248912000000026e+01 2.304664924000000156e+03 2.401769000000000233e+03
9.009999999999999787e+00 1.166952384000000009e+01 2.304522968000000219e+03 2.401769000000000233e+03
9.014999999999998792e+00 1.164100919999999917e+01 2.304760590000000320e+03 2.401769000000000233e+03
9.019999999999997797e+00 1.162434479999999937e+01 2.304899460000000090e+03 2.401769000000000233e+03
9.025000000000000355e+00 1.165804392000000078e+01 2.304618634000000384e+03 2.401769000000000233e+03
9.029999999999999361e+00 1.162434479999999937e+01 2.304899460000000090e+03 2.401769000000000233e+03
9.034999999999998366e+00 1.160731007999999953e+01 2.305041416000000027e+03 2.401769000000000233e+03
9.040000000000000924e+00 1.164693431999999973e+01 2.304711214000000382e+03 2.401769000000000233e+03
9.044999999999999929e+00 1.167507863999999884e+01 2.304476678000000447e+03 2.401769000000000233e+03
9.049999999999998934e+00 1.162989959999999989e+01 2.304853170000000318e+03 2.401769000000000233e+03
9.054999999999997939e+00 1.165804392000000078e+01 2.304618634000000384e+03 2.401769000000000233e+03
9.060000000000000497e+00 1.165804392000000078e+01 2.304618634000000384e+03 2.401769000000000233e+03
9.064999999999999503e+00 1.163545440000000042e+01 2.304806880000000092e+03 2.401769000000000233e+03
9.069999999999998508e+00 1.164100919999999917e+01 2.304760590000000320e+03 2.401769000000000233e+03
9.075000000000001066e+00 1.162989959999999989e+01 2.304853170000000318e+03 2.401769000000000233e+03
9.080000000000000071e+00 1.163545440000000042e+01 2.304806880000000092e+03 2.401769000000000233e+03
9.084999999999999076e+00 1.168618823999999989e+01 2.304384098000000449e+03 2.401769000000000233e+03
9.089999999999998082e+00 1.162434479999999937e+01 2.304899460000000090e+03 2.401769000000000233e+03
9.095000000000000639e+00 1.165804392000000078e+01 2.304618634000000384e+03 2.401769000000000233e+03
9.099999999999999645e+00 1.165248912000000026e+01 2.304664924000000156e+03 2.401769000000000233e+03
9.104999999999998650e+00 1.160175528000000078e+01 2.305087706000000253e+03 2.401769000000000233e+03
9.109999999999997655e+00 1.162989959999999989e+01 2.304853170000000318e+03 2.401769000000000233e+03
9.115000000000000213e+00 1.160731007999999953e+01 2.305041416000000027e+03 2.401769000000000233e+03
9.119999999999999218e+00 1.155065111999999772e+01 2.305513574000000062e+03 2.401769000000000233e+03
9.124999999999998224e+00 1.163545440000000042e+01 2.304806880000000092e+03 2.401769000000000233e+03
9.130000000000000782e+00 1.163545440000000042e+01 2.304806880000000092e+03 2.401769000000000233e+03
9.134999999999999787e+00 1.162989959999999989e+01 2.304853170000000318e+03 2.401769000000000233e+03
9.139999999999998792e+00 1.166952384000000009e+01 2.304522968000000219e+03 2.401769000000000233e+03
9.144999999999997797e+00 1.164100919999999917e+01 2.304760590000000320e+03 2.401769000000000233e+03
9.150000000000000355e+00 1.166952384000000009e+01 2.304522968000000219e+03 2.401769000000000233e+03
9.154999999999999361e+00 1.159583015999999844e+01 2.305137082000000191e+03 2.401769000000000233e+03
9.159999999999998366e+00 1.163545440000000042e+01 2.304806880000000092e+03 2.401769000000000233e+03
9.165000000000000924e+00 1.160731007999999953e+01 2.305041416000000027e+03 2.401769000000000233e+03
9.169999999999999929e+00 1.159027535999999969e+01 2.305183372000000418e+03 2.401769000000000233e+03
9.174999999999998934e+00 1.165804392000000078e+01 2.304618634000000384e+03 2.401769000000000233e+03
9.179999999999997939e+00 1.156768583999999933e+01 2.305371618000000126e+03 2.401769000000000233e+03
9.185000000000000497e+00 1.159027535999999969e+01 2.305183372000000418e+03 2.401769000000000233e+03
9.189999999999999503e+00 1.164693431999999973e+01 2.304711214000000382e+03 2.401769000000000233e+03
9.194999999999998508e+00 1.161286488000000006e+01 2.304995126000000255e+03 2.401769000000000233e+03
9.200000000000001066e+00 1.162434479999999937e+01 2.304899460000000090e+03 2.401769000000000233e+03
9.205000000000000071e+00 1.162989959999999989e+01 2.304853170000000318e+03 2.401769000000000233e+03
9.209999999999999076e+00 1.162434479999999937e+01 2.304899460000000090e+03 2.401769000000000233e+03
9.214999999999998082e+00 1.170877776000000026e+01 2.304195852000000286e+03 2.401769000000000233e+03
9.220000000000000639e+00 1.159583015999999844e+01 2.305137082000000191e+03 2.401769000000000233e+03
9.224999999999999645e+00 1.161286488000000006e+01 2.304995126000000255e+03 2.401769000000000233e+03
9.229999999999998650e+00 1.160731007999999953e+01 2.305041416000000027e+03 2.401769000000000233e+03
9.234999999999997655e+00 1.155620591999999824e+01 2.305467284000000291e+03 2.401769000000000233e+03
9.240000000000000213e+00 1.161841967999999881e+01 2.304948836000000028e+03 2.401769000000000233e+03
9.244999999999999218e+00 1.162434479999999937e+01 2.304899460000000090e+03 2.401769000000000233e+03
9.249999999999998224e+00 1.153954152000000022e+01 2.305606154000000060e+03 2.401769000000000233e+03
9.255000000000000782e+00 1.157324063999999808e+01 2.305325328000000354e+03 2.401769000000000233e+03
9.259999999999999787e+00 1.161286488000000006e+01 2.304995126000000255e+03 2.401769000000000233e+03
9.264999999999998792e+00 1.160175528000000078e+01 2.305087706000000253e+03 2.401769000000000233e+03
9.269999999999997797e+00 1.159027535999999969e+01 2.305183372000000418e+03 2.401769000000000233e+03
9.275000000000000355e+00 1.161286488000000006e+01 2.304995126000000255e+03 2.401769000000000233e+03
9.279999999999999361e+00 1.162434479999999937e+01 2.304899460000000090e+03 2.401769000000000233e+03
9.284999999999998366e+00 1.156213104000000058e+01 2.305417908000000352e+03 2.401769000000000233e+03
9.290000000000000924e+00 1.160175528000000078e+01 2.305087706000000253e+03 2.401769000000000233e+03
9.294999999999999929e+00 1.156768583999999933e+01 2.305371618000000126e+03 2.401769000000000233e+03
9.299999999999998934e+00 1.155620591999999824e+01 2.305467284000000291e+03 2.401769000000000233e+03
9.304999999999997939e+00 1.159027535999999969e+01 2.305183372000000418e+03 2.401769000000000233e+03
9.310000000000000497e+00 1.161841967999999881e+01 2.304948836000000028e+03 2.401769000000000233e+03
9.314999999999999503e+00 1.164100919999999917e+01 2.304760590000000320e+03 2.401769000000000233e+03
9.319999999999998508e+00 1.160731007999999953e+01 2.305041416000000027e+03 2.401769000000000233e+03
9.325000000000001066e+00 1.159583015999999844e+01 2.305137082000000191e+03 2.401769000000000233e+03
9.330000000000000071e+00 1.159583015999999844e+01 2.305137082000000191e+03 2.401769000000000233e+03
9.334999999999999076e+00 1.161286488000000006e+01 2.304995126000000255e+03 2.401769000000000233e+03
9.339999999999998082e+00 1.160175528000000078e+01 2.305087706000000253e+03 2.401769000000000233e+03
9.345000000000000639e+00 1.161841967999999881e+01 2.304948836000000028e+03 2.401769000000000233e+03
9.349999999999999645e+00 1.163545440000000042e+01 2.304806880000000092e+03 2.401769000000000233e+03
9.354999999999998650e+00 1.159027535999999969e+01 2.305183372000000418e+03 2.401769000000000233e+03
9.359999999999997655e+00 1.157916576000000042e+01 2.305275952000000416e+03 2.401769000000000233e+03
9.365000000000000213e+00 1.160175528000000078e+01 2.305087706000000253e+03 2.401769000000000233e+03
9.369999999999999218e+00 1.164693431999999973e+01 2.304711214000000382e+03 2.401769000000000233e+03
9.374999999999998224e+00 1.161841967999999881e+01 2.304948836000000028e+03 2.401769000000000233e+03
9.380000000000000782e+00 1.160731007999999953e+01 2.305041416000000027e+03 2.401769000000000233e+03
9.384999999999999787e+00 1.155620591999999824e+01 2.305467284000000291e+03 2.401769000000000233e+03
9.389999999999998792e+00 1.159027535999999969e+01 2.305183372000000418e+03 2.401769000000000233e+03
9.394999999999997797e+00 1.162434479999999937e+01 2.304899460000000090e+03 2.401769000000000233e+03
9.400000000000000355e+00 1.159583015999999844e+01 2.305137082000000191e+03 2.401769000000000233e+03
9.404999999999999361e+00 1.161286488000000006e+01 2.304995126000000255e+03 2.401769000000000233e+03
9.409999999999998366e+00 1.159583015999999844e+01 2.305137082000000191e+03 2.401769000000000233e+03
9.415000000000000924e+00 1.156768583999999933e+01 2.305371618000000126e+03 2.401769000000000233e+03
9.419999999999999929e+00 1.156768583999999933e+01 2.305371618000000126e+03 2.401769000000000233e+03
9.424999999999998934e+00 1.156213104000000058e+01 2.305417908000000352e+03 2.401769000000000233e+03
9.429999999999997939e+00 1.157324063999999808e+01 2.305325328000000354e+03 2.401769000000000233e+03
9.435000000000000497e+00 1.153361639999999966e+01 2.305655529999999999e+03 2.401769000000000233e+03
9.439999999999999503e+00 1.154509632000000074e+01 2.305559864000000289e+03 2.401769000000000233e+03
9.444999999999998508e+00 1.154509632000000074e+01 2.305559864000000289e+03 2.401769000000000233e+03
9.450000000000001066e+00 1.153954152000000022e+01 2.305606154000000060e+03 2.401769000000000233e+03
9.455000000000000071e+00 1.158472055999999917e+01 2.305229662000000189e+03 2.401769000000000233e+03
9.459999999999999076e+00 1.156768583999999933e+01 2.305371618000000126e+03 2.401769000000000233e+03
9.464999999999998082e+00 1.154509632000000074e+01 2.305559864000000289e+03 2.401769000000000233e+03
9.470000000000000639e+00 1.155065111999999772e+01 2.305513574000000062e+03 2.401769000000000233e+03
9.474999999999999645e+00 1.161286488000000006e+01 2.304995126000000255e+03 2.401769000000000233e+03
9.479999999999998650e+00 1.161841967999999881e+01 2.304948836000000028e+03 2.401769000000000233e+03
9.484999999999997655e+00 1.152806159999999913e+01 2.305701820000000225e+03 2.401769000000000233e+03
9.490000000000000213e+00 1.154509632000000074e+01 2.305559864000000289e+03 2.401769000000000233e+03
9.494999999999999218e+00 1.156768583999999933e+01 2.305371618000000126e+03 2.401769000000000233e+03
9.499999999999998224e+00 1.153954152000000022e+01 2.305606154000000060e+03 2.401769000000000233e+03
9.505000000000000782e+00 1.155065111999999772e+01 2.305513574000000062e+03 2.401769000000000233e+03
9.509999999999999787e+00 1.156213104000000058e+01 2.305417908000000352e+03 2.401769000000000233e+03
9.514999999999998792e+00 1.155620591999999824e+01 2.305467284000000291e+03 2.401769000000000233e+03
9.519999999999997797e+00 1.158472055999999917e+01 2.305229662000000189e+03 2.401769000000000233e+03
9.525000000000000355e+00 1.157916576000000042e+01 2.305275952000000416e+03 2.401769000000000233e+03
9.529999999999999361e+00 1.155620591999999824e+01 2.305467284000000291e+03 2.401769000000000233e+03
9.534999999999998366e+00 1.148288255999999841e+01 2.306078312000000096e+03 2.401769000000000233e+03
9.540000000000000924e+00 1.147177296000000091e+01 2.306170892000000094e+03 2.401769000000000233e+03
9.544999999999999929e+00 1.156768583999999933e+01 2.305371618000000126e+03 2.401769000000000233e+03
9.549999999999998934e+00 1.153954152000000022e+01 2.305606154000000060e+03 2.401769000000000233e+03
9.554999999999997939e+00 1.151102687999999930e+01 2.305843776000000162e+03 2.401769000000000233e+03
9.560000000000000497e+00 1.151695200000000163e+01 2.305794400000000223e+03 2.401769000000000233e+03
9.564999999999999503e+00 1.152250680000000038e+01 2.305748110000000452e+03 2.401769000000000233e+03
9.569999999999998508e+00 1.146029303999999804e+01 2.306266558000000259e+03 2.401769000000000233e+03
9.575000000000001066e+00 1.153954152000000022e+01 2.305606154000000060e+03 2.401769000000000233e+03
9.580000000000000071e+00 1.156213104000000058e+01 2.305417908000000352e+03 2.401769000000000233e+03
9.584999999999999076e+00 1.155620591999999824e+01 2.305467284000000291e+03 2.401769000000000233e+03
9.589999999999998082e+00 1.151102687999999930e+01 2.305843776000000162e+03 2.401769000000000233e+03
9.595000000000000639e+00 1.161286488000000006e+01 2.304995126000000255e+03 2.401769000000000233e+03
9.599999999999999645e+00 1.156768583999999933e+01 2.305371618000000126e+03 2.401769000000000233e+03
9.604999999999998650e+00 1.155065111999999772e+01 2.305513574000000062e+03 2.401769000000000233e+03
9.609999999999997655e+00 1.154509632000000074e+01 2.305559864000000289e+03 2.401769000000000233e+03
9.615000000000000213e+00 1.155065111999999772e+01 2.305513574000000062e+03 2.401769000000000233e+03
9.619999999999999218e+00 1.148843735999999893e+01 2.306032022000000325e+03 2.401769000000000233e+03
9.624999999999998224e+00 1.154509632000000074e+01 2.305559864000000289e+03 2.401769000000000233e+03
9.630000000000000782e+00 1.153361639999999966e+01 2.305655529999999999e+03 2.401769000000000233e+03
9.634999999999999787e+00 1.157916576000000042e+01 2.305275952000000416e+03 2.401769000000000233e+03
9.639999999999998792e+00 1.151695200000000163e+01 2.305794400000000223e+03 2.401769000000000233e+03
9.644999999999997797e+00 1.151102687999999930e+01 2.305843776000000162e+03 2.401769000000000233e+03
9.650000000000000355e+00 1.152806159999999913e+01 2.305701820000000225e+03 2.401769000000000233e+03
9.654999999999999361e+00 1.151695200000000163e+01 2.305794400000000223e+03 2.401769000000000233e+03
9.659999999999998366e+00 1.153361639999999966e+01 2.305655529999999999e+03 2.401769000000000233e+03
9.665000000000000924e+00 1.157324063999999808e+01 2.305325328000000354e+03 2.401769000000000233e+03
9.669999999999999929e+00 1.147732775999999966e+01 2.306124602000000323e+03 2.401769000000000233e+03
9.674999999999998934e+00 1.149991728000000002e+01 2.305936356000000160e+03 2.401769000000000233e+03
9.679999999999997939e+00 1.149991728000000002e+01 2.305936356000000160e+03 2.401769000000000233e+03
9.685000000000000497e+00 1.148288255999999841e+01 2.306078312000000096e+03 2.401769000000000233e+03
9.689999999999999503e+00 1.149436248000000127e+01 2.305982646000000386e+03 2.401769000000000233e+03
9.694999999999998508e+00 1.147732775999999966e+01 2.306124602000000323e+03 2.401769000000000233e+03
9.700000000000001066e+00 1.151695200000000163e+01 2.305794400000000223e+03 2.401769000000000233e+03
9.705000000000000071e+00 1.148843735999999893e+01 2.306032022000000325e+03 2.401769000000000233e+03
9.709999999999999076e+00 1.152806159999999913e+01 2.305701820000000225e+03 2.401769000000000233e+03
9.714999999999998082e+00 1.150547207999999877e+01 2.305890066000000388e+03 2.401769000000000233e+03
9.720000000000000639e+00 1.144918344000000054e+01 2.306359138000000257e+03 2.401769000000000233e+03
9.724999999999999645e+00 1.144918344000000054e+01 2.306359138000000257e+03 2.401769000000000233e+03
9.729999999999998650e+00 1.143770351999999946e+01 2.306454804000000422e+03 2.401769000000000233e+03
9.734999999999997655e+00 1.147732775999999966e+01 2.306124602000000323e+03 2.401769000000000233e+03
9.740000000000000213e+00 1.152806159999999913e+01 2.305701820000000225e+03 2.401769000000000233e+03
9.744999999999999218e+00 1.152250680000000038e+01 2.305748110000000452e+03 2.401769000000000233e+03
9.749999999999998224e+00 1.151695200000000163e+01 2.305794400000000223e+03 2.401769000000000233e+03
9.755000000000000782e+00 1.146584783999999857e+01 2.306220268000000033e+03 2.401769000000000233e+03
9.759999999999999787e+00 1.144325831999999821e+01 2.306408514000000196e+03 2.401769000000000233e+03
9.764999999999998792e+00 1.147177296000000091e+01 2.306170892000000094e+03 2.401769000000000233e+03
9.769999999999997797e+00 1.142622359999999837e+01 2.306550470000000132e+03 2.401769000000000233e+03
9.775000000000000355e+00 1.147177296000000091e+01 2.306170892000000094e+03 2.401769000000000233e+03
9.779999999999999361e+00 1.147177296000000091e+01 2.306170892000000094e+03 2.401769000000000233e+03
9.784999999999998366e+00 1.151695200000000163e+01 2.305794400000000223e+03 2.401769000000000233e+03
9.790000000000000924e+00 1.149436248000000127e+01 2.305982646000000386e+03 2.401769000000000233e+03
9.794999999999999929e+00 1.149991728000000002e+01 2.305936356000000160e+03 2.401769000000000233e+03
9.799999999999998934e+00 1.148843735999999893e+01 2.306032022000000325e+03 2.401769000000000233e+03
9.804999999999997939e+00 1.146584783999999857e+01 2.306220268000000033e+03 2.401769000000000233e+03
9.810000000000000497e+00 1.147177296000000091e+01 2.306170892000000094e+03 2.401769000000000233e+03
9.814999999999999503e+00 1.142066879999999962e+01 2.306596760000000359e+03 2.401769000000000233e+03
9.819999999999998508e+00 1.148843735999999893e+01 2.306032022000000325e+03 2.401769000000000233e+03
9.825000000000001066e+00 1.153954152000000022e+01 2.305606154000000060e+03 2.401769000000000233e+03
9.830000000000000071e+00 1.145473824000000107e+01 2.306312848000000031e+03 2.401769000000000233e+03
9.834999999999999076e+00 1.146584783999999857e+01 2.306220268000000033e+03 2.401769000000000233e+03
9.839999999999998082e+00 1.149436248000000127e+01 2.305982646000000386e+03 2.401769000000000233e+03
9.845000000000000639e+00 1.153954152000000022e+01 2.305606154000000060e+03 2.401769000000000233e+03
9.849999999999999645e+00 1.149436248000000127e+01 2.305982646000000386e+03 2.401769000000000233e+03
9.854999999999998650e+00 1.141511400000000087e+01 2.306643050000000130e+03 2.401769000000000233e+03
9.859999999999997655e+00 1.148288255999999841e+01 2.306078312000000096e+03 2.401769000000000233e+03
9.865000000000000213e+00 1.148843735999999893e+01 2.306032022000000325e+03 2.401769000000000233e+03
9.869999999999999218e+00 1.145473824000000107e+01 2.306312848000000031e+03 2.401769000000000233e+03
9.874999999999998224e+00 1.148843735999999893e+01 2.306032022000000325e+03 2.401769000000000233e+03
9.880000000000000782e+00 1.151102687999999930e+01 2.305843776000000162e+03 2.401769000000000233e+03
9.884999999999999787e+00 1.149991728000000002e+01 2.305936356000000160e+03 2.401769000000000233e+03
9.889999999999998792e+00 1.153361639999999966e+01 2.305655529999999999e+03 2.401769000000000233e+03
9.894999999999997797e+00 1.150547207999999877e+01 2.305890066000000388e+03 2.401769000000000233e+03
9.900000000000000355e+00 1.153361639999999966e+01 2.305655529999999999e+03 2.401769000000000233e+03
9.904999999999999361e+00 1.147177296000000091e+01 2.306170892000000094e+03 2.401769000000000233e+03
9.909999999999998366e+00 1.148843735999999893e+01 2.306032022000000325e+03 2.401769000000000233e+03
9.915000000000000924e+00 1.151102687999999930e+01 2.305843776000000162e+03 2.401769000000000233e+03
9.919999999999999929e+00 1.151102687999999930e+01 2.305843776000000162e+03 2.401769000000000233e+03
9.924999999999998934e+00 1.147177296000000091e+01 2.306170892000000094e+03 2.401769000000000233e+03
9.929999999999997939e+00 1.157324063999999808e+01 2.305325328000000354e+03 2.401769000000000233e+03
9.935000000000000497e+00 1.156768583999999933e+01 2.305371618000000126e+03 2.401769000000000233e+03
9.939999999999999503e+00 1.159027535999999969e+01 2.305183372000000418e+03 2.401769000000000233e+03
9.944999999999998508e+00 1.151695200000000163e+01 2.305794400000000223e+03 2.401769000000000233e+03
9.950000000000001066e+00 1.146584783999999857e+01 2.306220268000000033e+03 2.401769000000000233e+03
9.955000000000000071e+00 1.148288255999999841e+01 2.306078312000000096e+03 2.401769000000000233e+03
9.959999999999999076e+00 1.148288255999999841e+01 2.306078312000000096e+03 2.401769000000000233e+03
9.964999999999998082e+00 1.149436248000000127e+01 2.305982646000000386e+03 2.401769000000000233e+03
9.970000000000000639e+00 1.150547207999999877e+01 2.305890066000000388e+03 2.401769000000000233e+03
9.974999999999999645e+00 1.149436248000000127e+01 2.305982646000000386e+03 2.401769000000000233e+03
9.979999999999998650e+00 1.148843735999999893e+01 2.306032022000000325e+03 2.401769000000000233e+03
9.984999999999997655e+00 1.149991728000000002e+01 2.305936356000000160e+03 2.401769000000000233e+03
9.990000000000000213e+00 1.144325831999999821e+01 2.306408514000000196e+03 2.401769000000000233e+03
9.994999999999999218e+00 1.142622359999999837e+01 2.306550470000000132e+03 2.401769000000000233e+03
9.999999999999998224e+00 1.142622359999999837e+01 2.306550470000000132e+03 2.401769000000000233e+03
1.000500000000000078e+01 1.149991728000000002e+01 2.305936356000000160e+03 2.401769000000000233e+03
1.000999999999999979e+01 1.148288255999999841e+01 2.306078312000000096e+03 2.401769000000000233e+03
1.001499999999999879e+01 1.146029303999999804e+01 2.306266558000000259e+03 2.401769000000000233e+03
1.001999999999999780e+01 1.147177296000000091e+01 2.306170892000000094e+03 2.401769000000000233e+03
1.002500000000000036e+01 1.148843735999999893e+01 2.306032022000000325e+03 2.401769000000000233e+03
1.002999999999999936e+01 1.144325831999999821e+01 2.306408514000000196e+03 2.401769000000000233e+03
1.003499999999999837e+01 1.148843735999999893e+01 2.306032022000000325e+03 2.401769000000000233e+03
1.004000000000000092e+01 1.146584783999999857e+01 2.306220268000000033e+03 2.401769000000000233e+03
1.004499999999999993e+01 1.146584783999999857e+01 2.306220268000000033e+03 2.401769000000000233e+03
1.004999999999999893e+01 1.149436248000000127e+01 2.305982646000000386e+03 2.401769000000000233e+03
1.005499999999999794e+01 1.156768583999999933e+01 2.305371618000000126e+03 2.401769000000000233e+03
1.006000000000000050e+01 1.153361639999999966e+01 2.305655529999999999e+03 2.401769000000000233e+03
1.006499999999999950e+01 1.142622359999999837e+01 2.306550470000000132e+03 2.401769000000000233e+03
1.006999999999999851e+01 1.144918344000000054e+01 2.306359138000000257e+03 2.401769000000000233e+03
1.007500000000000107e+01 1.145473824000000107e+01 2.306312848000000031e+03 2.401769000000000233e+03
1.008000000000000007e+01 1.143770351999999946e+01 2.306454804000000422e+03 2.401769000000000233e+03
1.008499999999999908e+01 1.141511400000000087e+01 2.306643050000000130e+03 2.401769000000000233e+03
1.008999999999999808e+01 1.147732775999999966e+01 2.306124602000000323e+03 2.401769000000000233e+03
1.009500000000000064e+01 1.148288255999999841e+01 2.306078312000000096e+03 2.401769000000000233e+03
1.009999999999999964e+01 1.151102687999999930e+01 2.305843776000000162e+03 2.401769000000000233e+03
1.010499999999999865e+01 1.146029303999999804e+01 2.306266558000000259e+03 2.401769000000000233e+03
1.010999999999999766e+01 1.147732775999999966e+01 2.306124602000000323e+03 2.401769000000000233e+03
1.011500000000000021e+01 1.140363407999999978e+01 2.306738716000000295e+03 2.401769000000000233e+03
1.011999999999999922e+01 1.146584783999999857e+01 2.306220268000000033e+03 2.401769000000000233e+03
1.012499999999999822e+01 1.143770351999999946e+01 2.306454804000000422e+03 2.401769000000000233e+03
1.013000000000000078e+01 1.136993496000000015e+01 2.307019542000000001e+03 2.401769000000000233e+03
1.013499999999999979e+01 1.138104455999999942e+01 2.306926962000000458e+03 2.401769000000000233e+03
1.013999999999999879e+01 1.147732775999999966e+01 2.306124602000000323e+03 2.401769000000000233e+03
1.014499999999999780e+01 1.141511400000000087e+01 2.306643050000000130e+03 2.401769000000000233e+03
1.015000000000000036e+01 1.139807927999999926e+01 2.306785006000000067e+03 2.401769000000000233e+03
1.015499999999999936e+01 1.142066879999999962e+01 2.306596760000000359e+03 2.401769000000000233e+03
1.015999999999999837e+01 1.146584783999999857e+01 2.306220268000000033e+03 2.401769000000000233e+03
1.016500000000000092e+01 1.143214872000000248e+01 2.306501094000000194e+03 2.401769000000000233e+03
1.016999999999999993e+01 1.143770351999999946e+01 2.306454804000000422e+03 2.401769000000000233e+03
1.017499999999999893e+01 1.143770351999999946e+01 2.306454804000000422e+03 2.401769000000000233e+03
1.017999999999999794e+01 1.142622359999999837e+01 2.306550470000000132e+03 2.401769000000000233e+03
1.018500000000000050e+01 1.136993496000000015e+01 2.307019542000000001e+03 2.401769000000000233e+03
1.018999999999999950e+01 1.146584783999999857e+01 2.306220268000000033e+03 2.401769000000000233e+03
1.019499999999999851e+01 1.146029303999999804e+01 2.306266558000000259e+03 2.401769000000000233e+03
1.020000000000000107e+01 1.144918344000000054e+01 2.306359138000000257e+03 2.401769000000000233e+03
1.020500000000000007e+01 1.142066879999999962e+01 2.306596760000000359e+03 2.401769000000000233e+03
1.020999999999999908e+01 1.143770351999999946e+01 2.306454804000000422e+03 2.401769000000000233e+03
1.021499999999999808e+01 1.141511400000000087e+01 2.306643050000000130e+03 2.401769000000000233e+03
1.022000000000000064e+01 1.136993496000000015e+01 2.307019542000000001e+03 2.401769000000000233e+03
1.022499999999999964e+01 1.134179063999999926e+01 2.307254078000000391e+03 2.401769000000000233e+03
1.022999999999999865e+01 1.139807927999999926e+01 2.306785006000000067e+03 2.401769000000000233e+03
1.023499999999999766e+01 1.144918344000000054e+01 2.306359138000000257e+03 2.401769000000000233e+03
1.024000000000000021e+01 1.139252448000000051e+01 2.306831296000000293e+03 2.401769000000000233e+03
1.024499999999999922e+01 1.137548975999999890e+01 2.306973252000000230e+03 2.401769000000000233e+03
1.024999999999999822e+01 1.133586551999999870e+01 2.307303454000000329e+03 2.401769000000000233e+03
1.025500000000000078e+01 1.139807927999999926e+01 2.306785006000000067e+03 2.401769000000000233e+03
1.025999999999999979e+01 1.139252448000000051e+01 2.306831296000000293e+03 2.401769000000000233e+03
1.026499999999999879e+01 1.140363407999999978e+01 2.306738716000000295e+03 2.401769000000000233e+03
1.026999999999999780e+01 1.138104455999999942e+01 2.306926962000000458e+03 2.401769000000000233e+03
1.027500000000000036e+01 1.143214872000000248e+01 2.306501094000000194e+03 2.401769000000000233e+03
1.027999999999999936e+01 1.144325831999999821e+01 2.306408514000000196e+03 2.401769000000000233e+03
1.028499999999999837e+01 1.148288255999999841e+01 2.306078312000000096e+03 2.401769000000000233e+03
1.029000000000000092e+01 1.147177296000000091e+01 2.306170892000000094e+03 2.401769000000000233e+03
1.029499999999999993e+01 1.142066879999999962e+01 2.306596760000000359e+03 2.401769000000000233e+03
1.029999999999999893e+01 1.135845503999999906e+01 2.307115208000000166e+03 2.401769000000000233e+03
1.030499999999999794e+01 1.134734543999999978e+01 2.307207788000000164e+03 2.401769000000000233e+03
1.031000000000000050e+01 1.142622359999999837e+01 2.306550470000000132e+03 2.401769000000000233e+03
1.031499999999999950e+01 1.140955920000000035e+01 2.306689340000000357e+03 2.401769000000000233e+03
1.031999999999999851e+01 1.139807927999999926e+01 2.306785006000000067e+03 2.401769000000000233e+03
1.032500000000000107e+01 1.139252448000000051e+01 2.306831296000000293e+03 2.401769000000000233e+03
1.033000000000000007e+01 1.140363407999999978e+01 2.306738716000000295e+03 2.401769000000000233e+03
1.033499999999999908e+01 1.141511400000000087e+01 2.306643050000000130e+03 2.401769000000000233e+03
1.033999999999999808e+01 1.143214872000000248e+01 2.306501094000000194e+03 2.401769000000000233e+03
1.034500000000000064e+01 1.135845503999999906e+01 2.307115208000000166e+03 2.401769000000000233e+03
1.034999999999999964e+01 1.143214872000000248e+01 2.306501094000000194e+03 2.401769000000000233e+03
1.035499999999999865e+01 1.143214872000000248e+01 2.306501094000000194e+03 2.401769000000000233e+03
1.035999999999999766e+01 1.143770351999999946e+01 2.306454804000000422e+03 2.401769000000000233e+03
1.036500000000000021e+01 1.142622359999999837e+01 2.306550470000000132e+03 2.401769000000000233e+03
1.036999999999999922e+01 1.138104455999999942e+01 2.306926962000000458e+03 2.401769000000000233e+03
1.037499999999999822e+01 1.148288255999999841e+01 2.306078312000000096e+03 2.401769000000000233e+03
1.038000000000000078e+01 1.141511400000000087e+01 2.306643050000000130e+03 2.401769000000000233e+03
1.038499999999999979e+01 1.140955920000000035e+01 2.306689340000000357e+03 2.401769000000000233e+03
1.038999999999999879e+01 1.136993496000000015e+01 2.307019542000000001e+03 2.401769000000000233e+03
1.039499999999999780e+01 1.135290024000000031e+01 2.307161498000000392e+03 2.401769000000000233e+03
1.040000000000000036e+01 1.139252448000000051e+01 2.306831296000000293e+03 2.401769000000000233e+03
1.040499999999999936e+01 1.143770351999999946e+01 2.306454804000000422e+03 2.401769000000000233e+03
1.040999999999999837e+01 1.140955920000000035e+01 2.306689340000000357e+03 2.401769000000000233e+03
1.041500000000000092e+01 1.140955920000000035e+01 2.306689340000000357e+03 2.401769000000000233e+03
1.041999999999999993e+01 1.134179063999999926e+01 2.307254078000000391e+03 2.401769000000000233e+03
1.042499999999999893e+01 1.134734543999999978e+01 2.307207788000000164e+03 2.401769000000000233e+03
1.042999999999999794e+01 1.138104455999999942e+01 2.306926962000000458e+03 2.401769000000000233e+03
1.043500000000000050e+01 1.138696967999999998e+01 2.306877586000000065e+03 2.401769000000000233e+03
1.043999999999999950e+01 1.138696967999999998e+01 2.306877586000000065e+03 2.401769000000000233e+03
1.044499999999999851e+01 1.133586551999999870e+01 2.307303454000000329e+03 2.401769000000000233e+03
1.045000000000000107e+01 1.138696967999999998e+01 2.306877586000000065e+03 2.401769000000000233e+03
1.045500000000000007e+01 1.140363407999999978e+01 2.306738716000000295e+03 2.401769000000000233e+03
1.045999999999999908e+01 1.139252448000000051e+01 2.306831296000000293e+03 2.401769000000000233e+03
1.046499999999999808e+01 1.137548975999999890e+01 2.306973252000000230e+03 2.401769000000000233e+03
1.047000000000000064e+01 1.144325831999999821e+01 2.306408514000000196e+03 2.401769000000000233e+03
1.047499999999999964e+01 1.137548975999999890e+01 2.306973252000000230e+03 2.401769000000000233e+03
1.047999999999999865e+01 1.137548975999999890e+01 2.306973252000000230e+03 2.401769000000000233e+03
1.048499999999999766e+01 1.139807927999999926e+01 2.306785006000000067e+03 2.401769000000000233e+03
1.049000000000000021e+01 1.135845503999999906e+01 2.307115208000000166e+03 2.401769000000000233e+03
1.049499999999999922e+01 1.138696967999999998e+01 2.306877586000000065e+03 2.401769000000000233e+03
1.049999999999999822e+01 1.136438015999999962e+01 2.307065832000000228e+03 2.401769000000000233e+03
1.050500000000000078e+01 1.136438015999999962e+01 2.307065832000000228e+03 2.401769000000000233e+03
1.050999999999999979e+01 1.141511400000000087e+01 2.306643050000000130e+03 2.401769000000000233e+03
1.051499999999999879e+01 1.138696967999999998e+01 2.306877586000000065e+03 2.401769000000000233e+03
1.051999999999999780e+01 1.135845503999999906e+01 2.307115208000000166e+03 2.401769000000000233e+03
1.052500000000000036e+01 1.136438015999999962e+01 2.307065832000000228e+03 2.401769000000000233e+03
1.052999999999999936e+01 1.135845503999999906e+01 2.307115208000000166e+03 2.401769000000000233e+03
1.053499999999999837e+01 1.134734543999999978e+01 2.307207788000000164e+03 2.401769000000000233e+03
1.054000000000000092e+01 1.130772120000000136e+01 2.307537990000000264e+03 2.401769000000000233e+03
1.054499999999999993e+01 1.130772120000000136e+01 2.307537990000000264e+03 2.401769000000000233e+03
1.054999999999999893e+01 1.134734543999999978e+01 2.307207788000000164e+03 2.401769000000000233e+03
1.055499999999999794e+01 1.135290024000000031e+01 2.307161498000000392e+03 2.401769000000000233e+03
1.056000000000000050e+01 1.138696967999999998e+01 2.306877586000000065e+03 2.401769000000000233e+03
1.056499999999999950e+01 1.134179063999999926e+01 2.307254078000000391e+03 2.401769000000000233e+03
1.056999999999999851e+01 1.135845503999999906e+01 2.307115208000000166e+03 2.401769000000000233e+03
1.057500000000000107e+01 1.133031071999999995e+01 2.307349744000000101e+03 2.401769000000000233e+03
1.058000000000000007e+01 1.133586551999999870e+01 2.307303454000000329e+03 2.401769000000000233e+03
1.058499999999999908e+01 1.131327599999999833e+01 2.307491700000000037e+03 2.401769000000000233e+03
1.058999999999999808e+01 1.140363407999999978e+01 2.306738716000000295e+03 2.401769000000000233e+03
1.059500000000000064e+01 1.133586551999999870e+01 2.307303454000000329e+03 2.401769000000000233e+03
1.059999999999999964e+01 1.133586551999999870e+01 2.307303454000000329e+03 2.401769000000000233e+03
1.060499999999999865e+01 1.130772120000000136e+01 2.307537990000000264e+03 2.401769000000000233e+03
1.060999999999999766e+01 1.134179063999999926e+01 2.307254078000000391e+03 2.401769000000000233e+03
1.061500000000000021e+01 1.134734543999999978e+01 2.307207788000000164e+03 2.401769000000000233e+03
1.061999999999999922e+01 1.128513168000000100e+01 2.307726236000000426e+03 2.401769000000000233e+03
1.062499999999999822e+01 1.133586551999999870e+01 2.307303454000000329e+03 2.401769000000000233e+03
1.063000000000000078e+01 1.132475591999999942e+01 2.307396034000000327e+03 2.401769000000000233e+03
1.063499999999999979e+01 1.136993496000000015e+01 2.307019542000000001e+03 2.401769000000000233e+03
1.063999999999999879e+01 1.131920112000000067e+01 2.307442324000000099e+03 2.401769000000000233e+03
1.064499999999999780e+01 1.133031071999999995e+01 2.307349744000000101e+03 2.401769000000000233e+03
1.065000000000000036e+01 1.129068647999999975e+01 2.307679946000000200e+03 2.401769000000000233e+03
1.065499999999999936e+01 1.138696967999999998e+01 2.306877586000000065e+03 2.401769000000000233e+03
1.065999999999999837e+01 1.133586551999999870e+01 2.307303454000000329e+03 2.401769000000000233e+03
1.066500000000000092e+01 1.131920112000000067e+01 2.307442324000000099e+03 2.401769000000000233e+03
1.066999999999999993e+01 1.130216640000000083e+01 2.307584280000000035e+03 2.401769000000000233e+03
1.067499999999999893e+01 1.129068647999999975e+01 2.307679946000000200e+03 2.401769000000000233e+03
1.067999999999999794e+01 1.126254216000000064e+01 2.307914482000000135e+03 2.401769000000000233e+03
1.068500000000000050e+01 1.129661160000000031e+01 2.307630570000000262e+03 2.401769000000000233e+03
1.068999999999999950e+01 1.142622359999999837e+01 2.306550470000000132e+03 2.401769000000000233e+03
1.069499999999999851e+01 1.135845503999999906e+01 2.307115208000000166e+03 2.401769000000000233e+03
1.070000000000000107e+01 1.131920112000000067e+01 2.307442324000000099e+03 2.401769000000000233e+03
1.070500000000000007e+01 1.130216640000000083e+01 2.307584280000000035e+03 2.401769000000000233e+03
1.070999999999999908e+01 1.134179063999999926e+01 2.307254078000000391e+03 2.401769000000000233e+03
1.071499999999999808e+01 1.128513168000000100e+01 2.307726236000000426e+03 2.401769000000000233e+03
1.072000000000000064e+01 1.130772120000000136e+01 2.307537990000000264e+03 2.401769000000000233e+03
1.072499999999999964e+01 1.141511400000000087e+01 2.306643050000000130e+03 2.401769000000000233e+03
1.072999999999999865e+01 1.133031071999999995e+01 2.307349744000000101e+03 2.401769000000000233e+03
1.073499999999999766e+01 1.129661160000000031e+01 2.307630570000000262e+03 2.401769000000000233e+03
1.074000000000000021e+01 1.132475591999999942e+01 2.307396034000000327e+03 2.401769000000000233e+03
1.074499999999999922e+01 1.133031071999999995e+01 2.307349744000000101e+03 2.401769000000000233e+03
1.074999999999999822e+01 1.127957688000000047e+01 2.307772526000000198e+03 2.401769000000000233e+03
1.075500000000000078e+01 1.129068647999999975e+01 2.307679946000000200e+03 2.401769000000000233e+03
1.075999999999999979e+01 1.125698736000000011e+01 2.307960772000000361e+03 2.401769000000000233e+03
1.076499999999999879e+01 1.133586551999999870e+01 2.307303454000000329e+03 2.401769000000000233e+03
1.076999999999999780e+01 1.136993496000000015e+01 2.307019542000000001e+03 2.401769000000000233e+03
1.077500000000000036e+01 1.132475591999999942e+01 2.307396034000000327e+03 2.401769000000000233e+03
1.077999999999999936e+01 1.126809696000000116e+01 2.307868192000000363e+03 2.401769000000000233e+03
1.078499999999999837e+01 1.128513168000000100e+01 2.307726236000000426e+03 2.401769000000000233e+03
1.079000000000000092e+01 1.131327599999999833e+01 2.307491700000000037e+03 2.401769000000000233e+03
1.079499999999999993e+01 1.129068647999999975e+01 2.307679946000000200e+03 2.401769000000000233e+03
1.079999999999999893e+01 1.125106223999999955e+01 2.308010148000000299e+03 2.401769000000000233e+03
1.080499999999999794e+01 1.135845503999999906e+01 2.307115208000000166e+03 2.401769000000000233e+03
1.081000000000000050e+01 1.135290024000000031e+01 2.307161498000000392e+03 2.401769000000000233e+03
1.081499999999999950e+01 1.127365175999999813e+01 2.307821902000000136e+03 2.401769000000000233e+03
1.081999999999999851e+01 1.126809696000000116e+01 2.307868192000000363e+03 2.401769000000000233e+03
1.082500000000000107e+01 1.129661160000000031e+01 2.307630570000000262e+03 2.401769000000000233e+03
1.083000000000000007e+01 1.127957688000000047e+01 2.307772526000000198e+03 2.401769000000000233e+03
1.083499999999999908e+01 1.133031071999999995e+01 2.307349744000000101e+03 2.401769000000000233e+03
1.083999999999999808e+01 1.131327599999999833e+01 2.307491700000000037e+03 2.401769000000000233e+03
1.084500000000000064e+01 1.137548975999999890e+01 2.306973252000000230e+03 2.401769000000000233e+03
1.084999999999999964e+01 1.128513168000000100e+01 2.307726236000000426e+03 2.401769000000000233e+03
1.085499999999999865e+01 1.133586551999999870e+01 2.307303454000000329e+03 2.401769000000000233e+03
1.085999999999999766e+01 1.126254216000000064e+01 2.307914482000000135e+03 2.401769000000000233e+03
1.086500000000000021e+01 1.125698736000000011e+01 2.307960772000000361e+03 2.401769000000000233e+03
1.086999999999999922e+01 1.129661160000000031e+01 2.307630570000000262e+03 2.401769000000000233e+03
1.087499999999999822e+01 1.136438015999999962e+01 2.307065832000000228e+03 2.401769000000000233e+03
1.088000000000000078e+01 1.131327599999999833e+01 2.307491700000000037e+03 2.401769000000000233e+03
1.088499999999999979e+01 1.131327599999999833e+01 2.307491700000000037e+03 2.401769000000000233e+03
1.088999999999999879e+01 1.131327599999999833e+01 2.307491700000000037e+03 2.401769000000000233e+03
1.089499999999999780e+01 1.125698736000000011e+01 2.307960772000000361e+03 2.401769000000000233e+03
1.090000000000000036e+01 1.122847271999999919e+01 2.308198394000000008e+03 2.401769000000000233e+03
1.090499999999999936e+01 1.129661160000000031e+01 2.307630570000000262e+03 2.401769000000000233e+03
1.090999999999999837e+01 1.129068647999999975e+01 2.307679946000000200e+03 2.401769000000000233e+03
1.091500000000000092e+01 1.130216640000000083e+01 2.307584280000000035e+03 2.401769000000000233e+03
1.091999999999999993e+01 1.133586551999999870e+01 2.307303454000000329e+03 2.401769000000000233e+03
1.092499999999999893e+01 1.135845503999999906e+01 2.307115208000000166e+03 2.401769000000000233e+03
1.092999999999999794e+01 1.128513168000000100e+01 2.307726236000000426e+03 2.401769000000000233e+03
1.093500000000000050e+01 1.123995264000000027e+01 2.308102728000000297e+03 2.401769000000000233e+03
1.093999999999999950e+01 1.127365175999999813e+01 2.307821902000000136e+03 2.401769000000000233e+03
1.094499999999999851e+01 1.133586551999999870e+01 2.307303454000000329e+03 2.401769000000000233e+03
1.095000000000000107e+01 1.130216640000000083e+01 2.307584280000000035e+03 2.401769000000000233e+03
1.095500000000000007e+01 1.130772120000000136e+01 2.307537990000000264e+03 2.401769000000000233e+03
1.095999999999999908e+01 1.134179063999999926e+01 2.307254078000000391e+03 2.401769000000000233e+03
1.096499999999999808e+01 1.127365175999999813e+01 2.307821902000000136e+03 2.401769000000000233e+03
1.097000000000000064e+01 1.126809696000000116e+01 2.307868192000000363e+03 2.401769000000000233e+03
1.097499999999999964e+01 1.129661160000000031e+01 2.307630570000000262e+03 2.401769000000000233e+03
1.097999999999999865e+01 1.123995264000000027e+01 2.308102728000000297e+03 2.401769000000000233e+03
1.098499999999999766e+01 1.127365175999999813e+01 2.307821902000000136e+03 2.401769000000000233e+03
1.099000000000000021e+01 1.129661160000000031e+01 2.307630570000000262e+03 2.401769000000000233e+03
1.099499999999999922e+01 1.125698736000000011e+01 2.307960772000000361e+03 2.401769000000000233e+03
1.099999999999999822e+01 1.123439783999999975e+01 2.308149018000000069e+03 2.401769000000000233e+03
1.100500000000000078e+01 1.126809696000000116e+01 2.307868192000000363e+03 2.401769000000000233e+03
1.100999999999999979e+01 1.130216640000000083e+01 2.307584280000000035e+03 2.401769000000000233e+03
1.101499999999999879e+01 1.122847271999999919e+01 2.308198394000000008e+03 2.401769000000000233e+03
1.101999999999999780e+01 1.123439783999999975e+01 2.308149018000000069e+03 2.401769000000000233e+03
1.102500000000000036e+01 1.127957688000000047e+01 2.307772526000000198e+03 2.401769000000000233e+03
1.102999999999999936e+01 1.131327599999999833e+01 2.307491700000000037e+03 2.401769000000000233e+03
1.103499999999999837e+01 1.125698736000000011e+01 2.307960772000000361e+03 2.401769000000000233e+03
1.104000000000000092e+01 1.126254216000000064e+01 2.307914482000000135e+03 2.401769000000000233e+03
1.104499999999999993e+01 1.126254216000000064e+01 2.307914482000000135e+03 2.401769000000000233e+03
1.104999999999999893e+01 1.118921880000000080e+01 2.308525510000000395e+03 2.401769000000000233e+03
1.105499999999999794e+01 1.118921880000000080e+01 2.308525510000000395e+03 2.401769000000000233e+03
1.106000000000000050e+01 1.122291791999999866e+01 2.308244684000000234e+03 2.401769000000000233e+03
1.106499999999999950e+01 1.124550744000000080e+01 2.308056438000000071e+03 2.401769000000000233e+03
1.106999999999999851e+01 1.126254216000000064e+01 2.307914482000000135e+03 2.401769000000000233e+03
1.107500000000000107e+01 1.125698736000000011e+01 2.307960772000000361e+03 2.401769000000000233e+03
1.108000000000000007e+01 1.126809696000000116e+01 2.307868192000000363e+03 2.401769000000000233e+03
1.108499999999999908e+01 1.125698736000000011e+01 2.307960772000000361e+03 2.401769000000000233e+03
1.108999999999999808e+01 1.121736311999999991e+01 2.308290974000000460e+03 2.401769000000000233e+03
1.109500000000000064e+01 1.120032839999999830e+01 2.308432930000000397e+03 2.401769000000000233e+03
1.109999999999999964e+01 1.124550744000000080e+01 2.308056438000000071e+03 2.401769000000000233e+03
1.110499999999999865e+01 1.133031071999999995e+01 2.307349744000000101e+03 2.401769000000000233e+03
1.110999999999999766e+01 1.134179063999999926e+01 2.307254078000000391e+03 2.401769000000000233e+03
1.111500000000000021e+01 1.127957688000000047e+01 2.307772526000000198e+03 2.401769000000000233e+03
1.111999999999999922e+01 1.122847271999999919e+01 2.308198394000000008e+03 2.401769000000000233e+03
1.112499999999999822e+01 1.123439783999999975e+01 2.308149018000000069e+03 2.401769000000000233e+03
1.113000000000000078e+01 1.120588319999999882e+01 2.308386640000000170e+03 2.401769000000000233e+03
1.113499999999999979e+01 1.115514935999999935e+01 2.308809422000000268e+03 2.401769000000000233e+03
1.113999999999999879e+01 1.123439783999999975e+01 2.308149018000000069e+03 2.401769000000000233e+03
1.114499999999999780e+01 1.127365175999999813e+01 2.307821902000000136e+03 2.401769000000000233e+03
1.115000000000000036e+01 1.125106223999999955e+01 2.308010148000000299e+03 2.401769000000000233e+03
1.115499999999999936e+01 1.128513168000000100e+01 2.307726236000000426e+03 2.401769000000000233e+03
1.115999999999999837e+01 1.127957688000000047e+01 2.307772526000000198e+03 2.401769000000000233e+03
1.116500000000000092e+01 1.126809696000000116e+01 2.307868192000000363e+03 2.401769000000000233e+03
1.116999999999999993e+01 1.120032839999999830e+01 2.308432930000000397e+03 2.401769000000000233e+03
1.117499999999999893e+01 1.127957688000000047e+01 2.307772526000000198e+03 2.401769000000000233e+03
1.117999999999999794e+01 1.126254216000000064e+01 2.307914482000000135e+03 2.401769000000000233e+03
1.118500000000000050e+01 1.121736311999999991e+01 2.308290974000000460e+03 2.401769000000000233e+03
1.118999999999999950e+01 1.123439783999999975e+01 2.308149018000000069e+03 2.401769000000000233e+03
1.119499999999999851e+01 1.128513168000000100e+01 2.307726236000000426e+03 2.401769000000000233e+03
1.120000000000000107e+01 1.124550744000000080e+01 2.308056438000000071e+03 2.401769000000000233e+03
1.120500000000000007e+01 1.126254216000000064e+01 2.307914482000000135e+03 2.401769000000000233e+03
1.120999999999999908e+01 1.123995264000000027e+01 2.308102728000000297e+03 2.401769000000000233e+03
1.121499999999999808e+01 1.117218408000000096e+01 2.308667466000000331e+03 2.401769000000000233e+03
1.122000000000000064e+01 1.122291791999999866e+01 2.308244684000000234e+03 2.401769000000000233e+03
1.122499999999999964e+01 1.121180831999999938e+01 2.308337264000000232e+03 2.401769000000000233e+03
1.122999999999999865e+01 1.116662928000000043e+01 2.308713756000000103e+03 2.401769000000000233e+03
1.123499999999999766e+01 1.123995264000000027e+01 2.308102728000000297e+03 2.401769000000000233e+03
1.124000000000000021e+01 1.125698736000000011e+01 2.307960772000000361e+03 2.401769000000000233e+03
1.124499999999999922e+01 1.126254216000000064e+01 2.307914482000000135e+03 2.401769000000000233e+03
1.124999999999999822e+01 1.120588319999999882e+01 2.308386640000000170e+03 2.401769000000000233e+03
1.125500000000000078e+01 1.121736311999999991e+01 2.308290974000000460e+03 2.401769000000000233e+03
1.125999999999999979e+01 1.121736311999999991e+01 2.308290974000000460e+03 2.401769000000000233e+03
1.126499999999999879e+01 1.120032839999999830e+01 2.308432930000000397e+03 2.401769000000000233e+03
1.126999999999999780e+01 1.118921880000000080e+01 2.308525510000000395e+03 2.401769000000000233e+03
1.127500000000000036e+01 1.121736311999999991e+01 2.308290974000000460e+03 2.401769000000000233e+03
1.127999999999999936e+01 1.130772120000000136e+01 2.307537990000000264e+03 2.401769000000000233e+03
1.128499999999999837e+01 1.133586551999999870e+01 2.307303454000000329e+03 2.401769000000000233e+03
1.129000000000000092e+01 1.129661160000000031e+01 2.307630570000000262e+03 2.401769000000000233e+03
1.129499999999999993e+01 1.125106223999999955e+01 2.308010148000000299e+03 2.401769000000000233e+03
1.129999999999999893e+01 1.129068647999999975e+01 2.307679946000000200e+03 2.401769000000000233e+03
1.130499999999999794e+01 1.122847271999999919e+01 2.308198394000000008e+03 2.401769000000000233e+03
1.131000000000000050e+01 1.131920112000000067e+01 2.307442324000000099e+03 2.401769000000000233e+03
1.131499999999999950e+01 1.125698736000000011e+01 2.307960772000000361e+03 2.401769000000000233e+03
1.131999999999999851e+01 1.127957688000000047e+01 2.307772526000000198e+03 2.401769000000000233e+03
1.132500000000000107e+01 1.126254216000000064e+01 2.307914482000000135e+03 2.401769000000000233e+03
1.133000000000000007e+01 1.130772120000000136e+01 2.307537990000000264e+03 2.401769000000000233e+03
1.133499999999999908e+01 1.129661160000000031e+01 2.307630570000000262e+03 2.401769000000000233e+03
1.133999999999999808e+01 1.121180831999999938e+01 2.308337264000000232e+03 2.401769000000000233e+03
1.134500000000000064e+01 1.118329368000000024e+01 2.308574886000000333e+03 2.401769000000000233e+03
1.134999999999999964e+01 1.121180831999999938e+01 2.308337264000000232e+03 2.401769000000000233e+03
1.135499999999999865e+01 1.119477360000000132e+01 2.308479220000000169e+03 2.401769000000000233e+03
1.135999999999999766e+01 1.125106223999999955e+01 2.308010148000000299e+03 2.401769000000000233e+03
1.136500000000000021e+01 1.123439783999999975e+01 2.308149018000000069e+03 2.401769000000000233e+03
1.136999999999999922e+01 1.122291791999999866e+01 2.308244684000000234e+03 2.401769000000000233e+03
1.137499999999999822e+01 1.127957688000000047e+01 2.307772526000000198e+03 2.401769000000000233e+03
1.138000000000000078e+01 1.122291791999999866e+01 2.308244684000000234e+03 2.401769000000000233e+03
1.138499999999999979e+01 1.123995264000000027e+01 2.308102728000000297e+03 2.401769000000000233e+03
1.138999999999999879e+01 1.110441551999999987e+01 2.309232204000000365e+03 2.401769000000000233e+03
1.139499999999999780e+01 1.117218408000000096e+01 2.308667466000000331e+03 2.401769000000000233e+03
1.140000000000000036e+01 1.121180831999999938e+01 2.308337264000000232e+03 2.401769000000000233e+03
1.140499999999999936e+01 1.113255983999999899e+01 2.308997668000000431e+03 2.401769000000000233e+03
1.140999999999999837e+01 1.123995264000000027e+01 2.308102728000000297e+03 2.401769000000000233e+03
1.141500000000000092e+01 1.125698736000000011e+01 2.307960772000000361e+03 2.401769000000000233e+03
1.141999999999999993e+01 1.125698736000000011e+01 2.307960772000000361e+03 2.401769000000000233e+03
1.142499999999999893e+01 1.122847271999999919e+01 2.308198394000000008e+03 2.401769000000000233e+03
1.142999999999999794e+01 1.125698736000000011e+01 2.307960772000000361e+03 2.401769000000000233e+03
1.143500000000000050e+01 1.126254216000000064e+01 2.307914482000000135e+03 2.401769000000000233e+03
1.143999999999999950e+01 1.125106223999999955e+01 2.308010148000000299e+03 2.401769000000000233e+03
1.144499999999999851e+01 1.118329368000000024e+01 2.308574886000000333e+03 2.401769000000000233e+03
1.145000000000000107e+01 1.114366944000000004e+01 2.308905088000000433e+03 2.401769000000000233e+03
1.145500000000000007e+01 1.122291791999999866e+01 2.308244684000000234e+03 2.401769000000000233e+03
1.145999999999999908e+01 1.129661160000000031e+01 2.307630570000000262e+03 2.401769000000000233e+03
1.146499999999999808e+01 1.127957688000000047e+01 2.307772526000000198e+03 2.401769000000000233e+03
1.147000000000000064e+01 1.122291791999999866e+01 2.308244684000000234e+03 2.401769000000000233e+03
1.147499999999999964e+01 1.120032839999999830e+01 2.308432930000000397e+03 2.401769000000000233e+03
1.147999999999999865e+01 1.114366944000000004e+01 2.308905088000000433e+03 2.401769000000000233e+03
1.148499999999999766e+01 1.118329368000000024e+01 2.308574886000000333e+03 2.401769000000000233e+03
1.149000000000000021e+01 1.122847271999999919e+01 2.308198394000000008e+03 2.401769000000000233e+03
1.149499999999999922e+01 1.129068647999999975e+01 2.307679946000000200e+03 2.401769000000000233e+03
1.149999999999999822e+01 1.124550744000000080e+01 2.308056438000000071e+03 2.401769000000000233e+03
1.150500000000000078e+01 1.126254216000000064e+01 2.307914482000000135e+03 2.401769000000000233e+03
1.150999999999999979e+01 1.118921880000000080e+01 2.308525510000000395e+03 2.401769000000000233e+03
1.151499999999999879e+01 1.117773887999999971e+01 2.308621176000000105e+03 2.401769000000000233e+03
1.151999999999999780e+01 1.112700504000000024e+01 2.309043958000000202e+03 2.401769000000000233e+03
1.152500000000000036e+01 1.113811463999999951e+01 2.308951378000000204e+03 2.401769000000000233e+03
1.152999999999999936e+01 1.122291791999999866e+01 2.308244684000000234e+03 2.401769000000000233e+03
1.153499999999999837e+01 1.124550744000000080e+01 2.308056438000000071e+03 2.401769000000000233e+03
1.154000000000000092e+01 1.126254216000000064e+01 2.307914482000000135e+03 2.401769000000000233e+03
1.154499999999999993e+01 1.117773887999999971e+01 2.308621176000000105e+03 2.401769000000000233e+03
1.154999999999999893e+01 1.117773887999999971e+01 2.308621176000000105e+03 2.401769000000000233e+03
1.155499999999999794e+01 1.118329368000000024e+01 2.308574886000000333e+03 2.401769000000000233e+03
1.156000000000000050e+01 1.127957688000000047e+01 2.307772526000000198e+03 2.401769000000000233e+03
1.156499999999999950e+01 1.118329368000000024e+01 2.308574886000000333e+03 2.401769000000000233e+03
1.156999999999999851e+01 1.117773887999999971e+01 2.308621176000000105e+03 2.401769000000000233e+03
1.157500000000000107e+01 1.116662928000000043e+01 2.308713756000000103e+03 2.401769000000000233e+03
1.158000000000000007e+01 1.131920112000000067e+01 2.307442324000000099e+03 2.401769000000000233e+03
1.158499999999999908e+01 1.123439783999999975e+01 2.308149018000000069e+03 2.401769000000000233e+03
1.158999999999999808e+01 1.120032839999999830e+01 2.308432930000000397e+03 2.401769000000000233e+03
1.159500000000000064e+01 1.121180831999999938e+01 2.308337264000000232e+03 2.401769000000000233e+03
1.159999999999999964e+01 1.122291791999999866e+01 2.308244684000000234e+03 2.401769000000000233e+03
1.160499999999999865e+01 1.122291791999999866e+01 2.308244684000000234e+03 2.401769000000000233e+03
1.160999999999999766e+01 1.118921880000000080e+01 2.308525510000000395e+03 2.401769000000000233e+03
1.161500000000000021e+01 1.120588319999999882e+01 2.308386640000000170e+03 2.401769000000000233e+03
1.161999999999999922e+01 1.118329368000000024e+01 2.308574886000000333e+03 2.401769000000000233e+03
1.162499999999999822e+01 1.114959456000000060e+01 2.308855712000000040e+03 2.401769000000000233e+03
1.163000000000000078e+01 1.117218408000000096e+01 2.308667466000000331e+03 2.401769000000000233e+03
1.163499999999999979e+01 1.124550744000000080e+01 2.308056438000000071e+03 2.401769000000000233e+03
1.163999999999999879e+01 1.120588319999999882e+01 2.308386640000000170e+03 2.401769000000000233e+03
1.164499999999999780e+01 1.117218408000000096e+01 2.308667466000000331e+03 2.401769000000000233e+03
1.165000000000000036e+01 1.123995264000000027e+01 2.308102728000000297e+03 2.401769000000000233e+03
1.165499999999999936e+01 1.126254216000000064e+01 2.307914482000000135e+03 2.401769000000000233e+03
1.165999999999999837e+01 1.124550744000000080e+01 2.308056438000000071e+03 2.401769000000000233e+03
1.166500000000000092e+01 1.123439783999999975e+01 2.308149018000000069e+03 2.401769000000000233e+03
1.166999999999999993e+01 1.129068647999999975e+01 2.307679946000000200e+03 2.401769000000000233e+03
1.167499999999999893e+01 1.129661160000000031e+01 2.307630570000000262e+03 2.401769000000000233e+03
1.167999999999999794e+01 1.120032839999999830e+01 2.308432930000000397e+03 2.401769000000000233e+03
1.168500000000000050e+01 1.118921880000000080e+01 2.308525510000000395e+03 2.401769000000000233e+03
1.168999999999999950e+01 1.120588319999999882e+01 2.308386640000000170e+03 2.401769000000000233e+03
1.169499999999999851e+01 1.123439783999999975e+01 2.308149018000000069e+03 2.401769000000000233e+03
1.170000000000000107e+01 1.123995264000000027e+01 2.308102728000000297e+03 2.401769000000000233e+03
1.170500000000000007e+01 1.118921880000000080e+01 2.308525510000000395e+03 2.401769000000000233e+03
1.170999999999999908e+01 1.121736311999999991e+01 2.308290974000000460e+03 2.401769000000000233e+03
1.171499999999999808e+01 1.120032839999999830e+01 2.308432930000000397e+03 2.401769000000000233e+03
1.172000000000000064e+01 1.117773887999999971e+01 2.308621176000000105e+03 2.401769000000000233e+03
1.172499999999999964e+01 1.116662928000000043e+01 2.308713756000000103e+03 2.401769000000000233e+03
1.172999999999999865e+01 1.117218408000000096e+01 2.308667466000000331e+03 2.401769000000000233e+03
1.173499999999999766e+01 1.123995264000000027e+01 2.308102728000000297e+03 2.401769000000000233e+03
1.174000000000000021e+01 1.118329368000000024e+01 2.308574886000000333e+03 2.401769000000000233e+03
1.174499999999999922e+01 1.122291791999999866e+01 2.308244684000000234e+03 2.401769000000000233e+03
1.174999999999999822e+01 1.120588319999999882e+01 2.308386640000000170e+03 2.401769000000000233e+03
1.175500000000000078e+01 1.120032839999999830e+01 2.308432930000000397e+03 2.401769000000000233e+03
1.175999999999999979e+01 1.117773887999999971e+01 2.308621176000000105e+03 2.401769000000000233e+03
1.176499999999999879e+01 1.122847271999999919e+01 2.308198394000000008e+03 2.401769000000000233e+03
1.176999999999999780e+01 1.120032839999999830e+01 2.308432930000000397e+03 2.401769000000000233e+03
1.177500000000000036e+01 1.116662928000000043e+01 2.308713756000000103e+03 2.401769000000000233e+03
1.177999999999999936e+01 1.122291791999999866e+01 2.308244684000000234e+03 2.401769000000000233e+03
1.178499999999999837e+01 1.122291791999999866e+01 2.308244684000000234e+03 2.401769000000000233e+03
1.179000000000000092e+01 1.127957688000000047e+01 2.307772526000000198e+03 2.401769000000000233e+03
1.179499999999999993e+01 1.117218408000000096e+01 2.308667466000000331e+03 2.401769000000000233e+03
1.179999999999999893e+01 1.127365175999999813e+01 2.307821902000000136e+03 2.401769000000000233e+03
1.180499999999999794e+01 1.122291791999999866e+01 2.308244684000000234e+03 2.401769000000000233e+03
1.181000000000000050e+01 1.120032839999999830e+01 2.308432930000000397e+03 2.401769000000000233e+03
1.181499999999999950e+01 1.128513168000000100e+01 2.307726236000000426e+03 2.401769000000000233e+03
1.181999999999999851e+01 1.122847271999999919e+01 2.308198394000000008e+03 2.401769000000000233e+03
1.182500000000000107e+01 1.114959456000000060e+01 2.308855712000000040e+03 2.401769000000000233e+03
1.183000000000000007e+01 1.123995264000000027e+01 2.308102728000000297e+03 2.401769000000000233e+03
1.183499999999999908e+01 1.123439783999999975e+01 2.308149018000000069e+03 2.401769000000000233e+03
1.183999999999999808e+01 1.118329368000000024e+01 2.308574886000000333e+03 2.401769000000000233e+03
1.184500000000000064e+01 1.118329368000000024e+01 2.308574886000000333e+03 2.401769000000000233e+03
1.184999999999999964e+01 1.125698736000000011e+01 2.307960772000000361e+03 2.401769000000000233e+03
1.185499999999999865e+01 1.126254216000000064e+01 2.307914482000000135e+03 2.401769000000000233e+03
1.185999999999999766e+01 1.117773887999999971e+01 2.308621176000000105e+03 2.401769000000000233e+03
1.186500000000000021e+01 1.112700504000000024e+01 2.309043958000000202e+03 2.401769000000000233e+03
1.186999999999999922e+01 1.117218408000000096e+01 2.308667466000000331e+03 2.401769000000000233e+03
1.187499999999999822e+01 1.123439783999999975e+01 2.308149018000000069e+03 2.401769000000000233e+03
1.188000000000000078e+01 1.120032839999999830e+01 2.308432930000000397e+03 2.401769000000000233e+03
1.188499999999999979e+01 1.121736311999999991e+01 2.308290974000000460e+03 2.401769000000000233e+03
1.188999999999999879e+01 1.122847271999999919e+01 2.308198394000000008e+03 2.401769000000000233e+03
1.189499999999999780e+01 1.118329368000000024e+01 2.308574886000000333e+03 2.401769000000000233e+03
1.190000000000000036e+01 1.122291791999999866e+01 2.308244684000000234e+03 2.401769000000000233e+03
1.190499999999999936e+01 1.123995264000000027e+01 2.308102728000000297e+03 2.401769000000000233e+03
1.190999999999999837e+01 1.117773887999999971e+01 2.308621176000000105e+03 2.401769000000000233e+03
1.191500000000000092e+01 1.120032839999999830e+01 2.308432930000000397e+03 2.401769000000000233e+03
1.191999999999999993e+01 1.124550744000000080e+01 2.308056438000000071e+03 2.401769000000000233e+03
1.192499999999999893e+01 1.116662928000000043e+01 2.308713756000000103e+03 2.401769000000000233e+03
1.192999999999999794e+01 1.118329368000000024e+01 2.308574886000000333e+03 2.401769000000000233e+03
1.193500000000000050e+01 1.123439783999999975e+01 2.308149018000000069e+03 2.401769000000000233e+03
1.193999999999999950e+01 1.118921880000000080e+01 2.308525510000000395e+03 2.401769000000000233e+03
1.194499999999999851e+01 1.117218408000000096e+01 2.308667466000000331e+03 2.401769000000000233e+03
1.195000000000000107e+01 1.114366944000000004e+01 2.308905088000000433e+03 2.401769000000000233e+03
1.195500000000000007e+01 1.117218408000000096e+01 2.308667466000000331e+03 2.401769000000000233e+03
1.195999999999999908e+01 1.117773887999999971e+01 2.308621176000000105e+03 2.401769000000000233e+03
1.196499999999999808e+01 1.125106223999999955e+01 2.308010148000000299e+03 2.401769000000000233e+03
1.197000000000000064e+01 1.125698736000000011e+01 2.307960772000000361e+03 2.401769000000000233e+03
1.197499999999999964e+01 1.116662928000000043e+01 2.308713756000000103e+03 2.401769000000000233e+03
1.197999999999999865e+01 1.117773887999999971e+01 2.308621176000000105e+03 2.401769000000000233e+03
1.198499999999999766e+01 1.117218408000000096e+01 2.308667466000000331e+03 2.401769000000000233e+03
1.199000000000000021e+01 1.115514935999999935e+01 2.308809422000000268e+03 2.401769000000000233e+03
1.199499999999999922e+01 1.119477360000000132e+01 2.308479220000000169e+03 2.401769000000000233e+03
1.199999999999999822e+01 1.118329368000000024e+01 2.308574886000000333e+03 2.401769000000000233e+03
1.200500000000000078e+01 1.117218408000000096e+01 2.308667466000000331e+03 2.401769000000000233e+03
1.200999999999999979e+01 1.115514935999999935e+01 2.308809422000000268e+03 2.401769000000000233e+03
1.201499999999999879e+01 1.118921880000000080e+01 2.308525510000000395e+03 2.401769000000000233e+03
1.201999999999999780e+01 1.121180831999999938e+01 2.308337264000000232e+03 2.401769000000000233e+03
1.202500000000000036e+01 1.112700504000000024e+01 2.309043958000000202e+03 2.401769000000000233e+03
1.202999999999999936e+01 1.113255983999999899e+01 2.308997668000000431e+03 2.401769000000000233e+03
1.203499999999999837e+01 1.120032839999999830e+01 2.308432930000000397e+03 2.401769000000000233e+03
1.204000000000000092e+01 1.119477360000000132e+01 2.308479220000000169e+03 2.401769000000000233e+03
1.204499999999999993e+01 1.111552511999999915e+01 2.309139624000000367e+03 2.401769000000000233e+03
1.204999999999999893e+01 1.120032839999999830e+01 2.308432930000000397e+03 2.401769000000000233e+03
1.205499999999999794e+01 1.121736311999999991e+01 2.308290974000000460e+03 2.401769000000000233e+03
1.206000000000000050e+01 1.118329368000000024e+01 2.308574886000000333e+03 2.401769000000000233e+03
1.206499999999999950e+01 1.110997031999999862e+01 2.309185914000000139e+03 2.401769000000000233e+03
1.206999999999999851e+01 1.117218408000000096e+01 2.308667466000000331e+03 2.401769000000000233e+03
1.207499999999999751e+01 1.115514935999999935e+01 2.308809422000000268e+03 2.401769000000000233e+03
1.208000000000000007e+01 1.124550744000000080e+01 2.308056438000000071e+03 2.401769000000000233e+03
1.208499999999999908e+01 1.120032839999999830e+01 2.308432930000000397e+03 2.401769000000000233e+03
1.208999999999999808e+01 1.110441551999999987e+01 2.309232204000000365e+03 2.401769000000000233e+03
1.209499999999999709e+01 1.108738079999999826e+01 2.309374160000000302e+03 2.401769000000000233e+03
1.209999999999999964e+01 1.115514935999999935e+01 2.308809422000000268e+03 2.401769000000000233e+03
1.210499999999999865e+01 1.121736311999999991e+01 2.308290974000000460e+03 2.401769000000000233e+03
1.210999999999999766e+01 1.118921880000000080e+01 2.308525510000000395e+03 2.401769000000000233e+03
1.211500000000000021e+01 1.115514935999999935e+01 2.308809422000000268e+03 2.401769000000000233e+03
1.211999999999999922e+01 1.116662928000000043e+01 2.308713756000000103e+03 2.401769000000000233e+03
1.212499999999999822e+01 1.113255983999999899e+01 2.308997668000000431e+03 2.401769000000000233e+03
1.212999999999999723e+01 1.114959456000000060e+01 2.308855712000000040e+03 2.401769000000000233e+03
1.213499999999999979e+01 1.117773887999999971e+01 2.308621176000000105e+03 2.401769000000000233e+03
1.213999999999999879e+01 1.118329368000000024e+01 2.308574886000000333e+03 2.401769000000000233e+03
1.214499999999999780e+01 1.117218408000000096e+01 2.308667466000000331e+03 2.401769000000000233e+03
1.214999999999999680e+01 1.121180831999999938e+01 2.308337264000000232e+03 2.401769000000000233e+03
1.215499999999999936e+01 1.116662928000000043e+01 2.308713756000000103e+03 2.401769000000000233e+03
1.215999999999999837e+01 1.110997031999999862e+01 2.309185914000000139e+03 2.401769000000000233e+03
1.216499999999999737e+01 1.116662928000000043e+01 2.308713756000000103e+03 2.401769000000000233e+03
1.216999999999999993e+01 1.118329368000000024e+01 2.308574886000000333e+03 2.401769000000000233e+03
1.217499999999999893e+01 1.118329368000000024e+01 2.308574886000000333e+03 2.401769000000000233e+03
1.217999999999999794e+01 1.112107991999999967e+01 2.309093334000000141e+03 2.401769000000000233e+03
1.218499999999999694e+01 1.113255983999999899e+01 2.308997668000000431e+03 2.401769000000000233e+03
1.218999999999999950e+01 1.118329368000000024e+01 2.308574886000000333e+03 2.401769000000000233e+03
1.219499999999999851e+01 1.125698736000000011e+01 2.307960772000000361e+03 2.401769000000000233e+03
1.219999999999999751e+01 1.118329368000000024e+01 2.308574886000000333e+03 2.401769000000000233e+03
1.220500000000000007e+01 1.120032839999999830e+01 2.308432930000000397e+03 2.401769000000000233e+03
1.220999999999999908e+01 1.113255983999999899e+01 2.308997668000000431e+03 2.401769000000000233e+03
1.221499999999999808e+01 1.116070415999999987e+01 2.308763132000000041e+03 2.401769000000000233e+03
1.221999999999999709e+01 1.115514935999999935e+01 2.308809422000000268e+03 2.401769000000000233e+03
1.222499999999999964e+01 1.118329368000000024e+01 2.308574886000000333e+03 2.401769000000000233e+03
1.222999999999999865e+01 1.119477360000000132e+01 2.308479220000000169e+03 2.401769000000000233e+03
1.223499999999999766e+01 1.122847271999999919e+01 2.308198394000000008e+03 2.401769000000000233e+03
1.224000000000000021e+01 1.118921880000000080e+01 2.308525510000000395e+03 2.401769000000000233e+03
1.224499999999999922e+01 1.121180831999999938e+01 2.308337264000000232e+03 2.401769000000000233e+03
1.224999999999999822e+01 1.117218408000000096e+01 2.308667466000000331e+03 2.401769000000000233e+03
1.225499999999999723e+01 1.114366944000000004e+01 2.308905088000000433e+03 2.401769000000000233e+03
1.225999999999999979e+01 1.117218408000000096e+01 2.308667466000000331e+03 2.401769000000000233e+03
1.226499999999999879e+01 1.118329368000000024e+01 2.308574886000000333e+03 2.401769000000000233e+03
1.226999999999999780e+01 1.117218408000000096e+01 2.308667466000000331e+03 2.401769000000000233e+03
1.227499999999999680e+01 1.111552511999999915e+01 2.309139624000000367e+03 2.401769000000000233e+03
1.227999999999999936e+01 1.118921880000000080e+01 2.308525510000000395e+03 2.401769000000000233e+03
1.228499999999999837e+01 1.120588319999999882e+01 2.308386640000000170e+03 2.401769000000000233e+03
1.228999999999999737e+01 1.118921880000000080e+01 2.308525510000000395e+03 2.401769000000000233e+03
1.229499999999999993e+01 1.113255983999999899e+01 2.308997668000000431e+03 2.401769000000000233e+03
1.229999999999999893e+01 1.118329368000000024e+01 2.308574886000000333e+03 2.401769000000000233e+03
1.230499999999999794e+01 1.115514935999999935e+01 2.308809422000000268e+03 2.401769000000000233e+03
1.230999999999999694e+01 1.115514935999999935e+01 2.308809422000000268e+03 2.401769000000000233e+03
1.231499999999999950e+01 1.114959456000000060e+01 2.308855712000000040e+03 2.401769000000000233e+03
1.231999999999999851e+01 1.110997031999999862e+01 2.309185914000000139e+03 2.401769000000000233e+03
1.232499999999999751e+01 1.109293559999999879e+01 2.309327870000000075e+03 2.401769000000000233e+03
1.233000000000000007e+01 1.112107991999999967e+01 2.309093334000000141e+03 2.401769000000000233e+03
1.233499999999999908e+01 1.117773887999999971e+01 2.308621176000000105e+03 2.401769000000000233e+03
1.233999999999999808e+01 1.118329368000000024e+01 2.308574886000000333e+03 2.401769000000000233e+03
1.234499999999999709e+01 1.107590087999999895e+01 2.309469826000000467e+03 2.401769000000000233e+03
1.234999999999999964e+01 1.112107991999999967e+01 2.309093334000000141e+03 2.401769000000000233e+03
1.235499999999999865e+01 1.111552511999999915e+01 2.309139624000000367e+03 2.401769000000000233e+03
1.235999999999999766e+01 1.120032839999999830e+01 2.308432930000000397e+03 2.401769000000000233e+03
1.236500000000000021e+01 1.114366944000000004e+01 2.308905088000000433e+03 2.401769000000000233e+03
1.236999999999999922e+01 1.110997031999999862e+01 2.309185914000000139e+03 2.401769000000000233e+03
1.237499999999999822e+01 1.117773887999999971e+01 2.308621176000000105e+03 2.401769000000000233e+03
1.237999999999999723e+01 1.120588319999999882e+01 2.308386640000000170e+03 2.401769000000000233e+03
1.238499999999999979e+01 1.118921880000000080e+01 2.308525510000000395e+03 2.401769000000000233e+03
1.238999999999999879e+01 1.114959456000000060e+01 2.308855712000000040e+03 2.401769000000000233e+03
1.239499999999999780e+01 1.112107991999999967e+01 2.309093334000000141e+03 2.401769000000000233e+03
1.239999999999999680e+01 1.114959456000000060e+01 2.308855712000000040e+03 2.401769000000000233e+03
1.240499999999999936e+01 1.117773887999999971e+01 2.308621176000000105e+03 2.401769000000000233e+03
1.240999999999999837e+01 1.114366944000000004e+01 2.308905088000000433e+03 2.401769000000000233e+03
1.241499999999999737e+01 1.110997031999999862e+01 2.309185914000000139e+03 2.401769000000000233e+03
1.241999999999999993e+01 1.120032839999999830e+01 2.308432930000000397e+03 2.401769000000000233e+03
1.242499999999999893e+01 1.120032839999999830e+01 2.308432930000000397e+03 2.401769000000000233e+03
1.242999999999999794e+01 1.113255983999999899e+01 2.308997668000000431e+03 2.401769000000000233e+03
1.243499999999999694e+01 1.113255983999999899e+01 2.308997668000000431e+03 2.401769000000000233e+03
1.243999999999999950e+01 1.118329368000000024e+01 2.308574886000000333e+03 2.401769000000000233e+03
1.244499999999999851e+01 1.116662928000000043e+01 2.308713756000000103e+03 2.401769000000000233e+03
1.244999999999999751e+01 1.114959456000000060e+01 2.308855712000000040e+03 2.401769000000000233e+03
1.245500000000000007e+01 1.120032839999999830e+01 2.308432930000000397e+03 2.401769000000000233e+03
1.245999999999999908e+01 1.118329368000000024e+01 2.308574886000000333e+03 2.401769000000000233e+03
1.246499999999999808e+01 1.121180831999999938e+01 2.308337264000000232e+03 2.401769000000000233e+03
1.246999999999999709e+01 1.120588319999999882e+01 2.308386640000000170e+03 2.401769000000000233e+03
1.247499999999999964e+01 1.121180831999999938e+01 2.308337264000000232e+03 2.401769000000000233e+03
1.247999999999999865e+01 1.122847271999999919e+01 2.308198394000000008e+03 2.401769000000000233e+03
1.248499999999999766e+01 1.112107991999999967e+01 2.309093334000000141e+03 2.401769000000000233e+03
1.249000000000000021e+01 1.117773887999999971e+01 2.308621176000000105e+03 2.401769000000000233e+03
1.249499999999999922e+01 1.120588319999999882e+01 2.308386640000000170e+03 2.401769000000000233e+03
1.249999999999999822e+01 1.122291791999999866e+01 2.308244684000000234e+03 2.401769000000000233e+03
1.250499999999999723e+01 1.117773887999999971e+01 2.308621176000000105e+03 2.401769000000000233e+03
1.250999999999999979e+01 1.114959456000000060e+01 2.308855712000000040e+03 2.401769000000000233e+03
1.251499999999999879e+01 1.122847271999999919e+01 2.308198394000000008e+03 2.401769000000000233e+03
1.251999999999999780e+01 1.121180831999999938e+01 2.308337264000000232e+03 2.401769000000000233e+03
1.252499999999999680e+01 1.120588319999999882e+01 2.308386640000000170e+03 2.401769000000000233e+03
1.252999999999999936e+01 1.114959456000000060e+01 2.308855712000000040e+03 2.401769000000000233e+03
1.253499999999999837e+01 1.117218408000000096e+01 2.308667466000000331e+03 2.401769000000000233e+03
1.253999999999999737e+01 1.126254216000000064e+01 2.307914482000000135e+03 2.401769000000000233e+03
1.254499999999999993e+01 1.119477360000000132e+01 2.308479220000000169e+03 2.401769000000000233e+03
1.254999999999999893e+01 1.118921880000000080e+01 2.308525510000000395e+03 2.401769000000000233e+03
1.255499999999999794e+01 1.113811463999999951e+01 2.308951378000000204e+03 2.401769000000000233e+03
1.255999999999999694e+01 1.113255983999999899e+01 2.308997668000000431e+03 2.401769000000000233e+03
1.256499999999999950e+01 1.116662928000000043e+01 2.308713756000000103e+03 2.401769000000000233e+03
1.256999999999999851e+01 1.126254216000000064e+01 2.307914482000000135e+03 2.401769000000000233e+03
1.257499999999999751e+01 1.120032839999999830e+01 2.308432930000000397e+03 2.401769000000000233e+03
1.258000000000000007e+01 1.121180831999999938e+01 2.308337264000000232e+03 2.401769000000000233e+03
1.258499999999999908e+01 1.119477360000000132e+01 2.308479220000000169e+03 2.401769000000000233e+03
1.258999999999999808e+01 1.120588319999999882e+01 2.308386640000000170e+03 2.401769000000000233e+03
1.259499999999999709e+01 1.116070415999999987e+01 2.308763132000000041e+03 2.401769000000000233e+03
1.259999999999999964e+01 1.121736311999999991e+01 2.308290974000000460e+03 2.401769000000000233e+03
1.260499999999999865e+01 1.122291791999999866e+01 2.308244684000000234e+03 2.401769000000000233e+03
1.260999999999999766e+01 1.118921880000000080e+01 2.308525510000000395e+03 2.401769000000000233e+03
1.261500000000000021e+01 1.119477360000000132e+01 2.308479220000000169e+03 2.401769000000000233e+03
1.261999999999999922e+01 1.120032839999999830e+01 2.308432930000000397e+03 2.401769000000000233e+03
1.262499999999999822e+01 1.117773887999999971e+01 2.308621176000000105e+03 2.401769000000000233e+03
1.262999999999999723e+01 1.112700504000000024e+01 2.309043958000000202e+03 2.401769000000000233e+03
1.263499999999999979e+01 1.111552511999999915e+01 2.309139624000000367e+03 2.401769000000000233e+03
1.263999999999999879e+01 1.113811463999999951e+01 2.308951378000000204e+03 2.401769000000000233e+03
1.264499999999999780e+01 1.112700504000000024e+01 2.309043958000000202e+03 2.401769000000000233e+03
1.264999999999999680e+01 1.123995264000000027e+01 2.308102728000000297e+03 2.401769000000000233e+03
1.265499999999999936e+01 1.122847271999999919e+01 2.308198394000000008e+03 2.401769000000000233e+03
1.265999999999999837e+01 1.119477360000000132e+01 2.308479220000000169e+03 2.401769000000000233e+03
1.266499999999999737e+01 1.116662928000000043e+01 2.308713756000000103e+03 2.401769000000000233e+03
1.266999999999999993e+01 1.111552511999999915e+01 2.309139624000000367e+03 2.401769000000000233e+03
1.267499999999999893e+01 1.113255983999999899e+01 2.308997668000000431e+03 2.401769000000000233e+03
1.267999999999999794e+01 1.118921880000000080e+01 2.308525510000000395e+03 2.401769000000000233e+03
1.268499999999999694e+01 1.114959456000000060e+01 2.308855712000000040e+03 2.401769000000000233e+03
1.268999999999999950e+01 1.119477360000000132e+01 2.308479220000000169e+03 2.401769000000000233e+03
1.269499999999999851e+01 1.121180831999999938e+01 2.308337264000000232e+03 2.401769000000000233e+03
1.269999999999999751e+01 1.116662928000000043e+01 2.308713756000000103e+03 2.401769000000000233e+03
1.270500000000000007e+01 1.114366944000000004e+01 2.308905088000000433e+03 2.401769000000000233e+03
1.270999999999999908e+01 1.114366944000000004e+01 2.308905088000000433e+03 2.401769000000000233e+03
1.271499999999999808e+01 1.114959456000000060e+01 2.308855712000000040e+03 2.401769000000000233e+03
1.271999999999999709e+01 1.118329368000000024e+01 2.308574886000000333e+03 2.401769000000000233e+03
1.272499999999999964e+01 1.116662928000000043e+01 2.308713756000000103e+03 2.401769000000000233e+03
1.272999999999999865e+01 1.114959456000000060e+01 2.308855712000000040e+03 2.401769000000000233e+03
1.273499999999999766e+01 1.120588319999999882e+01 2.308386640000000170e+03 2.401769000000000233e+03
1.274000000000000021e+01 1.118329368000000024e+01 2.308574886000000333e+03 2.401769000000000233e+03
1.274499999999999922e+01 1.117218408000000096e+01 2.308667466000000331e+03 2.401769000000000233e+03
1.274999999999999822e+01 1.121180831999999938e+01 2.308337264000000232e+03 2.401769000000000233e+03
1.275499999999999723e+01 1.116070415999999987e+01 2.308763132000000041e+03 2.401769000000000233e+03
1.275999999999999979e+01 1.119477360000000132e+01 2.308479220000000169e+03 2.401769000000000233e+03
1.276499999999999879e+01 1.119477360000000132e+01 2.308479220000000169e+03 2.401769000000000233e+03
1.276999999999999780e+01 1.122847271999999919e+01 2.308198394000000008e+03 2.401769000000000233e+03
1.277499999999999680e+01 1.120588319999999882e+01 2.308386640000000170e+03 2.401769000000000233e+03
1.277999999999999936e+01 1.118329368000000024e+01 2.308574886000000333e+03 2.401769000000000233e+03
1.278499999999999837e+01 1.114366944000000004e+01 2.308905088000000433e+03 2.401769000000000233e+03
1.278999999999999737e+01 1.115514935999999935e+01 2.308809422000000268e+03 2.401769000000000233e+03
1.279499999999999993e+01 1.113255983999999899e+01 2.308997668000000431e+03 2.401769000000000233e+03
1.279999999999999893e+01 1.118921880000000080e+01 2.308525510000000395e+03 2.401769000000000233e+03
1.280499999999999794e+01 1.114366944000000004e+01 2.308905088000000433e+03 2.401769000000000233e+03
1.280999999999999694e+01 1.118921880000000080e+01 2.308525510000000395e+03 2.401769000000000233e+03
1.281499999999999950e+01 1.121180831999999938e+01 2.308337264000000232e+03 2.401769000000000233e+03
1.281999999999999851e+01 1.118921880000000080e+01 2.308525510000000395e+03 2.401769000000000233e+03
1.282499999999999751e+01 1.110997031999999862e+01 2.309185914000000139e+03 2.401769000000000233e+03
1.283000000000000007e+01 1.117773887999999971e+01 2.308621176000000105e+03 2.401769000000000233e+03
1.283499999999999908e+01 1.113811463999999951e+01 2.308951378000000204e+03 2.401769000000000233e+03
1.283999999999999808e+01 1.118329368000000024e+01 2.308574886000000333e+03 2.401769000000000233e+03
1.284499999999999709e+01 1.119477360000000132e+01 2.308479220000000169e+03 2.401769000000000233e+03
1.284999999999999964e+01 1.120588319999999882e+01 2.308386640000000170e+03 2.401769000000000233e+03
1.285499999999999865e+01 1.120588319999999882e+01 2.308386640000000170e+03 2.401769000000000233e+03
1.285999999999999766e+01 1.121180831999999938e+01 2.308337264000000232e+03 2.401769000000000233e+03
1.286500000000000021e+01 1.116070415999999987e+01 2.308763132000000041e+03 2.401769000000000233e+03
1.286999999999999922e+01 1.117218408000000096e+01 2.308667466000000331e+03 2.401769000000000233e+03
1.287499999999999822e+01 1.122847271999999919e+01 2.308198394000000008e+03 2.401769000000000233e+03
1.287999999999999723e+01 1.116662928000000043e+01 2.308713756000000103e+03 2.401769000000000233e+03
1.288499999999999979e+01 1.113255983999999899e+01 2.308997668000000431e+03 2.401769000000000233e+03
1.288999999999999879e+01 1.112700504000000024e+01 2.309043958000000202e+03 2.401769000000000233e+03
1.289499999999999780e+01 1.115514935999999935e+01 2.308809422000000268e+03 2.401769000000000233e+03
1.289999999999999680e+01 1.110441551999999987e+01 2.309232204000000365e+03 2.401769000000000233e+03
1.290499999999999936e+01 1.116662928000000043e+01 2.308713756000000103e+03 2.401769000000000233e+03
1.290999999999999837e+01 1.116070415999999987e+01 2.308763132000000041e+03 2.401769000000000233e+03
1.291499999999999737e+01 1.107590087999999895e+01 2.309469826000000467e+03 2.401769000000000233e+03
1.291999999999999993e+01 1.111552511999999915e+01 2.309139624000000367e+03 2.401769000000000233e+03
1.292499999999999893e+01 1.114959456000000060e+01 2.308855712000000040e+03 2.401769000000000233e+03
1.292999999999999794e+01 1.120588319999999882e+01 2.308386640000000170e+03 2.401769000000000233e+03
1.293499999999999694e+01 1.110441551999999987e+01 2.309232204000000365e+03 2.401769000000000233e+03
1.293999999999999950e+01 1.105923648000000092e+01 2.309608696000000236e+03 2.401769000000000233e+03
1.294499999999999851e+01 1.108182600000000129e+01 2.309420450000000073e+03 2.401769000000000233e+03
1.294999999999999751e+01 1.114366944000000004e+01 2.308905088000000433e+03 2.401769000000000233e+03
1.295500000000000007e+01 1.112107991999999967e+01 2.309093334000000141e+03 2.401769000000000233e+03
1.295999999999999908e+01 1.111552511999999915e+01 2.309139624000000367e+03 2.401769000000000233e+03
1.296499999999999808e+01 1.115514935999999935e+01 2.308809422000000268e+03 2.401769000000000233e+03
1.296999999999999709e+01 1.111552511999999915e+01 2.309139624000000367e+03 2.401769000000000233e+03
1.297499999999999964e+01 1.118921880000000080e+01 2.308525510000000395e+03 2.401769000000000233e+03
1.297999999999999865e+01 1.116070415999999987e+01 2.308763132000000041e+03 2.401769000000000233e+03
1.298499999999999766e+01 1.109849039999999931e+01 2.309281580000000304e+03 2.401769000000000233e+03
1.299000000000000021e+01 1.114959456000000060e+01 2.308855712000000040e+03 2.401769000000000233e+03
1.299499999999999922e+01 1.115514935999999935e+01 2.308809422000000268e+03 2.401769000000000233e+03
1.299999999999999822e+01 1.119477360000000132e+01 2.308479220000000169e+03 2.401769000000000233e+03
1.300499999999999723e+01 1.116662928000000043e+01 2.308713756000000103e+03 2.401769000000000233e+03
1.300999999999999979e+01 1.122291791999999866e+01 2.308244684000000234e+03 2.401769000000000233e+03
1.301499999999999879e+01 1.114959456000000060e+01 2.308855712000000040e+03 2.401769000000000233e+03
1.301999999999999780e+01 1.112107991999999967e+01 2.309093334000000141e+03 2.401769000000000233e+03
1.302499999999999680e+01 1.110997031999999862e+01 2.309185914000000139e+03 2.401769000000000233e+03
1.302999999999999936e+01 1.107590087999999895e+01 2.309469826000000467e+03 2.401769000000000233e+03
1.303499999999999837e+01 1.111552511999999915e+01 2.309139624000000367e+03 2.401769000000000233e+03
1.303999999999999737e+01 1.116070415999999987e+01 2.308763132000000041e+03 2.401769000000000233e+03
1.304499999999999993e+01 1.121736311999999991e+01 2.308290974000000460e+03 2.401769000000000233e+03
1.304999999999999893e+01 1.112700504000000024e+01 2.309043958000000202e+03 2.401769000000000233e+03
1.305499999999999794e+01 1.108182600000000129e+01 2.309420450000000073e+03 2.401769000000000233e+03
1.305999999999999694e+01 1.111552511999999915e+01 2.309139624000000367e+03 2.401769000000000233e+03
1.306499999999999950e+01 1.108182600000000129e+01 2.309420450000000073e+03 2.401769000000000233e+03
1.306999999999999851e+01 1.115514935999999935e+01 2.308809422000000268e+03 2.401769000000000233e+03
1.307499999999999751e+01 1.108182600000000129e+01 2.309420450000000073e+03 2.401769000000000233e+03
1.308000000000000007e+01 1.113255983999999899e+01 2.308997668000000431e+03 2.401769000000000233e+03
1.308499999999999908e+01 1.120588319999999882e+01 2.308386640000000170e+03 2.401769000000000233e+03
1.308999999999999808e+01 1.112700504000000024e+01 2.309043958000000202e+03 2.401769000000000233e+03
1.309499999999999709e+01 1.113811463999999951e+01 2.308951378000000204e+03 2.401769000000000233e+03
1.309999999999999964e+01 1.112107991999999967e+01 2.309093334000000141e+03 2.401769000000000233e+03
1.310499999999999865e+01 1.110997031999999862e+01 2.309185914000000139e+03 2.401769000000000233e+03
1.310999999999999766e+01 1.115514935999999935e+01 2.308809422000000268e+03 2.401769000000000233e+03
1.311500000000000021e+01 1.112700504000000024e+01 2.309043958000000202e+03 2.401769000000000233e+03
1.311999999999999922e+01 1.113255983999999899e+01 2.308997668000000431e+03 2.401769000000000233e+03
1.312499999999999822e+01 1.116070415999999987e+01 2.308763132000000041e+03 2.401769000000000233e+03
1.312999999999999723e+01 1.114959456000000060e+01 2.308855712000000040e+03 2.401769000000000233e+03
1.313499999999999979e+01 1.116662928000000043e+01 2.308713756000000103e+03 2.401769000000000233e+03
1.313999999999999879e+01 1.118329368000000024e+01 2.308574886000000333e+03 2.401769000000000233e+03
1.314499999999999780e+01 1.113255983999999899e+01 2.308997668000000431e+03 2.401769000000000233e+03
1.314999999999999680e+01 1.107034608000000020e+01 2.309516116000000238e+03 2.401769000000000233e+03
1.315499999999999936e+01 1.109849039999999931e+01 2.309281580000000304e+03 2.401769000000000233e+03
1.315999999999999837e+01 1.116662928000000043e+01 2.308713756000000103e+03 2.401769000000000233e+03
1.316499999999999737e+01 1.116070415999999987e+01 2.308763132000000041e+03 2.401769000000000233e+03
1.316999999999999993e+01 1.108738079999999826e+01 2.309374160000000302e+03 2.401769000000000233e+03
1.317499999999999893e+01 1.117218408000000096e+01 2.308667466000000331e+03 2.401769000000000233e+03
1.317999999999999794e+01 1.113811463999999951e+01 2.308951378000000204e+03 2.401769000000000233e+03
1.318499999999999694e+01 1.107034608000000020e+01 2.309516116000000238e+03 2.401769000000000233e+03
1.318999999999999950e+01 1.108738079999999826e+01 2.309374160000000302e+03 2.401769000000000233e+03
1.319499999999999851e+01 1.112700504000000024e+01 2.309043958000000202e+03 2.401769000000000233e+03
1.319999999999999751e+01 1.111552511999999915e+01 2.309139624000000367e+03 2.401769000000000233e+03
1.320500000000000007e+01 1.116662928000000043e+01 2.308713756000000103e+03 2.401769000000000233e+03
1.320999999999999908e+01 1.118329368000000024e+01 2.308574886000000333e+03 2.401769000000000233e+03
1.321499999999999808e+01 1.110441551999999987e+01 2.309232204000000365e+03 2.401769000000000233e+03
1.321999999999999709e+01 1.111552511999999915e+01 2.309139624000000367e+03 2.401769000000000233e+03
1.322499999999999964e+01 1.108182600000000129e+01 2.309420450000000073e+03 2.401769000000000233e+03
1.322999999999999865e+01 1.108738079999999826e+01 2.309374160000000302e+03 2.401769000000000233e+03
1.323499999999999766e+01 1.107590087999999895e+01 2.309469826000000467e+03 2.401769000000000233e+03
1.324000000000000021e+01 1.117218408000000096e+01 2.308667466000000331e+03 2.401769000000000233e+03
1.324499999999999922e+01 1.120588319999999882e+01 2.308386640000000170e+03 2.401769000000000233e+03
1.324999999999999822e+01 1.113255983999999899e+01 2.308997668000000431e+03 2.401769000000000233e+03
1.325499999999999723e+01 1.107590087999999895e+01 2.309469826000000467e+03 2.401769000000000233e+03
1.325999999999999979e+01 1.116070415999999987e+01 2.308763132000000041e+03 2.401769000000000233e+03
1.326499999999999879e+01 1.104775655999999984e+01 2.309704362000000401e+03 2.401769000000000233e+03
1.326999999999999780e+01 1.103072184000000000e+01 2.309846318000000338e+03 2.401769000000000233e+03
1.327499999999999680e+01 1.113255983999999899e+01 2.308997668000000431e+03 2.401769000000000233e+03
1.327999999999999936e+01 1.112700504000000024e+01 2.309043958000000202e+03 2.401769000000000233e+03
1.328499999999999837e+01 1.110441551999999987e+01 2.309232204000000365e+03 2.401769000000000233e+03
1.328999999999999737e+01 1.114959456000000060e+01 2.308855712000000040e+03 2.401769000000000233e+03
1.329499999999999993e+01 1.111552511999999915e+01 2.309139624000000367e+03 2.401769000000000233e+03
1.329999999999999893e+01 1.107590087999999895e+01 2.309469826000000467e+03 2.401769000000000233e+03
1.330499999999999794e+01 1.101405744000000020e+01 2.309985188000000107e+03 2.401769000000000233e+03
1.330999999999999694e+01 1.109293559999999879e+01 2.309327870000000075e+03 2.401769000000000233e+03
1.331499999999999950e+01 1.110997031999999862e+01 2.309185914000000139e+03 2.401769000000000233e+03
1.331999999999999851e+01 1.112107991999999967e+01 2.309093334000000141e+03 2.401769000000000233e+03
1.332499999999999751e+01 1.113255983999999899e+01 2.308997668000000431e+03 2.401769000000000233e+03
1.333000000000000007e+01 1.113255983999999899e+01 2.308997668000000431e+03 2.401769000000000233e+03
1.333499999999999908e+01 1.112107991999999967e+01 2.309093334000000141e+03 2.401769000000000233e+03
1.333999999999999808e+01 1.112107991999999967e+01 2.309093334000000141e+03 2.401769000000000233e+03
1.334499999999999709e+01 1.105923648000000092e+01 2.309608696000000236e+03 2.401769000000000233e+03
1.334999999999999964e+01 1.109849039999999931e+01 2.309281580000000304e+03 2.401769000000000233e+03
1.335499999999999865e+01 1.102516703999999947e+01 2.309892608000000109e+03 2.401769000000000233e+03
1.335999999999999766e+01 1.117218408000000096e+01 2.308667466000000331e+03 2.401769000000000233e+03
1.336500000000000021e+01 1.117218408000000096e+01 2.308667466000000331e+03 2.401769000000000233e+03
1.336999999999999922e+01 1.109293559999999879e+01 2.309327870000000075e+03 2.401769000000000233e+03
1.337499999999999822e+01 1.114366944000000004e+01 2.308905088000000433e+03 2.401769000000000233e+03
1.337999999999999723e+01 1.115514935999999935e+01 2.308809422000000268e+03 2.401769000000000233e+03
1.338499999999999979e+01 1.108738079999999826e+01 2.309374160000000302e+03 2.401769000000000233e+03
1.338999999999999879e+01 1.107034608000000020e+01 2.309516116000000238e+03 2.401769000000000233e+03
1.339499999999999780e+01 1.112107991999999967e+01 2.309093334000000141e+03 2.401769000000000233e+03
1.339999999999999680e+01 1.110441551999999987e+01 2.309232204000000365e+03 2.401769000000000233e+03
1.340499999999999936e+01 1.115514935999999935e+01 2.308809422000000268e+03 2.401769000000000233e+03
1.340999999999999837e+01 1.118329368000000024e+01 2.308574886000000333e+03 2.401769000000000233e+03
1.341499999999999737e+01 1.112107991999999967e+01 2.309093334000000141e+03 2.401769000000000233e+03
1.341999999999999993e+01 1.107034608000000020e+01 2.309516116000000238e+03 2.401769000000000233e+03
1.342499999999999893e+01 1.109293559999999879e+01 2.309327870000000075e+03 2.401769000000000233e+03
1.342999999999999794e+01 1.101405744000000020e+01 2.309985188000000107e+03 2.401769000000000233e+03
1.343499999999999694e+01 1.098554279999999927e+01 2.310222810000000209e+03 2.401769000000000233e+03
1.343999999999999950e+01 1.104775655999999984e+01 2.309704362000000401e+03 2.401769000000000233e+03
1.344499999999999851e+01 1.109849039999999931e+01 2.309281580000000304e+03 2.401769000000000233e+03
1.344999999999999751e+01 1.116070415999999987e+01 2.308763132000000041e+03 2.401769000000000233e+03
1.345500000000000007e+01 1.108182600000000129e+01 2.309420450000000073e+03 2.401769000000000233e+03
1.345999999999999908e+01 1.103664696000000056e+01 2.309796942000000399e+03 2.401769000000000233e+03
1.346499999999999808e+01 1.108738079999999826e+01 2.309374160000000302e+03 2.401769000000000233e+03
1.346999999999999709e+01 1.107590087999999895e+01 2.309469826000000467e+03 2.401769000000000233e+03
1.347499999999999964e+01 1.103072184000000000e+01 2.309846318000000338e+03 2.401769000000000233e+03
1.347999999999999865e+01 1.109849039999999931e+01 2.309281580000000304e+03 2.401769000000000233e+03
1.348499999999999766e+01 1.107590087999999895e+01 2.309469826000000467e+03 2.401769000000000233e+03
1.349000000000000021e+01 1.100813231999999964e+01 2.310034564000000046e+03 2.401769000000000233e+03
1.349499999999999922e+01 1.114959456000000060e+01 2.308855712000000040e+03 2.401769000000000233e+03
1.349999999999999822e+01 1.107034608000000020e+01 2.309516116000000238e+03 2.401769000000000233e+03
1.350499999999999723e+01 1.103664696000000056e+01 2.309796942000000399e+03 2.401769000000000233e+03
1.350999999999999979e+01 1.105331136000000036e+01 2.309658072000000175e+03 2.401769000000000233e+03
1.351499999999999879e+01 1.105923648000000092e+01 2.309608696000000236e+03 2.401769000000000233e+03
1.351999999999999780e+01 1.114366944000000004e+01 2.308905088000000433e+03 2.401769000000000233e+03
1.352499999999999680e+01 1.112700504000000024e+01 2.309043958000000202e+03 2.401769000000000233e+03
1.352999999999999936e+01 1.113811463999999951e+01 2.308951378000000204e+03 2.401769000000000233e+03
1.353499999999999837e+01 1.113811463999999951e+01 2.308951378000000204e+03 2.401769000000000233e+03
1.353999999999999737e+01 1.116070415999999987e+01 2.308763132000000041e+03 2.401769000000000233e+03
1.354499999999999993e+01 1.110441551999999987e+01 2.309232204000000365e+03 2.401769000000000233e+03
1.354999999999999893e+01 1.104220175999999931e+01 2.309750652000000173e+03 2.401769000000000233e+03
1.355499999999999794e+01 1.103664696000000056e+01 2.309796942000000399e+03 2.401769000000000233e+03
1.355999999999999694e+01 1.110441551999999987e+01 2.309232204000000365e+03 2.401769000000000233e+03
1.356499999999999950e+01 1.110997031999999862e+01 2.309185914000000139e+03 2.401769000000000233e+03
1.356999999999999851e+01 1.104775655999999984e+01 2.309704362000000401e+03 2.401769000000000233e+03
1.357499999999999751e+01 1.108182600000000129e+01 2.309420450000000073e+03 2.401769000000000233e+03
1.358000000000000007e+01 1.107590087999999895e+01 2.309469826000000467e+03 2.401769000000000233e+03
1.358499999999999908e+01 1.105923648000000092e+01 2.309608696000000236e+03 2.401769000000000233e+03
1.358999999999999808e+01 1.104220175999999931e+01 2.309750652000000173e+03 2.401769000000000233e+03
1.359499999999999709e+01 1.104220175999999931e+01 2.309750652000000173e+03 2.401769000000000233e+03
1.359999999999999964e+01 1.110997031999999862e+01 2.309185914000000139e+03 2.401769000000000233e+03
1.360499999999999865e+01 1.107034608000000020e+01 2.309516116000000238e+03 2.401769000000000233e+03
1.360999999999999766e+01 1.113811463999999951e+01 2.308951378000000204e+03 2.401769000000000233e+03
1.361500000000000021e+01 1.113255983999999899e+01 2.308997668000000431e+03 2.401769000000000233e+03
1.361999999999999922e+01 1.113811463999999951e+01 2.308951378000000204e+03 2.401769000000000233e+03
1.362499999999999822e+01 1.109849039999999931e+01 2.309281580000000304e+03 2.401769000000000233e+03
1.362999999999999723e+01 1.114366944000000004e+01 2.308905088000000433e+03 2.401769000000000233e+03
1.363499999999999979e+01 1.111552511999999915e+01 2.309139624000000367e+03 2.401769000000000233e+03
1.363999999999999879e+01 1.107590087999999895e+01 2.309469826000000467e+03 2.401769000000000233e+03
1.364499999999999780e+01 1.105923648000000092e+01 2.309608696000000236e+03 2.401769000000000233e+03
1.364999999999999680e+01 1.110441551999999987e+01 2.309232204000000365e+03 2.401769000000000233e+03
1.365499999999999936e+01 1.113811463999999951e+01 2.308951378000000204e+03 2.401769000000000233e+03
1.365999999999999837e+01 1.111552511999999915e+01 2.309139624000000367e+03 2.401769000000000233e+03
1.366499999999999737e+01 1.103664696000000056e+01 2.309796942000000399e+03 2.401769000000000233e+03
1.366999999999999993e+01 1.104775655999999984e+01 2.309704362000000401e+03 2.401769000000000233e+03
1.367499999999999893e+01 1.106479127999999967e+01 2.309562406000000010e+03 2.401769000000000233e+03
1.367999999999999794e+01 1.108738079999999826e+01 2.309374160000000302e+03 2.401769000000000233e+03
1.368499999999999694e+01 1.107590087999999895e+01 2.309469826000000467e+03 2.401769000000000233e+03
1.368999999999999950e+01 1.110441551999999987e+01 2.309232204000000365e+03 2.401769000000000233e+03
1.369499999999999851e+01 1.108738079999999826e+01 2.309374160000000302e+03 2.401769000000000233e+03
1.369999999999999751e+01 1.109293559999999879e+01 2.309327870000000075e+03 2.401769000000000233e+03
1.370500000000000007e+01 1.110441551999999987e+01 2.309232204000000365e+03 2.401769000000000233e+03
1.370999999999999908e+01 1.105923648000000092e+01 2.309608696000000236e+03 2.401769000000000233e+03
1.371499999999999808e+01 1.105923648000000092e+01 2.309608696000000236e+03 2.401769000000000233e+03
1.371999999999999709e+01 1.113811463999999951e+01 2.308951378000000204e+03 2.401769000000000233e+03
1.372499999999999964e+01 1.113811463999999951e+01 2.308951378000000204e+03 2.401769000000000233e+03
1.372999999999999865e+01 1.116662928000000043e+01 2.308713756000000103e+03 2.401769000000000233e+03
1.373499999999999766e+01 1.101405744000000020e+01 2.309985188000000107e+03 2.401769000000000233e+03
1.374000000000000021e+01 1.105923648000000092e+01 2.309608696000000236e+03 2.401769000000000233e+03
1.374499999999999922e+01 1.105331136000000036e+01 2.309658072000000175e+03 2.401769000000000233e+03
1.374999999999999822e+01 1.106479127999999967e+01 2.309562406000000010e+03 2.401769000000000233e+03
1.375499999999999723e+01 1.104775655999999984e+01 2.309704362000000401e+03 2.401769000000000233e+03
1.375999999999999979e+01 1.111552511999999915e+01 2.309139624000000367e+03 2.401769000000000233e+03
1.376499999999999879e+01 1.113811463999999951e+01 2.308951378000000204e+03 2.401769000000000233e+03
1.376999999999999780e+01 1.110997031999999862e+01 2.309185914000000139e+03 2.401769000000000233e+03
1.377499999999999680e+01 1.114366944000000004e+01 2.308905088000000433e+03 2.401769000000000233e+03
1.377999999999999936e+01 1.106479127999999967e+01 2.309562406000000010e+03 2.401769000000000233e+03
1.378499999999999837e+01 1.109849039999999931e+01 2.309281580000000304e+03 2.401769000000000233e+03
1.378999999999999737e+01 1.110441551999999987e+01 2.309232204000000365e+03 2.401769000000000233e+03
1.379499999999999993e+01 1.108738079999999826e+01 2.309374160000000302e+03 2.401769000000000233e+03
1.379999999999999893e+01 1.113255983999999899e+01 2.308997668000000431e+03 2.401769000000000233e+03
1.380499999999999794e+01 1.105923648000000092e+01 2.309608696000000236e+03 2.401769000000000233e+03
1.380999999999999694e+01 1.107590087999999895e+01 2.309469826000000467e+03 2.401769000000000233e+03
1.381499999999999950e+01 1.108738079999999826e+01 2.309374160000000302e+03 2.401769000000000233e+03
1.381999999999999851e+01 1.107590087999999895e+01 2.309469826000000467e+03 2.401769000000000233e+03
1.382499999999999751e+01 1.108182600000000129e+01 2.309420450000000073e+03 2.401769000000000233e+03
1.383000000000000007e+01 1.105331136000000036e+01 2.309658072000000175e+03 2.401769000000000233e+03
1.383499999999999908e+01 1.108182600000000129e+01 2.309420450000000073e+03 2.401769000000000233e+03
1.383999999999999808e+01 1.108182600000000129e+01 2.309420450000000073e+03 2.401769000000000233e+03
1.384499999999999709e+01 1.108738079999999826e+01 2.309374160000000302e+03 2.401769000000000233e+03
1.384999999999999964e+01 1.104775655999999984e+01 2.309704362000000401e+03 2.401769000000000233e+03
1.385499999999999865e+01 1.106479127999999967e+01 2.309562406000000010e+03 2.401769000000000233e+03
1.385999999999999766e+01 1.112107991999999967e+01 2.309093334000000141e+03 2.401769000000000233e+03
1.386500000000000021e+01 1.106479127999999967e+01 2.309562406000000010e+03 2.401769000000000233e+03
1.386999999999999922e+01 1.105923648000000092e+01 2.309608696000000236e+03 2.401769000000000233e+03
1.387499999999999822e+01 1.108738079999999826e+01 2.309374160000000302e+03 2.401769000000000233e+03
1.387999999999999723e+01 1.106479127999999967e+01 2.309562406000000010e+03 2.401769000000000233e+03
1.388499999999999979e+01 1.105923648000000092e+01 2.309608696000000236e+03 2.401769000000000233e+03
1.388999999999999879e+01 1.107034608000000020e+01 2.309516116000000238e+03 2.401769000000000233e+03
1.389499999999999780e+01 1.107034608000000020e+01 2.309516116000000238e+03 2.401769000000000233e+03
1.389999999999999680e+01 1.104775655999999984e+01 2.309704362000000401e+03 2.401769000000000233e+03
1.390499999999999936e+01 1.109293559999999879e+01 2.309327870000000075e+03 2.401769000000000233e+03
1.390999999999999837e+01 1.105923648000000092e+01 2.309608696000000236e+03 2.401769000000000233e+03
1.391499999999999737e+01 1.103072184000000000e+01 2.309846318000000338e+03 2.401769000000000233e+03
1.391999999999999993e+01 1.099702271999999859e+01 2.310127144000000044e+03 2.401769000000000233e+03
1.392499999999999893e+01 1.104775655999999984e+01 2.309704362000000401e+03 2.401769000000000233e+03
1.392999999999999794e+01 1.108738079999999826e+01 2.309374160000000302e+03 2.401769000000000233e+03
1.393499999999999694e+01 1.104775655999999984e+01 2.309704362000000401e+03 2.401769000000000233e+03
1.393999999999999950e+01 1.104775655999999984e+01 2.309704362000000401e+03 2.401769000000000233e+03
1.394499999999999851e+01 1.103664696000000056e+01 2.309796942000000399e+03 2.401769000000000233e+03
1.394999999999999751e+01 1.103072184000000000e+01 2.309846318000000338e+03 2.401769000000000233e+03
1.395500000000000007e+01 1.106479127999999967e+01 2.309562406000000010e+03 2.401769000000000233e+03
1.395999999999999908e+01 1.104220175999999931e+01 2.309750652000000173e+03 2.401769000000000233e+03
1.396499999999999808e+01 1.108738079999999826e+01 2.309374160000000302e+03 2.401769000000000233e+03
1.396999999999999709e+01 1.105331136000000036e+01 2.309658072000000175e+03 2.401769000000000233e+03
1.397499999999999964e+01 1.110441551999999987e+01 2.309232204000000365e+03 2.401769000000000233e+03
1.397999999999999865e+01 1.108182600000000129e+01 2.309420450000000073e+03 2.401769000000000233e+03
1.398499999999999766e+01 1.107590087999999895e+01 2.309469826000000467e+03 2.401769000000000233e+03
1.399000000000000021e+01 1.104220175999999931e+01 2.309750652000000173e+03 2.401769000000000233e+03
1.399499999999999922e+01 1.099702271999999859e+01 2.310127144000000044e+03 2.401769000000000233e+03
1.399999999999999822e+01 1.096295327999999891e+01 2.310411056000000372e+03 2.401769000000000233e+03
1.400499999999999723e+01 1.105331136000000036e+01 2.309658072000000175e+03 2.401769000000000233e+03
1.400999999999999979e+01 1.109293559999999879e+01 2.309327870000000075e+03 2.401769000000000233e+03
1.401499999999999879e+01 1.108182600000000129e+01 2.309420450000000073e+03 2.401769000000000233e+03
1.401999999999999780e+01 1.109849039999999931e+01 2.309281580000000304e+03 2.401769000000000233e+03
1.402499999999999680e+01 1.109293559999999879e+01 2.309327870000000075e+03 2.401769000000000233e+03
1.402999999999999936e+01 1.105331136000000036e+01 2.309658072000000175e+03 2.401769000000000233e+03
1.403499999999999837e+01 1.102516703999999947e+01 2.309892608000000109e+03 2.401769000000000233e+03
1.403999999999999737e+01 1.100257751999999911e+01 2.310080854000000272e+03 2.401769000000000233e+03
1.404499999999999993e+01 1.103072184000000000e+01 2.309846318000000338e+03 2.401769000000000233e+03
1.404999999999999893e+01 1.100813231999999964e+01 2.310034564000000046e+03 2.401769000000000233e+03
1.405499999999999794e+01 1.106479127999999967e+01 2.309562406000000010e+03 2.401769000000000233e+03
1.405999999999999694e+01 1.103072184000000000e+01 2.309846318000000338e+03 2.401769000000000233e+03
1.406499999999999950e+01 1.105331136000000036e+01 2.309658072000000175e+03 2.401769000000000233e+03
1.406999999999999851e+01 1.102516703999999947e+01 2.309892608000000109e+03 2.401769000000000233e+03
1.407499999999999751e+01 1.106479127999999967e+01 2.309562406000000010e+03 2.401769000000000233e+03
1.408000000000000007e+01 1.102516703999999947e+01 2.309892608000000109e+03 2.401769000000000233e+03
1.408499999999999908e+01 1.103072184000000000e+01 2.309846318000000338e+03 2.401769000000000233e+03
1.408999999999999808e+01 1.101405744000000020e+01 2.309985188000000107e+03 2.401769000000000233e+03
1.409499999999999709e+01 1.100813231999999964e+01 2.310034564000000046e+03 2.401769000000000233e+03
1.409999999999999964e+01 1.108182600000000129e+01 2.309420450000000073e+03 2.401769000000000233e+03
1.410499999999999865e+01 1.107034608000000020e+01 2.309516116000000238e+03 2.401769000000000233e+03
1.410999999999999766e+01 1.101405744000000020e+01 2.309985188000000107e+03 2.401769000000000233e+03
1.411500000000000021e+01 1.104220175999999931e+01 2.309750652000000173e+03 2.401769000000000233e+03
1.411999999999999922e+01 1.107034608000000020e+01 2.309516116000000238e+03 2.401769000000000233e+03
1.412499999999999822e+01 1.103664696000000056e+01 2.309796942000000399e+03 2.401769000000000233e+03
1.412999999999999723e+01 1.098554279999999927e+01 2.310222810000000209e+03 2.401769000000000233e+03
1.413499999999999979e+01 1.100257751999999911e+01 2.310080854000000272e+03 2.401769000000000233e+03
1.413999999999999879e+01 1.101961224000000072e+01 2.309938898000000336e+03 2.401769000000000233e+03
1.414499999999999780e+01 1.105331136000000036e+01 2.309658072000000175e+03 2.401769000000000233e+03
1.414999999999999680e+01 1.102516703999999947e+01 2.309892608000000109e+03 2.401769000000000233e+03
1.415499999999999936e+01 1.102516703999999947e+01 2.309892608000000109e+03 2.401769000000000233e+03
1.415999999999999837e+01 1.098554279999999927e+01 2.310222810000000209e+03 2.401769000000000233e+03
1.416499999999999737e+01 1.104775655999999984e+01 2.309704362000000401e+03 2.401769000000000233e+03
1.416999999999999993e+01 1.108738079999999826e+01 2.309374160000000302e+03 2.401769000000000233e+03
1.417499999999999893e+01 1.110997031999999862e+01 2.309185914000000139e+03 2.401769000000000233e+03
1.417999999999999794e+01 1.108738079999999826e+01 2.309374160000000302e+03 2.401769000000000233e+03
1.418499999999999694e+01 1.099702271999999859e+01 2.310127144000000044e+03 2.401769000000000233e+03
1.418999999999999950e+01 1.102516703999999947e+01 2.309892608000000109e+03 2.401769000000000233e+03
1.419499999999999851e+01 1.101961224000000072e+01 2.309938898000000336e+03 2.401769000000000233e+03
1.419999999999999751e+01 1.100257751999999911e+01 2.310080854000000272e+03 2.401769000000000233e+03
1.420500000000000007e+01 1.097443319999999822e+01 2.310315390000000207e+03 2.401769000000000233e+03
1.420999999999999908e+01 1.105331136000000036e+01 2.309658072000000175e+03 2.401769000000000233e+03
1.421499999999999808e+01 1.106479127999999967e+01 2.309562406000000010e+03 2.401769000000000233e+03
1.421999999999999709e+01 1.106479127999999967e+01 2.309562406000000010e+03 2.401769000000000233e+03
1.422499999999999964e+01 1.100813231999999964e+01 2.310034564000000046e+03 2.401769000000000233e+03
1.422999999999999865e+01 1.100813231999999964e+01 2.310034564000000046e+03 2.401769000000000233e+03
1.423499999999999766e+01 1.097998799999999875e+01 2.310269100000000435e+03 2.401769000000000233e+03
1.424000000000000021e+01 1.104220175999999931e+01 2.309750652000000173e+03 2.401769000000000233e+03
1.424499999999999922e+01 1.099109759999999980e+01 2.310176520000000437e+03 2.401769000000000233e+03
1.424999999999999822e+01 1.101961224000000072e+01 2.309938898000000336e+03 2.401769000000000233e+03
1.425499999999999723e+01 1.104775655999999984e+01 2.309704362000000401e+03 2.401769000000000233e+03
1.425999999999999979e+01 1.096295327999999891e+01 2.310411056000000372e+03 2.401769000000000233e+03
1.426499999999999879e+01 1.094036376000000033e+01 2.310599302000000080e+03 2.401769000000000233e+03
1.426999999999999780e+01 1.101961224000000072e+01 2.309938898000000336e+03 2.401769000000000233e+03
1.427499999999999680e+01 1.098554279999999927e+01 2.310222810000000209e+03 2.401769000000000233e+03
1.427999999999999936e+01 1.098554279999999927e+01 2.310222810000000209e+03 2.401769000000000233e+03
1.428499999999999837e+01 1.100813231999999964e+01 2.310034564000000046e+03 2.401769000000000233e+03
1.428999999999999737e+01 1.102516703999999947e+01 2.309892608000000109e+03 2.401769000000000233e+03
1.429499999999999993e+01 1.099702271999999859e+01 2.310127144000000044e+03 2.401769000000000233e+03
1.429999999999999893e+01 1.095739848000000016e+01 2.310457346000000143e+03 2.401769000000000233e+03
1.430499999999999794e+01 1.097998799999999875e+01 2.310269100000000435e+03 2.401769000000000233e+03
1.430999999999999694e+01 1.102516703999999947e+01 2.309892608000000109e+03 2.401769000000000233e+03
1.431499999999999950e+01 1.098554279999999927e+01 2.310222810000000209e+03 2.401769000000000233e+03
1.431999999999999851e+01 1.100813231999999964e+01 2.310034564000000046e+03 2.401769000000000233e+03
1.432499999999999751e+01 1.100257751999999911e+01 2.310080854000000272e+03 2.401769000000000233e+03
1.433000000000000007e+01 1.108182600000000129e+01 2.309420450000000073e+03 2.401769000000000233e+03
1.433499999999999908e+01 1.101405744000000020e+01 2.309985188000000107e+03 2.401769000000000233e+03
1.433999999999999808e+01 1.099109759999999980e+01 2.310176520000000437e+03 2.401769000000000233e+03
1.434499999999999709e+01 1.097998799999999875e+01 2.310269100000000435e+03 2.401769000000000233e+03
1.434999999999999964e+01 1.096850807999999944e+01 2.310364766000000145e+03 2.401769000000000233e+03
1.435499999999999865e+01 1.101961224000000072e+01 2.309938898000000336e+03 2.401769000000000233e+03
1.435999999999999766e+01 1.104775655999999984e+01 2.309704362000000401e+03 2.401769000000000233e+03
1.436500000000000021e+01 1.101405744000000020e+01 2.309985188000000107e+03 2.401769000000000233e+03
1.436999999999999922e+01 1.104775655999999984e+01 2.309704362000000401e+03 2.401769000000000233e+03
1.437499999999999822e+01 1.106479127999999967e+01 2.309562406000000010e+03 2.401769000000000233e+03
1.437999999999999723e+01 1.096850807999999944e+01 2.310364766000000145e+03 2.401769000000000233e+03
1.438499999999999979e+01 1.102516703999999947e+01 2.309892608000000109e+03 2.401769000000000233e+03
1.438999999999999879e+01 1.099109759999999980e+01 2.310176520000000437e+03 2.401769000000000233e+03
1.439499999999999780e+01 1.094036376000000033e+01 2.310599302000000080e+03 2.401769000000000233e+03
1.439999999999999680e+01 1.090073952000000013e+01 2.310929504000000179e+03 2.401769000000000233e+03
1.440499999999999936e+01 1.097998799999999875e+01 2.310269100000000435e+03 2.401769000000000233e+03
1.440999999999999837e+01 1.093480895999999980e+01 2.310645592000000306e+03 2.401769000000000233e+03
1.441499999999999737e+01 1.100813231999999964e+01 2.310034564000000046e+03 2.401769000000000233e+03
1.441999999999999993e+01 1.097998799999999875e+01 2.310269100000000435e+03 2.401769000000000233e+03
1.442499999999999893e+01 1.100813231999999964e+01 2.310034564000000046e+03 2.401769000000000233e+03
1.442999999999999794e+01 1.099109759999999980e+01 2.310176520000000437e+03 2.401769000000000233e+03
1.443499999999999694e+01 1.095184367999999964e+01 2.310503636000000370e+03 2.401769000000000233e+03
1.443999999999999950e+01 1.099702271999999859e+01 2.310127144000000044e+03 2.401769000000000233e+03
1.444499999999999851e+01 1.097443319999999822e+01 2.310315390000000207e+03 2.401769000000000233e+03
1.444999999999999751e+01 1.099702271999999859e+01 2.310127144000000044e+03 2.401769000000000233e+03
1.445500000000000007e+01 1.101961224000000072e+01 2.309938898000000336e+03 2.401769000000000233e+03
1.445999999999999908e+01 1.094591856000000085e+01 2.310553012000000308e+03 2.401769000000000233e+03
1.446499999999999808e+01 1.098554279999999927e+01 2.310222810000000209e+03 2.401769000000000233e+03
1.446999999999999709e+01 1.103072184000000000e+01 2.309846318000000338e+03 2.401769000000000233e+03
1.447499999999999964e+01 1.093480895999999980e+01 2.310645592000000306e+03 2.401769000000000233e+03
1.447999999999999865e+01 1.091221943999999944e+01 2.310833838000000014e+03 2.401769000000000233e+03
1.448499999999999766e+01 1.100257751999999911e+01 2.310080854000000272e+03 2.401769000000000233e+03
1.449000000000000021e+01 1.092332904000000049e+01 2.310741258000000016e+03 2.401769000000000233e+03
1.449499999999999922e+01 1.094591856000000085e+01 2.310553012000000308e+03 2.401769000000000233e+03
1.449999999999999822e+01 1.100813231999999964e+01 2.310034564000000046e+03 2.401769000000000233e+03
1.450499999999999723e+01 1.103072184000000000e+01 2.309846318000000338e+03 2.401769000000000233e+03
1.450999999999999979e+01 1.095739848000000016e+01 2.310457346000000143e+03 2.401769000000000233e+03
1.451499999999999879e+01 1.093480895999999980e+01 2.310645592000000306e+03 2.401769000000000233e+03
1.451999999999999780e+01 1.098554279999999927e+01 2.310222810000000209e+03 2.401769000000000233e+03
1.452499999999999680e+01 1.100813231999999964e+01 2.310034564000000046e+03 2.401769000000000233e+03
1.452999999999999936e+01 1.098554279999999927e+01 2.310222810000000209e+03 2.401769000000000233e+03
1.453499999999999837e+01 1.094036376000000033e+01 2.310599302000000080e+03 2.401769000000000233e+03
1.453999999999999737e+01 1.101405744000000020e+01 2.309985188000000107e+03 2.401769000000000233e+03
1.454499999999999993e+01 1.092925415999999927e+01 2.310691882000000078e+03 2.401769000000000233e+03
1.454999999999999893e+01 1.101405744000000020e+01 2.309985188000000107e+03 2.401769000000000233e+03
1.455499999999999794e+01 1.104220175999999931e+01 2.309750652000000173e+03 2.401769000000000233e+03
1.455999999999999694e+01 1.099702271999999859e+01 2.310127144000000044e+03 2.401769000000000233e+03
1.456499999999999950e+01 1.101961224000000072e+01 2.309938898000000336e+03 2.401769000000000233e+03
1.456999999999999851e+01 1.102516703999999947e+01 2.309892608000000109e+03 2.401769000000000233e+03
1.457499999999999751e+01 1.097443319999999822e+01 2.310315390000000207e+03 2.401769000000000233e+03
1.458000000000000007e+01 1.097998799999999875e+01 2.310269100000000435e+03 2.401769000000000233e+03
1.458499999999999908e+01 1.098554279999999927e+01 2.310222810000000209e+03 2.401769000000000233e+03
1.458999999999999808e+01 1.097998799999999875e+01 2.310269100000000435e+03 2.401769000000000233e+03
1.459499999999999709e+01 1.094591856000000085e+01 2.310553012000000308e+03 2.401769000000000233e+03
1.459999999999999964e+01 1.101961224000000072e+01 2.309938898000000336e+03 2.401769000000000233e+03
1.460499999999999865e+01 1.103072184000000000e+01 2.309846318000000338e+03 2.401769000000000233e+03
1.460999999999999766e+01 1.091777423999999996e+01 2.310787548000000243e+03 2.401769000000000233e+03
1.461500000000000021e+01 1.094036376000000033e+01 2.310599302000000080e+03 2.401769000000000233e+03
1.461999999999999922e+01 1.101961224000000072e+01 2.309938898000000336e+03 2.401769000000000233e+03
1.462499999999999822e+01 1.097998799999999875e+01 2.310269100000000435e+03 2.401769000000000233e+03
1.462999999999999723e+01 1.096850807999999944e+01 2.310364766000000145e+03 2.401769000000000233e+03
1.463499999999999979e+01 1.100257751999999911e+01 2.310080854000000272e+03 2.401769000000000233e+03
1.463999999999999879e+01 1.097443319999999822e+01 2.310315390000000207e+03 2.401769000000000233e+03
1.464499999999999780e+01 1.091221943999999944e+01 2.310833838000000014e+03 2.401769000000000233e+03
1.464999999999999680e+01 1.095739848000000016e+01 2.310457346000000143e+03 2.401769000000000233e+03
1.465499999999999936e+01 1.095184367999999964e+01 2.310503636000000370e+03 2.401769000000000233e+03
1.465999999999999837e+01 1.094036376000000033e+01 2.310599302000000080e+03 2.401769000000000233e+03
1.466499999999999737e+01 1.096850807999999944e+01 2.310364766000000145e+03 2.401769000000000233e+03
1.466999999999999993e+01 1.096295327999999891e+01 2.310411056000000372e+03 2.401769000000000233e+03
1.467499999999999893e+01 1.099109759999999980e+01 2.310176520000000437e+03 2.401769000000000233e+03
1.467999999999999794e+01 1.098554279999999927e+01 2.310222810000000209e+03 2.401769000000000233e+03
1.468499999999999694e+01 1.092332904000000049e+01 2.310741258000000016e+03 2.401769000000000233e+03
1.468999999999999950e+01 1.091777423999999996e+01 2.310787548000000243e+03 2.401769000000000233e+03
1.469499999999999851e+01 1.089518471999999960e+01 2.310975794000000406e+03 2.401769000000000233e+03
1.469999999999999751e+01 1.094036376000000033e+01 2.310599302000000080e+03 2.401769000000000233e+03
1.470500000000000007e+01 1.092332904000000049e+01 2.310741258000000016e+03 2.401769000000000233e+03
1.470999999999999908e+01 1.090666463999999891e+01 2.310880128000000241e+03 2.401769000000000233e+03
1.471499999999999808e+01 1.094591856000000085e+01 2.310553012000000308e+03 2.401769000000000233e+03
1.471999999999999709e+01 1.099702271999999859e+01 2.310127144000000044e+03 2.401769000000000233e+03
1.472499999999999964e+01 1.095739848000000016e+01 2.310457346000000143e+03 2.401769000000000233e+03
1.472999999999999865e+01 1.097443319999999822e+01 2.310315390000000207e+03 2.401769000000000233e+03
1.473499999999999766e+01 1.094036376000000033e+01 2.310599302000000080e+03 2.401769000000000233e+03
1.474000000000000021e+01 1.097998799999999875e+01 2.310269100000000435e+03 2.401769000000000233e+03
1.474499999999999922e+01 1.091221943999999944e+01 2.310833838000000014e+03 2.401769000000000233e+03
1.474999999999999822e+01 1.098554279999999927e+01 2.310222810000000209e+03 2.401769000000000233e+03
1.475499999999999723e+01 1.100257751999999911e+01 2.310080854000000272e+03 2.401769000000000233e+03
1.475999999999999979e+01 1.085556047999999940e+01 2.311305996000000050e+03 2.401769000000000233e+03
1.476499999999999879e+01 1.090666463999999891e+01 2.310880128000000241e+03 2.401769000000000233e+03
1.476999999999999780e+01 1.094036376000000033e+01 2.310599302000000080e+03 2.401769000000000233e+03
1.477499999999999680e+01 1.087814999999999976e+01 2.311117750000000342e+03 2.401769000000000233e+03
1.477999999999999936e+01 1.086704039999999871e+01 2.311210330000000340e+03 2.401769000000000233e+03
1.478499999999999837e+01 1.096850807999999944e+01 2.310364766000000145e+03 2.401769000000000233e+03
1.478999999999999737e+01 1.096295327999999891e+01 2.310411056000000372e+03 2.401769000000000233e+03
1.479499999999999993e+01 1.094591856000000085e+01 2.310553012000000308e+03 2.401769000000000233e+03
1.479999999999999893e+01 1.095184367999999964e+01 2.310503636000000370e+03 2.401769000000000233e+03
1.480499999999999794e+01 1.091221943999999944e+01 2.310833838000000014e+03 2.401769000000000233e+03
1.480999999999999694e+01 1.091221943999999944e+01 2.310833838000000014e+03 2.401769000000000233e+03
1.481499999999999950e+01 1.091777423999999996e+01 2.310787548000000243e+03 2.401769000000000233e+03
1.481999999999999851e+01 1.090073952000000013e+01 2.310929504000000179e+03 2.401769000000000233e+03
1.482499999999999751e+01 1.096850807999999944e+01 2.310364766000000145e+03 2.401769000000000233e+03
1.483000000000000007e+01 1.090073952000000013e+01 2.310929504000000179e+03 2.401769000000000233e+03
1.483499999999999908e+01 1.092332904000000049e+01 2.310741258000000016e+03 2.401769000000000233e+03
1.483999999999999808e+01 1.089518471999999960e+01 2.310975794000000406e+03 2.401769000000000233e+03
1.484499999999999709e+01 1.087259519999999924e+01 2.311164040000000114e+03 2.401769000000000233e+03
1.484999999999999964e+01 1.093480895999999980e+01 2.310645592000000306e+03 2.401769000000000233e+03
1.485499999999999865e+01 1.094036376000000033e+01 2.310599302000000080e+03 2.401769000000000233e+03
1.485999999999999766e+01 1.091777423999999996e+01 2.310787548000000243e+03 2.401769000000000233e+03
1.486500000000000021e+01 1.092332904000000049e+01 2.310741258000000016e+03 2.401769000000000233e+03
1.486999999999999922e+01 1.096850807999999944e+01 2.310364766000000145e+03 2.401769000000000233e+03
1.487499999999999822e+01 1.091221943999999944e+01 2.310833838000000014e+03 2.401769000000000233e+03
1.487999999999999723e+01 1.087259519999999924e+01 2.311164040000000114e+03 2.401769000000000233e+03
1.488499999999999979e+01 1.090666463999999891e+01 2.310880128000000241e+03 2.401769000000000233e+03
1.488999999999999879e+01 1.091221943999999944e+01 2.310833838000000014e+03 2.401769000000000233e+03
1.489499999999999780e+01 1.082741616000000029e+01 2.311540532000000439e+03 2.401769000000000233e+03
1.489999999999999680e+01 1.099109759999999980e+01 2.310176520000000437e+03 2.401769000000000233e+03
1.490499999999999936e+01 1.096295327999999891e+01 2.310411056000000372e+03 2.401769000000000233e+03
1.490999999999999837e+01 1.092332904000000049e+01 2.310741258000000016e+03 2.401769000000000233e+03
1.491499999999999737e+01 1.091221943999999944e+01 2.310833838000000014e+03 2.401769000000000233e+03
1.491999999999999993e+01 1.095184367999999964e+01 2.310503636000000370e+03 2.401769000000000233e+03
1.492499999999999893e+01 1.091777423999999996e+01 2.310787548000000243e+03 2.401769000000000233e+03
1.492999999999999794e+01 1.087814999999999976e+01 2.311117750000000342e+03 2.401769000000000233e+03
1.493499999999999694e+01 1.090666463999999891e+01 2.310880128000000241e+03 2.401769000000000233e+03
1.493999999999999950e+01 1.090666463999999891e+01 2.310880128000000241e+03 2.401769000000000233e+03
1.494499999999999851e+01 1.092332904000000049e+01 2.310741258000000016e+03 2.401769000000000233e+03
1.494999999999999751e+01 1.093480895999999980e+01 2.310645592000000306e+03 2.401769000000000233e+03
1.495500000000000007e+01 1.099109759999999980e+01 2.310176520000000437e+03 2.401769000000000233e+03
1.495999999999999908e+01 1.092332904000000049e+01 2.310741258000000016e+03 2.401769000000000233e+03
1.496499999999999808e+01 1.089518471999999960e+01 2.310975794000000406e+03 2.401769000000000233e+03
1.496999999999999709e+01 1.092925415999999927e+01 2.310691882000000078e+03 2.401769000000000233e+03
1.497499999999999964e+01 1.093480895999999980e+01 2.310645592000000306e+03 2.401769000000000233e+03
1.497999999999999865e+01 1.092925415999999927e+01 2.310691882000000078e+03 2.401769000000000233e+03
1.498499999999999766e+01 1.091221943999999944e+01 2.310833838000000014e+03 2.401769000000000233e+03
1.499000000000000021e+01 1.095739848000000016e+01 2.310457346000000143e+03 2.401769000000000233e+03
1.499499999999999922e+01 1.087814999999999976e+01 2.311117750000000342e+03 2.401769000000000233e+03
1.499999999999999822e+01 1.093480895999999980e+01 2.310645592000000306e+03 2.401769000000000233e+03
1.500499999999999723e+01 1.094036376000000033e+01 2.310599302000000080e+03 2.401769000000000233e+03
1.500999999999999979e+01 1.087259519999999924e+01 2.311164040000000114e+03 2.401769000000000233e+03
1.501499999999999879e+01 1.086704039999999871e+01 2.311210330000000340e+03 2.401769000000000233e+03
1.501999999999999780e+01 1.094591856000000085e+01 2.310553012000000308e+03 2.401769000000000233e+03
1.502499999999999680e+01 1.097998799999999875e+01 2.310269100000000435e+03 2.401769000000000233e+03
1.502999999999999936e+01 1.091221943999999944e+01 2.310833838000000014e+03 2.401769000000000233e+03
1.503499999999999837e+01 1.088962991999999907e+01 2.311022084000000177e+03 2.401769000000000233e+03
1.503999999999999737e+01 1.090073952000000013e+01 2.310929504000000179e+03 2.401769000000000233e+03
1.504499999999999993e+01 1.085556047999999940e+01 2.311305996000000050e+03 2.401769000000000233e+03
1.504999999999999893e+01 1.086111527999999993e+01 2.311259706000000278e+03 2.401769000000000233e+03
1.505499999999999794e+01 1.093480895999999980e+01 2.310645592000000306e+03 2.401769000000000233e+03
1.505999999999999694e+01 1.088407511999999855e+01 2.311068374000000404e+03 2.401769000000000233e+03
1.506499999999999950e+01 1.086111527999999993e+01 2.311259706000000278e+03 2.401769000000000233e+03
1.506999999999999851e+01 1.090666463999999891e+01 2.310880128000000241e+03 2.401769000000000233e+03
1.507499999999999751e+01 1.091221943999999944e+01 2.310833838000000014e+03 2.401769000000000233e+03
1.508000000000000007e+01 1.088962991999999907e+01 2.311022084000000177e+03 2.401769000000000233e+03
1.508499999999999908e+01 1.090666463999999891e+01 2.310880128000000241e+03 2.401769000000000233e+03
1.508999999999999808e+01 1.092332904000000049e+01 2.310741258000000016e+03 2.401769000000000233e+03
1.509499999999999709e+01 1.088407511999999855e+01 2.311068374000000404e+03 2.401769000000000233e+03
1.509999999999999964e+01 1.081593624000000098e+01 2.311636198000000149e+03 2.401769000000000233e+03
1.510499999999999865e+01 1.087259519999999924e+01 2.311164040000000114e+03 2.401769000000000233e+03
1.510999999999999766e+01 1.089518471999999960e+01 2.310975794000000406e+03 2.401769000000000233e+03
1.511500000000000021e+01 1.089518471999999960e+01 2.310975794000000406e+03 2.401769000000000233e+03
1.511999999999999922e+01 1.085000567999999888e+01 2.311352286000000277e+03 2.401769000000000233e+03
1.512499999999999822e+01 1.084445088000000013e+01 2.311398576000000048e+03 2.401769000000000233e+03
1.512999999999999723e+01 1.085556047999999940e+01 2.311305996000000050e+03 2.401769000000000233e+03
1.513499999999999979e+01 1.085556047999999940e+01 2.311305996000000050e+03 2.401769000000000233e+03
1.513999999999999879e+01 1.088407511999999855e+01 2.311068374000000404e+03 2.401769000000000233e+03
1.514499999999999780e+01 1.086704039999999871e+01 2.311210330000000340e+03 2.401769000000000233e+03
1.514999999999999680e+01 1.090073952000000013e+01 2.310929504000000179e+03 2.401769000000000233e+03
1.515499999999999936e+01 1.090073952000000013e+01 2.310929504000000179e+03 2.401769000000000233e+03
1.515999999999999837e+01 1.085000567999999888e+01 2.311352286000000277e+03 2.401769000000000233e+03
1.516499999999999737e+01 1.086111527999999993e+01 2.311259706000000278e+03 2.401769000000000233e+03
1.516999999999999993e+01 1.093480895999999980e+01 2.310645592000000306e+03 2.401769000000000233e+03
1.517499999999999893e+01 1.092925415999999927e+01 2.310691882000000078e+03 2.401769000000000233e+03
1.517999999999999794e+01 1.083852575999999956e+01 2.311447952000000441e+03 2.401769000000000233e+03
1.518499999999999694e+01 1.087814999999999976e+01 2.311117750000000342e+03 2.401769000000000233e+03
1.518999999999999950e+01 1.093480895999999980e+01 2.310645592000000306e+03 2.401769000000000233e+03
1.519499999999999851e+01 1.088962991999999907e+01 2.311022084000000177e+03 2.401769000000000233e+03
1.519999999999999751e+01 1.085000567999999888e+01 2.311352286000000277e+03 2.401769000000000233e+03
1.520500000000000007e+01 1.084445088000000013e+01 2.311398576000000048e+03 2.401769000000000233e+03
1.520999999999999908e+01 1.081593624000000098e+01 2.311636198000000149e+03 2.401769000000000233e+03
1.521499999999999808e+01 1.088962991999999907e+01 2.311022084000000177e+03 2.401769000000000233e+03
1.521999999999999709e+01 1.083852575999999956e+01 2.311447952000000441e+03 2.401769000000000233e+03
1.522499999999999964e+01 1.083297096000000082e+01 2.311494242000000213e+03 2.401769000000000233e+03
1.522999999999999865e+01 1.090073952000000013e+01 2.310929504000000179e+03 2.401769000000000233e+03
1.523499999999999766e+01 1.080482663999999993e+01 2.311728778000000148e+03 2.401769000000000233e+03
1.524000000000000021e+01 1.088407511999999855e+01 2.311068374000000404e+03 2.401769000000000233e+03
1.524499999999999922e+01 1.084445088000000013e+01 2.311398576000000048e+03 2.401769000000000233e+03
1.524999999999999822e+01 1.085000567999999888e+01 2.311352286000000277e+03 2.401769000000000233e+03
1.525499999999999723e+01 1.085556047999999940e+01 2.311305996000000050e+03 2.401769000000000233e+03
1.525999999999999979e+01 1.080482663999999993e+01 2.311728778000000148e+03 2.401769000000000233e+03
1.526499999999999879e+01 1.086111527999999993e+01 2.311259706000000278e+03 2.401769000000000233e+03
1.526999999999999780e+01 1.089518471999999960e+01 2.310975794000000406e+03 2.401769000000000233e+03
1.527499999999999680e+01 1.081038144000000045e+01 2.311682488000000376e+03 2.401769000000000233e+03
1.527999999999999936e+01 1.083852575999999956e+01 2.311447952000000441e+03 2.401769000000000233e+03
1.528499999999999837e+01 1.085000567999999888e+01 2.311352286000000277e+03 2.401769000000000233e+03
1.528999999999999737e+01 1.088962991999999907e+01 2.311022084000000177e+03 2.401769000000000233e+03
1.529499999999999993e+01 1.085000567999999888e+01 2.311352286000000277e+03 2.401769000000000233e+03
1.529999999999999893e+01 1.077668231999999904e+01 2.311963314000000082e+03 2.401769000000000233e+03
1.530499999999999794e+01 1.091221943999999944e+01 2.310833838000000014e+03 2.401769000000000233e+03
1.530999999999999694e+01 1.083297096000000082e+01 2.311494242000000213e+03 2.401769000000000233e+03
1.531499999999999950e+01 1.082186135999999976e+01 2.311586822000000211e+03 2.401769000000000233e+03
1.531999999999999851e+01 1.086704039999999871e+01 2.311210330000000340e+03 2.401769000000000233e+03
1.532499999999999751e+01 1.085000567999999888e+01 2.311352286000000277e+03 2.401769000000000233e+03
1.533000000000000007e+01 1.081593624000000098e+01 2.311636198000000149e+03 2.401769000000000233e+03
1.533499999999999908e+01 1.075964759999999920e+01 2.312105270000000019e+03 2.401769000000000233e+03
1.533999999999999808e+01 1.084445088000000013e+01 2.311398576000000048e+03 2.401769000000000233e+03
1.534499999999999709e+01 1.079334672000000062e+01 2.311824444000000312e+03 2.401769000000000233e+03
1.534999999999999964e+01 1.083852575999999956e+01 2.311447952000000441e+03 2.401769000000000233e+03
1.535499999999999865e+01 1.079334672000000062e+01 2.311824444000000312e+03 2.401769000000000233e+03
1.535999999999999766e+01 1.082741616000000029e+01 2.311540532000000439e+03 2.401769000000000233e+03
1.536500000000000021e+01 1.080482663999999993e+01 2.311728778000000148e+03 2.401769000000000233e+03
1.536999999999999922e+01 1.082186135999999976e+01 2.311586822000000211e+03 2.401769000000000233e+03
1.537499999999999822e+01 1.086704039999999871e+01 2.311210330000000340e+03 2.401769000000000233e+03
1.537999999999999723e+01 1.088962991999999907e+01 2.311022084000000177e+03 2.401769000000000233e+03
1.538499999999999979e+01 1.081038144000000045e+01 2.311682488000000376e+03 2.401769000000000233e+03
1.538999999999999879e+01 1.082741616000000029e+01 2.311540532000000439e+03 2.401769000000000233e+03
1.539499999999999780e+01 1.079334672000000062e+01 2.311824444000000312e+03 2.401769000000000233e+03
1.539999999999999680e+01 1.091221943999999944e+01 2.310833838000000014e+03 2.401769000000000233e+03
1.540499999999999936e+01 1.087259519999999924e+01 2.311164040000000114e+03 2.401769000000000233e+03
1.540999999999999837e+01 1.082741616000000029e+01 2.311540532000000439e+03 2.401769000000000233e+03
1.541499999999999737e+01 1.083297096000000082e+01 2.311494242000000213e+03 2.401769000000000233e+03
1.541999999999999993e+01 1.085000567999999888e+01 2.311352286000000277e+03 2.401769000000000233e+03
1.542499999999999893e+01 1.091221943999999944e+01 2.310833838000000014e+03 2.401769000000000233e+03
1.542999999999999794e+01 1.080482663999999993e+01 2.311728778000000148e+03 2.401769000000000233e+03
1.543499999999999694e+01 1.079927183999999940e+01 2.311775068000000374e+03 2.401769000000000233e+03
1.543999999999999950e+01 1.092925415999999927e+01 2.310691882000000078e+03 2.401769000000000233e+03
1.544499999999999851e+01 1.084445088000000013e+01 2.311398576000000048e+03 2.401769000000000233e+03
1.544999999999999751e+01 1.085556047999999940e+01 2.311305996000000050e+03 2.401769000000000233e+03
1.545500000000000007e+01 1.087814999999999976e+01 2.311117750000000342e+03 2.401769000000000233e+03
1.545999999999999908e+01 1.081593624000000098e+01 2.311636198000000149e+03 2.401769000000000233e+03
1.546499999999999808e+01 1.083297096000000082e+01 2.311494242000000213e+03 2.401769000000000233e+03
1.546999999999999709e+01 1.084445088000000013e+01 2.311398576000000048e+03 2.401769000000000233e+03
1.547499999999999964e+01 1.090073952000000013e+01 2.310929504000000179e+03 2.401769000000000233e+03
1.547999999999999865e+01 1.091777423999999996e+01 2.310787548000000243e+03 2.401769000000000233e+03
1.548499999999999766e+01 1.085000567999999888e+01 2.311352286000000277e+03 2.401769000000000233e+03
1.549000000000000021e+01 1.079927183999999940e+01 2.311775068000000374e+03 2.401769000000000233e+03
1.549499999999999922e+01 1.085556047999999940e+01 2.311305996000000050e+03 2.401769000000000233e+03
1.549999999999999822e+01 1.087259519999999924e+01 2.311164040000000114e+03 2.401769000000000233e+03
1.550499999999999723e+01 1.078223711999999956e+01 2.311917024000000310e+03 2.401769000000000233e+03
1.550999999999999979e+01 1.082741616000000029e+01 2.311540532000000439e+03 2.401769000000000233e+03
1.551499999999999879e+01 1.083297096000000082e+01 2.311494242000000213e+03 2.401769000000000233e+03
1.551999999999999780e+01 1.086704039999999871e+01 2.311210330000000340e+03 2.401769000000000233e+03
1.552499999999999680e+01 1.087259519999999924e+01 2.311164040000000114e+03 2.401769000000000233e+03
1.552999999999999936e+01 1.085000567999999888e+01 2.311352286000000277e+03 2.401769000000000233e+03
1.553499999999999837e+01 1.087259519999999924e+01 2.311164040000000114e+03 2.401769000000000233e+03
1.553999999999999737e+01 1.086704039999999871e+01 2.311210330000000340e+03 2.401769000000000233e+03
1.554499999999999993e+01 1.079927183999999940e+01 2.311775068000000374e+03 2.401769000000000233e+03
1.554999999999999893e+01 1.078223711999999956e+01 2.311917024000000310e+03 2.401769000000000233e+03
1.555499999999999794e+01 1.078223711999999956e+01 2.311917024000000310e+03 2.401769000000000233e+03
1.555999999999999694e+01 1.080482663999999993e+01 2.311728778000000148e+03 2.401769000000000233e+03
1.556499999999999950e+01 1.080482663999999993e+01 2.311728778000000148e+03 2.401769000000000233e+03
1.556999999999999851e+01 1.084445088000000013e+01 2.311398576000000048e+03 2.401769000000000233e+03
1.557499999999999751e+01 1.086704039999999871e+01 2.311210330000000340e+03 2.401769000000000233e+03
1.558000000000000007e+01 1.074816767999999989e+01 2.312200936000000183e+03 2.401769000000000233e+03
1.558499999999999908e+01 1.082186135999999976e+01 2.311586822000000211e+03 2.401769000000000233e+03
1.558999999999999808e+01 1.084445088000000013e+01 2.311398576000000048e+03 2.401769000000000233e+03
1.559499999999999709e+01 1.084445088000000013e+01 2.311398576000000048e+03 2.401769000000000233e+03
1.559999999999999964e+01 1.081593624000000098e+01 2.311636198000000149e+03 2.401769000000000233e+03
1.560499999999999865e+01 1.079334672000000062e+01 2.311824444000000312e+03 2.401769000000000233e+03
1.560999999999999766e+01 1.087814999999999976e+01 2.311117750000000342e+03 2.401769000000000233e+03
1.561500000000000021e+01 1.085556047999999940e+01 2.311305996000000050e+03 2.401769000000000233e+03
1.561999999999999922e+01 1.087259519999999924e+01 2.311164040000000114e+03 2.401769000000000233e+03
1.562499999999999822e+01 1.079927183999999940e+01 2.311775068000000374e+03 2.401769000000000233e+03
1.562999999999999723e+01 1.081593624000000098e+01 2.311636198000000149e+03 2.401769000000000233e+03
1.563499999999999979e+01 1.079927183999999940e+01 2.311775068000000374e+03 2.401769000000000233e+03
1.563999999999999879e+01 1.071446856000000025e+01 2.312481762000000344e+03 2.401769000000000233e+03
1.564499999999999780e+01 1.083852575999999956e+01 2.311447952000000441e+03 2.401769000000000233e+03
1.564999999999999680e+01 1.082741616000000029e+01 2.311540532000000439e+03 2.401769000000000233e+03
1.565499999999999936e+01 1.079334672000000062e+01 2.311824444000000312e+03 2.401769000000000233e+03
1.565999999999999837e+01 1.077668231999999904e+01 2.311963314000000082e+03 2.401769000000000233e+03
1.566499999999999737e+01 1.085556047999999940e+01 2.311305996000000050e+03 2.401769000000000233e+03
1.566999999999999993e+01 1.080482663999999993e+01 2.311728778000000148e+03 2.401769000000000233e+03
1.567499999999999893e+01 1.079334672000000062e+01 2.311824444000000312e+03 2.401769000000000233e+03
1.567999999999999794e+01 1.081038144000000045e+01 2.311682488000000376e+03 2.401769000000000233e+03
1.568499999999999694e+01 1.081593624000000098e+01 2.311636198000000149e+03 2.401769000000000233e+03
1.568999999999999950e+01 1.078223711999999956e+01 2.311917024000000310e+03 2.401769000000000233e+03
1.569499999999999851e+01 1.078779192000000009e+01 2.311870734000000084e+03 2.401769000000000233e+03
1.569999999999999751e+01 1.081593624000000098e+01 2.311636198000000149e+03 2.401769000000000233e+03
1.570500000000000007e+01 1.078223711999999956e+01 2.311917024000000310e+03 2.401769000000000233e+03
1.570999999999999908e+01 1.076520239999999973e+01 2.312058980000000247e+03 2.401769000000000233e+03
1.571499999999999808e+01 1.075409279999999868e+01 2.312151560000000245e+03 2.401769000000000233e+03
1.571999999999999709e+01 1.079334672000000062e+01 2.311824444000000312e+03 2.401769000000000233e+03
1.572499999999999964e+01 1.077668231999999904e+01 2.311963314000000082e+03 2.401769000000000233e+03
1.572999999999999865e+01 1.079334672000000062e+01 2.311824444000000312e+03 2.401769000000000233e+03
1.573499999999999766e+01 1.074261287999999936e+01 2.312247226000000410e+03 2.401769000000000233e+03
1.574000000000000021e+01 1.072002336000000078e+01 2.312435472000000118e+03 2.401769000000000233e+03
1.574499999999999922e+01 1.075964759999999920e+01 2.312105270000000019e+03 2.401769000000000233e+03
1.574999999999999822e+01 1.079927183999999940e+01 2.311775068000000374e+03 2.401769000000000233e+03
1.575499999999999723e+01 1.074261287999999936e+01 2.312247226000000410e+03 2.401769000000000233e+03
1.575999999999999979e+01 1.077668231999999904e+01 2.311963314000000082e+03 2.401769000000000233e+03
1.576499999999999879e+01 1.080482663999999993e+01 2.311728778000000148e+03 2.401769000000000233e+03
1.576999999999999780e+01 1.073150328000000009e+01 2.312339806000000408e+03 2.401769000000000233e+03
1.577499999999999680e+01 1.082186135999999976e+01 2.311586822000000211e+03 2.401769000000000233e+03
1.577999999999999936e+01 1.079334672000000062e+01 2.311824444000000312e+03 2.401769000000000233e+03
1.578499999999999837e+01 1.081593624000000098e+01 2.311636198000000149e+03 2.401769000000000233e+03
1.578999999999999737e+01 1.073705807999999884e+01 2.312293516000000182e+03 2.401769000000000233e+03
1.579499999999999993e+01 1.078779192000000009e+01 2.311870734000000084e+03 2.401769000000000233e+03
1.579999999999999893e+01 1.075964759999999920e+01 2.312105270000000019e+03 2.401769000000000233e+03
1.580499999999999794e+01 1.075409279999999868e+01 2.312151560000000245e+03 2.401769000000000233e+03
1.580999999999999694e+01 1.075409279999999868e+01 2.312151560000000245e+03 2.401769000000000233e+03
1.581499999999999950e+01 1.081593624000000098e+01 2.311636198000000149e+03 2.401769000000000233e+03
1.581999999999999851e+01 1.078779192000000009e+01 2.311870734000000084e+03 2.401769000000000233e+03
1.582499999999999751e+01 1.077075720000000025e+01 2.312012690000000021e+03 2.401769000000000233e+03
1.583000000000000007e+01 1.078779192000000009e+01 2.311870734000000084e+03 2.401769000000000233e+03
1.583499999999999908e+01 1.078223711999999956e+01 2.311917024000000310e+03 2.401769000000000233e+03
1.583999999999999808e+01 1.079334672000000062e+01 2.311824444000000312e+03 2.401769000000000233e+03
1.584499999999999709e+01 1.078779192000000009e+01 2.311870734000000084e+03 2.401769000000000233e+03
1.584999999999999964e+01 1.082741616000000029e+01 2.311540532000000439e+03 2.401769000000000233e+03
1.585499999999999865e+01 1.082741616000000029e+01 2.311540532000000439e+03 2.401769000000000233e+03
1.585999999999999766e+01 1.080482663999999993e+01 2.311728778000000148e+03 2.401769000000000233e+03
1.586500000000000021e+01 1.084445088000000013e+01 2.311398576000000048e+03 2.401769000000000233e+03
1.586999999999999922e+01 1.074816767999999989e+01 2.312200936000000183e+03 2.401769000000000233e+03
1.587499999999999822e+01 1.077075720000000025e+01 2.312012690000000021e+03 2.401769000000000233e+03
1.587999999999999723e+01 1.079334672000000062e+01 2.311824444000000312e+03 2.401769000000000233e+03
1.588499999999999979e+01 1.074816767999999989e+01 2.312200936000000183e+03 2.401769000000000233e+03
1.588999999999999879e+01 1.079334672000000062e+01 2.311824444000000312e+03 2.401769000000000233e+03
1.589499999999999780e+01 1.084445088000000013e+01 2.311398576000000048e+03 2.401769000000000233e+03
1.589999999999999680e+01 1.080482663999999993e+01 2.311728778000000148e+03 2.401769000000000233e+03
1.590499999999999936e+01 1.075409279999999868e+01 2.312151560000000245e+03 2.401769000000000233e+03
1.590999999999999837e+01 1.077075720000000025e+01 2.312012690000000021e+03 2.401769000000000233e+03
1.591499999999999737e+01 1.079927183999999940e+01 2.311775068000000374e+03 2.401769000000000233e+03
1.591999999999999993e+01 1.076520239999999973e+01 2.312058980000000247e+03 2.401769000000000233e+03
1.592499999999999893e+01 1.086111527999999993e+01 2.311259706000000278e+03 2.401769000000000233e+03
1.592999999999999794e+01 1.088962991999999907e+01 2.311022084000000177e+03 2.401769000000000233e+03
1.593499999999999694e+01 1.077668231999999904e+01 2.311963314000000082e+03 2.401769000000000233e+03
1.593999999999999950e+01 1.076520239999999973e+01 2.312058980000000247e+03 2.401769000000000233e+03
1.594499999999999851e+01 1.080482663999999993e+01 2.311728778000000148e+03 2.401769000000000233e+03
1.594999999999999751e+01 1.078223711999999956e+01 2.311917024000000310e+03 2.401769000000000233e+03
1.595500000000000007e+01 1.074261287999999936e+01 2.312247226000000410e+03 2.401769000000000233e+03
1.595999999999999908e+01 1.074261287999999936e+01 2.312247226000000410e+03 2.401769000000000233e+03
1.596499999999999808e+01 1.085000567999999888e+01 2.311352286000000277e+03 2.401769000000000233e+03
1.596999999999999709e+01 1.081593624000000098e+01 2.311636198000000149e+03 2.401769000000000233e+03
1.597499999999999964e+01 1.074816767999999989e+01 2.312200936000000183e+03 2.401769000000000233e+03
1.597999999999999865e+01 1.077075720000000025e+01 2.312012690000000021e+03 2.401769000000000233e+03
1.598499999999999766e+01 1.077075720000000025e+01 2.312012690000000021e+03 2.401769000000000233e+03
1.599000000000000021e+01 1.072002336000000078e+01 2.312435472000000118e+03 2.401769000000000233e+03
1.599499999999999922e+01 1.068595392000000110e+01 2.312719383999999991e+03 2.401769000000000233e+03
1.599999999999999822e+01 1.076520239999999973e+01 2.312058980000000247e+03 2.401769000000000233e+03
1.600499999999999901e+01 1.078779192000000009e+01 2.311870734000000084e+03 2.401769000000000233e+03
1.601000000000000156e+01 1.078223711999999956e+01 2.311917024000000310e+03 2.401769000000000233e+03
1.601500000000000057e+01 1.074261287999999936e+01 2.312247226000000410e+03 2.401769000000000233e+03
1.601999999999999957e+01 1.073705807999999884e+01 2.312293516000000182e+03 2.401769000000000233e+03
1.602499999999999858e+01 1.073150328000000009e+01 2.312339806000000408e+03 2.401769000000000233e+03
1.603000000000000114e+01 1.077075720000000025e+01 2.312012690000000021e+03 2.401769000000000233e+03
1.603500000000000014e+01 1.081038144000000045e+01 2.311682488000000376e+03 2.401769000000000233e+03
1.603999999999999915e+01 1.076520239999999973e+01 2.312058980000000247e+03 2.401769000000000233e+03
1.604500000000000171e+01 1.077075720000000025e+01 2.312012690000000021e+03 2.401769000000000233e+03
1.605000000000000071e+01 1.073705807999999884e+01 2.312293516000000182e+03 2.401769000000000233e+03
1.605499999999999972e+01 1.073150328000000009e+01 2.312339806000000408e+03 2.401769000000000233e+03
1.605999999999999872e+01 1.072002336000000078e+01 2.312435472000000118e+03 2.401769000000000233e+03
1.606500000000000128e+01 1.080482663999999993e+01 2.311728778000000148e+03 2.401769000000000233e+03
1.607000000000000028e+01 1.073705807999999884e+01 2.312293516000000182e+03 2.401769000000000233e+03
1.607499999999999929e+01 1.076520239999999973e+01 2.312058980000000247e+03 2.401769000000000233e+03
1.608000000000000185e+01 1.069743384000000042e+01 2.312623718000000281e+03 2.401769000000000233e+03
1.608500000000000085e+01 1.076520239999999973e+01 2.312058980000000247e+03 2.401769000000000233e+03
1.608999999999999986e+01 1.075409279999999868e+01 2.312151560000000245e+03 2.401769000000000233e+03
1.609499999999999886e+01 1.076520239999999973e+01 2.312058980000000247e+03 2.401769000000000233e+03
1.610000000000000142e+01 1.077668231999999904e+01 2.311963314000000082e+03 2.401769000000000233e+03
1.610500000000000043e+01 1.073150328000000009e+01 2.312339806000000408e+03 2.401769000000000233e+03
1.610999999999999943e+01 1.075409279999999868e+01 2.312151560000000245e+03 2.401769000000000233e+03
1.611500000000000199e+01 1.079334672000000062e+01 2.311824444000000312e+03 2.401769000000000233e+03
1.612000000000000099e+01 1.068039912000000058e+01 2.312765674000000217e+03 2.401769000000000233e+03
1.612500000000000000e+01 1.072557815999999953e+01 2.312389182000000346e+03 2.401769000000000233e+03
1.612999999999999901e+01 1.069743384000000042e+01 2.312623718000000281e+03 2.401769000000000233e+03
1.613500000000000156e+01 1.073705807999999884e+01 2.312293516000000182e+03 2.401769000000000233e+03
1.614000000000000057e+01 1.065780960000000022e+01 2.312953920000000380e+03 2.401769000000000233e+03
1.614499999999999957e+01 1.072002336000000078e+01 2.312435472000000118e+03 2.401769000000000233e+03
1.614999999999999858e+01 1.074261287999999936e+01 2.312247226000000410e+03 2.401769000000000233e+03
1.615500000000000114e+01 1.074261287999999936e+01 2.312247226000000410e+03 2.401769000000000233e+03
1.616000000000000014e+01 1.068595392000000110e+01 2.312719383999999991e+03 2.401769000000000233e+03
1.616499999999999915e+01 1.073150328000000009e+01 2.312339806000000408e+03 2.401769000000000233e+03
1.617000000000000171e+01 1.074816767999999989e+01 2.312200936000000183e+03 2.401769000000000233e+03
1.617500000000000071e+01 1.076520239999999973e+01 2.312058980000000247e+03 2.401769000000000233e+03
1.617999999999999972e+01 1.073150328000000009e+01 2.312339806000000408e+03 2.401769000000000233e+03
1.618499999999999872e+01 1.073150328000000009e+01 2.312339806000000408e+03 2.401769000000000233e+03
1.619000000000000128e+01 1.071446856000000025e+01 2.312481762000000344e+03 2.401769000000000233e+03
1.619500000000000028e+01 1.079334672000000062e+01 2.311824444000000312e+03 2.401769000000000233e+03
1.619999999999999929e+01 1.075409279999999868e+01 2.312151560000000245e+03 2.401769000000000233e+03
1.620500000000000185e+01 1.071446856000000025e+01 2.312481762000000344e+03 2.401769000000000233e+03
1.621000000000000085e+01 1.068595392000000110e+01 2.312719383999999991e+03 2.401769000000000233e+03
1.621499999999999986e+01 1.069743384000000042e+01 2.312623718000000281e+03 2.401769000000000233e+03
1.621999999999999886e+01 1.069187903999999989e+01 2.312670008000000053e+03 2.401769000000000233e+03
1.622500000000000142e+01 1.074261287999999936e+01 2.312247226000000410e+03 2.401769000000000233e+03
1.623000000000000043e+01 1.073705807999999884e+01 2.312293516000000182e+03 2.401769000000000233e+03
1.623499999999999943e+01 1.071446856000000025e+01 2.312481762000000344e+03 2.401769000000000233e+03
1.624000000000000199e+01 1.078779192000000009e+01 2.311870734000000084e+03 2.401769000000000233e+03
1.624500000000000099e+01 1.073705807999999884e+01 2.312293516000000182e+03 2.401769000000000233e+03
1.625000000000000000e+01 1.073150328000000009e+01 2.312339806000000408e+03 2.401769000000000233e+03
1.625499999999999901e+01 1.074261287999999936e+01 2.312247226000000410e+03 2.401769000000000233e+03
1.626000000000000156e+01 1.071446856000000025e+01 2.312481762000000344e+03 2.401769000000000233e+03
1.626500000000000057e+01 1.068039912000000058e+01 2.312765674000000217e+03 2.401769000000000233e+03
1.626999999999999957e+01 1.075409279999999868e+01 2.312151560000000245e+03 2.401769000000000233e+03
1.627499999999999858e+01 1.077668231999999904e+01 2.311963314000000082e+03 2.401769000000000233e+03
1.628000000000000114e+01 1.077075720000000025e+01 2.312012690000000021e+03 2.401769000000000233e+03
1.628500000000000014e+01 1.073705807999999884e+01 2.312293516000000182e+03 2.401769000000000233e+03
1.628999999999999915e+01 1.072002336000000078e+01 2.312435472000000118e+03 2.401769000000000233e+03
1.629500000000000171e+01 1.072557815999999953e+01 2.312389182000000346e+03 2.401769000000000233e+03
1.630000000000000071e+01 1.072002336000000078e+01 2.312435472000000118e+03 2.401769000000000233e+03
1.630499999999999972e+01 1.072002336000000078e+01 2.312435472000000118e+03 2.401769000000000233e+03
1.630999999999999872e+01 1.070854343999999969e+01 2.312531138000000283e+03 2.401769000000000233e+03
1.631500000000000128e+01 1.074261287999999936e+01 2.312247226000000410e+03 2.401769000000000233e+03
1.632000000000000028e+01 1.075409279999999868e+01 2.312151560000000245e+03 2.401769000000000233e+03
1.632499999999999929e+01 1.076520239999999973e+01 2.312058980000000247e+03 2.401769000000000233e+03
1.633000000000000185e+01 1.074261287999999936e+01 2.312247226000000410e+03 2.401769000000000233e+03
1.633500000000000085e+01 1.075964759999999920e+01 2.312105270000000019e+03 2.401769000000000233e+03
1.633999999999999986e+01 1.075409279999999868e+01 2.312151560000000245e+03 2.401769000000000233e+03
1.634499999999999886e+01 1.077075720000000025e+01 2.312012690000000021e+03 2.401769000000000233e+03
1.635000000000000142e+01 1.072557815999999953e+01 2.312389182000000346e+03 2.401769000000000233e+03
1.635500000000000043e+01 1.076520239999999973e+01 2.312058980000000247e+03 2.401769000000000233e+03
1.635999999999999943e+01 1.075409279999999868e+01 2.312151560000000245e+03 2.401769000000000233e+03
1.636500000000000199e+01 1.073150328000000009e+01 2.312339806000000408e+03 2.401769000000000233e+03
1.637000000000000099e+01 1.070298864000000094e+01 2.312577428000000054e+03 2.401769000000000233e+03
1.637500000000000000e+01 1.077668231999999904e+01 2.311963314000000082e+03 2.401769000000000233e+03
1.637999999999999901e+01 1.074816767999999989e+01 2.312200936000000183e+03 2.401769000000000233e+03
1.638500000000000156e+01 1.071446856000000025e+01 2.312481762000000344e+03 2.401769000000000233e+03
1.639000000000000057e+01 1.069743384000000042e+01 2.312623718000000281e+03 2.401769000000000233e+03
1.639499999999999957e+01 1.072557815999999953e+01 2.312389182000000346e+03 2.401769000000000233e+03
1.639999999999999858e+01 1.077668231999999904e+01 2.311963314000000082e+03 2.401769000000000233e+03
1.640500000000000114e+01 1.075409279999999868e+01 2.312151560000000245e+03 2.401769000000000233e+03
1.641000000000000014e+01 1.068595392000000110e+01 2.312719383999999991e+03 2.401769000000000233e+03
1.641499999999999915e+01 1.068039912000000058e+01 2.312765674000000217e+03 2.401769000000000233e+03
1.642000000000000171e+01 1.074816767999999989e+01 2.312200936000000183e+03 2.401769000000000233e+03
1.642500000000000071e+01 1.069187903999999989e+01 2.312670008000000053e+03 2.401769000000000233e+03
1.642999999999999972e+01 1.067484432000000005e+01 2.312811964000000444e+03 2.401769000000000233e+03
1.643499999999999872e+01 1.070298864000000094e+01 2.312577428000000054e+03 2.401769000000000233e+03
1.644000000000000128e+01 1.069743384000000042e+01 2.312623718000000281e+03 2.401769000000000233e+03
1.644500000000000028e+01 1.072002336000000078e+01 2.312435472000000118e+03 2.401769000000000233e+03
1.644999999999999929e+01 1.072557815999999953e+01 2.312389182000000346e+03 2.401769000000000233e+03
1.645500000000000185e+01 1.074816767999999989e+01 2.312200936000000183e+03 2.401769000000000233e+03
1.646000000000000085e+01 1.073150328000000009e+01 2.312339806000000408e+03 2.401769000000000233e+03
1.646499999999999986e+01 1.072002336000000078e+01 2.312435472000000118e+03 2.401769000000000233e+03
1.646999999999999886e+01 1.075409279999999868e+01 2.312151560000000245e+03 2.401769000000000233e+03
1.647500000000000142e+01 1.074816767999999989e+01 2.312200936000000183e+03 2.401769000000000233e+03
1.648000000000000043e+01 1.075964759999999920e+01 2.312105270000000019e+03 2.401769000000000233e+03
1.648499999999999943e+01 1.074816767999999989e+01 2.312200936000000183e+03 2.401769000000000233e+03
1.649000000000000199e+01 1.072002336000000078e+01 2.312435472000000118e+03 2.401769000000000233e+03
1.649500000000000099e+01 1.066336440000000074e+01 2.312907630000000154e+03 2.401769000000000233e+03
1.650000000000000000e+01 1.070298864000000094e+01 2.312577428000000054e+03 2.401769000000000233e+03
1.650499999999999901e+01 1.074816767999999989e+01 2.312200936000000183e+03 2.401769000000000233e+03
1.651000000000000156e+01 1.069187903999999989e+01 2.312670008000000053e+03 2.401769000000000233e+03
1.651500000000000057e+01 1.071446856000000025e+01 2.312481762000000344e+03 2.401769000000000233e+03
1.651999999999999957e+01 1.069743384000000042e+01 2.312623718000000281e+03 2.401769000000000233e+03
1.652499999999999858e+01 1.069743384000000042e+01 2.312623718000000281e+03 2.401769000000000233e+03
1.653000000000000114e+01 1.073150328000000009e+01 2.312339806000000408e+03 2.401769000000000233e+03
1.653500000000000014e+01 1.072002336000000078e+01 2.312435472000000118e+03 2.401769000000000233e+03
1.653999999999999915e+01 1.080482663999999993e+01 2.311728778000000148e+03 2.401769000000000233e+03
1.654500000000000171e+01 1.073705807999999884e+01 2.312293516000000182e+03 2.401769000000000233e+03
1.655000000000000071e+01 1.074816767999999989e+01 2.312200936000000183e+03 2.401769000000000233e+03
1.655499999999999972e+01 1.075964759999999920e+01 2.312105270000000019e+03 2.401769000000000233e+03
1.655999999999999872e+01 1.067484432000000005e+01 2.312811964000000444e+03 2.401769000000000233e+03
1.656500000000000128e+01 1.072557815999999953e+01 2.312389182000000346e+03 2.401769000000000233e+03
1.657000000000000028e+01 1.072002336000000078e+01 2.312435472000000118e+03 2.401769000000000233e+03
1.657499999999999929e+01 1.070298864000000094e+01 2.312577428000000054e+03 2.401769000000000233e+03
1.658000000000000185e+01 1.073150328000000009e+01 2.312339806000000408e+03 2.401769000000000233e+03
1.658500000000000085e+01 1.074261287999999936e+01 2.312247226000000410e+03 2.401769000000000233e+03
1.658999999999999986e+01 1.066336440000000074e+01 2.312907630000000154e+03 2.401769000000000233e+03
1.659499999999999886e+01 1.066928951999999953e+01 2.312858254000000215e+03 2.401769000000000233e+03
1.660000000000000142e+01 1.066336440000000074e+01 2.312907630000000154e+03 2.401769000000000233e+03
1.660500000000000043e+01 1.075964759999999920e+01 2.312105270000000019e+03 2.401769000000000233e+03
1.660999999999999943e+01 1.070854343999999969e+01 2.312531138000000283e+03 2.401769000000000233e+03
1.661500000000000199e+01 1.064077488000000038e+01 2.313095876000000317e+03 2.401769000000000233e+03
1.662000000000000099e+01 1.069743384000000042e+01 2.312623718000000281e+03 2.401769000000000233e+03
1.662500000000000000e+01 1.075409279999999868e+01 2.312151560000000245e+03 2.401769000000000233e+03
1.662999999999999901e+01 1.075409279999999868e+01 2.312151560000000245e+03 2.401769000000000233e+03
1.663500000000000156e+01 1.069743384000000042e+01 2.312623718000000281e+03 2.401769000000000233e+03
1.664000000000000057e+01 1.073150328000000009e+01 2.312339806000000408e+03 2.401769000000000233e+03
1.664499999999999957e+01 1.071446856000000025e+01 2.312481762000000344e+03 2.401769000000000233e+03
1.664999999999999858e+01 1.070854343999999969e+01 2.312531138000000283e+03 2.401769000000000233e+03
1.665500000000000114e+01 1.070298864000000094e+01 2.312577428000000054e+03 2.401769000000000233e+03
1.666000000000000014e+01 1.064077488000000038e+01 2.313095876000000317e+03 2.401769000000000233e+03
1.666499999999999915e+01 1.066336440000000074e+01 2.312907630000000154e+03 2.401769000000000233e+03
1.667000000000000171e+01 1.066928951999999953e+01 2.312858254000000215e+03 2.401769000000000233e+03
1.667500000000000071e+01 1.068039912000000058e+01 2.312765674000000217e+03 2.401769000000000233e+03
1.667999999999999972e+01 1.072002336000000078e+01 2.312435472000000118e+03 2.401769000000000233e+03
1.668499999999999872e+01 1.066928951999999953e+01 2.312858254000000215e+03 2.401769000000000233e+03
1.669000000000000128e+01 1.070854343999999969e+01 2.312531138000000283e+03 2.401769000000000233e+03
1.669500000000000028e+01 1.068039912000000058e+01 2.312765674000000217e+03 2.401769000000000233e+03
1.669999999999999929e+01 1.070854343999999969e+01 2.312531138000000283e+03 2.401769000000000233e+03
1.670500000000000185e+01 1.066336440000000074e+01 2.312907630000000154e+03 2.401769000000000233e+03
1.671000000000000085e+01 1.069187903999999989e+01 2.312670008000000053e+03 2.401769000000000233e+03
1.671499999999999986e+01 1.065225479999999969e+01 2.313000210000000152e+03 2.401769000000000233e+03
1.671999999999999886e+01 1.065780960000000022e+01 2.312953920000000380e+03 2.401769000000000233e+03
1.672500000000000142e+01 1.066336440000000074e+01 2.312907630000000154e+03 2.401769000000000233e+03
1.673000000000000043e+01 1.068595392000000110e+01 2.312719383999999991e+03 2.401769000000000233e+03
1.673499999999999943e+01 1.065225479999999969e+01 2.313000210000000152e+03 2.401769000000000233e+03
1.674000000000000199e+01 1.069187903999999989e+01 2.312670008000000053e+03 2.401769000000000233e+03
1.674500000000000099e+01 1.064077488000000038e+01 2.313095876000000317e+03 2.401769000000000233e+03
1.675000000000000000e+01 1.066336440000000074e+01 2.312907630000000154e+03 2.401769000000000233e+03
1.675499999999999901e+01 1.069187903999999989e+01 2.312670008000000053e+03 2.401769000000000233e+03
1.676000000000000156e+01 1.061818536000000002e+01 2.313284122000000025e+03 2.401769000000000233e+03
1.676500000000000057e+01 1.064669999999999916e+01 2.313046500000000378e+03 2.401769000000000233e+03
1.676999999999999957e+01 1.062411047999999880e+01 2.313234746000000086e+03 2.401769000000000233e+03
1.677499999999999858e+01 1.066336440000000074e+01 2.312907630000000154e+03 2.401769000000000233e+03
1.678000000000000114e+01 1.062966527999999933e+01 2.313188456000000315e+03 2.401769000000000233e+03
1.678500000000000014e+01 1.060152096000000022e+01 2.313422992000000249e+03 2.401769000000000233e+03
1.678999999999999915e+01 1.068039912000000058e+01 2.312765674000000217e+03 2.401769000000000233e+03
1.679500000000000171e+01 1.069743384000000042e+01 2.312623718000000281e+03 2.401769000000000233e+03
1.680000000000000071e+01 1.070298864000000094e+01 2.312577428000000054e+03 2.401769000000000233e+03
1.680499999999999972e+01 1.066336440000000074e+01 2.312907630000000154e+03 2.401769000000000233e+03
1.680999999999999872e+01 1.072557815999999953e+01 2.312389182000000346e+03 2.401769000000000233e+03
1.681500000000000128e+01 1.068039912000000058e+01 2.312765674000000217e+03 2.401769000000000233e+03
1.682000000000000028e+01 1.064669999999999916e+01 2.313046500000000378e+03 2.401769000000000233e+03
1.682499999999999929e+01 1.067484432000000005e+01 2.312811964000000444e+03 2.401769000000000233e+03
1.683000000000000185e+01 1.061818536000000002e+01 2.313284122000000025e+03 2.401769000000000233e+03
1.683500000000000085e+01 1.069187903999999989e+01 2.312670008000000053e+03 2.401769000000000233e+03
1.683999999999999986e+01 1.072557815999999953e+01 2.312389182000000346e+03 2.401769000000000233e+03
1.684499999999999886e+01 1.063522007999999985e+01 2.313142166000000088e+03 2.401769000000000233e+03
1.685000000000000142e+01 1.069743384000000042e+01 2.312623718000000281e+03 2.401769000000000233e+03
1.685500000000000043e+01 1.068039912000000058e+01 2.312765674000000217e+03 2.401769000000000233e+03
1.685999999999999943e+01 1.065780960000000022e+01 2.312953920000000380e+03 2.401769000000000233e+03
1.686500000000000199e+01 1.065225479999999969e+01 2.313000210000000152e+03 2.401769000000000233e+03
1.687000000000000099e+01 1.069743384000000042e+01 2.312623718000000281e+03 2.401769000000000233e+03
1.687500000000000000e+01 1.069743384000000042e+01 2.312623718000000281e+03 2.401769000000000233e+03
1.687999999999999901e+01 1.065225479999999969e+01 2.313000210000000152e+03 2.401769000000000233e+03
1.688500000000000156e+01 1.066336440000000074e+01 2.312907630000000154e+03 2.401769000000000233e+03
1.689000000000000057e+01 1.069743384000000042e+01 2.312623718000000281e+03 2.401769000000000233e+03
1.689499999999999957e+01 1.064077488000000038e+01 2.313095876000000317e+03 2.401769000000000233e+03
1.689999999999999858e+01 1.069743384000000042e+01 2.312623718000000281e+03 2.401769000000000233e+03
1.690500000000000114e+01 1.068039912000000058e+01 2.312765674000000217e+03 2.401769000000000233e+03
1.691000000000000014e+01 1.061818536000000002e+01 2.313284122000000025e+03 2.401769000000000233e+03
1.691499999999999915e+01 1.069187903999999989e+01 2.312670008000000053e+03 2.401769000000000233e+03
1.692000000000000171e+01 1.067484432000000005e+01 2.312811964000000444e+03 2.401769000000000233e+03
1.692500000000000071e+01 1.068595392000000110e+01 2.312719383999999991e+03 2.401769000000000233e+03
1.692999999999999972e+01 1.070854343999999969e+01 2.312531138000000283e+03 2.401769000000000233e+03
1.693499999999999872e+01 1.068039912000000058e+01 2.312765674000000217e+03 2.401769000000000233e+03
1.694000000000000128e+01 1.068039912000000058e+01 2.312765674000000217e+03 2.401769000000000233e+03
1.694500000000000028e+01 1.067484432000000005e+01 2.312811964000000444e+03 2.401769000000000233e+03
1.694999999999999929e+01 1.070298864000000094e+01 2.312577428000000054e+03 2.401769000000000233e+03
1.695500000000000185e+01 1.068039912000000058e+01 2.312765674000000217e+03 2.401769000000000233e+03
1.696000000000000085e+01 1.063522007999999985e+01 2.313142166000000088e+03 2.401769000000000233e+03
1.696499999999999986e+01 1.060707576000000074e+01 2.313376702000000023e+03 2.401769000000000233e+03
1.696999999999999886e+01 1.068039912000000058e+01 2.312765674000000217e+03 2.401769000000000233e+03
1.697500000000000142e+01 1.072002336000000078e+01 2.312435472000000118e+03 2.401769000000000233e+03
1.698000000000000043e+01 1.064077488000000038e+01 2.313095876000000317e+03 2.401769000000000233e+03
1.698499999999999943e+01 1.063522007999999985e+01 2.313142166000000088e+03 2.401769000000000233e+03
1.699000000000000199e+01 1.060707576000000074e+01 2.313376702000000023e+03 2.401769000000000233e+03
1.699500000000000099e+01 1.064077488000000038e+01 2.313095876000000317e+03 2.401769000000000233e+03
1.700000000000000000e+01 1.064077488000000038e+01 2.313095876000000317e+03 2.401769000000000233e+03
1.700499999999999901e+01 1.064077488000000038e+01 2.313095876000000317e+03 2.401769000000000233e+03
1.701000000000000156e+01 1.070298864000000094e+01 2.312577428000000054e+03 2.401769000000000233e+03
1.701500000000000057e+01 1.066928951999999953e+01 2.312858254000000215e+03 2.401769000000000233e+03
1.701999999999999957e+01 1.065225479999999969e+01 2.313000210000000152e+03 2.401769000000000233e+03
1.702499999999999858e+01 1.071446856000000025e+01 2.312481762000000344e+03 2.401769000000000233e+03
1.703000000000000114e+01 1.061818536000000002e+01 2.313284122000000025e+03 2.401769000000000233e+03
1.703500000000000014e+01 1.064669999999999916e+01 2.313046500000000378e+03 2.401769000000000233e+03
1.703999999999999915e+01 1.073150328000000009e+01 2.312339806000000408e+03 2.401769000000000233e+03
1.704500000000000171e+01 1.068039912000000058e+01 2.312765674000000217e+03 2.401769000000000233e+03
1.705000000000000071e+01 1.064669999999999916e+01 2.313046500000000378e+03 2.401769000000000233e+03
1.705499999999999972e+01 1.064669999999999916e+01 2.313046500000000378e+03 2.401769000000000233e+03
1.705999999999999872e+01 1.065780960000000022e+01 2.312953920000000380e+03 2.401769000000000233e+03
1.706500000000000128e+01 1.059559583999999965e+01 2.313472368000000188e+03 2.401769000000000233e+03
1.707000000000000028e+01 1.070298864000000094e+01 2.312577428000000054e+03 2.401769000000000233e+03
1.707499999999999929e+01 1.068039912000000058e+01 2.312765674000000217e+03 2.401769000000000233e+03
1.708000000000000185e+01 1.066928951999999953e+01 2.312858254000000215e+03 2.401769000000000233e+03
1.708500000000000085e+01 1.068039912000000058e+01 2.312765674000000217e+03 2.401769000000000233e+03
1.708999999999999986e+01 1.065225479999999969e+01 2.313000210000000152e+03 2.401769000000000233e+03
1.709499999999999886e+01 1.060152096000000022e+01 2.313422992000000249e+03 2.401769000000000233e+03
1.710000000000000142e+01 1.064669999999999916e+01 2.313046500000000378e+03 2.401769000000000233e+03
1.710500000000000043e+01 1.064077488000000038e+01 2.313095876000000317e+03 2.401769000000000233e+03
1.710999999999999943e+01 1.062966527999999933e+01 2.313188456000000315e+03 2.401769000000000233e+03
1.711500000000000199e+01 1.064077488000000038e+01 2.313095876000000317e+03 2.401769000000000233e+03
1.712000000000000099e+01 1.068039912000000058e+01 2.312765674000000217e+03 2.401769000000000233e+03
1.712500000000000000e+01 1.071446856000000025e+01 2.312481762000000344e+03 2.401769000000000233e+03
1.712999999999999901e+01 1.064077488000000038e+01 2.313095876000000317e+03 2.401769000000000233e+03
1.713500000000000156e+01 1.063522007999999985e+01 2.313142166000000088e+03 2.401769000000000233e+03
1.714000000000000057e+01 1.066928951999999953e+01 2.312858254000000215e+03 2.401769000000000233e+03
1.714499999999999957e+01 1.069743384000000042e+01 2.312623718000000281e+03 2.401769000000000233e+03
1.714999999999999858e+01 1.064669999999999916e+01 2.313046500000000378e+03 2.401769000000000233e+03
1.715500000000000114e+01 1.066928951999999953e+01 2.312858254000000215e+03 2.401769000000000233e+03
1.716000000000000014e+01 1.061263055999999949e+01 2.313330412000000251e+03 2.401769000000000233e+03
1.716499999999999915e+01 1.064669999999999916e+01 2.313046500000000378e+03 2.401769000000000233e+03
1.717000000000000171e+01 1.068039912000000058e+01 2.312765674000000217e+03 2.401769000000000233e+03
1.717500000000000071e+01 1.070298864000000094e+01 2.312577428000000054e+03 2.401769000000000233e+03
1.717999999999999972e+01 1.064077488000000038e+01 2.313095876000000317e+03 2.401769000000000233e+03
1.718499999999999872e+01 1.059559583999999965e+01 2.313472368000000188e+03 2.401769000000000233e+03
1.719000000000000128e+01 1.064077488000000038e+01 2.313095876000000317e+03 2.401769000000000233e+03
1.719500000000000028e+01 1.064077488000000038e+01 2.313095876000000317e+03 2.401769000000000233e+03
1.719999999999999929e+01 1.062966527999999933e+01 2.313188456000000315e+03 2.401769000000000233e+03
1.720500000000000185e+01 1.065225479999999969e+01 2.313000210000000152e+03 2.401769000000000233e+03
1.721000000000000085e+01 1.064077488000000038e+01 2.313095876000000317e+03 2.401769000000000233e+03
1.721499999999999986e+01 1.062411047999999880e+01 2.313234746000000086e+03 2.401769000000000233e+03
1.721999999999999886e+01 1.060707576000000074e+01 2.313376702000000023e+03 2.401769000000000233e+03
1.722500000000000142e+01 1.063522007999999985e+01 2.313142166000000088e+03 2.401769000000000233e+03
1.723000000000000043e+01 1.059559583999999965e+01 2.313472368000000188e+03 2.401769000000000233e+03
1.723499999999999943e+01 1.058448624000000038e+01 2.313564948000000186e+03 2.401769000000000233e+03
1.724000000000000199e+01 1.064077488000000038e+01 2.313095876000000317e+03 2.401769000000000233e+03
1.724500000000000099e+01 1.069187903999999989e+01 2.312670008000000053e+03 2.401769000000000233e+03
1.725000000000000000e+01 1.066928951999999953e+01 2.312858254000000215e+03 2.401769000000000233e+03
1.725499999999999901e+01 1.067484432000000005e+01 2.312811964000000444e+03 2.401769000000000233e+03
1.726000000000000156e+01 1.065780960000000022e+01 2.312953920000000380e+03 2.401769000000000233e+03
1.726500000000000057e+01 1.069187903999999989e+01 2.312670008000000053e+03 2.401769000000000233e+03
1.726999999999999957e+01 1.070854343999999969e+01 2.312531138000000283e+03 2.401769000000000233e+03
1.727499999999999858e+01 1.065225479999999969e+01 2.313000210000000152e+03 2.401769000000000233e+03
1.728000000000000114e+01 1.066928951999999953e+01 2.312858254000000215e+03 2.401769000000000233e+03
1.728500000000000014e+01 1.065780960000000022e+01 2.312953920000000380e+03 2.401769000000000233e+03
1.728999999999999915e+01 1.068039912000000058e+01 2.312765674000000217e+03 2.401769000000000233e+03
1.729500000000000171e+01 1.070854343999999969e+01 2.312531138000000283e+03 2.401769000000000233e+03
1.730000000000000071e+01 1.066928951999999953e+01 2.312858254000000215e+03 2.401769000000000233e+03
1.730499999999999972e+01 1.066336440000000074e+01 2.312907630000000154e+03 2.401769000000000233e+03
1.730999999999999872e+01 1.062411047999999880e+01 2.313234746000000086e+03 2.401769000000000233e+03
1.731500000000000128e+01 1.062411047999999880e+01 2.313234746000000086e+03 2.401769000000000233e+03
1.732000000000000028e+01 1.061818536000000002e+01 2.313284122000000025e+03 2.401769000000000233e+03
1.732499999999999929e+01 1.064077488000000038e+01 2.313095876000000317e+03 2.401769000000000233e+03
1.733000000000000185e+01 1.066928951999999953e+01 2.312858254000000215e+03 2.401769000000000233e+03
1.733500000000000085e+01 1.059004104000000090e+01 2.313518658000000414e+03 2.401769000000000233e+03
1.733999999999999986e+01 1.064077488000000038e+01 2.313095876000000317e+03 2.401769000000000233e+03
1.734499999999999886e+01 1.060152096000000022e+01 2.313422992000000249e+03 2.401769000000000233e+03
1.735000000000000142e+01 1.069187903999999989e+01 2.312670008000000053e+03 2.401769000000000233e+03
1.735500000000000043e+01 1.068595392000000110e+01 2.312719383999999991e+03 2.401769000000000233e+03
1.735999999999999943e+01 1.070298864000000094e+01 2.312577428000000054e+03 2.401769000000000233e+03
1.736500000000000199e+01 1.072557815999999953e+01 2.312389182000000346e+03 2.401769000000000233e+03
1.737000000000000099e+01 1.064077488000000038e+01 2.313095876000000317e+03 2.401769000000000233e+03
1.737500000000000000e+01 1.066336440000000074e+01 2.312907630000000154e+03 2.401769000000000233e+03
1.737999999999999901e+01 1.061263055999999949e+01 2.313330412000000251e+03 2.401769000000000233e+03
1.738500000000000156e+01 1.062966527999999933e+01 2.313188456000000315e+03 2.401769000000000233e+03
1.739000000000000057e+01 1.068595392000000110e+01 2.312719383999999991e+03 2.401769000000000233e+03
1.739499999999999957e+01 1.064669999999999916e+01 2.313046500000000378e+03 2.401769000000000233e+03
1.739999999999999858e+01 1.066336440000000074e+01 2.312907630000000154e+03 2.401769000000000233e+03
1.740500000000000114e+01 1.066336440000000074e+01 2.312907630000000154e+03 2.401769000000000233e+03
1.741000000000000014e+01 1.067484432000000005e+01 2.312811964000000444e+03 2.401769000000000233e+03
1.741499999999999915e+01 1.064669999999999916e+01 2.313046500000000378e+03 2.401769000000000233e+03
1.742000000000000171e+01 1.066928951999999953e+01 2.312858254000000215e+03 2.401769000000000233e+03
1.742500000000000071e+01 1.066928951999999953e+01 2.312858254000000215e+03 2.401769000000000233e+03
1.742999999999999972e+01 1.068039912000000058e+01 2.312765674000000217e+03 2.401769000000000233e+03
1.743499999999999872e+01 1.061818536000000002e+01 2.313284122000000025e+03 2.401769000000000233e+03
1.744000000000000128e+01 1.069743384000000042e+01 2.312623718000000281e+03 2.401769000000000233e+03
1.744500000000000028e+01 1.067484432000000005e+01 2.312811964000000444e+03 2.401769000000000233e+03
1.744999999999999929e+01 1.062966527999999933e+01 2.313188456000000315e+03 2.401769000000000233e+03
1.745500000000000185e+01 1.061263055999999949e+01 2.313330412000000251e+03 2.401769000000000233e+03
1.746000000000000085e+01 1.064669999999999916e+01 2.313046500000000378e+03 2.401769000000000233e+03
1.746499999999999986e+01 1.064077488000000038e+01 2.313095876000000317e+03 2.401769000000000233e+03
1.746999999999999886e+01 1.063522007999999985e+01 2.313142166000000088e+03 2.401769000000000233e+03
1.747500000000000142e+01 1.061818536000000002e+01 2.313284122000000025e+03 2.401769000000000233e+03
1.748000000000000043e+01 1.061818536000000002e+01 2.313284122000000025e+03 2.401769000000000233e+03
1.748499999999999943e+01 1.065780960000000022e+01 2.312953920000000380e+03 2.401769000000000233e+03
1.749000000000000199e+01 1.060152096000000022e+01 2.313422992000000249e+03 2.401769000000000233e+03
1.749500000000000099e+01 1.064669999999999916e+01 2.313046500000000378e+03 2.401769000000000233e+03
1.750000000000000000e+01 1.064669999999999916e+01 2.313046500000000378e+03 2.401769000000000233e+03
1.750499999999999901e+01 1.061818536000000002e+01 2.313284122000000025e+03 2.401769000000000233e+03
1.751000000000000156e+01 1.067484432000000005e+01 2.312811964000000444e+03 2.401769000000000233e+03
1.751500000000000057e+01 1.067484432000000005e+01 2.312811964000000444e+03 2.401769000000000233e+03
1.751999999999999957e+01 1.069187903999999989e+01 2.312670008000000053e+03 2.401769000000000233e+03
1.752499999999999858e+01 1.066336440000000074e+01 2.312907630000000154e+03 2.401769000000000233e+03
1.753000000000000114e+01 1.066336440000000074e+01 2.312907630000000154e+03 2.401769000000000233e+03
1.753500000000000014e+01 1.069743384000000042e+01 2.312623718000000281e+03 2.401769000000000233e+03
1.753999999999999915e+01 1.067484432000000005e+01 2.312811964000000444e+03 2.401769000000000233e+03
1.754500000000000171e+01 1.066336440000000074e+01 2.312907630000000154e+03 2.401769000000000233e+03
1.755000000000000071e+01 1.064669999999999916e+01 2.313046500000000378e+03 2.401769000000000233e+03
1.755499999999999972e+01 1.062411047999999880e+01 2.313234746000000086e+03 2.401769000000000233e+03
1.755999999999999872e+01 1.069187903999999989e+01 2.312670008000000053e+03 2.401769000000000233e+03
1.756500000000000128e+01 1.062966527999999933e+01 2.313188456000000315e+03 2.401769000000000233e+03
1.757000000000000028e+01 1.065780960000000022e+01 2.312953920000000380e+03 2.401769000000000233e+03
1.757499999999999929e+01 1.064669999999999916e+01 2.313046500000000378e+03 2.401769000000000233e+03
1.758000000000000185e+01 1.064077488000000038e+01 2.313095876000000317e+03 2.401769000000000233e+03
1.758500000000000085e+01 1.067484432000000005e+01 2.312811964000000444e+03 2.401769000000000233e+03
1.758999999999999986e+01 1.064077488000000038e+01 2.313095876000000317e+03 2.401769000000000233e+03
1.759499999999999886e+01 1.063522007999999985e+01 2.313142166000000088e+03 2.401769000000000233e+03
1.760000000000000142e+01 1.066928951999999953e+01 2.312858254000000215e+03 2.401769000000000233e+03
1.760500000000000043e+01 1.060707576000000074e+01 2.313376702000000023e+03 2.401769000000000233e+03
1.760999999999999943e+01 1.067484432000000005e+01 2.312811964000000444e+03 2.401769000000000233e+03
1.761500000000000199e+01 1.074261287999999936e+01 2.312247226000000410e+03 2.401769000000000233e+03
1.762000000000000099e+01 1.057856112000000159e+01 2.313614324000000124e+03 2.401769000000000233e+03
1.762500000000000000e+01 1.062411047999999880e+01 2.313234746000000086e+03 2.401769000000000233e+03
1.762999999999999901e+01 1.065780960000000022e+01 2.312953920000000380e+03 2.401769000000000233e+03
1.763500000000000156e+01 1.060707576000000074e+01 2.313376702000000023e+03 2.401769000000000233e+03
1.764000000000000057e+01 1.064077488000000038e+01 2.313095876000000317e+03 2.401769000000000233e+03
1.764499999999999957e+01 1.065225479999999969e+01 2.313000210000000152e+03 2.401769000000000233e+03
1.764999999999999858e+01 1.060707576000000074e+01 2.313376702000000023e+03 2.401769000000000233e+03
1.765500000000000114e+01 1.060707576000000074e+01 2.313376702000000023e+03 2.401769000000000233e+03
1.766000000000000014e+01 1.064077488000000038e+01 2.313095876000000317e+03 2.401769000000000233e+03
1.766499999999999915e+01 1.063522007999999985e+01 2.313142166000000088e+03 2.401769000000000233e+03
1.767000000000000171e+01 1.059559583999999965e+01 2.313472368000000188e+03 2.401769000000000233e+03
1.767500000000000071e+01 1.058448624000000038e+01 2.313564948000000186e+03 2.401769000000000233e+03
1.767999999999999972e+01 1.062411047999999880e+01 2.313234746000000086e+03 2.401769000000000233e+03
1.768499999999999872e+01 1.063522007999999985e+01 2.313142166000000088e+03 2.401769000000000233e+03
1.769000000000000128e+01 1.053338208000000087e+01 2.313990816000000450e+03 2.401769000000000233e+03
1.769500000000000028e+01 1.058448624000000038e+01 2.313564948000000186e+03 2.401769000000000233e+03
1.769999999999999929e+01 1.063522007999999985e+01 2.313142166000000088e+03 2.401769000000000233e+03
1.770500000000000185e+01 1.058448624000000038e+01 2.313564948000000186e+03 2.401769000000000233e+03
1.771000000000000085e+01 1.059004104000000090e+01 2.313518658000000414e+03 2.401769000000000233e+03
1.771499999999999986e+01 1.066928951999999953e+01 2.312858254000000215e+03 2.401769000000000233e+03
1.771999999999999886e+01 1.064669999999999916e+01 2.313046500000000378e+03 2.401769000000000233e+03
1.772500000000000142e+01 1.060707576000000074e+01 2.313376702000000023e+03 2.401769000000000233e+03
1.773000000000000043e+01 1.064669999999999916e+01 2.313046500000000378e+03 2.401769000000000233e+03
1.773499999999999943e+01 1.062411047999999880e+01 2.313234746000000086e+03 2.401769000000000233e+03
1.774000000000000199e+01 1.064077488000000038e+01 2.313095876000000317e+03 2.401769000000000233e+03
1.774500000000000099e+01 1.063522007999999985e+01 2.313142166000000088e+03 2.401769000000000233e+03
1.775000000000000000e+01 1.062966527999999933e+01 2.313188456000000315e+03 2.401769000000000233e+03
1.775499999999999901e+01 1.063522007999999985e+01 2.313142166000000088e+03 2.401769000000000233e+03
1.776000000000000156e+01 1.060152096000000022e+01 2.313422992000000249e+03 2.401769000000000233e+03
1.776500000000000057e+01 1.064077488000000038e+01 2.313095876000000317e+03 2.401769000000000233e+03
1.776999999999999957e+01 1.063522007999999985e+01 2.313142166000000088e+03 2.401769000000000233e+03
1.777499999999999858e+01 1.061263055999999949e+01 2.313330412000000251e+03 2.401769000000000233e+03
1.778000000000000114e+01 1.059004104000000090e+01 2.313518658000000414e+03 2.401769000000000233e+03
1.778500000000000014e+01 1.060152096000000022e+01 2.313422992000000249e+03 2.401769000000000233e+03
1.778999999999999915e+01 1.060152096000000022e+01 2.313422992000000249e+03 2.401769000000000233e+03
1.779500000000000171e+01 1.057856112000000159e+01 2.313614324000000124e+03 2.401769000000000233e+03
1.780000000000000071e+01 1.056745152000000054e+01 2.313706904000000122e+03 2.401769000000000233e+03
1.780499999999999972e+01 1.057300632000000107e+01 2.313660614000000351e+03 2.401769000000000233e+03
1.780999999999999872e+01 1.061263055999999949e+01 2.313330412000000251e+03 2.401769000000000233e+03
1.781500000000000128e+01 1.062411047999999880e+01 2.313234746000000086e+03 2.401769000000000233e+03
1.782000000000000028e+01 1.061263055999999949e+01 2.313330412000000251e+03 2.401769000000000233e+03
1.782499999999999929e+01 1.062966527999999933e+01 2.313188456000000315e+03 2.401769000000000233e+03
1.783000000000000185e+01 1.057300632000000107e+01 2.313660614000000351e+03 2.401769000000000233e+03
1.783500000000000085e+01 1.061263055999999949e+01 2.313330412000000251e+03 2.401769000000000233e+03
1.783999999999999986e+01 1.059559583999999965e+01 2.313472368000000188e+03 2.401769000000000233e+03
1.784499999999999886e+01 1.056745152000000054e+01 2.313706904000000122e+03 2.401769000000000233e+03
1.785000000000000142e+01 1.061818536000000002e+01 2.313284122000000025e+03 2.401769000000000233e+03
1.785500000000000043e+01 1.062411047999999880e+01 2.313234746000000086e+03 2.401769000000000233e+03
1.785999999999999943e+01 1.059004104000000090e+01 2.313518658000000414e+03 2.401769000000000233e+03
1.786500000000000199e+01 1.063522007999999985e+01 2.313142166000000088e+03 2.401769000000000233e+03
1.787000000000000099e+01 1.064077488000000038e+01 2.313095876000000317e+03 2.401769000000000233e+03
1.787500000000000000e+01 1.061263055999999949e+01 2.313330412000000251e+03 2.401769000000000233e+03
1.787999999999999901e+01 1.058448624000000038e+01 2.313564948000000186e+03 2.401769000000000233e+03
1.788500000000000156e+01 1.059004104000000090e+01 2.313518658000000414e+03 2.401769000000000233e+03
1.789000000000000057e+01 1.066336440000000074e+01 2.312907630000000154e+03 2.401769000000000233e+03
1.789499999999999957e+01 1.059004104000000090e+01 2.313518658000000414e+03 2.401769000000000233e+03
1.789999999999999858e+01 1.067484432000000005e+01 2.312811964000000444e+03 2.401769000000000233e+03
1.790500000000000114e+01 1.060152096000000022e+01 2.313422992000000249e+03 2.401769000000000233e+03
1.791000000000000014e+01 1.057300632000000107e+01 2.313660614000000351e+03 2.401769000000000233e+03
1.791499999999999915e+01 1.065780960000000022e+01 2.312953920000000380e+03 2.401769000000000233e+03
1.792000000000000171e+01 1.064669999999999916e+01 2.313046500000000378e+03 2.401769000000000233e+03
1.792500000000000071e+01 1.061818536000000002e+01 2.313284122000000025e+03 2.401769000000000233e+03
1.792999999999999972e+01 1.059004104000000090e+01 2.313518658000000414e+03 2.401769000000000233e+03
1.793499999999999872e+01 1.059559583999999965e+01 2.313472368000000188e+03 2.401769000000000233e+03
1.794000000000000128e+01 1.061263055999999949e+01 2.313330412000000251e+03 2.401769000000000233e+03
1.794500000000000028e+01 1.056745152000000054e+01 2.313706904000000122e+03 2.401769000000000233e+03
1.794999999999999929e+01 1.057300632000000107e+01 2.313660614000000351e+03 2.401769000000000233e+03
1.795500000000000185e+01 1.062411047999999880e+01 2.313234746000000086e+03 2.401769000000000233e+03
1.796000000000000085e+01 1.057300632000000107e+01 2.313660614000000351e+03 2.401769000000000233e+03
1.796499999999999986e+01 1.059559583999999965e+01 2.313472368000000188e+03 2.401769000000000233e+03
1.796999999999999886e+01 1.061263055999999949e+01 2.313330412000000251e+03 2.401769000000000233e+03
1.797500000000000142e+01 1.060152096000000022e+01 2.313422992000000249e+03 2.401769000000000233e+03
1.798000000000000043e+01 1.053930719999999965e+01 2.313941440000000057e+03 2.401769000000000233e+03
1.798499999999999943e+01 1.059004104000000090e+01 2.313518658000000414e+03 2.401769000000000233e+03
1.799000000000000199e+01 1.059004104000000090e+01 2.313518658000000414e+03 2.401769000000000233e+03
1.799500000000000099e+01 1.058448624000000038e+01 2.313564948000000186e+03 2.401769000000000233e+03
1.800000000000000000e+01 1.053930719999999965e+01 2.313941440000000057e+03 2.401769000000000233e+03
1.800499999999999901e+01 1.055597160000000123e+01 2.313802570000000287e+03 2.401769000000000233e+03
1.801000000000000156e+01 1.057856112000000159e+01 2.313614324000000124e+03 2.401769000000000233e+03
1.801500000000000057e+01 1.061818536000000002e+01 2.313284122000000025e+03 2.401769000000000233e+03
1.801999999999999957e+01 1.061818536000000002e+01 2.313284122000000025e+03 2.401769000000000233e+03
1.802499999999999858e+01 1.066336440000000074e+01 2.312907630000000154e+03 2.401769000000000233e+03
1.803000000000000114e+01 1.059004104000000090e+01 2.313518658000000414e+03 2.401769000000000233e+03
1.803500000000000014e+01 1.059004104000000090e+01 2.313518658000000414e+03 2.401769000000000233e+03
1.803999999999999915e+01 1.054486200000000018e+01 2.313895150000000285e+03 2.401769000000000233e+03
1.804500000000000171e+01 1.056745152000000054e+01 2.313706904000000122e+03 2.401769000000000233e+03
1.805000000000000071e+01 1.057300632000000107e+01 2.313660614000000351e+03 2.401769000000000233e+03
1.805499999999999972e+01 1.062966527999999933e+01 2.313188456000000315e+03 2.401769000000000233e+03
1.805999999999999872e+01 1.059004104000000090e+01 2.313518658000000414e+03 2.401769000000000233e+03
1.806500000000000128e+01 1.062966527999999933e+01 2.313188456000000315e+03 2.401769000000000233e+03
1.807000000000000028e+01 1.062411047999999880e+01 2.313234746000000086e+03 2.401769000000000233e+03
1.807499999999999929e+01 1.059004104000000090e+01 2.313518658000000414e+03 2.401769000000000233e+03
1.808000000000000185e+01 1.053930719999999965e+01 2.313941440000000057e+03 2.401769000000000233e+03
1.808500000000000085e+01 1.056745152000000054e+01 2.313706904000000122e+03 2.401769000000000233e+03
1.808999999999999986e+01 1.057300632000000107e+01 2.313660614000000351e+03 2.401769000000000233e+03
1.809499999999999886e+01 1.058448624000000038e+01 2.313564948000000186e+03 2.401769000000000233e+03
1.810000000000000142e+01 1.063522007999999985e+01 2.313142166000000088e+03 2.401769000000000233e+03
1.810500000000000043e+01 1.062411047999999880e+01 2.313234746000000086e+03 2.401769000000000233e+03
1.810999999999999943e+01 1.060152096000000022e+01 2.313422992000000249e+03 2.401769000000000233e+03
1.811500000000000199e+01 1.056189672000000002e+01 2.313753194000000349e+03 2.401769000000000233e+03
1.812000000000000099e+01 1.060707576000000074e+01 2.313376702000000023e+03 2.401769000000000233e+03
1.812500000000000000e+01 1.059004104000000090e+01 2.313518658000000414e+03 2.401769000000000233e+03
1.812999999999999901e+01 1.061818536000000002e+01 2.313284122000000025e+03 2.401769000000000233e+03
1.813500000000000156e+01 1.057856112000000159e+01 2.313614324000000124e+03 2.401769000000000233e+03
1.814000000000000057e+01 1.059004104000000090e+01 2.313518658000000414e+03 2.401769000000000233e+03
1.814499999999999957e+01 1.060707576000000074e+01 2.313376702000000023e+03 2.401769000000000233e+03
1.814999999999999858e+01 1.061263055999999949e+01 2.313330412000000251e+03 2.401769000000000233e+03
1.815500000000000114e+01 1.070298864000000094e+01 2.312577428000000054e+03 2.401769000000000233e+03
1.816000000000000014e+01 1.056189672000000002e+01 2.313753194000000349e+03 2.401769000000000233e+03
1.816499999999999915e+01 1.061263055999999949e+01 2.313330412000000251e+03 2.401769000000000233e+03
1.817000000000000171e+01 1.065780960000000022e+01 2.312953920000000380e+03 2.401769000000000233e+03
1.817500000000000071e+01 1.061263055999999949e+01 2.313330412000000251e+03 2.401769000000000233e+03
1.817999999999999972e+01 1.057300632000000107e+01 2.313660614000000351e+03 2.401769000000000233e+03
1.818499999999999872e+01 1.057856112000000159e+01 2.313614324000000124e+03 2.401769000000000233e+03
1.819000000000000128e+01 1.062411047999999880e+01 2.313234746000000086e+03 2.401769000000000233e+03
1.819500000000000028e+01 1.058448624000000038e+01 2.313564948000000186e+03 2.401769000000000233e+03
1.819999999999999929e+01 1.062411047999999880e+01 2.313234746000000086e+03 2.401769000000000233e+03
1.820500000000000185e+01 1.066928951999999953e+01 2.312858254000000215e+03 2.401769000000000233e+03
1.821000000000000085e+01 1.063522007999999985e+01 2.313142166000000088e+03 2.401769000000000233e+03
1.821499999999999986e+01 1.062966527999999933e+01 2.313188456000000315e+03 2.401769000000000233e+03
1.821999999999999886e+01 1.059559583999999965e+01 2.313472368000000188e+03 2.401769000000000233e+03
1.822500000000000142e+01 1.054486200000000018e+01 2.313895150000000285e+03 2.401769000000000233e+03
1.823000000000000043e+01 1.056745152000000054e+01 2.313706904000000122e+03 2.401769000000000233e+03
1.823499999999999943e+01 1.063522007999999985e+01 2.313142166000000088e+03 2.401769000000000233e+03
1.824000000000000199e+01 1.061263055999999949e+01 2.313330412000000251e+03 2.401769000000000233e+03
1.824500000000000099e+01 1.063522007999999985e+01 2.313142166000000088e+03 2.401769000000000233e+03
1.825000000000000000e+01 1.060152096000000022e+01 2.313422992000000249e+03 2.401769000000000233e+03
1.825499999999999901e+01 1.060707576000000074e+01 2.313376702000000023e+03 2.401769000000000233e+03
1.826000000000000156e+01 1.062966527999999933e+01 2.313188456000000315e+03 2.401769000000000233e+03
1.826500000000000057e+01 1.062966527999999933e+01 2.313188456000000315e+03 2.401769000000000233e+03
1.826999999999999957e+01 1.060152096000000022e+01 2.313422992000000249e+03 2.401769000000000233e+03
1.827499999999999858e+01 1.062966527999999933e+01 2.313188456000000315e+03 2.401769000000000233e+03
1.828000000000000114e+01 1.059559583999999965e+01 2.313472368000000188e+03 2.401769000000000233e+03
1.828500000000000014e+01 1.064669999999999916e+01 2.313046500000000378e+03 2.401769000000000233e+03
1.828999999999999915e+01 1.062966527999999933e+01 2.313188456000000315e+03 2.401769000000000233e+03
1.829500000000000171e+01 1.060152096000000022e+01 2.313422992000000249e+03 2.401769000000000233e+03
1.830000000000000071e+01 1.058448624000000038e+01 2.313564948000000186e+03 2.401769000000000233e+03
1.830499999999999972e+01 1.056745152000000054e+01 2.313706904000000122e+03 2.401769000000000233e+03
1.830999999999999872e+01 1.057300632000000107e+01 2.313660614000000351e+03 2.401769000000000233e+03
1.831500000000000128e+01 1.053338208000000087e+01 2.313990816000000450e+03 2.401769000000000233e+03
1.832000000000000028e+01 1.056189672000000002e+01 2.313753194000000349e+03 2.401769000000000233e+03
1.832499999999999929e+01 1.052227247999999982e+01 2.314083396000000448e+03 2.401769000000000233e+03
1.833000000000000185e+01 1.056189672000000002e+01 2.313753194000000349e+03 2.401769000000000233e+03
1.833500000000000085e+01 1.060707576000000074e+01 2.313376702000000023e+03 2.401769000000000233e+03
1.833999999999999986e+01 1.056745152000000054e+01 2.313706904000000122e+03 2.401769000000000233e+03
1.834499999999999886e+01 1.053338208000000087e+01 2.313990816000000450e+03 2.401769000000000233e+03
1.835000000000000142e+01 1.052782728000000034e+01 2.314037106000000222e+03 2.401769000000000233e+03
1.835500000000000043e+01 1.059559583999999965e+01 2.313472368000000188e+03 2.401769000000000233e+03
1.835999999999999943e+01 1.053930719999999965e+01 2.313941440000000057e+03 2.401769000000000233e+03
1.836500000000000199e+01 1.060152096000000022e+01 2.313422992000000249e+03 2.401769000000000233e+03
1.837000000000000099e+01 1.062966527999999933e+01 2.313188456000000315e+03 2.401769000000000233e+03
1.837500000000000000e+01 1.062966527999999933e+01 2.313188456000000315e+03 2.401769000000000233e+03
1.837999999999999901e+01 1.062411047999999880e+01 2.313234746000000086e+03 2.401769000000000233e+03
1.838500000000000156e+01 1.065780960000000022e+01 2.312953920000000380e+03 2.401769000000000233e+03
1.839000000000000057e+01 1.064669999999999916e+01 2.313046500000000378e+03 2.401769000000000233e+03
1.839499999999999957e+01 1.063522007999999985e+01 2.313142166000000088e+03 2.401769000000000233e+03
1.839999999999999858e+01 1.059559583999999965e+01 2.313472368000000188e+03 2.401769000000000233e+03
1.840500000000000114e+01 1.063522007999999985e+01 2.313142166000000088e+03 2.401769000000000233e+03
1.841000000000000014e+01 1.055597160000000123e+01 2.313802570000000287e+03 2.401769000000000233e+03
1.841499999999999915e+01 1.057856112000000159e+01 2.313614324000000124e+03 2.401769000000000233e+03
1.842000000000000171e+01 1.051671767999999929e+01 2.314129686000000220e+03 2.401769000000000233e+03
1.842500000000000071e+01 1.057300632000000107e+01 2.313660614000000351e+03 2.401769000000000233e+03
1.842999999999999972e+01 1.057300632000000107e+01 2.313660614000000351e+03 2.401769000000000233e+03
1.843499999999999872e+01 1.061263055999999949e+01 2.313330412000000251e+03 2.401769000000000233e+03
1.844000000000000128e+01 1.055597160000000123e+01 2.313802570000000287e+03 2.401769000000000233e+03
1.844500000000000028e+01 1.052782728000000034e+01 2.314037106000000222e+03 2.401769000000000233e+03
1.844999999999999929e+01 1.055597160000000123e+01 2.313802570000000287e+03 2.401769000000000233e+03
1.845500000000000185e+01 1.059559583999999965e+01 2.313472368000000188e+03 2.401769000000000233e+03
1.846000000000000085e+01 1.057856112000000159e+01 2.313614324000000124e+03 2.401769000000000233e+03
1.846499999999999986e+01 1.051079256000000051e+01 2.314179062000000158e+03 2.401769000000000233e+03
1.846999999999999886e+01 1.062966527999999933e+01 2.313188456000000315e+03 2.401769000000000233e+03
1.847500000000000142e+01 1.059004104000000090e+01 2.313518658000000414e+03 2.401769000000000233e+03
1.848000000000000043e+01 1.057856112000000159e+01 2.313614324000000124e+03 2.401769000000000233e+03
1.848499999999999943e+01 1.053930719999999965e+01 2.313941440000000057e+03 2.401769000000000233e+03
1.849000000000000199e+01 1.059004104000000090e+01 2.313518658000000414e+03 2.401769000000000233e+03
1.849500000000000099e+01 1.056189672000000002e+01 2.313753194000000349e+03 2.401769000000000233e+03
1.850000000000000000e+01 1.057300632000000107e+01 2.313660614000000351e+03 2.401769000000000233e+03
1.850499999999999901e+01 1.061818536000000002e+01 2.313284122000000025e+03 2.401769000000000233e+03
1.851000000000000156e+01 1.053338208000000087e+01 2.313990816000000450e+03 2.401769000000000233e+03
1.851500000000000057e+01 1.056189672000000002e+01 2.313753194000000349e+03 2.401769000000000233e+03
1.851999999999999957e+01 1.062966527999999933e+01 2.313188456000000315e+03 2.401769000000000233e+03
1.852499999999999858e+01 1.057856112000000159e+01 2.313614324000000124e+03 2.401769000000000233e+03
1.853000000000000114e+01 1.057856112000000159e+01 2.313614324000000124e+03 2.401769000000000233e+03
1.853500000000000014e+01 1.058448624000000038e+01 2.313564948000000186e+03 2.401769000000000233e+03
1.853999999999999915e+01 1.059559583999999965e+01 2.313472368000000188e+03 2.401769000000000233e+03
1.854500000000000171e+01 1.052227247999999982e+01 2.314083396000000448e+03 2.401769000000000233e+03
1.855000000000000071e+01 1.059559583999999965e+01 2.313472368000000188e+03 2.401769000000000233e+03
1.855499999999999972e+01 1.053930719999999965e+01 2.313941440000000057e+03 2.401769000000000233e+03
1.855999999999999872e+01 1.054486200000000018e+01 2.313895150000000285e+03 2.401769000000000233e+03
1.856500000000000128e+01 1.052782728000000034e+01 2.314037106000000222e+03 2.401769000000000233e+03
1.857000000000000028e+01 1.051671767999999929e+01 2.314129686000000220e+03 2.401769000000000233e+03
1.857499999999999929e+01 1.052227247999999982e+01 2.314083396000000448e+03 2.401769000000000233e+03
1.858000000000000185e+01 1.057300632000000107e+01 2.313660614000000351e+03 2.401769000000000233e+03
1.858500000000000085e+01 1.056189672000000002e+01 2.313753194000000349e+03 2.401769000000000233e+03
1.858999999999999986e+01 1.056189672000000002e+01 2.313753194000000349e+03 2.401769000000000233e+03
1.859499999999999886e+01 1.056189672000000002e+01 2.313753194000000349e+03 2.401769000000000233e+03
1.860000000000000142e+01 1.055041680000000071e+01 2.313848860000000059e+03 2.401769000000000233e+03
1.860500000000000043e+01 1.056189672000000002e+01 2.313753194000000349e+03 2.401769000000000233e+03
1.860999999999999943e+01 1.056745152000000054e+01 2.313706904000000122e+03 2.401769000000000233e+03
1.861500000000000199e+01 1.054486200000000018e+01 2.313895150000000285e+03 2.401769000000000233e+03
1.862000000000000099e+01 1.055041680000000071e+01 2.313848860000000059e+03 2.401769000000000233e+03
1.862500000000000000e+01 1.053338208000000087e+01 2.313990816000000450e+03 2.401769000000000233e+03
1.862999999999999901e+01 1.053930719999999965e+01 2.313941440000000057e+03 2.401769000000000233e+03
1.863500000000000156e+01 1.055041680000000071e+01 2.313848860000000059e+03 2.401769000000000233e+03
1.864000000000000057e+01 1.054486200000000018e+01 2.313895150000000285e+03 2.401769000000000233e+03
1.864499999999999957e+01 1.053930719999999965e+01 2.313941440000000057e+03 2.401769000000000233e+03
1.864999999999999858e+01 1.056189672000000002e+01 2.313753194000000349e+03 2.401769000000000233e+03
1.865500000000000114e+01 1.056189672000000002e+01 2.313753194000000349e+03 2.401769000000000233e+03
1.866000000000000014e+01 1.046561352000000156e+01 2.314555554000000029e+03 2.401769000000000233e+03
1.866499999999999915e+01 1.054486200000000018e+01 2.313895150000000285e+03 2.401769000000000233e+03
1.867000000000000171e+01 1.057856112000000159e+01 2.313614324000000124e+03 2.401769000000000233e+03
1.867500000000000071e+01 1.055597160000000123e+01 2.313802570000000287e+03 2.401769000000000233e+03
1.867999999999999972e+01 1.054486200000000018e+01 2.313895150000000285e+03 2.401769000000000233e+03
1.868499999999999872e+01 1.055041680000000071e+01 2.313848860000000059e+03 2.401769000000000233e+03
1.869000000000000128e+01 1.060707576000000074e+01 2.313376702000000023e+03 2.401769000000000233e+03
1.869500000000000028e+01 1.059004104000000090e+01 2.313518658000000414e+03 2.401769000000000233e+03
1.869999999999999929e+01 1.052227247999999982e+01 2.314083396000000448e+03 2.401769000000000233e+03
1.870500000000000185e+01 1.057856112000000159e+01 2.313614324000000124e+03 2.401769000000000233e+03
1.871000000000000085e+01 1.056189672000000002e+01 2.313753194000000349e+03 2.401769000000000233e+03
1.871499999999999986e+01 1.049412816000000070e+01 2.314317932000000383e+03 2.401769000000000233e+03
1.871999999999999886e+01 1.059004104000000090e+01 2.313518658000000414e+03 2.401769000000000233e+03
1.872500000000000142e+01 1.050523775999999998e+01 2.314225352000000385e+03 2.401769000000000233e+03
1.873000000000000043e+01 1.051079256000000051e+01 2.314179062000000158e+03 2.401769000000000233e+03
1.873499999999999943e+01 1.052782728000000034e+01 2.314037106000000222e+03 2.401769000000000233e+03
1.874000000000000199e+01 1.059559583999999965e+01 2.313472368000000188e+03 2.401769000000000233e+03
1.874500000000000099e+01 1.053930719999999965e+01 2.313941440000000057e+03 2.401769000000000233e+03
1.875000000000000000e+01 1.051079256000000051e+01 2.314179062000000158e+03 2.401769000000000233e+03
1.875499999999999901e+01 1.053930719999999965e+01 2.313941440000000057e+03 2.401769000000000233e+03
1.876000000000000156e+01 1.053930719999999965e+01 2.313941440000000057e+03 2.401769000000000233e+03
1.876500000000000057e+01 1.046561352000000156e+01 2.314555554000000029e+03 2.401769000000000233e+03
1.876999999999999957e+01 1.052227247999999982e+01 2.314083396000000448e+03 2.401769000000000233e+03
1.877499999999999858e+01 1.053930719999999965e+01 2.313941440000000057e+03 2.401769000000000233e+03
1.878000000000000114e+01 1.046561352000000156e+01 2.314555554000000029e+03 2.401769000000000233e+03
1.878500000000000014e+01 1.049968295999999945e+01 2.314271642000000156e+03 2.401769000000000233e+03
1.878999999999999915e+01 1.052227247999999982e+01 2.314083396000000448e+03 2.401769000000000233e+03
1.879500000000000171e+01 1.051079256000000051e+01 2.314179062000000158e+03 2.401769000000000233e+03
1.880000000000000071e+01 1.050523775999999998e+01 2.314225352000000385e+03 2.401769000000000233e+03
1.880499999999999972e+01 1.049968295999999945e+01 2.314271642000000156e+03 2.401769000000000233e+03
1.880999999999999872e+01 1.049412816000000070e+01 2.314317932000000383e+03 2.401769000000000233e+03
1.881500000000000128e+01 1.049968295999999945e+01 2.314271642000000156e+03 2.401769000000000233e+03
1.882000000000000028e+01 1.048264823999999962e+01 2.314413598000000093e+03 2.401769000000000233e+03
1.882499999999999929e+01 1.046561352000000156e+01 2.314555554000000029e+03 2.401769000000000233e+03
1.883000000000000185e+01 1.049412816000000070e+01 2.314317932000000383e+03 2.401769000000000233e+03
1.883500000000000085e+01 1.048264823999999962e+01 2.314413598000000093e+03 2.401769000000000233e+03
1.883999999999999986e+01 1.050523775999999998e+01 2.314225352000000385e+03 2.401769000000000233e+03
1.884499999999999886e+01 1.049412816000000070e+01 2.314317932000000383e+03 2.401769000000000233e+03
1.885000000000000142e+01 1.047153864000000034e+01 2.314506178000000091e+03 2.401769000000000233e+03
1.885500000000000043e+01 1.049412816000000070e+01 2.314317932000000383e+03 2.401769000000000233e+03
1.885999999999999943e+01 1.044894911999999998e+01 2.314694424000000254e+03 2.401769000000000233e+03
1.886500000000000199e+01 1.048820304000000014e+01 2.314367308000000321e+03 2.401769000000000233e+03
1.887000000000000099e+01 1.044894911999999998e+01 2.314694424000000254e+03 2.401769000000000233e+03
1.887500000000000000e+01 1.044302400000000119e+01 2.314743800000000192e+03 2.401769000000000233e+03
1.887999999999999901e+01 1.043746920000000067e+01 2.314790090000000419e+03 2.401769000000000233e+03
1.888500000000000156e+01 1.043191440000000014e+01 2.314836380000000190e+03 2.401769000000000233e+03
1.889000000000000057e+01 1.043191440000000014e+01 2.314836380000000190e+03 2.401769000000000233e+03
1.889499999999999957e+01 1.043746920000000067e+01 2.314790090000000419e+03 2.401769000000000233e+03
1.889999999999999858e+01 1.046561352000000156e+01 2.314555554000000029e+03 2.401769000000000233e+03
1.890500000000000114e+01 1.049968295999999945e+01 2.314271642000000156e+03 2.401769000000000233e+03
1.891000000000000014e+01 1.044894911999999998e+01 2.314694424000000254e+03 2.401769000000000233e+03
1.891499999999999915e+01 1.046005872000000103e+01 2.314601844000000256e+03 2.401769000000000233e+03
1.892000000000000171e+01 1.053930719999999965e+01 2.313941440000000057e+03 2.401769000000000233e+03
1.892500000000000071e+01 1.045450392000000051e+01 2.314648134000000027e+03 2.401769000000000233e+03
1.892999999999999972e+01 1.044302400000000119e+01 2.314743800000000192e+03 2.401769000000000233e+03
1.893499999999999872e+01 1.044894911999999998e+01 2.314694424000000254e+03 2.401769000000000233e+03
1.894000000000000128e+01 1.047153864000000034e+01 2.314506178000000091e+03 2.401769000000000233e+03
1.894500000000000028e+01 1.044894911999999998e+01 2.314694424000000254e+03 2.401769000000000233e+03
1.894999999999999929e+01 1.041487968000000031e+01 2.314978336000000127e+03 2.401769000000000233e+03
1.895500000000000185e+01 1.045450392000000051e+01 2.314648134000000027e+03 2.401769000000000233e+03
1.896000000000000085e+01 1.047709344000000087e+01 2.314459888000000319e+03 2.401769000000000233e+03
1.896499999999999986e+01 1.048264823999999962e+01 2.314413598000000093e+03 2.401769000000000233e+03
1.896999999999999886e+01 1.048820304000000014e+01 2.314367308000000321e+03 2.401769000000000233e+03
1.897500000000000142e+01 1.048264823999999962e+01 2.314413598000000093e+03 2.401769000000000233e+03
1.898000000000000043e+01 1.043746920000000067e+01 2.314790090000000419e+03 2.401769000000000233e+03
1.898499999999999943e+01 1.048264823999999962e+01 2.314413598000000093e+03 2.401769000000000233e+03
1.899000000000000199e+01 1.047709344000000087e+01 2.314459888000000319e+03 2.401769000000000233e+03
1.899500000000000099e+01 1.042598928000000136e+01 2.314885756000000129e+03 2.401769000000000233e+03
1.900000000000000000e+01 1.044302400000000119e+01 2.314743800000000192e+03 2.401769000000000233e+03
1.900499999999999901e+01 1.049412816000000070e+01 2.314317932000000383e+03 2.401769000000000233e+03
1.901000000000000156e+01 1.050523775999999998e+01 2.314225352000000385e+03 2.401769000000000233e+03
1.901500000000000057e+01 1.046561352000000156e+01 2.314555554000000029e+03 2.401769000000000233e+03
1.901999999999999957e+01 1.048820304000000014e+01 2.314367308000000321e+03 2.401769000000000233e+03
1.902499999999999858e+01 1.047153864000000034e+01 2.314506178000000091e+03 2.401769000000000233e+03
1.903000000000000114e+01 1.040932487999999978e+01 2.315024626000000353e+03 2.401769000000000233e+03
1.903500000000000014e+01 1.046005872000000103e+01 2.314601844000000256e+03 2.401769000000000233e+03
1.903999999999999915e+01 1.048264823999999962e+01 2.314413598000000093e+03 2.401769000000000233e+03
1.904500000000000171e+01 1.047709344000000087e+01 2.314459888000000319e+03 2.401769000000000233e+03
1.905000000000000071e+01 1.045450392000000051e+01 2.314648134000000027e+03 2.401769000000000233e+03
1.905499999999999972e+01 1.047709344000000087e+01 2.314459888000000319e+03 2.401769000000000233e+03
1.905999999999999872e+01 1.048820304000000014e+01 2.314367308000000321e+03 2.401769000000000233e+03
1.906500000000000128e+01 1.045450392000000051e+01 2.314648134000000027e+03 2.401769000000000233e+03
1.907000000000000028e+01 1.039784496000000047e+01 2.315120292000000063e+03 2.401769000000000233e+03
1.907499999999999929e+01 1.045450392000000051e+01 2.314648134000000027e+03 2.401769000000000233e+03
1.908000000000000185e+01 1.045450392000000051e+01 2.314648134000000027e+03 2.401769000000000233e+03
1.908500000000000085e+01 1.050523775999999998e+01 2.314225352000000385e+03 2.401769000000000233e+03
1.908999999999999986e+01 1.045450392000000051e+01 2.314648134000000027e+03 2.401769000000000233e+03
1.909499999999999886e+01 1.047709344000000087e+01 2.314459888000000319e+03 2.401769000000000233e+03
1.910000000000000142e+01 1.043746920000000067e+01 2.314790090000000419e+03 2.401769000000000233e+03
1.910500000000000043e+01 1.047709344000000087e+01 2.314459888000000319e+03 2.401769000000000233e+03
1.910999999999999943e+01 1.048264823999999962e+01 2.314413598000000093e+03 2.401769000000000233e+03
1.911500000000000199e+01 1.046005872000000103e+01 2.314601844000000256e+03 2.401769000000000233e+03
1.912000000000000099e+01 1.050523775999999998e+01 2.314225352000000385e+03 2.401769000000000233e+03
1.912500000000000000e+01 1.050523775999999998e+01 2.314225352000000385e+03 2.401769000000000233e+03
1.912999999999999901e+01 1.042598928000000136e+01 2.314885756000000129e+03 2.401769000000000233e+03
1.913500000000000156e+01 1.043191440000000014e+01 2.314836380000000190e+03 2.401769000000000233e+03
1.914000000000000057e+01 1.047153864000000034e+01 2.314506178000000091e+03 2.401769000000000233e+03
1.914499999999999957e+01 1.042598928000000136e+01 2.314885756000000129e+03 2.401769000000000233e+03
1.914999999999999858e+01 1.046005872000000103e+01 2.314601844000000256e+03 2.401769000000000233e+03
1.915500000000000114e+01 1.053338208000000087e+01 2.313990816000000450e+03 2.401769000000000233e+03
1.916000000000000014e+01 1.053338208000000087e+01 2.313990816000000450e+03 2.401769000000000233e+03
1.916499999999999915e+01 1.053930719999999965e+01 2.313941440000000057e+03 2.401769000000000233e+03
1.917000000000000171e+01 1.053930719999999965e+01 2.313941440000000057e+03 2.401769000000000233e+03
1.917500000000000071e+01 1.047153864000000034e+01 2.314506178000000091e+03 2.401769000000000233e+03
1.917999999999999972e+01 1.046561352000000156e+01 2.314555554000000029e+03 2.401769000000000233e+03
1.918499999999999872e+01 1.046005872000000103e+01 2.314601844000000256e+03 2.401769000000000233e+03
1.919000000000000128e+01 1.044302400000000119e+01 2.314743800000000192e+03 2.401769000000000233e+03
1.919500000000000028e+01 1.047153864000000034e+01 2.314506178000000091e+03 2.401769000000000233e+03
1.919999999999999929e+01 1.046005872000000103e+01 2.314601844000000256e+03 2.401769000000000233e+03
1.920500000000000185e+01 1.047709344000000087e+01 2.314459888000000319e+03 2.401769000000000233e+03
1.921000000000000085e+01 1.044894911999999998e+01 2.314694424000000254e+03 2.401769000000000233e+03
1.921499999999999986e+01 1.046561352000000156e+01 2.314555554000000029e+03 2.401769000000000233e+03
1.921999999999999886e+01 1.044302400000000119e+01 2.314743800000000192e+03 2.401769000000000233e+03
1.922500000000000142e+01 1.046561352000000156e+01 2.314555554000000029e+03 2.401769000000000233e+03
1.923000000000000043e+01 1.049412816000000070e+01 2.314317932000000383e+03 2.401769000000000233e+03
1.923499999999999943e+01 1.047153864000000034e+01 2.314506178000000091e+03 2.401769000000000233e+03
1.924000000000000199e+01 1.051671767999999929e+01 2.314129686000000220e+03 2.401769000000000233e+03
1.924500000000000099e+01 1.047709344000000087e+01 2.314459888000000319e+03 2.401769000000000233e+03
1.925000000000000000e+01 1.044894911999999998e+01 2.314694424000000254e+03 2.401769000000000233e+03
1.925499999999999901e+01 1.048820304000000014e+01 2.314367308000000321e+03 2.401769000000000233e+03
1.926000000000000156e+01 1.043746920000000067e+01 2.314790090000000419e+03 2.401769000000000233e+03
1.926500000000000057e+01 1.044302400000000119e+01 2.314743800000000192e+03 2.401769000000000233e+03
1.926999999999999957e+01 1.048264823999999962e+01 2.314413598000000093e+03 2.401769000000000233e+03
1.927499999999999858e+01 1.047709344000000087e+01 2.314459888000000319e+03 2.401769000000000233e+03
1.928000000000000114e+01 1.047709344000000087e+01 2.314459888000000319e+03 2.401769000000000233e+03
1.928500000000000014e+01 1.043746920000000067e+01 2.314790090000000419e+03 2.401769000000000233e+03
1.928999999999999915e+01 1.042043448000000083e+01 2.314932046000000355e+03 2.401769000000000233e+03
1.929500000000000171e+01 1.048820304000000014e+01 2.314367308000000321e+03 2.401769000000000233e+03
1.930000000000000071e+01 1.052227247999999982e+01 2.314083396000000448e+03 2.401769000000000233e+03
1.930499999999999972e+01 1.052227247999999982e+01 2.314083396000000448e+03 2.401769000000000233e+03
1.930999999999999872e+01 1.051079256000000051e+01 2.314179062000000158e+03 2.401769000000000233e+03
1.931500000000000128e+01 1.048820304000000014e+01 2.314367308000000321e+03 2.401769000000000233e+03
1.932000000000000028e+01 1.048820304000000014e+01 2.314367308000000321e+03 2.401769000000000233e+03
1.932499999999999929e+01 1.048820304000000014e+01 2.314367308000000321e+03 2.401769000000000233e+03
1.933000000000000185e+01 1.054486200000000018e+01 2.313895150000000285e+03 2.401769000000000233e+03
1.933500000000000085e+01 1.045450392000000051e+01 2.314648134000000027e+03 2.401769000000000233e+03
1.933999999999999986e+01 1.050523775999999998e+01 2.314225352000000385e+03 2.401769000000000233e+03
1.934499999999999886e+01 1.048820304000000014e+01 2.314367308000000321e+03 2.401769000000000233e+03
1.935000000000000142e+01 1.048264823999999962e+01 2.314413598000000093e+03 2.401769000000000233e+03
1.935500000000000043e+01 1.053930719999999965e+01 2.313941440000000057e+03 2.401769000000000233e+03
1.935999999999999943e+01 1.048264823999999962e+01 2.314413598000000093e+03 2.401769000000000233e+03
1.936500000000000199e+01 1.051671767999999929e+01 2.314129686000000220e+03 2.401769000000000233e+03
1.937000000000000099e+01 1.051079256000000051e+01 2.314179062000000158e+03 2.401769000000000233e+03
1.937500000000000000e+01 1.049968295999999945e+01 2.314271642000000156e+03 2.401769000000000233e+03
1.937999999999999901e+01 1.052227247999999982e+01 2.314083396000000448e+03 2.401769000000000233e+03
1.938500000000000156e+01 1.051079256000000051e+01 2.314179062000000158e+03 2.401769000000000233e+03
1.939000000000000057e+01 1.053338208000000087e+01 2.313990816000000450e+03 2.401769000000000233e+03
1.939499999999999957e+01 1.056189672000000002e+01 2.313753194000000349e+03 2.401769000000000233e+03
1.939999999999999858e+01 1.052782728000000034e+01 2.314037106000000222e+03 2.401769000000000233e+03
1.940500000000000114e+01 1.044894911999999998e+01 2.314694424000000254e+03 2.401769000000000233e+03
1.941000000000000014e+01 1.044302400000000119e+01 2.314743800000000192e+03 2.401769000000000233e+03
1.941499999999999915e+01 1.048820304000000014e+01 2.314367308000000321e+03 2.401769000000000233e+03
1.942000000000000171e+01 1.049968295999999945e+01 2.314271642000000156e+03 2.401769000000000233e+03
1.942500000000000071e+01 1.049968295999999945e+01 2.314271642000000156e+03 2.401769000000000233e+03
1.942999999999999972e+01 1.052227247999999982e+01 2.314083396000000448e+03 2.401769000000000233e+03
1.943499999999999872e+01 1.051079256000000051e+01 2.314179062000000158e+03 2.401769000000000233e+03
1.944000000000000128e+01 1.048820304000000014e+01 2.314367308000000321e+03 2.401769000000000233e+03
1.944500000000000028e+01 1.048820304000000014e+01 2.314367308000000321e+03 2.401769000000000233e+03
1.944999999999999929e+01 1.046561352000000156e+01 2.314555554000000029e+03 2.401769000000000233e+03
1.945500000000000185e+01 1.047153864000000034e+01 2.314506178000000091e+03 2.401769000000000233e+03
1.946000000000000085e+01 1.048264823999999962e+01 2.314413598000000093e+03 2.401769000000000233e+03
1.946499999999999986e+01 1.054486200000000018e+01 2.313895150000000285e+03 2.401769000000000233e+03
1.946999999999999886e+01 1.059559583999999965e+01 2.313472368000000188e+03 2.401769000000000233e+03
1.947500000000000142e+01 1.056189672000000002e+01 2.313753194000000349e+03 2.401769000000000233e+03
1.948000000000000043e+01 1.052782728000000034e+01 2.314037106000000222e+03 2.401769000000000233e+03
1.948499999999999943e+01 1.049412816000000070e+01 2.314317932000000383e+03 2.401769000000000233e+03
1.949000000000000199e+01 1.046005872000000103e+01 2.314601844000000256e+03 2.401769000000000233e+03
1.949500000000000099e+01 1.053338208000000087e+01 2.313990816000000450e+03 2.401769000000000233e+03
1.950000000000000000e+01 1.049968295999999945e+01 2.314271642000000156e+03 2.401769000000000233e+03
1.950499999999999901e+01 1.044894911999999998e+01 2.314694424000000254e+03 2.401769000000000233e+03
1.951000000000000156e+01 1.047153864000000034e+01 2.314506178000000091e+03 2.401769000000000233e+03
1.951500000000000057e+01 1.049968295999999945e+01 2.314271642000000156e+03 2.401769000000000233e+03
1.951999999999999957e+01 1.049412816000000070e+01 2.314317932000000383e+03 2.401769000000000233e+03
1.952499999999999858e+01 1.050523775999999998e+01 2.314225352000000385e+03 2.401769000000000233e+03
1.953000000000000114e+01 1.046005872000000103e+01 2.314601844000000256e+03 2.401769000000000233e+03
1.953500000000000014e+01 1.045450392000000051e+01 2.314648134000000027e+03 2.401769000000000233e+03
1.953999999999999915e+01 1.051079256000000051e+01 2.314179062000000158e+03 2.401769000000000233e+03
1.954500000000000171e+01 1.049968295999999945e+01 2.314271642000000156e+03 2.401769000000000233e+03
1.955000000000000071e+01 1.049412816000000070e+01 2.314317932000000383e+03 2.401769000000000233e+03
1.955499999999999972e+01 1.055041680000000071e+01 2.313848860000000059e+03 2.401769000000000233e+03
1.955999999999999872e+01 1.051079256000000051e+01 2.314179062000000158e+03 2.401769000000000233e+03
1.956500000000000128e+01 1.046561352000000156e+01 2.314555554000000029e+03 2.401769000000000233e+03
1.957000000000000028e+01 1.052227247999999982e+01 2.314083396000000448e+03 2.401769000000000233e+03
1.957499999999999929e+01 1.048820304000000014e+01 2.314367308000000321e+03 2.401769000000000233e+03
1.958000000000000185e+01 1.051671767999999929e+01 2.314129686000000220e+03 2.401769000000000233e+03
1.958500000000000085e+01 1.051671767999999929e+01 2.314129686000000220e+03 2.401769000000000233e+03
1.958999999999999986e+01 1.047709344000000087e+01 2.314459888000000319e+03 2.401769000000000233e+03
1.959499999999999886e+01 1.044894911999999998e+01 2.314694424000000254e+03 2.401769000000000233e+03
1.960000000000000142e+01 1.045450392000000051e+01 2.314648134000000027e+03 2.401769000000000233e+03
1.960500000000000043e+01 1.048820304000000014e+01 2.314367308000000321e+03 2.401769000000000233e+03
1.960999999999999943e+01 1.048820304000000014e+01 2.314367308000000321e+03 2.401769000000000233e+03
1.961500000000000199e+01 1.046561352000000156e+01 2.314555554000000029e+03 2.401769000000000233e+03
1.962000000000000099e+01 1.046561352000000156e+01 2.314555554000000029e+03 2.401769000000000233e+03
1.962500000000000000e+01 1.056189672000000002e+01 2.313753194000000349e+03 2.401769000000000233e+03
1.962999999999999901e+01 1.044894911999999998e+01 2.314694424000000254e+03 2.401769000000000233e+03
1.963500000000000156e+01 1.049968295999999945e+01 2.314271642000000156e+03 2.401769000000000233e+03
1.964000000000000057e+01 1.047153864000000034e+01 2.314506178000000091e+03 2.401769000000000233e+03
1.964499999999999957e+01 1.049412816000000070e+01 2.314317932000000383e+03 2.401769000000000233e+03
1.964999999999999858e+01 1.049968295999999945e+01 2.314271642000000156e+03 2.401769000000000233e+03
1.965500000000000114e+01 1.047709344000000087e+01 2.314459888000000319e+03 2.401769000000000233e+03
1.966000000000000014e+01 1.047709344000000087e+01 2.314459888000000319e+03 2.401769000000000233e+03
1.966499999999999915e+01 1.048264823999999962e+01 2.314413598000000093e+03 2.401769000000000233e+03
1.967000000000000171e+01 1.043191440000000014e+01 2.314836380000000190e+03 2.401769000000000233e+03
1.967500000000000071e+01 1.046561352000000156e+01 2.314555554000000029e+03 2.401769000000000233e+03
1.967999999999999972e+01 1.049968295999999945e+01 2.314271642000000156e+03 2.401769000000000233e+03
1.968499999999999872e+01 1.043191440000000014e+01 2.314836380000000190e+03 2.401769000000000233e+03
1.969000000000000128e+01 1.049412816000000070e+01 2.314317932000000383e+03 2.401769000000000233e+03
1.969500000000000028e+01 1.049412816000000070e+01 2.314317932000000383e+03 2.401769000000000233e+03
1.969999999999999929e+01 1.052227247999999982e+01 2.314083396000000448e+03 2.401769000000000233e+03
1.970500000000000185e+01 1.051079256000000051e+01 2.314179062000000158e+03 2.401769000000000233e+03
1.971000000000000085e+01 1.048264823999999962e+01 2.314413598000000093e+03 2.401769000000000233e+03
1.971499999999999986e+01 1.048820304000000014e+01 2.314367308000000321e+03 2.401769000000000233e+03
1.971999999999999886e+01 1.055041680000000071e+01 2.313848860000000059e+03 2.401769000000000233e+03
1.972500000000000142e+01 1.058448624000000038e+01 2.313564948000000186e+03 2.401769000000000233e+03
1.973000000000000043e+01 1.051671767999999929e+01 2.314129686000000220e+03 2.401769000000000233e+03
1.973499999999999943e+01 1.052782728000000034e+01 2.314037106000000222e+03 2.401769000000000233e+03
1.974000000000000199e+01 1.052227247999999982e+01 2.314083396000000448e+03 2.401769000000000233e+03
1.974500000000000099e+01 1.055041680000000071e+01 2.313848860000000059e+03 2.401769000000000233e+03
1.975000000000000000e+01 1.046561352000000156e+01 2.314555554000000029e+03 2.401769000000000233e+03
1.975499999999999901e+01 1.048264823999999962e+01 2.314413598000000093e+03 2.401769000000000233e+03
1.976000000000000156e+01 1.048264823999999962e+01 2.314413598000000093e+03 2.401769000000000233e+03
1.976500000000000057e+01 1.049968295999999945e+01 2.314271642000000156e+03 2.401769000000000233e+03
1.976999999999999957e+01 1.052227247999999982e+01 2.314083396000000448e+03 2.401769000000000233e+03
1.977499999999999858e+01 1.043191440000000014e+01 2.314836380000000190e+03 2.401769000000000233e+03
1.978000000000000114e+01 1.039229015999999994e+01 2.315166582000000290e+03 2.401769000000000233e+03
1.978500000000000014e+01 1.040339975999999922e+01 2.315074002000000291e+03 2.401769000000000233e+03
1.978999999999999915e+01 1.044894911999999998e+01 2.314694424000000254e+03 2.401769000000000233e+03
1.979500000000000171e+01 1.041487968000000031e+01 2.314978336000000127e+03 2.401769000000000233e+03
1.980000000000000071e+01 1.043746920000000067e+01 2.314790090000000419e+03 2.401769000000000233e+03
1.980499999999999972e+01 1.047709344000000087e+01 2.314459888000000319e+03 2.401769000000000233e+03
1.980999999999999872e+01 1.049968295999999945e+01 2.314271642000000156e+03 2.401769000000000233e+03
1.981500000000000128e+01 1.048264823999999962e+01 2.314413598000000093e+03 2.401769000000000233e+03
1.982000000000000028e+01 1.046561352000000156e+01 2.314555554000000029e+03 2.401769000000000233e+03
1.982499999999999929e+01 1.041487968000000031e+01 2.314978336000000127e+03 2.401769000000000233e+03
1.983000000000000185e+01 1.047709344000000087e+01 2.314459888000000319e+03 2.401769000000000233e+03
1.983500000000000085e+01 1.049412816000000070e+01 2.314317932000000383e+03 2.401769000000000233e+03
1.983999999999999986e+01 1.053338208000000087e+01 2.313990816000000450e+03 2.401769000000000233e+03
1.984499999999999886e+01 1.053338208000000087e+01 2.313990816000000450e+03 2.401769000000000233e+03
1.985000000000000142e+01 1.046005872000000103e+01 2.314601844000000256e+03 2.401769000000000233e+03
1.985500000000000043e+01 1.048264823999999962e+01 2.314413598000000093e+03 2.401769000000000233e+03
1.985999999999999943e+01 1.052782728000000034e+01 2.314037106000000222e+03 2.401769000000000233e+03
1.986500000000000199e+01 1.046561352000000156e+01 2.314555554000000029e+03 2.401769000000000233e+03
1.987000000000000099e+01 1.049968295999999945e+01 2.314271642000000156e+03 2.401769000000000233e+03
1.987500000000000000e+01 1.047709344000000087e+01 2.314459888000000319e+03 2.401769000000000233e+03
1.987999999999999901e+01 1.055041680000000071e+01 2.313848860000000059e+03 2.401769000000000233e+03
1.988500000000000156e+01 1.051671767999999929e+01 2.314129686000000220e+03 2.401769000000000233e+03
1.989000000000000057e+01 1.052782728000000034e+01 2.314037106000000222e+03 2.401769000000000233e+03
1.989499999999999957e+01 1.049968295999999945e+01 2.314271642000000156e+03 2.401769000000000233e+03
1.989999999999999858e+01 1.047709344000000087e+01 2.314459888000000319e+03 2.401769000000000233e+03
1.990500000000000114e+01 1.050523775999999998e+01 2.314225352000000385e+03 2.401769000000000233e+03
1.991000000000000014e+01 1.050523775999999998e+01 2.314225352000000385e+03 2.401769000000000233e+03
1.991499999999999915e+01 1.049412816000000070e+01 2.314317932000000383e+03 2.401769000000000233e+03
1.992000000000000171e+01 1.043191440000000014e+01 2.314836380000000190e+03 2.401769000000000233e+03
1.992500000000000071e+01 1.047709344000000087e+01 2.314459888000000319e+03 2.401769000000000233e+03
1.992999999999999972e+01 1.049968295999999945e+01 2.314271642000000156e+03 2.401769000000000233e+03
1.993499999999999872e+01 1.048264823999999962e+01 2.314413598000000093e+03 2.401769000000000233e+03
1.994000000000000128e+01 1.047709344000000087e+01 2.314459888000000319e+03 2.401769000000000233e+03
1.994500000000000028e+01 1.053930719999999965e+01 2.313941440000000057e+03 2.401769000000000233e+03
1.994999999999999929e+01 1.052227247999999982e+01 2.314083396000000448e+03 2.401769000000000233e+03
1.995500000000000185e+01 1.046561352000000156e+01 2.314555554000000029e+03 2.401769000000000233e+03
1.996000000000000085e+01 1.045450392000000051e+01 2.314648134000000027e+03 2.401769000000000233e+03
1.996499999999999986e+01 1.049412816000000070e+01 2.314317932000000383e+03 2.401769000000000233e+03
1.996999999999999886e+01 1.051079256000000051e+01 2.314179062000000158e+03 2.401769000000000233e+03
1.997500000000000142e+01 1.044894911999999998e+01 2.314694424000000254e+03 2.401769000000000233e+03
1.998000000000000043e+01 1.051079256000000051e+01 2.314179062000000158e+03 2.401769000000000233e+03
1.998499999999999943e+01 1.050523775999999998e+01 2.314225352000000385e+03 2.401769000000000233e+03
1.999000000000000199e+01 1.042598928000000136e+01 2.314885756000000129e+03 2.401769000000000233e+03
1.999500000000000099e+01 1.051671767999999929e+01 2.314129686000000220e+03 2.401769000000000233e+03
2.000000000000000000e+01 1.054486200000000018e+01 2.313895150000000285e+03 2.401769000000000233e+03
2.000499999999999901e+01 1.044894911999999998e+01 2.314694424000000254e+03 2.401769000000000233e+03
2.001000000000000156e+01 1.052782728000000034e+01 2.314037106000000222e+03 2.401769000000000233e+03
2.001500000000000057e+01 1.048264823999999962e+01 2.314413598000000093e+03 2.401769000000000233e+03
2.001999999999999957e+01 1.050523775999999998e+01 2.314225352000000385e+03 2.401769000000000233e+03
2.002499999999999858e+01 1.056745152000000054e+01 2.313706904000000122e+03 2.401769000000000233e+03
2.003000000000000114e+01 1.051079256000000051e+01 2.314179062000000158e+03 2.401769000000000233e+03
2.003500000000000014e+01 1.048820304000000014e+01 2.314367308000000321e+03 2.401769000000000233e+03
2.003999999999999915e+01 1.052227247999999982e+01 2.314083396000000448e+03 2.401769000000000233e+03
2.004500000000000171e+01 1.057300632000000107e+01 2.313660614000000351e+03 2.401769000000000233e+03
2.005000000000000071e+01 1.049412816000000070e+01 2.314317932000000383e+03 2.401769000000000233e+03
2.005499999999999972e+01 1.051671767999999929e+01 2.314129686000000220e+03 2.401769000000000233e+03
2.005999999999999872e+01 1.056189672000000002e+01 2.313753194000000349e+03 2.401769000000000233e+03
2.006500000000000128e+01 1.049968295999999945e+01 2.314271642000000156e+03 2.401769000000000233e+03
2.007000000000000028e+01 1.051671767999999929e+01 2.314129686000000220e+03 2.401769000000000233e+03
2.007499999999999929e+01 1.044894911999999998e+01 2.314694424000000254e+03 2.401769000000000233e+03
2.008000000000000185e+01 1.046561352000000156e+01 2.314555554000000029e+03 2.401769000000000233e+03
2.008500000000000085e+01 1.049968295999999945e+01 2.314271642000000156e+03 2.401769000000000233e+03
2.008999999999999986e+01 1.052782728000000034e+01 2.314037106000000222e+03 2.401769000000000233e+03
2.009499999999999886e+01 1.043191440000000014e+01 2.314836380000000190e+03 2.401769000000000233e+03
2.010000000000000142e+01 1.042598928000000136e+01 2.314885756000000129e+03 2.401769000000000233e+03
2.010500000000000043e+01 1.048820304000000014e+01 2.314367308000000321e+03 2.401769000000000233e+03
2.010999999999999943e+01 1.043746920000000067e+01 2.314790090000000419e+03 2.401769000000000233e+03
2.011500000000000199e+01 1.044894911999999998e+01 2.314694424000000254e+03 2.401769000000000233e+03
2.012000000000000099e+01 1.052227247999999982e+01 2.314083396000000448e+03 2.401769000000000233e+03
2.012500000000000000e+01 1.039229015999999994e+01 2.315166582000000290e+03 2.401769000000000233e+03
2.012999999999999901e+01 1.036970063999999958e+01 2.315354828000000452e+03 2.401769000000000233e+03
2.013500000000000156e+01 1.043191440000000014e+01 2.314836380000000190e+03 2.401769000000000233e+03
2.014000000000000057e+01 1.046005872000000103e+01 2.314601844000000256e+03 2.401769000000000233e+03
2.014499999999999957e+01 1.048264823999999962e+01 2.314413598000000093e+03 2.401769000000000233e+03
2.014999999999999858e+01 1.045450392000000051e+01 2.314648134000000027e+03 2.401769000000000233e+03
2.015500000000000114e+01 1.047153864000000034e+01 2.314506178000000091e+03 2.401769000000000233e+03
2.016000000000000014e+01 1.045450392000000051e+01 2.314648134000000027e+03 2.401769000000000233e+03
2.016499999999999915e+01 1.046561352000000156e+01 2.314555554000000029e+03 2.401769000000000233e+03
2.017000000000000171e+01 1.048820304000000014e+01 2.314367308000000321e+03 2.401769000000000233e+03
2.017500000000000071e+01 1.052782728000000034e+01 2.314037106000000222e+03 2.401769000000000233e+03
2.017999999999999972e+01 1.044894911999999998e+01 2.314694424000000254e+03 2.401769000000000233e+03
2.018499999999999872e+01 1.044302400000000119e+01 2.314743800000000192e+03 2.401769000000000233e+03
2.019000000000000128e+01 1.047153864000000034e+01 2.314506178000000091e+03 2.401769000000000233e+03
2.019500000000000028e+01 1.052227247999999982e+01 2.314083396000000448e+03 2.401769000000000233e+03
2.019999999999999929e+01 1.048820304000000014e+01 2.314367308000000321e+03 2.401769000000000233e+03
2.020500000000000185e+01 1.045450392000000051e+01 2.314648134000000027e+03 2.401769000000000233e+03
2.021000000000000085e+01 1.052782728000000034e+01 2.314037106000000222e+03 2.401769000000000233e+03
2.021499999999999986e+01 1.048820304000000014e+01 2.314367308000000321e+03 2.401769000000000233e+03
2.021999999999999886e+01 1.048264823999999962e+01 2.314413598000000093e+03 2.401769000000000233e+03
2.022500000000000142e+01 1.052227247999999982e+01 2.314083396000000448e+03 2.401769000000000233e+03
2.023000000000000043e+01 1.042598928000000136e+01 2.314885756000000129e+03 2.401769000000000233e+03
2.023499999999999943e+01 1.045450392000000051e+01 2.314648134000000027e+03 2.401769000000000233e+03
2.024000000000000199e+01 1.048264823999999962e+01 2.314413598000000093e+03 2.401769000000000233e+03
2.024500000000000099e+01 1.048820304000000014e+01 2.314367308000000321e+03 2.401769000000000233e+03
2.025000000000000000e+01 1.056189672000000002e+01 2.313753194000000349e+03 2.401769000000000233e+03
2.025499999999999901e+01 1.054486200000000018e+01 2.313895150000000285e+03 2.401769000000000233e+03
2.026000000000000156e+01 1.040932487999999978e+01 2.315024626000000353e+03 2.401769000000000233e+03
2.026500000000000057e+01 1.047709344000000087e+01 2.314459888000000319e+03 2.401769000000000233e+03
2.026999999999999957e+01 1.048820304000000014e+01 2.314367308000000321e+03 2.401769000000000233e+03
2.027499999999999858e+01 1.044302400000000119e+01 2.314743800000000192e+03 2.401769000000000233e+03
2.028000000000000114e+01 1.042598928000000136e+01 2.314885756000000129e+03 2.401769000000000233e+03
2.028500000000000014e+01 1.046561352000000156e+01 2.314555554000000029e+03 2.401769000000000233e+03
2.028999999999999915e+01 1.044302400000000119e+01 2.314743800000000192e+03 2.401769000000000233e+03
2.029500000000000171e+01 1.042043448000000083e+01 2.314932046000000355e+03 2.401769000000000233e+03
2.030000000000000071e+01 1.041487968000000031e+01 2.314978336000000127e+03 2.401769000000000233e+03
2.030499999999999972e+01 1.040932487999999978e+01 2.315024626000000353e+03 2.401769000000000233e+03
2.030999999999999872e+01 1.043191440000000014e+01 2.314836380000000190e+03 2.401769000000000233e+03
2.031500000000000128e+01 1.044302400000000119e+01 2.314743800000000192e+03 2.401769000000000233e+03
2.032000000000000028e+01 1.042043448000000083e+01 2.314932046000000355e+03 2.401769000000000233e+03
2.032499999999999929e+01 1.042043448000000083e+01 2.314932046000000355e+03 2.401769000000000233e+03
2.033000000000000185e+01 1.041487968000000031e+01 2.314978336000000127e+03 2.401769000000000233e+03
2.033500000000000085e+01 1.051079256000000051e+01 2.314179062000000158e+03 2.401769000000000233e+03
2.033999999999999986e+01 1.049412816000000070e+01 2.314317932000000383e+03 2.401769000000000233e+03
2.034499999999999886e+01 1.048264823999999962e+01 2.314413598000000093e+03 2.401769000000000233e+03
2.035000000000000142e+01 1.047709344000000087e+01 2.314459888000000319e+03 2.401769000000000233e+03
2.035500000000000043e+01 1.044302400000000119e+01 2.314743800000000192e+03 2.401769000000000233e+03
2.035999999999999943e+01 1.044894911999999998e+01 2.314694424000000254e+03 2.401769000000000233e+03
2.036500000000000199e+01 1.047153864000000034e+01 2.314506178000000091e+03 2.401769000000000233e+03
2.037000000000000099e+01 1.046561352000000156e+01 2.314555554000000029e+03 2.401769000000000233e+03
2.037500000000000000e+01 1.051079256000000051e+01 2.314179062000000158e+03 2.401769000000000233e+03
2.037999999999999901e+01 1.047709344000000087e+01 2.314459888000000319e+03 2.401769000000000233e+03
2.038500000000000156e+01 1.045450392000000051e+01 2.314648134000000027e+03 2.401769000000000233e+03
2.039000000000000057e+01 1.049412816000000070e+01 2.314317932000000383e+03 2.401769000000000233e+03
2.039499999999999957e+01 1.041487968000000031e+01 2.314978336000000127e+03 2.401769000000000233e+03
2.039999999999999858e+01 1.050523775999999998e+01 2.314225352000000385e+03 2.401769000000000233e+03
2.040500000000000114e+01 1.048264823999999962e+01 2.314413598000000093e+03 2.401769000000000233e+03
2.041000000000000014e+01 1.046561352000000156e+01 2.314555554000000029e+03 2.401769000000000233e+03
2.041499999999999915e+01 1.045450392000000051e+01 2.314648134000000027e+03 2.401769000000000233e+03
2.042000000000000171e+01 1.043191440000000014e+01 2.314836380000000190e+03 2.401769000000000233e+03
2.042500000000000071e+01 1.035266592000000152e+01 2.315496784000000389e+03 2.401769000000000233e+03
2.042999999999999972e+01 1.043191440000000014e+01 2.314836380000000190e+03 2.401769000000000233e+03
2.043499999999999872e+01 1.042598928000000136e+01 2.314885756000000129e+03 2.401769000000000233e+03
2.044000000000000128e+01 1.046561352000000156e+01 2.314555554000000029e+03 2.401769000000000233e+03
2.044500000000000028e+01 1.045450392000000051e+01 2.314648134000000027e+03 2.401769000000000233e+03
2.044999999999999929e+01 1.040932487999999978e+01 2.315024626000000353e+03 2.401769000000000233e+03
2.045500000000000185e+01 1.042043448000000083e+01 2.314932046000000355e+03 2.401769000000000233e+03
2.046000000000000085e+01 1.042598928000000136e+01 2.314885756000000129e+03 2.401769000000000233e+03
2.046499999999999986e+01 1.039229015999999994e+01 2.315166582000000290e+03 2.401769000000000233e+03
2.046999999999999886e+01 1.047709344000000087e+01 2.314459888000000319e+03 2.401769000000000233e+03
2.047500000000000142e+01 1.045450392000000051e+01 2.314648134000000027e+03 2.401769000000000233e+03
2.048000000000000043e+01 1.041487968000000031e+01 2.314978336000000127e+03 2.401769000000000233e+03
2.048499999999999943e+01 1.040339975999999922e+01 2.315074002000000291e+03 2.401769000000000233e+03
2.049000000000000199e+01 1.036414584000000083e+01 2.315401118000000224e+03 2.401769000000000233e+03
2.049500000000000099e+01 1.047709344000000087e+01 2.314459888000000319e+03 2.401769000000000233e+03
2.050000000000000000e+01 1.045450392000000051e+01 2.314648134000000027e+03 2.401769000000000233e+03
2.050499999999999901e+01 1.044894911999999998e+01 2.314694424000000254e+03 2.401769000000000233e+03
2.051000000000000156e+01 1.042043448000000083e+01 2.314932046000000355e+03 2.401769000000000233e+03
2.051500000000000057e+01 1.044302400000000119e+01 2.314743800000000192e+03 2.401769000000000233e+03
2.051999999999999957e+01 1.046005872000000103e+01 2.314601844000000256e+03 2.401769000000000233e+03
2.052499999999999858e+01 1.049412816000000070e+01 2.314317932000000383e+03 2.401769000000000233e+03
2.053000000000000114e+01 1.038673535999999942e+01 2.315212872000000061e+03 2.401769000000000233e+03
2.053500000000000014e+01 1.043191440000000014e+01 2.314836380000000190e+03 2.401769000000000233e+03
2.053999999999999915e+01 1.046561352000000156e+01 2.314555554000000029e+03 2.401769000000000233e+03
2.054500000000000171e+01 1.043191440000000014e+01 2.314836380000000190e+03 2.401769000000000233e+03
2.055000000000000071e+01 1.045450392000000051e+01 2.314648134000000027e+03 2.401769000000000233e+03
2.055499999999999972e+01 1.039229015999999994e+01 2.315166582000000290e+03 2.401769000000000233e+03
2.055999999999999872e+01 1.036414584000000083e+01 2.315401118000000224e+03 2.401769000000000233e+03
2.056500000000000128e+01 1.043191440000000014e+01 2.314836380000000190e+03 2.401769000000000233e+03
2.057000000000000028e+01 1.045450392000000051e+01 2.314648134000000027e+03 2.401769000000000233e+03
2.057499999999999929e+01 1.047153864000000034e+01 2.314506178000000091e+03 2.401769000000000233e+03
2.058000000000000185e+01 1.045450392000000051e+01 2.314648134000000027e+03 2.401769000000000233e+03
2.058500000000000085e+01 1.043191440000000014e+01 2.314836380000000190e+03 2.401769000000000233e+03
2.058999999999999986e+01 1.045450392000000051e+01 2.314648134000000027e+03 2.401769000000000233e+03
2.059499999999999886e+01 1.046005872000000103e+01 2.314601844000000256e+03 2.401769000000000233e+03
2.060000000000000142e+01 1.042043448000000083e+01 2.314932046000000355e+03 2.401769000000000233e+03
2.060500000000000043e+01 1.039229015999999994e+01 2.315166582000000290e+03 2.401769000000000233e+03
2.060999999999999943e+01 1.043746920000000067e+01 2.314790090000000419e+03 2.401769000000000233e+03
2.061500000000000199e+01 1.046005872000000103e+01 2.314601844000000256e+03 2.401769000000000233e+03
2.062000000000000099e+01 1.041487968000000031e+01 2.314978336000000127e+03 2.401769000000000233e+03
2.062500000000000000e+01 1.043191440000000014e+01 2.314836380000000190e+03 2.401769000000000233e+03
2.062999999999999901e+01 1.041487968000000031e+01 2.314978336000000127e+03 2.401769000000000233e+03
2.063500000000000156e+01 1.047709344000000087e+01 2.314459888000000319e+03 2.401769000000000233e+03
2.064000000000000057e+01 1.047153864000000034e+01 2.314506178000000091e+03 2.401769000000000233e+03
2.064499999999999957e+01 1.038673535999999942e+01 2.315212872000000061e+03 2.401769000000000233e+03
2.064999999999999858e+01 1.040932487999999978e+01 2.315024626000000353e+03 2.401769000000000233e+03
2.065500000000000114e+01 1.039229015999999994e+01 2.315166582000000290e+03 2.401769000000000233e+03
2.066000000000000014e+01 1.038081023999999886e+01 2.315262248000000454e+03 2.401769000000000233e+03
2.066499999999999915e+01 1.039229015999999994e+01 2.315166582000000290e+03 2.401769000000000233e+03
2.067000000000000171e+01 1.045450392000000051e+01 2.314648134000000027e+03 2.401769000000000233e+03
2.067500000000000071e+01 1.043191440000000014e+01 2.314836380000000190e+03 2.401769000000000233e+03
2.067999999999999972e+01 1.047709344000000087e+01 2.314459888000000319e+03 2.401769000000000233e+03
2.068499999999999872e+01 1.043746920000000067e+01 2.314790090000000419e+03 2.401769000000000233e+03
2.069000000000000128e+01 1.042598928000000136e+01 2.314885756000000129e+03 2.401769000000000233e+03
2.069500000000000028e+01 1.040339975999999922e+01 2.315074002000000291e+03 2.401769000000000233e+03
2.069999999999999929e+01 1.043191440000000014e+01 2.314836380000000190e+03 2.401769000000000233e+03
2.070500000000000185e+01 1.040932487999999978e+01 2.315024626000000353e+03 2.401769000000000233e+03
2.071000000000000085e+01 1.044302400000000119e+01 2.314743800000000192e+03 2.401769000000000233e+03
2.071499999999999986e+01 1.041487968000000031e+01 2.314978336000000127e+03 2.401769000000000233e+03
2.071999999999999886e+01 1.037525544000000011e+01 2.315308538000000226e+03 2.401769000000000233e+03
2.072500000000000142e+01 1.033007640000000116e+01 2.315685030000000097e+03 2.401769000000000233e+03
2.073000000000000043e+01 1.036414584000000083e+01 2.315401118000000224e+03 2.401769000000000233e+03
2.073499999999999943e+01 1.033563119999999991e+01 2.315638740000000325e+03 2.401769000000000233e+03
2.074000000000000199e+01 1.039229015999999994e+01 2.315166582000000290e+03 2.401769000000000233e+03
2.074500000000000099e+01 1.037525544000000011e+01 2.315308538000000226e+03 2.401769000000000233e+03
2.075000000000000000e+01 1.034155632000000047e+01 2.315589364000000387e+03 2.401769000000000233e+03
2.075499999999999901e+01 1.039229015999999994e+01 2.315166582000000290e+03 2.401769000000000233e+03
2.076000000000000156e+01 1.044302400000000119e+01 2.314743800000000192e+03 2.401769000000000233e+03
2.076500000000000057e+01 1.044302400000000119e+01 2.314743800000000192e+03 2.401769000000000233e+03
2.076999999999999957e+01 1.044302400000000119e+01 2.314743800000000192e+03 2.401769000000000233e+03
2.077499999999999858e+01 1.039784496000000047e+01 2.315120292000000063e+03 2.401769000000000233e+03
2.078000000000000114e+01 1.041487968000000031e+01 2.314978336000000127e+03 2.401769000000000233e+03
2.078500000000000014e+01 1.042043448000000083e+01 2.314932046000000355e+03 2.401769000000000233e+03
2.078999999999999915e+01 1.044302400000000119e+01 2.314743800000000192e+03 2.401769000000000233e+03
2.079500000000000171e+01 1.037525544000000011e+01 2.315308538000000226e+03 2.401769000000000233e+03
2.080000000000000071e+01 1.033007640000000116e+01 2.315685030000000097e+03 2.401769000000000233e+03
2.080499999999999972e+01 1.044302400000000119e+01 2.314743800000000192e+03 2.401769000000000233e+03
2.080999999999999872e+01 1.038673535999999942e+01 2.315212872000000061e+03 2.401769000000000233e+03
2.081500000000000128e+01 1.043191440000000014e+01 2.314836380000000190e+03 2.401769000000000233e+03
2.082000000000000028e+01 1.040339975999999922e+01 2.315074002000000291e+03 2.401769000000000233e+03
2.082499999999999929e+01 1.045450392000000051e+01 2.314648134000000027e+03 2.401769000000000233e+03
2.083000000000000185e+01 1.042598928000000136e+01 2.314885756000000129e+03 2.401769000000000233e+03
2.083500000000000085e+01 1.048264823999999962e+01 2.314413598000000093e+03 2.401769000000000233e+03
2.083999999999999986e+01 1.039229015999999994e+01 2.315166582000000290e+03 2.401769000000000233e+03
2.084499999999999886e+01 1.041487968000000031e+01 2.314978336000000127e+03 2.401769000000000233e+03
2.085000000000000142e+01 1.040932487999999978e+01 2.315024626000000353e+03 2.401769000000000233e+03
2.085500000000000043e+01 1.045450392000000051e+01 2.314648134000000027e+03 2.401769000000000233e+03
2.085999999999999943e+01 1.039784496000000047e+01 2.315120292000000063e+03 2.401769000000000233e+03
2.086500000000000199e+01 1.034155632000000047e+01 2.315589364000000387e+03 2.401769000000000233e+03
2.087000000000000099e+01 1.042043448000000083e+01 2.314932046000000355e+03 2.401769000000000233e+03
2.087500000000000000e+01 1.038673535999999942e+01 2.315212872000000061e+03 2.401769000000000233e+03
2.087999999999999901e+01 1.036414584000000083e+01 2.315401118000000224e+03 2.401769000000000233e+03
2.088500000000000156e+01 1.039784496000000047e+01 2.315120292000000063e+03 2.401769000000000233e+03
2.089000000000000057e+01 1.043191440000000014e+01 2.314836380000000190e+03 2.401769000000000233e+03
2.089499999999999957e+01 1.038081023999999886e+01 2.315262248000000454e+03 2.401769000000000233e+03
2.089999999999999858e+01 1.034155632000000047e+01 2.315589364000000387e+03 2.401769000000000233e+03
2.090500000000000114e+01 1.039784496000000047e+01 2.315120292000000063e+03 2.401769000000000233e+03
2.091000000000000014e+01 1.036414584000000083e+01 2.315401118000000224e+03 2.401769000000000233e+03
2.091499999999999915e+01 1.039784496000000047e+01 2.315120292000000063e+03 2.401769000000000233e+03
2.092000000000000171e+01 1.031896680000000011e+01 2.315777610000000095e+03 2.401769000000000233e+03
2.092500000000000071e+01 1.034711112000000099e+01 2.315543074000000161e+03 2.401769000000000233e+03
2.092999999999999972e+01 1.035822071999999849e+01 2.315450494000000162e+03 2.401769000000000233e+03
2.093499999999999872e+01 1.043746920000000067e+01 2.314790090000000419e+03 2.401769000000000233e+03
2.094000000000000128e+01 1.038081023999999886e+01 2.315262248000000454e+03 2.401769000000000233e+03
2.094500000000000028e+01 1.042598928000000136e+01 2.314885756000000129e+03 2.401769000000000233e+03
2.094999999999999929e+01 1.039784496000000047e+01 2.315120292000000063e+03 2.401769000000000233e+03
2.095500000000000185e+01 1.038081023999999886e+01 2.315262248000000454e+03 2.401769000000000233e+03
2.096000000000000085e+01 1.041487968000000031e+01 2.314978336000000127e+03 2.401769000000000233e+03
2.096499999999999986e+01 1.035822071999999849e+01 2.315450494000000162e+03 2.401769000000000233e+03
2.096999999999999886e+01 1.038081023999999886e+01 2.315262248000000454e+03 2.401769000000000233e+03
2.097500000000000142e+01 1.045450392000000051e+01 2.314648134000000027e+03 2.401769000000000233e+03
2.098000000000000043e+01 1.040339975999999922e+01 2.315074002000000291e+03 2.401769000000000233e+03
2.098499999999999943e+01 1.041487968000000031e+01 2.314978336000000127e+03 2.401769000000000233e+03
2.099000000000000199e+01 1.040932487999999978e+01 2.315024626000000353e+03 2.401769000000000233e+03
2.099500000000000099e+01 1.035266592000000152e+01 2.315496784000000389e+03 2.401769000000000233e+03
2.100000000000000000e+01 1.031304167999999954e+01 2.315826986000000034e+03 2.401769000000000233e+03
2.100499999999999901e+01 1.043191440000000014e+01 2.314836380000000190e+03 2.401769000000000233e+03
2.101000000000000156e+01 1.039784496000000047e+01 2.315120292000000063e+03 2.401769000000000233e+03
2.101500000000000057e+01 1.040339975999999922e+01 2.315074002000000291e+03 2.401769000000000233e+03
2.101999999999999957e+01 1.036414584000000083e+01 2.315401118000000224e+03 2.401769000000000233e+03
2.102499999999999858e+01 1.034711112000000099e+01 2.315543074000000161e+03 2.401769000000000233e+03
2.103000000000000114e+01 1.035822071999999849e+01 2.315450494000000162e+03 2.401769000000000233e+03
2.103500000000000014e+01 1.038081023999999886e+01 2.315262248000000454e+03 2.401769000000000233e+03
2.103999999999999915e+01 1.036970063999999958e+01 2.315354828000000452e+03 2.401769000000000233e+03
2.104500000000000171e+01 1.040932487999999978e+01 2.315024626000000353e+03 2.401769000000000233e+03
2.105000000000000071e+01 1.035266592000000152e+01 2.315496784000000389e+03 2.401769000000000233e+03
2.105499999999999972e+01 1.035266592000000152e+01 2.315496784000000389e+03 2.401769000000000233e+03
2.105999999999999872e+01 1.042598928000000136e+01 2.314885756000000129e+03 2.401769000000000233e+03
2.106500000000000128e+01 1.035822071999999849e+01 2.315450494000000162e+03 2.401769000000000233e+03
2.107000000000000028e+01 1.038081023999999886e+01 2.315262248000000454e+03 2.401769000000000233e+03
2.107499999999999929e+01 1.039229015999999994e+01 2.315166582000000290e+03 2.401769000000000233e+03
2.108000000000000185e+01 1.030748688000000080e+01 2.315873276000000260e+03 2.401769000000000233e+03
2.108500000000000085e+01 1.043746920000000067e+01 2.314790090000000419e+03 2.401769000000000233e+03
2.108999999999999986e+01 1.036414584000000083e+01 2.315401118000000224e+03 2.401769000000000233e+03
2.109499999999999886e+01 1.037525544000000011e+01 2.315308538000000226e+03 2.401769000000000233e+03
2.110000000000000142e+01 1.036970063999999958e+01 2.315354828000000452e+03 2.401769000000000233e+03
2.110500000000000043e+01 1.038673535999999942e+01 2.315212872000000061e+03 2.401769000000000233e+03
2.110999999999999943e+01 1.035822071999999849e+01 2.315450494000000162e+03 2.401769000000000233e+03
2.111500000000000199e+01 1.033563119999999991e+01 2.315638740000000325e+03 2.401769000000000233e+03
2.112000000000000099e+01 1.040932487999999978e+01 2.315024626000000353e+03 2.401769000000000233e+03
2.112500000000000000e+01 1.035822071999999849e+01 2.315450494000000162e+03 2.401769000000000233e+03
2.112999999999999901e+01 1.033007640000000116e+01 2.315685030000000097e+03 2.401769000000000233e+03
2.113500000000000156e+01 1.035266592000000152e+01 2.315496784000000389e+03 2.401769000000000233e+03
2.114000000000000057e+01 1.044302400000000119e+01 2.314743800000000192e+03 2.401769000000000233e+03
2.114499999999999957e+01 1.044302400000000119e+01 2.314743800000000192e+03 2.401769000000000233e+03
2.114999999999999858e+01 1.038673535999999942e+01 2.315212872000000061e+03 2.401769000000000233e+03
2.115500000000000114e+01 1.036970063999999958e+01 2.315354828000000452e+03 2.401769000000000233e+03
2.116000000000000014e+01 1.039229015999999994e+01 2.315166582000000290e+03 2.401769000000000233e+03
2.116499999999999915e+01 1.038673535999999942e+01 2.315212872000000061e+03 2.401769000000000233e+03
2.117000000000000171e+01 1.038673535999999942e+01 2.315212872000000061e+03 2.401769000000000233e+03
2.117500000000000071e+01 1.036970063999999958e+01 2.315354828000000452e+03 2.401769000000000233e+03
2.117999999999999972e+01 1.033007640000000116e+01 2.315685030000000097e+03 2.401769000000000233e+03
2.118499999999999872e+01 1.032452160000000063e+01 2.315731320000000323e+03 2.401769000000000233e+03
2.119000000000000128e+01 1.038081023999999886e+01 2.315262248000000454e+03 2.401769000000000233e+03
2.119500000000000028e+01 1.033007640000000116e+01 2.315685030000000097e+03 2.401769000000000233e+03
2.119999999999999929e+01 1.036970063999999958e+01 2.315354828000000452e+03 2.401769000000000233e+03
2.120500000000000185e+01 1.038673535999999942e+01 2.315212872000000061e+03 2.401769000000000233e+03
2.121000000000000085e+01 1.044302400000000119e+01 2.314743800000000192e+03 2.401769000000000233e+03
2.121499999999999986e+01 1.037525544000000011e+01 2.315308538000000226e+03 2.401769000000000233e+03
2.121999999999999886e+01 1.040932487999999978e+01 2.315024626000000353e+03 2.401769000000000233e+03
2.122500000000000142e+01 1.042043448000000083e+01 2.314932046000000355e+03 2.401769000000000233e+03
2.123000000000000043e+01 1.031896680000000011e+01 2.315777610000000095e+03 2.401769000000000233e+03
2.123499999999999943e+01 1.034711112000000099e+01 2.315543074000000161e+03 2.401769000000000233e+03
2.124000000000000199e+01 1.042043448000000083e+01 2.314932046000000355e+03 2.401769000000000233e+03
2.124500000000000099e+01 1.042043448000000083e+01 2.314932046000000355e+03 2.401769000000000233e+03
2.125000000000000000e+01 1.033563119999999991e+01 2.315638740000000325e+03 2.401769000000000233e+03
2.125499999999999901e+01 1.034711112000000099e+01 2.315543074000000161e+03 2.401769000000000233e+03
2.126000000000000156e+01 1.034711112000000099e+01 2.315543074000000161e+03 2.401769000000000233e+03
2.126500000000000057e+01 1.033007640000000116e+01 2.315685030000000097e+03 2.401769000000000233e+03
2.126999999999999957e+01 1.039229015999999994e+01 2.315166582000000290e+03 2.401769000000000233e+03
2.127499999999999858e+01 1.040932487999999978e+01 2.315024626000000353e+03 2.401769000000000233e+03
2.128000000000000114e+01 1.034711112000000099e+01 2.315543074000000161e+03 2.401769000000000233e+03
2.128500000000000014e+01 1.037525544000000011e+01 2.315308538000000226e+03 2.401769000000000233e+03
2.128999999999999915e+01 1.041487968000000031e+01 2.314978336000000127e+03 2.401769000000000233e+03
2.129500000000000171e+01 1.031896680000000011e+01 2.315777610000000095e+03 2.401769000000000233e+03
2.130000000000000071e+01 1.031304167999999954e+01 2.315826986000000034e+03 2.401769000000000233e+03
2.130499999999999972e+01 1.035266592000000152e+01 2.315496784000000389e+03 2.401769000000000233e+03
2.130999999999999872e+01 1.037525544000000011e+01 2.315308538000000226e+03 2.401769000000000233e+03
2.131500000000000128e+01 1.038673535999999942e+01 2.315212872000000061e+03 2.401769000000000233e+03
2.132000000000000028e+01 1.038081023999999886e+01 2.315262248000000454e+03 2.401769000000000233e+03
2.132499999999999929e+01 1.034711112000000099e+01 2.315543074000000161e+03 2.401769000000000233e+03
2.133000000000000185e+01 1.035822071999999849e+01 2.315450494000000162e+03 2.401769000000000233e+03
2.133500000000000085e+01 1.029600695999999971e+01 2.315968942000000425e+03 2.401769000000000233e+03
2.133999999999999986e+01 1.035822071999999849e+01 2.315450494000000162e+03 2.401769000000000233e+03
2.134499999999999886e+01 1.034711112000000099e+01 2.315543074000000161e+03 2.401769000000000233e+03
2.135000000000000142e+01 1.032452160000000063e+01 2.315731320000000323e+03 2.401769000000000233e+03
2.135500000000000043e+01 1.035822071999999849e+01 2.315450494000000162e+03 2.401769000000000233e+03
2.135999999999999943e+01 1.038673535999999942e+01 2.315212872000000061e+03 2.401769000000000233e+03
2.136500000000000199e+01 1.033563119999999991e+01 2.315638740000000325e+03 2.401769000000000233e+03
2.137000000000000099e+01 1.035266592000000152e+01 2.315496784000000389e+03 2.401769000000000233e+03
2.137500000000000000e+01 1.033563119999999991e+01 2.315638740000000325e+03 2.401769000000000233e+03
2.137999999999999901e+01 1.030748688000000080e+01 2.315873276000000260e+03 2.401769000000000233e+03
2.138500000000000156e+01 1.030193208000000027e+01 2.315919566000000032e+03 2.401769000000000233e+03
2.139000000000000057e+01 1.040932487999999978e+01 2.315024626000000353e+03 2.401769000000000233e+03
2.139499999999999957e+01 1.037525544000000011e+01 2.315308538000000226e+03 2.401769000000000233e+03
2.139999999999999858e+01 1.036414584000000083e+01 2.315401118000000224e+03 2.401769000000000233e+03
2.140500000000000114e+01 1.038673535999999942e+01 2.315212872000000061e+03 2.401769000000000233e+03
2.141000000000000014e+01 1.039229015999999994e+01 2.315166582000000290e+03 2.401769000000000233e+03
2.141499999999999915e+01 1.038081023999999886e+01 2.315262248000000454e+03 2.401769000000000233e+03
2.142000000000000171e+01 1.031304167999999954e+01 2.315826986000000034e+03 2.401769000000000233e+03
2.142500000000000071e+01 1.030193208000000027e+01 2.315919566000000032e+03 2.401769000000000233e+03
2.142999999999999972e+01 1.028489736000000043e+01 2.316061522000000423e+03 2.401769000000000233e+03
2.143499999999999872e+01 1.028489736000000043e+01 2.316061522000000423e+03 2.401769000000000233e+03
2.144000000000000128e+01 1.040339975999999922e+01 2.315074002000000291e+03 2.401769000000000233e+03
2.144500000000000028e+01 1.041487968000000031e+01 2.314978336000000127e+03 2.401769000000000233e+03
2.144999999999999929e+01 1.036414584000000083e+01 2.315401118000000224e+03 2.401769000000000233e+03
2.145500000000000185e+01 1.042598928000000136e+01 2.314885756000000129e+03 2.401769000000000233e+03
2.146000000000000085e+01 1.038673535999999942e+01 2.315212872000000061e+03 2.401769000000000233e+03
2.146499999999999986e+01 1.036970063999999958e+01 2.315354828000000452e+03 2.401769000000000233e+03
2.146999999999999886e+01 1.033563119999999991e+01 2.315638740000000325e+03 2.401769000000000233e+03
2.147500000000000142e+01 1.036414584000000083e+01 2.315401118000000224e+03 2.401769000000000233e+03
2.148000000000000043e+01 1.039784496000000047e+01 2.315120292000000063e+03 2.401769000000000233e+03
2.148499999999999943e+01 1.036414584000000083e+01 2.315401118000000224e+03 2.401769000000000233e+03
2.149000000000000199e+01 1.036970063999999958e+01 2.315354828000000452e+03 2.401769000000000233e+03
2.149500000000000099e+01 1.025675303999999954e+01 2.316296058000000357e+03 2.401769000000000233e+03
2.150000000000000000e+01 1.033007640000000116e+01 2.315685030000000097e+03 2.401769000000000233e+03
2.150499999999999901e+01 1.032452160000000063e+01 2.315731320000000323e+03 2.401769000000000233e+03
2.151000000000000156e+01 1.040932487999999978e+01 2.315024626000000353e+03 2.401769000000000233e+03
2.151500000000000057e+01 1.037525544000000011e+01 2.315308538000000226e+03 2.401769000000000233e+03
2.151999999999999957e+01 1.035822071999999849e+01 2.315450494000000162e+03 2.401769000000000233e+03
2.152499999999999858e+01 1.030748688000000080e+01 2.315873276000000260e+03 2.401769000000000233e+03
2.153000000000000114e+01 1.027341743999999935e+01 2.316157188000000133e+03 2.401769000000000233e+03
2.153500000000000014e+01 1.030193208000000027e+01 2.315919566000000032e+03 2.401769000000000233e+03
2.153999999999999915e+01 1.036970063999999958e+01 2.315354828000000452e+03 2.401769000000000233e+03
2.154500000000000171e+01 1.038081023999999886e+01 2.315262248000000454e+03 2.401769000000000233e+03
2.155000000000000071e+01 1.035266592000000152e+01 2.315496784000000389e+03 2.401769000000000233e+03
2.155499999999999972e+01 1.043191440000000014e+01 2.314836380000000190e+03 2.401769000000000233e+03
2.155999999999999872e+01 1.042598928000000136e+01 2.314885756000000129e+03 2.401769000000000233e+03
2.156500000000000128e+01 1.042598928000000136e+01 2.314885756000000129e+03 2.401769000000000233e+03
2.157000000000000028e+01 1.039784496000000047e+01 2.315120292000000063e+03 2.401769000000000233e+03
2.157499999999999929e+01 1.039784496000000047e+01 2.315120292000000063e+03 2.401769000000000233e+03
2.158000000000000185e+01 1.033007640000000116e+01 2.315685030000000097e+03 2.401769000000000233e+03
2.158500000000000085e+01 1.034155632000000047e+01 2.315589364000000387e+03 2.401769000000000233e+03
2.158999999999999986e+01 1.035266592000000152e+01 2.315496784000000389e+03 2.401769000000000233e+03
2.159499999999999886e+01 1.032452160000000063e+01 2.315731320000000323e+03 2.401769000000000233e+03
2.160000000000000142e+01 1.032452160000000063e+01 2.315731320000000323e+03 2.401769000000000233e+03
2.160500000000000043e+01 1.031304167999999954e+01 2.315826986000000034e+03 2.401769000000000233e+03
2.160999999999999943e+01 1.039784496000000047e+01 2.315120292000000063e+03 2.401769000000000233e+03
2.161500000000000199e+01 1.039229015999999994e+01 2.315166582000000290e+03 2.401769000000000233e+03
2.162000000000000099e+01 1.033007640000000116e+01 2.315685030000000097e+03 2.401769000000000233e+03
2.162500000000000000e+01 1.030748688000000080e+01 2.315873276000000260e+03 2.401769000000000233e+03
2.162999999999999901e+01 1.034155632000000047e+01 2.315589364000000387e+03 2.401769000000000233e+03
2.163500000000000156e+01 1.034711112000000099e+01 2.315543074000000161e+03 2.401769000000000233e+03
2.164000000000000057e+01 1.035266592000000152e+01 2.315496784000000389e+03 2.401769000000000233e+03
2.164499999999999957e+01 1.038081023999999886e+01 2.315262248000000454e+03 2.401769000000000233e+03
2.164999999999999858e+01 1.039784496000000047e+01 2.315120292000000063e+03 2.401769000000000233e+03
2.165500000000000114e+01 1.038673535999999942e+01 2.315212872000000061e+03 2.401769000000000233e+03
2.166000000000000014e+01 1.042598928000000136e+01 2.314885756000000129e+03 2.401769000000000233e+03
2.166499999999999915e+01 1.040932487999999978e+01 2.315024626000000353e+03 2.401769000000000233e+03
2.167000000000000171e+01 1.033007640000000116e+01 2.315685030000000097e+03 2.401769000000000233e+03
2.167500000000000071e+01 1.033007640000000116e+01 2.315685030000000097e+03 2.401769000000000233e+03
2.167999999999999972e+01 1.036970063999999958e+01 2.315354828000000452e+03 2.401769000000000233e+03
2.168499999999999872e+01 1.037525544000000011e+01 2.315308538000000226e+03 2.401769000000000233e+03
2.169000000000000128e+01 1.043746920000000067e+01 2.314790090000000419e+03 2.401769000000000233e+03
2.169500000000000028e+01 1.032452160000000063e+01 2.315731320000000323e+03 2.401769000000000233e+03
2.169999999999999929e+01 1.035266592000000152e+01 2.315496784000000389e+03 2.401769000000000233e+03
2.170500000000000185e+01 1.027934255999999991e+01 2.316107812000000195e+03 2.401769000000000233e+03
2.171000000000000085e+01 1.032452160000000063e+01 2.315731320000000323e+03 2.401769000000000233e+03
2.171499999999999986e+01 1.028489736000000043e+01 2.316061522000000423e+03 2.401769000000000233e+03
2.171999999999999886e+01 1.036414584000000083e+01 2.315401118000000224e+03 2.401769000000000233e+03
2.172500000000000142e+01 1.038081023999999886e+01 2.315262248000000454e+03 2.401769000000000233e+03
2.173000000000000043e+01 1.031896680000000011e+01 2.315777610000000095e+03 2.401769000000000233e+03
2.173499999999999943e+01 1.035822071999999849e+01 2.315450494000000162e+03 2.401769000000000233e+03
2.174000000000000199e+01 1.033563119999999991e+01 2.315638740000000325e+03 2.401769000000000233e+03
2.174500000000000099e+01 1.023971832000000148e+01 2.316438014000000294e+03 2.401769000000000233e+03
2.175000000000000000e+01 1.030748688000000080e+01 2.315873276000000260e+03 2.401769000000000233e+03
2.175499999999999901e+01 1.030748688000000080e+01 2.315873276000000260e+03 2.401769000000000233e+03
2.176000000000000156e+01 1.032452160000000063e+01 2.315731320000000323e+03 2.401769000000000233e+03
2.176500000000000057e+01 1.039229015999999994e+01 2.315166582000000290e+03 2.401769000000000233e+03
2.176999999999999957e+01 1.032452160000000063e+01 2.315731320000000323e+03 2.401769000000000233e+03
2.177499999999999858e+01 1.037525544000000011e+01 2.315308538000000226e+03 2.401769000000000233e+03
2.178000000000000114e+01 1.035266592000000152e+01 2.315496784000000389e+03 2.401769000000000233e+03
2.178500000000000014e+01 1.032452160000000063e+01 2.315731320000000323e+03 2.401769000000000233e+03
2.178999999999999915e+01 1.027934255999999991e+01 2.316107812000000195e+03 2.401769000000000233e+03
2.179500000000000171e+01 1.029600695999999971e+01 2.315968942000000425e+03 2.401769000000000233e+03
2.180000000000000071e+01 1.034711112000000099e+01 2.315543074000000161e+03 2.401769000000000233e+03
2.180499999999999972e+01 1.036414584000000083e+01 2.315401118000000224e+03 2.401769000000000233e+03
2.180999999999999872e+01 1.035822071999999849e+01 2.315450494000000162e+03 2.401769000000000233e+03
2.181500000000000128e+01 1.039784496000000047e+01 2.315120292000000063e+03 2.401769000000000233e+03
2.182000000000000028e+01 1.029045215999999918e+01 2.316015232000000196e+03 2.401769000000000233e+03
2.182499999999999929e+01 1.030193208000000027e+01 2.315919566000000032e+03 2.401769000000000233e+03
2.183000000000000185e+01 1.037525544000000011e+01 2.315308538000000226e+03 2.401769000000000233e+03
2.183500000000000085e+01 1.033563119999999991e+01 2.315638740000000325e+03 2.401769000000000233e+03
2.183999999999999986e+01 1.030193208000000027e+01 2.315919566000000032e+03 2.401769000000000233e+03
2.184499999999999886e+01 1.032452160000000063e+01 2.315731320000000323e+03 2.401769000000000233e+03
2.185000000000000142e+01 1.027934255999999991e+01 2.316107812000000195e+03 2.401769000000000233e+03
2.185500000000000043e+01 1.033563119999999991e+01 2.315638740000000325e+03 2.401769000000000233e+03
2.185999999999999943e+01 1.033007640000000116e+01 2.315685030000000097e+03 2.401769000000000233e+03
2.186500000000000199e+01 1.034155632000000047e+01 2.315589364000000387e+03 2.401769000000000233e+03
2.187000000000000099e+01 1.038673535999999942e+01 2.315212872000000061e+03 2.401769000000000233e+03
2.187500000000000000e+01 1.030748688000000080e+01 2.315873276000000260e+03 2.401769000000000233e+03
2.187999999999999901e+01 1.034155632000000047e+01 2.315589364000000387e+03 2.401769000000000233e+03
2.188500000000000156e+01 1.041487968000000031e+01 2.314978336000000127e+03 2.401769000000000233e+03
2.189000000000000057e+01 1.030193208000000027e+01 2.315919566000000032e+03 2.401769000000000233e+03
2.189499999999999957e+01 1.022823840000000040e+01 2.316533680000000459e+03 2.401769000000000233e+03
2.189999999999999858e+01 1.030193208000000027e+01 2.315919566000000032e+03 2.401769000000000233e+03
2.190500000000000114e+01 1.030748688000000080e+01 2.315873276000000260e+03 2.401769000000000233e+03
2.191000000000000014e+01 1.036970063999999958e+01 2.315354828000000452e+03 2.401769000000000233e+03
2.191499999999999915e+01 1.033007640000000116e+01 2.315685030000000097e+03 2.401769000000000233e+03
2.192000000000000171e+01 1.033007640000000116e+01 2.315685030000000097e+03 2.401769000000000233e+03
2.192500000000000071e+01 1.027934255999999991e+01 2.316107812000000195e+03 2.401769000000000233e+03
2.192999999999999972e+01 1.027934255999999991e+01 2.316107812000000195e+03 2.401769000000000233e+03
2.193499999999999872e+01 1.025082791999999898e+01 2.316345434000000296e+03 2.401769000000000233e+03
2.194000000000000128e+01 1.029045215999999918e+01 2.316015232000000196e+03 2.401769000000000233e+03
2.194500000000000028e+01 1.025082791999999898e+01 2.316345434000000296e+03 2.401769000000000233e+03
2.194999999999999929e+01 1.031896680000000011e+01 2.315777610000000095e+03 2.401769000000000233e+03
2.195500000000000185e+01 1.034711112000000099e+01 2.315543074000000161e+03 2.401769000000000233e+03
2.196000000000000085e+01 1.032452160000000063e+01 2.315731320000000323e+03 2.401769000000000233e+03
2.196499999999999986e+01 1.034711112000000099e+01 2.315543074000000161e+03 2.401769000000000233e+03
2.196999999999999886e+01 1.034711112000000099e+01 2.315543074000000161e+03 2.401769000000000233e+03
2.197500000000000142e+01 1.030748688000000080e+01 2.315873276000000260e+03 2.401769000000000233e+03
2.198000000000000043e+01 1.023416352000000096e+01 2.316484304000000066e+03 2.401769000000000233e+03
2.198499999999999943e+01 1.031896680000000011e+01 2.315777610000000095e+03 2.401769000000000233e+03
2.199000000000000199e+01 1.032452160000000063e+01 2.315731320000000323e+03 2.401769000000000233e+03
2.199500000000000099e+01 1.031896680000000011e+01 2.315777610000000095e+03 2.401769000000000233e+03
2.200000000000000000e+01 1.029045215999999918e+01 2.316015232000000196e+03 2.401769000000000233e+03
2.200499999999999901e+01 1.030748688000000080e+01 2.315873276000000260e+03 2.401769000000000233e+03
2.201000000000000156e+01 1.030748688000000080e+01 2.315873276000000260e+03 2.401769000000000233e+03
2.201500000000000057e+01 1.027341743999999935e+01 2.316157188000000133e+03 2.401769000000000233e+03
2.201999999999999957e+01 1.032452160000000063e+01 2.315731320000000323e+03 2.401769000000000233e+03
2.202499999999999858e+01 1.030193208000000027e+01 2.315919566000000032e+03 2.401769000000000233e+03
2.203000000000000114e+01 1.023971832000000148e+01 2.316438014000000294e+03 2.401769000000000233e+03
2.203500000000000014e+01 1.026786263999999882e+01 2.316203478000000359e+03 2.401769000000000233e+03
2.203999999999999915e+01 1.023416352000000096e+01 2.316484304000000066e+03 2.401769000000000233e+03
2.204500000000000171e+01 1.027934255999999991e+01 2.316107812000000195e+03 2.401769000000000233e+03
2.205000000000000071e+01 1.032452160000000063e+01 2.315731320000000323e+03 2.401769000000000233e+03
2.205499999999999972e+01 1.029600695999999971e+01 2.315968942000000425e+03 2.401769000000000233e+03
2.205999999999999872e+01 1.026230784000000007e+01 2.316249768000000131e+03 2.401769000000000233e+03
2.206500000000000128e+01 1.031304167999999954e+01 2.315826986000000034e+03 2.401769000000000233e+03
2.207000000000000028e+01 1.029045215999999918e+01 2.316015232000000196e+03 2.401769000000000233e+03
2.207499999999999929e+01 1.033007640000000116e+01 2.315685030000000097e+03 2.401769000000000233e+03
2.208000000000000185e+01 1.034155632000000047e+01 2.315589364000000387e+03 2.401769000000000233e+03
2.208500000000000085e+01 1.034711112000000099e+01 2.315543074000000161e+03 2.401769000000000233e+03
2.208999999999999986e+01 1.029600695999999971e+01 2.315968942000000425e+03 2.401769000000000233e+03
2.209499999999999886e+01 1.029600695999999971e+01 2.315968942000000425e+03 2.401769000000000233e+03
2.210000000000000142e+01 1.024527311999999846e+01 2.316391724000000067e+03 2.401769000000000233e+03
2.210500000000000043e+01 1.031896680000000011e+01 2.315777610000000095e+03 2.401769000000000233e+03
2.210999999999999943e+01 1.034711112000000099e+01 2.315543074000000161e+03 2.401769000000000233e+03
2.211500000000000199e+01 1.031896680000000011e+01 2.315777610000000095e+03 2.401769000000000233e+03
2.212000000000000099e+01 1.033007640000000116e+01 2.315685030000000097e+03 2.401769000000000233e+03
2.212500000000000000e+01 1.031304167999999954e+01 2.315826986000000034e+03 2.401769000000000233e+03
2.212999999999999901e+01 1.039229015999999994e+01 2.315166582000000290e+03 2.401769000000000233e+03
2.213500000000000156e+01 1.036414584000000083e+01 2.315401118000000224e+03 2.401769000000000233e+03
2.214000000000000057e+01 1.033007640000000116e+01 2.315685030000000097e+03 2.401769000000000233e+03
2.214499999999999957e+01 1.029045215999999918e+01 2.316015232000000196e+03 2.401769000000000233e+03
2.214999999999999858e+01 1.031304167999999954e+01 2.315826986000000034e+03 2.401769000000000233e+03
2.215500000000000114e+01 1.037525544000000011e+01 2.315308538000000226e+03 2.401769000000000233e+03
2.216000000000000014e+01 1.029045215999999918e+01 2.316015232000000196e+03 2.401769000000000233e+03
2.216499999999999915e+01 1.032452160000000063e+01 2.315731320000000323e+03 2.401769000000000233e+03
2.217000000000000171e+01 1.035266592000000152e+01 2.315496784000000389e+03 2.401769000000000233e+03
2.217500000000000071e+01 1.023971832000000148e+01 2.316438014000000294e+03 2.401769000000000233e+03
2.217999999999999972e+01 1.029045215999999918e+01 2.316015232000000196e+03 2.401769000000000233e+03
2.218499999999999872e+01 1.034155632000000047e+01 2.315589364000000387e+03 2.401769000000000233e+03
2.219000000000000128e+01 1.033563119999999991e+01 2.315638740000000325e+03 2.401769000000000233e+03
2.219500000000000028e+01 1.033563119999999991e+01 2.315638740000000325e+03 2.401769000000000233e+03
2.219999999999999929e+01 1.029600695999999971e+01 2.315968942000000425e+03 2.401769000000000233e+03
2.220500000000000185e+01 1.029600695999999971e+01 2.315968942000000425e+03 2.401769000000000233e+03
2.221000000000000085e+01 1.026786263999999882e+01 2.316203478000000359e+03 2.401769000000000233e+03
2.221499999999999986e+01 1.026230784000000007e+01 2.316249768000000131e+03 2.401769000000000233e+03
2.221999999999999886e+01 1.026786263999999882e+01 2.316203478000000359e+03 2.401769000000000233e+03
2.222500000000000142e+01 1.025675303999999954e+01 2.316296058000000357e+03 2.401769000000000233e+03
2.223000000000000043e+01 1.029045215999999918e+01 2.316015232000000196e+03 2.401769000000000233e+03
2.223499999999999943e+01 1.031896680000000011e+01 2.315777610000000095e+03 2.401769000000000233e+03
2.224000000000000199e+01 1.033007640000000116e+01 2.315685030000000097e+03 2.401769000000000233e+03
2.224500000000000099e+01 1.024527311999999846e+01 2.316391724000000067e+03 2.401769000000000233e+03
2.225000000000000000e+01 1.026786263999999882e+01 2.316203478000000359e+03 2.401769000000000233e+03
2.225499999999999901e+01 1.029045215999999918e+01 2.316015232000000196e+03 2.401769000000000233e+03
2.226000000000000156e+01 1.030193208000000027e+01 2.315919566000000032e+03 2.401769000000000233e+03
2.226500000000000057e+01 1.030193208000000027e+01 2.315919566000000032e+03 2.401769000000000233e+03
2.226999999999999957e+01 1.035266592000000152e+01 2.315496784000000389e+03 2.401769000000000233e+03
2.227499999999999858e+01 1.034711112000000099e+01 2.315543074000000161e+03 2.401769000000000233e+03
2.228000000000000114e+01 1.033563119999999991e+01 2.315638740000000325e+03 2.401769000000000233e+03
2.228500000000000014e+01 1.037525544000000011e+01 2.315308538000000226e+03 2.401769000000000233e+03
2.228999999999999915e+01 1.032452160000000063e+01 2.315731320000000323e+03 2.401769000000000233e+03
2.229500000000000171e+01 1.026786263999999882e+01 2.316203478000000359e+03 2.401769000000000233e+03
2.230000000000000071e+01 1.032452160000000063e+01 2.315731320000000323e+03 2.401769000000000233e+03
2.230499999999999972e+01 1.027341743999999935e+01 2.316157188000000133e+03 2.401769000000000233e+03
2.230999999999999872e+01 1.025082791999999898e+01 2.316345434000000296e+03 2.401769000000000233e+03
2.231500000000000128e+01 1.031896680000000011e+01 2.315777610000000095e+03 2.401769000000000233e+03
2.232000000000000028e+01 1.028489736000000043e+01 2.316061522000000423e+03 2.401769000000000233e+03
2.232499999999999929e+01 1.027934255999999991e+01 2.316107812000000195e+03 2.401769000000000233e+03
2.233000000000000185e+01 1.025675303999999954e+01 2.316296058000000357e+03 2.401769000000000233e+03
2.233500000000000085e+01 1.033563119999999991e+01 2.315638740000000325e+03 2.401769000000000233e+03
2.233999999999999986e+01 1.031896680000000011e+01 2.315777610000000095e+03 2.401769000000000233e+03
2.234499999999999886e+01 1.026786263999999882e+01 2.316203478000000359e+03 2.401769000000000233e+03
2.235000000000000142e+01 1.030193208000000027e+01 2.315919566000000032e+03 2.401769000000000233e+03
2.235500000000000043e+01 1.036970063999999958e+01 2.315354828000000452e+03 2.401769000000000233e+03
2.235999999999999943e+01 1.031304167999999954e+01 2.315826986000000034e+03 2.401769000000000233e+03
2.236500000000000199e+01 1.030193208000000027e+01 2.315919566000000032e+03 2.401769000000000233e+03
2.237000000000000099e+01 1.033007640000000116e+01 2.315685030000000097e+03 2.401769000000000233e+03
2.237500000000000000e+01 1.030193208000000027e+01 2.315919566000000032e+03 2.401769000000000233e+03
2.237999999999999901e+01 1.028489736000000043e+01 2.316061522000000423e+03 2.401769000000000233e+03
2.238500000000000156e+01 1.031896680000000011e+01 2.315777610000000095e+03 2.401769000000000233e+03
2.239000000000000057e+01 1.031304167999999954e+01 2.315826986000000034e+03 2.401769000000000233e+03
2.239499999999999957e+01 1.030193208000000027e+01 2.315919566000000032e+03 2.401769000000000233e+03
2.239999999999999858e+01 1.028489736000000043e+01 2.316061522000000423e+03 2.401769000000000233e+03
2.240500000000000114e+01 1.030193208000000027e+01 2.315919566000000032e+03 2.401769000000000233e+03
2.241000000000000014e+01 1.026230784000000007e+01 2.316249768000000131e+03 2.401769000000000233e+03
2.241499999999999915e+01 1.024527311999999846e+01 2.316391724000000067e+03 2.401769000000000233e+03
2.242000000000000171e+01 1.026230784000000007e+01 2.316249768000000131e+03 2.401769000000000233e+03
2.242500000000000071e+01 1.032452160000000063e+01 2.315731320000000323e+03 2.401769000000000233e+03
2.242999999999999972e+01 1.029045215999999918e+01 2.316015232000000196e+03 2.401769000000000233e+03
2.243499999999999872e+01 1.038673535999999942e+01 2.315212872000000061e+03 2.401769000000000233e+03
2.244000000000000128e+01 1.036414584000000083e+01 2.315401118000000224e+03 2.401769000000000233e+03
2.244500000000000028e+01 1.035822071999999849e+01 2.315450494000000162e+03 2.401769000000000233e+03
2.244999999999999929e+01 1.033007640000000116e+01 2.315685030000000097e+03 2.401769000000000233e+03
2.245500000000000185e+01 1.026786263999999882e+01 2.316203478000000359e+03 2.401769000000000233e+03
2.246000000000000085e+01 1.028489736000000043e+01 2.316061522000000423e+03 2.401769000000000233e+03
2.246499999999999986e+01 1.029600695999999971e+01 2.315968942000000425e+03 2.401769000000000233e+03
2.246999999999999886e+01 1.033007640000000116e+01 2.315685030000000097e+03 2.401769000000000233e+03
2.247500000000000142e+01 1.029600695999999971e+01 2.315968942000000425e+03 2.401769000000000233e+03
2.248000000000000043e+01 1.032452160000000063e+01 2.315731320000000323e+03 2.401769000000000233e+03
2.248499999999999943e+01 1.032452160000000063e+01 2.315731320000000323e+03 2.401769000000000233e+03
2.249000000000000199e+01 1.022823840000000040e+01 2.316533680000000459e+03 2.401769000000000233e+03
2.249500000000000099e+01 1.021712880000000112e+01 2.316626260000000002e+03 2.401769000000000233e+03
2.250000000000000000e+01 1.020009407999999951e+01 2.316768216000000393e+03 2.401769000000000233e+03
2.250499999999999901e+01 1.026786263999999882e+01 2.316203478000000359e+03 2.401769000000000233e+03
2.251000000000000156e+01 1.023416352000000096e+01 2.316484304000000066e+03 2.401769000000000233e+03
2.251500000000000057e+01 1.028489736000000043e+01 2.316061522000000423e+03 2.401769000000000233e+03
2.251999999999999957e+01 1.035266592000000152e+01 2.315496784000000389e+03 2.401769000000000233e+03
2.252499999999999858e+01 1.026230784000000007e+01 2.316249768000000131e+03 2.401769000000000233e+03
2.253000000000000114e+01 1.025675303999999954e+01 2.316296058000000357e+03 2.401769000000000233e+03
2.253500000000000014e+01 1.026786263999999882e+01 2.316203478000000359e+03 2.401769000000000233e+03
2.253999999999999915e+01 1.023971832000000148e+01 2.316438014000000294e+03 2.401769000000000233e+03
2.254500000000000171e+01 1.023416352000000096e+01 2.316484304000000066e+03 2.401769000000000233e+03
2.255000000000000071e+01 1.026786263999999882e+01 2.316203478000000359e+03 2.401769000000000233e+03
2.255499999999999972e+01 1.031896680000000011e+01 2.315777610000000095e+03 2.401769000000000233e+03
2.255999999999999872e+01 1.026786263999999882e+01 2.316203478000000359e+03 2.401769000000000233e+03
2.256500000000000128e+01 1.022268359999999987e+01 2.316579970000000230e+03 2.401769000000000233e+03
2.257000000000000028e+01 1.022823840000000040e+01 2.316533680000000459e+03 2.401769000000000233e+03
2.257499999999999929e+01 1.015491503999999878e+01 2.317144708000000264e+03 2.401769000000000233e+03
2.258000000000000185e+01 1.021712880000000112e+01 2.316626260000000002e+03 2.401769000000000233e+03
2.258500000000000085e+01 1.023416352000000096e+01 2.316484304000000066e+03 2.401769000000000233e+03
2.258999999999999986e+01 1.028489736000000043e+01 2.316061522000000423e+03 2.401769000000000233e+03
2.259499999999999886e+01 1.025675303999999954e+01 2.316296058000000357e+03 2.401769000000000233e+03
2.260000000000000142e+01 1.023416352000000096e+01 2.316484304000000066e+03 2.401769000000000233e+03
2.260500000000000043e+01 1.024527311999999846e+01 2.316391724000000067e+03 2.401769000000000233e+03
2.260999999999999943e+01 1.030748688000000080e+01 2.315873276000000260e+03 2.401769000000000233e+03
2.261500000000000199e+01 1.029600695999999971e+01 2.315968942000000425e+03 2.401769000000000233e+03
2.262000000000000099e+01 1.031896680000000011e+01 2.315777610000000095e+03 2.401769000000000233e+03
2.262500000000000000e+01 1.027934255999999991e+01 2.316107812000000195e+03 2.401769000000000233e+03
2.262999999999999901e+01 1.027934255999999991e+01 2.316107812000000195e+03 2.401769000000000233e+03
2.263500000000000156e+01 1.033563119999999991e+01 2.315638740000000325e+03 2.401769000000000233e+03
2.264000000000000057e+01 1.030748688000000080e+01 2.315873276000000260e+03 2.401769000000000233e+03
2.264499999999999957e+01 1.029045215999999918e+01 2.316015232000000196e+03 2.401769000000000233e+03
2.264999999999999858e+01 1.029600695999999971e+01 2.315968942000000425e+03 2.401769000000000233e+03
2.265500000000000114e+01 1.028489736000000043e+01 2.316061522000000423e+03 2.401769000000000233e+03
2.266000000000000014e+01 1.026230784000000007e+01 2.316249768000000131e+03 2.401769000000000233e+03
2.266499999999999915e+01 1.027934255999999991e+01 2.316107812000000195e+03 2.401769000000000233e+03
2.267000000000000171e+01 1.027934255999999991e+01 2.316107812000000195e+03 2.401769000000000233e+03
2.267500000000000071e+01 1.023971832000000148e+01 2.316438014000000294e+03 2.401769000000000233e+03
2.267999999999999972e+01 1.026230784000000007e+01 2.316249768000000131e+03 2.401769000000000233e+03
2.268499999999999872e+01 1.027341743999999935e+01 2.316157188000000133e+03 2.401769000000000233e+03
2.269000000000000128e+01 1.030748688000000080e+01 2.315873276000000260e+03 2.401769000000000233e+03
2.269500000000000028e+01 1.029045215999999918e+01 2.316015232000000196e+03 2.401769000000000233e+03
2.269999999999999929e+01 1.030193208000000027e+01 2.315919566000000032e+03 2.401769000000000233e+03
2.270500000000000185e+01 1.028489736000000043e+01 2.316061522000000423e+03 2.401769000000000233e+03
2.271000000000000085e+01 1.029045215999999918e+01 2.316015232000000196e+03 2.401769000000000233e+03
2.271499999999999986e+01 1.027934255999999991e+01 2.316107812000000195e+03 2.401769000000000233e+03
2.271999999999999886e+01 1.030193208000000027e+01 2.315919566000000032e+03 2.401769000000000233e+03
2.272500000000000142e+01 1.025675303999999954e+01 2.316296058000000357e+03 2.401769000000000233e+03
2.273000000000000043e+01 1.027934255999999991e+01 2.316107812000000195e+03 2.401769000000000233e+03
2.273499999999999943e+01 1.031304167999999954e+01 2.315826986000000034e+03 2.401769000000000233e+03
2.274000000000000199e+01 1.029045215999999918e+01 2.316015232000000196e+03 2.401769000000000233e+03
2.274500000000000099e+01 1.025675303999999954e+01 2.316296058000000357e+03 2.401769000000000233e+03
2.275000000000000000e+01 1.027934255999999991e+01 2.316107812000000195e+03 2.401769000000000233e+03
2.275499999999999901e+01 1.024527311999999846e+01 2.316391724000000067e+03 2.401769000000000233e+03
2.276000000000000156e+01 1.018305935999999967e+01 2.316910172000000330e+03 2.401769000000000233e+03
2.276500000000000057e+01 1.024527311999999846e+01 2.316391724000000067e+03 2.401769000000000233e+03
2.276999999999999957e+01 1.030193208000000027e+01 2.315919566000000032e+03 2.401769000000000233e+03
2.277499999999999858e+01 1.026230784000000007e+01 2.316249768000000131e+03 2.401769000000000233e+03
2.278000000000000114e+01 1.020564888000000003e+01 2.316721926000000167e+03 2.401769000000000233e+03
2.278500000000000014e+01 1.028489736000000043e+01 2.316061522000000423e+03 2.401769000000000233e+03
2.278999999999999915e+01 1.023971832000000148e+01 2.316438014000000294e+03 2.401769000000000233e+03
2.279500000000000171e+01 1.021712880000000112e+01 2.316626260000000002e+03 2.401769000000000233e+03
2.280000000000000071e+01 1.024527311999999846e+01 2.316391724000000067e+03 2.401769000000000233e+03
2.280499999999999972e+01 1.026230784000000007e+01 2.316249768000000131e+03 2.401769000000000233e+03
2.280999999999999872e+01 1.017750455999999915e+01 2.316956462000000101e+03 2.401769000000000233e+03
2.281500000000000128e+01 1.027934255999999991e+01 2.316107812000000195e+03 2.401769000000000233e+03
2.282000000000000028e+01 1.027341743999999935e+01 2.316157188000000133e+03 2.401769000000000233e+03
2.282499999999999929e+01 1.026230784000000007e+01 2.316249768000000131e+03 2.401769000000000233e+03
2.283000000000000185e+01 1.025082791999999898e+01 2.316345434000000296e+03 2.401769000000000233e+03
2.283500000000000085e+01 1.021157400000000059e+01 2.316672550000000228e+03 2.401769000000000233e+03
2.283999999999999986e+01 1.020564888000000003e+01 2.316721926000000167e+03 2.401769000000000233e+03
2.284499999999999886e+01 1.026230784000000007e+01 2.316249768000000131e+03 2.401769000000000233e+03
2.285000000000000142e+01 1.030748688000000080e+01 2.315873276000000260e+03 2.401769000000000233e+03
2.285500000000000043e+01 1.025675303999999954e+01 2.316296058000000357e+03 2.401769000000000233e+03
2.285999999999999943e+01 1.029045215999999918e+01 2.316015232000000196e+03 2.401769000000000233e+03
2.286500000000000199e+01 1.025675303999999954e+01 2.316296058000000357e+03 2.401769000000000233e+03
2.287000000000000099e+01 1.028489736000000043e+01 2.316061522000000423e+03 2.401769000000000233e+03
2.287500000000000000e+01 1.023971832000000148e+01 2.316438014000000294e+03 2.401769000000000233e+03
2.287999999999999901e+01 1.025082791999999898e+01 2.316345434000000296e+03 2.401769000000000233e+03
2.288500000000000156e+01 1.019453928000000076e+01 2.316814506000000165e+03 2.401769000000000233e+03
2.289000000000000057e+01 1.025082791999999898e+01 2.316345434000000296e+03 2.401769000000000233e+03
2.289499999999999957e+01 1.024527311999999846e+01 2.316391724000000067e+03 2.401769000000000233e+03
2.289999999999999858e+01 1.029045215999999918e+01 2.316015232000000196e+03 2.401769000000000233e+03
2.290500000000000114e+01 1.031304167999999954e+01 2.315826986000000034e+03 2.401769000000000233e+03
2.291000000000000014e+01 1.021712880000000112e+01 2.316626260000000002e+03 2.401769000000000233e+03
2.291499999999999915e+01 1.022823840000000040e+01 2.316533680000000459e+03 2.401769000000000233e+03
2.292000000000000171e+01 1.024527311999999846e+01 2.316391724000000067e+03 2.401769000000000233e+03
2.292500000000000071e+01 1.025675303999999954e+01 2.316296058000000357e+03 2.401769000000000233e+03
2.292999999999999972e+01 1.027341743999999935e+01 2.316157188000000133e+03 2.401769000000000233e+03
2.293499999999999872e+01 1.025082791999999898e+01 2.316345434000000296e+03 2.401769000000000233e+03
2.294000000000000128e+01 1.023416352000000096e+01 2.316484304000000066e+03 2.401769000000000233e+03
2.294500000000000028e+01 1.019453928000000076e+01 2.316814506000000165e+03 2.401769000000000233e+03
2.294999999999999929e+01 1.016046983999999931e+01 2.317098418000000038e+03 2.401769000000000233e+03
2.295500000000000185e+01 1.017750455999999915e+01 2.316956462000000101e+03 2.401769000000000233e+03
2.296000000000000085e+01 1.020009407999999951e+01 2.316768216000000393e+03 2.401769000000000233e+03
2.296499999999999986e+01 1.017194975999999862e+01 2.317002752000000328e+03 2.401769000000000233e+03
2.296999999999999886e+01 1.020009407999999951e+01 2.316768216000000393e+03 2.401769000000000233e+03
2.297500000000000142e+01 1.025675303999999954e+01 2.316296058000000357e+03 2.401769000000000233e+03
2.298000000000000043e+01 1.023971832000000148e+01 2.316438014000000294e+03 2.401769000000000233e+03
2.298499999999999943e+01 1.022823840000000040e+01 2.316533680000000459e+03 2.401769000000000233e+03
2.299000000000000199e+01 1.026786263999999882e+01 2.316203478000000359e+03 2.401769000000000233e+03
2.299500000000000099e+01 1.022268359999999987e+01 2.316579970000000230e+03 2.401769000000000233e+03
2.300000000000000000e+01 1.022268359999999987e+01 2.316579970000000230e+03 2.401769000000000233e+03
2.300499999999999901e+01 1.026230784000000007e+01 2.316249768000000131e+03 2.401769000000000233e+03
2.301000000000000156e+01 1.023971832000000148e+01 2.316438014000000294e+03 2.401769000000000233e+03
2.301500000000000057e+01 1.025675303999999954e+01 2.316296058000000357e+03 2.401769000000000233e+03
2.301999999999999957e+01 1.021712880000000112e+01 2.316626260000000002e+03 2.401769000000000233e+03
2.302499999999999858e+01 1.025675303999999954e+01 2.316296058000000357e+03 2.401769000000000233e+03
2.303000000000000114e+01 1.025675303999999954e+01 2.316296058000000357e+03 2.401769000000000233e+03
2.303500000000000014e+01 1.023416352000000096e+01 2.316484304000000066e+03 2.401769000000000233e+03
2.303999999999999915e+01 1.018305935999999967e+01 2.316910172000000330e+03 2.401769000000000233e+03
2.304500000000000171e+01 1.022823840000000040e+01 2.316533680000000459e+03 2.401769000000000233e+03
2.305000000000000071e+01 1.026786263999999882e+01 2.316203478000000359e+03 2.401769000000000233e+03
2.305499999999999972e+01 1.020564888000000003e+01 2.316721926000000167e+03 2.401769000000000233e+03
2.305999999999999872e+01 1.023416352000000096e+01 2.316484304000000066e+03 2.401769000000000233e+03
2.306500000000000128e+01 1.026786263999999882e+01 2.316203478000000359e+03 2.401769000000000233e+03
2.307000000000000028e+01 1.020564888000000003e+01 2.316721926000000167e+03 2.401769000000000233e+03
2.307499999999999929e+01 1.023971832000000148e+01 2.316438014000000294e+03 2.401769000000000233e+03
2.308000000000000185e+01 1.021157400000000059e+01 2.316672550000000228e+03 2.401769000000000233e+03
2.308500000000000085e+01 1.023416352000000096e+01 2.316484304000000066e+03 2.401769000000000233e+03
2.308999999999999986e+01 1.021712880000000112e+01 2.316626260000000002e+03 2.401769000000000233e+03
2.309499999999999886e+01 1.026230784000000007e+01 2.316249768000000131e+03 2.401769000000000233e+03
2.310000000000000142e+01 1.017750455999999915e+01 2.316956462000000101e+03 2.401769000000000233e+03
2.310500000000000043e+01 1.020564888000000003e+01 2.316721926000000167e+03 2.401769000000000233e+03
2.310999999999999943e+01 1.022823840000000040e+01 2.316533680000000459e+03 2.401769000000000233e+03
2.311500000000000199e+01 1.022823840000000040e+01 2.316533680000000459e+03 2.401769000000000233e+03
2.312000000000000099e+01 1.020009407999999951e+01 2.316768216000000393e+03 2.401769000000000233e+03
2.312500000000000000e+01 1.026230784000000007e+01 2.316249768000000131e+03 2.401769000000000233e+03
2.312999999999999901e+01 1.026786263999999882e+01 2.316203478000000359e+03 2.401769000000000233e+03
2.313500000000000156e+01 1.029600695999999971e+01 2.315968942000000425e+03 2.401769000000000233e+03
2.314000000000000057e+01 1.026230784000000007e+01 2.316249768000000131e+03 2.401769000000000233e+03
2.314499999999999957e+01 1.020564888000000003e+01 2.316721926000000167e+03 2.401769000000000233e+03
2.314999999999999858e+01 1.024527311999999846e+01 2.316391724000000067e+03 2.401769000000000233e+03
2.315500000000000114e+01 1.018898448000000023e+01 2.316860796000000391e+03 2.401769000000000233e+03
2.316000000000000014e+01 1.017750455999999915e+01 2.316956462000000101e+03 2.401769000000000233e+03
2.316499999999999915e+01 1.022823840000000040e+01 2.316533680000000459e+03 2.401769000000000233e+03
2.317000000000000171e+01 1.026786263999999882e+01 2.316203478000000359e+03 2.401769000000000233e+03
2.317500000000000071e+01 1.025082791999999898e+01 2.316345434000000296e+03 2.401769000000000233e+03
2.317999999999999972e+01 1.023416352000000096e+01 2.316484304000000066e+03 2.401769000000000233e+03
2.318499999999999872e+01 1.022268359999999987e+01 2.316579970000000230e+03 2.401769000000000233e+03
2.319000000000000128e+01 1.023971832000000148e+01 2.316438014000000294e+03 2.401769000000000233e+03
2.319500000000000028e+01 1.026786263999999882e+01 2.316203478000000359e+03 2.401769000000000233e+03
2.319999999999999929e+01 1.027341743999999935e+01 2.316157188000000133e+03 2.401769000000000233e+03
2.320500000000000185e+01 1.023971832000000148e+01 2.316438014000000294e+03 2.401769000000000233e+03
2.321000000000000085e+01 1.028489736000000043e+01 2.316061522000000423e+03 2.401769000000000233e+03
2.321499999999999986e+01 1.028489736000000043e+01 2.316061522000000423e+03 2.401769000000000233e+03
2.321999999999999886e+01 1.025082791999999898e+01 2.316345434000000296e+03 2.401769000000000233e+03
2.322500000000000142e+01 1.024527311999999846e+01 2.316391724000000067e+03 2.401769000000000233e+03
2.323000000000000043e+01 1.021712880000000112e+01 2.316626260000000002e+03 2.401769000000000233e+03
2.323499999999999943e+01 1.028489736000000043e+01 2.316061522000000423e+03 2.401769000000000233e+03
2.324000000000000199e+01 1.024527311999999846e+01 2.316391724000000067e+03 2.401769000000000233e+03
2.324500000000000099e+01 1.027341743999999935e+01 2.316157188000000133e+03 2.401769000000000233e+03
2.325000000000000000e+01 1.027934255999999991e+01 2.316107812000000195e+03 2.401769000000000233e+03
2.325499999999999901e+01 1.023971832000000148e+01 2.316438014000000294e+03 2.401769000000000233e+03
2.326000000000000156e+01 1.022823840000000040e+01 2.316533680000000459e+03 2.401769000000000233e+03
2.326500000000000057e+01 1.027934255999999991e+01 2.316107812000000195e+03 2.401769000000000233e+03
2.326999999999999957e+01 1.023416352000000096e+01 2.316484304000000066e+03 2.401769000000000233e+03
2.327499999999999858e+01 1.025082791999999898e+01 2.316345434000000296e+03 2.401769000000000233e+03
2.328000000000000114e+01 1.020009407999999951e+01 2.316768216000000393e+03 2.401769000000000233e+03
2.328500000000000014e+01 1.027341743999999935e+01 2.316157188000000133e+03 2.401769000000000233e+03
2.328999999999999915e+01 1.022268359999999987e+01 2.316579970000000230e+03 2.401769000000000233e+03
2.329500000000000171e+01 1.025675303999999954e+01 2.316296058000000357e+03 2.401769000000000233e+03
2.330000000000000071e+01 1.015491503999999878e+01 2.317144708000000264e+03 2.401769000000000233e+03
2.330499999999999972e+01 1.020009407999999951e+01 2.316768216000000393e+03 2.401769000000000233e+03
2.330999999999999872e+01 1.020009407999999951e+01 2.316768216000000393e+03 2.401769000000000233e+03
2.331500000000000128e+01 1.023971832000000148e+01 2.316438014000000294e+03 2.401769000000000233e+03
2.332000000000000028e+01 1.021712880000000112e+01 2.316626260000000002e+03 2.401769000000000233e+03
2.332499999999999929e+01 1.022823840000000040e+01 2.316533680000000459e+03 2.401769000000000233e+03
2.333000000000000185e+01 1.020009407999999951e+01 2.316768216000000393e+03 2.401769000000000233e+03
2.333500000000000085e+01 1.022268359999999987e+01 2.316579970000000230e+03 2.401769000000000233e+03
2.333999999999999986e+01 1.019453928000000076e+01 2.316814506000000165e+03 2.401769000000000233e+03
2.334499999999999886e+01 1.017750455999999915e+01 2.316956462000000101e+03 2.401769000000000233e+03
2.335000000000000142e+01 1.014343511999999947e+01 2.317240374000000429e+03 2.401769000000000233e+03
2.335500000000000043e+01 1.018305935999999967e+01 2.316910172000000330e+03 2.401769000000000233e+03
2.335999999999999943e+01 1.026230784000000007e+01 2.316249768000000131e+03 2.401769000000000233e+03
2.336500000000000199e+01 1.022268359999999987e+01 2.316579970000000230e+03 2.401769000000000233e+03
2.337000000000000099e+01 1.023971832000000148e+01 2.316438014000000294e+03 2.401769000000000233e+03
2.337500000000000000e+01 1.016046983999999931e+01 2.317098418000000038e+03 2.401769000000000233e+03
2.337999999999999901e+01 1.020009407999999951e+01 2.316768216000000393e+03 2.401769000000000233e+03
2.338500000000000156e+01 1.023971832000000148e+01 2.316438014000000294e+03 2.401769000000000233e+03
2.339000000000000057e+01 1.023416352000000096e+01 2.316484304000000066e+03 2.401769000000000233e+03
2.339499999999999957e+01 1.019453928000000076e+01 2.316814506000000165e+03 2.401769000000000233e+03
2.339999999999999858e+01 1.021157400000000059e+01 2.316672550000000228e+03 2.401769000000000233e+03
2.340500000000000114e+01 1.024527311999999846e+01 2.316391724000000067e+03 2.401769000000000233e+03
2.341000000000000014e+01 1.022823840000000040e+01 2.316533680000000459e+03 2.401769000000000233e+03
2.341499999999999915e+01 1.020009407999999951e+01 2.316768216000000393e+03 2.401769000000000233e+03
2.342000000000000171e+01 1.020564888000000003e+01 2.316721926000000167e+03 2.401769000000000233e+03
2.342500000000000071e+01 1.023971832000000148e+01 2.316438014000000294e+03 2.401769000000000233e+03
2.342999999999999972e+01 1.020009407999999951e+01 2.316768216000000393e+03 2.401769000000000233e+03
2.343499999999999872e+01 1.020009407999999951e+01 2.316768216000000393e+03 2.401769000000000233e+03
2.344000000000000128e+01 1.021712880000000112e+01 2.316626260000000002e+03 2.401769000000000233e+03
2.344500000000000028e+01 1.016639495999999987e+01 2.317049042000000100e+03 2.401769000000000233e+03
2.344999999999999929e+01 1.017750455999999915e+01 2.316956462000000101e+03 2.401769000000000233e+03
2.345500000000000185e+01 1.023416352000000096e+01 2.316484304000000066e+03 2.401769000000000233e+03
2.346000000000000085e+01 1.020564888000000003e+01 2.316721926000000167e+03 2.401769000000000233e+03
2.346499999999999986e+01 1.023416352000000096e+01 2.316484304000000066e+03 2.401769000000000233e+03
2.346999999999999886e+01 1.021157400000000059e+01 2.316672550000000228e+03 2.401769000000000233e+03
2.347500000000000142e+01 1.019453928000000076e+01 2.316814506000000165e+03 2.401769000000000233e+03
2.348000000000000043e+01 1.019453928000000076e+01 2.316814506000000165e+03 2.401769000000000233e+03
2.348499999999999943e+01 1.019453928000000076e+01 2.316814506000000165e+03 2.401769000000000233e+03
2.349000000000000199e+01 1.019453928000000076e+01 2.316814506000000165e+03 2.401769000000000233e+03
2.349500000000000099e+01 1.023416352000000096e+01 2.316484304000000066e+03 2.401769000000000233e+03
2.350000000000000000e+01 1.020009407999999951e+01 2.316768216000000393e+03 2.401769000000000233e+03
2.350499999999999901e+01 1.018898448000000023e+01 2.316860796000000391e+03 2.401769000000000233e+03
2.351000000000000156e+01 1.020564888000000003e+01 2.316721926000000167e+03 2.401769000000000233e+03
2.351500000000000057e+01 1.017194975999999862e+01 2.317002752000000328e+03 2.401769000000000233e+03
2.351999999999999957e+01 1.022268359999999987e+01 2.316579970000000230e+03 2.401769000000000233e+03
2.352499999999999858e+01 1.023971832000000148e+01 2.316438014000000294e+03 2.401769000000000233e+03
2.353000000000000114e+01 1.022268359999999987e+01 2.316579970000000230e+03 2.401769000000000233e+03
2.353500000000000014e+01 1.023971832000000148e+01 2.316438014000000294e+03 2.401769000000000233e+03
2.353999999999999915e+01 1.021712880000000112e+01 2.316626260000000002e+03 2.401769000000000233e+03
2.354500000000000171e+01 1.025082791999999898e+01 2.316345434000000296e+03 2.401769000000000233e+03
2.355000000000000071e+01 1.022268359999999987e+01 2.316579970000000230e+03 2.401769000000000233e+03
2.355499999999999972e+01 1.021157400000000059e+01 2.316672550000000228e+03 2.401769000000000233e+03
2.355999999999999872e+01 1.018898448000000023e+01 2.316860796000000391e+03 2.401769000000000233e+03
2.356500000000000128e+01 1.020009407999999951e+01 2.316768216000000393e+03 2.401769000000000233e+03
2.357000000000000028e+01 1.021157400000000059e+01 2.316672550000000228e+03 2.401769000000000233e+03
2.357499999999999929e+01 1.019453928000000076e+01 2.316814506000000165e+03 2.401769000000000233e+03
2.358000000000000185e+01 1.020009407999999951e+01 2.316768216000000393e+03 2.401769000000000233e+03
2.358500000000000085e+01 1.020564888000000003e+01 2.316721926000000167e+03 2.401769000000000233e+03
2.358999999999999986e+01 1.016639495999999987e+01 2.317049042000000100e+03 2.401769000000000233e+03
2.359499999999999886e+01 1.020009407999999951e+01 2.316768216000000393e+03 2.401769000000000233e+03
2.360000000000000142e+01 1.017750455999999915e+01 2.316956462000000101e+03 2.401769000000000233e+03
2.360500000000000043e+01 1.020564888000000003e+01 2.316721926000000167e+03 2.401769000000000233e+03
2.360999999999999943e+01 1.021712880000000112e+01 2.316626260000000002e+03 2.401769000000000233e+03
2.361500000000000199e+01 1.015491503999999878e+01 2.317144708000000264e+03 2.401769000000000233e+03
2.362000000000000099e+01 1.020564888000000003e+01 2.316721926000000167e+03 2.401769000000000233e+03
2.362500000000000000e+01 1.018898448000000023e+01 2.316860796000000391e+03 2.401769000000000233e+03
2.362999999999999901e+01 1.022823840000000040e+01 2.316533680000000459e+03 2.401769000000000233e+03
2.363500000000000156e+01 1.027341743999999935e+01 2.316157188000000133e+03 2.401769000000000233e+03
2.364000000000000057e+01 1.029600695999999971e+01 2.315968942000000425e+03 2.401769000000000233e+03
2.364499999999999957e+01 1.017194975999999862e+01 2.317002752000000328e+03 2.401769000000000233e+03
2.364999999999999858e+01 1.025082791999999898e+01 2.316345434000000296e+03 2.401769000000000233e+03
2.365500000000000114e+01 1.026230784000000007e+01 2.316249768000000131e+03 2.401769000000000233e+03
2.366000000000000014e+01 1.020564888000000003e+01 2.316721926000000167e+03 2.401769000000000233e+03
2.366499999999999915e+01 1.020564888000000003e+01 2.316721926000000167e+03 2.401769000000000233e+03
2.367000000000000171e+01 1.021712880000000112e+01 2.316626260000000002e+03 2.401769000000000233e+03
2.367500000000000071e+01 1.017194975999999862e+01 2.317002752000000328e+03 2.401769000000000233e+03
2.367999999999999972e+01 1.023416352000000096e+01 2.316484304000000066e+03 2.401769000000000233e+03
2.368499999999999872e+01 1.013788031999999895e+01 2.317286664000000201e+03 2.401769000000000233e+03
2.369000000000000128e+01 1.020009407999999951e+01 2.316768216000000393e+03 2.401769000000000233e+03
2.369500000000000028e+01 1.023416352000000096e+01 2.316484304000000066e+03 2.401769000000000233e+03
2.369999999999999929e+01 1.017194975999999862e+01 2.317002752000000328e+03 2.401769000000000233e+03
2.370500000000000185e+01 1.018305935999999967e+01 2.316910172000000330e+03 2.401769000000000233e+03
2.371000000000000085e+01 1.022823840000000040e+01 2.316533680000000459e+03 2.401769000000000233e+03
2.371499999999999986e+01 1.015491503999999878e+01 2.317144708000000264e+03 2.401769000000000233e+03
2.371999999999999886e+01 1.015491503999999878e+01 2.317144708000000264e+03 2.401769000000000233e+03
2.372500000000000142e+01 1.016639495999999987e+01 2.317049042000000100e+03 2.401769000000000233e+03
2.373000000000000043e+01 1.020009407999999951e+01 2.316768216000000393e+03 2.401769000000000233e+03
2.373499999999999943e+01 1.015491503999999878e+01 2.317144708000000264e+03 2.401769000000000233e+03
2.374000000000000199e+01 1.020009407999999951e+01 2.316768216000000393e+03 2.401769000000000233e+03
2.374500000000000099e+01 1.021157400000000059e+01 2.316672550000000228e+03 2.401769000000000233e+03
2.375000000000000000e+01 1.018898448000000023e+01 2.316860796000000391e+03 2.401769000000000233e+03
2.375499999999999901e+01 1.023416352000000096e+01 2.316484304000000066e+03 2.401769000000000233e+03
2.376000000000000156e+01 1.018305935999999967e+01 2.316910172000000330e+03 2.401769000000000233e+03
2.376500000000000057e+01 1.022268359999999987e+01 2.316579970000000230e+03 2.401769000000000233e+03
2.376999999999999957e+01 1.020564888000000003e+01 2.316721926000000167e+03 2.401769000000000233e+03
2.377499999999999858e+01 1.021712880000000112e+01 2.316626260000000002e+03 2.401769000000000233e+03
2.378000000000000114e+01 1.022268359999999987e+01 2.316579970000000230e+03 2.401769000000000233e+03
2.378500000000000014e+01 1.021157400000000059e+01 2.316672550000000228e+03 2.401769000000000233e+03
2.378999999999999915e+01 1.025675303999999954e+01 2.316296058000000357e+03 2.401769000000000233e+03
2.379500000000000171e+01 1.021712880000000112e+01 2.316626260000000002e+03 2.401769000000000233e+03
2.380000000000000071e+01 1.024527311999999846e+01 2.316391724000000067e+03 2.401769000000000233e+03
2.380499999999999972e+01 1.017750455999999915e+01 2.316956462000000101e+03 2.401769000000000233e+03
2.380999999999999872e+01 1.014936023999999826e+01 2.317190998000000036e+03 2.401769000000000233e+03
2.381500000000000128e+01 1.022823840000000040e+01 2.316533680000000459e+03 2.401769000000000233e+03
2.382000000000000028e+01 1.017750455999999915e+01 2.316956462000000101e+03 2.401769000000000233e+03
2.382499999999999929e+01 1.016639495999999987e+01 2.317049042000000100e+03 2.401769000000000233e+03
2.383000000000000185e+01 1.021157400000000059e+01 2.316672550000000228e+03 2.401769000000000233e+03
2.383500000000000085e+01 1.020009407999999951e+01 2.316768216000000393e+03 2.401769000000000233e+03
2.383999999999999986e+01 1.021712880000000112e+01 2.316626260000000002e+03 2.401769000000000233e+03
2.384499999999999886e+01 1.015491503999999878e+01 2.317144708000000264e+03 2.401769000000000233e+03
2.385000000000000142e+01 1.017750455999999915e+01 2.316956462000000101e+03 2.401769000000000233e+03
2.385500000000000043e+01 1.017194975999999862e+01 2.317002752000000328e+03 2.401769000000000233e+03
2.385999999999999943e+01 1.021712880000000112e+01 2.316626260000000002e+03 2.401769000000000233e+03
2.386500000000000199e+01 1.014936023999999826e+01 2.317190998000000036e+03 2.401769000000000233e+03
2.387000000000000099e+01 1.018898448000000023e+01 2.316860796000000391e+03 2.401769000000000233e+03
2.387500000000000000e+01 1.016046983999999931e+01 2.317098418000000038e+03 2.401769000000000233e+03
2.387999999999999901e+01 1.017194975999999862e+01 2.317002752000000328e+03 2.401769000000000233e+03
2.388500000000000156e+01 1.016639495999999987e+01 2.317049042000000100e+03 2.401769000000000233e+03
2.389000000000000057e+01 1.012084559999999911e+01 2.317428620000000137e+03 2.401769000000000233e+03
2.389499999999999957e+01 1.019453928000000076e+01 2.316814506000000165e+03 2.401769000000000233e+03
2.389999999999999858e+01 1.020009407999999951e+01 2.316768216000000393e+03 2.401769000000000233e+03
2.390500000000000114e+01 1.020564888000000003e+01 2.316721926000000167e+03 2.401769000000000233e+03
2.391000000000000014e+01 1.020564888000000003e+01 2.316721926000000167e+03 2.401769000000000233e+03
2.391499999999999915e+01 1.016639495999999987e+01 2.317049042000000100e+03 2.401769000000000233e+03
2.392000000000000171e+01 1.014936023999999826e+01 2.317190998000000036e+03 2.401769000000000233e+03
2.392500000000000071e+01 1.013232552000000020e+01 2.317332954000000427e+03 2.401769000000000233e+03
2.392999999999999972e+01 1.010973599999999983e+01 2.317521200000000135e+03 2.401769000000000233e+03
2.393499999999999872e+01 1.013232552000000020e+01 2.317332954000000427e+03 2.401769000000000233e+03
2.394000000000000128e+01 1.005307703999999980e+01 2.317993358000000171e+03 2.401769000000000233e+03
2.394500000000000028e+01 1.016046983999999931e+01 2.317098418000000038e+03 2.401769000000000233e+03
2.394999999999999929e+01 1.014343511999999947e+01 2.317240374000000429e+03 2.401769000000000233e+03
2.395500000000000185e+01 1.012677071999999967e+01 2.317379244000000199e+03 2.401769000000000233e+03
2.396000000000000085e+01 1.016046983999999931e+01 2.317098418000000038e+03 2.401769000000000233e+03
2.396499999999999986e+01 1.012084559999999911e+01 2.317428620000000137e+03 2.401769000000000233e+03
2.396999999999999886e+01 1.014936023999999826e+01 2.317190998000000036e+03 2.401769000000000233e+03
2.397500000000000142e+01 1.012677071999999967e+01 2.317379244000000199e+03 2.401769000000000233e+03
2.398000000000000043e+01 1.012677071999999967e+01 2.317379244000000199e+03 2.401769000000000233e+03
2.398499999999999943e+01 1.014343511999999947e+01 2.317240374000000429e+03 2.401769000000000233e+03
2.399000000000000199e+01 1.018898448000000023e+01 2.316860796000000391e+03 2.401769000000000233e+03
2.399500000000000099e+01 1.018898448000000023e+01 2.316860796000000391e+03 2.401769000000000233e+03
2.400000000000000000e+01 1.020564888000000003e+01 2.316721926000000167e+03 2.401769000000000233e+03
2.400499999999999901e+01 1.010973599999999983e+01 2.317521200000000135e+03 2.401769000000000233e+03
2.401000000000000156e+01 1.011529080000000036e+01 2.317474910000000364e+03 2.401769000000000233e+03
2.401500000000000057e+01 1.016046983999999931e+01 2.317098418000000038e+03 2.401769000000000233e+03
2.401999999999999957e+01 1.018898448000000023e+01 2.316860796000000391e+03 2.401769000000000233e+03
2.402499999999999858e+01 1.019453928000000076e+01 2.316814506000000165e+03 2.401769000000000233e+03
2.403000000000000114e+01 1.019453928000000076e+01 2.316814506000000165e+03 2.401769000000000233e+03
2.403500000000000014e+01 1.017750455999999915e+01 2.316956462000000101e+03 2.401769000000000233e+03
2.403999999999999915e+01 1.019453928000000076e+01 2.316814506000000165e+03 2.401769000000000233e+03
2.404500000000000171e+01 1.016639495999999987e+01 2.317049042000000100e+03 2.401769000000000233e+03
2.405000000000000071e+01 1.017750455999999915e+01 2.316956462000000101e+03 2.401769000000000233e+03
2.405499999999999972e+01 1.012084559999999911e+01 2.317428620000000137e+03 2.401769000000000233e+03
2.405999999999999872e+01 1.019453928000000076e+01 2.316814506000000165e+03 2.401769000000000233e+03
2.406500000000000128e+01 1.023971832000000148e+01 2.316438014000000294e+03 2.401769000000000233e+03
2.407000000000000028e+01 1.020009407999999951e+01 2.316768216000000393e+03 2.401769000000000233e+03
2.407499999999999929e+01 1.021157400000000059e+01 2.316672550000000228e+03 2.401769000000000233e+03
2.408000000000000185e+01 1.015491503999999878e+01 2.317144708000000264e+03 2.401769000000000233e+03
2.408500000000000085e+01 1.018305935999999967e+01 2.316910172000000330e+03 2.401769000000000233e+03
2.408999999999999986e+01 1.023416352000000096e+01 2.316484304000000066e+03 2.401769000000000233e+03
2.409499999999999886e+01 1.018305935999999967e+01 2.316910172000000330e+03 2.401769000000000233e+03
2.410000000000000142e+01 1.018305935999999967e+01 2.316910172000000330e+03 2.401769000000000233e+03
2.410500000000000043e+01 1.020564888000000003e+01 2.316721926000000167e+03 2.401769000000000233e+03
2.410999999999999943e+01 1.020564888000000003e+01 2.316721926000000167e+03 2.401769000000000233e+03
2.411500000000000199e+01 1.021157400000000059e+01 2.316672550000000228e+03 2.401769000000000233e+03
2.412000000000000099e+01 1.019453928000000076e+01 2.316814506000000165e+03 2.401769000000000233e+03
2.412500000000000000e+01 1.022268359999999987e+01 2.316579970000000230e+03 2.401769000000000233e+03
2.412999999999999901e+01 1.018305935999999967e+01 2.316910172000000330e+03 2.401769000000000233e+03
2.413500000000000156e+01 1.019453928000000076e+01 2.316814506000000165e+03 2.401769000000000233e+03
2.414000000000000057e+01 1.016639495999999987e+01 2.317049042000000100e+03 2.401769000000000233e+03
2.414499999999999957e+01 1.014936023999999826e+01 2.317190998000000036e+03 2.401769000000000233e+03
2.414999999999999858e+01 1.010973599999999983e+01 2.317521200000000135e+03 2.401769000000000233e+03
2.415500000000000114e+01 1.021157400000000059e+01 2.316672550000000228e+03 2.401769000000000233e+03
2.416000000000000014e+01 1.016046983999999931e+01 2.317098418000000038e+03 2.401769000000000233e+03
2.416499999999999915e+01 1.015491503999999878e+01 2.317144708000000264e+03 2.401769000000000233e+03
2.417000000000000171e+01 1.017750455999999915e+01 2.316956462000000101e+03 2.401769000000000233e+03
2.417500000000000071e+01 1.017194975999999862e+01 2.317002752000000328e+03 2.401769000000000233e+03
2.417999999999999972e+01 1.017750455999999915e+01 2.316956462000000101e+03 2.401769000000000233e+03
2.418499999999999872e+01 1.012084559999999911e+01 2.317428620000000137e+03 2.401769000000000233e+03
2.419000000000000128e+01 1.013232552000000020e+01 2.317332954000000427e+03 2.401769000000000233e+03
2.419500000000000028e+01 1.017750455999999915e+01 2.316956462000000101e+03 2.401769000000000233e+03
2.419999999999999929e+01 1.018898448000000023e+01 2.316860796000000391e+03 2.401769000000000233e+03
2.420500000000000185e+01 1.012084559999999911e+01 2.317428620000000137e+03 2.401769000000000233e+03
2.421000000000000085e+01 1.014936023999999826e+01 2.317190998000000036e+03 2.401769000000000233e+03
2.421499999999999986e+01 1.012084559999999911e+01 2.317428620000000137e+03 2.401769000000000233e+03
2.421999999999999886e+01 1.016639495999999987e+01 2.317049042000000100e+03 2.401769000000000233e+03
2.422500000000000142e+01 1.018898448000000023e+01 2.316860796000000391e+03 2.401769000000000233e+03
2.423000000000000043e+01 1.016046983999999931e+01 2.317098418000000038e+03 2.401769000000000233e+03
2.423499999999999943e+01 1.014936023999999826e+01 2.317190998000000036e+03 2.401769000000000233e+03
2.424000000000000199e+01 1.020009407999999951e+01 2.316768216000000393e+03 2.401769000000000233e+03
2.424500000000000099e+01 1.013788031999999895e+01 2.317286664000000201e+03 2.401769000000000233e+03
2.425000000000000000e+01 1.017750455999999915e+01 2.316956462000000101e+03 2.401769000000000233e+03
2.425499999999999901e+01 1.016046983999999931e+01 2.317098418000000038e+03 2.401769000000000233e+03
2.426000000000000156e+01 1.016046983999999931e+01 2.317098418000000038e+03 2.401769000000000233e+03
2.426500000000000057e+01 1.014343511999999947e+01 2.317240374000000429e+03 2.401769000000000233e+03
2.426999999999999957e+01 1.014343511999999947e+01 2.317240374000000429e+03 2.401769000000000233e+03
2.427499999999999858e+01 1.014936023999999826e+01 2.317190998000000036e+03 2.401769000000000233e+03
2.428000000000000114e+01 1.016046983999999931e+01 2.317098418000000038e+03 2.401769000000000233e+03
2.428500000000000014e+01 1.015491503999999878e+01 2.317144708000000264e+03 2.401769000000000233e+03
2.428999999999999915e+01 1.013788031999999895e+01 2.317286664000000201e+03 2.401769000000000233e+03
2.429500000000000171e+01 1.011529080000000036e+01 2.317474910000000364e+03 2.401769000000000233e+03
2.430000000000000071e+01 1.013788031999999895e+01 2.317286664000000201e+03 2.401769000000000233e+03
2.430499999999999972e+01 1.012677071999999967e+01 2.317379244000000199e+03 2.401769000000000233e+03
2.430999999999999872e+01 1.013788031999999895e+01 2.317286664000000201e+03 2.401769000000000233e+03
2.431500000000000128e+01 1.013788031999999895e+01 2.317286664000000201e+03 2.401769000000000233e+03
2.432000000000000028e+01 1.015491503999999878e+01 2.317144708000000264e+03 2.401769000000000233e+03
2.432499999999999929e+01 1.014936023999999826e+01 2.317190998000000036e+03 2.401769000000000233e+03
2.433000000000000185e+01 1.016046983999999931e+01 2.317098418000000038e+03 2.401769000000000233e+03
2.433500000000000085e+01 1.018305935999999967e+01 2.316910172000000330e+03 2.401769000000000233e+03
2.433999999999999986e+01 1.021157400000000059e+01 2.316672550000000228e+03 2.401769000000000233e+03
2.434499999999999886e+01 1.014936023999999826e+01 2.317190998000000036e+03 2.401769000000000233e+03
2.435000000000000142e+01 1.016046983999999931e+01 2.317098418000000038e+03 2.401769000000000233e+03
2.435500000000000043e+01 1.017750455999999915e+01 2.316956462000000101e+03 2.401769000000000233e+03
2.435999999999999943e+01 1.016639495999999987e+01 2.317049042000000100e+03 2.401769000000000233e+03
2.436500000000000199e+01 1.018898448000000023e+01 2.316860796000000391e+03 2.401769000000000233e+03
2.437000000000000099e+01 1.018898448000000023e+01 2.316860796000000391e+03 2.401769000000000233e+03
2.437500000000000000e+01 1.014936023999999826e+01 2.317190998000000036e+03 2.401769000000000233e+03
2.437999999999999901e+01 1.012084559999999911e+01 2.317428620000000137e+03 2.401769000000000233e+03
2.438500000000000156e+01 1.013232552000000020e+01 2.317332954000000427e+03 2.401769000000000233e+03
2.439000000000000057e+01 1.015491503999999878e+01 2.317144708000000264e+03 2.401769000000000233e+03
2.439499999999999957e+01 1.014343511999999947e+01 2.317240374000000429e+03 2.401769000000000233e+03
2.439999999999999858e+01 1.012677071999999967e+01 2.317379244000000199e+03 2.401769000000000233e+03
2.440500000000000114e+01 1.018898448000000023e+01 2.316860796000000391e+03 2.401769000000000233e+03
2.441000000000000014e+01 1.018898448000000023e+01 2.316860796000000391e+03 2.401769000000000233e+03
2.441499999999999915e+01 1.022823840000000040e+01 2.316533680000000459e+03 2.401769000000000233e+03
2.442000000000000171e+01 1.016046983999999931e+01 2.317098418000000038e+03 2.401769000000000233e+03
2.442500000000000071e+01 1.013232552000000020e+01 2.317332954000000427e+03 2.401769000000000233e+03
2.442999999999999972e+01 1.014343511999999947e+01 2.317240374000000429e+03 2.401769000000000233e+03
2.443499999999999872e+01 1.019453928000000076e+01 2.316814506000000165e+03 2.401769000000000233e+03
2.444000000000000128e+01 1.013788031999999895e+01 2.317286664000000201e+03 2.401769000000000233e+03
2.444500000000000028e+01 1.016046983999999931e+01 2.317098418000000038e+03 2.401769000000000233e+03
2.444999999999999929e+01 1.016639495999999987e+01 2.317049042000000100e+03 2.401769000000000233e+03
2.445500000000000185e+01 1.014936023999999826e+01 2.317190998000000036e+03 2.401769000000000233e+03
2.446000000000000085e+01 1.012084559999999911e+01 2.317428620000000137e+03 2.401769000000000233e+03
2.446499999999999986e+01 1.016046983999999931e+01 2.317098418000000038e+03 2.401769000000000233e+03
2.446999999999999886e+01 1.008159167999999895e+01 2.317755736000000070e+03 2.401769000000000233e+03
2.447500000000000142e+01 1.009270128000000000e+01 2.317663156000000072e+03 2.401769000000000233e+03
2.448000000000000043e+01 1.016046983999999931e+01 2.317098418000000038e+03 2.401769000000000233e+03
2.448499999999999943e+01 1.016046983999999931e+01 2.317098418000000038e+03 2.401769000000000233e+03
2.449000000000000199e+01 1.013788031999999895e+01 2.317286664000000201e+03 2.401769000000000233e+03
2.449500000000000099e+01 1.010973599999999983e+01 2.317521200000000135e+03 2.401769000000000233e+03
2.450000000000000000e+01 1.015491503999999878e+01 2.317144708000000264e+03 2.401769000000000233e+03
2.450499999999999901e+01 1.010973599999999983e+01 2.317521200000000135e+03 2.401769000000000233e+03
2.451000000000000156e+01 1.015491503999999878e+01 2.317144708000000264e+03 2.401769000000000233e+03
2.451500000000000057e+01 1.007011175999999963e+01 2.317851402000000235e+03 2.401769000000000233e+03
2.451999999999999957e+01 1.012084559999999911e+01 2.317428620000000137e+03 2.401769000000000233e+03
2.452499999999999858e+01 1.013232552000000020e+01 2.317332954000000427e+03 2.401769000000000233e+03
2.453000000000000114e+01 1.014936023999999826e+01 2.317190998000000036e+03 2.401769000000000233e+03
2.453500000000000014e+01 1.016046983999999931e+01 2.317098418000000038e+03 2.401769000000000233e+03
2.453999999999999915e+01 1.017750455999999915e+01 2.316956462000000101e+03 2.401769000000000233e+03
2.454500000000000171e+01 1.012677071999999967e+01 2.317379244000000199e+03 2.401769000000000233e+03
2.455000000000000071e+01 1.010973599999999983e+01 2.317521200000000135e+03 2.401769000000000233e+03
2.455499999999999972e+01 1.009825608000000052e+01 2.317616866000000300e+03 2.401769000000000233e+03
2.455999999999999872e+01 1.012677071999999967e+01 2.317379244000000199e+03 2.401769000000000233e+03
2.456500000000000128e+01 1.016639495999999987e+01 2.317049042000000100e+03 2.401769000000000233e+03
2.457000000000000028e+01 1.014936023999999826e+01 2.317190998000000036e+03 2.401769000000000233e+03
2.457499999999999929e+01 1.015491503999999878e+01 2.317144708000000264e+03 2.401769000000000233e+03
2.458000000000000185e+01 1.008159167999999895e+01 2.317755736000000070e+03 2.401769000000000233e+03
2.458500000000000085e+01 1.009825608000000052e+01 2.317616866000000300e+03 2.401769000000000233e+03
2.458999999999999986e+01 1.013788031999999895e+01 2.317286664000000201e+03 2.401769000000000233e+03
2.459499999999999886e+01 1.008714647999999947e+01 2.317709446000000298e+03 2.401769000000000233e+03
2.460000000000000142e+01 1.012677071999999967e+01 2.317379244000000199e+03 2.401769000000000233e+03
2.460500000000000043e+01 1.013788031999999895e+01 2.317286664000000201e+03 2.401769000000000233e+03
2.460999999999999943e+01 1.018898448000000023e+01 2.316860796000000391e+03 2.401769000000000233e+03
2.461500000000000199e+01 1.013788031999999895e+01 2.317286664000000201e+03 2.401769000000000233e+03
2.462000000000000099e+01 1.009825608000000052e+01 2.317616866000000300e+03 2.401769000000000233e+03
2.462500000000000000e+01 1.013788031999999895e+01 2.317286664000000201e+03 2.401769000000000233e+03
2.462999999999999901e+01 1.012677071999999967e+01 2.317379244000000199e+03 2.401769000000000233e+03
2.463500000000000156e+01 1.017750455999999915e+01 2.316956462000000101e+03 2.401769000000000233e+03
2.464000000000000057e+01 1.013788031999999895e+01 2.317286664000000201e+03 2.401769000000000233e+03
2.464499999999999957e+01 1.005900215999999858e+01 2.317943982000000233e+03 2.401769000000000233e+03
2.464999999999999858e+01 1.012084559999999911e+01 2.317428620000000137e+03 2.401769000000000233e+03
2.465500000000000114e+01 1.010418119999999931e+01 2.317567490000000362e+03 2.401769000000000233e+03
2.466000000000000014e+01 1.011529080000000036e+01 2.317474910000000364e+03 2.401769000000000233e+03
2.466499999999999915e+01 1.013232552000000020e+01 2.317332954000000427e+03 2.401769000000000233e+03
2.467000000000000171e+01 1.015491503999999878e+01 2.317144708000000264e+03 2.401769000000000233e+03
2.467500000000000071e+01 1.008159167999999895e+01 2.317755736000000070e+03 2.401769000000000233e+03
2.467999999999999972e+01 1.012677071999999967e+01 2.317379244000000199e+03 2.401769000000000233e+03
2.468499999999999872e+01 1.010973599999999983e+01 2.317521200000000135e+03 2.401769000000000233e+03
2.469000000000000128e+01 1.014936023999999826e+01 2.317190998000000036e+03 2.401769000000000233e+03
2.469500000000000028e+01 1.009270128000000000e+01 2.317663156000000072e+03 2.401769000000000233e+03
2.469999999999999929e+01 1.013788031999999895e+01 2.317286664000000201e+03 2.401769000000000233e+03
2.470500000000000185e+01 1.016639495999999987e+01 2.317049042000000100e+03 2.401769000000000233e+03
2.471000000000000085e+01 1.012677071999999967e+01 2.317379244000000199e+03 2.401769000000000233e+03
2.471499999999999986e+01 1.016046983999999931e+01 2.317098418000000038e+03 2.401769000000000233e+03
2.471999999999999886e+01 1.012084559999999911e+01 2.317428620000000137e+03 2.401769000000000233e+03
2.472500000000000142e+01 1.008159167999999895e+01 2.317755736000000070e+03 2.401769000000000233e+03
2.473000000000000043e+01 1.007011175999999963e+01 2.317851402000000235e+03 2.401769000000000233e+03
2.473499999999999943e+01 1.006455695999999911e+01 2.317897692000000461e+03 2.401769000000000233e+03
2.474000000000000199e+01 1.007011175999999963e+01 2.317851402000000235e+03 2.401769000000000233e+03
2.474500000000000099e+01 1.011529080000000036e+01 2.317474910000000364e+03 2.401769000000000233e+03
2.475000000000000000e+01 1.005900215999999858e+01 2.317943982000000233e+03 2.401769000000000233e+03
2.475499999999999901e+01 1.010973599999999983e+01 2.317521200000000135e+03 2.401769000000000233e+03
2.476000000000000156e+01 1.007011175999999963e+01 2.317851402000000235e+03 2.401769000000000233e+03
2.476500000000000057e+01 1.009270128000000000e+01 2.317663156000000072e+03 2.401769000000000233e+03
2.476999999999999957e+01 1.007566656000000016e+01 2.317805112000000008e+03 2.401769000000000233e+03
2.477499999999999858e+01 1.004752223999999927e+01 2.318039648000000398e+03 2.401769000000000233e+03
2.478000000000000114e+01 1.008714647999999947e+01 2.317709446000000298e+03 2.401769000000000233e+03
2.478500000000000014e+01 1.010973599999999983e+01 2.317521200000000135e+03 2.401769000000000233e+03
2.478999999999999915e+01 1.013232552000000020e+01 2.317332954000000427e+03 2.401769000000000233e+03
2.479500000000000171e+01 1.017750455999999915e+01 2.316956462000000101e+03 2.401769000000000233e+03
2.480000000000000071e+01 1.013232552000000020e+01 2.317332954000000427e+03 2.401769000000000233e+03
2.480499999999999972e+01 1.011529080000000036e+01 2.317474910000000364e+03 2.401769000000000233e+03
2.480999999999999872e+01 1.007566656000000016e+01 2.317805112000000008e+03 2.401769000000000233e+03
2.481500000000000128e+01 1.011529080000000036e+01 2.317474910000000364e+03 2.401769000000000233e+03
2.482000000000000028e+01 1.015491503999999878e+01 2.317144708000000264e+03 2.401769000000000233e+03
2.482499999999999929e+01 1.007566656000000016e+01 2.317805112000000008e+03 2.401769000000000233e+03
2.483000000000000185e+01 1.009825608000000052e+01 2.317616866000000300e+03 2.401769000000000233e+03
2.483500000000000085e+01 1.007566656000000016e+01 2.317805112000000008e+03 2.401769000000000233e+03
2.483999999999999986e+01 1.009270128000000000e+01 2.317663156000000072e+03 2.401769000000000233e+03
2.484499999999999886e+01 1.009270128000000000e+01 2.317663156000000072e+03 2.401769000000000233e+03
2.485000000000000142e+01 1.005307703999999980e+01 2.317993358000000171e+03 2.401769000000000233e+03
2.485500000000000043e+01 1.010973599999999983e+01 2.317521200000000135e+03 2.401769000000000233e+03
2.485999999999999943e+01 1.014343511999999947e+01 2.317240374000000429e+03 2.401769000000000233e+03
2.486500000000000199e+01 1.008714647999999947e+01 2.317709446000000298e+03 2.401769000000000233e+03
2.487000000000000099e+01 1.010418119999999931e+01 2.317567490000000362e+03 2.401769000000000233e+03
2.487500000000000000e+01 1.008159167999999895e+01 2.317755736000000070e+03 2.401769000000000233e+03
2.487999999999999901e+01 1.006455695999999911e+01 2.317897692000000461e+03 2.401769000000000233e+03
2.488500000000000156e+01 1.013232552000000020e+01 2.317332954000000427e+03 2.401769000000000233e+03
2.489000000000000057e+01 1.010418119999999931e+01 2.317567490000000362e+03 2.401769000000000233e+03
2.489499999999999957e+01 1.009270128000000000e+01 2.317663156000000072e+03 2.401769000000000233e+03
2.489999999999999858e+01 1.004752223999999927e+01 2.318039648000000398e+03 2.401769000000000233e+03
2.490500000000000114e+01 1.009270128000000000e+01 2.317663156000000072e+03 2.401769000000000233e+03
2.491000000000000014e+01 1.010973599999999983e+01 2.317521200000000135e+03 2.401769000000000233e+03
2.491499999999999915e+01 1.010418119999999931e+01 2.317567490000000362e+03 2.401769000000000233e+03
2.492000000000000171e+01 1.010973599999999983e+01 2.317521200000000135e+03 2.401769000000000233e+03
2.492500000000000071e+01 1.007011175999999963e+01 2.317851402000000235e+03 2.401769000000000233e+03
2.492999999999999972e+01 1.014343511999999947e+01 2.317240374000000429e+03 2.401769000000000233e+03
2.493499999999999872e+01 1.011529080000000036e+01 2.317474910000000364e+03 2.401769000000000233e+03
2.494000000000000128e+01 1.014343511999999947e+01 2.317240374000000429e+03 2.401769000000000233e+03
2.494500000000000028e+01 1.007011175999999963e+01 2.317851402000000235e+03 2.401769000000000233e+03
2.494999999999999929e+01 1.006455695999999911e+01 2.317897692000000461e+03 2.401769000000000233e+03
2.495500000000000185e+01 1.011529080000000036e+01 2.317474910000000364e+03 2.401769000000000233e+03
2.496000000000000085e+01 1.009825608000000052e+01 2.317616866000000300e+03 2.401769000000000233e+03
2.496499999999999986e+01 1.011529080000000036e+01 2.317474910000000364e+03 2.401769000000000233e+03
2.496999999999999886e+01 1.010973599999999983e+01 2.317521200000000135e+03 2.401769000000000233e+03
2.497500000000000142e+01 1.010973599999999983e+01 2.317521200000000135e+03 2.401769000000000233e+03
2.498000000000000043e+01 1.007011175999999963e+01 2.317851402000000235e+03 2.401769000000000233e+03
2.498499999999999943e+01 1.008714647999999947e+01 2.317709446000000298e+03 2.401769000000000233e+03
2.499000000000000199e+01 1.004196743999999875e+01 2.318085938000000169e+03 2.401769000000000233e+03
2.499500000000000099e+01 1.004752223999999927e+01 2.318039648000000398e+03 2.401769000000000233e+03
2.500000000000000000e+01 1.003641263999999822e+01 2.318132228000000396e+03 2.401769000000000233e+03
