0.000000000000000000e+00 2.072273687999999936e+01 1.772929525999999896e+03 1.945618999999999915e+03
4.999999999999893419e-03 2.047943664000000297e+01 1.774957027999999809e+03 1.945618999999999915e+03
9.999999999999786837e-03 2.023095192000000253e+01 1.777027733999999782e+03 1.945618999999999915e+03
1.500000000000012434e-02 2.008948967999999624e+01 1.778206586000000016e+03 1.945618999999999915e+03
2.000000000000001776e-02 1.994284295999999657e+01 1.779428641999999854e+03 1.945618999999999915e+03
2.499999999999991118e-02 1.982952503999999649e+01 1.780372957999999926e+03 1.945618999999999915e+03
2.999999999999980460e-02 1.965436367999999590e+01 1.781832635999999866e+03 1.945618999999999915e+03
3.500000000000014211e-02 1.949068223999999816e+01 1.783196647999999868e+03 1.945618999999999915e+03
4.000000000000003553e-02 1.935514511999999598e+01 1.784326123999999936e+03 1.945618999999999915e+03
4.499999999999992895e-02 1.933255559999999562e+01 1.784514369999999872e+03 1.945618999999999915e+03
4.999999999999982236e-02 1.919109335999999999e+01 1.785693221999999878e+03 1.945618999999999915e+03
5.500000000000015987e-02 1.908370055999999693e+01 1.786588162000000011e+03 1.945618999999999915e+03
6.000000000000005329e-02 1.907259095999999587e+01 1.786680742000000009e+03 1.945618999999999915e+03
6.499999999999994671e-02 1.893668351999999899e+01 1.787813304000000016e+03 1.945618999999999915e+03
6.999999999999984013e-02 1.882373591999999718e+01 1.788754533999999921e+03 1.945618999999999915e+03
7.499999999999973355e-02 1.884077063999999879e+01 1.788612577999999985e+03 1.945618999999999915e+03
7.999999999999962697e-02 1.873337783999999928e+01 1.789507517999999891e+03 1.945618999999999915e+03
8.499999999999952038e-02 1.869375359999999731e+01 1.789837719999999990e+03 1.945618999999999915e+03
9.000000000000030198e-02 1.859228591999999836e+01 1.790683283999999958e+03 1.945618999999999915e+03
9.500000000000019540e-02 1.856377127999999743e+01 1.790920905999999832e+03 1.945618999999999915e+03
1.000000000000000888e-01 1.847896799999999828e+01 1.791627599999999802e+03 1.945618999999999915e+03
1.049999999999999822e-01 1.838305511999999808e+01 1.792426873999999998e+03 1.945618999999999915e+03
1.099999999999998757e-01 1.833787607999999736e+01 1.792803365999999869e+03 1.945618999999999915e+03
1.149999999999997691e-01 1.828121712000000088e+01 1.793275523999999905e+03 1.945618999999999915e+03
1.199999999999996625e-01 1.821344855999999979e+01 1.793840261999999939e+03 1.945618999999999915e+03
1.249999999999995559e-01 1.817974943999999837e+01 1.794121087999999872e+03 1.945618999999999915e+03
1.300000000000003375e-01 1.812864528000000064e+01 1.794546955999999909e+03 1.945618999999999915e+03
1.350000000000002309e-01 1.811753567999999959e+01 1.794639535999999907e+03 1.945618999999999915e+03
1.400000000000001243e-01 1.803273240000000044e+01 1.795346229999999878e+03 1.945618999999999915e+03
1.450000000000000178e-01 1.804384199999999794e+01 1.795253649999999880e+03 1.945618999999999915e+03
1.499999999999999112e-01 1.789127016000000125e+01 1.796525081999999884e+03 1.945618999999999915e+03
1.549999999999998046e-01 1.790830487999999932e+01 1.796383125999999947e+03 1.945618999999999915e+03
1.599999999999996980e-01 1.791978479999999863e+01 1.796287460000000010e+03 1.945618999999999915e+03
1.649999999999995914e-01 1.784053632000000178e+01 1.796947863999999981e+03 1.945618999999999915e+03
1.700000000000003730e-01 1.776128783999999783e+01 1.797608267999999953e+03 1.945618999999999915e+03
1.750000000000002665e-01 1.775573303999999908e+01 1.797654557999999952e+03 1.945618999999999915e+03
1.800000000000001599e-01 1.775573303999999908e+01 1.797654557999999952e+03 1.945618999999999915e+03
1.850000000000000533e-01 1.767092975999999638e+01 1.798361251999999922e+03 1.945618999999999915e+03
1.899999999999999467e-01 1.762575071999999921e+01 1.798737744000000021e+03 1.945618999999999915e+03
1.949999999999998401e-01 1.763723064000000207e+01 1.798642077999999856e+03 1.945618999999999915e+03
1.999999999999997335e-01 1.759760640000000009e+01 1.798972279999999955e+03 1.945618999999999915e+03
2.049999999999996270e-01 1.755242735999999937e+01 1.799348771999999826e+03 1.945618999999999915e+03
2.099999999999995204e-01 1.754094744000000006e+01 1.799444437999999991e+03 1.945618999999999915e+03
2.150000000000003020e-01 1.749021359999999703e+01 1.799867219999999861e+03 1.945618999999999915e+03
2.200000000000001954e-01 1.744503455999999630e+01 1.800243711999999960e+03 1.945618999999999915e+03
2.250000000000000888e-01 1.740541031999999788e+01 1.800573913999999832e+03 1.945618999999999915e+03
2.299999999999999822e-01 1.739985551999999913e+01 1.800620203999999831e+03 1.945618999999999915e+03
2.349999999999998757e-01 1.733764176000000035e+01 1.801138651999999865e+03 1.945618999999999915e+03
2.399999999999997691e-01 1.734319655999999910e+01 1.801092361999999866e+03 1.945618999999999915e+03
2.449999999999996625e-01 1.733208695999999804e+01 1.801184941999999864e+03 1.945618999999999915e+03
2.499999999999995559e-01 1.724728367999999890e+01 1.801891635999999835e+03 1.945618999999999915e+03
2.550000000000003375e-01 1.723024895999999728e+01 1.802033591999999999e+03 1.945618999999999915e+03
2.600000000000002309e-01 1.725839327999999995e+01 1.801799055999999837e+03 1.945618999999999915e+03
2.650000000000001243e-01 1.723024895999999728e+01 1.802033591999999999e+03 1.945618999999999915e+03
2.700000000000000178e-01 1.715692560000000100e+01 1.802644619999999804e+03 1.945618999999999915e+03
2.749999999999999112e-01 1.712841095999999652e+01 1.802882241999999906e+03 1.945618999999999915e+03
2.799999999999998046e-01 1.716803520000000205e+01 1.802552039999999806e+03 1.945618999999999915e+03
2.849999999999996980e-01 1.707212232000000185e+01 1.803351314000000002e+03 1.945618999999999915e+03
2.899999999999995914e-01 1.710026663999999741e+01 1.803116777999999840e+03 1.945618999999999915e+03
2.950000000000003730e-01 1.713989087999999938e+01 1.802786575999999968e+03 1.945618999999999915e+03
3.000000000000002665e-01 1.702101815999999701e+01 1.803777181999999812e+03 1.945618999999999915e+03
3.050000000000001599e-01 1.697028431999999398e+01 1.804199963999999909e+03 1.945618999999999915e+03
3.100000000000000533e-01 1.692510527999999681e+01 1.804576456000000007e+03 1.945618999999999915e+03
3.149999999999999467e-01 1.691362535999999750e+01 1.804672121999999945e+03 1.945618999999999915e+03
3.199999999999998401e-01 1.693066007999999556e+01 1.804530166000000008e+03 1.945618999999999915e+03
3.249999999999997335e-01 1.686289151999999802e+01 1.805094904000000042e+03 1.945618999999999915e+03
3.299999999999996270e-01 1.693621487999999786e+01 1.804483876000000009e+03 1.945618999999999915e+03
3.349999999999995204e-01 1.685141159999999516e+01 1.805190569999999980e+03 1.945618999999999915e+03
3.400000000000003020e-01 1.684030199999999766e+01 1.805283149999999978e+03 1.945618999999999915e+03
3.450000000000001954e-01 1.690807055999999875e+01 1.804718411999999944e+03 1.945618999999999915e+03
3.500000000000000888e-01 1.676697863999999782e+01 1.805894178000000011e+03 1.945618999999999915e+03
3.549999999999999822e-01 1.672142927999999529e+01 1.806273756000000049e+03 1.945618999999999915e+03
3.599999999999998757e-01 1.674994391999999621e+01 1.806036133999999947e+03 1.945618999999999915e+03
3.649999999999997691e-01 1.675549871999999496e+01 1.805989843999999948e+03 1.945618999999999915e+03
3.699999999999996625e-01 1.669328495999999973e+01 1.806508291999999983e+03 1.945618999999999915e+03
3.749999999999995559e-01 1.663699631999999795e+01 1.806977363999999852e+03 1.945618999999999915e+03
3.800000000000003375e-01 1.669328495999999973e+01 1.806508291999999983e+03 1.945618999999999915e+03
3.850000000000002309e-01 1.661996159999999634e+01 1.807119320000000016e+03 1.945618999999999915e+03
3.900000000000001243e-01 1.663107119999999739e+01 1.807026740000000018e+03 1.945618999999999915e+03
3.950000000000000178e-01 1.664810591999999900e+01 1.806884783999999854e+03 1.945618999999999915e+03
3.999999999999999112e-01 1.652367839999999788e+01 1.807921679999999924e+03 1.945618999999999915e+03
4.049999999999998046e-01 1.649553407999999521e+01 1.808156215999999858e+03 1.945618999999999915e+03
4.099999999999996980e-01 1.651812359999999913e+01 1.807967969999999923e+03 1.945618999999999915e+03
4.149999999999995914e-01 1.653515831999999719e+01 1.807826013999999986e+03 1.945618999999999915e+03
4.200000000000003730e-01 1.648442447999999771e+01 1.808248795999999857e+03 1.945618999999999915e+03
4.250000000000002665e-01 1.651256879999999683e+01 1.808014259999999922e+03 1.945618999999999915e+03
4.300000000000001599e-01 1.650108887999999752e+01 1.808109925999999859e+03 1.945618999999999915e+03
4.350000000000000533e-01 1.647294455999999840e+01 1.808344462000000021e+03 1.945618999999999915e+03
4.399999999999999467e-01 1.643332031999999998e+01 1.808674663999999893e+03 1.945618999999999915e+03
4.449999999999998401e-01 1.643887511999999873e+01 1.808628373999999894e+03 1.945618999999999915e+03
4.499999999999997335e-01 1.641628559999999837e+01 1.808816619999999830e+03 1.945618999999999915e+03
4.549999999999996270e-01 1.637110655999999764e+01 1.809193111999999928e+03 1.945618999999999915e+03
4.599999999999995204e-01 1.630926311999999712e+01 1.809708474000000024e+03 1.945618999999999915e+03
4.650000000000003020e-01 1.641073079999999607e+01 1.808862909999999829e+03 1.945618999999999915e+03
4.700000000000001954e-01 1.632592751999999692e+01 1.809569604000000027e+03 1.945618999999999915e+03
4.750000000000000888e-01 1.631481791999999587e+01 1.809662184000000025e+03 1.945618999999999915e+03
4.799999999999999822e-01 1.628074847999999619e+01 1.809946095999999898e+03 1.945618999999999915e+03
4.849999999999998757e-01 1.621853472000000096e+01 1.810464543999999933e+03 1.945618999999999915e+03
4.899999999999997691e-01 1.625815895999999938e+01 1.810134341999999833e+03 1.945618999999999915e+03
4.949999999999996625e-01 1.627519367999999744e+01 1.809992385999999897e+03 1.945618999999999915e+03
4.999999999999995559e-01 1.628074847999999619e+01 1.809946095999999898e+03 1.945618999999999915e+03
5.050000000000003375e-01 1.623001463999999672e+01 1.810368877999999995e+03 1.945618999999999915e+03
5.100000000000002309e-01 1.622445983999999797e+01 1.810415167999999994e+03 1.945618999999999915e+03
5.150000000000001243e-01 1.623556943999999902e+01 1.810322587999999996e+03 1.945618999999999915e+03
5.200000000000000178e-01 1.617928079999999724e+01 1.810791659999999865e+03 1.945618999999999915e+03
5.249999999999999112e-01 1.616224607999999918e+01 1.810933615999999802e+03 1.945618999999999915e+03
5.299999999999998046e-01 1.615632095999999862e+01 1.810982991999999967e+03 1.945618999999999915e+03
5.349999999999996980e-01 1.608855240000000109e+01 1.811547729999999774e+03 1.945618999999999915e+03
5.399999999999995914e-01 1.614521135999999757e+01 1.811075571999999966e+03 1.945618999999999915e+03
5.450000000000003730e-01 1.611114191999999790e+01 1.811359483999999838e+03 1.945618999999999915e+03
5.500000000000002665e-01 1.607188799999999773e+01 1.811686599999999999e+03 1.945618999999999915e+03
5.550000000000001599e-01 1.602078383999999645e+01 1.812112468000000035e+03 1.945618999999999915e+03
5.600000000000000533e-01 1.597560480000000105e+01 1.812488959999999906e+03 1.945618999999999915e+03
5.649999999999999467e-01 1.603226375999999931e+01 1.812016801999999871e+03 1.945618999999999915e+03
5.699999999999998401e-01 1.598708471999999858e+01 1.812393293999999969e+03 1.945618999999999915e+03
5.749999999999997335e-01 1.595301527999999891e+01 1.812677205999999842e+03 1.945618999999999915e+03
5.799999999999996270e-01 1.597004999999999875e+01 1.812535249999999905e+03 1.945618999999999915e+03
5.849999999999995204e-01 1.594190567999999786e+01 1.812769785999999840e+03 1.945618999999999915e+03
5.900000000000003020e-01 1.593042576000000032e+01 1.812865452000000005e+03 1.945618999999999915e+03
5.950000000000001954e-01 1.597560480000000105e+01 1.812488959999999906e+03 1.945618999999999915e+03
6.000000000000000888e-01 1.595857008000000121e+01 1.812630915999999843e+03 1.945618999999999915e+03
6.049999999999999822e-01 1.597004999999999875e+01 1.812535249999999905e+03 1.945618999999999915e+03
6.099999999999998757e-01 1.594190567999999786e+01 1.812769785999999840e+03 1.945618999999999915e+03
6.149999999999997691e-01 1.597560480000000105e+01 1.812488959999999906e+03 1.945618999999999915e+03
6.199999999999996625e-01 1.590228143999999944e+01 1.813099987999999939e+03 1.945618999999999915e+03
6.249999999999995559e-01 1.589672664000000069e+01 1.813146277999999938e+03 1.945618999999999915e+03
6.300000000000003375e-01 1.590228143999999944e+01 1.813099987999999939e+03 1.945618999999999915e+03
6.350000000000002309e-01 1.585710239999999871e+01 1.813476479999999810e+03 1.945618999999999915e+03
6.400000000000001243e-01 1.573822967999999989e+01 1.814467085999999881e+03 1.945618999999999915e+03
6.450000000000000178e-01 1.578340872000000061e+01 1.814090593999999783e+03 1.945618999999999915e+03
6.499999999999999112e-01 1.574415479999999867e+01 1.814417709999999943e+03 1.945618999999999915e+03
6.549999999999998046e-01 1.572119496000000005e+01 1.814609041999999818e+03 1.945618999999999915e+03
6.599999999999996980e-01 1.572712007999999884e+01 1.814559665999999879e+03 1.945618999999999915e+03
6.649999999999995914e-01 1.571008535999999900e+01 1.814701622000000043e+03 1.945618999999999915e+03
6.700000000000003730e-01 1.573267488000000114e+01 1.814513375999999880e+03 1.945618999999999915e+03
6.750000000000002665e-01 1.571564016000000130e+01 1.814655331999999817e+03 1.945618999999999915e+03
6.800000000000001599e-01 1.573267488000000114e+01 1.814513375999999880e+03 1.945618999999999915e+03
6.850000000000000533e-01 1.565935151999999952e+01 1.815124403999999913e+03 1.945618999999999915e+03
6.899999999999999467e-01 1.567046112000000058e+01 1.815031823999999915e+03 1.945618999999999915e+03
6.949999999999998401e-01 1.565342640000000074e+01 1.815173779999999851e+03 1.945618999999999915e+03
6.999999999999997335e-01 1.568749584000000041e+01 1.814889867999999979e+03 1.945618999999999915e+03
7.049999999999996270e-01 1.565342640000000074e+01 1.815173779999999851e+03 1.945618999999999915e+03
7.099999999999995204e-01 1.569305063999999916e+01 1.814843577999999980e+03 1.945618999999999915e+03
7.150000000000003020e-01 1.567046112000000058e+01 1.815031823999999915e+03 1.945618999999999915e+03
7.200000000000001954e-01 1.561972728000000110e+01 1.815454605999999785e+03 1.945618999999999915e+03
7.250000000000000888e-01 1.562528207999999985e+01 1.815408316000000013e+03 1.945618999999999915e+03
7.299999999999999822e-01 1.553492400000000195e+01 1.816161299999999983e+03 1.945618999999999915e+03
7.349999999999998757e-01 1.560824736000000001e+01 1.815550271999999950e+03 1.945618999999999915e+03
7.399999999999997691e-01 1.554603359999999945e+01 1.816068719999999985e+03 1.945618999999999915e+03
7.449999999999996625e-01 1.558565784000000143e+01 1.815738517999999885e+03 1.945618999999999915e+03
7.499999999999995559e-01 1.556862312000000159e+01 1.815880473999999822e+03 1.945618999999999915e+03
7.550000000000003375e-01 1.556306831999999929e+01 1.815926763999999821e+03 1.945618999999999915e+03
7.600000000000002309e-01 1.550677968000000106e+01 1.816395835999999917e+03 1.945618999999999915e+03
7.650000000000001243e-01 1.547826504000000014e+01 1.816633457999999791e+03 1.945618999999999915e+03
7.700000000000000178e-01 1.548974496000000123e+01 1.816537791999999854e+03 1.945618999999999915e+03
7.749999999999999112e-01 1.546715543999999909e+01 1.816726037999999789e+03 1.945618999999999915e+03
7.799999999999998046e-01 1.546160064000000034e+01 1.816772328000000016e+03 1.945618999999999915e+03
7.849999999999996980e-01 1.555195871999999824e+01 1.816019343999999819e+03 1.945618999999999915e+03
7.899999999999995914e-01 1.551788928000000212e+01 1.816303255999999919e+03 1.945618999999999915e+03
7.950000000000003730e-01 1.547271024000000139e+01 1.816679748000000018e+03 1.945618999999999915e+03
8.000000000000002665e-01 1.548419015999999893e+01 1.816584081999999853e+03 1.945618999999999915e+03
8.050000000000001599e-01 1.542753120000000067e+01 1.817056239999999889e+03 1.945618999999999915e+03
8.100000000000000533e-01 1.538790696000000047e+01 1.817386441999999988e+03 1.945618999999999915e+03
8.149999999999999467e-01 1.547826504000000014e+01 1.816633457999999791e+03 1.945618999999999915e+03
8.199999999999998401e-01 1.541049648000000083e+01 1.817198195999999825e+03 1.945618999999999915e+03
8.249999999999997335e-01 1.538790696000000047e+01 1.817386441999999988e+03 1.945618999999999915e+03
8.299999999999996270e-01 1.535420784000000083e+01 1.817667267999999922e+03 1.945618999999999915e+03
8.349999999999995204e-01 1.536531744000000010e+01 1.817574687999999924e+03 1.945618999999999915e+03
8.400000000000003020e-01 1.537087224000000063e+01 1.817528397999999925e+03 1.945618999999999915e+03
8.450000000000001954e-01 1.538235215999999994e+01 1.817432731999999987e+03 1.945618999999999915e+03
8.500000000000000888e-01 1.529199408000000027e+01 1.818185715999999957e+03 1.945618999999999915e+03
8.549999999999999822e-01 1.529754888000000079e+01 1.818139425999999958e+03 1.945618999999999915e+03
8.599999999999998757e-01 1.532013840000000116e+01 1.817951179999999795e+03 1.945618999999999915e+03
8.649999999999997691e-01 1.530310368000000132e+01 1.818093135999999959e+03 1.945618999999999915e+03
8.699999999999996625e-01 1.528051416000000096e+01 1.818281381999999894e+03 1.945618999999999915e+03
8.749999999999995559e-01 1.526940455999999990e+01 1.818373961999999892e+03 1.945618999999999915e+03
8.800000000000003375e-01 1.528051416000000096e+01 1.818281381999999894e+03 1.945618999999999915e+03
8.850000000000002309e-01 1.524681504000000132e+01 1.818562207999999828e+03 1.945618999999999915e+03
8.900000000000001243e-01 1.521274560000000164e+01 1.818846119999999928e+03 1.945618999999999915e+03
8.950000000000000178e-01 1.522422552000000096e+01 1.818750453999999991e+03 1.945618999999999915e+03
8.999999999999999112e-01 1.523533512000000023e+01 1.818657873999999993e+03 1.945618999999999915e+03
9.049999999999998046e-01 1.518460128000000076e+01 1.819080655999999863e+03 1.945618999999999915e+03
9.099999999999996980e-01 1.518460128000000076e+01 1.819080655999999863e+03 1.945618999999999915e+03
9.149999999999995914e-01 1.515608663999999806e+01 1.819318277999999964e+03 1.945618999999999915e+03
9.200000000000003730e-01 1.511090759999999911e+01 1.819694769999999835e+03 1.945618999999999915e+03
9.250000000000002665e-01 1.509424320000000108e+01 1.819833639999999832e+03 1.945618999999999915e+03
9.300000000000001599e-01 1.512238752000000019e+01 1.819599103999999897e+03 1.945618999999999915e+03
9.350000000000000533e-01 1.517904648000000023e+01 1.819126945999999862e+03 1.945618999999999915e+03
9.399999999999999467e-01 1.506572855999999838e+01 1.820071261999999933e+03 1.945618999999999915e+03
9.449999999999998401e-01 1.504313903999999802e+01 1.820259507999999869e+03 1.945618999999999915e+03
9.499999999999997335e-01 1.509424320000000108e+01 1.819833639999999832e+03 1.945618999999999915e+03
9.549999999999996270e-01 1.503758423999999749e+01 1.820305797999999868e+03 1.945618999999999915e+03
9.599999999999995204e-01 1.509979800000000161e+01 1.819787349999999833e+03 1.945618999999999915e+03
9.650000000000003020e-01 1.509979800000000161e+01 1.819787349999999833e+03 1.945618999999999915e+03
9.700000000000001954e-01 1.507165368000000072e+01 1.820021885999999995e+03 1.945618999999999915e+03
9.750000000000000888e-01 1.505461896000000088e+01 1.820163841999999931e+03 1.945618999999999915e+03
9.799999999999999822e-01 1.507720848000000125e+01 1.819975595999999996e+03 1.945618999999999915e+03
9.849999999999998757e-01 1.498092527999999923e+01 1.820777955999999904e+03 1.945618999999999915e+03
9.899999999999997691e-01 1.502054951999999766e+01 1.820447754000000032e+03 1.945618999999999915e+03
9.949999999999996625e-01 1.498092527999999923e+01 1.820777955999999904e+03 1.945618999999999915e+03
9.999999999999995559e-01 1.499795999999999907e+01 1.820635999999999967e+03 1.945618999999999915e+03
1.005000000000000338e+00 1.498685040000000157e+01 1.820728579999999965e+03 1.945618999999999915e+03
1.010000000000000231e+00 1.498092527999999923e+01 1.820777955999999904e+03 1.945618999999999915e+03
1.015000000000000124e+00 1.501499471999999713e+01 1.820494044000000031e+03 1.945618999999999915e+03
1.020000000000000018e+00 1.502610431999999818e+01 1.820401464000000033e+03 1.945618999999999915e+03
1.024999999999999911e+00 1.494722615999999782e+01 1.821058781999999837e+03 1.945618999999999915e+03
1.029999999999999805e+00 1.498685040000000157e+01 1.820728579999999965e+03 1.945618999999999915e+03
1.034999999999999698e+00 1.492463663999999746e+01 1.821247028000000000e+03 1.945618999999999915e+03
1.039999999999999591e+00 1.496981567999999818e+01 1.820870535999999902e+03 1.945618999999999915e+03
1.045000000000000373e+00 1.496426088000000121e+01 1.820916825999999901e+03 1.945618999999999915e+03
1.050000000000000266e+00 1.494722615999999782e+01 1.821058781999999837e+03 1.945618999999999915e+03
1.055000000000000160e+00 1.494722615999999782e+01 1.821058781999999837e+03 1.945618999999999915e+03
1.060000000000000053e+00 1.490760191999999762e+01 1.821388983999999937e+03 1.945618999999999915e+03
1.064999999999999947e+00 1.491315671999999815e+01 1.821342693999999938e+03 1.945618999999999915e+03
1.069999999999999840e+00 1.490204711999999709e+01 1.821435273999999936e+03 1.945618999999999915e+03
1.074999999999999734e+00 1.489649231999999834e+01 1.821481563999999935e+03 1.945618999999999915e+03
1.079999999999999627e+00 1.485686807999999814e+01 1.821811765999999807e+03 1.945618999999999915e+03
1.084999999999999520e+00 1.483983335999999831e+01 1.821953721999999971e+03 1.945618999999999915e+03
1.090000000000000302e+00 1.484538815999999883e+01 1.821907431999999972e+03 1.945618999999999915e+03
1.095000000000000195e+00 1.486242287999999867e+01 1.821765476000000035e+03 1.945618999999999915e+03
1.100000000000000089e+00 1.486242287999999867e+01 1.821765476000000035e+03 1.945618999999999915e+03
1.104999999999999982e+00 1.481724383999999795e+01 1.822141967999999906e+03 1.945618999999999915e+03
1.109999999999999876e+00 1.477761959999999775e+01 1.822472170000000006e+03 1.945618999999999915e+03
1.114999999999999769e+00 1.483427855999999778e+01 1.822000011999999970e+03 1.945618999999999915e+03
1.119999999999999662e+00 1.484538815999999883e+01 1.821907431999999972e+03 1.945618999999999915e+03
1.124999999999999556e+00 1.477761959999999775e+01 1.822472170000000006e+03 1.945618999999999915e+03
1.130000000000000338e+00 1.481168903999999742e+01 1.822188257999999905e+03 1.945618999999999915e+03
1.135000000000000231e+00 1.481168903999999742e+01 1.822188257999999905e+03 1.945618999999999915e+03
1.140000000000000124e+00 1.477761959999999775e+01 1.822472170000000006e+03 1.945618999999999915e+03
1.145000000000000018e+00 1.475503007999999916e+01 1.822660415999999941e+03 1.945618999999999915e+03
1.149999999999999911e+00 1.474355015999999985e+01 1.822756081999999878e+03 1.945618999999999915e+03
1.154999999999999805e+00 1.474947527999999863e+01 1.822706705999999940e+03 1.945618999999999915e+03
1.159999999999999698e+00 1.472096063999999949e+01 1.822944327999999814e+03 1.945618999999999915e+03
1.164999999999999591e+00 1.473244055999999880e+01 1.822848661999999877e+03 1.945618999999999915e+03
1.170000000000000373e+00 1.474947527999999863e+01 1.822706705999999940e+03 1.945618999999999915e+03
1.175000000000000266e+00 1.472688575999999827e+01 1.822894951999999876e+03 1.945618999999999915e+03
1.180000000000000160e+00 1.471540583999999896e+01 1.822990617999999813e+03 1.945618999999999915e+03
1.185000000000000053e+00 1.466467199999999771e+01 1.823413399999999911e+03 1.945618999999999915e+03
1.189999999999999947e+00 1.469281631999999860e+01 1.823178863999999976e+03 1.945618999999999915e+03
1.194999999999999840e+00 1.472688575999999827e+01 1.822894951999999876e+03 1.945618999999999915e+03
1.199999999999999734e+00 1.473244055999999880e+01 1.822848661999999877e+03 1.945618999999999915e+03
1.204999999999999627e+00 1.473244055999999880e+01 1.822848661999999877e+03 1.945618999999999915e+03
1.209999999999999520e+00 1.470429623999999791e+01 1.823083197999999811e+03 1.945618999999999915e+03
1.215000000000000302e+00 1.472096063999999949e+01 1.822944327999999814e+03 1.945618999999999915e+03
1.220000000000000195e+00 1.470429623999999791e+01 1.823083197999999811e+03 1.945618999999999915e+03
1.225000000000000089e+00 1.466467199999999771e+01 1.823413399999999911e+03 1.945618999999999915e+03
1.229999999999999982e+00 1.461393815999999823e+01 1.823836182000000008e+03 1.945618999999999915e+03
1.234999999999999876e+00 1.459690343999999840e+01 1.823978137999999944e+03 1.945618999999999915e+03
1.239999999999999769e+00 1.462504775999999929e+01 1.823743602000000010e+03 1.945618999999999915e+03
1.244999999999999662e+00 1.465319207999999840e+01 1.823509065999999848e+03 1.945618999999999915e+03
1.249999999999999556e+00 1.463060255999999981e+01 1.823697312000000011e+03 1.945618999999999915e+03
1.255000000000000338e+00 1.461393815999999823e+01 1.823836182000000008e+03 1.945618999999999915e+03
1.260000000000000231e+00 1.460801303999999945e+01 1.823885557999999946e+03 1.945618999999999915e+03
1.265000000000000124e+00 1.461393815999999823e+01 1.823836182000000008e+03 1.945618999999999915e+03
1.270000000000000018e+00 1.461949295999999876e+01 1.823789892000000009e+03 1.945618999999999915e+03
1.274999999999999911e+00 1.459690343999999840e+01 1.823978137999999944e+03 1.945618999999999915e+03
1.279999999999999805e+00 1.457431391999999803e+01 1.824166383999999880e+03 1.945618999999999915e+03
1.284999999999999698e+00 1.461393815999999823e+01 1.823836182000000008e+03 1.945618999999999915e+03
1.289999999999999591e+00 1.456838879999999925e+01 1.824215759999999818e+03 1.945618999999999915e+03
1.295000000000000373e+00 1.454579927999999711e+01 1.824404005999999981e+03 1.945618999999999915e+03
1.300000000000000266e+00 1.457431391999999803e+01 1.824166383999999880e+03 1.945618999999999915e+03
1.305000000000000160e+00 1.455727919999999820e+01 1.824308340000000044e+03 1.945618999999999915e+03
1.310000000000000053e+00 1.451210015999999925e+01 1.824684831999999915e+03 1.945618999999999915e+03
1.314999999999999947e+00 1.455172439999999767e+01 1.824354629999999815e+03 1.945618999999999915e+03
1.319999999999999840e+00 1.457431391999999803e+01 1.824166383999999880e+03 1.945618999999999915e+03
1.324999999999999734e+00 1.456283399999999872e+01 1.824262049999999817e+03 1.945618999999999915e+03
1.329999999999999627e+00 1.450654535999999872e+01 1.824731121999999914e+03 1.945618999999999915e+03
1.334999999999999520e+00 1.454024447999999836e+01 1.824450295999999980e+03 1.945618999999999915e+03
1.340000000000000302e+00 1.456283399999999872e+01 1.824262049999999817e+03 1.945618999999999915e+03
1.345000000000000195e+00 1.451210015999999925e+01 1.824684831999999915e+03 1.945618999999999915e+03
1.350000000000000089e+00 1.450654535999999872e+01 1.824731121999999914e+03 1.945618999999999915e+03
1.354999999999999982e+00 1.450062023999999816e+01 1.824780497999999852e+03 1.945618999999999915e+03
1.359999999999999876e+00 1.449506543999999941e+01 1.824826787999999851e+03 1.945618999999999915e+03
1.364999999999999769e+00 1.449506543999999941e+01 1.824826787999999851e+03 1.945618999999999915e+03
1.369999999999999662e+00 1.451210015999999925e+01 1.824684831999999915e+03 1.945618999999999915e+03
1.374999999999999556e+00 1.442174207999999780e+01 1.825437815999999884e+03 1.945618999999999915e+03
1.380000000000000338e+00 1.445544119999999744e+01 1.825156989999999951e+03 1.945618999999999915e+03
1.385000000000000231e+00 1.443285167999999707e+01 1.825345235999999886e+03 1.945618999999999915e+03
1.390000000000000124e+00 1.447247591999999905e+01 1.825015034000000014e+03 1.945618999999999915e+03
1.395000000000000018e+00 1.447247591999999905e+01 1.825015034000000014e+03 1.945618999999999915e+03
1.399999999999999911e+00 1.441026215999999671e+01 1.825533481999999822e+03 1.945618999999999915e+03
1.404999999999999805e+00 1.446099599999999796e+01 1.825110699999999952e+03 1.945618999999999915e+03
1.409999999999999698e+00 1.443285167999999707e+01 1.825345235999999886e+03 1.945618999999999915e+03
1.414999999999999591e+00 1.442729687999999832e+01 1.825391525999999885e+03 1.945618999999999915e+03
1.420000000000000373e+00 1.441581695999999724e+01 1.825487192000000050e+03 1.945618999999999915e+03
1.425000000000000266e+00 1.443840647999999760e+01 1.825298945999999887e+03 1.945618999999999915e+03
1.430000000000000160e+00 1.438767263999999813e+01 1.825721727999999985e+03 1.945618999999999915e+03
1.435000000000000053e+00 1.443285167999999707e+01 1.825345235999999886e+03 1.945618999999999915e+03
1.439999999999999947e+00 1.444988639999999869e+01 1.825203279999999950e+03 1.945618999999999915e+03
1.444999999999999840e+00 1.443285167999999707e+01 1.825345235999999886e+03 1.945618999999999915e+03
1.449999999999999734e+00 1.434804839999999793e+01 1.826051929999999857e+03 1.945618999999999915e+03
1.454999999999999627e+00 1.437656304000000063e+01 1.825814307999999983e+03 1.945618999999999915e+03
1.459999999999999520e+00 1.437656304000000063e+01 1.825814307999999983e+03 1.945618999999999915e+03
1.465000000000000302e+00 1.437656304000000063e+01 1.825814307999999983e+03 1.945618999999999915e+03
1.470000000000000195e+00 1.441026215999999671e+01 1.825533481999999822e+03 1.945618999999999915e+03
1.475000000000000089e+00 1.437063791999999829e+01 1.825863683999999921e+03 1.945618999999999915e+03
1.479999999999999982e+00 1.436508311999999776e+01 1.825909973999999920e+03 1.945618999999999915e+03
1.484999999999999876e+00 1.433138399999999990e+01 1.826190799999999854e+03 1.945618999999999915e+03
1.489999999999999769e+00 1.438767263999999813e+01 1.825721727999999985e+03 1.945618999999999915e+03
1.494999999999999662e+00 1.430286935999999720e+01 1.826428421999999955e+03 1.945618999999999915e+03
1.499999999999999556e+00 1.435397352000000026e+01 1.826002553999999918e+03 1.945618999999999915e+03
1.505000000000000338e+00 1.432545887999999756e+01 1.826240176000000019e+03 1.945618999999999915e+03
1.510000000000000231e+00 1.432545887999999756e+01 1.826240176000000019e+03 1.945618999999999915e+03
1.515000000000000124e+00 1.427472503999999809e+01 1.826662957999999890e+03 1.945618999999999915e+03
1.520000000000000018e+00 1.431434927999999829e+01 1.826332756000000018e+03 1.945618999999999915e+03
1.524999999999999911e+00 1.429175975999999970e+01 1.826521001999999953e+03 1.945618999999999915e+03
1.529999999999999805e+00 1.430286935999999720e+01 1.826428421999999955e+03 1.945618999999999915e+03
1.534999999999999698e+00 1.428027983999999861e+01 1.826616667999999891e+03 1.945618999999999915e+03
1.539999999999999591e+00 1.426917023999999934e+01 1.826709247999999889e+03 1.945618999999999915e+03
1.545000000000000373e+00 1.430842415999999773e+01 1.826382131999999956e+03 1.945618999999999915e+03
1.550000000000000266e+00 1.427472503999999809e+01 1.826662957999999890e+03 1.945618999999999915e+03
1.555000000000000160e+00 1.422399119999999861e+01 1.827085739999999987e+03 1.945618999999999915e+03
1.560000000000000053e+00 1.422954599999999914e+01 1.827039449999999988e+03 1.945618999999999915e+03
1.564999999999999947e+00 1.427472503999999809e+01 1.826662957999999890e+03 1.945618999999999915e+03
1.569999999999999840e+00 1.422954599999999914e+01 1.827039449999999988e+03 1.945618999999999915e+03
1.574999999999999734e+00 1.424065559999999842e+01 1.826946869999999990e+03 1.945618999999999915e+03
1.579999999999999627e+00 1.422399119999999861e+01 1.827085739999999987e+03 1.945618999999999915e+03
1.584999999999999520e+00 1.424658071999999898e+01 1.826897493999999824e+03 1.945618999999999915e+03
1.590000000000000302e+00 1.425213551999999950e+01 1.826851203999999825e+03 1.945618999999999915e+03
1.595000000000000195e+00 1.426324511999999878e+01 1.826758623999999827e+03 1.945618999999999915e+03
1.600000000000000089e+00 1.420695647999999878e+01 1.827227695999999924e+03 1.945618999999999915e+03
1.604999999999999982e+00 1.418992175999999894e+01 1.827369651999999860e+03 1.945618999999999915e+03
1.609999999999999876e+00 1.422399119999999861e+01 1.827085739999999987e+03 1.945618999999999915e+03
1.614999999999999769e+00 1.424658071999999898e+01 1.826897493999999824e+03 1.945618999999999915e+03
1.619999999999999662e+00 1.426917023999999934e+01 1.826709247999999889e+03 1.945618999999999915e+03
1.624999999999999556e+00 1.419547655999999769e+01 1.827323361999999861e+03 1.945618999999999915e+03
1.630000000000000338e+00 1.416177743999999983e+01 1.827604187999999795e+03 1.945618999999999915e+03
1.635000000000000231e+00 1.420695647999999878e+01 1.827227695999999924e+03 1.945618999999999915e+03
1.640000000000000124e+00 1.424065559999999842e+01 1.826946869999999990e+03 1.945618999999999915e+03
1.645000000000000018e+00 1.419547655999999769e+01 1.827323361999999861e+03 1.945618999999999915e+03
1.649999999999999911e+00 1.420695647999999878e+01 1.827227695999999924e+03 1.945618999999999915e+03
1.654999999999999805e+00 1.418992175999999894e+01 1.827369651999999860e+03 1.945618999999999915e+03
1.659999999999999698e+00 1.418992175999999894e+01 1.827369651999999860e+03 1.945618999999999915e+03
1.664999999999999591e+00 1.418436695999999841e+01 1.827415941999999859e+03 1.945618999999999915e+03
1.670000000000000373e+00 1.417844183999999785e+01 1.827465318000000025e+03 1.945618999999999915e+03
1.675000000000000266e+00 1.415585231999999927e+01 1.827653563999999960e+03 1.945618999999999915e+03
1.680000000000000160e+00 1.411067327999999854e+01 1.828030055999999831e+03 1.945618999999999915e+03
1.685000000000000053e+00 1.415029751999999874e+01 1.827699853999999959e+03 1.945618999999999915e+03
1.689999999999999947e+00 1.415029751999999874e+01 1.827699853999999959e+03 1.945618999999999915e+03
1.694999999999999840e+00 1.412770800000000015e+01 1.827888099999999895e+03 1.945618999999999915e+03
1.699999999999999734e+00 1.412215319999999963e+01 1.827934389999999894e+03 1.945618999999999915e+03
1.704999999999999627e+00 1.413918791999999947e+01 1.827792433999999957e+03 1.945618999999999915e+03
1.709999999999999520e+00 1.416733224000000035e+01 1.827557898000000023e+03 1.945618999999999915e+03
1.715000000000000302e+00 1.411067327999999854e+01 1.828030055999999831e+03 1.945618999999999915e+03
1.720000000000000195e+00 1.411659839999999910e+01 1.827980679999999893e+03 1.945618999999999915e+03
1.725000000000000089e+00 1.408808375999999818e+01 1.828218301999999994e+03 1.945618999999999915e+03
1.729999999999999982e+00 1.412215319999999963e+01 1.827934389999999894e+03 1.945618999999999915e+03
1.734999999999999876e+00 1.409400887999999874e+01 1.828168925999999828e+03 1.945618999999999915e+03
1.739999999999999769e+00 1.409956367999999927e+01 1.828122635999999829e+03 1.945618999999999915e+03
1.744999999999999662e+00 1.412770800000000015e+01 1.827888099999999895e+03 1.945618999999999915e+03
1.749999999999999556e+00 1.405438464000000032e+01 1.828499127999999928e+03 1.945618999999999915e+03
1.755000000000000338e+00 1.411067327999999854e+01 1.828030055999999831e+03 1.945618999999999915e+03
1.760000000000000231e+00 1.407141935999999838e+01 1.828357171999999991e+03 1.945618999999999915e+03
1.765000000000000124e+00 1.404882983999999979e+01 1.828545417999999927e+03 1.945618999999999915e+03
1.770000000000000018e+00 1.400920559999999959e+01 1.828875619999999799e+03 1.945618999999999915e+03
1.774999999999999911e+00 1.398069096000000044e+01 1.829113241999999900e+03 1.945618999999999915e+03
1.779999999999999805e+00 1.409400887999999874e+01 1.828168925999999828e+03 1.945618999999999915e+03
1.784999999999999698e+00 1.408808375999999818e+01 1.828218301999999994e+03 1.945618999999999915e+03
1.789999999999999591e+00 1.405438464000000032e+01 1.828499127999999928e+03 1.945618999999999915e+03
1.795000000000000373e+00 1.400920559999999959e+01 1.828875619999999799e+03 1.945618999999999915e+03
1.800000000000000266e+00 1.402586999999999939e+01 1.828736750000000029e+03 1.945618999999999915e+03
1.805000000000000160e+00 1.398069096000000044e+01 1.829113241999999900e+03 1.945618999999999915e+03
1.810000000000000053e+00 1.403734992000000048e+01 1.828641083999999864e+03 1.945618999999999915e+03
1.814999999999999947e+00 1.399217087999999976e+01 1.829017575999999963e+03 1.945618999999999915e+03
1.819999999999999840e+00 1.400328047999999903e+01 1.828924995999999965e+03 1.945618999999999915e+03
1.824999999999999734e+00 1.404882983999999979e+01 1.828545417999999927e+03 1.945618999999999915e+03
1.829999999999999627e+00 1.402586999999999939e+01 1.828736750000000029e+03 1.945618999999999915e+03
1.834999999999999520e+00 1.403179511999999995e+01 1.828687373999999863e+03 1.945618999999999915e+03
1.840000000000000302e+00 1.402031520000000064e+01 1.828783039999999801e+03 1.945618999999999915e+03
1.845000000000000195e+00 1.398661607999999923e+01 1.829063865999999962e+03 1.945618999999999915e+03
1.850000000000000089e+00 1.396958135999999939e+01 1.829205821999999898e+03 1.945618999999999915e+03
1.854999999999999982e+00 1.396958135999999939e+01 1.829205821999999898e+03 1.945618999999999915e+03
1.859999999999999876e+00 1.398661607999999923e+01 1.829063865999999962e+03 1.945618999999999915e+03
1.864999999999999769e+00 1.397513615999999992e+01 1.829159531999999899e+03 1.945618999999999915e+03
1.869999999999999662e+00 1.395810144000000008e+01 1.829301487999999836e+03 1.945618999999999915e+03
1.874999999999999556e+00 1.391292240000000113e+01 1.829677979999999934e+03 1.945618999999999915e+03
1.880000000000000338e+00 1.391292240000000113e+01 1.829677979999999934e+03 1.945618999999999915e+03
1.885000000000000231e+00 1.395254663999999956e+01 1.829347777999999835e+03 1.945618999999999915e+03
1.890000000000000124e+00 1.395254663999999956e+01 1.829347777999999835e+03 1.945618999999999915e+03
1.895000000000000018e+00 1.395254663999999956e+01 1.829347777999999835e+03 1.945618999999999915e+03
1.899999999999999911e+00 1.385663375999999936e+01 1.830147051999999803e+03 1.945618999999999915e+03
1.904999999999999805e+00 1.390736760000000061e+01 1.829724269999999933e+03 1.945618999999999915e+03
1.909999999999999698e+00 1.396402655999999887e+01 1.829252111999999897e+03 1.945618999999999915e+03
1.914999999999999591e+00 1.398069096000000044e+01 1.829113241999999900e+03 1.945618999999999915e+03
1.920000000000000373e+00 1.392440232000000044e+01 1.829582313999999997e+03 1.945618999999999915e+03
1.925000000000000266e+00 1.389588767999999952e+01 1.829819935999999871e+03 1.945618999999999915e+03
1.930000000000000160e+00 1.392440232000000044e+01 1.829582313999999997e+03 1.945618999999999915e+03
1.935000000000000053e+00 1.391292240000000113e+01 1.829677979999999934e+03 1.945618999999999915e+03
1.939999999999999947e+00 1.387329815999999916e+01 1.830008182000000033e+03 1.945618999999999915e+03
1.944999999999999840e+00 1.388477808000000024e+01 1.829912515999999869e+03 1.945618999999999915e+03
1.949999999999999734e+00 1.385663375999999936e+01 1.830147051999999803e+03 1.945618999999999915e+03
1.954999999999999627e+00 1.384515384000000005e+01 1.830242717999999968e+03 1.945618999999999915e+03
1.959999999999999520e+00 1.388477808000000024e+01 1.829912515999999869e+03 1.945618999999999915e+03
1.965000000000000302e+00 1.390736760000000061e+01 1.829724269999999933e+03 1.945618999999999915e+03
1.970000000000000195e+00 1.385070863999999879e+01 1.830196427999999969e+03 1.945618999999999915e+03
1.975000000000000089e+00 1.389588767999999952e+01 1.829819935999999871e+03 1.945618999999999915e+03
1.979999999999999982e+00 1.385663375999999936e+01 1.830147051999999803e+03 1.945618999999999915e+03
1.984999999999999876e+00 1.386774336000000041e+01 1.830054471999999805e+03 1.945618999999999915e+03
1.989999999999999769e+00 1.387329815999999916e+01 1.830008182000000033e+03 1.945618999999999915e+03
1.994999999999999662e+00 1.385070863999999879e+01 1.830196427999999969e+03 1.945618999999999915e+03
1.999999999999999556e+00 1.381700952000000093e+01 1.830477253999999903e+03 1.945618999999999915e+03
2.005000000000000338e+00 1.382811911999999843e+01 1.830384673999999904e+03 1.945618999999999915e+03
2.010000000000000231e+00 1.381700952000000093e+01 1.830477253999999903e+03 1.945618999999999915e+03
2.015000000000000124e+00 1.382256431999999968e+01 1.830430963999999904e+03 1.945618999999999915e+03
2.020000000000000018e+00 1.380552959999999985e+01 1.830572919999999840e+03 1.945618999999999915e+03
2.024999999999999911e+00 1.381700952000000093e+01 1.830477253999999903e+03 1.945618999999999915e+03
2.029999999999999805e+00 1.378886520000000004e+01 1.830711789999999837e+03 1.945618999999999915e+03
2.034999999999999698e+00 1.383959903999999952e+01 1.830289007999999967e+03 1.945618999999999915e+03
2.039999999999999591e+00 1.382256431999999968e+01 1.830430963999999904e+03 1.945618999999999915e+03
2.045000000000000373e+00 1.378886520000000004e+01 1.830711789999999837e+03 1.945618999999999915e+03
2.050000000000000266e+00 1.378886520000000004e+01 1.830711789999999837e+03 1.945618999999999915e+03
2.055000000000000160e+00 1.378886520000000004e+01 1.830711789999999837e+03 1.945618999999999915e+03
2.060000000000000053e+00 1.381700952000000093e+01 1.830477253999999903e+03 1.945618999999999915e+03
2.064999999999999947e+00 1.382811911999999843e+01 1.830384673999999904e+03 1.945618999999999915e+03
2.069999999999999840e+00 1.382811911999999843e+01 1.830384673999999904e+03 1.945618999999999915e+03
2.074999999999999734e+00 1.376627567999999968e+01 1.830900036000000000e+03 1.945618999999999915e+03
2.079999999999999627e+00 1.378886520000000004e+01 1.830711789999999837e+03 1.945618999999999915e+03
2.084999999999999520e+00 1.374331583999999928e+01 1.831091367999999875e+03 1.945618999999999915e+03
2.090000000000000302e+00 1.378294007999999948e+01 1.830761166000000003e+03 1.945618999999999915e+03
2.095000000000000195e+00 1.380552959999999985e+01 1.830572919999999840e+03 1.945618999999999915e+03
2.100000000000000089e+00 1.376627567999999968e+01 1.830900036000000000e+03 1.945618999999999915e+03
2.104999999999999982e+00 1.376035055999999912e+01 1.830949411999999938e+03 1.945618999999999915e+03
2.109999999999999876e+00 1.377183048000000021e+01 1.830853746000000001e+03 1.945618999999999915e+03
2.114999999999999769e+00 1.377738528000000073e+01 1.830807456000000002e+03 1.945618999999999915e+03
2.119999999999999662e+00 1.376035055999999912e+01 1.830949411999999938e+03 1.945618999999999915e+03
2.124999999999999556e+00 1.377738528000000073e+01 1.830807456000000002e+03 1.945618999999999915e+03
2.130000000000000338e+00 1.372665143999999948e+01 1.831230237999999872e+03 1.945618999999999915e+03
2.135000000000000231e+00 1.377183048000000021e+01 1.830853746000000001e+03 1.945618999999999915e+03
2.140000000000000124e+00 1.373220624000000001e+01 1.831183947999999873e+03 1.945618999999999915e+03
2.145000000000000018e+00 1.373220624000000001e+01 1.831183947999999873e+03 1.945618999999999915e+03
2.149999999999999911e+00 1.366999247999999945e+01 1.831702395999999908e+03 1.945618999999999915e+03
2.154999999999999805e+00 1.372665143999999948e+01 1.831230237999999872e+03 1.945618999999999915e+03
2.159999999999999698e+00 1.370961671999999787e+01 1.831372194000000036e+03 1.945618999999999915e+03
2.164999999999999591e+00 1.373220624000000001e+01 1.831183947999999873e+03 1.945618999999999915e+03
2.170000000000000373e+00 1.369258199999999981e+01 1.831514149999999972e+03 1.945618999999999915e+03
2.175000000000000266e+00 1.371517151999999840e+01 1.831325903999999809e+03 1.945618999999999915e+03
2.180000000000000160e+00 1.365295775999999961e+01 1.831844351999999844e+03 1.945618999999999915e+03
2.185000000000000053e+00 1.364740295999999908e+01 1.831890641999999843e+03 1.945618999999999915e+03
2.189999999999999947e+00 1.364184815999999856e+01 1.831936931999999842e+03 1.945618999999999915e+03
2.194999999999999840e+00 1.364184815999999856e+01 1.831936931999999842e+03 1.945618999999999915e+03
2.199999999999999734e+00 1.362481343999999872e+01 1.832078888000000006e+03 1.945618999999999915e+03
2.204999999999999627e+00 1.365888288000000017e+01 1.831794975999999906e+03 1.945618999999999915e+03
2.209999999999999520e+00 1.365888288000000017e+01 1.831794975999999906e+03 1.945618999999999915e+03
2.215000000000000302e+00 1.364184815999999856e+01 1.831936931999999842e+03 1.945618999999999915e+03
2.220000000000000195e+00 1.358518919999999852e+01 1.832409089999999878e+03 1.945618999999999915e+03
2.225000000000000089e+00 1.363629335999999981e+01 1.831983221999999842e+03 1.945618999999999915e+03
2.229999999999999982e+00 1.368147240000000053e+01 1.831606729999999970e+03 1.945618999999999915e+03
2.234999999999999876e+00 1.360222391999999836e+01 1.832267133999999942e+03 1.945618999999999915e+03
2.239999999999999769e+00 1.361333351999999941e+01 1.832174553999999944e+03 1.945618999999999915e+03
2.244999999999999662e+00 1.355704487999999941e+01 1.832643625999999813e+03 1.945618999999999915e+03
2.249999999999999556e+00 1.361925863999999819e+01 1.832125178000000005e+03 1.945618999999999915e+03
2.255000000000000338e+00 1.360222391999999836e+01 1.832267133999999942e+03 1.945618999999999915e+03
2.260000000000000231e+00 1.359666911999999783e+01 1.832313423999999941e+03 1.945618999999999915e+03
2.265000000000000124e+00 1.355149007999999888e+01 1.832689915999999812e+03 1.945618999999999915e+03
2.270000000000000018e+00 1.357407959999999925e+01 1.832501669999999876e+03 1.945618999999999915e+03
2.274999999999999911e+00 1.355149007999999888e+01 1.832689915999999812e+03 1.945618999999999915e+03
2.279999999999999805e+00 1.354001015999999957e+01 1.832785581999999977e+03 1.945618999999999915e+03
2.284999999999999698e+00 1.359074399999999905e+01 1.832362799999999879e+03 1.945618999999999915e+03
2.289999999999999591e+00 1.355704487999999941e+01 1.832643625999999813e+03 1.945618999999999915e+03
2.295000000000000373e+00 1.364740295999999908e+01 1.831890641999999843e+03 1.945618999999999915e+03
2.300000000000000266e+00 1.359666911999999783e+01 1.832313423999999941e+03 1.945618999999999915e+03
2.305000000000000160e+00 1.358518919999999852e+01 1.832409089999999878e+03 1.945618999999999915e+03
2.310000000000000053e+00 1.360777871999999888e+01 1.832220843999999943e+03 1.945618999999999915e+03
2.314999999999999947e+00 1.359074399999999905e+01 1.832362799999999879e+03 1.945618999999999915e+03
2.319999999999999840e+00 1.357407959999999925e+01 1.832501669999999876e+03 1.945618999999999915e+03
2.324999999999999734e+00 1.360222391999999836e+01 1.832267133999999942e+03 1.945618999999999915e+03
2.329999999999999627e+00 1.355149007999999888e+01 1.832689915999999812e+03 1.945618999999999915e+03
2.334999999999999520e+00 1.352297543999999974e+01 1.832927537999999913e+03 1.945618999999999915e+03
2.340000000000000302e+00 1.356815448000000046e+01 1.832551045999999815e+03 1.945618999999999915e+03
2.345000000000000195e+00 1.350631103999999816e+01 1.833066407999999910e+03 1.945618999999999915e+03
2.350000000000000089e+00 1.355704487999999941e+01 1.832643625999999813e+03 1.945618999999999915e+03
2.354999999999999982e+00 1.355149007999999888e+01 1.832689915999999812e+03 1.945618999999999915e+03
2.359999999999999876e+00 1.360222391999999836e+01 1.832267133999999942e+03 1.945618999999999915e+03
2.364999999999999769e+00 1.355149007999999888e+01 1.832689915999999812e+03 1.945618999999999915e+03
2.369999999999999662e+00 1.353445535999999905e+01 1.832831871999999976e+03 1.945618999999999915e+03
2.374999999999999556e+00 1.359666911999999783e+01 1.832313423999999941e+03 1.945618999999999915e+03
2.380000000000000338e+00 1.359666911999999783e+01 1.832313423999999941e+03 1.945618999999999915e+03
2.385000000000000231e+00 1.360222391999999836e+01 1.832267133999999942e+03 1.945618999999999915e+03
2.390000000000000124e+00 1.354556496000000010e+01 1.832739291999999978e+03 1.945618999999999915e+03
2.395000000000000018e+00 1.357407959999999925e+01 1.832501669999999876e+03 1.945618999999999915e+03
2.399999999999999911e+00 1.354556496000000010e+01 1.832739291999999978e+03 1.945618999999999915e+03
2.404999999999999805e+00 1.349483111999999885e+01 1.833162073999999848e+03 1.945618999999999915e+03
2.409999999999999698e+00 1.347224159999999848e+01 1.833350320000000011e+03 1.945618999999999915e+03
2.414999999999999591e+00 1.353445535999999905e+01 1.832831871999999976e+03 1.945618999999999915e+03
2.420000000000000373e+00 1.346076167999999917e+01 1.833445985999999948e+03 1.945618999999999915e+03
2.425000000000000266e+00 1.340447303999999917e+01 1.833915057999999817e+03 1.945618999999999915e+03
2.430000000000000160e+00 1.347224159999999848e+01 1.833350320000000011e+03 1.945618999999999915e+03
2.435000000000000053e+00 1.344965207999999990e+01 1.833538565999999946e+03 1.945618999999999915e+03
2.439999999999999947e+00 1.341558264000000023e+01 1.833822477999999819e+03 1.945618999999999915e+03
2.444999999999999840e+00 1.339891823999999865e+01 1.833961347999999816e+03 1.945618999999999915e+03
2.449999999999999734e+00 1.343817216000000059e+01 1.833634231999999884e+03 1.945618999999999915e+03
2.454999999999999627e+00 1.346076167999999917e+01 1.833445985999999948e+03 1.945618999999999915e+03
2.459999999999999520e+00 1.347779639999999901e+01 1.833304030000000012e+03 1.945618999999999915e+03
2.465000000000000302e+00 1.352297543999999974e+01 1.832927537999999913e+03 1.945618999999999915e+03
2.470000000000000195e+00 1.350038591999999937e+01 1.833115783999999849e+03 1.945618999999999915e+03
2.475000000000000089e+00 1.341558264000000023e+01 1.833822477999999819e+03 1.945618999999999915e+03
2.479999999999999982e+00 1.343261736000000006e+01 1.833680521999999883e+03 1.945618999999999915e+03
2.484999999999999876e+00 1.338743831999999934e+01 1.834057013999999981e+03 1.945618999999999915e+03
2.489999999999999769e+00 1.343817216000000059e+01 1.833634231999999884e+03 1.945618999999999915e+03
2.494999999999999662e+00 1.343817216000000059e+01 1.833634231999999884e+03 1.945618999999999915e+03
2.499999999999999556e+00 1.342150775999999901e+01 1.833773101999999881e+03 1.945618999999999915e+03
2.505000000000000338e+00 1.344965207999999990e+01 1.833538565999999946e+03 1.945618999999999915e+03
2.510000000000000231e+00 1.348372151999999780e+01 1.833254653999999846e+03 1.945618999999999915e+03
2.515000000000000124e+00 1.348372151999999780e+01 1.833254653999999846e+03 1.945618999999999915e+03
2.520000000000000018e+00 1.344965207999999990e+01 1.833538565999999946e+03 1.945618999999999915e+03
2.524999999999999911e+00 1.339891823999999865e+01 1.833961347999999816e+03 1.945618999999999915e+03
2.529999999999999805e+00 1.347224159999999848e+01 1.833350320000000011e+03 1.945618999999999915e+03
2.534999999999999698e+00 1.343261736000000006e+01 1.833680521999999883e+03 1.945618999999999915e+03
2.539999999999999591e+00 1.341002783999999970e+01 1.833868767999999818e+03 1.945618999999999915e+03
2.545000000000000373e+00 1.344965207999999990e+01 1.833538565999999946e+03 1.945618999999999915e+03
2.550000000000000266e+00 1.342706255999999954e+01 1.833726811999999882e+03 1.945618999999999915e+03
2.555000000000000160e+00 1.340447303999999917e+01 1.833915057999999817e+03 1.945618999999999915e+03
2.560000000000000053e+00 1.337040359999999950e+01 1.834198969999999917e+03 1.945618999999999915e+03
2.564999999999999947e+00 1.338743831999999934e+01 1.834057013999999981e+03 1.945618999999999915e+03
2.569999999999999840e+00 1.339891823999999865e+01 1.833961347999999816e+03 1.945618999999999915e+03
2.574999999999999734e+00 1.331966976000000003e+01 1.834621752000000015e+03 1.945618999999999915e+03
2.579999999999999627e+00 1.338743831999999934e+01 1.834057013999999981e+03 1.945618999999999915e+03
2.584999999999999520e+00 1.339299311999999986e+01 1.834010723999999982e+03 1.945618999999999915e+03
2.590000000000000302e+00 1.343261736000000006e+01 1.833680521999999883e+03 1.945618999999999915e+03
2.595000000000000195e+00 1.342706255999999954e+01 1.833726811999999882e+03 1.945618999999999915e+03
2.600000000000000089e+00 1.340447303999999917e+01 1.833915057999999817e+03 1.945618999999999915e+03
2.604999999999999982e+00 1.335929399999999845e+01 1.834291549999999916e+03 1.945618999999999915e+03
2.609999999999999876e+00 1.334225928000000039e+01 1.834433505999999852e+03 1.945618999999999915e+03
2.614999999999999769e+00 1.335373919999999970e+01 1.834337839999999915e+03 1.945618999999999915e+03
2.619999999999999662e+00 1.333077935999999930e+01 1.834529172000000017e+03 1.945618999999999915e+03
2.624999999999999556e+00 1.334225928000000039e+01 1.834433505999999852e+03 1.945618999999999915e+03
2.630000000000000338e+00 1.338743831999999934e+01 1.834057013999999981e+03 1.945618999999999915e+03
2.635000000000000231e+00 1.335373919999999970e+01 1.834337839999999915e+03 1.945618999999999915e+03
2.640000000000000124e+00 1.333670447999999986e+01 1.834479795999999851e+03 1.945618999999999915e+03
2.645000000000000018e+00 1.329152543999999914e+01 1.834856287999999950e+03 1.945618999999999915e+03
2.649999999999999911e+00 1.333077935999999930e+01 1.834529172000000017e+03 1.945618999999999915e+03
2.654999999999999805e+00 1.333670447999999986e+01 1.834479795999999851e+03 1.945618999999999915e+03
2.659999999999999698e+00 1.333670447999999986e+01 1.834479795999999851e+03 1.945618999999999915e+03
2.664999999999999591e+00 1.333670447999999986e+01 1.834479795999999851e+03 1.945618999999999915e+03
2.670000000000000373e+00 1.334225928000000039e+01 1.834433505999999852e+03 1.945618999999999915e+03
2.675000000000000266e+00 1.332522456000000055e+01 1.834575461999999789e+03 1.945618999999999915e+03
2.680000000000000160e+00 1.334225928000000039e+01 1.834433505999999852e+03 1.945618999999999915e+03
2.685000000000000053e+00 1.333077935999999930e+01 1.834529172000000017e+03 1.945618999999999915e+03
2.689999999999999947e+00 1.326893591999999877e+01 1.835044533999999885e+03 1.945618999999999915e+03
2.694999999999999840e+00 1.328004551999999983e+01 1.834951953999999887e+03 1.945618999999999915e+03
2.699999999999999734e+00 1.326893591999999877e+01 1.835044533999999885e+03 1.945618999999999915e+03
2.704999999999999627e+00 1.329708023999999966e+01 1.834809997999999950e+03 1.945618999999999915e+03
2.709999999999999520e+00 1.328004551999999983e+01 1.834951953999999887e+03 1.945618999999999915e+03
2.715000000000000302e+00 1.326893591999999877e+01 1.835044533999999885e+03 1.945618999999999915e+03
2.720000000000000195e+00 1.327449071999999930e+01 1.834998243999999886e+03 1.945618999999999915e+03
2.725000000000000089e+00 1.325190119999999894e+01 1.835186489999999822e+03 1.945618999999999915e+03
2.729999999999999982e+00 1.322375687999999982e+01 1.835421025999999983e+03 1.945618999999999915e+03
2.734999999999999876e+00 1.328004551999999983e+01 1.834951953999999887e+03 1.945618999999999915e+03
2.739999999999999769e+00 1.328560032000000035e+01 1.834905663999999888e+03 1.945618999999999915e+03
2.744999999999999662e+00 1.327449071999999930e+01 1.834998243999999886e+03 1.945618999999999915e+03
2.749999999999999556e+00 1.323486647999999910e+01 1.835328445999999985e+03 1.945618999999999915e+03
2.755000000000000338e+00 1.322375687999999982e+01 1.835421025999999983e+03 1.945618999999999915e+03
2.760000000000000231e+00 1.321227696000000051e+01 1.835516691999999921e+03 1.945618999999999915e+03
2.765000000000000124e+00 1.325745599999999946e+01 1.835140199999999822e+03 1.945618999999999915e+03
2.770000000000000018e+00 1.322931168000000035e+01 1.835374735999999984e+03 1.945618999999999915e+03
2.774999999999999911e+00 1.319524224000000068e+01 1.835658647999999857e+03 1.945618999999999915e+03
2.779999999999999805e+00 1.321227696000000051e+01 1.835516691999999921e+03 1.945618999999999915e+03
2.784999999999999698e+00 1.323486647999999910e+01 1.835328445999999985e+03 1.945618999999999915e+03
2.789999999999999591e+00 1.318413263999999963e+01 1.835751227999999855e+03 1.945618999999999915e+03
2.795000000000000373e+00 1.323486647999999910e+01 1.835328445999999985e+03 1.945618999999999915e+03
2.800000000000000266e+00 1.324634639999999841e+01 1.835232779999999821e+03 1.945618999999999915e+03
2.805000000000000160e+00 1.324042127999999963e+01 1.835282155999999986e+03 1.945618999999999915e+03
2.810000000000000053e+00 1.322375687999999982e+01 1.835421025999999983e+03 1.945618999999999915e+03
2.814999999999999947e+00 1.323486647999999910e+01 1.835328445999999985e+03 1.945618999999999915e+03
2.819999999999999840e+00 1.320672215999999999e+01 1.835562981999999920e+03 1.945618999999999915e+03
2.824999999999999734e+00 1.315006319999999995e+01 1.836035139999999956e+03 1.945618999999999915e+03
2.829999999999999627e+00 1.322375687999999982e+01 1.835421025999999983e+03 1.945618999999999915e+03
2.834999999999999520e+00 1.320116735999999946e+01 1.835609271999999919e+03 1.945618999999999915e+03
2.840000000000000302e+00 1.318413263999999963e+01 1.835751227999999855e+03 1.945618999999999915e+03
2.845000000000000195e+00 1.319524224000000068e+01 1.835658647999999857e+03 1.945618999999999915e+03
2.850000000000000089e+00 1.319524224000000068e+01 1.835658647999999857e+03 1.945618999999999915e+03
2.854999999999999982e+00 1.318968744000000015e+01 1.835704937999999856e+03 1.945618999999999915e+03
2.859999999999999876e+00 1.316709791999999979e+01 1.835893184000000019e+03 1.945618999999999915e+03
2.864999999999999769e+00 1.325190119999999894e+01 1.835186489999999822e+03 1.945618999999999915e+03
2.869999999999999662e+00 1.317820751999999906e+01 1.835800604000000021e+03 1.945618999999999915e+03
2.874999999999999556e+00 1.315561799999999870e+01 1.835988849999999957e+03 1.945618999999999915e+03
2.880000000000000338e+00 1.318968744000000015e+01 1.835704937999999856e+03 1.945618999999999915e+03
2.885000000000000231e+00 1.315561799999999870e+01 1.835988849999999957e+03 1.945618999999999915e+03
2.890000000000000124e+00 1.319524224000000068e+01 1.835658647999999857e+03 1.945618999999999915e+03
2.895000000000000018e+00 1.317265272000000031e+01 1.835846893999999793e+03 1.945618999999999915e+03
2.899999999999999911e+00 1.321783175999999926e+01 1.835470401999999922e+03 1.945618999999999915e+03
2.904999999999999805e+00 1.319524224000000068e+01 1.835658647999999857e+03 1.945618999999999915e+03
2.909999999999999698e+00 1.316709791999999979e+01 1.835893184000000019e+03 1.945618999999999915e+03
2.914999999999999591e+00 1.320672215999999999e+01 1.835562981999999920e+03 1.945618999999999915e+03
2.920000000000000373e+00 1.319524224000000068e+01 1.835658647999999857e+03 1.945618999999999915e+03
2.925000000000000266e+00 1.322375687999999982e+01 1.835421025999999983e+03 1.945618999999999915e+03
2.930000000000000160e+00 1.319524224000000068e+01 1.835658647999999857e+03 1.945618999999999915e+03
2.935000000000000053e+00 1.320672215999999999e+01 1.835562981999999920e+03 1.945618999999999915e+03
2.939999999999999947e+00 1.318968744000000015e+01 1.835704937999999856e+03 1.945618999999999915e+03
2.944999999999999840e+00 1.320116735999999946e+01 1.835609271999999919e+03 1.945618999999999915e+03
2.949999999999999734e+00 1.320116735999999946e+01 1.835609271999999919e+03 1.945618999999999915e+03
2.954999999999999627e+00 1.313302847999999834e+01 1.836177095999999892e+03 1.945618999999999915e+03
2.959999999999999520e+00 1.313302847999999834e+01 1.836177095999999892e+03 1.945618999999999915e+03
2.965000000000000302e+00 1.313302847999999834e+01 1.836177095999999892e+03 1.945618999999999915e+03
2.970000000000000195e+00 1.314450839999999943e+01 1.836081429999999955e+03 1.945618999999999915e+03
2.975000000000000089e+00 1.310488415999999923e+01 1.836411631999999827e+03 1.945618999999999915e+03
2.979999999999999982e+00 1.314450839999999943e+01 1.836081429999999955e+03 1.945618999999999915e+03
2.984999999999999876e+00 1.314450839999999943e+01 1.836081429999999955e+03 1.945618999999999915e+03
2.989999999999999769e+00 1.313895359999999890e+01 1.836127719999999954e+03 1.945618999999999915e+03
2.994999999999999662e+00 1.311636408000000031e+01 1.836315965999999889e+03 1.945618999999999915e+03
2.999999999999999556e+00 1.311636408000000031e+01 1.836315965999999889e+03 1.945618999999999915e+03
3.005000000000000338e+00 1.311043895999999798e+01 1.836365341999999828e+03 1.945618999999999915e+03
3.010000000000000231e+00 1.308229463999999886e+01 1.836599877999999990e+03 1.945618999999999915e+03
3.015000000000000124e+00 1.308229463999999886e+01 1.836599877999999990e+03 1.945618999999999915e+03
3.020000000000000018e+00 1.309932936000000048e+01 1.836457921999999826e+03 1.945618999999999915e+03
3.024999999999999911e+00 1.308229463999999886e+01 1.836599877999999990e+03 1.945618999999999915e+03
3.029999999999999805e+00 1.309932936000000048e+01 1.836457921999999826e+03 1.945618999999999915e+03
3.034999999999999698e+00 1.306525991999999903e+01 1.836741833999999926e+03 1.945618999999999915e+03
3.039999999999999591e+00 1.305415031999999975e+01 1.836834413999999924e+03 1.945618999999999915e+03
3.045000000000000373e+00 1.307673984000000011e+01 1.836646167999999989e+03 1.945618999999999915e+03
3.050000000000000266e+00 1.307118503999999959e+01 1.836692457999999988e+03 1.945618999999999915e+03
3.055000000000000160e+00 1.303711559999999814e+01 1.836976369999999861e+03 1.945618999999999915e+03
3.060000000000000053e+00 1.304822519999999919e+01 1.836883789999999863e+03 1.945618999999999915e+03
3.064999999999999947e+00 1.305415031999999975e+01 1.836834413999999924e+03 1.945618999999999915e+03
3.069999999999999840e+00 1.308229463999999886e+01 1.836599877999999990e+03 1.945618999999999915e+03
3.074999999999999734e+00 1.302008087999999830e+01 1.837118326000000025e+03 1.945618999999999915e+03
3.079999999999999627e+00 1.305415031999999975e+01 1.836834413999999924e+03 1.945618999999999915e+03
3.084999999999999520e+00 1.303711559999999814e+01 1.836976369999999861e+03 1.945618999999999915e+03
3.090000000000000302e+00 1.303156079999999939e+01 1.837022659999999860e+03 1.945618999999999915e+03
3.095000000000000195e+00 1.305970511999999850e+01 1.836788123999999925e+03 1.945618999999999915e+03
3.100000000000000089e+00 1.300897127999999903e+01 1.837210906000000023e+03 1.945618999999999915e+03
3.104999999999999982e+00 1.301452607999999778e+01 1.837164616000000024e+03 1.945618999999999915e+03
3.109999999999999876e+00 1.303156079999999939e+01 1.837022659999999860e+03 1.945618999999999915e+03
3.114999999999999769e+00 1.303156079999999939e+01 1.837022659999999860e+03 1.945618999999999915e+03
3.119999999999999662e+00 1.302008087999999830e+01 1.837118326000000025e+03 1.945618999999999915e+03
3.124999999999999556e+00 1.298638176000000044e+01 1.837399151999999958e+03 1.945618999999999915e+03
3.130000000000000338e+00 1.299193655999999919e+01 1.837352861999999959e+03 1.945618999999999915e+03
3.135000000000000231e+00 1.302008087999999830e+01 1.837118326000000025e+03 1.945618999999999915e+03
3.140000000000000124e+00 1.300304615999999847e+01 1.837260281999999961e+03 1.945618999999999915e+03
3.145000000000000018e+00 1.301452607999999778e+01 1.837164616000000024e+03 1.945618999999999915e+03
3.149999999999999911e+00 1.299193655999999919e+01 1.837352861999999959e+03 1.945618999999999915e+03
3.154999999999999805e+00 1.298638176000000044e+01 1.837399151999999958e+03 1.945618999999999915e+03
3.159999999999999698e+00 1.291861319999999935e+01 1.837963889999999992e+03 1.945618999999999915e+03
3.164999999999999591e+00 1.303711559999999814e+01 1.836976369999999861e+03 1.945618999999999915e+03
3.170000000000000373e+00 1.296934703999999883e+01 1.837541107999999895e+03 1.945618999999999915e+03
3.175000000000000266e+00 1.296379224000000008e+01 1.837587397999999894e+03 1.945618999999999915e+03
3.180000000000000160e+00 1.298638176000000044e+01 1.837399151999999958e+03 1.945618999999999915e+03
3.185000000000000053e+00 1.299749135999999794e+01 1.837306571999999960e+03 1.945618999999999915e+03
3.189999999999999947e+00 1.298638176000000044e+01 1.837399151999999958e+03 1.945618999999999915e+03
3.194999999999999840e+00 1.292972279999999863e+01 1.837871309999999994e+03 1.945618999999999915e+03
3.199999999999999734e+00 1.300897127999999903e+01 1.837210906000000023e+03 1.945618999999999915e+03
3.204999999999999627e+00 1.295231231999999899e+01 1.837683063999999831e+03 1.945618999999999915e+03
3.209999999999999076e+00 1.293527759999999915e+01 1.837825019999999995e+03 1.945618999999999915e+03
3.214999999999999858e+00 1.296934703999999883e+01 1.837541107999999895e+03 1.945618999999999915e+03
3.220000000000000639e+00 1.296934703999999883e+01 1.837541107999999895e+03 1.945618999999999915e+03
3.224999999999999645e+00 1.302563567999999883e+01 1.837072036000000026e+03 1.945618999999999915e+03
3.230000000000000426e+00 1.302563567999999883e+01 1.837072036000000026e+03 1.945618999999999915e+03
3.234999999999999432e+00 1.302008087999999830e+01 1.837118326000000025e+03 1.945618999999999915e+03
3.240000000000000213e+00 1.297490183999999935e+01 1.837494817999999896e+03 1.945618999999999915e+03
3.244999999999999218e+00 1.292416799999999810e+01 1.837917599999999993e+03 1.945618999999999915e+03
3.250000000000000000e+00 1.298638176000000044e+01 1.837399151999999958e+03 1.945618999999999915e+03
3.255000000000000782e+00 1.297490183999999935e+01 1.837494817999999896e+03 1.945618999999999915e+03
3.259999999999999787e+00 1.298045663999999810e+01 1.837448527999999897e+03 1.945618999999999915e+03
3.265000000000000568e+00 1.296379224000000008e+01 1.837587397999999894e+03 1.945618999999999915e+03
3.269999999999999574e+00 1.298638176000000044e+01 1.837399151999999958e+03 1.945618999999999915e+03
3.275000000000000355e+00 1.293527759999999915e+01 1.837825019999999995e+03 1.945618999999999915e+03
3.279999999999999361e+00 1.294120271999999972e+01 1.837775643999999829e+03 1.945618999999999915e+03
3.285000000000000142e+00 1.291268807999999879e+01 1.838013265999999931e+03 1.945618999999999915e+03
3.289999999999999147e+00 1.293527759999999915e+01 1.837825019999999995e+03 1.945618999999999915e+03
3.294999999999999929e+00 1.288454375999999790e+01 1.838247801999999865e+03 1.945618999999999915e+03
3.300000000000000711e+00 1.292972279999999863e+01 1.837871309999999994e+03 1.945618999999999915e+03
3.304999999999999716e+00 1.296379224000000008e+01 1.837587397999999894e+03 1.945618999999999915e+03
3.310000000000000497e+00 1.286195423999999932e+01 1.838436048000000028e+03 1.945618999999999915e+03
3.314999999999999503e+00 1.289565335999999895e+01 1.838155221999999867e+03 1.945618999999999915e+03
3.320000000000000284e+00 1.289565335999999895e+01 1.838155221999999867e+03 1.945618999999999915e+03
3.324999999999999289e+00 1.292416799999999810e+01 1.837917599999999993e+03 1.945618999999999915e+03
3.330000000000000071e+00 1.282232999999999912e+01 1.838766249999999900e+03 1.945618999999999915e+03
3.334999999999999076e+00 1.286750903999999807e+01 1.838389758000000029e+03 1.945618999999999915e+03
3.339999999999999858e+00 1.285639943999999879e+01 1.838482338000000027e+03 1.945618999999999915e+03
3.345000000000000639e+00 1.289565335999999895e+01 1.838155221999999867e+03 1.945618999999999915e+03
3.349999999999999645e+00 1.289565335999999895e+01 1.838155221999999867e+03 1.945618999999999915e+03
3.355000000000000426e+00 1.286750903999999807e+01 1.838389758000000029e+03 1.945618999999999915e+03
3.359999999999999432e+00 1.287306383999999859e+01 1.838343468000000030e+03 1.945618999999999915e+03
3.365000000000000213e+00 1.287898895999999915e+01 1.838294091999999864e+03 1.945618999999999915e+03
3.369999999999999218e+00 1.288454375999999790e+01 1.838247801999999865e+03 1.945618999999999915e+03
3.375000000000000000e+00 1.288454375999999790e+01 1.838247801999999865e+03 1.945618999999999915e+03
3.380000000000000782e+00 1.289009855999999843e+01 1.838201511999999866e+03 1.945618999999999915e+03
3.384999999999999787e+00 1.289009855999999843e+01 1.838201511999999866e+03 1.945618999999999915e+03
3.390000000000000568e+00 1.290713327999999827e+01 1.838059555999999930e+03 1.945618999999999915e+03
3.394999999999999574e+00 1.287306383999999859e+01 1.838343468000000030e+03 1.945618999999999915e+03
3.400000000000000355e+00 1.287306383999999859e+01 1.838343468000000030e+03 1.945618999999999915e+03
3.404999999999999361e+00 1.285639943999999879e+01 1.838482338000000027e+03 1.945618999999999915e+03
3.410000000000000142e+00 1.285047432000000001e+01 1.838531713999999965e+03 1.945618999999999915e+03
3.414999999999999147e+00 1.289565335999999895e+01 1.838155221999999867e+03 1.945618999999999915e+03
3.419999999999999929e+00 1.283380991999999843e+01 1.838670583999999963e+03 1.945618999999999915e+03
3.425000000000000711e+00 1.285047432000000001e+01 1.838531713999999965e+03 1.945618999999999915e+03
3.429999999999999716e+00 1.284491951999999948e+01 1.838578003999999964e+03 1.945618999999999915e+03
3.435000000000000497e+00 1.280529527999999928e+01 1.838908205999999836e+03 1.945618999999999915e+03
3.439999999999999503e+00 1.281122039999999807e+01 1.838858829999999898e+03 1.945618999999999915e+03
3.445000000000000284e+00 1.283936471999999895e+01 1.838624293999999963e+03 1.945618999999999915e+03
3.449999999999999289e+00 1.287306383999999859e+01 1.838343468000000030e+03 1.945618999999999915e+03
3.455000000000000071e+00 1.287306383999999859e+01 1.838343468000000030e+03 1.945618999999999915e+03
3.459999999999999076e+00 1.287898895999999915e+01 1.838294091999999864e+03 1.945618999999999915e+03
3.464999999999999858e+00 1.285047432000000001e+01 1.838531713999999965e+03 1.945618999999999915e+03
3.470000000000000639e+00 1.280529527999999928e+01 1.838908205999999836e+03 1.945618999999999915e+03
3.474999999999999645e+00 1.285047432000000001e+01 1.838531713999999965e+03 1.945618999999999915e+03
3.480000000000000426e+00 1.285639943999999879e+01 1.838482338000000027e+03 1.945618999999999915e+03
3.484999999999999432e+00 1.286195423999999932e+01 1.838436048000000028e+03 1.945618999999999915e+03
3.490000000000000213e+00 1.284491951999999948e+01 1.838578003999999964e+03 1.945618999999999915e+03
3.494999999999999218e+00 1.287898895999999915e+01 1.838294091999999864e+03 1.945618999999999915e+03
3.500000000000000000e+00 1.282788479999999964e+01 1.838719959999999901e+03 1.945618999999999915e+03
3.505000000000000782e+00 1.282788479999999964e+01 1.838719959999999901e+03 1.945618999999999915e+03
3.509999999999999787e+00 1.285639943999999879e+01 1.838482338000000027e+03 1.945618999999999915e+03
3.515000000000000568e+00 1.278863087999999770e+01 1.839047075999999834e+03 1.945618999999999915e+03
3.519999999999999574e+00 1.281122039999999807e+01 1.838858829999999898e+03 1.945618999999999915e+03
3.525000000000000355e+00 1.279418567999999823e+01 1.839000785999999835e+03 1.945618999999999915e+03
3.529999999999999361e+00 1.282788479999999964e+01 1.838719959999999901e+03 1.945618999999999915e+03
3.535000000000000142e+00 1.281677519999999859e+01 1.838812539999999899e+03 1.945618999999999915e+03
3.539999999999999147e+00 1.283936471999999895e+01 1.838624293999999963e+03 1.945618999999999915e+03
3.544999999999999929e+00 1.283380991999999843e+01 1.838670583999999963e+03 1.945618999999999915e+03
3.550000000000000711e+00 1.286750903999999807e+01 1.838389758000000029e+03 1.945618999999999915e+03
3.554999999999999716e+00 1.287306383999999859e+01 1.838343468000000030e+03 1.945618999999999915e+03
3.560000000000000497e+00 1.285639943999999879e+01 1.838482338000000027e+03 1.945618999999999915e+03
3.564999999999999503e+00 1.281677519999999859e+01 1.838812539999999899e+03 1.945618999999999915e+03
3.570000000000000284e+00 1.289565335999999895e+01 1.838155221999999867e+03 1.945618999999999915e+03
3.574999999999999289e+00 1.291861319999999935e+01 1.837963889999999992e+03 1.945618999999999915e+03
3.580000000000000071e+00 1.283936471999999895e+01 1.838624293999999963e+03 1.945618999999999915e+03
3.584999999999999076e+00 1.278270575999999892e+01 1.839096451999999999e+03 1.945618999999999915e+03
3.589999999999999858e+00 1.279418567999999823e+01 1.839000785999999835e+03 1.945618999999999915e+03
3.595000000000000639e+00 1.281122039999999807e+01 1.838858829999999898e+03 1.945618999999999915e+03
3.599999999999999645e+00 1.278270575999999892e+01 1.839096451999999999e+03 1.945618999999999915e+03
3.605000000000000426e+00 1.280529527999999928e+01 1.838908205999999836e+03 1.945618999999999915e+03
3.609999999999999432e+00 1.285639943999999879e+01 1.838482338000000027e+03 1.945618999999999915e+03
3.615000000000000213e+00 1.282788479999999964e+01 1.838719959999999901e+03 1.945618999999999915e+03
3.619999999999999218e+00 1.285047432000000001e+01 1.838531713999999965e+03 1.945618999999999915e+03
3.625000000000000000e+00 1.283936471999999895e+01 1.838624293999999963e+03 1.945618999999999915e+03
3.630000000000000782e+00 1.279974047999999875e+01 1.838954495999999835e+03 1.945618999999999915e+03
3.634999999999999787e+00 1.284491951999999948e+01 1.838578003999999964e+03 1.945618999999999915e+03
3.640000000000000568e+00 1.284491951999999948e+01 1.838578003999999964e+03 1.945618999999999915e+03
3.644999999999999574e+00 1.286195423999999932e+01 1.838436048000000028e+03 1.945618999999999915e+03
3.650000000000000355e+00 1.277159615999999787e+01 1.839189031999999997e+03 1.945618999999999915e+03
3.654999999999999361e+00 1.277715095999999839e+01 1.839142741999999998e+03 1.945618999999999915e+03
3.660000000000000142e+00 1.279974047999999875e+01 1.838954495999999835e+03 1.945618999999999915e+03
3.664999999999999147e+00 1.283936471999999895e+01 1.838624293999999963e+03 1.945618999999999915e+03
3.669999999999999929e+00 1.281122039999999807e+01 1.838858829999999898e+03 1.945618999999999915e+03
3.675000000000000711e+00 1.274900663999999928e+01 1.839377277999999933e+03 1.945618999999999915e+03
3.679999999999999716e+00 1.275456143999999803e+01 1.839330987999999934e+03 1.945618999999999915e+03
3.685000000000000497e+00 1.270382759999999855e+01 1.839753769999999804e+03 1.945618999999999915e+03
3.689999999999999503e+00 1.275456143999999803e+01 1.839330987999999934e+03 1.945618999999999915e+03
3.695000000000000284e+00 1.274308151999999872e+01 1.839426653999999871e+03 1.945618999999999915e+03
3.699999999999999289e+00 1.269790247999999977e+01 1.839803145999999970e+03 1.945618999999999915e+03
3.705000000000000071e+00 1.272641711999999892e+01 1.839565523999999868e+03 1.945618999999999915e+03
3.709999999999999076e+00 1.277159615999999787e+01 1.839189031999999997e+03 1.945618999999999915e+03
3.714999999999999858e+00 1.273197191999999944e+01 1.839519233999999869e+03 1.945618999999999915e+03
3.720000000000000639e+00 1.271493719999999961e+01 1.839661189999999806e+03 1.945618999999999915e+03
3.724999999999999645e+00 1.272641711999999892e+01 1.839565523999999868e+03 1.945618999999999915e+03
3.730000000000000426e+00 1.274900663999999928e+01 1.839377277999999933e+03 1.945618999999999915e+03
3.734999999999999432e+00 1.273752671999999997e+01 1.839472943999999870e+03 1.945618999999999915e+03
3.740000000000000213e+00 1.274900663999999928e+01 1.839377277999999933e+03 1.945618999999999915e+03
3.744999999999999218e+00 1.270938239999999908e+01 1.839707480000000032e+03 1.945618999999999915e+03
3.750000000000000000e+00 1.271493719999999961e+01 1.839661189999999806e+03 1.945618999999999915e+03
3.755000000000000782e+00 1.272049200000000013e+01 1.839614899999999807e+03 1.945618999999999915e+03
3.759999999999999787e+00 1.272049200000000013e+01 1.839614899999999807e+03 1.945618999999999915e+03
3.765000000000000568e+00 1.273197191999999944e+01 1.839519233999999869e+03 1.945618999999999915e+03
3.769999999999999574e+00 1.273197191999999944e+01 1.839519233999999869e+03 1.945618999999999915e+03
3.775000000000000355e+00 1.277715095999999839e+01 1.839142741999999998e+03 1.945618999999999915e+03
3.779999999999999361e+00 1.271493719999999961e+01 1.839661189999999806e+03 1.945618999999999915e+03
3.785000000000000142e+00 1.269790247999999977e+01 1.839803145999999970e+03 1.945618999999999915e+03
3.789999999999999147e+00 1.279418567999999823e+01 1.839000785999999835e+03 1.945618999999999915e+03
3.794999999999999929e+00 1.276011623999999856e+01 1.839284697999999935e+03 1.945618999999999915e+03
3.800000000000000711e+00 1.269234767999999924e+01 1.839849435999999969e+03 1.945618999999999915e+03
3.804999999999999716e+00 1.272049200000000013e+01 1.839614899999999807e+03 1.945618999999999915e+03
3.810000000000000497e+00 1.272641711999999892e+01 1.839565523999999868e+03 1.945618999999999915e+03
3.814999999999999503e+00 1.274308151999999872e+01 1.839426653999999871e+03 1.945618999999999915e+03
3.820000000000000284e+00 1.270938239999999908e+01 1.839707480000000032e+03 1.945618999999999915e+03
3.824999999999999289e+00 1.271493719999999961e+01 1.839661189999999806e+03 1.945618999999999915e+03
3.830000000000000071e+00 1.271493719999999961e+01 1.839661189999999806e+03 1.945618999999999915e+03
3.834999999999999076e+00 1.268123807999999819e+01 1.839942015999999967e+03 1.945618999999999915e+03
3.839999999999999858e+00 1.274900663999999928e+01 1.839377277999999933e+03 1.945618999999999915e+03
3.845000000000000639e+00 1.268123807999999819e+01 1.839942015999999967e+03 1.945618999999999915e+03
3.849999999999999645e+00 1.266975815999999888e+01 1.840037681999999904e+03 1.945618999999999915e+03
3.855000000000000426e+00 1.272049200000000013e+01 1.839614899999999807e+03 1.945618999999999915e+03
3.859999999999999432e+00 1.273752671999999997e+01 1.839472943999999870e+03 1.945618999999999915e+03
3.865000000000000213e+00 1.273752671999999997e+01 1.839472943999999870e+03 1.945618999999999915e+03
3.869999999999999218e+00 1.269790247999999977e+01 1.839803145999999970e+03 1.945618999999999915e+03
3.875000000000000000e+00 1.272049200000000013e+01 1.839614899999999807e+03 1.945618999999999915e+03
3.880000000000000782e+00 1.264716863999999852e+01 1.840225927999999840e+03 1.945618999999999915e+03
3.884999999999999787e+00 1.263013391999999868e+01 1.840367884000000004e+03 1.945618999999999915e+03
3.890000000000000568e+00 1.268123807999999819e+01 1.839942015999999967e+03 1.945618999999999915e+03
3.894999999999999574e+00 1.269790247999999977e+01 1.839803145999999970e+03 1.945618999999999915e+03
3.900000000000000355e+00 1.268679287999999872e+01 1.839895725999999968e+03 1.945618999999999915e+03
3.904999999999999361e+00 1.270382759999999855e+01 1.839753769999999804e+03 1.945618999999999915e+03
3.910000000000000142e+00 1.271493719999999961e+01 1.839661189999999806e+03 1.945618999999999915e+03
3.914999999999999147e+00 1.269234767999999924e+01 1.839849435999999969e+03 1.945618999999999915e+03
3.919999999999999929e+00 1.270938239999999908e+01 1.839707480000000032e+03 1.945618999999999915e+03
3.925000000000000711e+00 1.268123807999999819e+01 1.839942015999999967e+03 1.945618999999999915e+03
3.929999999999999716e+00 1.268679287999999872e+01 1.839895725999999968e+03 1.945618999999999915e+03
3.935000000000000497e+00 1.269790247999999977e+01 1.839803145999999970e+03 1.945618999999999915e+03
3.939999999999999503e+00 1.264161383999999799e+01 1.840272217999999839e+03 1.945618999999999915e+03
3.945000000000000284e+00 1.259050968000000026e+01 1.840698085999999876e+03 1.945618999999999915e+03
3.949999999999999289e+00 1.258495487999999973e+01 1.840744375999999875e+03 1.945618999999999915e+03
3.955000000000000071e+00 1.261309920000000062e+01 1.840509839999999940e+03 1.945618999999999915e+03
3.959999999999999076e+00 1.263605903999999924e+01 1.840318507999999838e+03 1.945618999999999915e+03
3.964999999999999858e+00 1.264716863999999852e+01 1.840225927999999840e+03 1.945618999999999915e+03
3.970000000000000639e+00 1.264716863999999852e+01 1.840225927999999840e+03 1.945618999999999915e+03
3.974999999999999645e+00 1.266420335999999836e+01 1.840083971999999903e+03 1.945618999999999915e+03
3.980000000000000426e+00 1.271493719999999961e+01 1.839661189999999806e+03 1.945618999999999915e+03
3.984999999999999432e+00 1.268679287999999872e+01 1.839895725999999968e+03 1.945618999999999915e+03
3.990000000000000213e+00 1.265272343999999904e+01 1.840179637999999841e+03 1.945618999999999915e+03
3.994999999999999218e+00 1.266420335999999836e+01 1.840083971999999903e+03 1.945618999999999915e+03
4.000000000000000000e+00 1.261902431999999941e+01 1.840460464000000002e+03 1.945618999999999915e+03
4.005000000000000782e+00 1.268123807999999819e+01 1.839942015999999967e+03 1.945618999999999915e+03
4.009999999999999787e+00 1.268123807999999819e+01 1.839942015999999967e+03 1.945618999999999915e+03
4.015000000000000568e+00 1.265272343999999904e+01 1.840179637999999841e+03 1.945618999999999915e+03
4.019999999999999574e+00 1.265272343999999904e+01 1.840179637999999841e+03 1.945618999999999915e+03
4.025000000000000355e+00 1.265272343999999904e+01 1.840179637999999841e+03 1.945618999999999915e+03
4.029999999999999361e+00 1.265272343999999904e+01 1.840179637999999841e+03 1.945618999999999915e+03
4.035000000000000142e+00 1.264161383999999799e+01 1.840272217999999839e+03 1.945618999999999915e+03
4.039999999999999147e+00 1.261309920000000062e+01 1.840509839999999940e+03 1.945618999999999915e+03
4.044999999999999929e+00 1.261902431999999941e+01 1.840460464000000002e+03 1.945618999999999915e+03
4.050000000000000711e+00 1.262457911999999993e+01 1.840414174000000003e+03 1.945618999999999915e+03
4.054999999999999716e+00 1.264161383999999799e+01 1.840272217999999839e+03 1.945618999999999915e+03
4.060000000000000497e+00 1.263013391999999868e+01 1.840367884000000004e+03 1.945618999999999915e+03
4.064999999999999503e+00 1.262457911999999993e+01 1.840414174000000003e+03 1.945618999999999915e+03
4.070000000000000284e+00 1.258495487999999973e+01 1.840744375999999875e+03 1.945618999999999915e+03
4.074999999999999289e+00 1.262457911999999993e+01 1.840414174000000003e+03 1.945618999999999915e+03
4.080000000000000071e+00 1.265272343999999904e+01 1.840179637999999841e+03 1.945618999999999915e+03
4.084999999999999076e+00 1.261309920000000062e+01 1.840509839999999940e+03 1.945618999999999915e+03
4.089999999999999858e+00 1.260198959999999957e+01 1.840602419999999938e+03 1.945618999999999915e+03
4.094999999999998863e+00 1.268123807999999819e+01 1.839942015999999967e+03 1.945618999999999915e+03
4.099999999999999645e+00 1.259050968000000026e+01 1.840698085999999876e+03 1.945618999999999915e+03
4.104999999999998650e+00 1.260198959999999957e+01 1.840602419999999938e+03 1.945618999999999915e+03
4.109999999999999432e+00 1.257384527999999868e+01 1.840836955999999873e+03 1.945618999999999915e+03
4.115000000000000213e+00 1.257940007999999921e+01 1.840790665999999874e+03 1.945618999999999915e+03
4.119999999999999218e+00 1.261309920000000062e+01 1.840509839999999940e+03 1.945618999999999915e+03
4.125000000000000000e+00 1.261902431999999941e+01 1.840460464000000002e+03 1.945618999999999915e+03
4.129999999999999005e+00 1.263013391999999868e+01 1.840367884000000004e+03 1.945618999999999915e+03
4.134999999999999787e+00 1.260198959999999957e+01 1.840602419999999938e+03 1.945618999999999915e+03
4.139999999999998792e+00 1.258495487999999973e+01 1.840744375999999875e+03 1.945618999999999915e+03
4.144999999999999574e+00 1.258495487999999973e+01 1.840744375999999875e+03 1.945618999999999915e+03
4.150000000000000355e+00 1.260198959999999957e+01 1.840602419999999938e+03 1.945618999999999915e+03
4.154999999999999361e+00 1.259643479999999904e+01 1.840648709999999937e+03 1.945618999999999915e+03
4.160000000000000142e+00 1.257940007999999921e+01 1.840790665999999874e+03 1.945618999999999915e+03
4.164999999999999147e+00 1.254533063999999953e+01 1.841074577999999974e+03 1.945618999999999915e+03
4.169999999999999929e+00 1.253977583999999901e+01 1.841120867999999973e+03 1.945618999999999915e+03
4.174999999999998934e+00 1.256236535999999937e+01 1.840932621999999810e+03 1.945618999999999915e+03
4.179999999999999716e+00 1.261902431999999941e+01 1.840460464000000002e+03 1.945618999999999915e+03
4.184999999999998721e+00 1.252866623999999796e+01 1.841213447999999971e+03 1.945618999999999915e+03
4.189999999999999503e+00 1.258495487999999973e+01 1.840744375999999875e+03 1.945618999999999915e+03
4.195000000000000284e+00 1.257940007999999921e+01 1.840790665999999874e+03 1.945618999999999915e+03
4.199999999999999289e+00 1.256792015999999990e+01 1.840886331999999811e+03 1.945618999999999915e+03
4.205000000000000071e+00 1.252274111999999917e+01 1.841262823999999910e+03 1.945618999999999915e+03
4.209999999999999076e+00 1.258495487999999973e+01 1.840744375999999875e+03 1.945618999999999915e+03
4.214999999999999858e+00 1.256792015999999990e+01 1.840886331999999811e+03 1.945618999999999915e+03
4.219999999999998863e+00 1.251718631999999864e+01 1.841309113999999909e+03 1.945618999999999915e+03
4.224999999999999645e+00 1.256236535999999937e+01 1.840932621999999810e+03 1.945618999999999915e+03
4.229999999999998650e+00 1.251163151999999990e+01 1.841355403999999908e+03 1.945618999999999915e+03
4.234999999999999432e+00 1.255125575999999832e+01 1.841025201999999808e+03 1.945618999999999915e+03
4.240000000000000213e+00 1.257384527999999868e+01 1.840836955999999873e+03 1.945618999999999915e+03
4.244999999999999218e+00 1.255681055999999884e+01 1.840978912000000037e+03 1.945618999999999915e+03
4.250000000000000000e+00 1.256236535999999937e+01 1.840932621999999810e+03 1.945618999999999915e+03
4.254999999999999005e+00 1.255125575999999832e+01 1.841025201999999808e+03 1.945618999999999915e+03
4.259999999999999787e+00 1.255125575999999832e+01 1.841025201999999808e+03 1.945618999999999915e+03
4.264999999999998792e+00 1.255125575999999832e+01 1.841025201999999808e+03 1.945618999999999915e+03
4.269999999999999574e+00 1.251718631999999864e+01 1.841309113999999909e+03 1.945618999999999915e+03
4.275000000000000355e+00 1.253422103999999848e+01 1.841167157999999972e+03 1.945618999999999915e+03
4.279999999999999361e+00 1.254533063999999953e+01 1.841074577999999974e+03 1.945618999999999915e+03
4.285000000000000142e+00 1.255125575999999832e+01 1.841025201999999808e+03 1.945618999999999915e+03
4.289999999999999147e+00 1.253422103999999848e+01 1.841167157999999972e+03 1.945618999999999915e+03
4.294999999999999929e+00 1.254533063999999953e+01 1.841074577999999974e+03 1.945618999999999915e+03
4.299999999999998934e+00 1.250607671999999937e+01 1.841401693999999907e+03 1.945618999999999915e+03
4.304999999999999716e+00 1.250607671999999937e+01 1.841401693999999907e+03 1.945618999999999915e+03
4.309999999999998721e+00 1.252274111999999917e+01 1.841262823999999910e+03 1.945618999999999915e+03
4.314999999999999503e+00 1.260198959999999957e+01 1.840602419999999938e+03 1.945618999999999915e+03
4.320000000000000284e+00 1.254533063999999953e+01 1.841074577999999974e+03 1.945618999999999915e+03
4.324999999999999289e+00 1.253977583999999901e+01 1.841120867999999973e+03 1.945618999999999915e+03
4.330000000000000071e+00 1.250607671999999937e+01 1.841401693999999907e+03 1.945618999999999915e+03
4.334999999999999076e+00 1.252274111999999917e+01 1.841262823999999910e+03 1.945618999999999915e+03
4.339999999999999858e+00 1.247756207999999845e+01 1.841639316000000008e+03 1.945618999999999915e+03
4.344999999999998863e+00 1.250607671999999937e+01 1.841401693999999907e+03 1.945618999999999915e+03
4.349999999999999645e+00 1.248311687999999897e+01 1.841593026000000009e+03 1.945618999999999915e+03
4.354999999999998650e+00 1.249459680000000006e+01 1.841497359999999844e+03 1.945618999999999915e+03
4.359999999999999432e+00 1.251163151999999990e+01 1.841355403999999908e+03 1.945618999999999915e+03
4.365000000000000213e+00 1.248904199999999953e+01 1.841543649999999843e+03 1.945618999999999915e+03
4.369999999999999218e+00 1.250015159999999881e+01 1.841451069999999845e+03 1.945618999999999915e+03
4.375000000000000000e+00 1.252274111999999917e+01 1.841262823999999910e+03 1.945618999999999915e+03
4.379999999999999005e+00 1.250015159999999881e+01 1.841451069999999845e+03 1.945618999999999915e+03
4.384999999999999787e+00 1.252866623999999796e+01 1.841213447999999971e+03 1.945618999999999915e+03
4.389999999999998792e+00 1.246052735999999861e+01 1.841781271999999944e+03 1.945618999999999915e+03
4.394999999999999574e+00 1.248904199999999953e+01 1.841543649999999843e+03 1.945618999999999915e+03
4.400000000000000355e+00 1.244386295999999881e+01 1.841920141999999942e+03 1.945618999999999915e+03
4.404999999999999361e+00 1.246052735999999861e+01 1.841781271999999944e+03 1.945618999999999915e+03
4.410000000000000142e+00 1.246052735999999861e+01 1.841781271999999944e+03 1.945618999999999915e+03
4.414999999999999147e+00 1.247756207999999845e+01 1.841639316000000008e+03 1.945618999999999915e+03
4.419999999999999929e+00 1.245497255999999808e+01 1.841827561999999944e+03 1.945618999999999915e+03
4.424999999999998934e+00 1.245497255999999808e+01 1.841827561999999944e+03 1.945618999999999915e+03
4.429999999999999716e+00 1.246645247999999917e+01 1.841731896000000006e+03 1.945618999999999915e+03
4.434999999999998721e+00 1.240979351999999736e+01 1.842204053999999815e+03 1.945618999999999915e+03
4.439999999999999503e+00 1.242682823999999897e+01 1.842062097999999878e+03 1.945618999999999915e+03
4.445000000000000284e+00 1.245497255999999808e+01 1.841827561999999944e+03 1.945618999999999915e+03
4.449999999999999289e+00 1.248311687999999897e+01 1.841593026000000009e+03 1.945618999999999915e+03
4.455000000000000071e+00 1.243793783999999825e+01 1.841969517999999880e+03 1.945618999999999915e+03
4.459999999999999076e+00 1.243238303999999772e+01 1.842015807999999879e+03 1.945618999999999915e+03
4.464999999999999858e+00 1.244941775999999933e+01 1.841873851999999943e+03 1.945618999999999915e+03
4.469999999999998863e+00 1.242127343999999844e+01 1.842108387999999877e+03 1.945618999999999915e+03
4.474999999999999645e+00 1.244941775999999933e+01 1.841873851999999943e+03 1.945618999999999915e+03
4.479999999999998650e+00 1.240979351999999736e+01 1.842204053999999815e+03 1.945618999999999915e+03
4.484999999999999432e+00 1.242127343999999844e+01 1.842108387999999877e+03 1.945618999999999915e+03
4.490000000000000213e+00 1.232499023999999821e+01 1.842910748000000012e+03 1.945618999999999915e+03
4.494999999999999218e+00 1.245497255999999808e+01 1.841827561999999944e+03 1.945618999999999915e+03
4.500000000000000000e+00 1.239868391999999986e+01 1.842296633999999813e+03 1.945618999999999915e+03
4.504999999999999005e+00 1.240979351999999736e+01 1.842204053999999815e+03 1.945618999999999915e+03
4.509999999999999787e+00 1.240979351999999736e+01 1.842204053999999815e+03 1.945618999999999915e+03
4.514999999999998792e+00 1.237016927999999893e+01 1.842534255999999914e+03 1.945618999999999915e+03
4.519999999999999574e+00 1.234757975999999857e+01 1.842722501999999849e+03 1.945618999999999915e+03
4.525000000000000355e+00 1.239868391999999986e+01 1.842296633999999813e+03 1.945618999999999915e+03
4.529999999999999361e+00 1.238720399999999877e+01 1.842392299999999977e+03 1.945618999999999915e+03
4.535000000000000142e+00 1.239868391999999986e+01 1.842296633999999813e+03 1.945618999999999915e+03
4.539999999999999147e+00 1.240423871999999861e+01 1.842250344000000041e+03 1.945618999999999915e+03
4.544999999999999929e+00 1.238720399999999877e+01 1.842392299999999977e+03 1.945618999999999915e+03
4.549999999999998934e+00 1.239868391999999986e+01 1.842296633999999813e+03 1.945618999999999915e+03
4.554999999999999716e+00 1.239275879999999752e+01 1.842346009999999978e+03 1.945618999999999915e+03
4.559999999999998721e+00 1.239275879999999752e+01 1.842346009999999978e+03 1.945618999999999915e+03
4.564999999999999503e+00 1.237609439999999950e+01 1.842484879999999976e+03 1.945618999999999915e+03
4.570000000000000284e+00 1.243238303999999772e+01 1.842015807999999879e+03 1.945618999999999915e+03
4.574999999999999289e+00 1.242127343999999844e+01 1.842108387999999877e+03 1.945618999999999915e+03
4.580000000000000071e+00 1.240423871999999861e+01 1.842250344000000041e+03 1.945618999999999915e+03
4.584999999999999076e+00 1.238164920000000002e+01 1.842438589999999976e+03 1.945618999999999915e+03
4.589999999999999858e+00 1.239868391999999986e+01 1.842296633999999813e+03 1.945618999999999915e+03
4.594999999999998863e+00 1.240979351999999736e+01 1.842204053999999815e+03 1.945618999999999915e+03
4.599999999999999645e+00 1.234757975999999857e+01 1.842722501999999849e+03 1.945618999999999915e+03
4.604999999999998650e+00 1.235350487999999913e+01 1.842673125999999911e+03 1.945618999999999915e+03
4.609999999999999432e+00 1.235350487999999913e+01 1.842673125999999911e+03 1.945618999999999915e+03
4.615000000000000213e+00 1.239275879999999752e+01 1.842346009999999978e+03 1.945618999999999915e+03
4.619999999999999218e+00 1.236461447999999841e+01 1.842580545999999913e+03 1.945618999999999915e+03
4.625000000000000000e+00 1.240423871999999861e+01 1.842250344000000041e+03 1.945618999999999915e+03
4.629999999999999005e+00 1.234757975999999857e+01 1.842722501999999849e+03 1.945618999999999915e+03
4.634999999999999787e+00 1.237016927999999893e+01 1.842534255999999914e+03 1.945618999999999915e+03
4.639999999999998792e+00 1.236461447999999841e+01 1.842580545999999913e+03 1.945618999999999915e+03
4.644999999999999574e+00 1.238164920000000002e+01 1.842438589999999976e+03 1.945618999999999915e+03
4.650000000000000355e+00 1.235350487999999913e+01 1.842673125999999911e+03 1.945618999999999915e+03
4.654999999999999361e+00 1.234202495999999805e+01 1.842768791999999848e+03 1.945618999999999915e+03
4.660000000000000142e+00 1.234202495999999805e+01 1.842768791999999848e+03 1.945618999999999915e+03
4.664999999999999147e+00 1.233647015999999930e+01 1.842815081999999848e+03 1.945618999999999915e+03
4.669999999999999929e+00 1.230240071999999785e+01 1.843098993999999948e+03 1.945618999999999915e+03
4.674999999999998934e+00 1.234757975999999857e+01 1.842722501999999849e+03 1.945618999999999915e+03
4.679999999999999716e+00 1.237609439999999950e+01 1.842484879999999976e+03 1.945618999999999915e+03
4.684999999999998721e+00 1.233647015999999930e+01 1.842815081999999848e+03 1.945618999999999915e+03
4.689999999999999503e+00 1.238720399999999877e+01 1.842392299999999977e+03 1.945618999999999915e+03
4.695000000000000284e+00 1.233647015999999930e+01 1.842815081999999848e+03 1.945618999999999915e+03
4.699999999999999289e+00 1.234757975999999857e+01 1.842722501999999849e+03 1.945618999999999915e+03
4.705000000000000071e+00 1.234757975999999857e+01 1.842722501999999849e+03 1.945618999999999915e+03
4.709999999999999076e+00 1.233647015999999930e+01 1.842815081999999848e+03 1.945618999999999915e+03
4.714999999999999858e+00 1.237609439999999950e+01 1.842484879999999976e+03 1.945618999999999915e+03
4.719999999999998863e+00 1.236461447999999841e+01 1.842580545999999913e+03 1.945618999999999915e+03
4.724999999999999645e+00 1.235905967999999966e+01 1.842626835999999912e+03 1.945618999999999915e+03
4.729999999999998650e+00 1.235905967999999966e+01 1.842626835999999912e+03 1.945618999999999915e+03
4.734999999999999432e+00 1.231388063999999893e+01 1.843003328000000010e+03 1.945618999999999915e+03
4.740000000000000213e+00 1.230795551999999837e+01 1.843052703999999949e+03 1.945618999999999915e+03
4.744999999999999218e+00 1.232499023999999821e+01 1.842910748000000012e+03 1.945618999999999915e+03
4.750000000000000000e+00 1.229129111999999857e+01 1.843191573999999946e+03 1.945618999999999915e+03
4.754999999999999005e+00 1.231943543999999768e+01 1.842957038000000011e+03 1.945618999999999915e+03
4.759999999999999787e+00 1.231388063999999893e+01 1.843003328000000010e+03 1.945618999999999915e+03
4.764999999999998792e+00 1.231943543999999768e+01 1.842957038000000011e+03 1.945618999999999915e+03
4.769999999999999574e+00 1.235905967999999966e+01 1.842626835999999912e+03 1.945618999999999915e+03
4.775000000000000355e+00 1.235350487999999913e+01 1.842673125999999911e+03 1.945618999999999915e+03
4.779999999999999361e+00 1.232499023999999821e+01 1.842910748000000012e+03 1.945618999999999915e+03
4.785000000000000142e+00 1.231388063999999893e+01 1.843003328000000010e+03 1.945618999999999915e+03
4.789999999999999147e+00 1.229684591999999732e+01 1.843145283999999947e+03 1.945618999999999915e+03
4.794999999999999929e+00 1.229129111999999857e+01 1.843191573999999946e+03 1.945618999999999915e+03
4.799999999999998934e+00 1.232499023999999821e+01 1.842910748000000012e+03 1.945618999999999915e+03
4.804999999999999716e+00 1.232499023999999821e+01 1.842910748000000012e+03 1.945618999999999915e+03
4.809999999999998721e+00 1.225722167999999890e+01 1.843475485999999819e+03 1.945618999999999915e+03
4.814999999999999503e+00 1.231388063999999893e+01 1.843003328000000010e+03 1.945618999999999915e+03
4.820000000000000284e+00 1.229129111999999857e+01 1.843191573999999946e+03 1.945618999999999915e+03
4.824999999999999289e+00 1.230240071999999785e+01 1.843098993999999948e+03 1.945618999999999915e+03
4.830000000000000071e+00 1.228536599999999801e+01 1.843240949999999884e+03 1.945618999999999915e+03
4.834999999999999076e+00 1.226870159999999821e+01 1.843379819999999881e+03 1.945618999999999915e+03
4.839999999999999858e+00 1.225166687999999837e+01 1.843521775999999818e+03 1.945618999999999915e+03
4.844999999999998863e+00 1.236461447999999841e+01 1.842580545999999913e+03 1.945618999999999915e+03
4.849999999999999645e+00 1.229684591999999732e+01 1.843145283999999947e+03 1.945618999999999915e+03
4.854999999999998650e+00 1.227981119999999748e+01 1.843287239999999883e+03 1.945618999999999915e+03
4.859999999999999432e+00 1.225722167999999890e+01 1.843475485999999819e+03 1.945618999999999915e+03
4.865000000000000213e+00 1.235905967999999966e+01 1.842626835999999912e+03 1.945618999999999915e+03
4.869999999999999218e+00 1.229684591999999732e+01 1.843145283999999947e+03 1.945618999999999915e+03
4.875000000000000000e+00 1.225166687999999837e+01 1.843521775999999818e+03 1.945618999999999915e+03
4.879999999999999005e+00 1.221204263999999817e+01 1.843851977999999917e+03 1.945618999999999915e+03
4.884999999999999787e+00 1.224611207999999785e+01 1.843568065999999817e+03 1.945618999999999915e+03
4.889999999999998792e+00 1.230240071999999785e+01 1.843098993999999948e+03 1.945618999999999915e+03
4.894999999999999574e+00 1.231388063999999893e+01 1.843003328000000010e+03 1.945618999999999915e+03
4.900000000000000355e+00 1.226277647999999942e+01 1.843429195999999820e+03 1.945618999999999915e+03
4.904999999999999361e+00 1.231943543999999768e+01 1.842957038000000011e+03 1.945618999999999915e+03
4.910000000000000142e+00 1.223463215999999854e+01 1.843663731999999982e+03 1.945618999999999915e+03
4.914999999999999147e+00 1.226870159999999821e+01 1.843379819999999881e+03 1.945618999999999915e+03
4.919999999999999929e+00 1.225166687999999837e+01 1.843521775999999818e+03 1.945618999999999915e+03
4.924999999999998934e+00 1.224611207999999785e+01 1.843568065999999817e+03 1.945618999999999915e+03
4.929999999999999716e+00 1.222907735999999801e+01 1.843710021999999981e+03 1.945618999999999915e+03
4.934999999999998721e+00 1.225166687999999837e+01 1.843521775999999818e+03 1.945618999999999915e+03
4.939999999999999503e+00 1.224018695999999906e+01 1.843617441999999983e+03 1.945618999999999915e+03
4.945000000000000284e+00 1.229129111999999857e+01 1.843191573999999946e+03 1.945618999999999915e+03
4.949999999999999289e+00 1.225722167999999890e+01 1.843475485999999819e+03 1.945618999999999915e+03
4.955000000000000071e+00 1.224611207999999785e+01 1.843568065999999817e+03 1.945618999999999915e+03
4.959999999999999076e+00 1.223463215999999854e+01 1.843663731999999982e+03 1.945618999999999915e+03
4.964999999999999858e+00 1.224611207999999785e+01 1.843568065999999817e+03 1.945618999999999915e+03
4.969999999999998863e+00 1.220648783999999765e+01 1.843898267999999916e+03 1.945618999999999915e+03
4.974999999999999645e+00 1.225722167999999890e+01 1.843475485999999819e+03 1.945618999999999915e+03
4.979999999999998650e+00 1.222907735999999801e+01 1.843710021999999981e+03 1.945618999999999915e+03
4.984999999999999432e+00 1.225722167999999890e+01 1.843475485999999819e+03 1.945618999999999915e+03
4.990000000000000213e+00 1.223463215999999854e+01 1.843663731999999982e+03 1.945618999999999915e+03
4.994999999999999218e+00 1.224611207999999785e+01 1.843568065999999817e+03 1.945618999999999915e+03
5.000000000000000000e+00 1.227981119999999748e+01 1.843287239999999883e+03 1.945618999999999915e+03
5.004999999999999005e+00 1.222907735999999801e+01 1.843710021999999981e+03 1.945618999999999915e+03
5.009999999999999787e+00 1.224611207999999785e+01 1.843568065999999817e+03 1.945618999999999915e+03
5.014999999999998792e+00 1.225166687999999837e+01 1.843521775999999818e+03 1.945618999999999915e+03
5.019999999999999574e+00 1.225722167999999890e+01 1.843475485999999819e+03 1.945618999999999915e+03
5.025000000000000355e+00 1.224018695999999906e+01 1.843617441999999983e+03 1.945618999999999915e+03
5.029999999999999361e+00 1.226277647999999942e+01 1.843429195999999820e+03 1.945618999999999915e+03
5.035000000000000142e+00 1.227981119999999748e+01 1.843287239999999883e+03 1.945618999999999915e+03
5.039999999999999147e+00 1.225166687999999837e+01 1.843521775999999818e+03 1.945618999999999915e+03
5.044999999999999929e+00 1.221759743999999870e+01 1.843805687999999918e+03 1.945618999999999915e+03
5.049999999999998934e+00 1.230240071999999785e+01 1.843098993999999948e+03 1.945618999999999915e+03
5.054999999999999716e+00 1.234757975999999857e+01 1.842722501999999849e+03 1.945618999999999915e+03
5.059999999999998721e+00 1.221204263999999817e+01 1.843851977999999917e+03 1.945618999999999915e+03
5.064999999999999503e+00 1.224611207999999785e+01 1.843568065999999817e+03 1.945618999999999915e+03
5.070000000000000284e+00 1.224018695999999906e+01 1.843617441999999983e+03 1.945618999999999915e+03
5.074999999999999289e+00 1.227981119999999748e+01 1.843287239999999883e+03 1.945618999999999915e+03
5.080000000000000071e+00 1.218945311999999781e+01 1.844040223999999853e+03 1.945618999999999915e+03
5.084999999999999076e+00 1.225722167999999890e+01 1.843475485999999819e+03 1.945618999999999915e+03
5.089999999999999858e+00 1.224611207999999785e+01 1.843568065999999817e+03 1.945618999999999915e+03
5.094999999999998863e+00 1.223463215999999854e+01 1.843663731999999982e+03 1.945618999999999915e+03
5.099999999999999645e+00 1.221759743999999870e+01 1.843805687999999918e+03 1.945618999999999915e+03
5.104999999999998650e+00 1.223463215999999854e+01 1.843663731999999982e+03 1.945618999999999915e+03
5.109999999999999432e+00 1.218389831999999728e+01 1.844086513999999852e+03 1.945618999999999915e+03
5.115000000000000213e+00 1.222352255999999748e+01 1.843756311999999980e+03 1.945618999999999915e+03
5.119999999999999218e+00 1.223463215999999854e+01 1.843663731999999982e+03 1.945618999999999915e+03
5.125000000000000000e+00 1.222352255999999748e+01 1.843756311999999980e+03 1.945618999999999915e+03
5.129999999999999005e+00 1.224018695999999906e+01 1.843617441999999983e+03 1.945618999999999915e+03
5.134999999999999787e+00 1.221759743999999870e+01 1.843805687999999918e+03 1.945618999999999915e+03
5.139999999999998792e+00 1.220648783999999765e+01 1.843898267999999916e+03 1.945618999999999915e+03
5.144999999999999574e+00 1.219500791999999834e+01 1.843993933999999854e+03 1.945618999999999915e+03
5.150000000000000355e+00 1.221204263999999817e+01 1.843851977999999917e+03 1.945618999999999915e+03
5.154999999999999361e+00 1.220648783999999765e+01 1.843898267999999916e+03 1.945618999999999915e+03
5.160000000000000142e+00 1.216130879999999870e+01 1.844274760000000015e+03 1.945618999999999915e+03
5.164999999999999147e+00 1.216686359999999745e+01 1.844228470000000016e+03 1.945618999999999915e+03
5.169999999999999929e+00 1.221204263999999817e+01 1.843851977999999917e+03 1.945618999999999915e+03
5.174999999999998934e+00 1.221759743999999870e+01 1.843805687999999918e+03 1.945618999999999915e+03
5.179999999999999716e+00 1.220648783999999765e+01 1.843898267999999916e+03 1.945618999999999915e+03
5.184999999999998721e+00 1.217797319999999850e+01 1.844135890000000018e+03 1.945618999999999915e+03
5.189999999999999503e+00 1.217797319999999850e+01 1.844135890000000018e+03 1.945618999999999915e+03
5.195000000000000284e+00 1.217241839999999797e+01 1.844182180000000017e+03 1.945618999999999915e+03
5.199999999999999289e+00 1.217241839999999797e+01 1.844182180000000017e+03 1.945618999999999915e+03
5.205000000000000071e+00 1.215538367999999814e+01 1.844324135999999953e+03 1.945618999999999915e+03
5.209999999999999076e+00 1.225722167999999890e+01 1.843475485999999819e+03 1.945618999999999915e+03
5.214999999999999858e+00 1.224018695999999906e+01 1.843617441999999983e+03 1.945618999999999915e+03
5.219999999999998863e+00 1.217797319999999850e+01 1.844135890000000018e+03 1.945618999999999915e+03
5.224999999999999645e+00 1.212723935999999902e+01 1.844558671999999888e+03 1.945618999999999915e+03
5.229999999999998650e+00 1.214427407999999886e+01 1.844416715999999951e+03 1.945618999999999915e+03
5.234999999999999432e+00 1.221204263999999817e+01 1.843851977999999917e+03 1.945618999999999915e+03
5.240000000000000213e+00 1.213279415999999955e+01 1.844512381999999889e+03 1.945618999999999915e+03
5.244999999999999218e+00 1.215538367999999814e+01 1.844324135999999953e+03 1.945618999999999915e+03
5.250000000000000000e+00 1.216686359999999745e+01 1.844228470000000016e+03 1.945618999999999915e+03
5.254999999999999005e+00 1.221759743999999870e+01 1.843805687999999918e+03 1.945618999999999915e+03
5.259999999999999787e+00 1.213279415999999955e+01 1.844512381999999889e+03 1.945618999999999915e+03
5.264999999999998792e+00 1.214982887999999939e+01 1.844370425999999952e+03 1.945618999999999915e+03
5.269999999999999574e+00 1.220648783999999765e+01 1.843898267999999916e+03 1.945618999999999915e+03
5.275000000000000355e+00 1.217241839999999797e+01 1.844182180000000017e+03 1.945618999999999915e+03
5.279999999999999361e+00 1.217797319999999850e+01 1.844135890000000018e+03 1.945618999999999915e+03
5.285000000000000142e+00 1.219500791999999834e+01 1.843993933999999854e+03 1.945618999999999915e+03
5.289999999999999147e+00 1.216686359999999745e+01 1.844228470000000016e+03 1.945618999999999915e+03
5.294999999999999929e+00 1.220056271999999886e+01 1.843947643999999855e+03 1.945618999999999915e+03
5.299999999999998934e+00 1.214427407999999886e+01 1.844416715999999951e+03 1.945618999999999915e+03
5.304999999999999716e+00 1.217241839999999797e+01 1.844182180000000017e+03 1.945618999999999915e+03
5.309999999999998721e+00 1.212168455999999850e+01 1.844604961999999887e+03 1.945618999999999915e+03
5.314999999999999503e+00 1.217797319999999850e+01 1.844135890000000018e+03 1.945618999999999915e+03
5.320000000000000284e+00 1.217241839999999797e+01 1.844182180000000017e+03 1.945618999999999915e+03
5.324999999999999289e+00 1.219500791999999834e+01 1.843993933999999854e+03 1.945618999999999915e+03
5.330000000000000071e+00 1.213279415999999955e+01 1.844512381999999889e+03 1.945618999999999915e+03
5.334999999999999076e+00 1.220648783999999765e+01 1.843898267999999916e+03 1.945618999999999915e+03
5.339999999999999858e+00 1.212168455999999850e+01 1.844604961999999887e+03 1.945618999999999915e+03
5.344999999999998863e+00 1.216130879999999870e+01 1.844274760000000015e+03 1.945618999999999915e+03
5.349999999999999645e+00 1.211612975999999797e+01 1.844651251999999886e+03 1.945618999999999915e+03
5.354999999999998650e+00 1.211612975999999797e+01 1.844651251999999886e+03 1.945618999999999915e+03
5.359999999999999432e+00 1.211612975999999797e+01 1.844651251999999886e+03 1.945618999999999915e+03
5.365000000000000213e+00 1.212168455999999850e+01 1.844604961999999887e+03 1.945618999999999915e+03
5.369999999999999218e+00 1.212723935999999902e+01 1.844558671999999888e+03 1.945618999999999915e+03
5.375000000000000000e+00 1.212723935999999902e+01 1.844558671999999888e+03 1.945618999999999915e+03
5.379999999999999005e+00 1.209354023999999761e+01 1.844839497999999821e+03 1.945618999999999915e+03
5.384999999999999787e+00 1.212168455999999850e+01 1.844604961999999887e+03 1.945618999999999915e+03
5.389999999999998792e+00 1.215538367999999814e+01 1.844324135999999953e+03 1.945618999999999915e+03
5.394999999999999574e+00 1.213279415999999955e+01 1.844512381999999889e+03 1.945618999999999915e+03
5.400000000000000355e+00 1.213279415999999955e+01 1.844512381999999889e+03 1.945618999999999915e+03
5.404999999999999361e+00 1.208761511999999883e+01 1.844888873999999987e+03 1.945618999999999915e+03
5.410000000000000142e+00 1.217241839999999797e+01 1.844182180000000017e+03 1.945618999999999915e+03
5.414999999999999147e+00 1.212723935999999902e+01 1.844558671999999888e+03 1.945618999999999915e+03
5.419999999999999929e+00 1.212723935999999902e+01 1.844558671999999888e+03 1.945618999999999915e+03
5.424999999999998934e+00 1.214982887999999939e+01 1.844370425999999952e+03 1.945618999999999915e+03
5.429999999999999716e+00 1.207095071999999725e+01 1.845027743999999984e+03 1.945618999999999915e+03
5.434999999999998721e+00 1.214982887999999939e+01 1.844370425999999952e+03 1.945618999999999915e+03
5.439999999999999503e+00 1.208761511999999883e+01 1.844888873999999987e+03 1.945618999999999915e+03
5.445000000000000284e+00 1.205947079999999794e+01 1.845123409999999922e+03 1.945618999999999915e+03
5.449999999999999289e+00 1.212168455999999850e+01 1.844604961999999887e+03 1.945618999999999915e+03
5.455000000000000071e+00 1.209909503999999814e+01 1.844793207999999822e+03 1.945618999999999915e+03
5.459999999999999076e+00 1.209354023999999761e+01 1.844839497999999821e+03 1.945618999999999915e+03
5.464999999999999858e+00 1.206502559999999846e+01 1.845077119999999923e+03 1.945618999999999915e+03
5.469999999999998863e+00 1.208761511999999883e+01 1.844888873999999987e+03 1.945618999999999915e+03
5.474999999999999645e+00 1.209354023999999761e+01 1.844839497999999821e+03 1.945618999999999915e+03
5.479999999999998650e+00 1.206502559999999846e+01 1.845077119999999923e+03 1.945618999999999915e+03
5.484999999999999432e+00 1.211612975999999797e+01 1.844651251999999886e+03 1.945618999999999915e+03
5.490000000000000213e+00 1.213871927999999834e+01 1.844463005999999950e+03 1.945618999999999915e+03
5.494999999999999218e+00 1.212168455999999850e+01 1.844604961999999887e+03 1.945618999999999915e+03
5.500000000000000000e+00 1.210464983999999866e+01 1.844746917999999823e+03 1.945618999999999915e+03
5.504999999999999005e+00 1.211020463999999919e+01 1.844700627999999824e+03 1.945618999999999915e+03
5.509999999999999787e+00 1.209909503999999814e+01 1.844793207999999822e+03 1.945618999999999915e+03
5.514999999999998792e+00 1.212723935999999902e+01 1.844558671999999888e+03 1.945618999999999915e+03
5.519999999999999574e+00 1.212168455999999850e+01 1.844604961999999887e+03 1.945618999999999915e+03
5.525000000000000355e+00 1.206502559999999846e+01 1.845077119999999923e+03 1.945618999999999915e+03
5.529999999999999361e+00 1.210464983999999866e+01 1.844746917999999823e+03 1.945618999999999915e+03
5.535000000000000142e+00 1.208206031999999830e+01 1.844935163999999986e+03 1.945618999999999915e+03
5.539999999999999147e+00 1.209909503999999814e+01 1.844793207999999822e+03 1.945618999999999915e+03
5.544999999999999929e+00 1.210464983999999866e+01 1.844746917999999823e+03 1.945618999999999915e+03
5.549999999999998934e+00 1.205391599999999741e+01 1.845169699999999921e+03 1.945618999999999915e+03
5.554999999999999716e+00 1.211612975999999797e+01 1.844651251999999886e+03 1.945618999999999915e+03
5.559999999999998721e+00 1.203132647999999882e+01 1.845357945999999856e+03 1.945618999999999915e+03
5.564999999999999503e+00 1.214427407999999886e+01 1.844416715999999951e+03 1.945618999999999915e+03
5.570000000000000284e+00 1.205391599999999741e+01 1.845169699999999921e+03 1.945618999999999915e+03
5.574999999999999289e+00 1.201984655999999951e+01 1.845453612000000021e+03 1.945618999999999915e+03
5.580000000000000071e+00 1.203132647999999882e+01 1.845357945999999856e+03 1.945618999999999915e+03
5.584999999999999076e+00 1.204243607999999810e+01 1.845265365999999858e+03 1.945618999999999915e+03
5.589999999999999858e+00 1.206502559999999846e+01 1.845077119999999923e+03 1.945618999999999915e+03
5.594999999999998863e+00 1.203132647999999882e+01 1.845357945999999856e+03 1.945618999999999915e+03
5.599999999999999645e+00 1.203132647999999882e+01 1.845357945999999856e+03 1.945618999999999915e+03
5.604999999999998650e+00 1.200873695999999846e+01 1.845546192000000019e+03 1.945618999999999915e+03
5.609999999999999432e+00 1.203132647999999882e+01 1.845357945999999856e+03 1.945618999999999915e+03
5.615000000000000213e+00 1.204799087999999863e+01 1.845219075999999859e+03 1.945618999999999915e+03
5.619999999999999218e+00 1.204799087999999863e+01 1.845219075999999859e+03 1.945618999999999915e+03
5.625000000000000000e+00 1.203688127999999935e+01 1.845311655999999857e+03 1.945618999999999915e+03
5.629999999999999005e+00 1.201984655999999951e+01 1.845453612000000021e+03 1.945618999999999915e+03
5.634999999999999787e+00 1.201984655999999951e+01 1.845453612000000021e+03 1.945618999999999915e+03
5.639999999999998792e+00 1.199170223999999862e+01 1.845688147999999956e+03 1.945618999999999915e+03
5.644999999999999574e+00 1.204799087999999863e+01 1.845219075999999859e+03 1.945618999999999915e+03
5.650000000000000355e+00 1.206502559999999846e+01 1.845077119999999923e+03 1.945618999999999915e+03
5.654999999999999361e+00 1.205391599999999741e+01 1.845169699999999921e+03 1.945618999999999915e+03
5.660000000000000142e+00 1.205947079999999794e+01 1.845123409999999922e+03 1.945618999999999915e+03
5.664999999999999147e+00 1.205391599999999741e+01 1.845169699999999921e+03 1.945618999999999915e+03
5.669999999999999929e+00 1.204799087999999863e+01 1.845219075999999859e+03 1.945618999999999915e+03
5.674999999999998934e+00 1.201984655999999951e+01 1.845453612000000021e+03 1.945618999999999915e+03
5.679999999999999716e+00 1.200281183999999968e+01 1.845595567999999957e+03 1.945618999999999915e+03
5.684999999999998721e+00 1.201984655999999951e+01 1.845453612000000021e+03 1.945618999999999915e+03
5.689999999999999503e+00 1.204243607999999810e+01 1.845265365999999858e+03 1.945618999999999915e+03
5.695000000000000284e+00 1.207095071999999725e+01 1.845027743999999984e+03 1.945618999999999915e+03
5.699999999999999289e+00 1.210464983999999866e+01 1.844746917999999823e+03 1.945618999999999915e+03
5.705000000000000071e+00 1.202540136000000004e+01 1.845407322000000022e+03 1.945618999999999915e+03
5.709999999999999076e+00 1.203132647999999882e+01 1.845357945999999856e+03 1.945618999999999915e+03
5.714999999999999858e+00 1.205391599999999741e+01 1.845169699999999921e+03 1.945618999999999915e+03
5.719999999999998863e+00 1.199170223999999862e+01 1.845688147999999956e+03 1.945618999999999915e+03
5.724999999999999645e+00 1.204243607999999810e+01 1.845265365999999858e+03 1.945618999999999915e+03
5.729999999999998650e+00 1.203688127999999935e+01 1.845311655999999857e+03 1.945618999999999915e+03
5.734999999999999432e+00 1.202540136000000004e+01 1.845407322000000022e+03 1.945618999999999915e+03
5.740000000000000213e+00 1.196355791999999774e+01 1.845922683999999890e+03 1.945618999999999915e+03
5.744999999999999218e+00 1.207650551999999777e+01 1.844981453999999985e+03 1.945618999999999915e+03
5.750000000000000000e+00 1.208206031999999830e+01 1.844935163999999986e+03 1.945618999999999915e+03
5.754999999999999005e+00 1.200873695999999846e+01 1.845546192000000019e+03 1.945618999999999915e+03
5.759999999999999787e+00 1.208206031999999830e+01 1.844935163999999986e+03 1.945618999999999915e+03
5.764999999999998792e+00 1.205391599999999741e+01 1.845169699999999921e+03 1.945618999999999915e+03
5.769999999999999574e+00 1.199725703999999915e+01 1.845641857999999957e+03 1.945618999999999915e+03
5.775000000000000355e+00 1.205947079999999794e+01 1.845123409999999922e+03 1.945618999999999915e+03
5.779999999999999361e+00 1.205391599999999741e+01 1.845169699999999921e+03 1.945618999999999915e+03
5.785000000000000142e+00 1.200281183999999968e+01 1.845595567999999957e+03 1.945618999999999915e+03
5.789999999999999147e+00 1.201429175999999899e+01 1.845499902000000020e+03 1.945618999999999915e+03
5.794999999999999929e+00 1.205391599999999741e+01 1.845169699999999921e+03 1.945618999999999915e+03
5.799999999999998934e+00 1.200873695999999846e+01 1.845546192000000019e+03 1.945618999999999915e+03
5.804999999999999716e+00 1.206502559999999846e+01 1.845077119999999923e+03 1.945618999999999915e+03
5.809999999999998721e+00 1.196911271999999826e+01 1.845876393999999891e+03 1.945618999999999915e+03
5.814999999999999503e+00 1.203132647999999882e+01 1.845357945999999856e+03 1.945618999999999915e+03
5.820000000000000284e+00 1.201984655999999951e+01 1.845453612000000021e+03 1.945618999999999915e+03
5.824999999999999289e+00 1.202540136000000004e+01 1.845407322000000022e+03 1.945618999999999915e+03
5.830000000000000071e+00 1.203688127999999935e+01 1.845311655999999857e+03 1.945618999999999915e+03
5.834999999999999076e+00 1.199725703999999915e+01 1.845641857999999957e+03 1.945618999999999915e+03
5.839999999999999858e+00 1.201984655999999951e+01 1.845453612000000021e+03 1.945618999999999915e+03
5.844999999999998863e+00 1.205947079999999794e+01 1.845123409999999922e+03 1.945618999999999915e+03
5.849999999999999645e+00 1.201984655999999951e+01 1.845453612000000021e+03 1.945618999999999915e+03
5.854999999999998650e+00 1.199725703999999915e+01 1.845641857999999957e+03 1.945618999999999915e+03
5.859999999999999432e+00 1.200281183999999968e+01 1.845595567999999957e+03 1.945618999999999915e+03
5.865000000000000213e+00 1.203132647999999882e+01 1.845357945999999856e+03 1.945618999999999915e+03
5.869999999999999218e+00 1.204243607999999810e+01 1.845265365999999858e+03 1.945618999999999915e+03
5.875000000000000000e+00 1.203132647999999882e+01 1.845357945999999856e+03 1.945618999999999915e+03
5.879999999999999005e+00 1.197466751999999879e+01 1.845830103999999892e+03 1.945618999999999915e+03
5.884999999999999787e+00 1.196911271999999826e+01 1.845876393999999891e+03 1.945618999999999915e+03
5.889999999999998792e+00 1.196911271999999826e+01 1.845876393999999891e+03 1.945618999999999915e+03
5.894999999999999574e+00 1.199725703999999915e+01 1.845641857999999957e+03 1.945618999999999915e+03
5.900000000000000355e+00 1.201429175999999899e+01 1.845499902000000020e+03 1.945618999999999915e+03
5.904999999999999361e+00 1.195763279999999895e+01 1.845972059999999829e+03 1.945618999999999915e+03
5.910000000000000142e+00 1.201429175999999899e+01 1.845499902000000020e+03 1.945618999999999915e+03
5.914999999999999147e+00 1.199170223999999862e+01 1.845688147999999956e+03 1.945618999999999915e+03
5.919999999999999929e+00 1.192948847999999806e+01 1.846206595999999990e+03 1.945618999999999915e+03
5.924999999999998934e+00 1.198614743999999810e+01 1.845734437999999955e+03 1.945618999999999915e+03
5.929999999999999716e+00 1.195207799999999843e+01 1.846018349999999828e+03 1.945618999999999915e+03
5.934999999999998721e+00 1.192948847999999806e+01 1.846206595999999990e+03 1.945618999999999915e+03
5.939999999999999503e+00 1.195207799999999843e+01 1.846018349999999828e+03 1.945618999999999915e+03
5.945000000000000284e+00 1.197466751999999879e+01 1.845830103999999892e+03 1.945618999999999915e+03
5.949999999999999289e+00 1.196355791999999774e+01 1.845922683999999890e+03 1.945618999999999915e+03
5.955000000000000071e+00 1.196911271999999826e+01 1.845876393999999891e+03 1.945618999999999915e+03
5.959999999999999076e+00 1.195207799999999843e+01 1.846018349999999828e+03 1.945618999999999915e+03
5.964999999999999858e+00 1.196355791999999774e+01 1.845922683999999890e+03 1.945618999999999915e+03
5.969999999999998863e+00 1.200873695999999846e+01 1.845546192000000019e+03 1.945618999999999915e+03
5.974999999999999645e+00 1.203132647999999882e+01 1.845357945999999856e+03 1.945618999999999915e+03
5.979999999999998650e+00 1.197466751999999879e+01 1.845830103999999892e+03 1.945618999999999915e+03
5.984999999999999432e+00 1.191245376000000000e+01 1.846348551999999927e+03 1.945618999999999915e+03
5.990000000000000213e+00 1.188986423999999964e+01 1.846536797999999862e+03 1.945618999999999915e+03
5.994999999999999218e+00 1.194652319999999790e+01 1.846064639999999827e+03 1.945618999999999915e+03
6.000000000000000000e+00 1.194652319999999790e+01 1.846064639999999827e+03 1.945618999999999915e+03
6.004999999999999005e+00 1.193504327999999859e+01 1.846160305999999991e+03 1.945618999999999915e+03
6.009999999999999787e+00 1.196355791999999774e+01 1.845922683999999890e+03 1.945618999999999915e+03
6.014999999999998792e+00 1.195763279999999895e+01 1.845972059999999829e+03 1.945618999999999915e+03
6.019999999999999574e+00 1.196911271999999826e+01 1.845876393999999891e+03 1.945618999999999915e+03
6.025000000000000355e+00 1.194652319999999790e+01 1.846064639999999827e+03 1.945618999999999915e+03
6.029999999999999361e+00 1.197466751999999879e+01 1.845830103999999892e+03 1.945618999999999915e+03
6.035000000000000142e+00 1.200873695999999846e+01 1.845546192000000019e+03 1.945618999999999915e+03
6.039999999999999147e+00 1.196355791999999774e+01 1.845922683999999890e+03 1.945618999999999915e+03
6.044999999999999929e+00 1.195763279999999895e+01 1.845972059999999829e+03 1.945618999999999915e+03
6.049999999999998934e+00 1.196911271999999826e+01 1.845876393999999891e+03 1.945618999999999915e+03
6.054999999999999716e+00 1.188986423999999964e+01 1.846536797999999862e+03 1.945618999999999915e+03
6.059999999999998721e+00 1.199725703999999915e+01 1.845641857999999957e+03 1.945618999999999915e+03
6.064999999999999503e+00 1.195763279999999895e+01 1.845972059999999829e+03 1.945618999999999915e+03
6.070000000000000284e+00 1.190689895999999948e+01 1.846394841999999926e+03 1.945618999999999915e+03
6.074999999999999289e+00 1.195763279999999895e+01 1.845972059999999829e+03 1.945618999999999915e+03
6.080000000000000071e+00 1.195207799999999843e+01 1.846018349999999828e+03 1.945618999999999915e+03
6.084999999999999076e+00 1.192393367999999931e+01 1.846252885999999990e+03 1.945618999999999915e+03
6.089999999999999858e+00 1.194096839999999737e+01 1.846110929999999826e+03 1.945618999999999915e+03
6.094999999999998863e+00 1.191245376000000000e+01 1.846348551999999927e+03 1.945618999999999915e+03
6.099999999999999645e+00 1.187875463999999859e+01 1.846629377999999861e+03 1.945618999999999915e+03
6.104999999999998650e+00 1.195763279999999895e+01 1.845972059999999829e+03 1.945618999999999915e+03
6.109999999999999432e+00 1.194096839999999737e+01 1.846110929999999826e+03 1.945618999999999915e+03
6.115000000000000213e+00 1.195763279999999895e+01 1.845972059999999829e+03 1.945618999999999915e+03
6.119999999999999218e+00 1.197466751999999879e+01 1.845830103999999892e+03 1.945618999999999915e+03
6.125000000000000000e+00 1.196355791999999774e+01 1.845922683999999890e+03 1.945618999999999915e+03
6.129999999999999005e+00 1.196355791999999774e+01 1.845922683999999890e+03 1.945618999999999915e+03
6.134999999999999787e+00 1.192393367999999931e+01 1.846252885999999990e+03 1.945618999999999915e+03
6.139999999999998792e+00 1.189541904000000017e+01 1.846490507999999863e+03 1.945618999999999915e+03
6.144999999999999574e+00 1.192948847999999806e+01 1.846206595999999990e+03 1.945618999999999915e+03
6.150000000000000355e+00 1.193504327999999859e+01 1.846160305999999991e+03 1.945618999999999915e+03
6.154999999999999361e+00 1.190134415999999895e+01 1.846441131999999925e+03 1.945618999999999915e+03
6.160000000000000142e+00 1.190134415999999895e+01 1.846441131999999925e+03 1.945618999999999915e+03
6.164999999999999147e+00 1.190689895999999948e+01 1.846394841999999926e+03 1.945618999999999915e+03
6.169999999999999929e+00 1.189541904000000017e+01 1.846490507999999863e+03 1.945618999999999915e+03
6.174999999999998934e+00 1.187282951999999980e+01 1.846678754000000026e+03 1.945618999999999915e+03
6.179999999999999716e+00 1.188430943999999911e+01 1.846583087999999861e+03 1.945618999999999915e+03
6.184999999999998721e+00 1.192948847999999806e+01 1.846206595999999990e+03 1.945618999999999915e+03
6.189999999999999503e+00 1.189541904000000017e+01 1.846490507999999863e+03 1.945618999999999915e+03
6.195000000000000284e+00 1.190689895999999948e+01 1.846394841999999926e+03 1.945618999999999915e+03
6.199999999999999289e+00 1.188986423999999964e+01 1.846536797999999862e+03 1.945618999999999915e+03
6.205000000000000071e+00 1.186171991999999875e+01 1.846771334000000024e+03 1.945618999999999915e+03
6.209999999999999076e+00 1.184468519999999891e+01 1.846913289999999961e+03 1.945618999999999915e+03
6.214999999999999858e+00 1.186727471999999928e+01 1.846725043999999798e+03 1.945618999999999915e+03
6.219999999999998863e+00 1.182765047999999908e+01 1.847055245999999897e+03 1.945618999999999915e+03
6.224999999999999645e+00 1.188986423999999964e+01 1.846536797999999862e+03 1.945618999999999915e+03
6.229999999999998650e+00 1.185023999999999944e+01 1.846866999999999962e+03 1.945618999999999915e+03
6.234999999999999432e+00 1.186171991999999875e+01 1.846771334000000024e+03 1.945618999999999915e+03
6.240000000000000213e+00 1.182209567999999855e+01 1.847101535999999896e+03 1.945618999999999915e+03
6.244999999999999218e+00 1.182209567999999855e+01 1.847101535999999896e+03 1.945618999999999915e+03
6.250000000000000000e+00 1.186727471999999928e+01 1.846725043999999798e+03 1.945618999999999915e+03
6.254999999999999005e+00 1.188430943999999911e+01 1.846583087999999861e+03 1.945618999999999915e+03
6.259999999999999787e+00 1.186171991999999875e+01 1.846771334000000024e+03 1.945618999999999915e+03
6.264999999999998792e+00 1.187282951999999980e+01 1.846678754000000026e+03 1.945618999999999915e+03
6.269999999999999574e+00 1.185616511999999823e+01 1.846817624000000023e+03 1.945618999999999915e+03
6.275000000000000355e+00 1.186727471999999928e+01 1.846725043999999798e+03 1.945618999999999915e+03
6.279999999999999361e+00 1.190689895999999948e+01 1.846394841999999926e+03 1.945618999999999915e+03
6.285000000000000142e+00 1.185616511999999823e+01 1.846817624000000023e+03 1.945618999999999915e+03
6.289999999999999147e+00 1.183913039999999839e+01 1.846959579999999960e+03 1.945618999999999915e+03
6.294999999999999929e+00 1.190134415999999895e+01 1.846441131999999925e+03 1.945618999999999915e+03
6.299999999999998934e+00 1.190134415999999895e+01 1.846441131999999925e+03 1.945618999999999915e+03
6.304999999999999716e+00 1.186171991999999875e+01 1.846771334000000024e+03 1.945618999999999915e+03
6.309999999999998721e+00 1.185616511999999823e+01 1.846817624000000023e+03 1.945618999999999915e+03
6.314999999999999503e+00 1.182765047999999908e+01 1.847055245999999897e+03 1.945618999999999915e+03
6.320000000000000284e+00 1.182209567999999855e+01 1.847101535999999896e+03 1.945618999999999915e+03
6.324999999999999289e+00 1.184468519999999891e+01 1.846913289999999961e+03 1.945618999999999915e+03
6.330000000000000071e+00 1.183357559999999964e+01 1.847005869999999959e+03 1.945618999999999915e+03
6.334999999999999076e+00 1.186727471999999928e+01 1.846725043999999798e+03 1.945618999999999915e+03
6.339999999999999858e+00 1.183357559999999964e+01 1.847005869999999959e+03 1.945618999999999915e+03
6.344999999999998863e+00 1.181098608000000105e+01 1.847194115999999894e+03 1.945618999999999915e+03
6.349999999999999645e+00 1.183913039999999839e+01 1.846959579999999960e+03 1.945618999999999915e+03
6.354999999999998650e+00 1.177136183999999908e+01 1.847524317999999994e+03 1.945618999999999915e+03
6.359999999999999432e+00 1.179950615999999997e+01 1.847289781999999832e+03 1.945618999999999915e+03
6.365000000000000213e+00 1.187282951999999980e+01 1.846678754000000026e+03 1.945618999999999915e+03
6.369999999999999218e+00 1.178247144000000013e+01 1.847431737999999996e+03 1.945618999999999915e+03
6.375000000000000000e+00 1.182765047999999908e+01 1.847055245999999897e+03 1.945618999999999915e+03
6.379999999999999005e+00 1.178839656000000069e+01 1.847382361999999830e+03 1.945618999999999915e+03
6.384999999999999787e+00 1.183357559999999964e+01 1.847005869999999959e+03 1.945618999999999915e+03
6.389999999999998792e+00 1.182765047999999908e+01 1.847055245999999897e+03 1.945618999999999915e+03
6.394999999999999574e+00 1.182209567999999855e+01 1.847101535999999896e+03 1.945618999999999915e+03
6.400000000000000355e+00 1.181654087999999803e+01 1.847147825999999895e+03 1.945618999999999915e+03
6.404999999999999361e+00 1.178839656000000069e+01 1.847382361999999830e+03 1.945618999999999915e+03
6.410000000000000142e+00 1.179950615999999997e+01 1.847289781999999832e+03 1.945618999999999915e+03
6.414999999999999147e+00 1.183357559999999964e+01 1.847005869999999959e+03 1.945618999999999915e+03
6.419999999999999929e+00 1.178839656000000069e+01 1.847382361999999830e+03 1.945618999999999915e+03
6.424999999999998934e+00 1.177136183999999908e+01 1.847524317999999994e+03 1.945618999999999915e+03
6.429999999999999716e+00 1.178839656000000069e+01 1.847382361999999830e+03 1.945618999999999915e+03
6.434999999999998721e+00 1.173173759999999888e+01 1.847854519999999866e+03 1.945618999999999915e+03
6.439999999999999503e+00 1.178839656000000069e+01 1.847382361999999830e+03 1.945618999999999915e+03
6.445000000000000284e+00 1.176543672000000029e+01 1.847573693999999932e+03 1.945618999999999915e+03
6.449999999999999289e+00 1.179395135999999944e+01 1.847336071999999831e+03 1.945618999999999915e+03
6.455000000000000071e+00 1.179395135999999944e+01 1.847336071999999831e+03 1.945618999999999915e+03
6.459999999999999076e+00 1.175432711999999924e+01 1.847666273999999930e+03 1.945618999999999915e+03
6.464999999999999858e+00 1.174877232000000049e+01 1.847712563999999929e+03 1.945618999999999915e+03
6.469999999999998863e+00 1.176543672000000029e+01 1.847573693999999932e+03 1.945618999999999915e+03
6.474999999999999645e+00 1.173173759999999888e+01 1.847854519999999866e+03 1.945618999999999915e+03
6.479999999999998650e+00 1.174284719999999993e+01 1.847761939999999868e+03 1.945618999999999915e+03
6.484999999999999432e+00 1.180506095999999872e+01 1.847243491999999833e+03 1.945618999999999915e+03
6.490000000000000213e+00 1.176543672000000029e+01 1.847573693999999932e+03 1.945618999999999915e+03
6.494999999999999218e+00 1.179950615999999997e+01 1.847289781999999832e+03 1.945618999999999915e+03
6.500000000000000000e+00 1.178839656000000069e+01 1.847382361999999830e+03 1.945618999999999915e+03
6.504999999999999005e+00 1.174284719999999993e+01 1.847761939999999868e+03 1.945618999999999915e+03
6.509999999999999787e+00 1.172618280000000013e+01 1.847900809999999865e+03 1.945618999999999915e+03
6.514999999999998792e+00 1.178839656000000069e+01 1.847382361999999830e+03 1.945618999999999915e+03
6.519999999999999574e+00 1.175988191999999977e+01 1.847619983999999931e+03 1.945618999999999915e+03
6.525000000000000355e+00 1.174284719999999993e+01 1.847761939999999868e+03 1.945618999999999915e+03
6.529999999999999361e+00 1.177136183999999908e+01 1.847524317999999994e+03 1.945618999999999915e+03
6.535000000000000142e+00 1.175432711999999924e+01 1.847666273999999930e+03 1.945618999999999915e+03
6.539999999999999147e+00 1.175988191999999977e+01 1.847619983999999931e+03 1.945618999999999915e+03
6.544999999999999929e+00 1.174284719999999993e+01 1.847761939999999868e+03 1.945618999999999915e+03
6.549999999999998934e+00 1.173729239999999940e+01 1.847808229999999867e+03 1.945618999999999915e+03
6.554999999999999716e+00 1.174284719999999993e+01 1.847761939999999868e+03 1.945618999999999915e+03
6.559999999999998721e+00 1.168100376000000118e+01 1.848277301999999963e+03 1.945618999999999915e+03
6.564999999999999503e+00 1.175432711999999924e+01 1.847666273999999930e+03 1.945618999999999915e+03
6.570000000000000284e+00 1.173173759999999888e+01 1.847854519999999866e+03 1.945618999999999915e+03
6.574999999999999289e+00 1.175988191999999977e+01 1.847619983999999931e+03 1.945618999999999915e+03
6.580000000000000071e+00 1.173173759999999888e+01 1.847854519999999866e+03 1.945618999999999915e+03
6.584999999999999076e+00 1.172618280000000013e+01 1.847900809999999865e+03 1.945618999999999915e+03
6.589999999999999858e+00 1.172025767999999957e+01 1.847950186000000031e+03 1.945618999999999915e+03
6.594999999999998863e+00 1.174877232000000049e+01 1.847712563999999929e+03 1.945618999999999915e+03
6.599999999999999645e+00 1.177136183999999908e+01 1.847524317999999994e+03 1.945618999999999915e+03
6.604999999999998650e+00 1.176543672000000029e+01 1.847573693999999932e+03 1.945618999999999915e+03
6.609999999999999432e+00 1.173173759999999888e+01 1.847854519999999866e+03 1.945618999999999915e+03
6.615000000000000213e+00 1.169766815999999920e+01 1.848138431999999966e+03 1.945618999999999915e+03
6.619999999999999218e+00 1.167507863999999884e+01 1.848326677999999902e+03 1.945618999999999915e+03
6.625000000000000000e+00 1.172025767999999957e+01 1.847950186000000031e+03 1.945618999999999915e+03
6.629999999999999005e+00 1.171470287999999904e+01 1.847996475999999802e+03 1.945618999999999915e+03
6.634999999999999787e+00 1.174284719999999993e+01 1.847761939999999868e+03 1.945618999999999915e+03
6.639999999999998792e+00 1.166396904000000134e+01 1.848419257999999900e+03 1.945618999999999915e+03
6.644999999999999574e+00 1.173729239999999940e+01 1.847808229999999867e+03 1.945618999999999915e+03
6.650000000000000355e+00 1.168655855999999993e+01 1.848231011999999964e+03 1.945618999999999915e+03
6.654999999999999361e+00 1.170359327999999977e+01 1.848089055999999800e+03 1.945618999999999915e+03
6.660000000000000142e+00 1.170359327999999977e+01 1.848089055999999800e+03 1.945618999999999915e+03
6.664999999999999147e+00 1.170914807999999852e+01 1.848042766000000029e+03 1.945618999999999915e+03
6.669999999999999929e+00 1.174877232000000049e+01 1.847712563999999929e+03 1.945618999999999915e+03
6.674999999999998934e+00 1.168655855999999993e+01 1.848231011999999964e+03 1.945618999999999915e+03
6.679999999999999716e+00 1.173173759999999888e+01 1.847854519999999866e+03 1.945618999999999915e+03
6.684999999999998721e+00 1.169211335999999868e+01 1.848184721999999965e+03 1.945618999999999915e+03
6.689999999999999503e+00 1.169211335999999868e+01 1.848184721999999965e+03 1.945618999999999915e+03
6.695000000000000284e+00 1.169766815999999920e+01 1.848138431999999966e+03 1.945618999999999915e+03
6.699999999999999289e+00 1.169211335999999868e+01 1.848184721999999965e+03 1.945618999999999915e+03
6.705000000000000071e+00 1.169211335999999868e+01 1.848184721999999965e+03 1.945618999999999915e+03
6.709999999999999076e+00 1.169766815999999920e+01 1.848138431999999966e+03 1.945618999999999915e+03
6.714999999999999858e+00 1.175432711999999924e+01 1.847666273999999930e+03 1.945618999999999915e+03
6.719999999999998863e+00 1.179950615999999997e+01 1.847289781999999832e+03 1.945618999999999915e+03
6.724999999999999645e+00 1.173729239999999940e+01 1.847808229999999867e+03 1.945618999999999915e+03
6.729999999999998650e+00 1.171470287999999904e+01 1.847996475999999802e+03 1.945618999999999915e+03
6.734999999999999432e+00 1.169766815999999920e+01 1.848138431999999966e+03 1.945618999999999915e+03
6.740000000000000213e+00 1.174877232000000049e+01 1.847712563999999929e+03 1.945618999999999915e+03
6.744999999999999218e+00 1.166952384000000009e+01 1.848372967999999901e+03 1.945618999999999915e+03
6.750000000000000000e+00 1.167507863999999884e+01 1.848326677999999902e+03 1.945618999999999915e+03
6.754999999999999005e+00 1.174284719999999993e+01 1.847761939999999868e+03 1.945618999999999915e+03
6.759999999999999787e+00 1.170359327999999977e+01 1.848089055999999800e+03 1.945618999999999915e+03
6.764999999999998792e+00 1.171470287999999904e+01 1.847996475999999802e+03 1.945618999999999915e+03
6.769999999999999574e+00 1.165248911999999848e+01 1.848514923999999837e+03 1.945618999999999915e+03
6.775000000000000355e+00 1.165841424000000082e+01 1.848465547999999899e+03 1.945618999999999915e+03
6.779999999999999361e+00 1.164137952000000098e+01 1.848607503999999835e+03 1.945618999999999915e+03
6.785000000000000142e+00 1.165841424000000082e+01 1.848465547999999899e+03 1.945618999999999915e+03
6.789999999999999147e+00 1.165841424000000082e+01 1.848465547999999899e+03 1.945618999999999915e+03
6.794999999999999929e+00 1.168100376000000118e+01 1.848277301999999963e+03 1.945618999999999915e+03
6.799999999999998934e+00 1.169766815999999920e+01 1.848138431999999966e+03 1.945618999999999915e+03
6.804999999999999716e+00 1.169211335999999868e+01 1.848184721999999965e+03 1.945618999999999915e+03
6.809999999999998721e+00 1.170359327999999977e+01 1.848089055999999800e+03 1.945618999999999915e+03
6.814999999999999503e+00 1.165248911999999848e+01 1.848514923999999837e+03 1.945618999999999915e+03
6.820000000000000284e+00 1.170914807999999852e+01 1.848042766000000029e+03 1.945618999999999915e+03
6.824999999999999289e+00 1.168100376000000118e+01 1.848277301999999963e+03 1.945618999999999915e+03
6.830000000000000071e+00 1.172025767999999957e+01 1.847950186000000031e+03 1.945618999999999915e+03
6.834999999999999076e+00 1.172025767999999957e+01 1.847950186000000031e+03 1.945618999999999915e+03
6.839999999999999858e+00 1.167507863999999884e+01 1.848326677999999902e+03 1.945618999999999915e+03
6.844999999999998863e+00 1.165841424000000082e+01 1.848465547999999899e+03 1.945618999999999915e+03
6.849999999999999645e+00 1.167507863999999884e+01 1.848326677999999902e+03 1.945618999999999915e+03
6.854999999999998650e+00 1.173173759999999888e+01 1.847854519999999866e+03 1.945618999999999915e+03
6.859999999999999432e+00 1.165248911999999848e+01 1.848514923999999837e+03 1.945618999999999915e+03
6.865000000000000213e+00 1.158472055999999917e+01 1.849079661999999871e+03 1.945618999999999915e+03
6.869999999999999218e+00 1.162434479999999937e+01 1.848749459999999999e+03 1.945618999999999915e+03
6.875000000000000000e+00 1.170914807999999852e+01 1.848042766000000029e+03 1.945618999999999915e+03
6.879999999999999005e+00 1.168100376000000118e+01 1.848277301999999963e+03 1.945618999999999915e+03
6.884999999999999787e+00 1.162434479999999937e+01 1.848749459999999999e+03 1.945618999999999915e+03
6.889999999999998792e+00 1.166396904000000134e+01 1.848419257999999900e+03 1.945618999999999915e+03
6.894999999999999574e+00 1.167507863999999884e+01 1.848326677999999902e+03 1.945618999999999915e+03
6.900000000000000355e+00 1.166952384000000009e+01 1.848372967999999901e+03 1.945618999999999915e+03
6.904999999999999361e+00 1.169211335999999868e+01 1.848184721999999965e+03 1.945618999999999915e+03
6.910000000000000142e+00 1.168655855999999993e+01 1.848231011999999964e+03 1.945618999999999915e+03
6.914999999999999147e+00 1.167507863999999884e+01 1.848326677999999902e+03 1.945618999999999915e+03
6.919999999999999929e+00 1.165841424000000082e+01 1.848465547999999899e+03 1.945618999999999915e+03
6.924999999999998934e+00 1.164693431999999973e+01 1.848561213999999836e+03 1.945618999999999915e+03
6.929999999999999716e+00 1.169211335999999868e+01 1.848184721999999965e+03 1.945618999999999915e+03
6.934999999999998721e+00 1.163545439999999864e+01 1.848656880000000001e+03 1.945618999999999915e+03
6.939999999999999503e+00 1.164693431999999973e+01 1.848561213999999836e+03 1.945618999999999915e+03
6.945000000000000284e+00 1.168100376000000118e+01 1.848277301999999963e+03 1.945618999999999915e+03
6.949999999999999289e+00 1.161286487999999828e+01 1.848845125999999937e+03 1.945618999999999915e+03
6.955000000000000071e+00 1.168100376000000118e+01 1.848277301999999963e+03 1.945618999999999915e+03
6.959999999999999076e+00 1.168655855999999993e+01 1.848231011999999964e+03 1.945618999999999915e+03
6.964999999999999858e+00 1.164693431999999973e+01 1.848561213999999836e+03 1.945618999999999915e+03
6.969999999999998863e+00 1.166952384000000009e+01 1.848372967999999901e+03 1.945618999999999915e+03
6.974999999999999645e+00 1.168100376000000118e+01 1.848277301999999963e+03 1.945618999999999915e+03
6.979999999999998650e+00 1.166952384000000009e+01 1.848372967999999901e+03 1.945618999999999915e+03
6.984999999999999432e+00 1.164693431999999973e+01 1.848561213999999836e+03 1.945618999999999915e+03
6.990000000000000213e+00 1.169211335999999868e+01 1.848184721999999965e+03 1.945618999999999915e+03
6.994999999999999218e+00 1.162989959999999812e+01 1.848703170000000000e+03 1.945618999999999915e+03
7.000000000000000000e+00 1.166396904000000134e+01 1.848419257999999900e+03 1.945618999999999915e+03
7.004999999999999005e+00 1.166396904000000134e+01 1.848419257999999900e+03 1.945618999999999915e+03
7.009999999999999787e+00 1.169766815999999920e+01 1.848138431999999966e+03 1.945618999999999915e+03
7.014999999999998792e+00 1.165248911999999848e+01 1.848514923999999837e+03 1.945618999999999915e+03
7.019999999999999574e+00 1.168100376000000118e+01 1.848277301999999963e+03 1.945618999999999915e+03
7.025000000000000355e+00 1.168655855999999993e+01 1.848231011999999964e+03 1.945618999999999915e+03
7.029999999999999361e+00 1.166396904000000134e+01 1.848419257999999900e+03 1.945618999999999915e+03
7.035000000000000142e+00 1.162989959999999812e+01 1.848703170000000000e+03 1.945618999999999915e+03
7.039999999999999147e+00 1.160175528000000078e+01 1.848937705999999935e+03 1.945618999999999915e+03
7.044999999999999929e+00 1.160175528000000078e+01 1.848937705999999935e+03 1.945618999999999915e+03
7.049999999999998934e+00 1.160175528000000078e+01 1.848937705999999935e+03 1.945618999999999915e+03
7.054999999999999716e+00 1.157361096000000167e+01 1.849172241999999869e+03 1.945618999999999915e+03
7.059999999999998721e+00 1.164137952000000098e+01 1.848607503999999835e+03 1.945618999999999915e+03
7.064999999999999503e+00 1.161879000000000062e+01 1.848795749999999998e+03 1.945618999999999915e+03
7.070000000000000284e+00 1.161879000000000062e+01 1.848795749999999998e+03 1.945618999999999915e+03
7.074999999999999289e+00 1.160731007999999775e+01 1.848891415999999936e+03 1.945618999999999915e+03
7.080000000000000071e+00 1.160731007999999775e+01 1.848891415999999936e+03 1.945618999999999915e+03
7.084999999999999076e+00 1.162434479999999937e+01 1.848749459999999999e+03 1.945618999999999915e+03
7.089999999999999858e+00 1.165841424000000082e+01 1.848465547999999899e+03 1.945618999999999915e+03
7.094999999999998863e+00 1.162434479999999937e+01 1.848749459999999999e+03 1.945618999999999915e+03
7.099999999999999645e+00 1.162989959999999812e+01 1.848703170000000000e+03 1.945618999999999915e+03
7.104999999999998650e+00 1.168100376000000118e+01 1.848277301999999963e+03 1.945618999999999915e+03
7.109999999999999432e+00 1.160731007999999775e+01 1.848891415999999936e+03 1.945618999999999915e+03
7.115000000000000213e+00 1.160731007999999775e+01 1.848891415999999936e+03 1.945618999999999915e+03
7.119999999999999218e+00 1.161879000000000062e+01 1.848795749999999998e+03 1.945618999999999915e+03
7.125000000000000000e+00 1.162989959999999812e+01 1.848703170000000000e+03 1.945618999999999915e+03
7.129999999999999005e+00 1.160731007999999775e+01 1.848891415999999936e+03 1.945618999999999915e+03
7.134999999999999787e+00 1.162989959999999812e+01 1.848703170000000000e+03 1.945618999999999915e+03
7.139999999999998792e+00 1.165248911999999848e+01 1.848514923999999837e+03 1.945618999999999915e+03
7.144999999999999574e+00 1.164693431999999973e+01 1.848561213999999836e+03 1.945618999999999915e+03
7.150000000000000355e+00 1.161879000000000062e+01 1.848795749999999998e+03 1.945618999999999915e+03
7.154999999999999361e+00 1.163545439999999864e+01 1.848656880000000001e+03 1.945618999999999915e+03
7.160000000000000142e+00 1.166396904000000134e+01 1.848419257999999900e+03 1.945618999999999915e+03
7.164999999999999147e+00 1.164137952000000098e+01 1.848607503999999835e+03 1.945618999999999915e+03
7.169999999999999929e+00 1.164693431999999973e+01 1.848561213999999836e+03 1.945618999999999915e+03
7.174999999999998934e+00 1.162989959999999812e+01 1.848703170000000000e+03 1.945618999999999915e+03
7.179999999999999716e+00 1.161286487999999828e+01 1.848845125999999937e+03 1.945618999999999915e+03
7.184999999999998721e+00 1.164693431999999973e+01 1.848561213999999836e+03 1.945618999999999915e+03
7.189999999999999503e+00 1.161879000000000062e+01 1.848795749999999998e+03 1.945618999999999915e+03
7.195000000000000284e+00 1.159620048000000025e+01 1.848983995999999934e+03 1.945618999999999915e+03
7.199999999999999289e+00 1.161286487999999828e+01 1.848845125999999937e+03 1.945618999999999915e+03
7.205000000000000071e+00 1.162434479999999937e+01 1.848749459999999999e+03 1.945618999999999915e+03
7.209999999999999076e+00 1.164137952000000098e+01 1.848607503999999835e+03 1.945618999999999915e+03
7.214999999999999858e+00 1.166396904000000134e+01 1.848419257999999900e+03 1.945618999999999915e+03
7.219999999999998863e+00 1.165248911999999848e+01 1.848514923999999837e+03 1.945618999999999915e+03
7.224999999999999645e+00 1.163545439999999864e+01 1.848656880000000001e+03 1.945618999999999915e+03
7.229999999999998650e+00 1.163545439999999864e+01 1.848656880000000001e+03 1.945618999999999915e+03
7.234999999999999432e+00 1.165841424000000082e+01 1.848465547999999899e+03 1.945618999999999915e+03
7.240000000000000213e+00 1.160731007999999775e+01 1.848891415999999936e+03 1.945618999999999915e+03
7.244999999999999218e+00 1.163545439999999864e+01 1.848656880000000001e+03 1.945618999999999915e+03
7.250000000000000000e+00 1.170359327999999977e+01 1.848089055999999800e+03 1.945618999999999915e+03
7.254999999999999005e+00 1.159027535999999792e+01 1.849033371999999872e+03 1.945618999999999915e+03
7.259999999999999787e+00 1.161286487999999828e+01 1.848845125999999937e+03 1.945618999999999915e+03
7.264999999999998792e+00 1.157916576000000042e+01 1.849125951999999870e+03 1.945618999999999915e+03
7.269999999999999574e+00 1.164693431999999973e+01 1.848561213999999836e+03 1.945618999999999915e+03
7.275000000000000355e+00 1.166396904000000134e+01 1.848419257999999900e+03 1.945618999999999915e+03
7.279999999999999361e+00 1.156768583999999755e+01 1.849221618000000035e+03 1.945618999999999915e+03
7.285000000000000142e+00 1.157916576000000042e+01 1.849125951999999870e+03 1.945618999999999915e+03
7.289999999999999147e+00 1.160175528000000078e+01 1.848937705999999935e+03 1.945618999999999915e+03
7.294999999999999929e+00 1.162434479999999937e+01 1.848749459999999999e+03 1.945618999999999915e+03
7.299999999999998934e+00 1.165248911999999848e+01 1.848514923999999837e+03 1.945618999999999915e+03
7.304999999999999716e+00 1.159027535999999792e+01 1.849033371999999872e+03 1.945618999999999915e+03
7.309999999999998721e+00 1.160175528000000078e+01 1.848937705999999935e+03 1.945618999999999915e+03
7.314999999999999503e+00 1.159620048000000025e+01 1.848983995999999934e+03 1.945618999999999915e+03
7.320000000000000284e+00 1.160731007999999775e+01 1.848891415999999936e+03 1.945618999999999915e+03
7.324999999999999289e+00 1.157916576000000042e+01 1.849125951999999870e+03 1.945618999999999915e+03
7.330000000000000071e+00 1.155657624000000183e+01 1.849314197999999806e+03 1.945618999999999915e+03
7.334999999999999076e+00 1.159027535999999792e+01 1.849033371999999872e+03 1.945618999999999915e+03
7.339999999999999858e+00 1.157361096000000167e+01 1.849172241999999869e+03 1.945618999999999915e+03
7.344999999999998863e+00 1.162989959999999812e+01 1.848703170000000000e+03 1.945618999999999915e+03
7.349999999999999645e+00 1.160175528000000078e+01 1.848937705999999935e+03 1.945618999999999915e+03
7.354999999999998650e+00 1.153954152000000022e+01 1.849456153999999970e+03 1.945618999999999915e+03
7.359999999999999432e+00 1.157916576000000042e+01 1.849125951999999870e+03 1.945618999999999915e+03
7.365000000000000213e+00 1.153954152000000022e+01 1.849456153999999970e+03 1.945618999999999915e+03
7.369999999999999218e+00 1.156213104000000058e+01 1.849267907999999807e+03 1.945618999999999915e+03
7.375000000000000000e+00 1.157361096000000167e+01 1.849172241999999869e+03 1.945618999999999915e+03
7.379999999999999005e+00 1.159620048000000025e+01 1.848983995999999934e+03 1.945618999999999915e+03
7.384999999999999787e+00 1.152843192000000094e+01 1.849548733999999968e+03 1.945618999999999915e+03
7.389999999999998792e+00 1.159620048000000025e+01 1.848983995999999934e+03 1.945618999999999915e+03
7.394999999999999574e+00 1.152250679999999861e+01 1.849598109999999906e+03 1.945618999999999915e+03
7.400000000000000355e+00 1.152843192000000094e+01 1.849548733999999968e+03 1.945618999999999915e+03
7.404999999999999361e+00 1.156213104000000058e+01 1.849267907999999807e+03 1.945618999999999915e+03
7.410000000000000142e+00 1.161286487999999828e+01 1.848845125999999937e+03 1.945618999999999915e+03
7.414999999999999147e+00 1.161879000000000062e+01 1.848795749999999998e+03 1.945618999999999915e+03
7.419999999999999929e+00 1.160731007999999775e+01 1.848891415999999936e+03 1.945618999999999915e+03
7.424999999999998934e+00 1.156768583999999755e+01 1.849221618000000035e+03 1.945618999999999915e+03
7.429999999999999716e+00 1.161879000000000062e+01 1.848795749999999998e+03 1.945618999999999915e+03
7.434999999999998721e+00 1.156768583999999755e+01 1.849221618000000035e+03 1.945618999999999915e+03
7.439999999999999503e+00 1.159620048000000025e+01 1.848983995999999934e+03 1.945618999999999915e+03
7.445000000000000284e+00 1.151139720000000111e+01 1.849690689999999904e+03 1.945618999999999915e+03
7.449999999999999289e+00 1.154509631999999897e+01 1.849409863999999970e+03 1.945618999999999915e+03
7.455000000000000071e+00 1.155102144000000131e+01 1.849360487999999805e+03 1.945618999999999915e+03
7.459999999999999076e+00 1.153954152000000022e+01 1.849456153999999970e+03 1.945618999999999915e+03
7.464999999999999858e+00 1.153398672000000147e+01 1.849502443999999969e+03 1.945618999999999915e+03
7.469999999999998863e+00 1.154509631999999897e+01 1.849409863999999970e+03 1.945618999999999915e+03
7.474999999999999645e+00 1.157361096000000167e+01 1.849172241999999869e+03 1.945618999999999915e+03
7.479999999999998650e+00 1.155657624000000183e+01 1.849314197999999806e+03 1.945618999999999915e+03
7.484999999999999432e+00 1.155102144000000131e+01 1.849360487999999805e+03 1.945618999999999915e+03
7.490000000000000213e+00 1.153954152000000022e+01 1.849456153999999970e+03 1.945618999999999915e+03
7.494999999999999218e+00 1.148880768000000074e+01 1.849878935999999840e+03 1.945618999999999915e+03
7.500000000000000000e+00 1.152843192000000094e+01 1.849548733999999968e+03 1.945618999999999915e+03
7.504999999999999005e+00 1.157916576000000042e+01 1.849125951999999870e+03 1.945618999999999915e+03
7.509999999999999787e+00 1.154509631999999897e+01 1.849409863999999970e+03 1.945618999999999915e+03
7.514999999999998792e+00 1.153398672000000147e+01 1.849502443999999969e+03 1.945618999999999915e+03
7.519999999999999574e+00 1.152843192000000094e+01 1.849548733999999968e+03 1.945618999999999915e+03
7.525000000000000355e+00 1.151139720000000111e+01 1.849690689999999904e+03 1.945618999999999915e+03
7.529999999999999361e+00 1.150584240000000058e+01 1.849736979999999903e+03 1.945618999999999915e+03
7.535000000000000142e+00 1.150584240000000058e+01 1.849736979999999903e+03 1.945618999999999915e+03
7.539999999999999147e+00 1.153398672000000147e+01 1.849502443999999969e+03 1.945618999999999915e+03
7.544999999999999929e+00 1.151695199999999986e+01 1.849644399999999905e+03 1.945618999999999915e+03
7.549999999999998934e+00 1.149991728000000002e+01 1.849786355999999842e+03 1.945618999999999915e+03
7.554999999999999716e+00 1.153398672000000147e+01 1.849502443999999969e+03 1.945618999999999915e+03
7.559999999999998721e+00 1.157916576000000042e+01 1.849125951999999870e+03 1.945618999999999915e+03
7.564999999999999503e+00 1.153954152000000022e+01 1.849456153999999970e+03 1.945618999999999915e+03
7.570000000000000284e+00 1.151139720000000111e+01 1.849690689999999904e+03 1.945618999999999915e+03
7.574999999999999289e+00 1.153398672000000147e+01 1.849502443999999969e+03 1.945618999999999915e+03
7.580000000000000071e+00 1.148880768000000074e+01 1.849878935999999840e+03 1.945618999999999915e+03
7.584999999999999076e+00 1.150584240000000058e+01 1.849736979999999903e+03 1.945618999999999915e+03
7.589999999999999858e+00 1.148288255999999841e+01 1.849928312000000005e+03 1.945618999999999915e+03
7.594999999999998863e+00 1.153398672000000147e+01 1.849502443999999969e+03 1.945618999999999915e+03
7.599999999999999645e+00 1.154509631999999897e+01 1.849409863999999970e+03 1.945618999999999915e+03
7.604999999999998650e+00 1.152843192000000094e+01 1.849548733999999968e+03 1.945618999999999915e+03
7.609999999999999432e+00 1.151695199999999986e+01 1.849644399999999905e+03 1.945618999999999915e+03
7.615000000000000213e+00 1.147732775999999966e+01 1.849974602000000004e+03 1.945618999999999915e+03
7.619999999999999218e+00 1.149436247999999949e+01 1.849832645999999841e+03 1.945618999999999915e+03
7.625000000000000000e+00 1.151695199999999986e+01 1.849644399999999905e+03 1.945618999999999915e+03
7.629999999999999005e+00 1.154509631999999897e+01 1.849409863999999970e+03 1.945618999999999915e+03
7.634999999999999787e+00 1.147177295999999913e+01 1.850020892000000003e+03 1.945618999999999915e+03
7.639999999999998792e+00 1.147177295999999913e+01 1.850020892000000003e+03 1.945618999999999915e+03
7.644999999999999574e+00 1.153398672000000147e+01 1.849502443999999969e+03 1.945618999999999915e+03
7.650000000000000355e+00 1.148288255999999841e+01 1.849928312000000005e+03 1.945618999999999915e+03
7.654999999999999361e+00 1.149991728000000002e+01 1.849786355999999842e+03 1.945618999999999915e+03
7.660000000000000142e+00 1.149436247999999949e+01 1.849832645999999841e+03 1.945618999999999915e+03
7.664999999999999147e+00 1.147732775999999966e+01 1.849974602000000004e+03 1.945618999999999915e+03
7.669999999999999929e+00 1.149436247999999949e+01 1.849832645999999841e+03 1.945618999999999915e+03
7.674999999999998934e+00 1.151139720000000111e+01 1.849690689999999904e+03 1.945618999999999915e+03
7.679999999999999716e+00 1.151695199999999986e+01 1.849644399999999905e+03 1.945618999999999915e+03
7.684999999999998721e+00 1.148288255999999841e+01 1.849928312000000005e+03 1.945618999999999915e+03
7.689999999999999503e+00 1.154509631999999897e+01 1.849409863999999970e+03 1.945618999999999915e+03
7.695000000000000284e+00 1.147177295999999913e+01 1.850020892000000003e+03 1.945618999999999915e+03
7.699999999999999289e+00 1.147177295999999913e+01 1.850020892000000003e+03 1.945618999999999915e+03
7.705000000000000071e+00 1.148880768000000074e+01 1.849878935999999840e+03 1.945618999999999915e+03
7.709999999999999076e+00 1.146029303999999804e+01 1.850116557999999941e+03 1.945618999999999915e+03
7.714999999999999858e+00 1.147177295999999913e+01 1.850020892000000003e+03 1.945618999999999915e+03
7.719999999999998863e+00 1.149991728000000002e+01 1.849786355999999842e+03 1.945618999999999915e+03
7.724999999999999645e+00 1.151139720000000111e+01 1.849690689999999904e+03 1.945618999999999915e+03
7.729999999999998650e+00 1.148288255999999841e+01 1.849928312000000005e+03 1.945618999999999915e+03
7.734999999999999432e+00 1.147177295999999913e+01 1.850020892000000003e+03 1.945618999999999915e+03
7.740000000000000213e+00 1.149436247999999949e+01 1.849832645999999841e+03 1.945618999999999915e+03
7.744999999999999218e+00 1.147177295999999913e+01 1.850020892000000003e+03 1.945618999999999915e+03
7.750000000000000000e+00 1.148880768000000074e+01 1.849878935999999840e+03 1.945618999999999915e+03
7.754999999999999005e+00 1.143214872000000071e+01 1.850351093999999875e+03 1.945618999999999915e+03
7.759999999999999787e+00 1.147732775999999966e+01 1.849974602000000004e+03 1.945618999999999915e+03
7.764999999999998792e+00 1.148880768000000074e+01 1.849878935999999840e+03 1.945618999999999915e+03
7.769999999999999574e+00 1.147732775999999966e+01 1.849974602000000004e+03 1.945618999999999915e+03
7.775000000000000355e+00 1.146029303999999804e+01 1.850116557999999941e+03 1.945618999999999915e+03
7.779999999999999361e+00 1.146029303999999804e+01 1.850116557999999941e+03 1.945618999999999915e+03
7.785000000000000142e+00 1.141511400000000087e+01 1.850493049999999812e+03 1.945618999999999915e+03
7.789999999999999147e+00 1.150584240000000058e+01 1.849736979999999903e+03 1.945618999999999915e+03
7.794999999999999929e+00 1.147177295999999913e+01 1.850020892000000003e+03 1.945618999999999915e+03
7.799999999999998934e+00 1.147732775999999966e+01 1.849974602000000004e+03 1.945618999999999915e+03
7.804999999999999716e+00 1.147177295999999913e+01 1.850020892000000003e+03 1.945618999999999915e+03
7.809999999999998721e+00 1.146621816000000038e+01 1.850067182000000003e+03 1.945618999999999915e+03
7.814999999999999503e+00 1.146621816000000038e+01 1.850067182000000003e+03 1.945618999999999915e+03
7.820000000000000284e+00 1.140955920000000035e+01 1.850539339999999811e+03 1.945618999999999915e+03
7.824999999999999289e+00 1.144362864000000002e+01 1.850255427999999938e+03 1.945618999999999915e+03
7.830000000000000071e+00 1.143770351999999946e+01 1.850304803999999876e+03 1.945618999999999915e+03
7.834999999999999076e+00 1.140955920000000035e+01 1.850539339999999811e+03 1.945618999999999915e+03
7.839999999999999858e+00 1.145473823999999929e+01 1.850162847999999940e+03 1.945618999999999915e+03
7.844999999999998863e+00 1.144362864000000002e+01 1.850255427999999938e+03 1.945618999999999915e+03
7.849999999999999645e+00 1.146621816000000038e+01 1.850067182000000003e+03 1.945618999999999915e+03
7.854999999999998650e+00 1.146029303999999804e+01 1.850116557999999941e+03 1.945618999999999915e+03
7.859999999999999432e+00 1.148880768000000074e+01 1.849878935999999840e+03 1.945618999999999915e+03
7.865000000000000213e+00 1.147177295999999913e+01 1.850020892000000003e+03 1.945618999999999915e+03
7.869999999999999218e+00 1.143214872000000071e+01 1.850351093999999875e+03 1.945618999999999915e+03
7.875000000000000000e+00 1.145473823999999929e+01 1.850162847999999940e+03 1.945618999999999915e+03
7.879999999999999005e+00 1.141511400000000087e+01 1.850493049999999812e+03 1.945618999999999915e+03
7.884999999999999787e+00 1.144362864000000002e+01 1.850255427999999938e+03 1.945618999999999915e+03
7.889999999999998792e+00 1.146029303999999804e+01 1.850116557999999941e+03 1.945618999999999915e+03
7.894999999999999574e+00 1.145473823999999929e+01 1.850162847999999940e+03 1.945618999999999915e+03
7.900000000000000355e+00 1.147177295999999913e+01 1.850020892000000003e+03 1.945618999999999915e+03
7.904999999999999361e+00 1.145473823999999929e+01 1.850162847999999940e+03 1.945618999999999915e+03
7.910000000000000142e+00 1.147732775999999966e+01 1.849974602000000004e+03 1.945618999999999915e+03
7.914999999999999147e+00 1.142103911999999966e+01 1.850443673999999874e+03 1.945618999999999915e+03
7.919999999999999929e+00 1.144362864000000002e+01 1.850255427999999938e+03 1.945618999999999915e+03
7.924999999999998934e+00 1.143214872000000071e+01 1.850351093999999875e+03 1.945618999999999915e+03
7.929999999999999716e+00 1.143214872000000071e+01 1.850351093999999875e+03 1.945618999999999915e+03
7.934999999999998721e+00 1.148880768000000074e+01 1.849878935999999840e+03 1.945618999999999915e+03
7.939999999999999503e+00 1.148288255999999841e+01 1.849928312000000005e+03 1.945618999999999915e+03
7.945000000000000284e+00 1.144362864000000002e+01 1.850255427999999938e+03 1.945618999999999915e+03
7.949999999999999289e+00 1.142103911999999966e+01 1.850443673999999874e+03 1.945618999999999915e+03
7.955000000000000071e+00 1.140400439999999982e+01 1.850585629999999810e+03 1.945618999999999915e+03
7.959999999999999076e+00 1.139252448000000051e+01 1.850681295999999975e+03 1.945618999999999915e+03
7.964999999999999858e+00 1.144362864000000002e+01 1.850255427999999938e+03 1.945618999999999915e+03
7.969999999999998863e+00 1.139844959999999929e+01 1.850631919999999809e+03 1.945618999999999915e+03
7.974999999999999645e+00 1.140955920000000035e+01 1.850539339999999811e+03 1.945618999999999915e+03
7.979999999999998650e+00 1.144362864000000002e+01 1.850255427999999938e+03 1.945618999999999915e+03
7.984999999999999432e+00 1.138141487999999946e+01 1.850773875999999973e+03 1.945618999999999915e+03
7.990000000000000213e+00 1.142659392000000018e+01 1.850397383999999875e+03 1.945618999999999915e+03
7.994999999999999218e+00 1.144918344000000054e+01 1.850209137999999939e+03 1.945618999999999915e+03
8.000000000000000000e+00 1.142659392000000018e+01 1.850397383999999875e+03 1.945618999999999915e+03
8.004999999999999005e+00 1.142659392000000018e+01 1.850397383999999875e+03 1.945618999999999915e+03
8.009999999999999787e+00 1.139844959999999929e+01 1.850631919999999809e+03 1.945618999999999915e+03
8.014999999999998792e+00 1.141511400000000087e+01 1.850493049999999812e+03 1.945618999999999915e+03
8.019999999999999574e+00 1.143214872000000071e+01 1.850351093999999875e+03 1.945618999999999915e+03
8.025000000000000355e+00 1.136993496000000015e+01 1.850869541999999910e+03 1.945618999999999915e+03
8.029999999999999361e+00 1.140400439999999982e+01 1.850585629999999810e+03 1.945618999999999915e+03
8.035000000000000142e+00 1.135290023999999853e+01 1.851011497999999847e+03 1.945618999999999915e+03
8.039999999999999147e+00 1.139844959999999929e+01 1.850631919999999809e+03 1.945618999999999915e+03
8.044999999999999929e+00 1.133623584000000051e+01 1.851150367999999844e+03 1.945618999999999915e+03
8.049999999999998934e+00 1.135290023999999853e+01 1.851011497999999847e+03 1.945618999999999915e+03
8.054999999999999716e+00 1.136438015999999962e+01 1.850915831999999909e+03 1.945618999999999915e+03
8.059999999999998721e+00 1.136993496000000015e+01 1.850869541999999910e+03 1.945618999999999915e+03
8.064999999999999503e+00 1.144362864000000002e+01 1.850255427999999938e+03 1.945618999999999915e+03
8.070000000000000284e+00 1.144918344000000054e+01 1.850209137999999939e+03 1.945618999999999915e+03
8.074999999999999289e+00 1.139844959999999929e+01 1.850631919999999809e+03 1.945618999999999915e+03
8.080000000000000071e+00 1.139252448000000051e+01 1.850681295999999975e+03 1.945618999999999915e+03
8.084999999999999076e+00 1.134179063999999926e+01 1.851104077999999845e+03 1.945618999999999915e+03
8.089999999999999858e+00 1.138141487999999946e+01 1.850773875999999973e+03 1.945618999999999915e+03
8.094999999999998863e+00 1.133623584000000051e+01 1.851150367999999844e+03 1.945618999999999915e+03
8.099999999999999645e+00 1.134179063999999926e+01 1.851104077999999845e+03 1.945618999999999915e+03
8.104999999999998650e+00 1.136993496000000015e+01 1.850869541999999910e+03 1.945618999999999915e+03
8.109999999999999432e+00 1.138141487999999946e+01 1.850773875999999973e+03 1.945618999999999915e+03
8.115000000000000213e+00 1.136438015999999962e+01 1.850915831999999909e+03 1.945618999999999915e+03
8.119999999999999218e+00 1.131920112000000067e+01 1.851292324000000008e+03 1.945618999999999915e+03
8.125000000000000000e+00 1.137586007999999893e+01 1.850820165999999972e+03 1.945618999999999915e+03
8.129999999999999005e+00 1.131920112000000067e+01 1.851292324000000008e+03 1.945618999999999915e+03
8.134999999999999787e+00 1.135290023999999853e+01 1.851011497999999847e+03 1.945618999999999915e+03
8.139999999999998792e+00 1.135882535999999909e+01 1.850962121999999908e+03 1.945618999999999915e+03
8.144999999999999574e+00 1.141511400000000087e+01 1.850493049999999812e+03 1.945618999999999915e+03
8.150000000000000355e+00 1.144362864000000002e+01 1.850255427999999938e+03 1.945618999999999915e+03
8.154999999999999361e+00 1.137586007999999893e+01 1.850820165999999972e+03 1.945618999999999915e+03
8.160000000000000142e+00 1.137586007999999893e+01 1.850820165999999972e+03 1.945618999999999915e+03
8.164999999999999147e+00 1.142103911999999966e+01 1.850443673999999874e+03 1.945618999999999915e+03
8.169999999999999929e+00 1.136993496000000015e+01 1.850869541999999910e+03 1.945618999999999915e+03
8.174999999999998934e+00 1.138696967999999998e+01 1.850727585999999974e+03 1.945618999999999915e+03
8.179999999999999716e+00 1.137586007999999893e+01 1.850820165999999972e+03 1.945618999999999915e+03
8.184999999999998721e+00 1.135882535999999909e+01 1.850962121999999908e+03 1.945618999999999915e+03
8.189999999999999503e+00 1.128513167999999922e+01 1.851576235999999881e+03 1.945618999999999915e+03
8.195000000000000284e+00 1.134734543999999978e+01 1.851057787999999846e+03 1.945618999999999915e+03
8.199999999999999289e+00 1.133623584000000051e+01 1.851150367999999844e+03 1.945618999999999915e+03
8.205000000000000071e+00 1.134179063999999926e+01 1.851104077999999845e+03 1.945618999999999915e+03
8.209999999999999076e+00 1.126254215999999886e+01 1.851764481999999816e+03 1.945618999999999915e+03
8.214999999999999858e+00 1.131364632000000015e+01 1.851338614000000007e+03 1.945618999999999915e+03
8.219999999999998863e+00 1.131364632000000015e+01 1.851338614000000007e+03 1.945618999999999915e+03
8.224999999999999645e+00 1.129661160000000031e+01 1.851480569999999943e+03 1.945618999999999915e+03
8.229999999999998650e+00 1.131364632000000015e+01 1.851338614000000007e+03 1.945618999999999915e+03
8.234999999999999432e+00 1.133031071999999817e+01 1.851199744000000010e+03 1.945618999999999915e+03
8.240000000000000213e+00 1.134179063999999926e+01 1.851104077999999845e+03 1.945618999999999915e+03
8.244999999999999218e+00 1.137586007999999893e+01 1.850820165999999972e+03 1.945618999999999915e+03
8.250000000000000000e+00 1.135290023999999853e+01 1.851011497999999847e+03 1.945618999999999915e+03
8.254999999999999005e+00 1.136438015999999962e+01 1.850915831999999909e+03 1.945618999999999915e+03
8.259999999999999787e+00 1.127402207999999995e+01 1.851668815999999879e+03 1.945618999999999915e+03
8.264999999999998792e+00 1.132475591999999942e+01 1.851246034000000009e+03 1.945618999999999915e+03
8.269999999999999574e+00 1.131920112000000067e+01 1.851292324000000008e+03 1.945618999999999915e+03
8.275000000000000355e+00 1.131364632000000015e+01 1.851338614000000007e+03 1.945618999999999915e+03
8.279999999999999361e+00 1.132475591999999942e+01 1.851246034000000009e+03 1.945618999999999915e+03
8.285000000000000142e+00 1.132475591999999942e+01 1.851246034000000009e+03 1.945618999999999915e+03
8.289999999999999147e+00 1.131364632000000015e+01 1.851338614000000007e+03 1.945618999999999915e+03
8.294999999999999929e+00 1.133031071999999817e+01 1.851199744000000010e+03 1.945618999999999915e+03
8.299999999999998934e+00 1.130772119999999958e+01 1.851387989999999945e+03 1.945618999999999915e+03
8.304999999999999716e+00 1.131920112000000067e+01 1.851292324000000008e+03 1.945618999999999915e+03
8.309999999999998721e+00 1.131920112000000067e+01 1.851292324000000008e+03 1.945618999999999915e+03
8.314999999999999503e+00 1.130772119999999958e+01 1.851387989999999945e+03 1.945618999999999915e+03
8.320000000000000284e+00 1.134734543999999978e+01 1.851057787999999846e+03 1.945618999999999915e+03
8.324999999999999289e+00 1.132475591999999942e+01 1.851246034000000009e+03 1.945618999999999915e+03
8.330000000000000071e+00 1.135882535999999909e+01 1.850962121999999908e+03 1.945618999999999915e+03
8.334999999999999076e+00 1.139844959999999929e+01 1.850631919999999809e+03 1.945618999999999915e+03
8.339999999999999858e+00 1.133031071999999817e+01 1.851199744000000010e+03 1.945618999999999915e+03
8.344999999999998863e+00 1.135882535999999909e+01 1.850962121999999908e+03 1.945618999999999915e+03
8.349999999999999645e+00 1.133031071999999817e+01 1.851199744000000010e+03 1.945618999999999915e+03
8.354999999999998650e+00 1.126846727999999942e+01 1.851715105999999878e+03 1.945618999999999915e+03
8.359999999999999432e+00 1.129105679999999978e+01 1.851526859999999942e+03 1.945618999999999915e+03
8.365000000000000213e+00 1.129105679999999978e+01 1.851526859999999942e+03 1.945618999999999915e+03
8.369999999999999218e+00 1.133031071999999817e+01 1.851199744000000010e+03 1.945618999999999915e+03
8.375000000000000000e+00 1.134179063999999926e+01 1.851104077999999845e+03 1.945618999999999915e+03
8.379999999999999005e+00 1.136438015999999962e+01 1.850915831999999909e+03 1.945618999999999915e+03
8.384999999999999787e+00 1.129661160000000031e+01 1.851480569999999943e+03 1.945618999999999915e+03
8.389999999999998792e+00 1.127957688000000047e+01 1.851622525999999880e+03 1.945618999999999915e+03
8.394999999999999574e+00 1.131920112000000067e+01 1.851292324000000008e+03 1.945618999999999915e+03
8.400000000000000355e+00 1.130772119999999958e+01 1.851387989999999945e+03 1.945618999999999915e+03
8.404999999999999361e+00 1.131920112000000067e+01 1.851292324000000008e+03 1.945618999999999915e+03
8.410000000000000142e+00 1.129105679999999978e+01 1.851526859999999942e+03 1.945618999999999915e+03
8.414999999999999147e+00 1.130772119999999958e+01 1.851387989999999945e+03 1.945618999999999915e+03
8.419999999999999929e+00 1.136993496000000015e+01 1.850869541999999910e+03 1.945618999999999915e+03
8.424999999999998934e+00 1.135290023999999853e+01 1.851011497999999847e+03 1.945618999999999915e+03
8.429999999999999716e+00 1.132475591999999942e+01 1.851246034000000009e+03 1.945618999999999915e+03
8.434999999999998721e+00 1.133031071999999817e+01 1.851199744000000010e+03 1.945618999999999915e+03
8.439999999999999503e+00 1.130216640000000083e+01 1.851434279999999944e+03 1.945618999999999915e+03
8.445000000000000284e+00 1.133031071999999817e+01 1.851199744000000010e+03 1.945618999999999915e+03
8.449999999999999289e+00 1.133623584000000051e+01 1.851150367999999844e+03 1.945618999999999915e+03
8.455000000000000071e+00 1.134179063999999926e+01 1.851104077999999845e+03 1.945618999999999915e+03
8.459999999999999076e+00 1.134734543999999978e+01 1.851057787999999846e+03 1.945618999999999915e+03
8.464999999999999858e+00 1.131364632000000015e+01 1.851338614000000007e+03 1.945618999999999915e+03
8.469999999999998863e+00 1.132475591999999942e+01 1.851246034000000009e+03 1.945618999999999915e+03
8.474999999999999645e+00 1.133623584000000051e+01 1.851150367999999844e+03 1.945618999999999915e+03
8.479999999999998650e+00 1.136438015999999962e+01 1.850915831999999909e+03 1.945618999999999915e+03
8.484999999999999432e+00 1.132475591999999942e+01 1.851246034000000009e+03 1.945618999999999915e+03
8.490000000000000213e+00 1.130216640000000083e+01 1.851434279999999944e+03 1.945618999999999915e+03
8.494999999999999218e+00 1.131920112000000067e+01 1.851292324000000008e+03 1.945618999999999915e+03
8.500000000000000000e+00 1.133623584000000051e+01 1.851150367999999844e+03 1.945618999999999915e+03
8.504999999999999005e+00 1.132475591999999942e+01 1.851246034000000009e+03 1.945618999999999915e+03
8.509999999999999787e+00 1.130772119999999958e+01 1.851387989999999945e+03 1.945618999999999915e+03
8.514999999999998792e+00 1.134734543999999978e+01 1.851057787999999846e+03 1.945618999999999915e+03
8.519999999999999574e+00 1.130216640000000083e+01 1.851434279999999944e+03 1.945618999999999915e+03
8.525000000000000355e+00 1.132475591999999942e+01 1.851246034000000009e+03 1.945618999999999915e+03
8.529999999999999361e+00 1.134179063999999926e+01 1.851104077999999845e+03 1.945618999999999915e+03
8.535000000000000142e+00 1.130216640000000083e+01 1.851434279999999944e+03 1.945618999999999915e+03
8.539999999999999147e+00 1.132475591999999942e+01 1.851246034000000009e+03 1.945618999999999915e+03
8.544999999999999929e+00 1.135882535999999909e+01 1.850962121999999908e+03 1.945618999999999915e+03
8.549999999999998934e+00 1.129661160000000031e+01 1.851480569999999943e+03 1.945618999999999915e+03
8.554999999999999716e+00 1.132475591999999942e+01 1.851246034000000009e+03 1.945618999999999915e+03
8.559999999999998721e+00 1.134734543999999978e+01 1.851057787999999846e+03 1.945618999999999915e+03
8.564999999999999503e+00 1.127402207999999995e+01 1.851668815999999879e+03 1.945618999999999915e+03
8.570000000000000284e+00 1.133031071999999817e+01 1.851199744000000010e+03 1.945618999999999915e+03
8.574999999999999289e+00 1.134179063999999926e+01 1.851104077999999845e+03 1.945618999999999915e+03
8.580000000000000071e+00 1.134179063999999926e+01 1.851104077999999845e+03 1.945618999999999915e+03
8.584999999999999076e+00 1.129105679999999978e+01 1.851526859999999942e+03 1.945618999999999915e+03
8.589999999999999858e+00 1.131920112000000067e+01 1.851292324000000008e+03 1.945618999999999915e+03
8.594999999999998863e+00 1.134179063999999926e+01 1.851104077999999845e+03 1.945618999999999915e+03
8.599999999999999645e+00 1.131364632000000015e+01 1.851338614000000007e+03 1.945618999999999915e+03
8.604999999999998650e+00 1.133031071999999817e+01 1.851199744000000010e+03 1.945618999999999915e+03
8.609999999999999432e+00 1.127402207999999995e+01 1.851668815999999879e+03 1.945618999999999915e+03
8.615000000000000213e+00 1.131920112000000067e+01 1.851292324000000008e+03 1.945618999999999915e+03
8.619999999999999218e+00 1.133031071999999817e+01 1.851199744000000010e+03 1.945618999999999915e+03
8.625000000000000000e+00 1.130772119999999958e+01 1.851387989999999945e+03 1.945618999999999915e+03
8.629999999999999005e+00 1.132475591999999942e+01 1.851246034000000009e+03 1.945618999999999915e+03
8.634999999999999787e+00 1.133031071999999817e+01 1.851199744000000010e+03 1.945618999999999915e+03
8.639999999999998792e+00 1.131364632000000015e+01 1.851338614000000007e+03 1.945618999999999915e+03
8.644999999999999574e+00 1.130772119999999958e+01 1.851387989999999945e+03 1.945618999999999915e+03
8.650000000000000355e+00 1.131920112000000067e+01 1.851292324000000008e+03 1.945618999999999915e+03
8.654999999999999361e+00 1.130216640000000083e+01 1.851434279999999944e+03 1.945618999999999915e+03
8.660000000000000142e+00 1.130772119999999958e+01 1.851387989999999945e+03 1.945618999999999915e+03
8.664999999999999147e+00 1.131364632000000015e+01 1.851338614000000007e+03 1.945618999999999915e+03
8.669999999999999929e+00 1.130216640000000083e+01 1.851434279999999944e+03 1.945618999999999915e+03
8.674999999999998934e+00 1.129105679999999978e+01 1.851526859999999942e+03 1.945618999999999915e+03
8.679999999999999716e+00 1.130772119999999958e+01 1.851387989999999945e+03 1.945618999999999915e+03
8.684999999999998721e+00 1.135290023999999853e+01 1.851011497999999847e+03 1.945618999999999915e+03
8.689999999999999503e+00 1.132475591999999942e+01 1.851246034000000009e+03 1.945618999999999915e+03
8.695000000000000284e+00 1.129661160000000031e+01 1.851480569999999943e+03 1.945618999999999915e+03
8.699999999999999289e+00 1.127957688000000047e+01 1.851622525999999880e+03 1.945618999999999915e+03
8.705000000000000071e+00 1.127402207999999995e+01 1.851668815999999879e+03 1.945618999999999915e+03
8.709999999999999076e+00 1.126846727999999942e+01 1.851715105999999878e+03 1.945618999999999915e+03
8.714999999999999858e+00 1.125698735999999833e+01 1.851810771999999815e+03 1.945618999999999915e+03
8.719999999999998863e+00 1.130216640000000083e+01 1.851434279999999944e+03 1.945618999999999915e+03
8.724999999999999645e+00 1.135290023999999853e+01 1.851011497999999847e+03 1.945618999999999915e+03
8.729999999999998650e+00 1.130216640000000083e+01 1.851434279999999944e+03 1.945618999999999915e+03
8.734999999999999432e+00 1.126846727999999942e+01 1.851715105999999878e+03 1.945618999999999915e+03
8.740000000000000213e+00 1.130772119999999958e+01 1.851387989999999945e+03 1.945618999999999915e+03
8.744999999999999218e+00 1.125143255999999958e+01 1.851857061999999814e+03 1.945618999999999915e+03
8.750000000000000000e+00 1.128513167999999922e+01 1.851576235999999881e+03 1.945618999999999915e+03
8.754999999999999005e+00 1.127957688000000047e+01 1.851622525999999880e+03 1.945618999999999915e+03
8.759999999999999787e+00 1.128513167999999922e+01 1.851576235999999881e+03 1.945618999999999915e+03
8.764999999999998792e+00 1.132475591999999942e+01 1.851246034000000009e+03 1.945618999999999915e+03
8.769999999999999574e+00 1.129105679999999978e+01 1.851526859999999942e+03 1.945618999999999915e+03
8.775000000000000355e+00 1.129105679999999978e+01 1.851526859999999942e+03 1.945618999999999915e+03
8.779999999999999361e+00 1.128513167999999922e+01 1.851576235999999881e+03 1.945618999999999915e+03
8.785000000000000142e+00 1.124587775999999906e+01 1.851903351999999813e+03 1.945618999999999915e+03
8.789999999999999147e+00 1.129105679999999978e+01 1.851526859999999942e+03 1.945618999999999915e+03
8.794999999999999929e+00 1.124587775999999906e+01 1.851903351999999813e+03 1.945618999999999915e+03
8.799999999999998934e+00 1.125698735999999833e+01 1.851810771999999815e+03 1.945618999999999915e+03
8.804999999999999716e+00 1.130772119999999958e+01 1.851387989999999945e+03 1.945618999999999915e+03
8.809999999999998721e+00 1.122328824000000047e+01 1.852091597999999976e+03 1.945618999999999915e+03
8.814999999999999503e+00 1.125143255999999958e+01 1.851857061999999814e+03 1.945618999999999915e+03
8.820000000000000284e+00 1.130772119999999958e+01 1.851387989999999945e+03 1.945618999999999915e+03
8.824999999999999289e+00 1.121180831999999938e+01 1.852187263999999914e+03 1.945618999999999915e+03
8.830000000000000071e+00 1.125698735999999833e+01 1.851810771999999815e+03 1.945618999999999915e+03
8.834999999999999076e+00 1.130216640000000083e+01 1.851434279999999944e+03 1.945618999999999915e+03
8.839999999999999858e+00 1.129661160000000031e+01 1.851480569999999943e+03 1.945618999999999915e+03
8.844999999999998863e+00 1.129105679999999978e+01 1.851526859999999942e+03 1.945618999999999915e+03
8.849999999999999645e+00 1.125143255999999958e+01 1.851857061999999814e+03 1.945618999999999915e+03
8.854999999999998650e+00 1.122328824000000047e+01 1.852091597999999976e+03 1.945618999999999915e+03
8.859999999999999432e+00 1.123995263999999850e+01 1.851952727999999979e+03 1.945618999999999915e+03
8.865000000000000213e+00 1.125143255999999958e+01 1.851857061999999814e+03 1.945618999999999915e+03
8.869999999999999218e+00 1.123995263999999850e+01 1.851952727999999979e+03 1.945618999999999915e+03
8.875000000000000000e+00 1.118921879999999902e+01 1.852375509999999849e+03 1.945618999999999915e+03
8.879999999999999005e+00 1.124587775999999906e+01 1.851903351999999813e+03 1.945618999999999915e+03
8.884999999999999787e+00 1.127402207999999995e+01 1.851668815999999879e+03 1.945618999999999915e+03
8.889999999999998792e+00 1.122328824000000047e+01 1.852091597999999976e+03 1.945618999999999915e+03
8.894999999999999574e+00 1.123439783999999797e+01 1.851999017999999978e+03 1.945618999999999915e+03
8.900000000000000355e+00 1.130216640000000083e+01 1.851434279999999944e+03 1.945618999999999915e+03
8.904999999999999361e+00 1.124587775999999906e+01 1.851903351999999813e+03 1.945618999999999915e+03
8.910000000000000142e+00 1.131920112000000067e+01 1.851292324000000008e+03 1.945618999999999915e+03
8.914999999999999147e+00 1.121736311999999813e+01 1.852140973999999915e+03 1.945618999999999915e+03
8.919999999999999929e+00 1.125698735999999833e+01 1.851810771999999815e+03 1.945618999999999915e+03
8.924999999999998934e+00 1.117218407999999918e+01 1.852517466000000013e+03 1.945618999999999915e+03
8.929999999999999716e+00 1.127402207999999995e+01 1.851668815999999879e+03 1.945618999999999915e+03
8.934999999999998721e+00 1.123995263999999850e+01 1.851952727999999979e+03 1.945618999999999915e+03
8.939999999999999503e+00 1.127957688000000047e+01 1.851622525999999880e+03 1.945618999999999915e+03
8.945000000000000284e+00 1.124587775999999906e+01 1.851903351999999813e+03 1.945618999999999915e+03
8.949999999999999289e+00 1.123439783999999797e+01 1.851999017999999978e+03 1.945618999999999915e+03
8.955000000000000071e+00 1.126846727999999942e+01 1.851715105999999878e+03 1.945618999999999915e+03
8.959999999999999076e+00 1.120625352000000063e+01 1.852233553999999913e+03 1.945618999999999915e+03
8.964999999999999858e+00 1.125698735999999833e+01 1.851810771999999815e+03 1.945618999999999915e+03
8.969999999999998863e+00 1.121180831999999938e+01 1.852187263999999914e+03 1.945618999999999915e+03
8.974999999999999645e+00 1.120625352000000063e+01 1.852233553999999913e+03 1.945618999999999915e+03
8.979999999999998650e+00 1.122328824000000047e+01 1.852091597999999976e+03 1.945618999999999915e+03
8.984999999999999432e+00 1.128513167999999922e+01 1.851576235999999881e+03 1.945618999999999915e+03
8.990000000000000213e+00 1.126254215999999886e+01 1.851764481999999816e+03 1.945618999999999915e+03
8.994999999999999218e+00 1.127402207999999995e+01 1.851668815999999879e+03 1.945618999999999915e+03
9.000000000000000000e+00 1.125698735999999833e+01 1.851810771999999815e+03 1.945618999999999915e+03
9.004999999999999005e+00 1.127957688000000047e+01 1.851622525999999880e+03 1.945618999999999915e+03
9.009999999999999787e+00 1.125698735999999833e+01 1.851810771999999815e+03 1.945618999999999915e+03
9.014999999999998792e+00 1.128513167999999922e+01 1.851576235999999881e+03 1.945618999999999915e+03
9.019999999999999574e+00 1.121736311999999813e+01 1.852140973999999915e+03 1.945618999999999915e+03
9.025000000000000355e+00 1.127402207999999995e+01 1.851668815999999879e+03 1.945618999999999915e+03
9.029999999999999361e+00 1.124587775999999906e+01 1.851903351999999813e+03 1.945618999999999915e+03
9.035000000000000142e+00 1.127402207999999995e+01 1.851668815999999879e+03 1.945618999999999915e+03
9.039999999999999147e+00 1.121736311999999813e+01 1.852140973999999915e+03 1.945618999999999915e+03
9.044999999999999929e+00 1.125698735999999833e+01 1.851810771999999815e+03 1.945618999999999915e+03
9.049999999999998934e+00 1.125143255999999958e+01 1.851857061999999814e+03 1.945618999999999915e+03
9.054999999999999716e+00 1.123439783999999797e+01 1.851999017999999978e+03 1.945618999999999915e+03
9.059999999999998721e+00 1.120032839999999830e+01 1.852282929999999851e+03 1.945618999999999915e+03
9.064999999999999503e+00 1.121736311999999813e+01 1.852140973999999915e+03 1.945618999999999915e+03
9.070000000000000284e+00 1.124587775999999906e+01 1.851903351999999813e+03 1.945618999999999915e+03
9.074999999999999289e+00 1.123439783999999797e+01 1.851999017999999978e+03 1.945618999999999915e+03
9.080000000000000071e+00 1.120032839999999830e+01 1.852282929999999851e+03 1.945618999999999915e+03
9.084999999999999076e+00 1.128513167999999922e+01 1.851576235999999881e+03 1.945618999999999915e+03
9.089999999999999858e+00 1.121736311999999813e+01 1.852140973999999915e+03 1.945618999999999915e+03
9.094999999999998863e+00 1.117773887999999971e+01 1.852471176000000014e+03 1.945618999999999915e+03
9.099999999999999645e+00 1.118366400000000027e+01 1.852421799999999848e+03 1.945618999999999915e+03
9.104999999999998650e+00 1.122884303999999922e+01 1.852045307999999977e+03 1.945618999999999915e+03
9.109999999999999432e+00 1.121736311999999813e+01 1.852140973999999915e+03 1.945618999999999915e+03
9.115000000000000213e+00 1.117218407999999918e+01 1.852517466000000013e+03 1.945618999999999915e+03
9.119999999999999218e+00 1.120032839999999830e+01 1.852282929999999851e+03 1.945618999999999915e+03
9.125000000000000000e+00 1.120625352000000063e+01 1.852233553999999913e+03 1.945618999999999915e+03
9.129999999999999005e+00 1.121180831999999938e+01 1.852187263999999914e+03 1.945618999999999915e+03
9.134999999999999787e+00 1.120625352000000063e+01 1.852233553999999913e+03 1.945618999999999915e+03
9.139999999999998792e+00 1.121736311999999813e+01 1.852140973999999915e+03 1.945618999999999915e+03
9.144999999999999574e+00 1.120032839999999830e+01 1.852282929999999851e+03 1.945618999999999915e+03
9.150000000000000355e+00 1.118366400000000027e+01 1.852421799999999848e+03 1.945618999999999915e+03
9.154999999999999361e+00 1.117773887999999971e+01 1.852471176000000014e+03 1.945618999999999915e+03
9.160000000000000142e+00 1.114403975999999830e+01 1.852752001999999948e+03 1.945618999999999915e+03
9.164999999999999147e+00 1.112700503999999846e+01 1.852893957999999884e+03 1.945618999999999915e+03
9.169999999999999929e+00 1.116662927999999866e+01 1.852563756000000012e+03 1.945618999999999915e+03
9.174999999999998934e+00 1.118366400000000027e+01 1.852421799999999848e+03 1.945618999999999915e+03
9.179999999999999716e+00 1.118921879999999902e+01 1.852375509999999849e+03 1.945618999999999915e+03
9.184999999999998721e+00 1.117773887999999971e+01 1.852471176000000014e+03 1.945618999999999915e+03
9.189999999999999503e+00 1.121180831999999938e+01 1.852187263999999914e+03 1.945618999999999915e+03
9.195000000000000284e+00 1.123995263999999850e+01 1.851952727999999979e+03 1.945618999999999915e+03
9.199999999999999289e+00 1.119477359999999955e+01 1.852329219999999850e+03 1.945618999999999915e+03
9.205000000000000071e+00 1.120032839999999830e+01 1.852282929999999851e+03 1.945618999999999915e+03
9.209999999999999076e+00 1.110997031999999862e+01 1.853035913999999821e+03 1.945618999999999915e+03
9.214999999999999858e+00 1.117218407999999918e+01 1.852517466000000013e+03 1.945618999999999915e+03
9.219999999999998863e+00 1.121736311999999813e+01 1.852140973999999915e+03 1.945618999999999915e+03
9.224999999999999645e+00 1.118921879999999902e+01 1.852375509999999849e+03 1.945618999999999915e+03
9.229999999999998650e+00 1.119477359999999955e+01 1.852329219999999850e+03 1.945618999999999915e+03
9.234999999999999432e+00 1.122884303999999922e+01 1.852045307999999977e+03 1.945618999999999915e+03
9.240000000000000213e+00 1.122328824000000047e+01 1.852091597999999976e+03 1.945618999999999915e+03
9.244999999999999218e+00 1.118366400000000027e+01 1.852421799999999848e+03 1.945618999999999915e+03
9.250000000000000000e+00 1.122328824000000047e+01 1.852091597999999976e+03 1.945618999999999915e+03
9.254999999999999005e+00 1.121736311999999813e+01 1.852140973999999915e+03 1.945618999999999915e+03
9.259999999999999787e+00 1.118366400000000027e+01 1.852421799999999848e+03 1.945618999999999915e+03
9.264999999999998792e+00 1.121180831999999938e+01 1.852187263999999914e+03 1.945618999999999915e+03
9.269999999999999574e+00 1.121180831999999938e+01 1.852187263999999914e+03 1.945618999999999915e+03
9.275000000000000355e+00 1.120625352000000063e+01 1.852233553999999913e+03 1.945618999999999915e+03
9.279999999999999361e+00 1.120032839999999830e+01 1.852282929999999851e+03 1.945618999999999915e+03
9.285000000000000142e+00 1.116662927999999866e+01 1.852563756000000012e+03 1.945618999999999915e+03
9.289999999999999147e+00 1.117218407999999918e+01 1.852517466000000013e+03 1.945618999999999915e+03
9.294999999999999929e+00 1.122884303999999922e+01 1.852045307999999977e+03 1.945618999999999915e+03
9.299999999999998934e+00 1.122328824000000047e+01 1.852091597999999976e+03 1.945618999999999915e+03
9.304999999999999716e+00 1.118366400000000027e+01 1.852421799999999848e+03 1.945618999999999915e+03
9.309999999999998721e+00 1.120625352000000063e+01 1.852233553999999913e+03 1.945618999999999915e+03
9.314999999999999503e+00 1.116662927999999866e+01 1.852563756000000012e+03 1.945618999999999915e+03
9.320000000000000284e+00 1.118921879999999902e+01 1.852375509999999849e+03 1.945618999999999915e+03
9.324999999999999289e+00 1.117218407999999918e+01 1.852517466000000013e+03 1.945618999999999915e+03
9.330000000000000071e+00 1.116662927999999866e+01 1.852563756000000012e+03 1.945618999999999915e+03
9.334999999999999076e+00 1.110997031999999862e+01 1.853035913999999821e+03 1.945618999999999915e+03
9.339999999999999858e+00 1.119477359999999955e+01 1.852329219999999850e+03 1.945618999999999915e+03
9.344999999999998863e+00 1.119477359999999955e+01 1.852329219999999850e+03 1.945618999999999915e+03
9.349999999999999645e+00 1.121180831999999938e+01 1.852187263999999914e+03 1.945618999999999915e+03
9.354999999999998650e+00 1.119477359999999955e+01 1.852329219999999850e+03 1.945618999999999915e+03
9.359999999999999432e+00 1.112700503999999846e+01 1.852893957999999884e+03 1.945618999999999915e+03
9.365000000000000213e+00 1.119477359999999955e+01 1.852329219999999850e+03 1.945618999999999915e+03
9.369999999999999218e+00 1.115514935999999935e+01 1.852659421999999950e+03 1.945618999999999915e+03
9.375000000000000000e+00 1.115514935999999935e+01 1.852659421999999950e+03 1.945618999999999915e+03
9.379999999999999005e+00 1.116107447999999991e+01 1.852610046000000011e+03 1.945618999999999915e+03
9.384999999999999787e+00 1.118366400000000027e+01 1.852421799999999848e+03 1.945618999999999915e+03
9.389999999999998792e+00 1.121180831999999938e+01 1.852187263999999914e+03 1.945618999999999915e+03
9.394999999999999574e+00 1.120032839999999830e+01 1.852282929999999851e+03 1.945618999999999915e+03
9.400000000000000355e+00 1.116107447999999991e+01 1.852610046000000011e+03 1.945618999999999915e+03
9.404999999999999361e+00 1.120032839999999830e+01 1.852282929999999851e+03 1.945618999999999915e+03
9.410000000000000142e+00 1.114403975999999830e+01 1.852752001999999948e+03 1.945618999999999915e+03
9.414999999999999147e+00 1.115514935999999935e+01 1.852659421999999950e+03 1.945618999999999915e+03
9.419999999999999929e+00 1.113255983999999899e+01 1.852847667999999885e+03 1.945618999999999915e+03
9.424999999999998934e+00 1.116107447999999991e+01 1.852610046000000011e+03 1.945618999999999915e+03
9.429999999999999716e+00 1.118366400000000027e+01 1.852421799999999848e+03 1.945618999999999915e+03
9.434999999999998721e+00 1.119477359999999955e+01 1.852329219999999850e+03 1.945618999999999915e+03
9.439999999999999503e+00 1.112145023999999793e+01 1.852940247999999883e+03 1.945618999999999915e+03
9.445000000000000284e+00 1.117218407999999918e+01 1.852517466000000013e+03 1.945618999999999915e+03
9.449999999999999289e+00 1.111589543999999918e+01 1.852986537999999882e+03 1.945618999999999915e+03
9.455000000000000071e+00 1.109886071999999935e+01 1.853128493999999819e+03 1.945618999999999915e+03
9.459999999999999076e+00 1.112700503999999846e+01 1.852893957999999884e+03 1.945618999999999915e+03
9.464999999999999858e+00 1.116662927999999866e+01 1.852563756000000012e+03 1.945618999999999915e+03
9.469999999999998863e+00 1.113255983999999899e+01 1.852847667999999885e+03 1.945618999999999915e+03
9.474999999999999645e+00 1.114403975999999830e+01 1.852752001999999948e+03 1.945618999999999915e+03
9.479999999999998650e+00 1.118366400000000027e+01 1.852421799999999848e+03 1.945618999999999915e+03
9.484999999999999432e+00 1.116107447999999991e+01 1.852610046000000011e+03 1.945618999999999915e+03
9.490000000000000213e+00 1.118366400000000027e+01 1.852421799999999848e+03 1.945618999999999915e+03
9.494999999999999218e+00 1.116107447999999991e+01 1.852610046000000011e+03 1.945618999999999915e+03
9.500000000000000000e+00 1.112700503999999846e+01 1.852893957999999884e+03 1.945618999999999915e+03
9.504999999999999005e+00 1.110997031999999862e+01 1.853035913999999821e+03 1.945618999999999915e+03
9.509999999999999787e+00 1.118921879999999902e+01 1.852375509999999849e+03 1.945618999999999915e+03
9.514999999999998792e+00 1.111589543999999918e+01 1.852986537999999882e+03 1.945618999999999915e+03
9.519999999999999574e+00 1.120032839999999830e+01 1.852282929999999851e+03 1.945618999999999915e+03
9.525000000000000355e+00 1.109886071999999935e+01 1.853128493999999819e+03 1.945618999999999915e+03
9.529999999999999361e+00 1.114403975999999830e+01 1.852752001999999948e+03 1.945618999999999915e+03
9.535000000000000142e+00 1.118366400000000027e+01 1.852421799999999848e+03 1.945618999999999915e+03
9.539999999999999147e+00 1.113848495999999955e+01 1.852798291999999947e+03 1.945618999999999915e+03
9.544999999999999929e+00 1.114959455999999882e+01 1.852705711999999949e+03 1.945618999999999915e+03
9.549999999999998934e+00 1.118366400000000027e+01 1.852421799999999848e+03 1.945618999999999915e+03
9.554999999999999716e+00 1.113848495999999955e+01 1.852798291999999947e+03 1.945618999999999915e+03
9.559999999999998721e+00 1.113848495999999955e+01 1.852798291999999947e+03 1.945618999999999915e+03
9.564999999999999503e+00 1.114959455999999882e+01 1.852705711999999949e+03 1.945618999999999915e+03
9.570000000000000284e+00 1.113255983999999899e+01 1.852847667999999885e+03 1.945618999999999915e+03
9.574999999999999289e+00 1.113255983999999899e+01 1.852847667999999885e+03 1.945618999999999915e+03
9.580000000000000071e+00 1.114959455999999882e+01 1.852705711999999949e+03 1.945618999999999915e+03
9.584999999999999076e+00 1.114403975999999830e+01 1.852752001999999948e+03 1.945618999999999915e+03
9.589999999999999858e+00 1.110441551999999810e+01 1.853082203999999820e+03 1.945618999999999915e+03
9.594999999999998863e+00 1.110441551999999810e+01 1.853082203999999820e+03 1.945618999999999915e+03
9.599999999999999645e+00 1.117218407999999918e+01 1.852517466000000013e+03 1.945618999999999915e+03
9.604999999999998650e+00 1.114403975999999830e+01 1.852752001999999948e+03 1.945618999999999915e+03
9.609999999999999432e+00 1.116662927999999866e+01 1.852563756000000012e+03 1.945618999999999915e+03
9.615000000000000213e+00 1.119477359999999955e+01 1.852329219999999850e+03 1.945618999999999915e+03
9.619999999999999218e+00 1.110441551999999810e+01 1.853082203999999820e+03 1.945618999999999915e+03
9.625000000000000000e+00 1.110997031999999862e+01 1.853035913999999821e+03 1.945618999999999915e+03
9.629999999999999005e+00 1.110441551999999810e+01 1.853082203999999820e+03 1.945618999999999915e+03
9.634999999999999787e+00 1.103664695999999878e+01 1.853646941999999854e+03 1.945618999999999915e+03
9.639999999999998792e+00 1.111589543999999918e+01 1.852986537999999882e+03 1.945618999999999915e+03
9.644999999999999574e+00 1.112145023999999793e+01 1.852940247999999883e+03 1.945618999999999915e+03
9.650000000000000355e+00 1.110997031999999862e+01 1.853035913999999821e+03 1.945618999999999915e+03
9.654999999999999361e+00 1.112145023999999793e+01 1.852940247999999883e+03 1.945618999999999915e+03
9.660000000000000142e+00 1.109330592000000060e+01 1.853174783999999818e+03 1.945618999999999915e+03
9.664999999999999147e+00 1.110441551999999810e+01 1.853082203999999820e+03 1.945618999999999915e+03
9.669999999999999929e+00 1.103109215999999826e+01 1.853693231999999853e+03 1.945618999999999915e+03
9.674999999999998934e+00 1.108182599999999951e+01 1.853270449999999983e+03 1.945618999999999915e+03
9.679999999999999716e+00 1.108738079999999826e+01 1.853224159999999983e+03 1.945618999999999915e+03
9.684999999999998721e+00 1.101405743999999842e+01 1.853835188000000016e+03 1.945618999999999915e+03
9.689999999999999503e+00 1.112700503999999846e+01 1.852893957999999884e+03 1.945618999999999915e+03
9.695000000000000284e+00 1.116662927999999866e+01 1.852563756000000012e+03 1.945618999999999915e+03
9.699999999999999289e+00 1.106479127999999967e+01 1.853412405999999919e+03 1.945618999999999915e+03
9.705000000000000071e+00 1.106479127999999967e+01 1.853412405999999919e+03 1.945618999999999915e+03
9.709999999999999076e+00 1.107627119999999898e+01 1.853316739999999982e+03 1.945618999999999915e+03
9.714999999999999858e+00 1.109886071999999935e+01 1.853128493999999819e+03 1.945618999999999915e+03
9.719999999999998863e+00 1.109886071999999935e+01 1.853128493999999819e+03 1.945618999999999915e+03
9.724999999999999645e+00 1.109886071999999935e+01 1.853128493999999819e+03 1.945618999999999915e+03
9.729999999999998650e+00 1.108182599999999951e+01 1.853270449999999983e+03 1.945618999999999915e+03
9.734999999999999432e+00 1.107627119999999898e+01 1.853316739999999982e+03 1.945618999999999915e+03
9.740000000000000213e+00 1.110441551999999810e+01 1.853082203999999820e+03 1.945618999999999915e+03
9.744999999999999218e+00 1.110441551999999810e+01 1.853082203999999820e+03 1.945618999999999915e+03
9.750000000000000000e+00 1.110997031999999862e+01 1.853035913999999821e+03 1.945618999999999915e+03
9.754999999999999005e+00 1.110441551999999810e+01 1.853082203999999820e+03 1.945618999999999915e+03
9.759999999999999787e+00 1.109330592000000060e+01 1.853174783999999818e+03 1.945618999999999915e+03
9.764999999999998792e+00 1.107627119999999898e+01 1.853316739999999982e+03 1.945618999999999915e+03
9.769999999999999574e+00 1.107627119999999898e+01 1.853316739999999982e+03 1.945618999999999915e+03
9.775000000000000355e+00 1.108738079999999826e+01 1.853224159999999983e+03 1.945618999999999915e+03
9.779999999999999361e+00 1.107034608000000020e+01 1.853366115999999920e+03 1.945618999999999915e+03
9.785000000000000142e+00 1.108738079999999826e+01 1.853224159999999983e+03 1.945618999999999915e+03
9.789999999999999147e+00 1.107627119999999898e+01 1.853316739999999982e+03 1.945618999999999915e+03
9.794999999999999929e+00 1.111589543999999918e+01 1.852986537999999882e+03 1.945618999999999915e+03
9.799999999999998934e+00 1.107034608000000020e+01 1.853366115999999920e+03 1.945618999999999915e+03
9.804999999999999716e+00 1.110997031999999862e+01 1.853035913999999821e+03 1.945618999999999915e+03
9.809999999999998721e+00 1.104775655999999984e+01 1.853554361999999855e+03 1.945618999999999915e+03
9.814999999999999503e+00 1.108182599999999951e+01 1.853270449999999983e+03 1.945618999999999915e+03
9.820000000000000284e+00 1.108182599999999951e+01 1.853270449999999983e+03 1.945618999999999915e+03
9.824999999999999289e+00 1.107627119999999898e+01 1.853316739999999982e+03 1.945618999999999915e+03
9.830000000000000071e+00 1.106479127999999967e+01 1.853412405999999919e+03 1.945618999999999915e+03
9.834999999999999076e+00 1.108182599999999951e+01 1.853270449999999983e+03 1.945618999999999915e+03
9.839999999999999858e+00 1.104220175999999931e+01 1.853600651999999855e+03 1.945618999999999915e+03
9.844999999999998863e+00 1.105368167999999862e+01 1.853504985999999917e+03 1.945618999999999915e+03
9.849999999999999645e+00 1.108738079999999826e+01 1.853224159999999983e+03 1.945618999999999915e+03
9.854999999999998650e+00 1.100257751999999911e+01 1.853930853999999954e+03 1.945618999999999915e+03
9.859999999999999432e+00 1.107627119999999898e+01 1.853316739999999982e+03 1.945618999999999915e+03
9.865000000000000213e+00 1.102516703999999947e+01 1.853742608000000018e+03 1.945618999999999915e+03
9.869999999999999218e+00 1.105923647999999915e+01 1.853458695999999918e+03 1.945618999999999915e+03
9.875000000000000000e+00 1.104220175999999931e+01 1.853600651999999855e+03 1.945618999999999915e+03
9.879999999999999005e+00 1.105368167999999862e+01 1.853504985999999917e+03 1.945618999999999915e+03
9.884999999999999787e+00 1.102516703999999947e+01 1.853742608000000018e+03 1.945618999999999915e+03
9.889999999999998792e+00 1.103664695999999878e+01 1.853646941999999854e+03 1.945618999999999915e+03
9.894999999999999574e+00 1.103109215999999826e+01 1.853693231999999853e+03 1.945618999999999915e+03
9.900000000000000355e+00 1.104775655999999984e+01 1.853554361999999855e+03 1.945618999999999915e+03
9.904999999999999361e+00 1.104220175999999931e+01 1.853600651999999855e+03 1.945618999999999915e+03
9.910000000000000142e+00 1.099702271999999859e+01 1.853977143999999953e+03 1.945618999999999915e+03
9.914999999999999147e+00 1.105368167999999862e+01 1.853504985999999917e+03 1.945618999999999915e+03
9.919999999999999929e+00 1.103109215999999826e+01 1.853693231999999853e+03 1.945618999999999915e+03
9.924999999999998934e+00 1.107627119999999898e+01 1.853316739999999982e+03 1.945618999999999915e+03
9.929999999999999716e+00 1.110997031999999862e+01 1.853035913999999821e+03 1.945618999999999915e+03
9.934999999999998721e+00 1.106479127999999967e+01 1.853412405999999919e+03 1.945618999999999915e+03
9.939999999999999503e+00 1.102516703999999947e+01 1.853742608000000018e+03 1.945618999999999915e+03
9.945000000000000284e+00 1.106479127999999967e+01 1.853412405999999919e+03 1.945618999999999915e+03
9.949999999999999289e+00 1.103109215999999826e+01 1.853693231999999853e+03 1.945618999999999915e+03
9.955000000000000071e+00 1.103664695999999878e+01 1.853646941999999854e+03 1.945618999999999915e+03
9.959999999999999076e+00 1.103109215999999826e+01 1.853693231999999853e+03 1.945618999999999915e+03
9.964999999999999858e+00 1.107034608000000020e+01 1.853366115999999920e+03 1.945618999999999915e+03
9.969999999999998863e+00 1.098591311999999931e+01 1.854069723999999951e+03 1.945618999999999915e+03
9.974999999999999645e+00 1.103109215999999826e+01 1.853693231999999853e+03 1.945618999999999915e+03
9.979999999999998650e+00 1.101961223999999895e+01 1.853788898000000017e+03 1.945618999999999915e+03
9.984999999999999432e+00 1.104775655999999984e+01 1.853554361999999855e+03 1.945618999999999915e+03
9.990000000000000213e+00 1.096887839999999947e+01 1.854211679999999888e+03 1.945618999999999915e+03
9.994999999999999218e+00 1.102516703999999947e+01 1.853742608000000018e+03 1.945618999999999915e+03
1.000000000000000000e+01 1.101961223999999895e+01 1.853788898000000017e+03 1.945618999999999915e+03
1.000499999999999901e+01 1.104220175999999931e+01 1.853600651999999855e+03 1.945618999999999915e+03
1.000999999999999979e+01 1.102516703999999947e+01 1.853742608000000018e+03 1.945618999999999915e+03
1.001499999999999879e+01 1.111589543999999918e+01 1.852986537999999882e+03 1.945618999999999915e+03
1.001999999999999957e+01 1.103109215999999826e+01 1.853693231999999853e+03 1.945618999999999915e+03
1.002500000000000036e+01 1.105923647999999915e+01 1.853458695999999918e+03 1.945618999999999915e+03
1.002999999999999936e+01 1.103109215999999826e+01 1.853693231999999853e+03 1.945618999999999915e+03
1.003500000000000014e+01 1.096887839999999947e+01 1.854211679999999888e+03 1.945618999999999915e+03
1.003999999999999915e+01 1.098591311999999931e+01 1.854069723999999951e+03 1.945618999999999915e+03
1.004499999999999993e+01 1.105923647999999915e+01 1.853458695999999918e+03 1.945618999999999915e+03
1.004999999999999893e+01 1.107627119999999898e+01 1.853316739999999982e+03 1.945618999999999915e+03
1.005499999999999972e+01 1.103109215999999826e+01 1.853693231999999853e+03 1.945618999999999915e+03
1.005999999999999872e+01 1.095739848000000016e+01 1.854307345999999825e+03 1.945618999999999915e+03
1.006499999999999950e+01 1.106479127999999967e+01 1.853412405999999919e+03 1.945618999999999915e+03
1.007000000000000028e+01 1.101405743999999842e+01 1.853835188000000016e+03 1.945618999999999915e+03
1.007499999999999929e+01 1.100257751999999911e+01 1.853930853999999954e+03 1.945618999999999915e+03
1.008000000000000007e+01 1.104220175999999931e+01 1.853600651999999855e+03 1.945618999999999915e+03
1.008499999999999908e+01 1.106479127999999967e+01 1.853412405999999919e+03 1.945618999999999915e+03
1.008999999999999986e+01 1.104775655999999984e+01 1.853554361999999855e+03 1.945618999999999915e+03
1.009499999999999886e+01 1.104220175999999931e+01 1.853600651999999855e+03 1.945618999999999915e+03
1.009999999999999964e+01 1.100850263999999790e+01 1.853881478000000016e+03 1.945618999999999915e+03
1.010499999999999865e+01 1.101405743999999842e+01 1.853835188000000016e+03 1.945618999999999915e+03
1.010999999999999943e+01 1.101405743999999842e+01 1.853835188000000016e+03 1.945618999999999915e+03
1.011500000000000021e+01 1.104220175999999931e+01 1.853600651999999855e+03 1.945618999999999915e+03
1.011999999999999922e+01 1.101405743999999842e+01 1.853835188000000016e+03 1.945618999999999915e+03
1.012500000000000000e+01 1.101961223999999895e+01 1.853788898000000017e+03 1.945618999999999915e+03
1.012999999999999901e+01 1.104775655999999984e+01 1.853554361999999855e+03 1.945618999999999915e+03
1.013499999999999979e+01 1.100850263999999790e+01 1.853881478000000016e+03 1.945618999999999915e+03
1.013999999999999879e+01 1.103664695999999878e+01 1.853646941999999854e+03 1.945618999999999915e+03
1.014499999999999957e+01 1.100850263999999790e+01 1.853881478000000016e+03 1.945618999999999915e+03
1.015000000000000036e+01 1.094073407999999858e+01 1.854446215999999822e+03 1.945618999999999915e+03
1.015499999999999936e+01 1.095184367999999964e+01 1.854353635999999824e+03 1.945618999999999915e+03
1.016000000000000014e+01 1.099702271999999859e+01 1.853977143999999953e+03 1.945618999999999915e+03
1.016499999999999915e+01 1.099702271999999859e+01 1.853977143999999953e+03 1.945618999999999915e+03
1.016999999999999993e+01 1.101961223999999895e+01 1.853788898000000017e+03 1.945618999999999915e+03
1.017499999999999893e+01 1.096887839999999947e+01 1.854211679999999888e+03 1.945618999999999915e+03
1.017999999999999972e+01 1.100850263999999790e+01 1.853881478000000016e+03 1.945618999999999915e+03
1.018499999999999872e+01 1.100257751999999911e+01 1.853930853999999954e+03 1.945618999999999915e+03
1.018999999999999950e+01 1.100850263999999790e+01 1.853881478000000016e+03 1.945618999999999915e+03
1.019500000000000028e+01 1.099146791999999806e+01 1.854023433999999952e+03 1.945618999999999915e+03
1.019999999999999929e+01 1.097443319999999822e+01 1.854165389999999888e+03 1.945618999999999915e+03
1.020500000000000007e+01 1.096332359999999895e+01 1.854257969999999887e+03 1.945618999999999915e+03
1.020999999999999908e+01 1.096332359999999895e+01 1.854257969999999887e+03 1.945618999999999915e+03
1.021499999999999986e+01 1.101961223999999895e+01 1.853788898000000017e+03 1.945618999999999915e+03
1.021999999999999886e+01 1.096887839999999947e+01 1.854211679999999888e+03 1.945618999999999915e+03
1.022499999999999964e+01 1.095184367999999964e+01 1.854353635999999824e+03 1.945618999999999915e+03
1.022999999999999865e+01 1.096332359999999895e+01 1.854257969999999887e+03 1.945618999999999915e+03
1.023499999999999943e+01 1.092925415999999927e+01 1.854541881999999987e+03 1.945618999999999915e+03
1.024000000000000021e+01 1.094628887999999911e+01 1.854399925999999823e+03 1.945618999999999915e+03
1.024499999999999922e+01 1.096332359999999895e+01 1.854257969999999887e+03 1.945618999999999915e+03
1.025000000000000000e+01 1.099702271999999859e+01 1.853977143999999953e+03 1.945618999999999915e+03
1.025499999999999901e+01 1.100257751999999911e+01 1.853930853999999954e+03 1.945618999999999915e+03
1.025999999999999979e+01 1.099702271999999859e+01 1.853977143999999953e+03 1.945618999999999915e+03
1.026499999999999879e+01 1.096887839999999947e+01 1.854211679999999888e+03 1.945618999999999915e+03
1.026999999999999957e+01 1.096887839999999947e+01 1.854211679999999888e+03 1.945618999999999915e+03
1.027500000000000036e+01 1.091777423999999996e+01 1.854637547999999924e+03 1.945618999999999915e+03
1.027999999999999936e+01 1.100257751999999911e+01 1.853930853999999954e+03 1.945618999999999915e+03
1.028500000000000014e+01 1.094628887999999911e+01 1.854399925999999823e+03 1.945618999999999915e+03
1.028999999999999915e+01 1.100257751999999911e+01 1.853930853999999954e+03 1.945618999999999915e+03
1.029499999999999993e+01 1.101961223999999895e+01 1.853788898000000017e+03 1.945618999999999915e+03
1.029999999999999893e+01 1.099702271999999859e+01 1.853977143999999953e+03 1.945618999999999915e+03
1.030499999999999972e+01 1.094628887999999911e+01 1.854399925999999823e+03 1.945618999999999915e+03
1.030999999999999872e+01 1.088962991999999907e+01 1.854872083999999859e+03 1.945618999999999915e+03
1.031499999999999950e+01 1.092925415999999927e+01 1.854541881999999987e+03 1.945618999999999915e+03
1.032000000000000028e+01 1.091777423999999996e+01 1.854637547999999924e+03 1.945618999999999915e+03
1.032499999999999929e+01 1.086148559999999819e+01 1.855106620000000021e+03 1.945618999999999915e+03
1.033000000000000007e+01 1.097443319999999822e+01 1.854165389999999888e+03 1.945618999999999915e+03
1.033499999999999908e+01 1.099146791999999806e+01 1.854023433999999952e+03 1.945618999999999915e+03
1.033999999999999986e+01 1.096887839999999947e+01 1.854211679999999888e+03 1.945618999999999915e+03
1.034499999999999886e+01 1.095184367999999964e+01 1.854353635999999824e+03 1.945618999999999915e+03
1.034999999999999964e+01 1.090110983999999839e+01 1.854776417999999921e+03 1.945618999999999915e+03
1.035499999999999865e+01 1.091221943999999944e+01 1.854683837999999923e+03 1.945618999999999915e+03
1.035999999999999943e+01 1.088407511999999855e+01 1.854918373999999858e+03 1.945618999999999915e+03
1.036500000000000021e+01 1.096887839999999947e+01 1.854211679999999888e+03 1.945618999999999915e+03
1.036999999999999922e+01 1.093480895999999980e+01 1.854495591999999988e+03 1.945618999999999915e+03
1.037500000000000000e+01 1.097998799999999875e+01 1.854119099999999889e+03 1.945618999999999915e+03
1.037999999999999901e+01 1.099146791999999806e+01 1.854023433999999952e+03 1.945618999999999915e+03
1.038499999999999979e+01 1.094628887999999911e+01 1.854399925999999823e+03 1.945618999999999915e+03
1.038999999999999879e+01 1.091221943999999944e+01 1.854683837999999923e+03 1.945618999999999915e+03
1.039499999999999957e+01 1.094073407999999858e+01 1.854446215999999822e+03 1.945618999999999915e+03
1.040000000000000036e+01 1.090666463999999891e+01 1.854730127999999922e+03 1.945618999999999915e+03
1.040499999999999936e+01 1.092369935999999875e+01 1.854588171999999986e+03 1.945618999999999915e+03
1.041000000000000014e+01 1.091777423999999996e+01 1.854637547999999924e+03 1.945618999999999915e+03
1.041499999999999915e+01 1.095739848000000016e+01 1.854307345999999825e+03 1.945618999999999915e+03
1.041999999999999993e+01 1.094073407999999858e+01 1.854446215999999822e+03 1.945618999999999915e+03
1.042499999999999893e+01 1.091777423999999996e+01 1.854637547999999924e+03 1.945618999999999915e+03
1.042999999999999972e+01 1.092925415999999927e+01 1.854541881999999987e+03 1.945618999999999915e+03
1.043499999999999872e+01 1.093480895999999980e+01 1.854495591999999988e+03 1.945618999999999915e+03
1.043999999999999950e+01 1.096332359999999895e+01 1.854257969999999887e+03 1.945618999999999915e+03
1.044500000000000028e+01 1.094073407999999858e+01 1.854446215999999822e+03 1.945618999999999915e+03
1.044999999999999929e+01 1.086704039999999871e+01 1.855060330000000022e+03 1.945618999999999915e+03
1.045500000000000007e+01 1.092369935999999875e+01 1.854588171999999986e+03 1.945618999999999915e+03
1.045999999999999908e+01 1.092925415999999927e+01 1.854541881999999987e+03 1.945618999999999915e+03
1.046499999999999986e+01 1.090666463999999891e+01 1.854730127999999922e+03 1.945618999999999915e+03
1.046999999999999886e+01 1.091221943999999944e+01 1.854683837999999923e+03 1.945618999999999915e+03
1.047499999999999964e+01 1.090110983999999839e+01 1.854776417999999921e+03 1.945618999999999915e+03
1.047999999999999865e+01 1.087852031999999802e+01 1.854964663999999857e+03 1.945618999999999915e+03
1.048499999999999943e+01 1.095184367999999964e+01 1.854353635999999824e+03 1.945618999999999915e+03
1.049000000000000021e+01 1.095184367999999964e+01 1.854353635999999824e+03 1.945618999999999915e+03
1.049499999999999922e+01 1.093480895999999980e+01 1.854495591999999988e+03 1.945618999999999915e+03
1.050000000000000000e+01 1.090666463999999891e+01 1.854730127999999922e+03 1.945618999999999915e+03
1.050499999999999901e+01 1.089518471999999960e+01 1.854825793999999860e+03 1.945618999999999915e+03
1.050999999999999979e+01 1.087852031999999802e+01 1.854964663999999857e+03 1.945618999999999915e+03
1.051499999999999879e+01 1.085000567999999888e+01 1.855202285999999958e+03 1.945618999999999915e+03
1.051999999999999957e+01 1.088407511999999855e+01 1.854918373999999858e+03 1.945618999999999915e+03
1.052500000000000036e+01 1.090666463999999891e+01 1.854730127999999922e+03 1.945618999999999915e+03
1.052999999999999936e+01 1.093480895999999980e+01 1.854495591999999988e+03 1.945618999999999915e+03
1.053500000000000014e+01 1.088962991999999907e+01 1.854872083999999859e+03 1.945618999999999915e+03
1.053999999999999915e+01 1.089518471999999960e+01 1.854825793999999860e+03 1.945618999999999915e+03
1.054499999999999993e+01 1.093480895999999980e+01 1.854495591999999988e+03 1.945618999999999915e+03
1.054999999999999893e+01 1.092925415999999927e+01 1.854541881999999987e+03 1.945618999999999915e+03
1.055499999999999972e+01 1.090110983999999839e+01 1.854776417999999921e+03 1.945618999999999915e+03
1.055999999999999872e+01 1.098591311999999931e+01 1.854069723999999951e+03 1.945618999999999915e+03
1.056499999999999950e+01 1.094073407999999858e+01 1.854446215999999822e+03 1.945618999999999915e+03
1.057000000000000028e+01 1.092925415999999927e+01 1.854541881999999987e+03 1.945618999999999915e+03
1.057499999999999929e+01 1.094073407999999858e+01 1.854446215999999822e+03 1.945618999999999915e+03
1.058000000000000007e+01 1.088407511999999855e+01 1.854918373999999858e+03 1.945618999999999915e+03
1.058499999999999908e+01 1.090666463999999891e+01 1.854730127999999922e+03 1.945618999999999915e+03
1.058999999999999986e+01 1.094628887999999911e+01 1.854399925999999823e+03 1.945618999999999915e+03
1.059499999999999886e+01 1.095184367999999964e+01 1.854353635999999824e+03 1.945618999999999915e+03
1.059999999999999964e+01 1.095184367999999964e+01 1.854353635999999824e+03 1.945618999999999915e+03
1.060499999999999865e+01 1.088962991999999907e+01 1.854872083999999859e+03 1.945618999999999915e+03
1.060999999999999943e+01 1.091777423999999996e+01 1.854637547999999924e+03 1.945618999999999915e+03
1.061500000000000021e+01 1.090666463999999891e+01 1.854730127999999922e+03 1.945618999999999915e+03
1.061999999999999922e+01 1.090110983999999839e+01 1.854776417999999921e+03 1.945618999999999915e+03
1.062500000000000000e+01 1.095739848000000016e+01 1.854307345999999825e+03 1.945618999999999915e+03
1.062999999999999901e+01 1.095184367999999964e+01 1.854353635999999824e+03 1.945618999999999915e+03
1.063499999999999979e+01 1.084445088000000013e+01 1.855248575999999957e+03 1.945618999999999915e+03
1.063999999999999879e+01 1.087852031999999802e+01 1.854964663999999857e+03 1.945618999999999915e+03
1.064499999999999957e+01 1.087852031999999802e+01 1.854964663999999857e+03 1.945618999999999915e+03
1.065000000000000036e+01 1.088962991999999907e+01 1.854872083999999859e+03 1.945618999999999915e+03
1.065499999999999936e+01 1.087259519999999924e+01 1.855014040000000023e+03 1.945618999999999915e+03
1.066000000000000014e+01 1.087852031999999802e+01 1.854964663999999857e+03 1.945618999999999915e+03
1.066499999999999915e+01 1.085000567999999888e+01 1.855202285999999958e+03 1.945618999999999915e+03
1.066999999999999993e+01 1.085593079999999944e+01 1.855152910000000020e+03 1.945618999999999915e+03
1.067499999999999893e+01 1.082186135999999976e+01 1.855436821999999893e+03 1.945618999999999915e+03
1.067999999999999972e+01 1.086704039999999871e+01 1.855060330000000022e+03 1.945618999999999915e+03
1.068499999999999872e+01 1.086704039999999871e+01 1.855060330000000022e+03 1.945618999999999915e+03
1.068999999999999950e+01 1.090110983999999839e+01 1.854776417999999921e+03 1.945618999999999915e+03
1.069500000000000028e+01 1.088407511999999855e+01 1.854918373999999858e+03 1.945618999999999915e+03
1.069999999999999929e+01 1.084445088000000013e+01 1.855248575999999957e+03 1.945618999999999915e+03
1.070500000000000007e+01 1.087259519999999924e+01 1.855014040000000023e+03 1.945618999999999915e+03
1.070999999999999908e+01 1.092925415999999927e+01 1.854541881999999987e+03 1.945618999999999915e+03
1.071499999999999986e+01 1.086704039999999871e+01 1.855060330000000022e+03 1.945618999999999915e+03
1.071999999999999886e+01 1.087852031999999802e+01 1.854964663999999857e+03 1.945618999999999915e+03
1.072499999999999964e+01 1.083889607999999960e+01 1.855294865999999956e+03 1.945618999999999915e+03
1.072999999999999865e+01 1.086148559999999819e+01 1.855106620000000021e+03 1.945618999999999915e+03
1.073499999999999943e+01 1.086704039999999871e+01 1.855060330000000022e+03 1.945618999999999915e+03
1.074000000000000021e+01 1.085000567999999888e+01 1.855202285999999958e+03 1.945618999999999915e+03
1.074499999999999922e+01 1.088962991999999907e+01 1.854872083999999859e+03 1.945618999999999915e+03
1.075000000000000000e+01 1.083334127999999907e+01 1.855341155999999955e+03 1.945618999999999915e+03
1.075499999999999901e+01 1.085000567999999888e+01 1.855202285999999958e+03 1.945618999999999915e+03
1.075999999999999979e+01 1.083334127999999907e+01 1.855341155999999955e+03 1.945618999999999915e+03
1.076499999999999879e+01 1.087259519999999924e+01 1.855014040000000023e+03 1.945618999999999915e+03
1.076999999999999957e+01 1.086148559999999819e+01 1.855106620000000021e+03 1.945618999999999915e+03
1.077500000000000036e+01 1.089518471999999960e+01 1.854825793999999860e+03 1.945618999999999915e+03
1.077999999999999936e+01 1.086148559999999819e+01 1.855106620000000021e+03 1.945618999999999915e+03
1.078500000000000014e+01 1.090110983999999839e+01 1.854776417999999921e+03 1.945618999999999915e+03
1.078999999999999915e+01 1.089518471999999960e+01 1.854825793999999860e+03 1.945618999999999915e+03
1.079499999999999993e+01 1.087259519999999924e+01 1.855014040000000023e+03 1.945618999999999915e+03
1.079999999999999893e+01 1.086704039999999871e+01 1.855060330000000022e+03 1.945618999999999915e+03
1.080499999999999972e+01 1.086148559999999819e+01 1.855106620000000021e+03 1.945618999999999915e+03
1.080999999999999872e+01 1.083334127999999907e+01 1.855341155999999955e+03 1.945618999999999915e+03
1.081499999999999950e+01 1.087259519999999924e+01 1.855014040000000023e+03 1.945618999999999915e+03
1.082000000000000028e+01 1.088407511999999855e+01 1.854918373999999858e+03 1.945618999999999915e+03
1.082499999999999929e+01 1.081630655999999924e+01 1.855483111999999892e+03 1.945618999999999915e+03
1.083000000000000007e+01 1.082186135999999976e+01 1.855436821999999893e+03 1.945618999999999915e+03
1.083499999999999908e+01 1.085593079999999944e+01 1.855152910000000020e+03 1.945618999999999915e+03
1.083999999999999986e+01 1.081630655999999924e+01 1.855483111999999892e+03 1.945618999999999915e+03
1.084499999999999886e+01 1.083334127999999907e+01 1.855341155999999955e+03 1.945618999999999915e+03
1.084999999999999964e+01 1.086704039999999871e+01 1.855060330000000022e+03 1.945618999999999915e+03
1.085499999999999865e+01 1.089518471999999960e+01 1.854825793999999860e+03 1.945618999999999915e+03
1.085999999999999943e+01 1.083334127999999907e+01 1.855341155999999955e+03 1.945618999999999915e+03
1.086500000000000021e+01 1.086704039999999871e+01 1.855060330000000022e+03 1.945618999999999915e+03
1.086999999999999922e+01 1.086148559999999819e+01 1.855106620000000021e+03 1.945618999999999915e+03
1.087500000000000000e+01 1.078779192000000009e+01 1.855720733999999993e+03 1.945618999999999915e+03
1.087999999999999901e+01 1.084445088000000013e+01 1.855248575999999957e+03 1.945618999999999915e+03
1.088499999999999979e+01 1.091221943999999944e+01 1.854683837999999923e+03 1.945618999999999915e+03
1.088999999999999879e+01 1.087852031999999802e+01 1.854964663999999857e+03 1.945618999999999915e+03
1.089499999999999957e+01 1.090666463999999891e+01 1.854730127999999922e+03 1.945618999999999915e+03
1.090000000000000036e+01 1.086704039999999871e+01 1.855060330000000022e+03 1.945618999999999915e+03
1.090499999999999936e+01 1.081075175999999871e+01 1.855529401999999891e+03 1.945618999999999915e+03
1.091000000000000014e+01 1.085593079999999944e+01 1.855152910000000020e+03 1.945618999999999915e+03
1.091499999999999915e+01 1.084445088000000013e+01 1.855248575999999957e+03 1.945618999999999915e+03
1.091999999999999993e+01 1.085000567999999888e+01 1.855202285999999958e+03 1.945618999999999915e+03
1.092499999999999893e+01 1.081075175999999871e+01 1.855529401999999891e+03 1.945618999999999915e+03
1.092999999999999972e+01 1.084445088000000013e+01 1.855248575999999957e+03 1.945618999999999915e+03
1.093499999999999872e+01 1.083889607999999960e+01 1.855294865999999956e+03 1.945618999999999915e+03
1.093999999999999950e+01 1.083889607999999960e+01 1.855294865999999956e+03 1.945618999999999915e+03
1.094500000000000028e+01 1.084445088000000013e+01 1.855248575999999957e+03 1.945618999999999915e+03
1.094999999999999929e+01 1.080482663999999993e+01 1.855578777999999829e+03 1.945618999999999915e+03
1.095500000000000007e+01 1.083889607999999960e+01 1.855294865999999956e+03 1.945618999999999915e+03
1.095999999999999908e+01 1.087852031999999802e+01 1.854964663999999857e+03 1.945618999999999915e+03
1.096499999999999986e+01 1.087259519999999924e+01 1.855014040000000023e+03 1.945618999999999915e+03
1.096999999999999886e+01 1.081630655999999924e+01 1.855483111999999892e+03 1.945618999999999915e+03
1.097499999999999964e+01 1.081630655999999924e+01 1.855483111999999892e+03 1.945618999999999915e+03
1.097999999999999865e+01 1.075964759999999920e+01 1.855955269999999928e+03 1.945618999999999915e+03
1.098499999999999943e+01 1.077668231999999904e+01 1.855813313999999991e+03 1.945618999999999915e+03
1.099000000000000021e+01 1.086148559999999819e+01 1.855106620000000021e+03 1.945618999999999915e+03
1.099499999999999922e+01 1.082186135999999976e+01 1.855436821999999893e+03 1.945618999999999915e+03
1.100000000000000000e+01 1.082186135999999976e+01 1.855436821999999893e+03 1.945618999999999915e+03
1.100499999999999901e+01 1.086148559999999819e+01 1.855106620000000021e+03 1.945618999999999915e+03
1.100999999999999979e+01 1.082741616000000029e+01 1.855390531999999894e+03 1.945618999999999915e+03
1.101499999999999879e+01 1.078223711999999956e+01 1.855767023999999992e+03 1.945618999999999915e+03
1.101999999999999957e+01 1.083334127999999907e+01 1.855341155999999955e+03 1.945618999999999915e+03
1.102500000000000036e+01 1.081630655999999924e+01 1.855483111999999892e+03 1.945618999999999915e+03
1.102999999999999936e+01 1.084445088000000013e+01 1.855248575999999957e+03 1.945618999999999915e+03
1.103500000000000014e+01 1.084445088000000013e+01 1.855248575999999957e+03 1.945618999999999915e+03
1.103999999999999915e+01 1.080482663999999993e+01 1.855578777999999829e+03 1.945618999999999915e+03
1.104499999999999993e+01 1.082741616000000029e+01 1.855390531999999894e+03 1.945618999999999915e+03
1.104999999999999893e+01 1.083889607999999960e+01 1.855294865999999956e+03 1.945618999999999915e+03
1.105499999999999972e+01 1.080482663999999993e+01 1.855578777999999829e+03 1.945618999999999915e+03
1.105999999999999872e+01 1.079927183999999940e+01 1.855625067999999828e+03 1.945618999999999915e+03
1.106499999999999950e+01 1.081630655999999924e+01 1.855483111999999892e+03 1.945618999999999915e+03
1.107000000000000028e+01 1.082186135999999976e+01 1.855436821999999893e+03 1.945618999999999915e+03
1.107499999999999929e+01 1.079927183999999940e+01 1.855625067999999828e+03 1.945618999999999915e+03
1.108000000000000007e+01 1.082186135999999976e+01 1.855436821999999893e+03 1.945618999999999915e+03
1.108499999999999908e+01 1.082186135999999976e+01 1.855436821999999893e+03 1.945618999999999915e+03
1.108999999999999986e+01 1.075964759999999920e+01 1.855955269999999928e+03 1.945618999999999915e+03
1.109499999999999886e+01 1.075409279999999868e+01 1.856001559999999927e+03 1.945618999999999915e+03
1.109999999999999964e+01 1.078779192000000009e+01 1.855720733999999993e+03 1.945618999999999915e+03
1.110499999999999865e+01 1.080482663999999993e+01 1.855578777999999829e+03 1.945618999999999915e+03
1.110999999999999943e+01 1.081630655999999924e+01 1.855483111999999892e+03 1.945618999999999915e+03
1.111500000000000021e+01 1.074853799999999815e+01 1.856047849999999926e+03 1.945618999999999915e+03
1.111999999999999922e+01 1.078779192000000009e+01 1.855720733999999993e+03 1.945618999999999915e+03
1.112500000000000000e+01 1.081075175999999871e+01 1.855529401999999891e+03 1.945618999999999915e+03
1.112999999999999901e+01 1.077112751999999851e+01 1.855859603999999990e+03 1.945618999999999915e+03
1.113499999999999979e+01 1.068632423999999936e+01 1.856566297999999961e+03 1.945618999999999915e+03
1.113999999999999879e+01 1.073150328000000009e+01 1.856189805999999862e+03 1.945618999999999915e+03
1.114499999999999957e+01 1.075964759999999920e+01 1.855955269999999928e+03 1.945618999999999915e+03
1.115000000000000036e+01 1.073150328000000009e+01 1.856189805999999862e+03 1.945618999999999915e+03
1.115499999999999936e+01 1.078779192000000009e+01 1.855720733999999993e+03 1.945618999999999915e+03
1.116000000000000014e+01 1.074853799999999815e+01 1.856047849999999926e+03 1.945618999999999915e+03
1.116499999999999915e+01 1.079371703999999887e+01 1.855671357999999827e+03 1.945618999999999915e+03
1.116999999999999993e+01 1.080482663999999993e+01 1.855578777999999829e+03 1.945618999999999915e+03
1.117499999999999893e+01 1.075409279999999868e+01 1.856001559999999927e+03 1.945618999999999915e+03
1.117999999999999972e+01 1.076520239999999973e+01 1.855908979999999929e+03 1.945618999999999915e+03
1.118499999999999872e+01 1.072594847999999956e+01 1.856236095999999861e+03 1.945618999999999915e+03
1.118999999999999950e+01 1.072002336000000078e+01 1.856285471999999800e+03 1.945618999999999915e+03
1.119500000000000028e+01 1.073705807999999884e+01 1.856143515999999863e+03 1.945618999999999915e+03
1.119999999999999929e+01 1.077112751999999851e+01 1.855859603999999990e+03 1.945618999999999915e+03
1.120500000000000007e+01 1.082741616000000029e+01 1.855390531999999894e+03 1.945618999999999915e+03
1.120999999999999908e+01 1.076520239999999973e+01 1.855908979999999929e+03 1.945618999999999915e+03
1.121499999999999986e+01 1.077112751999999851e+01 1.855859603999999990e+03 1.945618999999999915e+03
1.121999999999999886e+01 1.073150328000000009e+01 1.856189805999999862e+03 1.945618999999999915e+03
1.122499999999999964e+01 1.071446856000000025e+01 1.856331761999999799e+03 1.945618999999999915e+03
1.122999999999999865e+01 1.077112751999999851e+01 1.855859603999999990e+03 1.945618999999999915e+03
1.123499999999999943e+01 1.070891375999999973e+01 1.856378052000000025e+03 1.945618999999999915e+03
1.124000000000000021e+01 1.077112751999999851e+01 1.855859603999999990e+03 1.945618999999999915e+03
1.124499999999999922e+01 1.076520239999999973e+01 1.855908979999999929e+03 1.945618999999999915e+03
1.125000000000000000e+01 1.074261287999999936e+01 1.856097225999999864e+03 1.945618999999999915e+03
1.125499999999999901e+01 1.073150328000000009e+01 1.856189805999999862e+03 1.945618999999999915e+03
1.125999999999999979e+01 1.069743384000000042e+01 1.856473717999999963e+03 1.945618999999999915e+03
1.126499999999999879e+01 1.075964759999999920e+01 1.855955269999999928e+03 1.945618999999999915e+03
1.126999999999999957e+01 1.074261287999999936e+01 1.856097225999999864e+03 1.945618999999999915e+03
1.127500000000000036e+01 1.073150328000000009e+01 1.856189805999999862e+03 1.945618999999999915e+03
1.127999999999999936e+01 1.073705807999999884e+01 1.856143515999999863e+03 1.945618999999999915e+03
1.128500000000000014e+01 1.073705807999999884e+01 1.856143515999999863e+03 1.945618999999999915e+03
1.128999999999999915e+01 1.068632423999999936e+01 1.856566297999999961e+03 1.945618999999999915e+03
1.129499999999999993e+01 1.070335895999999920e+01 1.856424342000000024e+03 1.945618999999999915e+03
1.129999999999999893e+01 1.071446856000000025e+01 1.856331761999999799e+03 1.945618999999999915e+03
1.130499999999999972e+01 1.074261287999999936e+01 1.856097225999999864e+03 1.945618999999999915e+03
1.130999999999999872e+01 1.067484432000000005e+01 1.856661963999999898e+03 1.945618999999999915e+03
1.131499999999999950e+01 1.073705807999999884e+01 1.856143515999999863e+03 1.945618999999999915e+03
1.132000000000000028e+01 1.070891375999999973e+01 1.856378052000000025e+03 1.945618999999999915e+03
1.132499999999999929e+01 1.073705807999999884e+01 1.856143515999999863e+03 1.945618999999999915e+03
1.133000000000000007e+01 1.066928951999999953e+01 1.856708253999999897e+03 1.945618999999999915e+03
1.133499999999999908e+01 1.066928951999999953e+01 1.856708253999999897e+03 1.945618999999999915e+03
1.133999999999999986e+01 1.077668231999999904e+01 1.855813313999999991e+03 1.945618999999999915e+03
1.134499999999999886e+01 1.074853799999999815e+01 1.856047849999999926e+03 1.945618999999999915e+03
1.134999999999999964e+01 1.074261287999999936e+01 1.856097225999999864e+03 1.945618999999999915e+03
1.135499999999999865e+01 1.079371703999999887e+01 1.855671357999999827e+03 1.945618999999999915e+03
1.135999999999999943e+01 1.068076943999999884e+01 1.856612587999999960e+03 1.945618999999999915e+03
1.136500000000000021e+01 1.072594847999999956e+01 1.856236095999999861e+03 1.945618999999999915e+03
1.136999999999999922e+01 1.068076943999999884e+01 1.856612587999999960e+03 1.945618999999999915e+03
1.137500000000000000e+01 1.072594847999999956e+01 1.856236095999999861e+03 1.945618999999999915e+03
1.137999999999999901e+01 1.069743384000000042e+01 1.856473717999999963e+03 1.945618999999999915e+03
1.138499999999999979e+01 1.075409279999999868e+01 1.856001559999999927e+03 1.945618999999999915e+03
1.138999999999999879e+01 1.074853799999999815e+01 1.856047849999999926e+03 1.945618999999999915e+03
1.139499999999999957e+01 1.074853799999999815e+01 1.856047849999999926e+03 1.945618999999999915e+03
1.140000000000000036e+01 1.073150328000000009e+01 1.856189805999999862e+03 1.945618999999999915e+03
1.140499999999999936e+01 1.073150328000000009e+01 1.856189805999999862e+03 1.945618999999999915e+03
1.141000000000000014e+01 1.071446856000000025e+01 1.856331761999999799e+03 1.945618999999999915e+03
1.141499999999999915e+01 1.071446856000000025e+01 1.856331761999999799e+03 1.945618999999999915e+03
1.141999999999999993e+01 1.068076943999999884e+01 1.856612587999999960e+03 1.945618999999999915e+03
1.142499999999999893e+01 1.074853799999999815e+01 1.856047849999999926e+03 1.945618999999999915e+03
1.142999999999999972e+01 1.076520239999999973e+01 1.855908979999999929e+03 1.945618999999999915e+03
1.143499999999999872e+01 1.068632423999999936e+01 1.856566297999999961e+03 1.945618999999999915e+03
1.143999999999999950e+01 1.069187903999999989e+01 1.856520007999999962e+03 1.945618999999999915e+03
1.144500000000000028e+01 1.073705807999999884e+01 1.856143515999999863e+03 1.945618999999999915e+03
1.144999999999999929e+01 1.070335895999999920e+01 1.856424342000000024e+03 1.945618999999999915e+03
1.145500000000000007e+01 1.069743384000000042e+01 1.856473717999999963e+03 1.945618999999999915e+03
1.145999999999999908e+01 1.072594847999999956e+01 1.856236095999999861e+03 1.945618999999999915e+03
1.146499999999999986e+01 1.067484432000000005e+01 1.856661963999999898e+03 1.945618999999999915e+03
1.146999999999999886e+01 1.068632423999999936e+01 1.856566297999999961e+03 1.945618999999999915e+03
1.147499999999999964e+01 1.070335895999999920e+01 1.856424342000000024e+03 1.945618999999999915e+03
1.147999999999999865e+01 1.070891375999999973e+01 1.856378052000000025e+03 1.945618999999999915e+03
1.148499999999999943e+01 1.064669999999999916e+01 1.856896499999999833e+03 1.945618999999999915e+03
1.149000000000000021e+01 1.068632423999999936e+01 1.856566297999999961e+03 1.945618999999999915e+03
1.149499999999999922e+01 1.072002336000000078e+01 1.856285471999999800e+03 1.945618999999999915e+03
1.150000000000000000e+01 1.071446856000000025e+01 1.856331761999999799e+03 1.945618999999999915e+03
1.150499999999999901e+01 1.066928951999999953e+01 1.856708253999999897e+03 1.945618999999999915e+03
1.150999999999999979e+01 1.062966527999999933e+01 1.857038455999999996e+03 1.945618999999999915e+03
1.151499999999999879e+01 1.064114519999999864e+01 1.856942789999999832e+03 1.945618999999999915e+03
1.151999999999999957e+01 1.062966527999999933e+01 1.857038455999999996e+03 1.945618999999999915e+03
1.152500000000000036e+01 1.070891375999999973e+01 1.856378052000000025e+03 1.945618999999999915e+03
1.152999999999999936e+01 1.068632423999999936e+01 1.856566297999999961e+03 1.945618999999999915e+03
1.153500000000000014e+01 1.070335895999999920e+01 1.856424342000000024e+03 1.945618999999999915e+03
1.153999999999999915e+01 1.072002336000000078e+01 1.856285471999999800e+03 1.945618999999999915e+03
1.154499999999999993e+01 1.068076943999999884e+01 1.856612587999999960e+03 1.945618999999999915e+03
1.154999999999999893e+01 1.067484432000000005e+01 1.856661963999999898e+03 1.945618999999999915e+03
1.155499999999999972e+01 1.069187903999999989e+01 1.856520007999999962e+03 1.945618999999999915e+03
1.155999999999999872e+01 1.071446856000000025e+01 1.856331761999999799e+03 1.945618999999999915e+03
1.156499999999999950e+01 1.070891375999999973e+01 1.856378052000000025e+03 1.945618999999999915e+03
1.157000000000000028e+01 1.068632423999999936e+01 1.856566297999999961e+03 1.945618999999999915e+03
1.157499999999999929e+01 1.074261287999999936e+01 1.856097225999999864e+03 1.945618999999999915e+03
1.158000000000000007e+01 1.070891375999999973e+01 1.856378052000000025e+03 1.945618999999999915e+03
1.158499999999999908e+01 1.070891375999999973e+01 1.856378052000000025e+03 1.945618999999999915e+03
1.158999999999999986e+01 1.068076943999999884e+01 1.856612587999999960e+03 1.945618999999999915e+03
1.159499999999999886e+01 1.070335895999999920e+01 1.856424342000000024e+03 1.945618999999999915e+03
1.159999999999999964e+01 1.068076943999999884e+01 1.856612587999999960e+03 1.945618999999999915e+03
1.160499999999999865e+01 1.070891375999999973e+01 1.856378052000000025e+03 1.945618999999999915e+03
1.160999999999999943e+01 1.067484432000000005e+01 1.856661963999999898e+03 1.945618999999999915e+03
1.161500000000000021e+01 1.069743384000000042e+01 1.856473717999999963e+03 1.945618999999999915e+03
1.161999999999999922e+01 1.068076943999999884e+01 1.856612587999999960e+03 1.945618999999999915e+03
1.162500000000000000e+01 1.075964759999999920e+01 1.855955269999999928e+03 1.945618999999999915e+03
1.162999999999999901e+01 1.070335895999999920e+01 1.856424342000000024e+03 1.945618999999999915e+03
1.163499999999999979e+01 1.069187903999999989e+01 1.856520007999999962e+03 1.945618999999999915e+03
1.163999999999999879e+01 1.072002336000000078e+01 1.856285471999999800e+03 1.945618999999999915e+03
1.164499999999999957e+01 1.070891375999999973e+01 1.856378052000000025e+03 1.945618999999999915e+03
1.165000000000000036e+01 1.068076943999999884e+01 1.856612587999999960e+03 1.945618999999999915e+03
1.165499999999999936e+01 1.072002336000000078e+01 1.856285471999999800e+03 1.945618999999999915e+03
1.166000000000000014e+01 1.072002336000000078e+01 1.856285471999999800e+03 1.945618999999999915e+03
1.166499999999999915e+01 1.074261287999999936e+01 1.856097225999999864e+03 1.945618999999999915e+03
1.166999999999999993e+01 1.069187903999999989e+01 1.856520007999999962e+03 1.945618999999999915e+03
1.167499999999999893e+01 1.069187903999999989e+01 1.856520007999999962e+03 1.945618999999999915e+03
1.167999999999999972e+01 1.071446856000000025e+01 1.856331761999999799e+03 1.945618999999999915e+03
1.168499999999999872e+01 1.070891375999999973e+01 1.856378052000000025e+03 1.945618999999999915e+03
1.168999999999999950e+01 1.069743384000000042e+01 1.856473717999999963e+03 1.945618999999999915e+03
1.169500000000000028e+01 1.069187903999999989e+01 1.856520007999999962e+03 1.945618999999999915e+03
1.169999999999999929e+01 1.071446856000000025e+01 1.856331761999999799e+03 1.945618999999999915e+03
1.170500000000000007e+01 1.070335895999999920e+01 1.856424342000000024e+03 1.945618999999999915e+03
1.170999999999999908e+01 1.075964759999999920e+01 1.855955269999999928e+03 1.945618999999999915e+03
1.171499999999999986e+01 1.075409279999999868e+01 1.856001559999999927e+03 1.945618999999999915e+03
1.171999999999999886e+01 1.069187903999999989e+01 1.856520007999999962e+03 1.945618999999999915e+03
1.172499999999999964e+01 1.064669999999999916e+01 1.856896499999999833e+03 1.945618999999999915e+03
1.172999999999999865e+01 1.073150328000000009e+01 1.856189805999999862e+03 1.945618999999999915e+03
1.173499999999999943e+01 1.077112751999999851e+01 1.855859603999999990e+03 1.945618999999999915e+03
1.174000000000000021e+01 1.074853799999999815e+01 1.856047849999999926e+03 1.945618999999999915e+03
1.174499999999999922e+01 1.073150328000000009e+01 1.856189805999999862e+03 1.945618999999999915e+03
1.175000000000000000e+01 1.074261287999999936e+01 1.856097225999999864e+03 1.945618999999999915e+03
1.175499999999999901e+01 1.075964759999999920e+01 1.855955269999999928e+03 1.945618999999999915e+03
1.175999999999999979e+01 1.067484432000000005e+01 1.856661963999999898e+03 1.945618999999999915e+03
1.176499999999999879e+01 1.068076943999999884e+01 1.856612587999999960e+03 1.945618999999999915e+03
1.176999999999999957e+01 1.069187903999999989e+01 1.856520007999999962e+03 1.945618999999999915e+03
1.177500000000000036e+01 1.069743384000000042e+01 1.856473717999999963e+03 1.945618999999999915e+03
1.177999999999999936e+01 1.072002336000000078e+01 1.856285471999999800e+03 1.945618999999999915e+03
1.178500000000000014e+01 1.071446856000000025e+01 1.856331761999999799e+03 1.945618999999999915e+03
1.178999999999999915e+01 1.065225479999999969e+01 1.856850209999999834e+03 1.945618999999999915e+03
1.179499999999999993e+01 1.073150328000000009e+01 1.856189805999999862e+03 1.945618999999999915e+03
1.179999999999999893e+01 1.070335895999999920e+01 1.856424342000000024e+03 1.945618999999999915e+03
1.180499999999999972e+01 1.074261287999999936e+01 1.856097225999999864e+03 1.945618999999999915e+03
1.180999999999999872e+01 1.067484432000000005e+01 1.856661963999999898e+03 1.945618999999999915e+03
1.181499999999999950e+01 1.072002336000000078e+01 1.856285471999999800e+03 1.945618999999999915e+03
1.182000000000000028e+01 1.070335895999999920e+01 1.856424342000000024e+03 1.945618999999999915e+03
1.182499999999999929e+01 1.070335895999999920e+01 1.856424342000000024e+03 1.945618999999999915e+03
1.183000000000000007e+01 1.072002336000000078e+01 1.856285471999999800e+03 1.945618999999999915e+03
1.183499999999999908e+01 1.068076943999999884e+01 1.856612587999999960e+03 1.945618999999999915e+03
1.183999999999999986e+01 1.068076943999999884e+01 1.856612587999999960e+03 1.945618999999999915e+03
1.184499999999999886e+01 1.070891375999999973e+01 1.856378052000000025e+03 1.945618999999999915e+03
1.184999999999999964e+01 1.074261287999999936e+01 1.856097225999999864e+03 1.945618999999999915e+03
1.185499999999999865e+01 1.066928951999999953e+01 1.856708253999999897e+03 1.945618999999999915e+03
1.185999999999999943e+01 1.069187903999999989e+01 1.856520007999999962e+03 1.945618999999999915e+03
1.186500000000000021e+01 1.073150328000000009e+01 1.856189805999999862e+03 1.945618999999999915e+03
1.186999999999999922e+01 1.074261287999999936e+01 1.856097225999999864e+03 1.945618999999999915e+03
1.187500000000000000e+01 1.069187903999999989e+01 1.856520007999999962e+03 1.945618999999999915e+03
1.187999999999999901e+01 1.068076943999999884e+01 1.856612587999999960e+03 1.945618999999999915e+03
1.188499999999999979e+01 1.066928951999999953e+01 1.856708253999999897e+03 1.945618999999999915e+03
1.188999999999999879e+01 1.063522007999999985e+01 1.856992165999999997e+03 1.945618999999999915e+03
1.189499999999999957e+01 1.073150328000000009e+01 1.856189805999999862e+03 1.945618999999999915e+03
1.190000000000000036e+01 1.068632423999999936e+01 1.856566297999999961e+03 1.945618999999999915e+03
1.190499999999999936e+01 1.066928951999999953e+01 1.856708253999999897e+03 1.945618999999999915e+03
1.191000000000000014e+01 1.062411047999999880e+01 1.857084745999999996e+03 1.945618999999999915e+03
1.191499999999999915e+01 1.062966527999999933e+01 1.857038455999999996e+03 1.945618999999999915e+03
1.191999999999999993e+01 1.065225479999999969e+01 1.856850209999999834e+03 1.945618999999999915e+03
1.192499999999999893e+01 1.065817991999999848e+01 1.856800833999999895e+03 1.945618999999999915e+03
1.192999999999999972e+01 1.070891375999999973e+01 1.856378052000000025e+03 1.945618999999999915e+03
1.193499999999999872e+01 1.066373471999999900e+01 1.856754543999999896e+03 1.945618999999999915e+03
1.193999999999999950e+01 1.065225479999999969e+01 1.856850209999999834e+03 1.945618999999999915e+03
1.194500000000000028e+01 1.071446856000000025e+01 1.856331761999999799e+03 1.945618999999999915e+03
1.194999999999999929e+01 1.073705807999999884e+01 1.856143515999999863e+03 1.945618999999999915e+03
1.195500000000000007e+01 1.070335895999999920e+01 1.856424342000000024e+03 1.945618999999999915e+03
1.195999999999999908e+01 1.066373471999999900e+01 1.856754543999999896e+03 1.945618999999999915e+03
1.196499999999999986e+01 1.065225479999999969e+01 1.856850209999999834e+03 1.945618999999999915e+03
1.196999999999999886e+01 1.062966527999999933e+01 1.857038455999999996e+03 1.945618999999999915e+03
1.197499999999999964e+01 1.070335895999999920e+01 1.856424342000000024e+03 1.945618999999999915e+03
1.197999999999999865e+01 1.069187903999999989e+01 1.856520007999999962e+03 1.945618999999999915e+03
1.198499999999999943e+01 1.068076943999999884e+01 1.856612587999999960e+03 1.945618999999999915e+03
1.199000000000000021e+01 1.070891375999999973e+01 1.856378052000000025e+03 1.945618999999999915e+03
1.199499999999999922e+01 1.069743384000000042e+01 1.856473717999999963e+03 1.945618999999999915e+03
1.200000000000000000e+01 1.068076943999999884e+01 1.856612587999999960e+03 1.945618999999999915e+03
1.200499999999999901e+01 1.071446856000000025e+01 1.856331761999999799e+03 1.945618999999999915e+03
1.200999999999999979e+01 1.068076943999999884e+01 1.856612587999999960e+03 1.945618999999999915e+03
1.201499999999999879e+01 1.066928951999999953e+01 1.856708253999999897e+03 1.945618999999999915e+03
1.201999999999999957e+01 1.068632423999999936e+01 1.856566297999999961e+03 1.945618999999999915e+03
1.202500000000000036e+01 1.070891375999999973e+01 1.856378052000000025e+03 1.945618999999999915e+03
1.202999999999999936e+01 1.075409279999999868e+01 1.856001559999999927e+03 1.945618999999999915e+03
1.203500000000000014e+01 1.072002336000000078e+01 1.856285471999999800e+03 1.945618999999999915e+03
1.203999999999999915e+01 1.065817991999999848e+01 1.856800833999999895e+03 1.945618999999999915e+03
1.204499999999999993e+01 1.064669999999999916e+01 1.856896499999999833e+03 1.945618999999999915e+03
1.204999999999999893e+01 1.064669999999999916e+01 1.856896499999999833e+03 1.945618999999999915e+03
1.205499999999999972e+01 1.066928951999999953e+01 1.856708253999999897e+03 1.945618999999999915e+03
1.205999999999999872e+01 1.066373471999999900e+01 1.856754543999999896e+03 1.945618999999999915e+03
1.206499999999999950e+01 1.066373471999999900e+01 1.856754543999999896e+03 1.945618999999999915e+03
1.206999999999999851e+01 1.066373471999999900e+01 1.856754543999999896e+03 1.945618999999999915e+03
1.207500000000000107e+01 1.064669999999999916e+01 1.856896499999999833e+03 1.945618999999999915e+03
1.208000000000000007e+01 1.064669999999999916e+01 1.856896499999999833e+03 1.945618999999999915e+03
1.208499999999999908e+01 1.068632423999999936e+01 1.856566297999999961e+03 1.945618999999999915e+03
1.208999999999999808e+01 1.068632423999999936e+01 1.856566297999999961e+03 1.945618999999999915e+03
1.209500000000000064e+01 1.066928951999999953e+01 1.856708253999999897e+03 1.945618999999999915e+03
1.209999999999999964e+01 1.067484432000000005e+01 1.856661963999999898e+03 1.945618999999999915e+03
1.210499999999999865e+01 1.067484432000000005e+01 1.856661963999999898e+03 1.945618999999999915e+03
1.211000000000000121e+01 1.070335895999999920e+01 1.856424342000000024e+03 1.945618999999999915e+03
1.211500000000000021e+01 1.067484432000000005e+01 1.856661963999999898e+03 1.945618999999999915e+03
1.211999999999999922e+01 1.067484432000000005e+01 1.856661963999999898e+03 1.945618999999999915e+03
1.212499999999999822e+01 1.064114519999999864e+01 1.856942789999999832e+03 1.945618999999999915e+03
1.213000000000000078e+01 1.069187903999999989e+01 1.856520007999999962e+03 1.945618999999999915e+03
1.213499999999999979e+01 1.069187903999999989e+01 1.856520007999999962e+03 1.945618999999999915e+03
1.213999999999999879e+01 1.066928951999999953e+01 1.856708253999999897e+03 1.945618999999999915e+03
1.214499999999999780e+01 1.066373471999999900e+01 1.856754543999999896e+03 1.945618999999999915e+03
1.215000000000000036e+01 1.071446856000000025e+01 1.856331761999999799e+03 1.945618999999999915e+03
1.215499999999999936e+01 1.067484432000000005e+01 1.856661963999999898e+03 1.945618999999999915e+03
1.215999999999999837e+01 1.070891375999999973e+01 1.856378052000000025e+03 1.945618999999999915e+03
1.216500000000000092e+01 1.069187903999999989e+01 1.856520007999999962e+03 1.945618999999999915e+03
1.216999999999999993e+01 1.068076943999999884e+01 1.856612587999999960e+03 1.945618999999999915e+03
1.217499999999999893e+01 1.065817991999999848e+01 1.856800833999999895e+03 1.945618999999999915e+03
1.217999999999999794e+01 1.070891375999999973e+01 1.856378052000000025e+03 1.945618999999999915e+03
1.218500000000000050e+01 1.068076943999999884e+01 1.856612587999999960e+03 1.945618999999999915e+03
1.218999999999999950e+01 1.066928951999999953e+01 1.856708253999999897e+03 1.945618999999999915e+03
1.219499999999999851e+01 1.064114519999999864e+01 1.856942789999999832e+03 1.945618999999999915e+03
1.220000000000000107e+01 1.063522007999999985e+01 1.856992165999999997e+03 1.945618999999999915e+03
1.220500000000000007e+01 1.066373471999999900e+01 1.856754543999999896e+03 1.945618999999999915e+03
1.220999999999999908e+01 1.066928951999999953e+01 1.856708253999999897e+03 1.945618999999999915e+03
1.221499999999999808e+01 1.070335895999999920e+01 1.856424342000000024e+03 1.945618999999999915e+03
1.222000000000000064e+01 1.069187903999999989e+01 1.856520007999999962e+03 1.945618999999999915e+03
1.222499999999999964e+01 1.068632423999999936e+01 1.856566297999999961e+03 1.945618999999999915e+03
1.222999999999999865e+01 1.067484432000000005e+01 1.856661963999999898e+03 1.945618999999999915e+03
1.223500000000000121e+01 1.070335895999999920e+01 1.856424342000000024e+03 1.945618999999999915e+03
1.224000000000000021e+01 1.064669999999999916e+01 1.856896499999999833e+03 1.945618999999999915e+03
1.224499999999999922e+01 1.065817991999999848e+01 1.856800833999999895e+03 1.945618999999999915e+03
1.224999999999999822e+01 1.067484432000000005e+01 1.856661963999999898e+03 1.945618999999999915e+03
1.225500000000000078e+01 1.062966527999999933e+01 1.857038455999999996e+03 1.945618999999999915e+03
1.225999999999999979e+01 1.064114519999999864e+01 1.856942789999999832e+03 1.945618999999999915e+03
1.226499999999999879e+01 1.070335895999999920e+01 1.856424342000000024e+03 1.945618999999999915e+03
1.226999999999999780e+01 1.066373471999999900e+01 1.856754543999999896e+03 1.945618999999999915e+03
1.227500000000000036e+01 1.061855568000000005e+01 1.857131035999999995e+03 1.945618999999999915e+03
1.227999999999999936e+01 1.068076943999999884e+01 1.856612587999999960e+03 1.945618999999999915e+03
1.228499999999999837e+01 1.067484432000000005e+01 1.856661963999999898e+03 1.945618999999999915e+03
1.229000000000000092e+01 1.066373471999999900e+01 1.856754543999999896e+03 1.945618999999999915e+03
1.229499999999999993e+01 1.067484432000000005e+01 1.856661963999999898e+03 1.945618999999999915e+03
1.229999999999999893e+01 1.066373471999999900e+01 1.856754543999999896e+03 1.945618999999999915e+03
1.230499999999999794e+01 1.064114519999999864e+01 1.856942789999999832e+03 1.945618999999999915e+03
1.231000000000000050e+01 1.068076943999999884e+01 1.856612587999999960e+03 1.945618999999999915e+03
1.231499999999999950e+01 1.066928951999999953e+01 1.856708253999999897e+03 1.945618999999999915e+03
1.231999999999999851e+01 1.065225479999999969e+01 1.856850209999999834e+03 1.945618999999999915e+03
1.232500000000000107e+01 1.064114519999999864e+01 1.856942789999999832e+03 1.945618999999999915e+03
1.233000000000000007e+01 1.064669999999999916e+01 1.856896499999999833e+03 1.945618999999999915e+03
1.233499999999999908e+01 1.067484432000000005e+01 1.856661963999999898e+03 1.945618999999999915e+03
1.233999999999999808e+01 1.066928951999999953e+01 1.856708253999999897e+03 1.945618999999999915e+03
1.234500000000000064e+01 1.067484432000000005e+01 1.856661963999999898e+03 1.945618999999999915e+03
1.234999999999999964e+01 1.070891375999999973e+01 1.856378052000000025e+03 1.945618999999999915e+03
1.235499999999999865e+01 1.067484432000000005e+01 1.856661963999999898e+03 1.945618999999999915e+03
1.236000000000000121e+01 1.065225479999999969e+01 1.856850209999999834e+03 1.945618999999999915e+03
1.236500000000000021e+01 1.062966527999999933e+01 1.857038455999999996e+03 1.945618999999999915e+03
1.236999999999999922e+01 1.065225479999999969e+01 1.856850209999999834e+03 1.945618999999999915e+03
1.237499999999999822e+01 1.067484432000000005e+01 1.856661963999999898e+03 1.945618999999999915e+03
1.238000000000000078e+01 1.070891375999999973e+01 1.856378052000000025e+03 1.945618999999999915e+03
1.238499999999999979e+01 1.068632423999999936e+01 1.856566297999999961e+03 1.945618999999999915e+03
1.238999999999999879e+01 1.061263055999999949e+01 1.857180411999999933e+03 1.945618999999999915e+03
1.239499999999999780e+01 1.060152096000000022e+01 1.857272991999999931e+03 1.945618999999999915e+03
1.240000000000000036e+01 1.057337663999999933e+01 1.857507527999999866e+03 1.945618999999999915e+03
1.240499999999999936e+01 1.065225479999999969e+01 1.856850209999999834e+03 1.945618999999999915e+03
1.240999999999999837e+01 1.065817991999999848e+01 1.856800833999999895e+03 1.945618999999999915e+03
1.241500000000000092e+01 1.065225479999999969e+01 1.856850209999999834e+03 1.945618999999999915e+03
1.241999999999999993e+01 1.064669999999999916e+01 1.856896499999999833e+03 1.945618999999999915e+03
1.242499999999999893e+01 1.068076943999999884e+01 1.856612587999999960e+03 1.945618999999999915e+03
1.242999999999999794e+01 1.062966527999999933e+01 1.857038455999999996e+03 1.945618999999999915e+03
1.243500000000000050e+01 1.060152096000000022e+01 1.857272991999999931e+03 1.945618999999999915e+03
1.243999999999999950e+01 1.060707576000000074e+01 1.857226701999999932e+03 1.945618999999999915e+03
1.244499999999999851e+01 1.062411047999999880e+01 1.857084745999999996e+03 1.945618999999999915e+03
1.245000000000000107e+01 1.056745152000000054e+01 1.857556903999999804e+03 1.945618999999999915e+03
1.245500000000000007e+01 1.064669999999999916e+01 1.856896499999999833e+03 1.945618999999999915e+03
1.245999999999999908e+01 1.064114519999999864e+01 1.856942789999999832e+03 1.945618999999999915e+03
1.246499999999999808e+01 1.059596615999999969e+01 1.857319281999999930e+03 1.945618999999999915e+03
1.247000000000000064e+01 1.060152096000000022e+01 1.857272991999999931e+03 1.945618999999999915e+03
1.247499999999999964e+01 1.056189672000000002e+01 1.857603193999999803e+03 1.945618999999999915e+03
1.247999999999999865e+01 1.053930719999999965e+01 1.857791439999999966e+03 1.945618999999999915e+03
1.248500000000000121e+01 1.057337663999999933e+01 1.857507527999999866e+03 1.945618999999999915e+03
1.249000000000000021e+01 1.057893143999999985e+01 1.857461237999999867e+03 1.945618999999999915e+03
1.249499999999999922e+01 1.059596615999999969e+01 1.857319281999999930e+03 1.945618999999999915e+03
1.249999999999999822e+01 1.062411047999999880e+01 1.857084745999999996e+03 1.945618999999999915e+03
1.250500000000000078e+01 1.064114519999999864e+01 1.856942789999999832e+03 1.945618999999999915e+03
1.250999999999999979e+01 1.059596615999999969e+01 1.857319281999999930e+03 1.945618999999999915e+03
1.251499999999999879e+01 1.061263055999999949e+01 1.857180411999999933e+03 1.945618999999999915e+03
1.251999999999999780e+01 1.060152096000000022e+01 1.857272991999999931e+03 1.945618999999999915e+03
1.252500000000000036e+01 1.056189672000000002e+01 1.857603193999999803e+03 1.945618999999999915e+03
1.252999999999999936e+01 1.061263055999999949e+01 1.857180411999999933e+03 1.945618999999999915e+03
1.253499999999999837e+01 1.057337663999999933e+01 1.857507527999999866e+03 1.945618999999999915e+03
1.254000000000000092e+01 1.062411047999999880e+01 1.857084745999999996e+03 1.945618999999999915e+03
1.254499999999999993e+01 1.055634191999999949e+01 1.857649484000000029e+03 1.945618999999999915e+03
1.254999999999999893e+01 1.058448624000000038e+01 1.857414947999999868e+03 1.945618999999999915e+03
1.255499999999999794e+01 1.055634191999999949e+01 1.857649484000000029e+03 1.945618999999999915e+03
1.256000000000000050e+01 1.059596615999999969e+01 1.857319281999999930e+03 1.945618999999999915e+03
1.256499999999999950e+01 1.059004104000000090e+01 1.857368657999999868e+03 1.945618999999999915e+03
1.256999999999999851e+01 1.064114519999999864e+01 1.856942789999999832e+03 1.945618999999999915e+03
1.257500000000000107e+01 1.058448624000000038e+01 1.857414947999999868e+03 1.945618999999999915e+03
1.258000000000000007e+01 1.060152096000000022e+01 1.857272991999999931e+03 1.945618999999999915e+03
1.258499999999999908e+01 1.057893143999999985e+01 1.857461237999999867e+03 1.945618999999999915e+03
1.258999999999999808e+01 1.062966527999999933e+01 1.857038455999999996e+03 1.945618999999999915e+03
1.259500000000000064e+01 1.059004104000000090e+01 1.857368657999999868e+03 1.945618999999999915e+03
1.259999999999999964e+01 1.059596615999999969e+01 1.857319281999999930e+03 1.945618999999999915e+03
1.260499999999999865e+01 1.058448624000000038e+01 1.857414947999999868e+03 1.945618999999999915e+03
1.261000000000000121e+01 1.055634191999999949e+01 1.857649484000000029e+03 1.945618999999999915e+03
1.261500000000000021e+01 1.059596615999999969e+01 1.857319281999999930e+03 1.945618999999999915e+03
1.261999999999999922e+01 1.064114519999999864e+01 1.856942789999999832e+03 1.945618999999999915e+03
1.262499999999999822e+01 1.061855568000000005e+01 1.857131035999999995e+03 1.945618999999999915e+03
1.263000000000000078e+01 1.062411047999999880e+01 1.857084745999999996e+03 1.945618999999999915e+03
1.263499999999999979e+01 1.058448624000000038e+01 1.857414947999999868e+03 1.945618999999999915e+03
1.263999999999999879e+01 1.055078711999999896e+01 1.857695773999999801e+03 1.945618999999999915e+03
1.264499999999999780e+01 1.064114519999999864e+01 1.856942789999999832e+03 1.945618999999999915e+03
1.265000000000000036e+01 1.064114519999999864e+01 1.856942789999999832e+03 1.945618999999999915e+03
1.265499999999999936e+01 1.063522007999999985e+01 1.856992165999999997e+03 1.945618999999999915e+03
1.265999999999999837e+01 1.061855568000000005e+01 1.857131035999999995e+03 1.945618999999999915e+03
1.266500000000000092e+01 1.061855568000000005e+01 1.857131035999999995e+03 1.945618999999999915e+03
1.266999999999999993e+01 1.060707576000000074e+01 1.857226701999999932e+03 1.945618999999999915e+03
1.267499999999999893e+01 1.062411047999999880e+01 1.857084745999999996e+03 1.945618999999999915e+03
1.267999999999999794e+01 1.066373471999999900e+01 1.856754543999999896e+03 1.945618999999999915e+03
1.268500000000000050e+01 1.058448624000000038e+01 1.857414947999999868e+03 1.945618999999999915e+03
1.268999999999999950e+01 1.060707576000000074e+01 1.857226701999999932e+03 1.945618999999999915e+03
1.269499999999999851e+01 1.064114519999999864e+01 1.856942789999999832e+03 1.945618999999999915e+03
1.270000000000000107e+01 1.061855568000000005e+01 1.857131035999999995e+03 1.945618999999999915e+03
1.270500000000000007e+01 1.060152096000000022e+01 1.857272991999999931e+03 1.945618999999999915e+03
1.270999999999999908e+01 1.057893143999999985e+01 1.857461237999999867e+03 1.945618999999999915e+03
1.271499999999999808e+01 1.059004104000000090e+01 1.857368657999999868e+03 1.945618999999999915e+03
1.272000000000000064e+01 1.049968295999999945e+01 1.858121641999999838e+03 1.945618999999999915e+03
1.272499999999999964e+01 1.057893143999999985e+01 1.857461237999999867e+03 1.945618999999999915e+03
1.272999999999999865e+01 1.060707576000000074e+01 1.857226701999999932e+03 1.945618999999999915e+03
1.273500000000000121e+01 1.061263055999999949e+01 1.857180411999999933e+03 1.945618999999999915e+03
1.274000000000000021e+01 1.060152096000000022e+01 1.857272991999999931e+03 1.945618999999999915e+03
1.274499999999999922e+01 1.057893143999999985e+01 1.857461237999999867e+03 1.945618999999999915e+03
1.274999999999999822e+01 1.060707576000000074e+01 1.857226701999999932e+03 1.945618999999999915e+03
1.275500000000000078e+01 1.051116287999999876e+01 1.858025975999999901e+03 1.945618999999999915e+03
1.275999999999999979e+01 1.050523775999999998e+01 1.858075351999999839e+03 1.945618999999999915e+03
1.276499999999999879e+01 1.053930719999999965e+01 1.857791439999999966e+03 1.945618999999999915e+03
1.276999999999999780e+01 1.059596615999999969e+01 1.857319281999999930e+03 1.945618999999999915e+03
1.277500000000000036e+01 1.052227247999999982e+01 1.857933395999999902e+03 1.945618999999999915e+03
1.277999999999999936e+01 1.055634191999999949e+01 1.857649484000000029e+03 1.945618999999999915e+03
1.278499999999999837e+01 1.057893143999999985e+01 1.857461237999999867e+03 1.945618999999999915e+03
1.279000000000000092e+01 1.053930719999999965e+01 1.857791439999999966e+03 1.945618999999999915e+03
1.279499999999999993e+01 1.052819759999999860e+01 1.857884019999999964e+03 1.945618999999999915e+03
1.279999999999999893e+01 1.054486200000000018e+01 1.857745149999999967e+03 1.945618999999999915e+03
1.280499999999999794e+01 1.048857336000000018e+01 1.858214221999999836e+03 1.945618999999999915e+03
1.281000000000000050e+01 1.054486200000000018e+01 1.857745149999999967e+03 1.945618999999999915e+03
1.281499999999999950e+01 1.058448624000000038e+01 1.857414947999999868e+03 1.945618999999999915e+03
1.281999999999999851e+01 1.056745152000000054e+01 1.857556903999999804e+03 1.945618999999999915e+03
1.282500000000000107e+01 1.055634191999999949e+01 1.857649484000000029e+03 1.945618999999999915e+03
1.283000000000000007e+01 1.053375239999999913e+01 1.857837729999999965e+03 1.945618999999999915e+03
1.283499999999999908e+01 1.048857336000000018e+01 1.858214221999999836e+03 1.945618999999999915e+03
1.283999999999999808e+01 1.056189672000000002e+01 1.857603193999999803e+03 1.945618999999999915e+03
1.284500000000000064e+01 1.056745152000000054e+01 1.857556903999999804e+03 1.945618999999999915e+03
1.284999999999999964e+01 1.055078711999999896e+01 1.857695773999999801e+03 1.945618999999999915e+03
1.285499999999999865e+01 1.056189672000000002e+01 1.857603193999999803e+03 1.945618999999999915e+03
1.286000000000000121e+01 1.052819759999999860e+01 1.857884019999999964e+03 1.945618999999999915e+03
1.286500000000000021e+01 1.052227247999999982e+01 1.857933395999999902e+03 1.945618999999999915e+03
1.286999999999999922e+01 1.045450392000000051e+01 1.858498133999999936e+03 1.945618999999999915e+03
1.287499999999999822e+01 1.055078711999999896e+01 1.857695773999999801e+03 1.945618999999999915e+03
1.288000000000000078e+01 1.055634191999999949e+01 1.857649484000000029e+03 1.945618999999999915e+03
1.288499999999999979e+01 1.051671767999999929e+01 1.857979685999999901e+03 1.945618999999999915e+03
1.288999999999999879e+01 1.050523775999999998e+01 1.858075351999999839e+03 1.945618999999999915e+03
1.289499999999999780e+01 1.053375239999999913e+01 1.857837729999999965e+03 1.945618999999999915e+03
1.290000000000000036e+01 1.055634191999999949e+01 1.857649484000000029e+03 1.945618999999999915e+03
1.290499999999999936e+01 1.059596615999999969e+01 1.857319281999999930e+03 1.945618999999999915e+03
1.290999999999999837e+01 1.057893143999999985e+01 1.857461237999999867e+03 1.945618999999999915e+03
1.291500000000000092e+01 1.050523775999999998e+01 1.858075351999999839e+03 1.945618999999999915e+03
1.291999999999999993e+01 1.052227247999999982e+01 1.857933395999999902e+03 1.945618999999999915e+03
1.292499999999999893e+01 1.049412816000000070e+01 1.858167931999999837e+03 1.945618999999999915e+03
1.292999999999999794e+01 1.053375239999999913e+01 1.857837729999999965e+03 1.945618999999999915e+03
1.293500000000000050e+01 1.053375239999999913e+01 1.857837729999999965e+03 1.945618999999999915e+03
1.293999999999999950e+01 1.056189672000000002e+01 1.857603193999999803e+03 1.945618999999999915e+03
1.294499999999999851e+01 1.051671767999999929e+01 1.857979685999999901e+03 1.945618999999999915e+03
1.295000000000000107e+01 1.052227247999999982e+01 1.857933395999999902e+03 1.945618999999999915e+03
1.295500000000000007e+01 1.049412816000000070e+01 1.858167931999999837e+03 1.945618999999999915e+03
1.295999999999999908e+01 1.048264823999999962e+01 1.858263598000000002e+03 1.945618999999999915e+03
1.296499999999999808e+01 1.053375239999999913e+01 1.857837729999999965e+03 1.945618999999999915e+03
1.297000000000000064e+01 1.057893143999999985e+01 1.857461237999999867e+03 1.945618999999999915e+03
1.297499999999999964e+01 1.057337663999999933e+01 1.857507527999999866e+03 1.945618999999999915e+03
1.297999999999999865e+01 1.053375239999999913e+01 1.857837729999999965e+03 1.945618999999999915e+03
1.298500000000000121e+01 1.051671767999999929e+01 1.857979685999999901e+03 1.945618999999999915e+03
1.299000000000000021e+01 1.053375239999999913e+01 1.857837729999999965e+03 1.945618999999999915e+03
1.299499999999999922e+01 1.049412816000000070e+01 1.858167931999999837e+03 1.945618999999999915e+03
1.299999999999999822e+01 1.047709344000000087e+01 1.858309888000000001e+03 1.945618999999999915e+03
1.300500000000000078e+01 1.051116287999999876e+01 1.858025975999999901e+03 1.945618999999999915e+03
1.300999999999999979e+01 1.052819759999999860e+01 1.857884019999999964e+03 1.945618999999999915e+03
1.301499999999999879e+01 1.059596615999999969e+01 1.857319281999999930e+03 1.945618999999999915e+03
1.301999999999999780e+01 1.051116287999999876e+01 1.858025975999999901e+03 1.945618999999999915e+03
1.302500000000000036e+01 1.053375239999999913e+01 1.857837729999999965e+03 1.945618999999999915e+03
1.302999999999999936e+01 1.049968295999999945e+01 1.858121641999999838e+03 1.945618999999999915e+03
1.303499999999999837e+01 1.051116287999999876e+01 1.858025975999999901e+03 1.945618999999999915e+03
1.304000000000000092e+01 1.049412816000000070e+01 1.858167931999999837e+03 1.945618999999999915e+03
1.304499999999999993e+01 1.054486200000000018e+01 1.857745149999999967e+03 1.945618999999999915e+03
1.304999999999999893e+01 1.054486200000000018e+01 1.857745149999999967e+03 1.945618999999999915e+03
1.305499999999999794e+01 1.051116287999999876e+01 1.858025975999999901e+03 1.945618999999999915e+03
1.306000000000000050e+01 1.053930719999999965e+01 1.857791439999999966e+03 1.945618999999999915e+03
1.306499999999999950e+01 1.048264823999999962e+01 1.858263598000000002e+03 1.945618999999999915e+03
1.306999999999999851e+01 1.048264823999999962e+01 1.858263598000000002e+03 1.945618999999999915e+03
1.307500000000000107e+01 1.049968295999999945e+01 1.858121641999999838e+03 1.945618999999999915e+03
1.308000000000000007e+01 1.044894911999999998e+01 1.858544423999999935e+03 1.945618999999999915e+03
1.308499999999999908e+01 1.049412816000000070e+01 1.858167931999999837e+03 1.945618999999999915e+03
1.308999999999999808e+01 1.046005872000000103e+01 1.858451843999999937e+03 1.945618999999999915e+03
1.309500000000000064e+01 1.049968295999999945e+01 1.858121641999999838e+03 1.945618999999999915e+03
1.309999999999999964e+01 1.053930719999999965e+01 1.857791439999999966e+03 1.945618999999999915e+03
1.310499999999999865e+01 1.047709344000000087e+01 1.858309888000000001e+03 1.945618999999999915e+03
1.311000000000000121e+01 1.047153864000000034e+01 1.858356178000000000e+03 1.945618999999999915e+03
1.311500000000000021e+01 1.043191440000000014e+01 1.858686379999999872e+03 1.945618999999999915e+03
1.311999999999999922e+01 1.046005872000000103e+01 1.858451843999999937e+03 1.945618999999999915e+03
1.312499999999999822e+01 1.049412816000000070e+01 1.858167931999999837e+03 1.945618999999999915e+03
1.313000000000000078e+01 1.049412816000000070e+01 1.858167931999999837e+03 1.945618999999999915e+03
1.313499999999999979e+01 1.053375239999999913e+01 1.857837729999999965e+03 1.945618999999999915e+03
1.313999999999999879e+01 1.051671767999999929e+01 1.857979685999999901e+03 1.945618999999999915e+03
1.314499999999999780e+01 1.053930719999999965e+01 1.857791439999999966e+03 1.945618999999999915e+03
1.315000000000000036e+01 1.052819759999999860e+01 1.857884019999999964e+03 1.945618999999999915e+03
1.315499999999999936e+01 1.048857336000000018e+01 1.858214221999999836e+03 1.945618999999999915e+03
1.315999999999999837e+01 1.055078711999999896e+01 1.857695773999999801e+03 1.945618999999999915e+03
1.316500000000000092e+01 1.055078711999999896e+01 1.857695773999999801e+03 1.945618999999999915e+03
1.316999999999999993e+01 1.051671767999999929e+01 1.857979685999999901e+03 1.945618999999999915e+03
1.317499999999999893e+01 1.051116287999999876e+01 1.858025975999999901e+03 1.945618999999999915e+03
1.317999999999999794e+01 1.047153864000000034e+01 1.858356178000000000e+03 1.945618999999999915e+03
1.318500000000000050e+01 1.049412816000000070e+01 1.858167931999999837e+03 1.945618999999999915e+03
1.318999999999999950e+01 1.047709344000000087e+01 1.858309888000000001e+03 1.945618999999999915e+03
1.319499999999999851e+01 1.048264823999999962e+01 1.858263598000000002e+03 1.945618999999999915e+03
1.320000000000000107e+01 1.050523775999999998e+01 1.858075351999999839e+03 1.945618999999999915e+03
1.320500000000000007e+01 1.055078711999999896e+01 1.857695773999999801e+03 1.945618999999999915e+03
1.320999999999999908e+01 1.051116287999999876e+01 1.858025975999999901e+03 1.945618999999999915e+03
1.321499999999999808e+01 1.057893143999999985e+01 1.857461237999999867e+03 1.945618999999999915e+03
1.322000000000000064e+01 1.055634191999999949e+01 1.857649484000000029e+03 1.945618999999999915e+03
1.322499999999999964e+01 1.052227247999999982e+01 1.857933395999999902e+03 1.945618999999999915e+03
1.322999999999999865e+01 1.050523775999999998e+01 1.858075351999999839e+03 1.945618999999999915e+03
1.323500000000000121e+01 1.054486200000000018e+01 1.857745149999999967e+03 1.945618999999999915e+03
1.324000000000000021e+01 1.049412816000000070e+01 1.858167931999999837e+03 1.945618999999999915e+03
1.324499999999999922e+01 1.047153864000000034e+01 1.858356178000000000e+03 1.945618999999999915e+03
1.324999999999999822e+01 1.049968295999999945e+01 1.858121641999999838e+03 1.945618999999999915e+03
1.325500000000000078e+01 1.051116287999999876e+01 1.858025975999999901e+03 1.945618999999999915e+03
1.325999999999999979e+01 1.050523775999999998e+01 1.858075351999999839e+03 1.945618999999999915e+03
1.326499999999999879e+01 1.047153864000000034e+01 1.858356178000000000e+03 1.945618999999999915e+03
1.326999999999999780e+01 1.052227247999999982e+01 1.857933395999999902e+03 1.945618999999999915e+03
1.327500000000000036e+01 1.050523775999999998e+01 1.858075351999999839e+03 1.945618999999999915e+03
1.327999999999999936e+01 1.051671767999999929e+01 1.857979685999999901e+03 1.945618999999999915e+03
1.328499999999999837e+01 1.052227247999999982e+01 1.857933395999999902e+03 1.945618999999999915e+03
1.329000000000000092e+01 1.053930719999999965e+01 1.857791439999999966e+03 1.945618999999999915e+03
1.329499999999999993e+01 1.048264823999999962e+01 1.858263598000000002e+03 1.945618999999999915e+03
1.329999999999999893e+01 1.050523775999999998e+01 1.858075351999999839e+03 1.945618999999999915e+03
1.330499999999999794e+01 1.051671767999999929e+01 1.857979685999999901e+03 1.945618999999999915e+03
1.331000000000000050e+01 1.050523775999999998e+01 1.858075351999999839e+03 1.945618999999999915e+03
1.331499999999999950e+01 1.057337663999999933e+01 1.857507527999999866e+03 1.945618999999999915e+03
1.331999999999999851e+01 1.053375239999999913e+01 1.857837729999999965e+03 1.945618999999999915e+03
1.332500000000000107e+01 1.051671767999999929e+01 1.857979685999999901e+03 1.945618999999999915e+03
1.333000000000000007e+01 1.048857336000000018e+01 1.858214221999999836e+03 1.945618999999999915e+03
1.333499999999999908e+01 1.055634191999999949e+01 1.857649484000000029e+03 1.945618999999999915e+03
1.333999999999999808e+01 1.055634191999999949e+01 1.857649484000000029e+03 1.945618999999999915e+03
1.334500000000000064e+01 1.052227247999999982e+01 1.857933395999999902e+03 1.945618999999999915e+03
1.334999999999999964e+01 1.051671767999999929e+01 1.857979685999999901e+03 1.945618999999999915e+03
1.335499999999999865e+01 1.052227247999999982e+01 1.857933395999999902e+03 1.945618999999999915e+03
1.336000000000000121e+01 1.048857336000000018e+01 1.858214221999999836e+03 1.945618999999999915e+03
1.336500000000000021e+01 1.053930719999999965e+01 1.857791439999999966e+03 1.945618999999999915e+03
1.336999999999999922e+01 1.046598383999999982e+01 1.858402467999999999e+03 1.945618999999999915e+03
1.337499999999999822e+01 1.046598383999999982e+01 1.858402467999999999e+03 1.945618999999999915e+03
1.338000000000000078e+01 1.048857336000000018e+01 1.858214221999999836e+03 1.945618999999999915e+03
1.338499999999999979e+01 1.044339431999999945e+01 1.858590713999999934e+03 1.945618999999999915e+03
1.338999999999999879e+01 1.055078711999999896e+01 1.857695773999999801e+03 1.945618999999999915e+03
1.339499999999999780e+01 1.052819759999999860e+01 1.857884019999999964e+03 1.945618999999999915e+03
1.340000000000000036e+01 1.052227247999999982e+01 1.857933395999999902e+03 1.945618999999999915e+03
1.340499999999999936e+01 1.049412816000000070e+01 1.858167931999999837e+03 1.945618999999999915e+03
1.340999999999999837e+01 1.042635959999999962e+01 1.858732669999999871e+03 1.945618999999999915e+03
1.341500000000000092e+01 1.049412816000000070e+01 1.858167931999999837e+03 1.945618999999999915e+03
1.341999999999999993e+01 1.045450392000000051e+01 1.858498133999999936e+03 1.945618999999999915e+03
1.342499999999999893e+01 1.052227247999999982e+01 1.857933395999999902e+03 1.945618999999999915e+03
1.342999999999999794e+01 1.047709344000000087e+01 1.858309888000000001e+03 1.945618999999999915e+03
1.343500000000000050e+01 1.053375239999999913e+01 1.857837729999999965e+03 1.945618999999999915e+03
1.343999999999999950e+01 1.055078711999999896e+01 1.857695773999999801e+03 1.945618999999999915e+03
1.344499999999999851e+01 1.051671767999999929e+01 1.857979685999999901e+03 1.945618999999999915e+03
1.345000000000000107e+01 1.048857336000000018e+01 1.858214221999999836e+03 1.945618999999999915e+03
1.345500000000000007e+01 1.046005872000000103e+01 1.858451843999999937e+03 1.945618999999999915e+03
1.345999999999999908e+01 1.048264823999999962e+01 1.858263598000000002e+03 1.945618999999999915e+03
1.346499999999999808e+01 1.052819759999999860e+01 1.857884019999999964e+03 1.945618999999999915e+03
1.347000000000000064e+01 1.052819759999999860e+01 1.857884019999999964e+03 1.945618999999999915e+03
1.347499999999999964e+01 1.053375239999999913e+01 1.857837729999999965e+03 1.945618999999999915e+03
1.347999999999999865e+01 1.055634191999999949e+01 1.857649484000000029e+03 1.945618999999999915e+03
1.348500000000000121e+01 1.050523775999999998e+01 1.858075351999999839e+03 1.945618999999999915e+03
1.349000000000000021e+01 1.043191440000000014e+01 1.858686379999999872e+03 1.945618999999999915e+03
1.349499999999999922e+01 1.045450392000000051e+01 1.858498133999999936e+03 1.945618999999999915e+03
1.349999999999999822e+01 1.047153864000000034e+01 1.858356178000000000e+03 1.945618999999999915e+03
1.350500000000000078e+01 1.049412816000000070e+01 1.858167931999999837e+03 1.945618999999999915e+03
1.350999999999999979e+01 1.052819759999999860e+01 1.857884019999999964e+03 1.945618999999999915e+03
1.351499999999999879e+01 1.052227247999999982e+01 1.857933395999999902e+03 1.945618999999999915e+03
1.351999999999999780e+01 1.052227247999999982e+01 1.857933395999999902e+03 1.945618999999999915e+03
1.352500000000000036e+01 1.049412816000000070e+01 1.858167931999999837e+03 1.945618999999999915e+03
1.352999999999999936e+01 1.047709344000000087e+01 1.858309888000000001e+03 1.945618999999999915e+03
1.353499999999999837e+01 1.048264823999999962e+01 1.858263598000000002e+03 1.945618999999999915e+03
1.354000000000000092e+01 1.047709344000000087e+01 1.858309888000000001e+03 1.945618999999999915e+03
1.354499999999999993e+01 1.055078711999999896e+01 1.857695773999999801e+03 1.945618999999999915e+03
1.354999999999999893e+01 1.052819759999999860e+01 1.857884019999999964e+03 1.945618999999999915e+03
1.355499999999999794e+01 1.048264823999999962e+01 1.858263598000000002e+03 1.945618999999999915e+03
1.356000000000000050e+01 1.041487968000000031e+01 1.858828335999999808e+03 1.945618999999999915e+03
1.356499999999999950e+01 1.046598383999999982e+01 1.858402467999999999e+03 1.945618999999999915e+03
1.356999999999999851e+01 1.035859104000000031e+01 1.859297407999999905e+03 1.945618999999999915e+03
1.357500000000000107e+01 1.046005872000000103e+01 1.858451843999999937e+03 1.945618999999999915e+03
1.358000000000000007e+01 1.050523775999999998e+01 1.858075351999999839e+03 1.945618999999999915e+03
1.358499999999999908e+01 1.049968295999999945e+01 1.858121641999999838e+03 1.945618999999999915e+03
1.358999999999999808e+01 1.049412816000000070e+01 1.858167931999999837e+03 1.945618999999999915e+03
1.359500000000000064e+01 1.052227247999999982e+01 1.857933395999999902e+03 1.945618999999999915e+03
1.359999999999999964e+01 1.040932487999999978e+01 1.858874625999999807e+03 1.945618999999999915e+03
1.360499999999999865e+01 1.042080479999999909e+01 1.858778959999999870e+03 1.945618999999999915e+03
1.361000000000000121e+01 1.039229015999999994e+01 1.859016581999999971e+03 1.945618999999999915e+03
1.361500000000000021e+01 1.047153864000000034e+01 1.858356178000000000e+03 1.945618999999999915e+03
1.361999999999999922e+01 1.051671767999999929e+01 1.857979685999999901e+03 1.945618999999999915e+03
1.362499999999999822e+01 1.051671767999999929e+01 1.857979685999999901e+03 1.945618999999999915e+03
1.363000000000000078e+01 1.051116287999999876e+01 1.858025975999999901e+03 1.945618999999999915e+03
1.363499999999999979e+01 1.041487968000000031e+01 1.858828335999999808e+03 1.945618999999999915e+03
1.363999999999999879e+01 1.043746920000000067e+01 1.858640089999999873e+03 1.945618999999999915e+03
1.364499999999999780e+01 1.042080479999999909e+01 1.858778959999999870e+03 1.945618999999999915e+03
1.365000000000000036e+01 1.042080479999999909e+01 1.858778959999999870e+03 1.945618999999999915e+03
1.365499999999999936e+01 1.041487968000000031e+01 1.858828335999999808e+03 1.945618999999999915e+03
1.365999999999999837e+01 1.046598383999999982e+01 1.858402467999999999e+03 1.945618999999999915e+03
1.366500000000000092e+01 1.047709344000000087e+01 1.858309888000000001e+03 1.945618999999999915e+03
1.366999999999999993e+01 1.043191440000000014e+01 1.858686379999999872e+03 1.945618999999999915e+03
1.367499999999999893e+01 1.047153864000000034e+01 1.858356178000000000e+03 1.945618999999999915e+03
1.367999999999999794e+01 1.042080479999999909e+01 1.858778959999999870e+03 1.945618999999999915e+03
1.368500000000000050e+01 1.045450392000000051e+01 1.858498133999999936e+03 1.945618999999999915e+03
1.368999999999999950e+01 1.049412816000000070e+01 1.858167931999999837e+03 1.945618999999999915e+03
1.369499999999999851e+01 1.044339431999999945e+01 1.858590713999999934e+03 1.945618999999999915e+03
1.370000000000000107e+01 1.047709344000000087e+01 1.858309888000000001e+03 1.945618999999999915e+03
1.370500000000000007e+01 1.047709344000000087e+01 1.858309888000000001e+03 1.945618999999999915e+03
1.370999999999999908e+01 1.042635959999999962e+01 1.858732669999999871e+03 1.945618999999999915e+03
1.371499999999999808e+01 1.040932487999999978e+01 1.858874625999999807e+03 1.945618999999999915e+03
1.372000000000000064e+01 1.036414584000000083e+01 1.859251117999999906e+03 1.945618999999999915e+03
1.372499999999999964e+01 1.036414584000000083e+01 1.859251117999999906e+03 1.945618999999999915e+03
1.372999999999999865e+01 1.042080479999999909e+01 1.858778959999999870e+03 1.945618999999999915e+03
1.373500000000000121e+01 1.040932487999999978e+01 1.858874625999999807e+03 1.945618999999999915e+03
1.374000000000000021e+01 1.046005872000000103e+01 1.858451843999999937e+03 1.945618999999999915e+03
1.374499999999999922e+01 1.051116287999999876e+01 1.858025975999999901e+03 1.945618999999999915e+03
1.374999999999999822e+01 1.047709344000000087e+01 1.858309888000000001e+03 1.945618999999999915e+03
1.375500000000000078e+01 1.031341199999999958e+01 1.859673900000000003e+03 1.945618999999999915e+03
1.375999999999999979e+01 1.038673535999999942e+01 1.859062871999999970e+03 1.945618999999999915e+03
1.376499999999999879e+01 1.036970063999999958e+01 1.859204827999999907e+03 1.945618999999999915e+03
1.376999999999999780e+01 1.042080479999999909e+01 1.858778959999999870e+03 1.945618999999999915e+03
1.377500000000000036e+01 1.044894911999999998e+01 1.858544423999999935e+03 1.945618999999999915e+03
1.377999999999999936e+01 1.044894911999999998e+01 1.858544423999999935e+03 1.945618999999999915e+03
1.378499999999999837e+01 1.051671767999999929e+01 1.857979685999999901e+03 1.945618999999999915e+03
1.379000000000000092e+01 1.038673535999999942e+01 1.859062871999999970e+03 1.945618999999999915e+03
1.379499999999999993e+01 1.040377007999999925e+01 1.858920916000000034e+03 1.945618999999999915e+03
1.379999999999999893e+01 1.037562576000000014e+01 1.859155451999999968e+03 1.945618999999999915e+03
1.380499999999999794e+01 1.038118056000000067e+01 1.859109161999999969e+03 1.945618999999999915e+03
1.381000000000000050e+01 1.042080479999999909e+01 1.858778959999999870e+03 1.945618999999999915e+03
1.381499999999999950e+01 1.049412816000000070e+01 1.858167931999999837e+03 1.945618999999999915e+03
1.381999999999999851e+01 1.047709344000000087e+01 1.858309888000000001e+03 1.945618999999999915e+03
1.382500000000000107e+01 1.055078711999999896e+01 1.857695773999999801e+03 1.945618999999999915e+03
1.383000000000000007e+01 1.044339431999999945e+01 1.858590713999999934e+03 1.945618999999999915e+03
1.383499999999999908e+01 1.037562576000000014e+01 1.859155451999999968e+03 1.945618999999999915e+03
1.383999999999999808e+01 1.037562576000000014e+01 1.859155451999999968e+03 1.945618999999999915e+03
1.384500000000000064e+01 1.040377007999999925e+01 1.858920916000000034e+03 1.945618999999999915e+03
1.384999999999999964e+01 1.046598383999999982e+01 1.858402467999999999e+03 1.945618999999999915e+03
1.385499999999999865e+01 1.049968295999999945e+01 1.858121641999999838e+03 1.945618999999999915e+03
1.386000000000000121e+01 1.048264823999999962e+01 1.858263598000000002e+03 1.945618999999999915e+03
1.386500000000000021e+01 1.048857336000000018e+01 1.858214221999999836e+03 1.945618999999999915e+03
1.386999999999999922e+01 1.043191440000000014e+01 1.858686379999999872e+03 1.945618999999999915e+03
1.387499999999999822e+01 1.034711112000000099e+01 1.859393073999999842e+03 1.945618999999999915e+03
1.388000000000000078e+01 1.035859104000000031e+01 1.859297407999999905e+03 1.945618999999999915e+03
1.388499999999999979e+01 1.040377007999999925e+01 1.858920916000000034e+03 1.945618999999999915e+03
1.388999999999999879e+01 1.041487968000000031e+01 1.858828335999999808e+03 1.945618999999999915e+03
1.389499999999999780e+01 1.041487968000000031e+01 1.858828335999999808e+03 1.945618999999999915e+03
1.390000000000000036e+01 1.041487968000000031e+01 1.858828335999999808e+03 1.945618999999999915e+03
1.390499999999999936e+01 1.044894911999999998e+01 1.858544423999999935e+03 1.945618999999999915e+03
1.390999999999999837e+01 1.031341199999999958e+01 1.859673900000000003e+03 1.945618999999999915e+03
1.391500000000000092e+01 1.030193208000000027e+01 1.859769565999999941e+03 1.945618999999999915e+03
1.391999999999999993e+01 1.031341199999999958e+01 1.859673900000000003e+03 1.945618999999999915e+03
1.392499999999999893e+01 1.038673535999999942e+01 1.859062871999999970e+03 1.945618999999999915e+03
1.392999999999999794e+01 1.043746920000000067e+01 1.858640089999999873e+03 1.945618999999999915e+03
1.393500000000000050e+01 1.049968295999999945e+01 1.858121641999999838e+03 1.945618999999999915e+03
1.393999999999999950e+01 1.049412816000000070e+01 1.858167931999999837e+03 1.945618999999999915e+03
1.394499999999999851e+01 1.042080479999999909e+01 1.858778959999999870e+03 1.945618999999999915e+03
1.395000000000000107e+01 1.039229015999999994e+01 1.859016581999999971e+03 1.945618999999999915e+03
1.395500000000000007e+01 1.035266591999999974e+01 1.859346783999999843e+03 1.945618999999999915e+03
1.395999999999999908e+01 1.034155632000000047e+01 1.859439363999999841e+03 1.945618999999999915e+03
1.396499999999999808e+01 1.038673535999999942e+01 1.859062871999999970e+03 1.945618999999999915e+03
1.397000000000000064e+01 1.048264823999999962e+01 1.858263598000000002e+03 1.945618999999999915e+03
1.397499999999999964e+01 1.048857336000000018e+01 1.858214221999999836e+03 1.945618999999999915e+03
1.397999999999999865e+01 1.051671767999999929e+01 1.857979685999999901e+03 1.945618999999999915e+03
1.398500000000000121e+01 1.051116287999999876e+01 1.858025975999999901e+03 1.945618999999999915e+03
1.399000000000000021e+01 1.038673535999999942e+01 1.859062871999999970e+03 1.945618999999999915e+03
1.399499999999999922e+01 1.032452160000000063e+01 1.859581320000000005e+03 1.945618999999999915e+03
1.399999999999999822e+01 1.034155632000000047e+01 1.859439363999999841e+03 1.945618999999999915e+03
1.400500000000000078e+01 1.034711112000000099e+01 1.859393073999999842e+03 1.945618999999999915e+03
1.400999999999999979e+01 1.042080479999999909e+01 1.858778959999999870e+03 1.945618999999999915e+03
1.401499999999999879e+01 1.042635959999999962e+01 1.858732669999999871e+03 1.945618999999999915e+03
1.401999999999999780e+01 1.049968295999999945e+01 1.858121641999999838e+03 1.945618999999999915e+03
1.402500000000000036e+01 1.047153864000000034e+01 1.858356178000000000e+03 1.945618999999999915e+03
1.402999999999999936e+01 1.049412816000000070e+01 1.858167931999999837e+03 1.945618999999999915e+03
1.403499999999999837e+01 1.042080479999999909e+01 1.858778959999999870e+03 1.945618999999999915e+03
1.404000000000000092e+01 1.034155632000000047e+01 1.859439363999999841e+03 1.945618999999999915e+03
1.404499999999999993e+01 1.033600151999999994e+01 1.859485653999999840e+03 1.945618999999999915e+03
1.404999999999999893e+01 1.040932487999999978e+01 1.858874625999999807e+03 1.945618999999999915e+03
1.405499999999999794e+01 1.043746920000000067e+01 1.858640089999999873e+03 1.945618999999999915e+03
1.406000000000000050e+01 1.048264823999999962e+01 1.858263598000000002e+03 1.945618999999999915e+03
1.406499999999999950e+01 1.042635959999999962e+01 1.858732669999999871e+03 1.945618999999999915e+03
1.406999999999999851e+01 1.036970063999999958e+01 1.859204827999999907e+03 1.945618999999999915e+03
1.407500000000000107e+01 1.035266591999999974e+01 1.859346783999999843e+03 1.945618999999999915e+03
1.408000000000000007e+01 1.036414584000000083e+01 1.859251117999999906e+03 1.945618999999999915e+03
1.408499999999999908e+01 1.035266591999999974e+01 1.859346783999999843e+03 1.945618999999999915e+03
1.408999999999999808e+01 1.042080479999999909e+01 1.858778959999999870e+03 1.945618999999999915e+03
1.409500000000000064e+01 1.042080479999999909e+01 1.858778959999999870e+03 1.945618999999999915e+03
1.409999999999999964e+01 1.046598383999999982e+01 1.858402467999999999e+03 1.945618999999999915e+03
1.410499999999999865e+01 1.047153864000000034e+01 1.858356178000000000e+03 1.945618999999999915e+03
1.411000000000000121e+01 1.040932487999999978e+01 1.858874625999999807e+03 1.945618999999999915e+03
1.411500000000000021e+01 1.036970063999999958e+01 1.859204827999999907e+03 1.945618999999999915e+03
1.411999999999999922e+01 1.038673535999999942e+01 1.859062871999999970e+03 1.945618999999999915e+03
1.412499999999999822e+01 1.042080479999999909e+01 1.858778959999999870e+03 1.945618999999999915e+03
1.413000000000000078e+01 1.046005872000000103e+01 1.858451843999999937e+03 1.945618999999999915e+03
1.413499999999999979e+01 1.039229015999999994e+01 1.859016581999999971e+03 1.945618999999999915e+03
1.413999999999999879e+01 1.044894911999999998e+01 1.858544423999999935e+03 1.945618999999999915e+03
1.414499999999999780e+01 1.040377007999999925e+01 1.858920916000000034e+03 1.945618999999999915e+03
1.415000000000000036e+01 1.037562576000000014e+01 1.859155451999999968e+03 1.945618999999999915e+03
1.415499999999999936e+01 1.042635959999999962e+01 1.858732669999999871e+03 1.945618999999999915e+03
1.415999999999999837e+01 1.034711112000000099e+01 1.859393073999999842e+03 1.945618999999999915e+03
1.416500000000000092e+01 1.033600151999999994e+01 1.859485653999999840e+03 1.945618999999999915e+03
1.416999999999999993e+01 1.039229015999999994e+01 1.859016581999999971e+03 1.945618999999999915e+03
1.417499999999999893e+01 1.038673535999999942e+01 1.859062871999999970e+03 1.945618999999999915e+03
1.417999999999999794e+01 1.046598383999999982e+01 1.858402467999999999e+03 1.945618999999999915e+03
1.418500000000000050e+01 1.045450392000000051e+01 1.858498133999999936e+03 1.945618999999999915e+03
1.418999999999999950e+01 1.041487968000000031e+01 1.858828335999999808e+03 1.945618999999999915e+03
1.419499999999999851e+01 1.036414584000000083e+01 1.859251117999999906e+03 1.945618999999999915e+03
1.420000000000000107e+01 1.038673535999999942e+01 1.859062871999999970e+03 1.945618999999999915e+03
1.420500000000000007e+01 1.036414584000000083e+01 1.859251117999999906e+03 1.945618999999999915e+03
1.420999999999999908e+01 1.036970063999999958e+01 1.859204827999999907e+03 1.945618999999999915e+03
1.421499999999999808e+01 1.042080479999999909e+01 1.858778959999999870e+03 1.945618999999999915e+03
1.422000000000000064e+01 1.048857336000000018e+01 1.858214221999999836e+03 1.945618999999999915e+03
1.422499999999999964e+01 1.043746920000000067e+01 1.858640089999999873e+03 1.945618999999999915e+03
1.422999999999999865e+01 1.039821527999999873e+01 1.858967205999999805e+03 1.945618999999999915e+03
1.423500000000000121e+01 1.037562576000000014e+01 1.859155451999999968e+03 1.945618999999999915e+03
1.424000000000000021e+01 1.038673535999999942e+01 1.859062871999999970e+03 1.945618999999999915e+03
1.424499999999999922e+01 1.034155632000000047e+01 1.859439363999999841e+03 1.945618999999999915e+03
1.424999999999999822e+01 1.036970063999999958e+01 1.859204827999999907e+03 1.945618999999999915e+03
1.425500000000000078e+01 1.042635959999999962e+01 1.858732669999999871e+03 1.945618999999999915e+03
1.425999999999999979e+01 1.041487968000000031e+01 1.858828335999999808e+03 1.945618999999999915e+03
1.426499999999999879e+01 1.042080479999999909e+01 1.858778959999999870e+03 1.945618999999999915e+03
1.426999999999999780e+01 1.040932487999999978e+01 1.858874625999999807e+03 1.945618999999999915e+03
1.427500000000000036e+01 1.034155632000000047e+01 1.859439363999999841e+03 1.945618999999999915e+03
1.427999999999999936e+01 1.030193208000000027e+01 1.859769565999999941e+03 1.945618999999999915e+03
1.428499999999999837e+01 1.038673535999999942e+01 1.859062871999999970e+03 1.945618999999999915e+03
1.429000000000000092e+01 1.039229015999999994e+01 1.859016581999999971e+03 1.945618999999999915e+03
1.429499999999999993e+01 1.047709344000000087e+01 1.858309888000000001e+03 1.945618999999999915e+03
1.429999999999999893e+01 1.046005872000000103e+01 1.858451843999999937e+03 1.945618999999999915e+03
1.430499999999999794e+01 1.043746920000000067e+01 1.858640089999999873e+03 1.945618999999999915e+03
1.431000000000000050e+01 1.039821527999999873e+01 1.858967205999999805e+03 1.945618999999999915e+03
1.431499999999999950e+01 1.044339431999999945e+01 1.858590713999999934e+03 1.945618999999999915e+03
1.431999999999999851e+01 1.035859104000000031e+01 1.859297407999999905e+03 1.945618999999999915e+03
1.432500000000000107e+01 1.031896680000000011e+01 1.859627610000000004e+03 1.945618999999999915e+03
1.433000000000000007e+01 1.039821527999999873e+01 1.858967205999999805e+03 1.945618999999999915e+03
1.433499999999999908e+01 1.048264823999999962e+01 1.858263598000000002e+03 1.945618999999999915e+03
1.433999999999999808e+01 1.043191440000000014e+01 1.858686379999999872e+03 1.945618999999999915e+03
1.434500000000000064e+01 1.045450392000000051e+01 1.858498133999999936e+03 1.945618999999999915e+03
1.434999999999999964e+01 1.040932487999999978e+01 1.858874625999999807e+03 1.945618999999999915e+03
1.435499999999999865e+01 1.040932487999999978e+01 1.858874625999999807e+03 1.945618999999999915e+03
1.436000000000000121e+01 1.034711112000000099e+01 1.859393073999999842e+03 1.945618999999999915e+03
1.436500000000000021e+01 1.036970063999999958e+01 1.859204827999999907e+03 1.945618999999999915e+03
1.436999999999999922e+01 1.038673535999999942e+01 1.859062871999999970e+03 1.945618999999999915e+03
1.437499999999999822e+01 1.047153864000000034e+01 1.858356178000000000e+03 1.945618999999999915e+03
1.438000000000000078e+01 1.043191440000000014e+01 1.858686379999999872e+03 1.945618999999999915e+03
1.438499999999999979e+01 1.040932487999999978e+01 1.858874625999999807e+03 1.945618999999999915e+03
1.438999999999999879e+01 1.040932487999999978e+01 1.858874625999999807e+03 1.945618999999999915e+03
1.439499999999999780e+01 1.035859104000000031e+01 1.859297407999999905e+03 1.945618999999999915e+03
1.440000000000000036e+01 1.036970063999999958e+01 1.859204827999999907e+03 1.945618999999999915e+03
1.440499999999999936e+01 1.034711112000000099e+01 1.859393073999999842e+03 1.945618999999999915e+03
1.440999999999999837e+01 1.034711112000000099e+01 1.859393073999999842e+03 1.945618999999999915e+03
1.441500000000000092e+01 1.034155632000000047e+01 1.859439363999999841e+03 1.945618999999999915e+03
1.441999999999999993e+01 1.046598383999999982e+01 1.858402467999999999e+03 1.945618999999999915e+03
1.442499999999999893e+01 1.039229015999999994e+01 1.859016581999999971e+03 1.945618999999999915e+03
1.442999999999999794e+01 1.040932487999999978e+01 1.858874625999999807e+03 1.945618999999999915e+03
1.443500000000000050e+01 1.039821527999999873e+01 1.858967205999999805e+03 1.945618999999999915e+03
1.443999999999999950e+01 1.032452160000000063e+01 1.859581320000000005e+03 1.945618999999999915e+03
1.444499999999999851e+01 1.030748687999999902e+01 1.859723275999999942e+03 1.945618999999999915e+03
1.445000000000000107e+01 1.037562576000000014e+01 1.859155451999999968e+03 1.945618999999999915e+03
1.445500000000000007e+01 1.041487968000000031e+01 1.858828335999999808e+03 1.945618999999999915e+03
1.445999999999999908e+01 1.043746920000000067e+01 1.858640089999999873e+03 1.945618999999999915e+03
1.446499999999999808e+01 1.043746920000000067e+01 1.858640089999999873e+03 1.945618999999999915e+03
1.447000000000000064e+01 1.038673535999999942e+01 1.859062871999999970e+03 1.945618999999999915e+03
1.447499999999999964e+01 1.033007639999999938e+01 1.859535030000000006e+03 1.945618999999999915e+03
1.447999999999999865e+01 1.031896680000000011e+01 1.859627610000000004e+03 1.945618999999999915e+03
1.448500000000000121e+01 1.039821527999999873e+01 1.858967205999999805e+03 1.945618999999999915e+03
1.449000000000000021e+01 1.042635959999999962e+01 1.858732669999999871e+03 1.945618999999999915e+03
1.449499999999999922e+01 1.038673535999999942e+01 1.859062871999999970e+03 1.945618999999999915e+03
1.449999999999999822e+01 1.038118056000000067e+01 1.859109161999999969e+03 1.945618999999999915e+03
1.450500000000000078e+01 1.038118056000000067e+01 1.859109161999999969e+03 1.945618999999999915e+03
1.450999999999999979e+01 1.035859104000000031e+01 1.859297407999999905e+03 1.945618999999999915e+03
1.451499999999999879e+01 1.042635959999999962e+01 1.858732669999999871e+03 1.945618999999999915e+03
1.451999999999999780e+01 1.036414584000000083e+01 1.859251117999999906e+03 1.945618999999999915e+03
1.452500000000000036e+01 1.035266591999999974e+01 1.859346783999999843e+03 1.945618999999999915e+03
1.452999999999999936e+01 1.036970063999999958e+01 1.859204827999999907e+03 1.945618999999999915e+03
1.453499999999999837e+01 1.034711112000000099e+01 1.859393073999999842e+03 1.945618999999999915e+03
1.454000000000000092e+01 1.036970063999999958e+01 1.859204827999999907e+03 1.945618999999999915e+03
1.454499999999999993e+01 1.042635959999999962e+01 1.858732669999999871e+03 1.945618999999999915e+03
1.454999999999999893e+01 1.039229015999999994e+01 1.859016581999999971e+03 1.945618999999999915e+03
1.455499999999999794e+01 1.036970063999999958e+01 1.859204827999999907e+03 1.945618999999999915e+03
1.456000000000000050e+01 1.033600151999999994e+01 1.859485653999999840e+03 1.945618999999999915e+03
1.456499999999999950e+01 1.038118056000000067e+01 1.859109161999999969e+03 1.945618999999999915e+03
1.456999999999999851e+01 1.035266591999999974e+01 1.859346783999999843e+03 1.945618999999999915e+03
1.457500000000000107e+01 1.039821527999999873e+01 1.858967205999999805e+03 1.945618999999999915e+03
1.458000000000000007e+01 1.035859104000000031e+01 1.859297407999999905e+03 1.945618999999999915e+03
1.458499999999999908e+01 1.036970063999999958e+01 1.859204827999999907e+03 1.945618999999999915e+03
1.458999999999999808e+01 1.032452160000000063e+01 1.859581320000000005e+03 1.945618999999999915e+03
1.459500000000000064e+01 1.039229015999999994e+01 1.859016581999999971e+03 1.945618999999999915e+03
1.459999999999999964e+01 1.031341199999999958e+01 1.859673900000000003e+03 1.945618999999999915e+03
1.460499999999999865e+01 1.039229015999999994e+01 1.859016581999999971e+03 1.945618999999999915e+03
1.461000000000000121e+01 1.038118056000000067e+01 1.859109161999999969e+03 1.945618999999999915e+03
1.461500000000000021e+01 1.040377007999999925e+01 1.858920916000000034e+03 1.945618999999999915e+03
1.461999999999999922e+01 1.036970063999999958e+01 1.859204827999999907e+03 1.945618999999999915e+03
1.462499999999999822e+01 1.034155632000000047e+01 1.859439363999999841e+03 1.945618999999999915e+03
1.463000000000000078e+01 1.034711112000000099e+01 1.859393073999999842e+03 1.945618999999999915e+03
1.463499999999999979e+01 1.032452160000000063e+01 1.859581320000000005e+03 1.945618999999999915e+03
1.463999999999999879e+01 1.028489735999999866e+01 1.859911521999999877e+03 1.945618999999999915e+03
1.464499999999999780e+01 1.038673535999999942e+01 1.859062871999999970e+03 1.945618999999999915e+03
1.465000000000000036e+01 1.036414584000000083e+01 1.859251117999999906e+03 1.945618999999999915e+03
1.465499999999999936e+01 1.039821527999999873e+01 1.858967205999999805e+03 1.945618999999999915e+03
1.465999999999999837e+01 1.034711112000000099e+01 1.859393073999999842e+03 1.945618999999999915e+03
1.466500000000000092e+01 1.037562576000000014e+01 1.859155451999999968e+03 1.945618999999999915e+03
1.466999999999999993e+01 1.035859104000000031e+01 1.859297407999999905e+03 1.945618999999999915e+03
1.467499999999999893e+01 1.031896680000000011e+01 1.859627610000000004e+03 1.945618999999999915e+03
1.467999999999999794e+01 1.033600151999999994e+01 1.859485653999999840e+03 1.945618999999999915e+03
1.468500000000000050e+01 1.035266591999999974e+01 1.859346783999999843e+03 1.945618999999999915e+03
1.468999999999999950e+01 1.034155632000000047e+01 1.859439363999999841e+03 1.945618999999999915e+03
1.469499999999999851e+01 1.038673535999999942e+01 1.859062871999999970e+03 1.945618999999999915e+03
1.470000000000000107e+01 1.040377007999999925e+01 1.858920916000000034e+03 1.945618999999999915e+03
1.470500000000000007e+01 1.036970063999999958e+01 1.859204827999999907e+03 1.945618999999999915e+03
1.470999999999999908e+01 1.034711112000000099e+01 1.859393073999999842e+03 1.945618999999999915e+03
1.471499999999999808e+01 1.030748687999999902e+01 1.859723275999999942e+03 1.945618999999999915e+03
1.472000000000000064e+01 1.032452160000000063e+01 1.859581320000000005e+03 1.945618999999999915e+03
1.472499999999999964e+01 1.034155632000000047e+01 1.859439363999999841e+03 1.945618999999999915e+03
1.472999999999999865e+01 1.035266591999999974e+01 1.859346783999999843e+03 1.945618999999999915e+03
1.473500000000000121e+01 1.041487968000000031e+01 1.858828335999999808e+03 1.945618999999999915e+03
1.474000000000000021e+01 1.041487968000000031e+01 1.858828335999999808e+03 1.945618999999999915e+03
1.474499999999999922e+01 1.036414584000000083e+01 1.859251117999999906e+03 1.945618999999999915e+03
1.474999999999999822e+01 1.036970063999999958e+01 1.859204827999999907e+03 1.945618999999999915e+03
1.475500000000000078e+01 1.033600151999999994e+01 1.859485653999999840e+03 1.945618999999999915e+03
1.475999999999999979e+01 1.030748687999999902e+01 1.859723275999999942e+03 1.945618999999999915e+03
1.476499999999999879e+01 1.033007639999999938e+01 1.859535030000000006e+03 1.945618999999999915e+03
1.476999999999999780e+01 1.035859104000000031e+01 1.859297407999999905e+03 1.945618999999999915e+03
1.477500000000000036e+01 1.031341199999999958e+01 1.859673900000000003e+03 1.945618999999999915e+03
1.477999999999999936e+01 1.034711112000000099e+01 1.859393073999999842e+03 1.945618999999999915e+03
1.478499999999999837e+01 1.043191440000000014e+01 1.858686379999999872e+03 1.945618999999999915e+03
1.479000000000000092e+01 1.038118056000000067e+01 1.859109161999999969e+03 1.945618999999999915e+03
1.479499999999999993e+01 1.037562576000000014e+01 1.859155451999999968e+03 1.945618999999999915e+03
1.479999999999999893e+01 1.035266591999999974e+01 1.859346783999999843e+03 1.945618999999999915e+03
1.480499999999999794e+01 1.035266591999999974e+01 1.859346783999999843e+03 1.945618999999999915e+03
1.481000000000000050e+01 1.035859104000000031e+01 1.859297407999999905e+03 1.945618999999999915e+03
1.481499999999999950e+01 1.042080479999999909e+01 1.858778959999999870e+03 1.945618999999999915e+03
1.481999999999999851e+01 1.039229015999999994e+01 1.859016581999999971e+03 1.945618999999999915e+03
1.482500000000000107e+01 1.039821527999999873e+01 1.858967205999999805e+03 1.945618999999999915e+03
1.483000000000000007e+01 1.035859104000000031e+01 1.859297407999999905e+03 1.945618999999999915e+03
1.483499999999999908e+01 1.039229015999999994e+01 1.859016581999999971e+03 1.945618999999999915e+03
1.483999999999999808e+01 1.029082247999999922e+01 1.859862145999999939e+03 1.945618999999999915e+03
1.484500000000000064e+01 1.035266591999999974e+01 1.859346783999999843e+03 1.945618999999999915e+03
1.484999999999999964e+01 1.029637727999999974e+01 1.859815855999999940e+03 1.945618999999999915e+03
1.485499999999999865e+01 1.031896680000000011e+01 1.859627610000000004e+03 1.945618999999999915e+03
1.486000000000000121e+01 1.027934255999999991e+01 1.859957811999999876e+03 1.945618999999999915e+03
1.486500000000000021e+01 1.036414584000000083e+01 1.859251117999999906e+03 1.945618999999999915e+03
1.486999999999999922e+01 1.036414584000000083e+01 1.859251117999999906e+03 1.945618999999999915e+03
1.487499999999999822e+01 1.029082247999999922e+01 1.859862145999999939e+03 1.945618999999999915e+03
1.488000000000000078e+01 1.029637727999999974e+01 1.859815855999999940e+03 1.945618999999999915e+03
1.488499999999999979e+01 1.030748687999999902e+01 1.859723275999999942e+03 1.945618999999999915e+03
1.488999999999999879e+01 1.029637727999999974e+01 1.859815855999999940e+03 1.945618999999999915e+03
1.489499999999999780e+01 1.033600151999999994e+01 1.859485653999999840e+03 1.945618999999999915e+03
1.490000000000000036e+01 1.042080479999999909e+01 1.858778959999999870e+03 1.945618999999999915e+03
1.490499999999999936e+01 1.039229015999999994e+01 1.859016581999999971e+03 1.945618999999999915e+03
1.490999999999999837e+01 1.037562576000000014e+01 1.859155451999999968e+03 1.945618999999999915e+03
1.491500000000000092e+01 1.030193208000000027e+01 1.859769565999999941e+03 1.945618999999999915e+03
1.491999999999999993e+01 1.035859104000000031e+01 1.859297407999999905e+03 1.945618999999999915e+03
1.492499999999999893e+01 1.031896680000000011e+01 1.859627610000000004e+03 1.945618999999999915e+03
1.492999999999999794e+01 1.031341199999999958e+01 1.859673900000000003e+03 1.945618999999999915e+03
1.493500000000000050e+01 1.027934255999999991e+01 1.859957811999999876e+03 1.945618999999999915e+03
1.493999999999999950e+01 1.034711112000000099e+01 1.859393073999999842e+03 1.945618999999999915e+03
1.494499999999999851e+01 1.034155632000000047e+01 1.859439363999999841e+03 1.945618999999999915e+03
1.495000000000000107e+01 1.039821527999999873e+01 1.858967205999999805e+03 1.945618999999999915e+03
1.495500000000000007e+01 1.037562576000000014e+01 1.859155451999999968e+03 1.945618999999999915e+03
1.495999999999999908e+01 1.035266591999999974e+01 1.859346783999999843e+03 1.945618999999999915e+03
1.496499999999999808e+01 1.032452160000000063e+01 1.859581320000000005e+03 1.945618999999999915e+03
1.497000000000000064e+01 1.034711112000000099e+01 1.859393073999999842e+03 1.945618999999999915e+03
1.497499999999999964e+01 1.030193208000000027e+01 1.859769565999999941e+03 1.945618999999999915e+03
1.497999999999999865e+01 1.038118056000000067e+01 1.859109161999999969e+03 1.945618999999999915e+03
1.498500000000000121e+01 1.039229015999999994e+01 1.859016581999999971e+03 1.945618999999999915e+03
1.499000000000000021e+01 1.030748687999999902e+01 1.859723275999999942e+03 1.945618999999999915e+03
1.499499999999999922e+01 1.026823296000000063e+01 1.860050391999999874e+03 1.945618999999999915e+03
1.499999999999999822e+01 1.033007639999999938e+01 1.859535030000000006e+03 1.945618999999999915e+03
1.500500000000000078e+01 1.025675303999999954e+01 1.860146057999999812e+03 1.945618999999999915e+03
1.500999999999999979e+01 1.031896680000000011e+01 1.859627610000000004e+03 1.945618999999999915e+03
1.501499999999999879e+01 1.024564344000000027e+01 1.860238637999999810e+03 1.945618999999999915e+03
1.501999999999999780e+01 1.030748687999999902e+01 1.859723275999999942e+03 1.945618999999999915e+03
1.502500000000000036e+01 1.029637727999999974e+01 1.859815855999999940e+03 1.945618999999999915e+03
1.502999999999999936e+01 1.034711112000000099e+01 1.859393073999999842e+03 1.945618999999999915e+03
1.503499999999999837e+01 1.031896680000000011e+01 1.859627610000000004e+03 1.945618999999999915e+03
1.504000000000000092e+01 1.031341199999999958e+01 1.859673900000000003e+03 1.945618999999999915e+03
1.504499999999999993e+01 1.028489735999999866e+01 1.859911521999999877e+03 1.945618999999999915e+03
1.504999999999999893e+01 1.033600151999999994e+01 1.859485653999999840e+03 1.945618999999999915e+03
1.505499999999999794e+01 1.029082247999999922e+01 1.859862145999999939e+03 1.945618999999999915e+03
1.506000000000000050e+01 1.030193208000000027e+01 1.859769565999999941e+03 1.945618999999999915e+03
1.506499999999999950e+01 1.031341199999999958e+01 1.859673900000000003e+03 1.945618999999999915e+03
1.506999999999999851e+01 1.033007639999999938e+01 1.859535030000000006e+03 1.945618999999999915e+03
1.507500000000000107e+01 1.034711112000000099e+01 1.859393073999999842e+03 1.945618999999999915e+03
1.508000000000000007e+01 1.033007639999999938e+01 1.859535030000000006e+03 1.945618999999999915e+03
1.508499999999999908e+01 1.023971831999999971e+01 1.860288013999999976e+03 1.945618999999999915e+03
1.508999999999999808e+01 1.028489735999999866e+01 1.859911521999999877e+03 1.945618999999999915e+03
1.509500000000000064e+01 1.026823296000000063e+01 1.860050391999999874e+03 1.945618999999999915e+03
1.509999999999999964e+01 1.027934255999999991e+01 1.859957811999999876e+03 1.945618999999999915e+03
1.510499999999999865e+01 1.028489735999999866e+01 1.859911521999999877e+03 1.945618999999999915e+03
1.511000000000000121e+01 1.035859104000000031e+01 1.859297407999999905e+03 1.945618999999999915e+03
1.511500000000000021e+01 1.029637727999999974e+01 1.859815855999999940e+03 1.945618999999999915e+03
1.511999999999999922e+01 1.031341199999999958e+01 1.859673900000000003e+03 1.945618999999999915e+03
1.512499999999999822e+01 1.029637727999999974e+01 1.859815855999999940e+03 1.945618999999999915e+03
1.513000000000000078e+01 1.033007639999999938e+01 1.859535030000000006e+03 1.945618999999999915e+03
1.513499999999999979e+01 1.030193208000000027e+01 1.859769565999999941e+03 1.945618999999999915e+03
1.513999999999999879e+01 1.027934255999999991e+01 1.859957811999999876e+03 1.945618999999999915e+03
1.514499999999999780e+01 1.032452160000000063e+01 1.859581320000000005e+03 1.945618999999999915e+03
1.515000000000000036e+01 1.034155632000000047e+01 1.859439363999999841e+03 1.945618999999999915e+03
1.515499999999999936e+01 1.030193208000000027e+01 1.859769565999999941e+03 1.945618999999999915e+03
1.515999999999999837e+01 1.030748687999999902e+01 1.859723275999999942e+03 1.945618999999999915e+03
1.516500000000000092e+01 1.030193208000000027e+01 1.859769565999999941e+03 1.945618999999999915e+03
1.516999999999999993e+01 1.030748687999999902e+01 1.859723275999999942e+03 1.945618999999999915e+03
1.517499999999999893e+01 1.029082247999999922e+01 1.859862145999999939e+03 1.945618999999999915e+03
1.517999999999999794e+01 1.034711112000000099e+01 1.859393073999999842e+03 1.945618999999999915e+03
1.518500000000000050e+01 1.027378775999999938e+01 1.860004101999999875e+03 1.945618999999999915e+03
1.518999999999999950e+01 1.029082247999999922e+01 1.859862145999999939e+03 1.945618999999999915e+03
1.519499999999999851e+01 1.029082247999999922e+01 1.859862145999999939e+03 1.945618999999999915e+03
1.520000000000000107e+01 1.027378775999999938e+01 1.860004101999999875e+03 1.945618999999999915e+03
1.520500000000000007e+01 1.025119824000000079e+01 1.860192347999999811e+03 1.945618999999999915e+03
1.520999999999999908e+01 1.033600151999999994e+01 1.859485653999999840e+03 1.945618999999999915e+03
1.521499999999999808e+01 1.029637727999999974e+01 1.859815855999999940e+03 1.945618999999999915e+03
1.522000000000000064e+01 1.031341199999999958e+01 1.859673900000000003e+03 1.945618999999999915e+03
1.522499999999999964e+01 1.027934255999999991e+01 1.859957811999999876e+03 1.945618999999999915e+03
1.522999999999999865e+01 1.033007639999999938e+01 1.859535030000000006e+03 1.945618999999999915e+03
1.523500000000000121e+01 1.028489735999999866e+01 1.859911521999999877e+03 1.945618999999999915e+03
1.524000000000000021e+01 1.025119824000000079e+01 1.860192347999999811e+03 1.945618999999999915e+03
1.524499999999999922e+01 1.029637727999999974e+01 1.859815855999999940e+03 1.945618999999999915e+03
1.524999999999999822e+01 1.029637727999999974e+01 1.859815855999999940e+03 1.945618999999999915e+03
1.525500000000000078e+01 1.027934255999999991e+01 1.859957811999999876e+03 1.945618999999999915e+03
1.525999999999999979e+01 1.031341199999999958e+01 1.859673900000000003e+03 1.945618999999999915e+03
1.526499999999999879e+01 1.030748687999999902e+01 1.859723275999999942e+03 1.945618999999999915e+03
1.526999999999999780e+01 1.034155632000000047e+01 1.859439363999999841e+03 1.945618999999999915e+03
1.527500000000000036e+01 1.031896680000000011e+01 1.859627610000000004e+03 1.945618999999999915e+03
1.527999999999999936e+01 1.032452160000000063e+01 1.859581320000000005e+03 1.945618999999999915e+03
1.528499999999999837e+01 1.028489735999999866e+01 1.859911521999999877e+03 1.945618999999999915e+03
1.529000000000000092e+01 1.031896680000000011e+01 1.859627610000000004e+03 1.945618999999999915e+03
1.529499999999999993e+01 1.023416351999999918e+01 1.860334303999999975e+03 1.945618999999999915e+03
1.529999999999999893e+01 1.025119824000000079e+01 1.860192347999999811e+03 1.945618999999999915e+03
1.530499999999999794e+01 1.023416351999999918e+01 1.860334303999999975e+03 1.945618999999999915e+03
1.531000000000000050e+01 1.026230783999999829e+01 1.860099768000000040e+03 1.945618999999999915e+03
1.531499999999999950e+01 1.026230783999999829e+01 1.860099768000000040e+03 1.945618999999999915e+03
1.531999999999999851e+01 1.023971831999999971e+01 1.860288013999999976e+03 1.945618999999999915e+03
1.532500000000000107e+01 1.025119824000000079e+01 1.860192347999999811e+03 1.945618999999999915e+03
1.533000000000000007e+01 1.030748687999999902e+01 1.859723275999999942e+03 1.945618999999999915e+03
1.533499999999999908e+01 1.030748687999999902e+01 1.859723275999999942e+03 1.945618999999999915e+03
1.533999999999999808e+01 1.022268359999999987e+01 1.860429969999999912e+03 1.945618999999999915e+03
1.534500000000000064e+01 1.029637727999999974e+01 1.859815855999999940e+03 1.945618999999999915e+03
1.534999999999999964e+01 1.029082247999999922e+01 1.859862145999999939e+03 1.945618999999999915e+03
1.535499999999999865e+01 1.022860872000000043e+01 1.860380593999999974e+03 1.945618999999999915e+03
1.536000000000000121e+01 1.028489735999999866e+01 1.859911521999999877e+03 1.945618999999999915e+03
1.536500000000000021e+01 1.029082247999999922e+01 1.859862145999999939e+03 1.945618999999999915e+03
1.536999999999999922e+01 1.029082247999999922e+01 1.859862145999999939e+03 1.945618999999999915e+03
1.537499999999999822e+01 1.028489735999999866e+01 1.859911521999999877e+03 1.945618999999999915e+03
1.538000000000000078e+01 1.025675303999999954e+01 1.860146057999999812e+03 1.945618999999999915e+03
1.538499999999999979e+01 1.029637727999999974e+01 1.859815855999999940e+03 1.945618999999999915e+03
1.538999999999999879e+01 1.035859104000000031e+01 1.859297407999999905e+03 1.945618999999999915e+03
1.539499999999999780e+01 1.031341199999999958e+01 1.859673900000000003e+03 1.945618999999999915e+03
1.540000000000000036e+01 1.025675303999999954e+01 1.860146057999999812e+03 1.945618999999999915e+03
1.540499999999999936e+01 1.021712879999999934e+01 1.860476259999999911e+03 1.945618999999999915e+03
1.540999999999999837e+01 1.025119824000000079e+01 1.860192347999999811e+03 1.945618999999999915e+03
1.541500000000000092e+01 1.029637727999999974e+01 1.859815855999999940e+03 1.945618999999999915e+03
1.541999999999999993e+01 1.026230783999999829e+01 1.860099768000000040e+03 1.945618999999999915e+03
1.542499999999999893e+01 1.025119824000000079e+01 1.860192347999999811e+03 1.945618999999999915e+03
1.542999999999999794e+01 1.026230783999999829e+01 1.860099768000000040e+03 1.945618999999999915e+03
1.543500000000000050e+01 1.025675303999999954e+01 1.860146057999999812e+03 1.945618999999999915e+03
1.543999999999999950e+01 1.021157399999999882e+01 1.860522549999999910e+03 1.945618999999999915e+03
1.544499999999999851e+01 1.028489735999999866e+01 1.859911521999999877e+03 1.945618999999999915e+03
1.545000000000000107e+01 1.030193208000000027e+01 1.859769565999999941e+03 1.945618999999999915e+03
1.545500000000000007e+01 1.028489735999999866e+01 1.859911521999999877e+03 1.945618999999999915e+03
1.545999999999999908e+01 1.027378775999999938e+01 1.860004101999999875e+03 1.945618999999999915e+03
1.546499999999999808e+01 1.028489735999999866e+01 1.859911521999999877e+03 1.945618999999999915e+03
1.547000000000000064e+01 1.024564344000000027e+01 1.860238637999999810e+03 1.945618999999999915e+03
1.547499999999999964e+01 1.021157399999999882e+01 1.860522549999999910e+03 1.945618999999999915e+03
1.547999999999999865e+01 1.021712879999999934e+01 1.860476259999999911e+03 1.945618999999999915e+03
1.548500000000000121e+01 1.026230783999999829e+01 1.860099768000000040e+03 1.945618999999999915e+03
1.549000000000000021e+01 1.023971831999999971e+01 1.860288013999999976e+03 1.945618999999999915e+03
1.549499999999999922e+01 1.026823296000000063e+01 1.860050391999999874e+03 1.945618999999999915e+03
1.549999999999999822e+01 1.021712879999999934e+01 1.860476259999999911e+03 1.945618999999999915e+03
1.550500000000000078e+01 1.025675303999999954e+01 1.860146057999999812e+03 1.945618999999999915e+03
1.550999999999999979e+01 1.030193208000000027e+01 1.859769565999999941e+03 1.945618999999999915e+03
1.551499999999999879e+01 1.025119824000000079e+01 1.860192347999999811e+03 1.945618999999999915e+03
1.551999999999999780e+01 1.020601920000000007e+01 1.860568839999999909e+03 1.945618999999999915e+03
1.552500000000000036e+01 1.026230783999999829e+01 1.860099768000000040e+03 1.945618999999999915e+03
1.552999999999999936e+01 1.026823296000000063e+01 1.860050391999999874e+03 1.945618999999999915e+03
1.553499999999999837e+01 1.023416351999999918e+01 1.860334303999999975e+03 1.945618999999999915e+03
1.554000000000000092e+01 1.027934255999999991e+01 1.859957811999999876e+03 1.945618999999999915e+03
1.554499999999999993e+01 1.024564344000000027e+01 1.860238637999999810e+03 1.945618999999999915e+03
1.554999999999999893e+01 1.028489735999999866e+01 1.859911521999999877e+03 1.945618999999999915e+03
1.555499999999999794e+01 1.022268359999999987e+01 1.860429969999999912e+03 1.945618999999999915e+03
1.556000000000000050e+01 1.022268359999999987e+01 1.860429969999999912e+03 1.945618999999999915e+03
1.556499999999999950e+01 1.018342967999999971e+01 1.860757085999999845e+03 1.945618999999999915e+03
1.556999999999999851e+01 1.026823296000000063e+01 1.860050391999999874e+03 1.945618999999999915e+03
1.557500000000000107e+01 1.028489735999999866e+01 1.859911521999999877e+03 1.945618999999999915e+03
1.558000000000000007e+01 1.026230783999999829e+01 1.860099768000000040e+03 1.945618999999999915e+03
1.558499999999999908e+01 1.025675303999999954e+01 1.860146057999999812e+03 1.945618999999999915e+03
1.558999999999999808e+01 1.027934255999999991e+01 1.859957811999999876e+03 1.945618999999999915e+03
1.559500000000000064e+01 1.027934255999999991e+01 1.859957811999999876e+03 1.945618999999999915e+03
1.559999999999999964e+01 1.025675303999999954e+01 1.860146057999999812e+03 1.945618999999999915e+03
1.560499999999999865e+01 1.021157399999999882e+01 1.860522549999999910e+03 1.945618999999999915e+03
1.561000000000000121e+01 1.025119824000000079e+01 1.860192347999999811e+03 1.945618999999999915e+03
1.561500000000000021e+01 1.025119824000000079e+01 1.860192347999999811e+03 1.945618999999999915e+03
1.561999999999999922e+01 1.022268359999999987e+01 1.860429969999999912e+03 1.945618999999999915e+03
1.562499999999999822e+01 1.025675303999999954e+01 1.860146057999999812e+03 1.945618999999999915e+03
1.563000000000000078e+01 1.029637727999999974e+01 1.859815855999999940e+03 1.945618999999999915e+03
1.563499999999999979e+01 1.025119824000000079e+01 1.860192347999999811e+03 1.945618999999999915e+03
1.563999999999999879e+01 1.022860872000000043e+01 1.860380593999999974e+03 1.945618999999999915e+03
1.564499999999999780e+01 1.023416351999999918e+01 1.860334303999999975e+03 1.945618999999999915e+03
1.565000000000000036e+01 1.017750455999999915e+01 1.860806462000000010e+03 1.945618999999999915e+03
1.565499999999999936e+01 1.025119824000000079e+01 1.860192347999999811e+03 1.945618999999999915e+03
1.565999999999999837e+01 1.028489735999999866e+01 1.859911521999999877e+03 1.945618999999999915e+03
1.566500000000000092e+01 1.025119824000000079e+01 1.860192347999999811e+03 1.945618999999999915e+03
1.566999999999999993e+01 1.024564344000000027e+01 1.860238637999999810e+03 1.945618999999999915e+03
1.567499999999999893e+01 1.023416351999999918e+01 1.860334303999999975e+03 1.945618999999999915e+03
1.567999999999999794e+01 1.029082247999999922e+01 1.859862145999999939e+03 1.945618999999999915e+03
1.568500000000000050e+01 1.025119824000000079e+01 1.860192347999999811e+03 1.945618999999999915e+03
1.568999999999999950e+01 1.021157399999999882e+01 1.860522549999999910e+03 1.945618999999999915e+03
1.569499999999999851e+01 1.018342967999999971e+01 1.860757085999999845e+03 1.945618999999999915e+03
1.570000000000000107e+01 1.018342967999999971e+01 1.860757085999999845e+03 1.945618999999999915e+03
1.570500000000000007e+01 1.023416351999999918e+01 1.860334303999999975e+03 1.945618999999999915e+03
1.570999999999999908e+01 1.016639495999999809e+01 1.860899042000000009e+03 1.945618999999999915e+03
1.571499999999999808e+01 1.022860872000000043e+01 1.860380593999999974e+03 1.945618999999999915e+03
1.572000000000000064e+01 1.028489735999999866e+01 1.859911521999999877e+03 1.945618999999999915e+03
1.572499999999999964e+01 1.027378775999999938e+01 1.860004101999999875e+03 1.945618999999999915e+03
1.572999999999999865e+01 1.017750455999999915e+01 1.860806462000000010e+03 1.945618999999999915e+03
1.573500000000000121e+01 1.025675303999999954e+01 1.860146057999999812e+03 1.945618999999999915e+03
1.574000000000000021e+01 1.027934255999999991e+01 1.859957811999999876e+03 1.945618999999999915e+03
1.574499999999999922e+01 1.024564344000000027e+01 1.860238637999999810e+03 1.945618999999999915e+03
1.574999999999999822e+01 1.026230783999999829e+01 1.860099768000000040e+03 1.945618999999999915e+03
1.575500000000000078e+01 1.020009407999999951e+01 1.860618215999999848e+03 1.945618999999999915e+03
1.575999999999999979e+01 1.026823296000000063e+01 1.860050391999999874e+03 1.945618999999999915e+03
1.576499999999999879e+01 1.020009407999999951e+01 1.860618215999999848e+03 1.945618999999999915e+03
1.576999999999999780e+01 1.026230783999999829e+01 1.860099768000000040e+03 1.945618999999999915e+03
1.577500000000000036e+01 1.026230783999999829e+01 1.860099768000000040e+03 1.945618999999999915e+03
1.577999999999999936e+01 1.022860872000000043e+01 1.860380593999999974e+03 1.945618999999999915e+03
1.578499999999999837e+01 1.026823296000000063e+01 1.860050391999999874e+03 1.945618999999999915e+03
1.579000000000000092e+01 1.023971831999999971e+01 1.860288013999999976e+03 1.945618999999999915e+03
1.579499999999999993e+01 1.027378775999999938e+01 1.860004101999999875e+03 1.945618999999999915e+03
1.579999999999999893e+01 1.025119824000000079e+01 1.860192347999999811e+03 1.945618999999999915e+03
1.580499999999999794e+01 1.021157399999999882e+01 1.860522549999999910e+03 1.945618999999999915e+03
1.581000000000000050e+01 1.023971831999999971e+01 1.860288013999999976e+03 1.945618999999999915e+03
1.581499999999999950e+01 1.020009407999999951e+01 1.860618215999999848e+03 1.945618999999999915e+03
1.581999999999999851e+01 1.018898447999999846e+01 1.860710795999999846e+03 1.945618999999999915e+03
1.582500000000000107e+01 1.020601920000000007e+01 1.860568839999999909e+03 1.945618999999999915e+03
1.583000000000000007e+01 1.023416351999999918e+01 1.860334303999999975e+03 1.945618999999999915e+03
1.583499999999999908e+01 1.017750455999999915e+01 1.860806462000000010e+03 1.945618999999999915e+03
1.583999999999999808e+01 1.024564344000000027e+01 1.860238637999999810e+03 1.945618999999999915e+03
1.584500000000000064e+01 1.021157399999999882e+01 1.860522549999999910e+03 1.945618999999999915e+03
1.584999999999999964e+01 1.025119824000000079e+01 1.860192347999999811e+03 1.945618999999999915e+03
1.585499999999999865e+01 1.021712879999999934e+01 1.860476259999999911e+03 1.945618999999999915e+03
1.586000000000000121e+01 1.021712879999999934e+01 1.860476259999999911e+03 1.945618999999999915e+03
1.586500000000000021e+01 1.018898447999999846e+01 1.860710795999999846e+03 1.945618999999999915e+03
1.586999999999999922e+01 1.021157399999999882e+01 1.860522549999999910e+03 1.945618999999999915e+03
1.587499999999999822e+01 1.025119824000000079e+01 1.860192347999999811e+03 1.945618999999999915e+03
1.588000000000000078e+01 1.022860872000000043e+01 1.860380593999999974e+03 1.945618999999999915e+03
1.588499999999999979e+01 1.020601920000000007e+01 1.860568839999999909e+03 1.945618999999999915e+03
1.588999999999999879e+01 1.017194975999999862e+01 1.860852752000000010e+03 1.945618999999999915e+03
1.589499999999999780e+01 1.019453927999999898e+01 1.860664505999999847e+03 1.945618999999999915e+03
1.590000000000000036e+01 1.020009407999999951e+01 1.860618215999999848e+03 1.945618999999999915e+03
1.590499999999999936e+01 1.016639495999999809e+01 1.860899042000000009e+03 1.945618999999999915e+03
1.590999999999999837e+01 1.017750455999999915e+01 1.860806462000000010e+03 1.945618999999999915e+03
1.591500000000000092e+01 1.021712879999999934e+01 1.860476259999999911e+03 1.945618999999999915e+03
1.591999999999999993e+01 1.018898447999999846e+01 1.860710795999999846e+03 1.945618999999999915e+03
1.592499999999999893e+01 1.016084015999999934e+01 1.860945332000000008e+03 1.945618999999999915e+03
1.592999999999999794e+01 1.025119824000000079e+01 1.860192347999999811e+03 1.945618999999999915e+03
1.593500000000000050e+01 1.020009407999999951e+01 1.860618215999999848e+03 1.945618999999999915e+03
1.593999999999999950e+01 1.023971831999999971e+01 1.860288013999999976e+03 1.945618999999999915e+03
1.594499999999999851e+01 1.018898447999999846e+01 1.860710795999999846e+03 1.945618999999999915e+03
1.595000000000000107e+01 1.022268359999999987e+01 1.860429969999999912e+03 1.945618999999999915e+03
1.595500000000000007e+01 1.018898447999999846e+01 1.860710795999999846e+03 1.945618999999999915e+03
1.595999999999999908e+01 1.017194975999999862e+01 1.860852752000000010e+03 1.945618999999999915e+03
1.596499999999999808e+01 1.018342967999999971e+01 1.860757085999999845e+03 1.945618999999999915e+03
1.597000000000000064e+01 1.026230783999999829e+01 1.860099768000000040e+03 1.945618999999999915e+03
1.597499999999999964e+01 1.022860872000000043e+01 1.860380593999999974e+03 1.945618999999999915e+03
1.597999999999999865e+01 1.027378775999999938e+01 1.860004101999999875e+03 1.945618999999999915e+03
1.598500000000000121e+01 1.021157399999999882e+01 1.860522549999999910e+03 1.945618999999999915e+03
1.599000000000000021e+01 1.019453927999999898e+01 1.860664505999999847e+03 1.945618999999999915e+03
1.599499999999999922e+01 1.021157399999999882e+01 1.860522549999999910e+03 1.945618999999999915e+03
1.599999999999999822e+01 1.016639495999999809e+01 1.860899042000000009e+03 1.945618999999999915e+03
1.600500000000000256e+01 1.023416351999999918e+01 1.860334303999999975e+03 1.945618999999999915e+03
1.600999999999999801e+01 1.023971831999999971e+01 1.860288013999999976e+03 1.945618999999999915e+03
1.601500000000000057e+01 1.018898447999999846e+01 1.860710795999999846e+03 1.945618999999999915e+03
1.601999999999999602e+01 1.019453927999999898e+01 1.860664505999999847e+03 1.945618999999999915e+03
1.602499999999999858e+01 1.017194975999999862e+01 1.860852752000000010e+03 1.945618999999999915e+03
1.603000000000000114e+01 1.018342967999999971e+01 1.860757085999999845e+03 1.945618999999999915e+03
1.603499999999999659e+01 1.016639495999999809e+01 1.860899042000000009e+03 1.945618999999999915e+03
1.603999999999999915e+01 1.015491503999999878e+01 1.860994707999999946e+03 1.945618999999999915e+03
1.604500000000000171e+01 1.018342967999999971e+01 1.860757085999999845e+03 1.945618999999999915e+03
1.604999999999999716e+01 1.023416351999999918e+01 1.860334303999999975e+03 1.945618999999999915e+03
1.605499999999999972e+01 1.023971831999999971e+01 1.860288013999999976e+03 1.945618999999999915e+03
1.606000000000000227e+01 1.020601920000000007e+01 1.860568839999999909e+03 1.945618999999999915e+03
1.606499999999999773e+01 1.014380543999999951e+01 1.861087287999999944e+03 1.945618999999999915e+03
1.607000000000000028e+01 1.019453927999999898e+01 1.860664505999999847e+03 1.945618999999999915e+03
1.607500000000000284e+01 1.021712879999999934e+01 1.860476259999999911e+03 1.945618999999999915e+03
1.607999999999999829e+01 1.016084015999999934e+01 1.860945332000000008e+03 1.945618999999999915e+03
1.608500000000000085e+01 1.014936023999999826e+01 1.861040997999999945e+03 1.945618999999999915e+03
1.608999999999999631e+01 1.012121591999999914e+01 1.861275533999999880e+03 1.945618999999999915e+03
1.609499999999999886e+01 1.021712879999999934e+01 1.860476259999999911e+03 1.945618999999999915e+03
1.610000000000000142e+01 1.022268359999999987e+01 1.860429969999999912e+03 1.945618999999999915e+03
1.610499999999999687e+01 1.021157399999999882e+01 1.860522549999999910e+03 1.945618999999999915e+03
1.610999999999999943e+01 1.017750455999999915e+01 1.860806462000000010e+03 1.945618999999999915e+03
1.611500000000000199e+01 1.021712879999999934e+01 1.860476259999999911e+03 1.945618999999999915e+03
1.611999999999999744e+01 1.014380543999999951e+01 1.861087287999999944e+03 1.945618999999999915e+03
1.612500000000000000e+01 1.017194975999999862e+01 1.860852752000000010e+03 1.945618999999999915e+03
1.613000000000000256e+01 1.014936023999999826e+01 1.861040997999999945e+03 1.945618999999999915e+03
1.613499999999999801e+01 1.018898447999999846e+01 1.860710795999999846e+03 1.945618999999999915e+03
1.614000000000000057e+01 1.018898447999999846e+01 1.860710795999999846e+03 1.945618999999999915e+03
1.614499999999999602e+01 1.018898447999999846e+01 1.860710795999999846e+03 1.945618999999999915e+03
1.614999999999999858e+01 1.019453927999999898e+01 1.860664505999999847e+03 1.945618999999999915e+03
1.615500000000000114e+01 1.017750455999999915e+01 1.860806462000000010e+03 1.945618999999999915e+03
1.615999999999999659e+01 1.011566112000000039e+01 1.861321823999999879e+03 1.945618999999999915e+03
1.616499999999999915e+01 1.015491503999999878e+01 1.860994707999999946e+03 1.945618999999999915e+03
1.617000000000000171e+01 1.012121591999999914e+01 1.861275533999999880e+03 1.945618999999999915e+03
1.617499999999999716e+01 1.013825064000000076e+01 1.861133577999999943e+03 1.945618999999999915e+03
1.617999999999999972e+01 1.017194975999999862e+01 1.860852752000000010e+03 1.945618999999999915e+03
1.618500000000000227e+01 1.020009407999999951e+01 1.860618215999999848e+03 1.945618999999999915e+03
1.618999999999999773e+01 1.014936023999999826e+01 1.861040997999999945e+03 1.945618999999999915e+03
1.619500000000000028e+01 1.017194975999999862e+01 1.860852752000000010e+03 1.945618999999999915e+03
1.620000000000000284e+01 1.015491503999999878e+01 1.860994707999999946e+03 1.945618999999999915e+03
1.620499999999999829e+01 1.014936023999999826e+01 1.861040997999999945e+03 1.945618999999999915e+03
1.621000000000000085e+01 1.016084015999999934e+01 1.860945332000000008e+03 1.945618999999999915e+03
1.621499999999999631e+01 1.018342967999999971e+01 1.860757085999999845e+03 1.945618999999999915e+03
1.621999999999999886e+01 1.022860872000000043e+01 1.860380593999999974e+03 1.945618999999999915e+03
1.622500000000000142e+01 1.014936023999999826e+01 1.861040997999999945e+03 1.945618999999999915e+03
1.622999999999999687e+01 1.023971831999999971e+01 1.860288013999999976e+03 1.945618999999999915e+03
1.623499999999999943e+01 1.017750455999999915e+01 1.860806462000000010e+03 1.945618999999999915e+03
1.624000000000000199e+01 1.016084015999999934e+01 1.860945332000000008e+03 1.945618999999999915e+03
1.624499999999999744e+01 1.009307160000000003e+01 1.861510069999999814e+03 1.945618999999999915e+03
1.625000000000000000e+01 1.008159167999999895e+01 1.861605735999999979e+03 1.945618999999999915e+03
1.625500000000000256e+01 1.009307160000000003e+01 1.861510069999999814e+03 1.945618999999999915e+03
1.625999999999999801e+01 1.009307160000000003e+01 1.861510069999999814e+03 1.945618999999999915e+03
1.626500000000000057e+01 1.014380543999999951e+01 1.861087287999999944e+03 1.945618999999999915e+03
1.626999999999999602e+01 1.015491503999999878e+01 1.860994707999999946e+03 1.945618999999999915e+03
1.627499999999999858e+01 1.014380543999999951e+01 1.861087287999999944e+03 1.945618999999999915e+03
1.628000000000000114e+01 1.017750455999999915e+01 1.860806462000000010e+03 1.945618999999999915e+03
1.628499999999999659e+01 1.013232552000000020e+01 1.861182953999999881e+03 1.945618999999999915e+03
1.628999999999999915e+01 1.010973599999999983e+01 1.861371199999999817e+03 1.945618999999999915e+03
1.629500000000000171e+01 1.008714647999999947e+01 1.861559445999999980e+03 1.945618999999999915e+03
1.629999999999999716e+01 1.013825064000000076e+01 1.861133577999999943e+03 1.945618999999999915e+03
1.630499999999999972e+01 1.016084015999999934e+01 1.860945332000000008e+03 1.945618999999999915e+03
1.631000000000000227e+01 1.014380543999999951e+01 1.861087287999999944e+03 1.945618999999999915e+03
1.631499999999999773e+01 1.013825064000000076e+01 1.861133577999999943e+03 1.945618999999999915e+03
1.632000000000000028e+01 1.012677071999999967e+01 1.861229243999999881e+03 1.945618999999999915e+03
1.632500000000000284e+01 1.008159167999999895e+01 1.861605735999999979e+03 1.945618999999999915e+03
1.632999999999999829e+01 1.009862639999999878e+01 1.861463779999999815e+03 1.945618999999999915e+03
1.633500000000000085e+01 1.012121591999999914e+01 1.861275533999999880e+03 1.945618999999999915e+03
1.633999999999999631e+01 1.008714647999999947e+01 1.861559445999999980e+03 1.945618999999999915e+03
1.634499999999999886e+01 1.009307160000000003e+01 1.861510069999999814e+03 1.945618999999999915e+03
1.635000000000000142e+01 1.016639495999999809e+01 1.860899042000000009e+03 1.945618999999999915e+03
1.635499999999999687e+01 1.016639495999999809e+01 1.860899042000000009e+03 1.945618999999999915e+03
1.635999999999999943e+01 1.007603687999999842e+01 1.861652025999999978e+03 1.945618999999999915e+03
1.636500000000000199e+01 1.012121591999999914e+01 1.861275533999999880e+03 1.945618999999999915e+03
1.636999999999999744e+01 1.009307160000000003e+01 1.861510069999999814e+03 1.945618999999999915e+03
1.637500000000000000e+01 1.009307160000000003e+01 1.861510069999999814e+03 1.945618999999999915e+03
1.638000000000000256e+01 1.013825064000000076e+01 1.861133577999999943e+03 1.945618999999999915e+03
1.638499999999999801e+01 1.014380543999999951e+01 1.861087287999999944e+03 1.945618999999999915e+03
1.639000000000000057e+01 1.012121591999999914e+01 1.861275533999999880e+03 1.945618999999999915e+03
1.639499999999999602e+01 1.007603687999999842e+01 1.861652025999999978e+03 1.945618999999999915e+03
1.639999999999999858e+01 1.006455695999999911e+01 1.861747691999999915e+03 1.945618999999999915e+03
1.640500000000000114e+01 1.009307160000000003e+01 1.861510069999999814e+03 1.945618999999999915e+03
1.640999999999999659e+01 1.010418119999999931e+01 1.861417489999999816e+03 1.945618999999999915e+03
1.641499999999999915e+01 1.005344735999999806e+01 1.861840271999999914e+03 1.945618999999999915e+03
1.642000000000000171e+01 1.007011175999999963e+01 1.861701401999999916e+03 1.945618999999999915e+03
1.642499999999999716e+01 1.007603687999999842e+01 1.861652025999999978e+03 1.945618999999999915e+03
1.642999999999999972e+01 1.015491503999999878e+01 1.860994707999999946e+03 1.945618999999999915e+03
1.643500000000000227e+01 1.011566112000000039e+01 1.861321823999999879e+03 1.945618999999999915e+03
1.643999999999999773e+01 1.014936023999999826e+01 1.861040997999999945e+03 1.945618999999999915e+03
1.644500000000000028e+01 1.008159167999999895e+01 1.861605735999999979e+03 1.945618999999999915e+03
1.645000000000000284e+01 1.010418119999999931e+01 1.861417489999999816e+03 1.945618999999999915e+03
1.645499999999999829e+01 1.011566112000000039e+01 1.861321823999999879e+03 1.945618999999999915e+03
1.646000000000000085e+01 1.014380543999999951e+01 1.861087287999999944e+03 1.945618999999999915e+03
1.646499999999999631e+01 1.012121591999999914e+01 1.861275533999999880e+03 1.945618999999999915e+03
1.646999999999999886e+01 1.013232552000000020e+01 1.861182953999999881e+03 1.945618999999999915e+03
1.647500000000000142e+01 1.013232552000000020e+01 1.861182953999999881e+03 1.945618999999999915e+03
1.647999999999999687e+01 1.009862639999999878e+01 1.861463779999999815e+03 1.945618999999999915e+03
1.648499999999999943e+01 1.014380543999999951e+01 1.861087287999999944e+03 1.945618999999999915e+03
1.649000000000000199e+01 1.009307160000000003e+01 1.861510069999999814e+03 1.945618999999999915e+03
1.649499999999999744e+01 1.010418119999999931e+01 1.861417489999999816e+03 1.945618999999999915e+03
1.650000000000000000e+01 1.008159167999999895e+01 1.861605735999999979e+03 1.945618999999999915e+03
1.650500000000000256e+01 1.011566112000000039e+01 1.861321823999999879e+03 1.945618999999999915e+03
1.650999999999999801e+01 1.010418119999999931e+01 1.861417489999999816e+03 1.945618999999999915e+03
1.651500000000000057e+01 1.007011175999999963e+01 1.861701401999999916e+03 1.945618999999999915e+03
1.651999999999999602e+01 1.012121591999999914e+01 1.861275533999999880e+03 1.945618999999999915e+03
1.652499999999999858e+01 1.007603687999999842e+01 1.861652025999999978e+03 1.945618999999999915e+03
1.653000000000000114e+01 1.012121591999999914e+01 1.861275533999999880e+03 1.945618999999999915e+03
1.653499999999999659e+01 1.013232552000000020e+01 1.861182953999999881e+03 1.945618999999999915e+03
1.653999999999999915e+01 1.017194975999999862e+01 1.860852752000000010e+03 1.945618999999999915e+03
1.654500000000000171e+01 1.016639495999999809e+01 1.860899042000000009e+03 1.945618999999999915e+03
1.654999999999999716e+01 1.015491503999999878e+01 1.860994707999999946e+03 1.945618999999999915e+03
1.655499999999999972e+01 1.013232552000000020e+01 1.861182953999999881e+03 1.945618999999999915e+03
1.656000000000000227e+01 1.013232552000000020e+01 1.861182953999999881e+03 1.945618999999999915e+03
1.656499999999999773e+01 1.015491503999999878e+01 1.860994707999999946e+03 1.945618999999999915e+03
1.657000000000000028e+01 1.017194975999999862e+01 1.860852752000000010e+03 1.945618999999999915e+03
1.657500000000000284e+01 1.018898447999999846e+01 1.860710795999999846e+03 1.945618999999999915e+03
1.657999999999999829e+01 1.017194975999999862e+01 1.860852752000000010e+03 1.945618999999999915e+03
1.658500000000000085e+01 1.010418119999999931e+01 1.861417489999999816e+03 1.945618999999999915e+03
1.658999999999999631e+01 1.011566112000000039e+01 1.861321823999999879e+03 1.945618999999999915e+03
1.659499999999999886e+01 1.008714647999999947e+01 1.861559445999999980e+03 1.945618999999999915e+03
1.660000000000000142e+01 1.012121591999999914e+01 1.861275533999999880e+03 1.945618999999999915e+03
1.660499999999999687e+01 1.017194975999999862e+01 1.860852752000000010e+03 1.945618999999999915e+03
1.660999999999999943e+01 1.008159167999999895e+01 1.861605735999999979e+03 1.945618999999999915e+03
1.661500000000000199e+01 1.013825064000000076e+01 1.861133577999999943e+03 1.945618999999999915e+03
1.661999999999999744e+01 1.008714647999999947e+01 1.861559445999999980e+03 1.945618999999999915e+03
1.662500000000000000e+01 1.010418119999999931e+01 1.861417489999999816e+03 1.945618999999999915e+03
1.663000000000000256e+01 1.005900215999999858e+01 1.861793981999999914e+03 1.945618999999999915e+03
1.663499999999999801e+01 1.011566112000000039e+01 1.861321823999999879e+03 1.945618999999999915e+03
1.664000000000000057e+01 1.013825064000000076e+01 1.861133577999999943e+03 1.945618999999999915e+03
1.664499999999999602e+01 1.010973599999999983e+01 1.861371199999999817e+03 1.945618999999999915e+03
1.664999999999999858e+01 1.010973599999999983e+01 1.861371199999999817e+03 1.945618999999999915e+03
1.665500000000000114e+01 1.013825064000000076e+01 1.861133577999999943e+03 1.945618999999999915e+03
1.665999999999999659e+01 1.009307160000000003e+01 1.861510069999999814e+03 1.945618999999999915e+03
1.666499999999999915e+01 1.007011175999999963e+01 1.861701401999999916e+03 1.945618999999999915e+03
1.667000000000000171e+01 1.010418119999999931e+01 1.861417489999999816e+03 1.945618999999999915e+03
1.667499999999999716e+01 1.012677071999999967e+01 1.861229243999999881e+03 1.945618999999999915e+03
1.667999999999999972e+01 1.013825064000000076e+01 1.861133577999999943e+03 1.945618999999999915e+03
1.668500000000000227e+01 1.005344735999999806e+01 1.861840271999999914e+03 1.945618999999999915e+03
1.668999999999999773e+01 1.012677071999999967e+01 1.861229243999999881e+03 1.945618999999999915e+03
1.669500000000000028e+01 1.010418119999999931e+01 1.861417489999999816e+03 1.945618999999999915e+03
1.670000000000000284e+01 1.009307160000000003e+01 1.861510069999999814e+03 1.945618999999999915e+03
1.670499999999999829e+01 1.013232552000000020e+01 1.861182953999999881e+03 1.945618999999999915e+03
1.671000000000000085e+01 1.011566112000000039e+01 1.861321823999999879e+03 1.945618999999999915e+03
1.671499999999999631e+01 1.012677071999999967e+01 1.861229243999999881e+03 1.945618999999999915e+03
1.671999999999999886e+01 1.010973599999999983e+01 1.861371199999999817e+03 1.945618999999999915e+03
1.672500000000000142e+01 1.012121591999999914e+01 1.861275533999999880e+03 1.945618999999999915e+03
1.672999999999999687e+01 1.008159167999999895e+01 1.861605735999999979e+03 1.945618999999999915e+03
1.673499999999999943e+01 1.009307160000000003e+01 1.861510069999999814e+03 1.945618999999999915e+03
1.674000000000000199e+01 1.015491503999999878e+01 1.860994707999999946e+03 1.945618999999999915e+03
1.674499999999999744e+01 1.005900215999999858e+01 1.861793981999999914e+03 1.945618999999999915e+03
1.675000000000000000e+01 1.001937792000000016e+01 1.862124184000000014e+03 1.945618999999999915e+03
1.675500000000000256e+01 1.010418119999999931e+01 1.861417489999999816e+03 1.945618999999999915e+03
1.675999999999999801e+01 1.014380543999999951e+01 1.861087287999999944e+03 1.945618999999999915e+03
1.676500000000000057e+01 1.008159167999999895e+01 1.861605735999999979e+03 1.945618999999999915e+03
1.676999999999999602e+01 1.008714647999999947e+01 1.861559445999999980e+03 1.945618999999999915e+03
1.677499999999999858e+01 1.008714647999999947e+01 1.861559445999999980e+03 1.945618999999999915e+03
1.678000000000000114e+01 1.004196743999999875e+01 1.861935937999999851e+03 1.945618999999999915e+03
1.678499999999999659e+01 1.005900215999999858e+01 1.861793981999999914e+03 1.945618999999999915e+03
1.678999999999999915e+01 1.008714647999999947e+01 1.861559445999999980e+03 1.945618999999999915e+03
1.679500000000000171e+01 1.007011175999999963e+01 1.861701401999999916e+03 1.945618999999999915e+03
1.679999999999999716e+01 1.010973599999999983e+01 1.861371199999999817e+03 1.945618999999999915e+03
1.680499999999999972e+01 1.005900215999999858e+01 1.861793981999999914e+03 1.945618999999999915e+03
1.681000000000000227e+01 1.009862639999999878e+01 1.861463779999999815e+03 1.945618999999999915e+03
1.681499999999999773e+01 1.008714647999999947e+01 1.861559445999999980e+03 1.945618999999999915e+03
1.682000000000000028e+01 1.003641263999999822e+01 1.861982227999999850e+03 1.945618999999999915e+03
1.682500000000000284e+01 1.005344735999999806e+01 1.861840271999999914e+03 1.945618999999999915e+03
1.682999999999999829e+01 1.008159167999999895e+01 1.861605735999999979e+03 1.945618999999999915e+03
1.683500000000000085e+01 1.009307160000000003e+01 1.861510069999999814e+03 1.945618999999999915e+03
1.683999999999999631e+01 1.011566112000000039e+01 1.861321823999999879e+03 1.945618999999999915e+03
1.684499999999999886e+01 1.010418119999999931e+01 1.861417489999999816e+03 1.945618999999999915e+03
1.685000000000000142e+01 1.008714647999999947e+01 1.861559445999999980e+03 1.945618999999999915e+03
1.685499999999999687e+01 1.003641263999999822e+01 1.861982227999999850e+03 1.945618999999999915e+03
1.685999999999999943e+01 1.008714647999999947e+01 1.861559445999999980e+03 1.945618999999999915e+03
1.686500000000000199e+01 1.008714647999999947e+01 1.861559445999999980e+03 1.945618999999999915e+03
1.686999999999999744e+01 1.004196743999999875e+01 1.861935937999999851e+03 1.945618999999999915e+03
1.687500000000000000e+01 1.004196743999999875e+01 1.861935937999999851e+03 1.945618999999999915e+03
1.688000000000000256e+01 1.003085783999999947e+01 1.862028517999999849e+03 1.945618999999999915e+03
1.688499999999999801e+01 1.004196743999999875e+01 1.861935937999999851e+03 1.945618999999999915e+03
1.689000000000000057e+01 1.007603687999999842e+01 1.861652025999999978e+03 1.945618999999999915e+03
1.689499999999999602e+01 1.006455695999999911e+01 1.861747691999999915e+03 1.945618999999999915e+03
1.689999999999999858e+01 1.004752223999999750e+01 1.861889647999999852e+03 1.945618999999999915e+03
1.690500000000000114e+01 1.005344735999999806e+01 1.861840271999999914e+03 1.945618999999999915e+03
1.690999999999999659e+01 1.005900215999999858e+01 1.861793981999999914e+03 1.945618999999999915e+03
1.691499999999999915e+01 1.007011175999999963e+01 1.861701401999999916e+03 1.945618999999999915e+03
1.692000000000000171e+01 1.011566112000000039e+01 1.861321823999999879e+03 1.945618999999999915e+03
1.692499999999999716e+01 1.012121591999999914e+01 1.861275533999999880e+03 1.945618999999999915e+03
1.692999999999999972e+01 1.013825064000000076e+01 1.861133577999999943e+03 1.945618999999999915e+03
1.693500000000000227e+01 1.009307160000000003e+01 1.861510069999999814e+03 1.945618999999999915e+03
1.693999999999999773e+01 1.007603687999999842e+01 1.861652025999999978e+03 1.945618999999999915e+03
1.694500000000000028e+01 9.996788399999999797e+00 1.862312429999999949e+03 1.945618999999999915e+03
1.695000000000000284e+01 1.003085783999999947e+01 1.862028517999999849e+03 1.945618999999999915e+03
1.695499999999999829e+01 1.007011175999999963e+01 1.861701401999999916e+03 1.945618999999999915e+03
1.696000000000000085e+01 1.016639495999999809e+01 1.860899042000000009e+03 1.945618999999999915e+03
1.696499999999999631e+01 1.009862639999999878e+01 1.861463779999999815e+03 1.945618999999999915e+03
1.696999999999999886e+01 1.012677071999999967e+01 1.861229243999999881e+03 1.945618999999999915e+03
1.697500000000000142e+01 1.010418119999999931e+01 1.861417489999999816e+03 1.945618999999999915e+03
1.697999999999999687e+01 1.005344735999999806e+01 1.861840271999999914e+03 1.945618999999999915e+03
1.698499999999999943e+01 1.009307160000000003e+01 1.861510069999999814e+03 1.945618999999999915e+03
1.699000000000000199e+01 1.008159167999999895e+01 1.861605735999999979e+03 1.945618999999999915e+03
1.699499999999999744e+01 1.011566112000000039e+01 1.861321823999999879e+03 1.945618999999999915e+03
1.700000000000000000e+01 1.010418119999999931e+01 1.861417489999999816e+03 1.945618999999999915e+03
1.700500000000000256e+01 1.007011175999999963e+01 1.861701401999999916e+03 1.945618999999999915e+03
1.700999999999999801e+01 1.013232552000000020e+01 1.861182953999999881e+03 1.945618999999999915e+03
1.701500000000000057e+01 1.012121591999999914e+01 1.861275533999999880e+03 1.945618999999999915e+03
1.701999999999999602e+01 1.001382311999999963e+01 1.862170474000000013e+03 1.945618999999999915e+03
1.702499999999999858e+01 9.996788399999999797e+00 1.862312429999999949e+03 1.945618999999999915e+03
1.703000000000000114e+01 1.010418119999999931e+01 1.861417489999999816e+03 1.945618999999999915e+03
1.703499999999999659e+01 1.009862639999999878e+01 1.861463779999999815e+03 1.945618999999999915e+03
1.703999999999999915e+01 1.011566112000000039e+01 1.861321823999999879e+03 1.945618999999999915e+03
1.704500000000000171e+01 1.009307160000000003e+01 1.861510069999999814e+03 1.945618999999999915e+03
1.704999999999999716e+01 1.010418119999999931e+01 1.861417489999999816e+03 1.945618999999999915e+03
1.705499999999999972e+01 1.009862639999999878e+01 1.861463779999999815e+03 1.945618999999999915e+03
1.706000000000000227e+01 1.010973599999999983e+01 1.861371199999999817e+03 1.945618999999999915e+03
1.706499999999999773e+01 9.996788399999999797e+00 1.862312429999999949e+03 1.945618999999999915e+03
1.707000000000000028e+01 1.003641263999999822e+01 1.861982227999999850e+03 1.945618999999999915e+03
1.707500000000000284e+01 1.008159167999999895e+01 1.861605735999999979e+03 1.945618999999999915e+03
1.707999999999999829e+01 1.009862639999999878e+01 1.861463779999999815e+03 1.945618999999999915e+03
1.708500000000000085e+01 1.011566112000000039e+01 1.861321823999999879e+03 1.945618999999999915e+03
1.708999999999999631e+01 1.012677071999999967e+01 1.861229243999999881e+03 1.945618999999999915e+03
1.709499999999999886e+01 1.006455695999999911e+01 1.861747691999999915e+03 1.945618999999999915e+03
1.710000000000000142e+01 1.003085783999999947e+01 1.862028517999999849e+03 1.945618999999999915e+03
1.710499999999999687e+01 1.007011175999999963e+01 1.861701401999999916e+03 1.945618999999999915e+03
1.710999999999999943e+01 1.003085783999999947e+01 1.862028517999999849e+03 1.945618999999999915e+03
1.711500000000000199e+01 1.003085783999999947e+01 1.862028517999999849e+03 1.945618999999999915e+03
1.711999999999999744e+01 1.004196743999999875e+01 1.861935937999999851e+03 1.945618999999999915e+03
1.712500000000000000e+01 1.004196743999999875e+01 1.861935937999999851e+03 1.945618999999999915e+03
1.713000000000000256e+01 1.005344735999999806e+01 1.861840271999999914e+03 1.945618999999999915e+03
1.713499999999999801e+01 1.008714647999999947e+01 1.861559445999999980e+03 1.945618999999999915e+03
1.714000000000000057e+01 1.005900215999999858e+01 1.861793981999999914e+03 1.945618999999999915e+03
1.714499999999999602e+01 1.000234319999999855e+01 1.862266139999999950e+03 1.945618999999999915e+03
1.714999999999999858e+01 1.007603687999999842e+01 1.861652025999999978e+03 1.945618999999999915e+03
1.715500000000000114e+01 1.004752223999999750e+01 1.861889647999999852e+03 1.945618999999999915e+03
1.715999999999999659e+01 1.008714647999999947e+01 1.861559445999999980e+03 1.945618999999999915e+03
1.716499999999999915e+01 1.008159167999999895e+01 1.861605735999999979e+03 1.945618999999999915e+03
1.717000000000000171e+01 1.007603687999999842e+01 1.861652025999999978e+03 1.945618999999999915e+03
1.717499999999999716e+01 1.004752223999999750e+01 1.861889647999999852e+03 1.945618999999999915e+03
1.717999999999999972e+01 1.004752223999999750e+01 1.861889647999999852e+03 1.945618999999999915e+03
1.718500000000000227e+01 1.003085783999999947e+01 1.862028517999999849e+03 1.945618999999999915e+03
1.718999999999999773e+01 9.996788399999999797e+00 1.862312429999999949e+03 1.945618999999999915e+03
1.719500000000000028e+01 9.991233599999999271e+00 1.862358719999999948e+03 1.945618999999999915e+03
1.720000000000000284e+01 1.007603687999999842e+01 1.861652025999999978e+03 1.945618999999999915e+03
1.720499999999999829e+01 1.004196743999999875e+01 1.861935937999999851e+03 1.945618999999999915e+03
1.721000000000000085e+01 1.004196743999999875e+01 1.861935937999999851e+03 1.945618999999999915e+03
1.721499999999999631e+01 1.004196743999999875e+01 1.861935937999999851e+03 1.945618999999999915e+03
1.721999999999999886e+01 1.005344735999999806e+01 1.861840271999999914e+03 1.945618999999999915e+03
1.722500000000000142e+01 1.005900215999999858e+01 1.861793981999999914e+03 1.945618999999999915e+03
1.722999999999999687e+01 1.002493271999999713e+01 1.862077894000000015e+03 1.945618999999999915e+03
1.723499999999999943e+01 1.003641263999999822e+01 1.861982227999999850e+03 1.945618999999999915e+03
1.724000000000000199e+01 1.006455695999999911e+01 1.861747691999999915e+03 1.945618999999999915e+03
1.724499999999999744e+01 1.006455695999999911e+01 1.861747691999999915e+03 1.945618999999999915e+03
1.725000000000000000e+01 1.003641263999999822e+01 1.861982227999999850e+03 1.945618999999999915e+03
1.725500000000000256e+01 9.985678799999998745e+00 1.862405009999999947e+03 1.945618999999999915e+03
1.725999999999999801e+01 1.004196743999999875e+01 1.861935937999999851e+03 1.945618999999999915e+03
1.726500000000000057e+01 1.004752223999999750e+01 1.861889647999999852e+03 1.945618999999999915e+03
1.726999999999999602e+01 1.003641263999999822e+01 1.861982227999999850e+03 1.945618999999999915e+03
1.727499999999999858e+01 9.974198879999999434e+00 1.862500675999999885e+03 1.945618999999999915e+03
1.728000000000000114e+01 1.001382311999999963e+01 1.862170474000000013e+03 1.945618999999999915e+03
1.728499999999999659e+01 1.000234319999999855e+01 1.862266139999999950e+03 1.945618999999999915e+03
1.728999999999999915e+01 9.985678799999998745e+00 1.862405009999999947e+03 1.945618999999999915e+03
1.729500000000000171e+01 9.991233599999999271e+00 1.862358719999999948e+03 1.945618999999999915e+03
1.729999999999999716e+01 9.996788399999999797e+00 1.862312429999999949e+03 1.945618999999999915e+03
1.730499999999999972e+01 1.001937792000000016e+01 1.862124184000000014e+03 1.945618999999999915e+03
1.731000000000000227e+01 1.001382311999999963e+01 1.862170474000000013e+03 1.945618999999999915e+03
1.731499999999999773e+01 1.007603687999999842e+01 1.861652025999999978e+03 1.945618999999999915e+03
1.732000000000000028e+01 1.001937792000000016e+01 1.862124184000000014e+03 1.945618999999999915e+03
1.732500000000000284e+01 9.974198879999999434e+00 1.862500675999999885e+03 1.945618999999999915e+03
1.732999999999999829e+01 1.000234319999999855e+01 1.862266139999999950e+03 1.945618999999999915e+03
1.733500000000000085e+01 1.004196743999999875e+01 1.861935937999999851e+03 1.945618999999999915e+03
1.733999999999999631e+01 1.001382311999999963e+01 1.862170474000000013e+03 1.945618999999999915e+03
1.734499999999999886e+01 9.963089279999998382e+00 1.862593255999999883e+03 1.945618999999999915e+03
1.735000000000000142e+01 9.974198879999999434e+00 1.862500675999999885e+03 1.945618999999999915e+03
1.735499999999999687e+01 1.001382311999999963e+01 1.862170474000000013e+03 1.945618999999999915e+03
1.735999999999999943e+01 9.974198879999999434e+00 1.862500675999999885e+03 1.945618999999999915e+03
1.736500000000000199e+01 1.005900215999999858e+01 1.861793981999999914e+03 1.945618999999999915e+03
1.736999999999999744e+01 1.000826831999999911e+01 1.862216764000000012e+03 1.945618999999999915e+03
1.737500000000000000e+01 9.985678799999998745e+00 1.862405009999999947e+03 1.945618999999999915e+03
1.738000000000000256e+01 9.996788399999999797e+00 1.862312429999999949e+03 1.945618999999999915e+03
1.738499999999999801e+01 9.974198879999999434e+00 1.862500675999999885e+03 1.945618999999999915e+03
1.739000000000000057e+01 9.991233599999999271e+00 1.862358719999999948e+03 1.945618999999999915e+03
1.739499999999999602e+01 1.001382311999999963e+01 1.862170474000000013e+03 1.945618999999999915e+03
1.739999999999999858e+01 1.007011175999999963e+01 1.861701401999999916e+03 1.945618999999999915e+03
1.740500000000000114e+01 1.003085783999999947e+01 1.862028517999999849e+03 1.945618999999999915e+03
1.740999999999999659e+01 1.002493271999999713e+01 1.862077894000000015e+03 1.945618999999999915e+03
1.741499999999999915e+01 1.006455695999999911e+01 1.861747691999999915e+03 1.945618999999999915e+03
1.742000000000000171e+01 1.003641263999999822e+01 1.861982227999999850e+03 1.945618999999999915e+03
1.742499999999999716e+01 9.974198879999999434e+00 1.862500675999999885e+03 1.945618999999999915e+03
1.742999999999999972e+01 1.004752223999999750e+01 1.861889647999999852e+03 1.945618999999999915e+03
1.743500000000000227e+01 1.008159167999999895e+01 1.861605735999999979e+03 1.945618999999999915e+03
1.743999999999999773e+01 1.004196743999999875e+01 1.861935937999999851e+03 1.945618999999999915e+03
1.744500000000000028e+01 1.006455695999999911e+01 1.861747691999999915e+03 1.945618999999999915e+03
1.745000000000000284e+01 1.001937792000000016e+01 1.862124184000000014e+03 1.945618999999999915e+03
1.745499999999999829e+01 1.000234319999999855e+01 1.862266139999999950e+03 1.945618999999999915e+03
1.746000000000000085e+01 9.968644079999998908e+00 1.862546965999999884e+03 1.945618999999999915e+03
1.746499999999999631e+01 9.991233599999999271e+00 1.862358719999999948e+03 1.945618999999999915e+03
1.746999999999999886e+01 1.005344735999999806e+01 1.861840271999999914e+03 1.945618999999999915e+03
1.747500000000000142e+01 9.985678799999998745e+00 1.862405009999999947e+03 1.945618999999999915e+03
1.747999999999999687e+01 9.991233599999999271e+00 1.862358719999999948e+03 1.945618999999999915e+03
1.748499999999999943e+01 1.003085783999999947e+01 1.862028517999999849e+03 1.945618999999999915e+03
1.749000000000000199e+01 9.968644079999998908e+00 1.862546965999999884e+03 1.945618999999999915e+03
1.749499999999999744e+01 1.005344735999999806e+01 1.861840271999999914e+03 1.945618999999999915e+03
1.750000000000000000e+01 1.005344735999999806e+01 1.861840271999999914e+03 1.945618999999999915e+03
1.750500000000000256e+01 1.001937792000000016e+01 1.862124184000000014e+03 1.945618999999999915e+03
1.750999999999999801e+01 1.004196743999999875e+01 1.861935937999999851e+03 1.945618999999999915e+03
1.751500000000000057e+01 1.002493271999999713e+01 1.862077894000000015e+03 1.945618999999999915e+03
1.751999999999999602e+01 1.004752223999999750e+01 1.861889647999999852e+03 1.945618999999999915e+03
1.752499999999999858e+01 1.001382311999999963e+01 1.862170474000000013e+03 1.945618999999999915e+03
1.753000000000000114e+01 1.002493271999999713e+01 1.862077894000000015e+03 1.945618999999999915e+03
1.753499999999999659e+01 9.991233599999999271e+00 1.862358719999999948e+03 1.945618999999999915e+03
1.753999999999999915e+01 1.004196743999999875e+01 1.861935937999999851e+03 1.945618999999999915e+03
1.754500000000000171e+01 1.000234319999999855e+01 1.862266139999999950e+03 1.945618999999999915e+03
1.754999999999999716e+01 1.005344735999999806e+01 1.861840271999999914e+03 1.945618999999999915e+03
1.755499999999999972e+01 9.991233599999999271e+00 1.862358719999999948e+03 1.945618999999999915e+03
1.756000000000000227e+01 9.979753679999998184e+00 1.862454385999999886e+03 1.945618999999999915e+03
1.756499999999999773e+01 9.985678799999998745e+00 1.862405009999999947e+03 1.945618999999999915e+03
1.757000000000000028e+01 1.000234319999999855e+01 1.862266139999999950e+03 1.945618999999999915e+03
1.757500000000000284e+01 9.979753679999998184e+00 1.862454385999999886e+03 1.945618999999999915e+03
1.757999999999999829e+01 1.004752223999999750e+01 1.861889647999999852e+03 1.945618999999999915e+03
1.758500000000000085e+01 1.003641263999999822e+01 1.861982227999999850e+03 1.945618999999999915e+03
1.758999999999999631e+01 9.974198879999999434e+00 1.862500675999999885e+03 1.945618999999999915e+03
1.759499999999999886e+01 1.000234319999999855e+01 1.862266139999999950e+03 1.945618999999999915e+03
1.760000000000000142e+01 9.985678799999998745e+00 1.862405009999999947e+03 1.945618999999999915e+03
1.760499999999999687e+01 1.001937792000000016e+01 1.862124184000000014e+03 1.945618999999999915e+03
1.760999999999999943e+01 1.002493271999999713e+01 1.862077894000000015e+03 1.945618999999999915e+03
1.761500000000000199e+01 1.004196743999999875e+01 1.861935937999999851e+03 1.945618999999999915e+03
1.761999999999999744e+01 9.991233599999999271e+00 1.862358719999999948e+03 1.945618999999999915e+03
1.762500000000000000e+01 9.979753679999998184e+00 1.862454385999999886e+03 1.945618999999999915e+03
1.763000000000000256e+01 1.000234319999999855e+01 1.862266139999999950e+03 1.945618999999999915e+03
1.763499999999999801e+01 1.004196743999999875e+01 1.861935937999999851e+03 1.945618999999999915e+03
1.764000000000000057e+01 1.000234319999999855e+01 1.862266139999999950e+03 1.945618999999999915e+03
1.764499999999999602e+01 1.001937792000000016e+01 1.862124184000000014e+03 1.945618999999999915e+03
1.764999999999999858e+01 9.996788399999999797e+00 1.862312429999999949e+03 1.945618999999999915e+03
1.765500000000000114e+01 1.000826831999999911e+01 1.862216764000000012e+03 1.945618999999999915e+03
1.765999999999999659e+01 1.001382311999999963e+01 1.862170474000000013e+03 1.945618999999999915e+03
1.766499999999999915e+01 1.004752223999999750e+01 1.861889647999999852e+03 1.945618999999999915e+03
1.767000000000000171e+01 9.951609359999999072e+00 1.862688921999999820e+03 1.945618999999999915e+03
1.767499999999999716e+01 9.963089279999998382e+00 1.862593255999999883e+03 1.945618999999999915e+03
1.767999999999999972e+01 9.940129439999997985e+00 1.862784587999999985e+03 1.945618999999999915e+03
1.768500000000000227e+01 1.001937792000000016e+01 1.862124184000000014e+03 1.945618999999999915e+03
1.768999999999999773e+01 1.001382311999999963e+01 1.862170474000000013e+03 1.945618999999999915e+03
1.769500000000000028e+01 9.996788399999999797e+00 1.862312429999999949e+03 1.945618999999999915e+03
1.770000000000000284e+01 1.001937792000000016e+01 1.862124184000000014e+03 1.945618999999999915e+03
1.770499999999999829e+01 9.996788399999999797e+00 1.862312429999999949e+03 1.945618999999999915e+03
1.771000000000000085e+01 9.968644079999998908e+00 1.862546965999999884e+03 1.945618999999999915e+03
1.771499999999999631e+01 1.004196743999999875e+01 1.861935937999999851e+03 1.945618999999999915e+03
1.771999999999999886e+01 1.001937792000000016e+01 1.862124184000000014e+03 1.945618999999999915e+03
1.772500000000000142e+01 1.000234319999999855e+01 1.862266139999999950e+03 1.945618999999999915e+03
1.772999999999999687e+01 9.985678799999998745e+00 1.862405009999999947e+03 1.945618999999999915e+03
1.773499999999999943e+01 1.004196743999999875e+01 1.861935937999999851e+03 1.945618999999999915e+03
1.774000000000000199e+01 9.985678799999998745e+00 1.862405009999999947e+03 1.945618999999999915e+03
1.774499999999999744e+01 9.979753679999998184e+00 1.862454385999999886e+03 1.945618999999999915e+03
1.775000000000000000e+01 9.985678799999998745e+00 1.862405009999999947e+03 1.945618999999999915e+03
1.775500000000000256e+01 9.974198879999999434e+00 1.862500675999999885e+03 1.945618999999999915e+03
1.775999999999999801e+01 9.968644079999998908e+00 1.862546965999999884e+03 1.945618999999999915e+03
1.776500000000000057e+01 9.991233599999999271e+00 1.862358719999999948e+03 1.945618999999999915e+03
1.776999999999999602e+01 9.996788399999999797e+00 1.862312429999999949e+03 1.945618999999999915e+03
1.777499999999999858e+01 9.940129439999997985e+00 1.862784587999999985e+03 1.945618999999999915e+03
1.778000000000000114e+01 9.979753679999998184e+00 1.862454385999999886e+03 1.945618999999999915e+03
1.778499999999999659e+01 9.979753679999998184e+00 1.862454385999999886e+03 1.945618999999999915e+03
1.778999999999999915e+01 9.946054559999998546e+00 1.862735211999999819e+03 1.945618999999999915e+03
1.779500000000000171e+01 9.923465039999998183e+00 1.862923457999999982e+03 1.945618999999999915e+03
1.779999999999999716e+01 1.000826831999999911e+01 1.862216764000000012e+03 1.945618999999999915e+03
1.780499999999999972e+01 1.001382311999999963e+01 1.862170474000000013e+03 1.945618999999999915e+03
1.781000000000000227e+01 9.979753679999998184e+00 1.862454385999999886e+03 1.945618999999999915e+03
1.781499999999999773e+01 1.000234319999999855e+01 1.862266139999999950e+03 1.945618999999999915e+03
1.782000000000000028e+01 1.000826831999999911e+01 1.862216764000000012e+03 1.945618999999999915e+03
1.782500000000000284e+01 9.974198879999999434e+00 1.862500675999999885e+03 1.945618999999999915e+03
1.782999999999999829e+01 9.934574639999997459e+00 1.862830877999999984e+03 1.945618999999999915e+03
1.783500000000000085e+01 9.940129439999997985e+00 1.862784587999999985e+03 1.945618999999999915e+03
1.783999999999999631e+01 9.934574639999997459e+00 1.862830877999999984e+03 1.945618999999999915e+03
1.784499999999999886e+01 9.963089279999998382e+00 1.862593255999999883e+03 1.945618999999999915e+03
1.785000000000000142e+01 1.001937792000000016e+01 1.862124184000000014e+03 1.945618999999999915e+03
1.785499999999999687e+01 1.004752223999999750e+01 1.861889647999999852e+03 1.945618999999999915e+03
1.785999999999999943e+01 9.991233599999999271e+00 1.862358719999999948e+03 1.945618999999999915e+03
1.786500000000000199e+01 9.957164159999997821e+00 1.862642632000000049e+03 1.945618999999999915e+03
1.786999999999999744e+01 9.985678799999998745e+00 1.862405009999999947e+03 1.945618999999999915e+03
1.787500000000000000e+01 9.906430320000000123e+00 1.863065413999999919e+03 1.945618999999999915e+03
1.788000000000000256e+01 1.001382311999999963e+01 1.862170474000000013e+03 1.945618999999999915e+03
1.788499999999999801e+01 1.001382311999999963e+01 1.862170474000000013e+03 1.945618999999999915e+03
1.789000000000000057e+01 9.946054559999998546e+00 1.862735211999999819e+03 1.945618999999999915e+03
1.789499999999999602e+01 9.974198879999999434e+00 1.862500675999999885e+03 1.945618999999999915e+03
1.789999999999999858e+01 9.996788399999999797e+00 1.862312429999999949e+03 1.945618999999999915e+03
1.790500000000000114e+01 9.940129439999997985e+00 1.862784587999999985e+03 1.945618999999999915e+03
1.790999999999999659e+01 9.985678799999998745e+00 1.862405009999999947e+03 1.945618999999999915e+03
1.791499999999999915e+01 1.003641263999999822e+01 1.861982227999999850e+03 1.945618999999999915e+03
1.792000000000000171e+01 9.968644079999998908e+00 1.862546965999999884e+03 1.945618999999999915e+03
1.792499999999999716e+01 1.001382311999999963e+01 1.862170474000000013e+03 1.945618999999999915e+03
1.792999999999999972e+01 1.001382311999999963e+01 1.862170474000000013e+03 1.945618999999999915e+03
1.793500000000000227e+01 1.005344735999999806e+01 1.861840271999999914e+03 1.945618999999999915e+03
1.793999999999999773e+01 1.003641263999999822e+01 1.861982227999999850e+03 1.945618999999999915e+03
1.794500000000000028e+01 9.991233599999999271e+00 1.862358719999999948e+03 1.945618999999999915e+03
1.795000000000000284e+01 1.003641263999999822e+01 1.861982227999999850e+03 1.945618999999999915e+03
1.795499999999999829e+01 1.002493271999999713e+01 1.862077894000000015e+03 1.945618999999999915e+03
1.796000000000000085e+01 1.005344735999999806e+01 1.861840271999999914e+03 1.945618999999999915e+03
1.796499999999999631e+01 1.004752223999999750e+01 1.861889647999999852e+03 1.945618999999999915e+03
1.796999999999999886e+01 1.001937792000000016e+01 1.862124184000000014e+03 1.945618999999999915e+03
1.797500000000000142e+01 9.974198879999999434e+00 1.862500675999999885e+03 1.945618999999999915e+03
1.797999999999999687e+01 1.004196743999999875e+01 1.861935937999999851e+03 1.945618999999999915e+03
1.798499999999999943e+01 9.968644079999998908e+00 1.862546965999999884e+03 1.945618999999999915e+03
1.799000000000000199e+01 1.000826831999999911e+01 1.862216764000000012e+03 1.945618999999999915e+03
1.799499999999999744e+01 1.002493271999999713e+01 1.862077894000000015e+03 1.945618999999999915e+03
1.800000000000000000e+01 1.001937792000000016e+01 1.862124184000000014e+03 1.945618999999999915e+03
1.800500000000000256e+01 9.985678799999998745e+00 1.862405009999999947e+03 1.945618999999999915e+03
1.800999999999999801e+01 9.996788399999999797e+00 1.862312429999999949e+03 1.945618999999999915e+03
1.801500000000000057e+01 1.002493271999999713e+01 1.862077894000000015e+03 1.945618999999999915e+03
1.801999999999999602e+01 1.000826831999999911e+01 1.862216764000000012e+03 1.945618999999999915e+03
1.802499999999999858e+01 9.923465039999998183e+00 1.862923457999999982e+03 1.945618999999999915e+03
1.803000000000000114e+01 1.001382311999999963e+01 1.862170474000000013e+03 1.945618999999999915e+03
1.803499999999999659e+01 9.985678799999998745e+00 1.862405009999999947e+03 1.945618999999999915e+03
1.803999999999999915e+01 1.003641263999999822e+01 1.861982227999999850e+03 1.945618999999999915e+03
1.804500000000000171e+01 1.002493271999999713e+01 1.862077894000000015e+03 1.945618999999999915e+03
1.804999999999999716e+01 1.003085783999999947e+01 1.862028517999999849e+03 1.945618999999999915e+03
1.805499999999999972e+01 1.003641263999999822e+01 1.861982227999999850e+03 1.945618999999999915e+03
1.806000000000000227e+01 9.968644079999998908e+00 1.862546965999999884e+03 1.945618999999999915e+03
1.806499999999999773e+01 9.951609359999999072e+00 1.862688921999999820e+03 1.945618999999999915e+03
1.807000000000000028e+01 1.002493271999999713e+01 1.862077894000000015e+03 1.945618999999999915e+03
1.807500000000000284e+01 9.979753679999998184e+00 1.862454385999999886e+03 1.945618999999999915e+03
1.807999999999999829e+01 9.985678799999998745e+00 1.862405009999999947e+03 1.945618999999999915e+03
1.808500000000000085e+01 1.005344735999999806e+01 1.861840271999999914e+03 1.945618999999999915e+03
1.808999999999999631e+01 1.003085783999999947e+01 1.862028517999999849e+03 1.945618999999999915e+03
1.809499999999999886e+01 9.991233599999999271e+00 1.862358719999999948e+03 1.945618999999999915e+03
1.810000000000000142e+01 9.974198879999999434e+00 1.862500675999999885e+03 1.945618999999999915e+03
1.810499999999999687e+01 9.985678799999998745e+00 1.862405009999999947e+03 1.945618999999999915e+03
1.810999999999999943e+01 1.000826831999999911e+01 1.862216764000000012e+03 1.945618999999999915e+03
1.811500000000000199e+01 1.006455695999999911e+01 1.861747691999999915e+03 1.945618999999999915e+03
1.811999999999999744e+01 1.008714647999999947e+01 1.861559445999999980e+03 1.945618999999999915e+03
1.812500000000000000e+01 1.001382311999999963e+01 1.862170474000000013e+03 1.945618999999999915e+03
1.813000000000000256e+01 1.004196743999999875e+01 1.861935937999999851e+03 1.945618999999999915e+03
1.813499999999999801e+01 1.000826831999999911e+01 1.862216764000000012e+03 1.945618999999999915e+03
1.814000000000000057e+01 9.968644079999998908e+00 1.862546965999999884e+03 1.945618999999999915e+03
1.814499999999999602e+01 9.974198879999999434e+00 1.862500675999999885e+03 1.945618999999999915e+03
1.814999999999999858e+01 9.996788399999999797e+00 1.862312429999999949e+03 1.945618999999999915e+03
1.815500000000000114e+01 9.991233599999999271e+00 1.862358719999999948e+03 1.945618999999999915e+03
1.815999999999999659e+01 9.991233599999999271e+00 1.862358719999999948e+03 1.945618999999999915e+03
1.816499999999999915e+01 1.005344735999999806e+01 1.861840271999999914e+03 1.945618999999999915e+03
1.817000000000000171e+01 9.946054559999998546e+00 1.862735211999999819e+03 1.945618999999999915e+03
1.817499999999999716e+01 9.985678799999998745e+00 1.862405009999999947e+03 1.945618999999999915e+03
1.817999999999999972e+01 1.001937792000000016e+01 1.862124184000000014e+03 1.945618999999999915e+03
1.818500000000000227e+01 9.985678799999998745e+00 1.862405009999999947e+03 1.945618999999999915e+03
1.818999999999999773e+01 9.991233599999999271e+00 1.862358719999999948e+03 1.945618999999999915e+03
1.819500000000000028e+01 9.991233599999999271e+00 1.862358719999999948e+03 1.945618999999999915e+03
1.820000000000000284e+01 1.000234319999999855e+01 1.862266139999999950e+03 1.945618999999999915e+03
1.820499999999999829e+01 9.979753679999998184e+00 1.862454385999999886e+03 1.945618999999999915e+03
1.821000000000000085e+01 9.996788399999999797e+00 1.862312429999999949e+03 1.945618999999999915e+03
1.821499999999999631e+01 9.996788399999999797e+00 1.862312429999999949e+03 1.945618999999999915e+03
1.821999999999999886e+01 1.001382311999999963e+01 1.862170474000000013e+03 1.945618999999999915e+03
1.822500000000000142e+01 9.968644079999998908e+00 1.862546965999999884e+03 1.945618999999999915e+03
1.822999999999999687e+01 1.001382311999999963e+01 1.862170474000000013e+03 1.945618999999999915e+03
1.823499999999999943e+01 1.000826831999999911e+01 1.862216764000000012e+03 1.945618999999999915e+03
1.824000000000000199e+01 1.002493271999999713e+01 1.862077894000000015e+03 1.945618999999999915e+03
1.824499999999999744e+01 9.974198879999999434e+00 1.862500675999999885e+03 1.945618999999999915e+03
1.825000000000000000e+01 9.934574639999997459e+00 1.862830877999999984e+03 1.945618999999999915e+03
1.825500000000000256e+01 9.985678799999998745e+00 1.862405009999999947e+03 1.945618999999999915e+03
1.825999999999999801e+01 9.996788399999999797e+00 1.862312429999999949e+03 1.945618999999999915e+03
1.826500000000000057e+01 1.000234319999999855e+01 1.862266139999999950e+03 1.945618999999999915e+03
1.826999999999999602e+01 1.001382311999999963e+01 1.862170474000000013e+03 1.945618999999999915e+03
1.827499999999999858e+01 1.004196743999999875e+01 1.861935937999999851e+03 1.945618999999999915e+03
1.828000000000000114e+01 1.004752223999999750e+01 1.861889647999999852e+03 1.945618999999999915e+03
1.828499999999999659e+01 1.000826831999999911e+01 1.862216764000000012e+03 1.945618999999999915e+03
1.828999999999999915e+01 1.008159167999999895e+01 1.861605735999999979e+03 1.945618999999999915e+03
1.829500000000000171e+01 1.000826831999999911e+01 1.862216764000000012e+03 1.945618999999999915e+03
1.829999999999999716e+01 1.003085783999999947e+01 1.862028517999999849e+03 1.945618999999999915e+03
1.830499999999999972e+01 1.000234319999999855e+01 1.862266139999999950e+03 1.945618999999999915e+03
1.831000000000000227e+01 9.951609359999999072e+00 1.862688921999999820e+03 1.945618999999999915e+03
1.831499999999999773e+01 1.003085783999999947e+01 1.862028517999999849e+03 1.945618999999999915e+03
1.832000000000000028e+01 9.974198879999999434e+00 1.862500675999999885e+03 1.945618999999999915e+03
1.832500000000000284e+01 9.923465039999998183e+00 1.862923457999999982e+03 1.945618999999999915e+03
1.832999999999999829e+01 1.002493271999999713e+01 1.862077894000000015e+03 1.945618999999999915e+03
1.833500000000000085e+01 9.963089279999998382e+00 1.862593255999999883e+03 1.945618999999999915e+03
1.833999999999999631e+01 9.979753679999998184e+00 1.862454385999999886e+03 1.945618999999999915e+03
1.834499999999999886e+01 9.985678799999998745e+00 1.862405009999999947e+03 1.945618999999999915e+03
1.835000000000000142e+01 9.985678799999998745e+00 1.862405009999999947e+03 1.945618999999999915e+03
1.835499999999999687e+01 1.001937792000000016e+01 1.862124184000000014e+03 1.945618999999999915e+03
1.835999999999999943e+01 9.996788399999999797e+00 1.862312429999999949e+03 1.945618999999999915e+03
1.836500000000000199e+01 9.979753679999998184e+00 1.862454385999999886e+03 1.945618999999999915e+03
1.836999999999999744e+01 9.951609359999999072e+00 1.862688921999999820e+03 1.945618999999999915e+03
1.837500000000000000e+01 9.985678799999998745e+00 1.862405009999999947e+03 1.945618999999999915e+03
1.838000000000000256e+01 9.968644079999998908e+00 1.862546965999999884e+03 1.945618999999999915e+03
1.838499999999999801e+01 9.951609359999999072e+00 1.862688921999999820e+03 1.945618999999999915e+03
1.839000000000000057e+01 1.000234319999999855e+01 1.862266139999999950e+03 1.945618999999999915e+03
1.839499999999999602e+01 9.963089279999998382e+00 1.862593255999999883e+03 1.945618999999999915e+03
1.839999999999999858e+01 9.974198879999999434e+00 1.862500675999999885e+03 1.945618999999999915e+03
1.840500000000000114e+01 9.991233599999999271e+00 1.862358719999999948e+03 1.945618999999999915e+03
1.840999999999999659e+01 9.985678799999998745e+00 1.862405009999999947e+03 1.945618999999999915e+03
1.841499999999999915e+01 9.951609359999999072e+00 1.862688921999999820e+03 1.945618999999999915e+03
1.842000000000000171e+01 9.974198879999999434e+00 1.862500675999999885e+03 1.945618999999999915e+03
1.842499999999999716e+01 9.940129439999997985e+00 1.862784587999999985e+03 1.945618999999999915e+03
1.842999999999999972e+01 9.985678799999998745e+00 1.862405009999999947e+03 1.945618999999999915e+03
1.843500000000000227e+01 1.001382311999999963e+01 1.862170474000000013e+03 1.945618999999999915e+03
1.843999999999999773e+01 1.003085783999999947e+01 1.862028517999999849e+03 1.945618999999999915e+03
1.844500000000000028e+01 9.991233599999999271e+00 1.862358719999999948e+03 1.945618999999999915e+03
1.845000000000000284e+01 1.001382311999999963e+01 1.862170474000000013e+03 1.945618999999999915e+03
1.845499999999999829e+01 9.974198879999999434e+00 1.862500675999999885e+03 1.945618999999999915e+03
1.846000000000000085e+01 9.940129439999997985e+00 1.862784587999999985e+03 1.945618999999999915e+03
1.846499999999999631e+01 9.911985119999997096e+00 1.863019123999999920e+03 1.945618999999999915e+03
1.846999999999999886e+01 1.003085783999999947e+01 1.862028517999999849e+03 1.945618999999999915e+03
1.847500000000000142e+01 1.000826831999999911e+01 1.862216764000000012e+03 1.945618999999999915e+03
1.847999999999999687e+01 9.991233599999999271e+00 1.862358719999999948e+03 1.945618999999999915e+03
1.848499999999999943e+01 9.951609359999999072e+00 1.862688921999999820e+03 1.945618999999999915e+03
1.849000000000000199e+01 9.963089279999998382e+00 1.862593255999999883e+03 1.945618999999999915e+03
1.849499999999999744e+01 9.957164159999997821e+00 1.862642632000000049e+03 1.945618999999999915e+03
1.850000000000000000e+01 9.934574639999997459e+00 1.862830877999999984e+03 1.945618999999999915e+03
1.850500000000000256e+01 9.946054559999998546e+00 1.862735211999999819e+03 1.945618999999999915e+03
1.850999999999999801e+01 1.000234319999999855e+01 1.862266139999999950e+03 1.945618999999999915e+03
1.851500000000000057e+01 1.004752223999999750e+01 1.861889647999999852e+03 1.945618999999999915e+03
1.851999999999999602e+01 9.963089279999998382e+00 1.862593255999999883e+03 1.945618999999999915e+03
1.852499999999999858e+01 9.991233599999999271e+00 1.862358719999999948e+03 1.945618999999999915e+03
1.853000000000000114e+01 9.974198879999999434e+00 1.862500675999999885e+03 1.945618999999999915e+03
1.853499999999999659e+01 1.000826831999999911e+01 1.862216764000000012e+03 1.945618999999999915e+03
1.853999999999999915e+01 9.957164159999997821e+00 1.862642632000000049e+03 1.945618999999999915e+03
1.854500000000000171e+01 9.979753679999998184e+00 1.862454385999999886e+03 1.945618999999999915e+03
1.854999999999999716e+01 9.968644079999998908e+00 1.862546965999999884e+03 1.945618999999999915e+03
1.855499999999999972e+01 9.911985119999997096e+00 1.863019123999999920e+03 1.945618999999999915e+03
1.856000000000000227e+01 1.000826831999999911e+01 1.862216764000000012e+03 1.945618999999999915e+03
1.856499999999999773e+01 9.979753679999998184e+00 1.862454385999999886e+03 1.945618999999999915e+03
1.857000000000000028e+01 9.957164159999997821e+00 1.862642632000000049e+03 1.945618999999999915e+03
1.857500000000000284e+01 9.929019839999998709e+00 1.862877167999999983e+03 1.945618999999999915e+03
1.857999999999999829e+01 9.979753679999998184e+00 1.862454385999999886e+03 1.945618999999999915e+03
1.858500000000000085e+01 9.996788399999999797e+00 1.862312429999999949e+03 1.945618999999999915e+03
1.858999999999999631e+01 9.946054559999998546e+00 1.862735211999999819e+03 1.945618999999999915e+03
1.859499999999999886e+01 1.000826831999999911e+01 1.862216764000000012e+03 1.945618999999999915e+03
1.860000000000000142e+01 9.923465039999998183e+00 1.862923457999999982e+03 1.945618999999999915e+03
1.860499999999999687e+01 9.957164159999997821e+00 1.862642632000000049e+03 1.945618999999999915e+03
1.860999999999999943e+01 9.957164159999997821e+00 1.862642632000000049e+03 1.945618999999999915e+03
1.861500000000000199e+01 9.974198879999999434e+00 1.862500675999999885e+03 1.945618999999999915e+03
1.861999999999999744e+01 9.974198879999999434e+00 1.862500675999999885e+03 1.945618999999999915e+03
1.862500000000000000e+01 1.004196743999999875e+01 1.861935937999999851e+03 1.945618999999999915e+03
1.863000000000000256e+01 9.968644079999998908e+00 1.862546965999999884e+03 1.945618999999999915e+03
1.863499999999999801e+01 9.979753679999998184e+00 1.862454385999999886e+03 1.945618999999999915e+03
1.864000000000000057e+01 9.991233599999999271e+00 1.862358719999999948e+03 1.945618999999999915e+03
1.864499999999999602e+01 1.003085783999999947e+01 1.862028517999999849e+03 1.945618999999999915e+03
1.864999999999999858e+01 1.001382311999999963e+01 1.862170474000000013e+03 1.945618999999999915e+03
1.865500000000000114e+01 9.996788399999999797e+00 1.862312429999999949e+03 1.945618999999999915e+03
1.865999999999999659e+01 9.974198879999999434e+00 1.862500675999999885e+03 1.945618999999999915e+03
1.866499999999999915e+01 9.979753679999998184e+00 1.862454385999999886e+03 1.945618999999999915e+03
1.867000000000000171e+01 9.991233599999999271e+00 1.862358719999999948e+03 1.945618999999999915e+03
1.867499999999999716e+01 9.968644079999998908e+00 1.862546965999999884e+03 1.945618999999999915e+03
1.867999999999999972e+01 9.957164159999997821e+00 1.862642632000000049e+03 1.945618999999999915e+03
1.868500000000000227e+01 9.974198879999999434e+00 1.862500675999999885e+03 1.945618999999999915e+03
1.868999999999999773e+01 9.963089279999998382e+00 1.862593255999999883e+03 1.945618999999999915e+03
1.869500000000000028e+01 1.000826831999999911e+01 1.862216764000000012e+03 1.945618999999999915e+03
1.870000000000000284e+01 1.001382311999999963e+01 1.862170474000000013e+03 1.945618999999999915e+03
1.870499999999999829e+01 9.974198879999999434e+00 1.862500675999999885e+03 1.945618999999999915e+03
1.871000000000000085e+01 1.002493271999999713e+01 1.862077894000000015e+03 1.945618999999999915e+03
1.871499999999999631e+01 9.929019839999998709e+00 1.862877167999999983e+03 1.945618999999999915e+03
1.871999999999999886e+01 9.957164159999997821e+00 1.862642632000000049e+03 1.945618999999999915e+03
1.872500000000000142e+01 9.929019839999998709e+00 1.862877167999999983e+03 1.945618999999999915e+03
1.872999999999999687e+01 9.940129439999997985e+00 1.862784587999999985e+03 1.945618999999999915e+03
1.873499999999999943e+01 9.911985119999997096e+00 1.863019123999999920e+03 1.945618999999999915e+03
1.874000000000000199e+01 9.991233599999999271e+00 1.862358719999999948e+03 1.945618999999999915e+03
1.874499999999999744e+01 9.996788399999999797e+00 1.862312429999999949e+03 1.945618999999999915e+03
1.875000000000000000e+01 9.979753679999998184e+00 1.862454385999999886e+03 1.945618999999999915e+03
1.875500000000000256e+01 9.968644079999998908e+00 1.862546965999999884e+03 1.945618999999999915e+03
1.875999999999999801e+01 9.951609359999999072e+00 1.862688921999999820e+03 1.945618999999999915e+03
1.876500000000000057e+01 9.951609359999999072e+00 1.862688921999999820e+03 1.945618999999999915e+03
1.876999999999999602e+01 9.985678799999998745e+00 1.862405009999999947e+03 1.945618999999999915e+03
1.877499999999999858e+01 9.963089279999998382e+00 1.862593255999999883e+03 1.945618999999999915e+03
1.878000000000000114e+01 9.951609359999999072e+00 1.862688921999999820e+03 1.945618999999999915e+03
1.878499999999999659e+01 9.996788399999999797e+00 1.862312429999999949e+03 1.945618999999999915e+03
1.878999999999999915e+01 9.923465039999998183e+00 1.862923457999999982e+03 1.945618999999999915e+03
1.879500000000000171e+01 9.946054559999998546e+00 1.862735211999999819e+03 1.945618999999999915e+03
1.879999999999999716e+01 9.985678799999998745e+00 1.862405009999999947e+03 1.945618999999999915e+03
1.880499999999999972e+01 9.963089279999998382e+00 1.862593255999999883e+03 1.945618999999999915e+03
1.881000000000000227e+01 9.929019839999998709e+00 1.862877167999999983e+03 1.945618999999999915e+03
1.881499999999999773e+01 9.979753679999998184e+00 1.862454385999999886e+03 1.945618999999999915e+03
1.882000000000000028e+01 9.968644079999998908e+00 1.862546965999999884e+03 1.945618999999999915e+03
1.882500000000000284e+01 1.000234319999999855e+01 1.862266139999999950e+03 1.945618999999999915e+03
1.882999999999999829e+01 9.985678799999998745e+00 1.862405009999999947e+03 1.945618999999999915e+03
1.883500000000000085e+01 9.974198879999999434e+00 1.862500675999999885e+03 1.945618999999999915e+03
1.883999999999999631e+01 9.929019839999998709e+00 1.862877167999999983e+03 1.945618999999999915e+03
1.884499999999999886e+01 9.940129439999997985e+00 1.862784587999999985e+03 1.945618999999999915e+03
1.885000000000000142e+01 9.929019839999998709e+00 1.862877167999999983e+03 1.945618999999999915e+03
1.885499999999999687e+01 9.917539919999997622e+00 1.862972833999999921e+03 1.945618999999999915e+03
1.885999999999999943e+01 9.917539919999997622e+00 1.862972833999999921e+03 1.945618999999999915e+03
1.886500000000000199e+01 9.917539919999997622e+00 1.862972833999999921e+03 1.945618999999999915e+03
1.886999999999999744e+01 9.929019839999998709e+00 1.862877167999999983e+03 1.945618999999999915e+03
1.887500000000000000e+01 9.923465039999998183e+00 1.862923457999999982e+03 1.945618999999999915e+03
1.888000000000000256e+01 9.968644079999998908e+00 1.862546965999999884e+03 1.945618999999999915e+03
1.888499999999999801e+01 9.963089279999998382e+00 1.862593255999999883e+03 1.945618999999999915e+03
1.889000000000000057e+01 9.974198879999999434e+00 1.862500675999999885e+03 1.945618999999999915e+03
1.889499999999999602e+01 9.963089279999998382e+00 1.862593255999999883e+03 1.945618999999999915e+03
1.889999999999999858e+01 9.934574639999997459e+00 1.862830877999999984e+03 1.945618999999999915e+03
1.890500000000000114e+01 9.889395599999998510e+00 1.863207369999999855e+03 1.945618999999999915e+03
1.890999999999999659e+01 9.957164159999997821e+00 1.862642632000000049e+03 1.945618999999999915e+03
1.891499999999999915e+01 1.000826831999999911e+01 1.862216764000000012e+03 1.945618999999999915e+03
1.892000000000000171e+01 9.957164159999997821e+00 1.862642632000000049e+03 1.945618999999999915e+03
1.892499999999999716e+01 9.974198879999999434e+00 1.862500675999999885e+03 1.945618999999999915e+03
1.892999999999999972e+01 9.911985119999997096e+00 1.863019123999999920e+03 1.945618999999999915e+03
1.893500000000000227e+01 9.923465039999998183e+00 1.862923457999999982e+03 1.945618999999999915e+03
1.893999999999999773e+01 9.957164159999997821e+00 1.862642632000000049e+03 1.945618999999999915e+03
1.894500000000000028e+01 9.923465039999998183e+00 1.862923457999999982e+03 1.945618999999999915e+03
1.895000000000000284e+01 9.911985119999997096e+00 1.863019123999999920e+03 1.945618999999999915e+03
1.895499999999999829e+01 9.900875519999999597e+00 1.863111703999999918e+03 1.945618999999999915e+03
1.896000000000000085e+01 9.911985119999997096e+00 1.863019123999999920e+03 1.945618999999999915e+03
1.896499999999999631e+01 9.951609359999999072e+00 1.862688921999999820e+03 1.945618999999999915e+03
1.896999999999999886e+01 9.974198879999999434e+00 1.862500675999999885e+03 1.945618999999999915e+03
1.897500000000000142e+01 9.923465039999998183e+00 1.862923457999999982e+03 1.945618999999999915e+03
1.897999999999999687e+01 9.940129439999997985e+00 1.862784587999999985e+03 1.945618999999999915e+03
1.898499999999999943e+01 9.934574639999997459e+00 1.862830877999999984e+03 1.945618999999999915e+03
1.899000000000000199e+01 9.906430320000000123e+00 1.863065413999999919e+03 1.945618999999999915e+03
1.899499999999999744e+01 9.951609359999999072e+00 1.862688921999999820e+03 1.945618999999999915e+03
1.900000000000000000e+01 9.917539919999997622e+00 1.862972833999999921e+03 1.945618999999999915e+03
1.900500000000000256e+01 9.957164159999997821e+00 1.862642632000000049e+03 1.945618999999999915e+03
1.900999999999999801e+01 9.889395599999998510e+00 1.863207369999999855e+03 1.945618999999999915e+03
1.901500000000000057e+01 9.917539919999997622e+00 1.862972833999999921e+03 1.945618999999999915e+03
1.901999999999999602e+01 9.968644079999998908e+00 1.862546965999999884e+03 1.945618999999999915e+03
1.902499999999999858e+01 9.991233599999999271e+00 1.862358719999999948e+03 1.945618999999999915e+03
1.903000000000000114e+01 9.957164159999997821e+00 1.862642632000000049e+03 1.945618999999999915e+03
1.903499999999999659e+01 9.991233599999999271e+00 1.862358719999999948e+03 1.945618999999999915e+03
1.903999999999999915e+01 9.906430320000000123e+00 1.863065413999999919e+03 1.945618999999999915e+03
1.904500000000000171e+01 9.900875519999999597e+00 1.863111703999999918e+03 1.945618999999999915e+03
1.904999999999999716e+01 9.957164159999997821e+00 1.862642632000000049e+03 1.945618999999999915e+03
1.905499999999999972e+01 9.963089279999998382e+00 1.862593255999999883e+03 1.945618999999999915e+03
1.906000000000000227e+01 9.979753679999998184e+00 1.862454385999999886e+03 1.945618999999999915e+03
1.906499999999999773e+01 9.957164159999997821e+00 1.862642632000000049e+03 1.945618999999999915e+03
1.907000000000000028e+01 9.911985119999997096e+00 1.863019123999999920e+03 1.945618999999999915e+03
1.907500000000000284e+01 9.940129439999997985e+00 1.862784587999999985e+03 1.945618999999999915e+03
1.907999999999999829e+01 9.957164159999997821e+00 1.862642632000000049e+03 1.945618999999999915e+03
1.908500000000000085e+01 9.957164159999997821e+00 1.862642632000000049e+03 1.945618999999999915e+03
1.908999999999999631e+01 9.917539919999997622e+00 1.862972833999999921e+03 1.945618999999999915e+03
1.909499999999999886e+01 9.974198879999999434e+00 1.862500675999999885e+03 1.945618999999999915e+03
1.910000000000000142e+01 9.951609359999999072e+00 1.862688921999999820e+03 1.945618999999999915e+03
1.910499999999999687e+01 9.906430320000000123e+00 1.863065413999999919e+03 1.945618999999999915e+03
1.910999999999999943e+01 9.957164159999997821e+00 1.862642632000000049e+03 1.945618999999999915e+03
1.911500000000000199e+01 9.974198879999999434e+00 1.862500675999999885e+03 1.945618999999999915e+03
1.911999999999999744e+01 9.911985119999997096e+00 1.863019123999999920e+03 1.945618999999999915e+03
1.912500000000000000e+01 9.946054559999998546e+00 1.862735211999999819e+03 1.945618999999999915e+03
1.913000000000000256e+01 9.946054559999998546e+00 1.862735211999999819e+03 1.945618999999999915e+03
1.913499999999999801e+01 9.963089279999998382e+00 1.862593255999999883e+03 1.945618999999999915e+03
1.914000000000000057e+01 9.946054559999998546e+00 1.862735211999999819e+03 1.945618999999999915e+03
1.914499999999999602e+01 9.889395599999998510e+00 1.863207369999999855e+03 1.945618999999999915e+03
1.914999999999999858e+01 9.883840799999999760e+00 1.863253659999999854e+03 1.945618999999999915e+03
1.915500000000000114e+01 9.991233599999999271e+00 1.862358719999999948e+03 1.945618999999999915e+03
1.915999999999999659e+01 9.963089279999998382e+00 1.862593255999999883e+03 1.945618999999999915e+03
1.916499999999999915e+01 9.940129439999997985e+00 1.862784587999999985e+03 1.945618999999999915e+03
1.917000000000000171e+01 9.957164159999997821e+00 1.862642632000000049e+03 1.945618999999999915e+03
1.917499999999999716e+01 9.968644079999998908e+00 1.862546965999999884e+03 1.945618999999999915e+03
1.917999999999999972e+01 9.946054559999998546e+00 1.862735211999999819e+03 1.945618999999999915e+03
1.918500000000000227e+01 9.929019839999998709e+00 1.862877167999999983e+03 1.945618999999999915e+03
1.918999999999999773e+01 9.923465039999998183e+00 1.862923457999999982e+03 1.945618999999999915e+03
1.919500000000000028e+01 9.940129439999997985e+00 1.862784587999999985e+03 1.945618999999999915e+03
1.920000000000000284e+01 9.951609359999999072e+00 1.862688921999999820e+03 1.945618999999999915e+03
1.920499999999999829e+01 9.911985119999997096e+00 1.863019123999999920e+03 1.945618999999999915e+03
1.921000000000000085e+01 9.934574639999997459e+00 1.862830877999999984e+03 1.945618999999999915e+03
1.921499999999999631e+01 9.929019839999998709e+00 1.862877167999999983e+03 1.945618999999999915e+03
1.921999999999999886e+01 9.929019839999998709e+00 1.862877167999999983e+03 1.945618999999999915e+03
1.922500000000000142e+01 9.934574639999997459e+00 1.862830877999999984e+03 1.945618999999999915e+03
1.922999999999999687e+01 9.979753679999998184e+00 1.862454385999999886e+03 1.945618999999999915e+03
1.923499999999999943e+01 9.985678799999998745e+00 1.862405009999999947e+03 1.945618999999999915e+03
1.924000000000000199e+01 9.934574639999997459e+00 1.862830877999999984e+03 1.945618999999999915e+03
1.924499999999999744e+01 9.979753679999998184e+00 1.862454385999999886e+03 1.945618999999999915e+03
1.925000000000000000e+01 9.951609359999999072e+00 1.862688921999999820e+03 1.945618999999999915e+03
1.925500000000000256e+01 9.923465039999998183e+00 1.862923457999999982e+03 1.945618999999999915e+03
1.925999999999999801e+01 9.940129439999997985e+00 1.862784587999999985e+03 1.945618999999999915e+03
1.926500000000000057e+01 9.906430320000000123e+00 1.863065413999999919e+03 1.945618999999999915e+03
1.926999999999999602e+01 9.940129439999997985e+00 1.862784587999999985e+03 1.945618999999999915e+03
1.927499999999999858e+01 9.957164159999997821e+00 1.862642632000000049e+03 1.945618999999999915e+03
1.928000000000000114e+01 9.979753679999998184e+00 1.862454385999999886e+03 1.945618999999999915e+03
1.928499999999999659e+01 1.000234319999999855e+01 1.862266139999999950e+03 1.945618999999999915e+03
1.928999999999999915e+01 9.929019839999998709e+00 1.862877167999999983e+03 1.945618999999999915e+03
1.929500000000000171e+01 9.974198879999999434e+00 1.862500675999999885e+03 1.945618999999999915e+03
1.929999999999999716e+01 9.957164159999997821e+00 1.862642632000000049e+03 1.945618999999999915e+03
1.930499999999999972e+01 9.979753679999998184e+00 1.862454385999999886e+03 1.945618999999999915e+03
1.931000000000000227e+01 1.000234319999999855e+01 1.862266139999999950e+03 1.945618999999999915e+03
1.931499999999999773e+01 9.985678799999998745e+00 1.862405009999999947e+03 1.945618999999999915e+03
1.932000000000000028e+01 9.929019839999998709e+00 1.862877167999999983e+03 1.945618999999999915e+03
1.932500000000000284e+01 9.963089279999998382e+00 1.862593255999999883e+03 1.945618999999999915e+03
1.932999999999999829e+01 9.968644079999998908e+00 1.862546965999999884e+03 1.945618999999999915e+03
1.933500000000000085e+01 1.001937792000000016e+01 1.862124184000000014e+03 1.945618999999999915e+03
1.933999999999999631e+01 9.974198879999999434e+00 1.862500675999999885e+03 1.945618999999999915e+03
1.934499999999999886e+01 9.940129439999997985e+00 1.862784587999999985e+03 1.945618999999999915e+03
1.935000000000000142e+01 9.963089279999998382e+00 1.862593255999999883e+03 1.945618999999999915e+03
1.935499999999999687e+01 9.991233599999999271e+00 1.862358719999999948e+03 1.945618999999999915e+03
1.935999999999999943e+01 9.963089279999998382e+00 1.862593255999999883e+03 1.945618999999999915e+03
1.936500000000000199e+01 9.957164159999997821e+00 1.862642632000000049e+03 1.945618999999999915e+03
1.936999999999999744e+01 9.979753679999998184e+00 1.862454385999999886e+03 1.945618999999999915e+03
1.937500000000000000e+01 9.929019839999998709e+00 1.862877167999999983e+03 1.945618999999999915e+03
1.938000000000000256e+01 9.946054559999998546e+00 1.862735211999999819e+03 1.945618999999999915e+03
1.938499999999999801e+01 1.000234319999999855e+01 1.862266139999999950e+03 1.945618999999999915e+03
1.939000000000000057e+01 9.957164159999997821e+00 1.862642632000000049e+03 1.945618999999999915e+03
1.939499999999999602e+01 9.951609359999999072e+00 1.862688921999999820e+03 1.945618999999999915e+03
1.939999999999999858e+01 9.968644079999998908e+00 1.862546965999999884e+03 1.945618999999999915e+03
1.940500000000000114e+01 9.923465039999998183e+00 1.862923457999999982e+03 1.945618999999999915e+03
1.940999999999999659e+01 9.900875519999999597e+00 1.863111703999999918e+03 1.945618999999999915e+03
1.941499999999999915e+01 9.940129439999997985e+00 1.862784587999999985e+03 1.945618999999999915e+03
1.942000000000000171e+01 9.929019839999998709e+00 1.862877167999999983e+03 1.945618999999999915e+03
1.942499999999999716e+01 9.883840799999999760e+00 1.863253659999999854e+03 1.945618999999999915e+03
1.942999999999999972e+01 9.911985119999997096e+00 1.863019123999999920e+03 1.945618999999999915e+03
1.943500000000000227e+01 9.906430320000000123e+00 1.863065413999999919e+03 1.945618999999999915e+03
1.943999999999999773e+01 9.917539919999997622e+00 1.862972833999999921e+03 1.945618999999999915e+03
1.944500000000000028e+01 9.934574639999997459e+00 1.862830877999999984e+03 1.945618999999999915e+03
1.945000000000000284e+01 9.957164159999997821e+00 1.862642632000000049e+03 1.945618999999999915e+03
1.945499999999999829e+01 9.883840799999999760e+00 1.863253659999999854e+03 1.945618999999999915e+03
1.946000000000000085e+01 9.923465039999998183e+00 1.862923457999999982e+03 1.945618999999999915e+03
1.946499999999999631e+01 9.985678799999998745e+00 1.862405009999999947e+03 1.945618999999999915e+03
1.946999999999999886e+01 9.963089279999998382e+00 1.862593255999999883e+03 1.945618999999999915e+03
1.947500000000000142e+01 9.963089279999998382e+00 1.862593255999999883e+03 1.945618999999999915e+03
1.947999999999999687e+01 9.894950399999999036e+00 1.863161079999999856e+03 1.945618999999999915e+03
1.948499999999999943e+01 9.929019839999998709e+00 1.862877167999999983e+03 1.945618999999999915e+03
1.949000000000000199e+01 9.968644079999998908e+00 1.862546965999999884e+03 1.945618999999999915e+03
1.949499999999999744e+01 9.974198879999999434e+00 1.862500675999999885e+03 1.945618999999999915e+03
1.950000000000000000e+01 9.940129439999997985e+00 1.862784587999999985e+03 1.945618999999999915e+03
1.950500000000000256e+01 9.929019839999998709e+00 1.862877167999999983e+03 1.945618999999999915e+03
1.950999999999999801e+01 9.889395599999998510e+00 1.863207369999999855e+03 1.945618999999999915e+03
1.951500000000000057e+01 9.951609359999999072e+00 1.862688921999999820e+03 1.945618999999999915e+03
1.951999999999999602e+01 9.946054559999998546e+00 1.862735211999999819e+03 1.945618999999999915e+03
1.952499999999999858e+01 9.889395599999998510e+00 1.863207369999999855e+03 1.945618999999999915e+03
1.953000000000000114e+01 9.883840799999999760e+00 1.863253659999999854e+03 1.945618999999999915e+03
1.953499999999999659e+01 9.911985119999997096e+00 1.863019123999999920e+03 1.945618999999999915e+03
1.953999999999999915e+01 9.889395599999998510e+00 1.863207369999999855e+03 1.945618999999999915e+03
1.954500000000000171e+01 9.917539919999997622e+00 1.862972833999999921e+03 1.945618999999999915e+03
1.954999999999999716e+01 9.906430320000000123e+00 1.863065413999999919e+03 1.945618999999999915e+03
1.955499999999999972e+01 9.934574639999997459e+00 1.862830877999999984e+03 1.945618999999999915e+03
1.956000000000000227e+01 9.872360879999998673e+00 1.863349326000000019e+03 1.945618999999999915e+03
1.956499999999999773e+01 9.878285999999999234e+00 1.863299949999999853e+03 1.945618999999999915e+03
1.957000000000000028e+01 9.934574639999997459e+00 1.862830877999999984e+03 1.945618999999999915e+03
1.957500000000000284e+01 9.894950399999999036e+00 1.863161079999999856e+03 1.945618999999999915e+03
1.957999999999999829e+01 9.940129439999997985e+00 1.862784587999999985e+03 1.945618999999999915e+03
1.958500000000000085e+01 9.963089279999998382e+00 1.862593255999999883e+03 1.945618999999999915e+03
1.958999999999999631e+01 9.979753679999998184e+00 1.862454385999999886e+03 1.945618999999999915e+03
1.959499999999999886e+01 9.883840799999999760e+00 1.863253659999999854e+03 1.945618999999999915e+03
1.960000000000000142e+01 9.878285999999999234e+00 1.863299949999999853e+03 1.945618999999999915e+03
1.960499999999999687e+01 9.911985119999997096e+00 1.863019123999999920e+03 1.945618999999999915e+03
1.960999999999999943e+01 9.929019839999998709e+00 1.862877167999999983e+03 1.945618999999999915e+03
1.961500000000000199e+01 9.923465039999998183e+00 1.862923457999999982e+03 1.945618999999999915e+03
1.961999999999999744e+01 9.957164159999997821e+00 1.862642632000000049e+03 1.945618999999999915e+03
1.962500000000000000e+01 9.957164159999997821e+00 1.862642632000000049e+03 1.945618999999999915e+03
1.963000000000000256e+01 9.946054559999998546e+00 1.862735211999999819e+03 1.945618999999999915e+03
1.963499999999999801e+01 9.906430320000000123e+00 1.863065413999999919e+03 1.945618999999999915e+03
1.964000000000000057e+01 9.827181839999997948e+00 1.863725817999999890e+03 1.945618999999999915e+03
1.964499999999999602e+01 9.872360879999998673e+00 1.863349326000000019e+03 1.945618999999999915e+03
1.964999999999999858e+01 9.855696479999998871e+00 1.863488196000000016e+03 1.945618999999999915e+03
1.965500000000000114e+01 9.894950399999999036e+00 1.863161079999999856e+03 1.945618999999999915e+03
1.965999999999999659e+01 9.883840799999999760e+00 1.863253659999999854e+03 1.945618999999999915e+03
1.966499999999999915e+01 9.906430320000000123e+00 1.863065413999999919e+03 1.945618999999999915e+03
1.967000000000000171e+01 9.917539919999997622e+00 1.862972833999999921e+03 1.945618999999999915e+03
1.967499999999999716e+01 9.878285999999999234e+00 1.863299949999999853e+03 1.945618999999999915e+03
1.967999999999999972e+01 9.894950399999999036e+00 1.863161079999999856e+03 1.945618999999999915e+03
1.968500000000000227e+01 9.866806079999998147e+00 1.863395616000000018e+03 1.945618999999999915e+03
1.968999999999999773e+01 9.894950399999999036e+00 1.863161079999999856e+03 1.945618999999999915e+03
1.969500000000000028e+01 9.844216559999997784e+00 1.863583861999999954e+03 1.945618999999999915e+03
1.970000000000000284e+01 9.917539919999997622e+00 1.862972833999999921e+03 1.945618999999999915e+03
1.970499999999999829e+01 9.872360879999998673e+00 1.863349326000000019e+03 1.945618999999999915e+03
1.971000000000000085e+01 9.883840799999999760e+00 1.863253659999999854e+03 1.945618999999999915e+03
1.971499999999999631e+01 9.929019839999998709e+00 1.862877167999999983e+03 1.945618999999999915e+03
1.971999999999999886e+01 9.906430320000000123e+00 1.863065413999999919e+03 1.945618999999999915e+03
1.972500000000000142e+01 9.872360879999998673e+00 1.863349326000000019e+03 1.945618999999999915e+03
1.972999999999999687e+01 9.849771359999998310e+00 1.863537571999999955e+03 1.945618999999999915e+03
1.973499999999999943e+01 9.923465039999998183e+00 1.862923457999999982e+03 1.945618999999999915e+03
1.974000000000000199e+01 9.900875519999999597e+00 1.863111703999999918e+03 1.945618999999999915e+03
1.974499999999999744e+01 9.889395599999998510e+00 1.863207369999999855e+03 1.945618999999999915e+03
1.975000000000000000e+01 9.838661759999999035e+00 1.863630151999999953e+03 1.945618999999999915e+03
1.975500000000000256e+01 9.866806079999998147e+00 1.863395616000000018e+03 1.945618999999999915e+03
1.975999999999999801e+01 9.838661759999999035e+00 1.863630151999999953e+03 1.945618999999999915e+03
1.976500000000000057e+01 9.883840799999999760e+00 1.863253659999999854e+03 1.945618999999999915e+03
1.976999999999999602e+01 9.838661759999999035e+00 1.863630151999999953e+03 1.945618999999999915e+03
1.977499999999999858e+01 9.866806079999998147e+00 1.863395616000000018e+03 1.945618999999999915e+03
1.978000000000000114e+01 9.816072239999996896e+00 1.863818397999999888e+03 1.945618999999999915e+03
1.978499999999999659e+01 9.889395599999998510e+00 1.863207369999999855e+03 1.945618999999999915e+03
1.978999999999999915e+01 9.883840799999999760e+00 1.863253659999999854e+03 1.945618999999999915e+03
1.979500000000000171e+01 9.917539919999997622e+00 1.862972833999999921e+03 1.945618999999999915e+03
1.979999999999999716e+01 9.911985119999997096e+00 1.863019123999999920e+03 1.945618999999999915e+03
1.980499999999999972e+01 9.900875519999999597e+00 1.863111703999999918e+03 1.945618999999999915e+03
1.981000000000000227e+01 9.872360879999998673e+00 1.863349326000000019e+03 1.945618999999999915e+03
1.981499999999999773e+01 9.833106959999998509e+00 1.863676441999999952e+03 1.945618999999999915e+03
1.982000000000000028e+01 9.906430320000000123e+00 1.863065413999999919e+03 1.945618999999999915e+03
1.982500000000000284e+01 9.878285999999999234e+00 1.863299949999999853e+03 1.945618999999999915e+03
1.982999999999999829e+01 9.849771359999998310e+00 1.863537571999999955e+03 1.945618999999999915e+03
1.983500000000000085e+01 9.917539919999997622e+00 1.862972833999999921e+03 1.945618999999999915e+03
1.983999999999999631e+01 9.894950399999999036e+00 1.863161079999999856e+03 1.945618999999999915e+03
1.984499999999999886e+01 9.911985119999997096e+00 1.863019123999999920e+03 1.945618999999999915e+03
1.985000000000000142e+01 9.844216559999997784e+00 1.863583861999999954e+03 1.945618999999999915e+03
1.985499999999999687e+01 9.878285999999999234e+00 1.863299949999999853e+03 1.945618999999999915e+03
1.985999999999999943e+01 9.878285999999999234e+00 1.863299949999999853e+03 1.945618999999999915e+03
1.986500000000000199e+01 9.855696479999998871e+00 1.863488196000000016e+03 1.945618999999999915e+03
1.986999999999999744e+01 9.821627039999997422e+00 1.863772107999999889e+03 1.945618999999999915e+03
1.987500000000000000e+01 9.833106959999998509e+00 1.863676441999999952e+03 1.945618999999999915e+03
1.988000000000000256e+01 9.821627039999997422e+00 1.863772107999999889e+03 1.945618999999999915e+03
1.988499999999999801e+01 9.838661759999999035e+00 1.863630151999999953e+03 1.945618999999999915e+03
1.989000000000000057e+01 9.878285999999999234e+00 1.863299949999999853e+03 1.945618999999999915e+03
1.989499999999999602e+01 9.849771359999998310e+00 1.863537571999999955e+03 1.945618999999999915e+03
1.989999999999999858e+01 9.821627039999997422e+00 1.863772107999999889e+03 1.945618999999999915e+03
1.990500000000000114e+01 9.849771359999998310e+00 1.863537571999999955e+03 1.945618999999999915e+03
1.990999999999999659e+01 9.827181839999997948e+00 1.863725817999999890e+03 1.945618999999999915e+03
1.991499999999999915e+01 9.827181839999997948e+00 1.863725817999999890e+03 1.945618999999999915e+03
1.992000000000000171e+01 9.833106959999998509e+00 1.863676441999999952e+03 1.945618999999999915e+03
1.992499999999999716e+01 9.810517439999998146e+00 1.863864687999999887e+03 1.945618999999999915e+03
1.992999999999999972e+01 9.821627039999997422e+00 1.863772107999999889e+03 1.945618999999999915e+03
1.993500000000000227e+01 9.748303679999997584e+00 1.864383135999999922e+03 1.945618999999999915e+03
1.993999999999999773e+01 9.838661759999999035e+00 1.863630151999999953e+03 1.945618999999999915e+03
1.994500000000000028e+01 9.810517439999998146e+00 1.863864687999999887e+03 1.945618999999999915e+03
1.995000000000000284e+01 9.770893199999997947e+00 1.864194889999999987e+03 1.945618999999999915e+03
1.995499999999999829e+01 9.844216559999997784e+00 1.863583861999999954e+03 1.945618999999999915e+03
1.996000000000000085e+01 9.827181839999997948e+00 1.863725817999999890e+03 1.945618999999999915e+03
1.996499999999999631e+01 9.810517439999998146e+00 1.863864687999999887e+03 1.945618999999999915e+03
1.996999999999999886e+01 9.833106959999998509e+00 1.863676441999999952e+03 1.945618999999999915e+03
1.997500000000000142e+01 9.861251279999999397e+00 1.863441906000000017e+03 1.945618999999999915e+03
1.997999999999999687e+01 9.844216559999997784e+00 1.863583861999999954e+03 1.945618999999999915e+03
1.998499999999999943e+01 9.849771359999998310e+00 1.863537571999999955e+03 1.945618999999999915e+03
1.999000000000000199e+01 9.821627039999997422e+00 1.863772107999999889e+03 1.945618999999999915e+03
1.999499999999999744e+01 9.816072239999996896e+00 1.863818397999999888e+03 1.945618999999999915e+03
2.000000000000000000e+01 9.787557599999997748e+00 1.864056019999999990e+03 1.945618999999999915e+03
2.000500000000000256e+01 9.787557599999997748e+00 1.864056019999999990e+03 1.945618999999999915e+03
2.000999999999999801e+01 9.759413279999998636e+00 1.864290555999999924e+03 1.945618999999999915e+03
2.001500000000000057e+01 9.799037519999997059e+00 1.863960353999999825e+03 1.945618999999999915e+03
2.001999999999999602e+01 9.799037519999997059e+00 1.863960353999999825e+03 1.945618999999999915e+03
2.002499999999999858e+01 9.827181839999997948e+00 1.863725817999999890e+03 1.945618999999999915e+03
2.003000000000000114e+01 9.861251279999999397e+00 1.863441906000000017e+03 1.945618999999999915e+03
2.003499999999999659e+01 9.804592319999997585e+00 1.863914063999999826e+03 1.945618999999999915e+03
2.003999999999999915e+01 9.816072239999996896e+00 1.863818397999999888e+03 1.945618999999999915e+03
2.004500000000000171e+01 9.804592319999997585e+00 1.863914063999999826e+03 1.945618999999999915e+03
2.004999999999999716e+01 9.838661759999999035e+00 1.863630151999999953e+03 1.945618999999999915e+03
2.005499999999999972e+01 9.793482719999998309e+00 1.864006643999999824e+03 1.945618999999999915e+03
2.006000000000000227e+01 9.759413279999998636e+00 1.864290555999999924e+03 1.945618999999999915e+03
2.006499999999999773e+01 9.787557599999997748e+00 1.864056019999999990e+03 1.945618999999999915e+03
2.007000000000000028e+01 9.799037519999997059e+00 1.863960353999999825e+03 1.945618999999999915e+03
2.007500000000000284e+01 9.764968079999999162e+00 1.864244265999999925e+03 1.945618999999999915e+03
2.007999999999999829e+01 9.816072239999996896e+00 1.863818397999999888e+03 1.945618999999999915e+03
2.008500000000000085e+01 9.844216559999997784e+00 1.863583861999999954e+03 1.945618999999999915e+03
2.008999999999999631e+01 9.816072239999996896e+00 1.863818397999999888e+03 1.945618999999999915e+03
2.009499999999999886e+01 9.816072239999996896e+00 1.863818397999999888e+03 1.945618999999999915e+03
2.010000000000000142e+01 9.833106959999998509e+00 1.863676441999999952e+03 1.945618999999999915e+03
2.010499999999999687e+01 9.816072239999996896e+00 1.863818397999999888e+03 1.945618999999999915e+03
2.010999999999999943e+01 9.821627039999997422e+00 1.863772107999999889e+03 1.945618999999999915e+03
2.011500000000000199e+01 9.872360879999998673e+00 1.863349326000000019e+03 1.945618999999999915e+03
2.011999999999999744e+01 9.810517439999998146e+00 1.863864687999999887e+03 1.945618999999999915e+03
2.012500000000000000e+01 9.838661759999999035e+00 1.863630151999999953e+03 1.945618999999999915e+03
2.013000000000000256e+01 9.810517439999998146e+00 1.863864687999999887e+03 1.945618999999999915e+03
2.013499999999999801e+01 9.855696479999998871e+00 1.863488196000000016e+03 1.945618999999999915e+03
2.014000000000000057e+01 9.793482719999998309e+00 1.864006643999999824e+03 1.945618999999999915e+03
2.014499999999999602e+01 9.782002799999998999e+00 1.864102309999999989e+03 1.945618999999999915e+03
2.014999999999999858e+01 9.855696479999998871e+00 1.863488196000000016e+03 1.945618999999999915e+03
2.015500000000000114e+01 9.849771359999998310e+00 1.863537571999999955e+03 1.945618999999999915e+03
2.015999999999999659e+01 9.844216559999997784e+00 1.863583861999999954e+03 1.945618999999999915e+03
2.016499999999999915e+01 9.816072239999996896e+00 1.863818397999999888e+03 1.945618999999999915e+03
2.017000000000000171e+01 9.838661759999999035e+00 1.863630151999999953e+03 1.945618999999999915e+03
2.017499999999999716e+01 9.827181839999997948e+00 1.863725817999999890e+03 1.945618999999999915e+03
2.017999999999999972e+01 9.816072239999996896e+00 1.863818397999999888e+03 1.945618999999999915e+03
2.018500000000000227e+01 9.861251279999999397e+00 1.863441906000000017e+03 1.945618999999999915e+03
2.018999999999999773e+01 9.827181839999997948e+00 1.863725817999999890e+03 1.945618999999999915e+03
2.019500000000000028e+01 9.782002799999998999e+00 1.864102309999999989e+03 1.945618999999999915e+03
2.020000000000000284e+01 9.782002799999998999e+00 1.864102309999999989e+03 1.945618999999999915e+03
2.020499999999999829e+01 9.799037519999997059e+00 1.863960353999999825e+03 1.945618999999999915e+03
2.021000000000000085e+01 9.878285999999999234e+00 1.863299949999999853e+03 1.945618999999999915e+03
2.021499999999999631e+01 9.810517439999998146e+00 1.863864687999999887e+03 1.945618999999999915e+03
2.021999999999999886e+01 9.827181839999997948e+00 1.863725817999999890e+03 1.945618999999999915e+03
2.022500000000000142e+01 9.844216559999997784e+00 1.863583861999999954e+03 1.945618999999999915e+03
2.022999999999999687e+01 9.787557599999997748e+00 1.864056019999999990e+03 1.945618999999999915e+03
2.023499999999999943e+01 9.799037519999997059e+00 1.863960353999999825e+03 1.945618999999999915e+03
2.024000000000000199e+01 9.816072239999996896e+00 1.863818397999999888e+03 1.945618999999999915e+03
2.024499999999999744e+01 9.782002799999998999e+00 1.864102309999999989e+03 1.945618999999999915e+03
2.025000000000000000e+01 9.787557599999997748e+00 1.864056019999999990e+03 1.945618999999999915e+03
2.025500000000000256e+01 9.793482719999998309e+00 1.864006643999999824e+03 1.945618999999999915e+03
2.025999999999999801e+01 9.714234239999997911e+00 1.864667048000000023e+03 1.945618999999999915e+03
2.026500000000000057e+01 9.753858479999998110e+00 1.864336845999999923e+03 1.945618999999999915e+03
2.026999999999999602e+01 9.770893199999997947e+00 1.864194889999999987e+03 1.945618999999999915e+03
2.027499999999999858e+01 9.748303679999997584e+00 1.864383135999999922e+03 1.945618999999999915e+03
2.028000000000000114e+01 9.742378559999998799e+00 1.864432511999999861e+03 1.945618999999999915e+03
2.028499999999999659e+01 9.787557599999997748e+00 1.864056019999999990e+03 1.945618999999999915e+03
2.028999999999999915e+01 9.787557599999997748e+00 1.864056019999999990e+03 1.945618999999999915e+03
2.029500000000000171e+01 9.770893199999997947e+00 1.864194889999999987e+03 1.945618999999999915e+03
2.029999999999999716e+01 9.770893199999997947e+00 1.864194889999999987e+03 1.945618999999999915e+03
2.030499999999999972e+01 9.753858479999998110e+00 1.864336845999999923e+03 1.945618999999999915e+03
2.031000000000000227e+01 9.703124639999996859e+00 1.864759628000000021e+03 1.945618999999999915e+03
2.031499999999999773e+01 9.703124639999996859e+00 1.864759628000000021e+03 1.945618999999999915e+03
2.032000000000000028e+01 9.725714159999997221e+00 1.864571381999999858e+03 1.945618999999999915e+03
2.032500000000000284e+01 9.725714159999997221e+00 1.864571381999999858e+03 1.945618999999999915e+03
2.032999999999999829e+01 9.719789039999998437e+00 1.864620758000000023e+03 1.945618999999999915e+03
2.033500000000000085e+01 9.697199519999998074e+00 1.864809003999999959e+03 1.945618999999999915e+03
2.033999999999999631e+01 9.764968079999999162e+00 1.864244265999999925e+03 1.945618999999999915e+03
2.034499999999999886e+01 9.753858479999998110e+00 1.864336845999999923e+03 1.945618999999999915e+03
2.035000000000000142e+01 9.742378559999998799e+00 1.864432511999999861e+03 1.945618999999999915e+03
2.035499999999999687e+01 9.759413279999998636e+00 1.864290555999999924e+03 1.945618999999999915e+03
2.035999999999999943e+01 9.770893199999997947e+00 1.864194889999999987e+03 1.945618999999999915e+03
2.036500000000000199e+01 9.748303679999997584e+00 1.864383135999999922e+03 1.945618999999999915e+03
2.036999999999999744e+01 9.816072239999996896e+00 1.863818397999999888e+03 1.945618999999999915e+03
2.037500000000000000e+01 9.793482719999998309e+00 1.864006643999999824e+03 1.945618999999999915e+03
2.038000000000000256e+01 9.731268959999997747e+00 1.864525091999999859e+03 1.945618999999999915e+03
2.038499999999999801e+01 9.725714159999997221e+00 1.864571381999999858e+03 1.945618999999999915e+03
2.039000000000000057e+01 9.725714159999997221e+00 1.864571381999999858e+03 1.945618999999999915e+03
2.039499999999999602e+01 9.714234239999997911e+00 1.864667048000000023e+03 1.945618999999999915e+03
2.039999999999999858e+01 9.680535119999998273e+00 1.864947873999999956e+03 1.945618999999999915e+03
2.040500000000000114e+01 9.714234239999997911e+00 1.864667048000000023e+03 1.945618999999999915e+03
2.040999999999999659e+01 9.680535119999998273e+00 1.864947873999999956e+03 1.945618999999999915e+03
2.041499999999999915e+01 9.686089919999997022e+00 1.864901583999999957e+03 1.945618999999999915e+03
2.042000000000000171e+01 9.725714159999997221e+00 1.864571381999999858e+03 1.945618999999999915e+03
2.042499999999999716e+01 9.753858479999998110e+00 1.864336845999999923e+03 1.945618999999999915e+03
2.042999999999999972e+01 9.703124639999996859e+00 1.864759628000000021e+03 1.945618999999999915e+03
2.043500000000000227e+01 9.731268959999997747e+00 1.864525091999999859e+03 1.945618999999999915e+03
2.043999999999999773e+01 9.697199519999998074e+00 1.864809003999999959e+03 1.945618999999999915e+03
2.044500000000000028e+01 9.764968079999999162e+00 1.864244265999999925e+03 1.945618999999999915e+03
2.045000000000000284e+01 9.725714159999997221e+00 1.864571381999999858e+03 1.945618999999999915e+03
2.045499999999999829e+01 9.708679439999997385e+00 1.864713338000000022e+03 1.945618999999999915e+03
2.046000000000000085e+01 9.669055199999998962e+00 1.865043539999999894e+03 1.945618999999999915e+03
2.046499999999999631e+01 9.714234239999997911e+00 1.864667048000000023e+03 1.945618999999999915e+03
2.046999999999999886e+01 9.759413279999998636e+00 1.864290555999999924e+03 1.945618999999999915e+03
2.047500000000000142e+01 9.725714159999997221e+00 1.864571381999999858e+03 1.945618999999999915e+03
2.047999999999999687e+01 9.691644719999997548e+00 1.864855293999999958e+03 1.945618999999999915e+03
2.048499999999999943e+01 9.669055199999998962e+00 1.865043539999999894e+03 1.945618999999999915e+03
2.049000000000000199e+01 9.691644719999997548e+00 1.864855293999999958e+03 1.945618999999999915e+03
2.049499999999999744e+01 9.719789039999998437e+00 1.864620758000000023e+03 1.945618999999999915e+03
2.050000000000000000e+01 9.742378559999998799e+00 1.864432511999999861e+03 1.945618999999999915e+03
2.050500000000000256e+01 9.725714159999997221e+00 1.864571381999999858e+03 1.945618999999999915e+03
2.050999999999999801e+01 9.669055199999998962e+00 1.865043539999999894e+03 1.945618999999999915e+03
2.051500000000000057e+01 9.742378559999998799e+00 1.864432511999999861e+03 1.945618999999999915e+03
2.051999999999999602e+01 9.742378559999998799e+00 1.864432511999999861e+03 1.945618999999999915e+03
2.052499999999999858e+01 9.686089919999997022e+00 1.864901583999999957e+03 1.945618999999999915e+03
2.053000000000000114e+01 9.708679439999997385e+00 1.864713338000000022e+03 1.945618999999999915e+03
2.053499999999999659e+01 9.714234239999997911e+00 1.864667048000000023e+03 1.945618999999999915e+03
2.053999999999999915e+01 9.731268959999997747e+00 1.864525091999999859e+03 1.945618999999999915e+03
2.054500000000000171e+01 9.669055199999998962e+00 1.865043539999999894e+03 1.945618999999999915e+03
2.054999999999999716e+01 9.764968079999999162e+00 1.864244265999999925e+03 1.945618999999999915e+03
2.055499999999999972e+01 9.719789039999998437e+00 1.864620758000000023e+03 1.945618999999999915e+03
2.056000000000000227e+01 9.708679439999997385e+00 1.864713338000000022e+03 1.945618999999999915e+03
2.056499999999999773e+01 9.742378559999998799e+00 1.864432511999999861e+03 1.945618999999999915e+03
2.057000000000000028e+01 9.680535119999998273e+00 1.864947873999999956e+03 1.945618999999999915e+03
2.057500000000000284e+01 9.640910879999998073e+00 1.865278075999999828e+03 1.945618999999999915e+03
2.057999999999999829e+01 9.736823759999998273e+00 1.864478801999999860e+03 1.945618999999999915e+03
2.058500000000000085e+01 9.691644719999997548e+00 1.864855293999999958e+03 1.945618999999999915e+03
2.058999999999999631e+01 9.708679439999997385e+00 1.864713338000000022e+03 1.945618999999999915e+03
2.059499999999999886e+01 9.725714159999997221e+00 1.864571381999999858e+03 1.945618999999999915e+03
2.060000000000000142e+01 9.703124639999996859e+00 1.864759628000000021e+03 1.945618999999999915e+03
2.060499999999999687e+01 9.731268959999997747e+00 1.864525091999999859e+03 1.945618999999999915e+03
2.060999999999999943e+01 9.663500399999998436e+00 1.865089829999999893e+03 1.945618999999999915e+03
2.061500000000000199e+01 9.674609999999997711e+00 1.864997249999999894e+03 1.945618999999999915e+03
2.061999999999999744e+01 9.640910879999998073e+00 1.865278075999999828e+03 1.945618999999999915e+03
2.062500000000000000e+01 9.674609999999997711e+00 1.864997249999999894e+03 1.945618999999999915e+03
2.063000000000000256e+01 9.640910879999998073e+00 1.865278075999999828e+03 1.945618999999999915e+03
2.063499999999999801e+01 9.708679439999997385e+00 1.864713338000000022e+03 1.945618999999999915e+03
2.064000000000000057e+01 9.719789039999998437e+00 1.864620758000000023e+03 1.945618999999999915e+03
2.064499999999999602e+01 9.674609999999997711e+00 1.864997249999999894e+03 1.945618999999999915e+03
2.064999999999999858e+01 9.669055199999998962e+00 1.865043539999999894e+03 1.945618999999999915e+03
2.065500000000000114e+01 9.708679439999997385e+00 1.864713338000000022e+03 1.945618999999999915e+03
2.065999999999999659e+01 9.646465679999998599e+00 1.865231785999999829e+03 1.945618999999999915e+03
2.066499999999999915e+01 9.674609999999997711e+00 1.864997249999999894e+03 1.945618999999999915e+03
2.067000000000000171e+01 9.680535119999998273e+00 1.864947873999999956e+03 1.945618999999999915e+03
2.067499999999999716e+01 9.708679439999997385e+00 1.864713338000000022e+03 1.945618999999999915e+03
2.067999999999999972e+01 9.759413279999998636e+00 1.864290555999999924e+03 1.945618999999999915e+03
2.068500000000000227e+01 9.686089919999997022e+00 1.864901583999999957e+03 1.945618999999999915e+03
2.068999999999999773e+01 9.714234239999997911e+00 1.864667048000000023e+03 1.945618999999999915e+03
2.069500000000000028e+01 9.663500399999998436e+00 1.865089829999999893e+03 1.945618999999999915e+03
2.070000000000000284e+01 9.714234239999997911e+00 1.864667048000000023e+03 1.945618999999999915e+03
2.070499999999999829e+01 9.657575279999997875e+00 1.865139205999999831e+03 1.945618999999999915e+03
2.071000000000000085e+01 9.691644719999997548e+00 1.864855293999999958e+03 1.945618999999999915e+03
2.071499999999999631e+01 9.697199519999998074e+00 1.864809003999999959e+03 1.945618999999999915e+03
2.071999999999999886e+01 9.646465679999998599e+00 1.865231785999999829e+03 1.945618999999999915e+03
2.072500000000000142e+01 9.697199519999998074e+00 1.864809003999999959e+03 1.945618999999999915e+03
2.072999999999999687e+01 9.669055199999998962e+00 1.865043539999999894e+03 1.945618999999999915e+03
2.073499999999999943e+01 9.657575279999997875e+00 1.865139205999999831e+03 1.945618999999999915e+03
2.074000000000000199e+01 9.697199519999998074e+00 1.864809003999999959e+03 1.945618999999999915e+03
2.074499999999999744e+01 9.714234239999997911e+00 1.864667048000000023e+03 1.945618999999999915e+03
2.075000000000000000e+01 9.703124639999996859e+00 1.864759628000000021e+03 1.945618999999999915e+03
2.075500000000000256e+01 9.703124639999996859e+00 1.864759628000000021e+03 1.945618999999999915e+03
2.075999999999999801e+01 9.725714159999997221e+00 1.864571381999999858e+03 1.945618999999999915e+03
2.076500000000000057e+01 9.691644719999997548e+00 1.864855293999999958e+03 1.945618999999999915e+03
2.076999999999999602e+01 9.703124639999996859e+00 1.864759628000000021e+03 1.945618999999999915e+03
2.077499999999999858e+01 9.652020479999999125e+00 1.865185495999999830e+03 1.945618999999999915e+03
2.078000000000000114e+01 9.674609999999997711e+00 1.864997249999999894e+03 1.945618999999999915e+03
2.078499999999999659e+01 9.680535119999998273e+00 1.864947873999999956e+03 1.945618999999999915e+03
2.078999999999999915e+01 9.680535119999998273e+00 1.864947873999999956e+03 1.945618999999999915e+03
2.079500000000000171e+01 9.657575279999997875e+00 1.865139205999999831e+03 1.945618999999999915e+03
2.079999999999999716e+01 9.680535119999998273e+00 1.864947873999999956e+03 1.945618999999999915e+03
2.080499999999999972e+01 9.686089919999997022e+00 1.864901583999999957e+03 1.945618999999999915e+03
2.081000000000000227e+01 9.719789039999998437e+00 1.864620758000000023e+03 1.945618999999999915e+03
2.081499999999999773e+01 9.719789039999998437e+00 1.864620758000000023e+03 1.945618999999999915e+03
2.082000000000000028e+01 9.703124639999996859e+00 1.864759628000000021e+03 1.945618999999999915e+03
2.082500000000000284e+01 9.697199519999998074e+00 1.864809003999999959e+03 1.945618999999999915e+03
2.082999999999999829e+01 9.714234239999997911e+00 1.864667048000000023e+03 1.945618999999999915e+03
2.083500000000000085e+01 9.731268959999997747e+00 1.864525091999999859e+03 1.945618999999999915e+03
2.083999999999999631e+01 9.697199519999998074e+00 1.864809003999999959e+03 1.945618999999999915e+03
2.084499999999999886e+01 9.697199519999998074e+00 1.864809003999999959e+03 1.945618999999999915e+03
2.085000000000000142e+01 9.691644719999997548e+00 1.864855293999999958e+03 1.945618999999999915e+03
2.085499999999999687e+01 9.652020479999999125e+00 1.865185495999999830e+03 1.945618999999999915e+03
2.085999999999999943e+01 9.669055199999998962e+00 1.865043539999999894e+03 1.945618999999999915e+03
2.086500000000000199e+01 9.691644719999997548e+00 1.864855293999999958e+03 1.945618999999999915e+03
2.086999999999999744e+01 9.680535119999998273e+00 1.864947873999999956e+03 1.945618999999999915e+03
2.087500000000000000e+01 9.663500399999998436e+00 1.865089829999999893e+03 1.945618999999999915e+03
2.088000000000000256e+01 9.640910879999998073e+00 1.865278075999999828e+03 1.945618999999999915e+03
2.088499999999999801e+01 9.618321359999997711e+00 1.865466321999999991e+03 1.945618999999999915e+03
2.089000000000000057e+01 9.646465679999998599e+00 1.865231785999999829e+03 1.945618999999999915e+03
2.089499999999999602e+01 9.669055199999998962e+00 1.865043539999999894e+03 1.945618999999999915e+03
2.089999999999999858e+01 9.719789039999998437e+00 1.864620758000000023e+03 1.945618999999999915e+03
2.090500000000000114e+01 9.634985759999999289e+00 1.865327451999999994e+03 1.945618999999999915e+03
2.090999999999999659e+01 9.703124639999996859e+00 1.864759628000000021e+03 1.945618999999999915e+03
2.091499999999999915e+01 9.657575279999997875e+00 1.865139205999999831e+03 1.945618999999999915e+03
2.092000000000000171e+01 9.686089919999997022e+00 1.864901583999999957e+03 1.945618999999999915e+03
2.092499999999999716e+01 9.714234239999997911e+00 1.864667048000000023e+03 1.945618999999999915e+03
2.092999999999999972e+01 9.646465679999998599e+00 1.865231785999999829e+03 1.945618999999999915e+03
2.093500000000000227e+01 9.618321359999997711e+00 1.865466321999999991e+03 1.945618999999999915e+03
2.093999999999999773e+01 9.680535119999998273e+00 1.864947873999999956e+03 1.945618999999999915e+03
2.094500000000000028e+01 9.663500399999998436e+00 1.865089829999999893e+03 1.945618999999999915e+03
2.095000000000000284e+01 9.669055199999998962e+00 1.865043539999999894e+03 1.945618999999999915e+03
2.095499999999999829e+01 9.657575279999997875e+00 1.865139205999999831e+03 1.945618999999999915e+03
2.096000000000000085e+01 9.629430959999998763e+00 1.865373741999999993e+03 1.945618999999999915e+03
2.096499999999999631e+01 9.686089919999997022e+00 1.864901583999999957e+03 1.945618999999999915e+03
2.096999999999999886e+01 9.663500399999998436e+00 1.865089829999999893e+03 1.945618999999999915e+03
2.097500000000000142e+01 9.742378559999998799e+00 1.864432511999999861e+03 1.945618999999999915e+03
2.097999999999999687e+01 9.703124639999996859e+00 1.864759628000000021e+03 1.945618999999999915e+03
2.098499999999999943e+01 9.686089919999997022e+00 1.864901583999999957e+03 1.945618999999999915e+03
2.099000000000000199e+01 9.652020479999999125e+00 1.865185495999999830e+03 1.945618999999999915e+03
2.099499999999999744e+01 9.629430959999998763e+00 1.865373741999999993e+03 1.945618999999999915e+03
2.100000000000000000e+01 9.719789039999998437e+00 1.864620758000000023e+03 1.945618999999999915e+03
2.100500000000000256e+01 9.691644719999997548e+00 1.864855293999999958e+03 1.945618999999999915e+03
2.100999999999999801e+01 9.748303679999997584e+00 1.864383135999999922e+03 1.945618999999999915e+03
2.101500000000000057e+01 9.799037519999997059e+00 1.863960353999999825e+03 1.945618999999999915e+03
2.101999999999999602e+01 9.725714159999997221e+00 1.864571381999999858e+03 1.945618999999999915e+03
2.102499999999999858e+01 9.719789039999998437e+00 1.864620758000000023e+03 1.945618999999999915e+03
2.103000000000000114e+01 9.714234239999997911e+00 1.864667048000000023e+03 1.945618999999999915e+03
2.103499999999999659e+01 9.697199519999998074e+00 1.864809003999999959e+03 1.945618999999999915e+03
2.103999999999999915e+01 9.719789039999998437e+00 1.864620758000000023e+03 1.945618999999999915e+03
2.104500000000000171e+01 9.748303679999997584e+00 1.864383135999999922e+03 1.945618999999999915e+03
2.104999999999999716e+01 9.674609999999997711e+00 1.864997249999999894e+03 1.945618999999999915e+03
2.105499999999999972e+01 9.708679439999997385e+00 1.864713338000000022e+03 1.945618999999999915e+03
2.106000000000000227e+01 9.703124639999996859e+00 1.864759628000000021e+03 1.945618999999999915e+03
2.106499999999999773e+01 9.691644719999997548e+00 1.864855293999999958e+03 1.945618999999999915e+03
2.107000000000000028e+01 9.719789039999998437e+00 1.864620758000000023e+03 1.945618999999999915e+03
2.107500000000000284e+01 9.674609999999997711e+00 1.864997249999999894e+03 1.945618999999999915e+03
2.107999999999999829e+01 9.703124639999996859e+00 1.864759628000000021e+03 1.945618999999999915e+03
2.108500000000000085e+01 9.680535119999998273e+00 1.864947873999999956e+03 1.945618999999999915e+03
2.108999999999999631e+01 9.674609999999997711e+00 1.864997249999999894e+03 1.945618999999999915e+03
2.109499999999999886e+01 9.634985759999999289e+00 1.865327451999999994e+03 1.945618999999999915e+03
2.110000000000000142e+01 9.691644719999997548e+00 1.864855293999999958e+03 1.945618999999999915e+03
2.110499999999999687e+01 9.714234239999997911e+00 1.864667048000000023e+03 1.945618999999999915e+03
2.110999999999999943e+01 9.697199519999998074e+00 1.864809003999999959e+03 1.945618999999999915e+03
2.111500000000000199e+01 9.759413279999998636e+00 1.864290555999999924e+03 1.945618999999999915e+03
2.111999999999999744e+01 9.759413279999998636e+00 1.864290555999999924e+03 1.945618999999999915e+03
2.112500000000000000e+01 9.691644719999997548e+00 1.864855293999999958e+03 1.945618999999999915e+03
2.113000000000000256e+01 9.736823759999998273e+00 1.864478801999999860e+03 1.945618999999999915e+03
2.113499999999999801e+01 9.742378559999998799e+00 1.864432511999999861e+03 1.945618999999999915e+03
2.114000000000000057e+01 9.680535119999998273e+00 1.864947873999999956e+03 1.945618999999999915e+03
2.114499999999999602e+01 9.686089919999997022e+00 1.864901583999999957e+03 1.945618999999999915e+03
2.114999999999999858e+01 9.612396239999998926e+00 1.865515697999999929e+03 1.945618999999999915e+03
2.115500000000000114e+01 9.669055199999998962e+00 1.865043539999999894e+03 1.945618999999999915e+03
2.115999999999999659e+01 9.691644719999997548e+00 1.864855293999999958e+03 1.945618999999999915e+03
2.116499999999999915e+01 9.652020479999999125e+00 1.865185495999999830e+03 1.945618999999999915e+03
2.117000000000000171e+01 9.708679439999997385e+00 1.864713338000000022e+03 1.945618999999999915e+03
2.117499999999999716e+01 9.725714159999997221e+00 1.864571381999999858e+03 1.945618999999999915e+03
2.117999999999999972e+01 9.725714159999997221e+00 1.864571381999999858e+03 1.945618999999999915e+03
2.118500000000000227e+01 9.731268959999997747e+00 1.864525091999999859e+03 1.945618999999999915e+03
2.118999999999999773e+01 9.669055199999998962e+00 1.865043539999999894e+03 1.945618999999999915e+03
2.119500000000000028e+01 9.725714159999997221e+00 1.864571381999999858e+03 1.945618999999999915e+03
2.120000000000000284e+01 9.776447999999998473e+00 1.864148599999999988e+03 1.945618999999999915e+03
2.120499999999999829e+01 9.697199519999998074e+00 1.864809003999999959e+03 1.945618999999999915e+03
2.121000000000000085e+01 9.669055199999998962e+00 1.865043539999999894e+03 1.945618999999999915e+03
2.121499999999999631e+01 9.652020479999999125e+00 1.865185495999999830e+03 1.945618999999999915e+03
2.121999999999999886e+01 9.691644719999997548e+00 1.864855293999999958e+03 1.945618999999999915e+03
2.122500000000000142e+01 9.736823759999998273e+00 1.864478801999999860e+03 1.945618999999999915e+03
2.122999999999999687e+01 9.725714159999997221e+00 1.864571381999999858e+03 1.945618999999999915e+03
2.123499999999999943e+01 9.742378559999998799e+00 1.864432511999999861e+03 1.945618999999999915e+03
2.124000000000000199e+01 9.759413279999998636e+00 1.864290555999999924e+03 1.945618999999999915e+03
2.124499999999999744e+01 9.680535119999998273e+00 1.864947873999999956e+03 1.945618999999999915e+03
2.125000000000000000e+01 9.714234239999997911e+00 1.864667048000000023e+03 1.945618999999999915e+03
2.125500000000000256e+01 9.686089919999997022e+00 1.864901583999999957e+03 1.945618999999999915e+03
2.125999999999999801e+01 9.674609999999997711e+00 1.864997249999999894e+03 1.945618999999999915e+03
2.126500000000000057e+01 9.736823759999998273e+00 1.864478801999999860e+03 1.945618999999999915e+03
2.126999999999999602e+01 9.782002799999998999e+00 1.864102309999999989e+03 1.945618999999999915e+03
2.127499999999999858e+01 9.731268959999997747e+00 1.864525091999999859e+03 1.945618999999999915e+03
2.128000000000000114e+01 9.731268959999997747e+00 1.864525091999999859e+03 1.945618999999999915e+03
2.128499999999999659e+01 9.731268959999997747e+00 1.864525091999999859e+03 1.945618999999999915e+03
2.128999999999999915e+01 9.686089919999997022e+00 1.864901583999999957e+03 1.945618999999999915e+03
2.129500000000000171e+01 9.708679439999997385e+00 1.864713338000000022e+03 1.945618999999999915e+03
2.129999999999999716e+01 9.731268959999997747e+00 1.864525091999999859e+03 1.945618999999999915e+03
2.130499999999999972e+01 9.748303679999997584e+00 1.864383135999999922e+03 1.945618999999999915e+03
2.131000000000000227e+01 9.725714159999997221e+00 1.864571381999999858e+03 1.945618999999999915e+03
2.131499999999999773e+01 9.731268959999997747e+00 1.864525091999999859e+03 1.945618999999999915e+03
2.132000000000000028e+01 9.719789039999998437e+00 1.864620758000000023e+03 1.945618999999999915e+03
2.132500000000000284e+01 9.686089919999997022e+00 1.864901583999999957e+03 1.945618999999999915e+03
2.132999999999999829e+01 9.708679439999997385e+00 1.864713338000000022e+03 1.945618999999999915e+03
2.133500000000000085e+01 9.691644719999997548e+00 1.864855293999999958e+03 1.945618999999999915e+03
2.133999999999999631e+01 9.753858479999998110e+00 1.864336845999999923e+03 1.945618999999999915e+03
2.134499999999999886e+01 9.782002799999998999e+00 1.864102309999999989e+03 1.945618999999999915e+03
2.135000000000000142e+01 9.804592319999997585e+00 1.863914063999999826e+03 1.945618999999999915e+03
2.135499999999999687e+01 9.725714159999997221e+00 1.864571381999999858e+03 1.945618999999999915e+03
2.135999999999999943e+01 9.731268959999997747e+00 1.864525091999999859e+03 1.945618999999999915e+03
2.136500000000000199e+01 9.691644719999997548e+00 1.864855293999999958e+03 1.945618999999999915e+03
2.136999999999999744e+01 9.748303679999997584e+00 1.864383135999999922e+03 1.945618999999999915e+03
2.137500000000000000e+01 9.703124639999996859e+00 1.864759628000000021e+03 1.945618999999999915e+03
2.138000000000000256e+01 9.697199519999998074e+00 1.864809003999999959e+03 1.945618999999999915e+03
2.138499999999999801e+01 9.748303679999997584e+00 1.864383135999999922e+03 1.945618999999999915e+03
2.139000000000000057e+01 9.759413279999998636e+00 1.864290555999999924e+03 1.945618999999999915e+03
2.139499999999999602e+01 9.708679439999997385e+00 1.864713338000000022e+03 1.945618999999999915e+03
2.139999999999999858e+01 9.714234239999997911e+00 1.864667048000000023e+03 1.945618999999999915e+03
2.140500000000000114e+01 9.703124639999996859e+00 1.864759628000000021e+03 1.945618999999999915e+03
2.140999999999999659e+01 9.646465679999998599e+00 1.865231785999999829e+03 1.945618999999999915e+03
2.141499999999999915e+01 9.674609999999997711e+00 1.864997249999999894e+03 1.945618999999999915e+03
2.142000000000000171e+01 9.719789039999998437e+00 1.864620758000000023e+03 1.945618999999999915e+03
2.142499999999999716e+01 9.719789039999998437e+00 1.864620758000000023e+03 1.945618999999999915e+03
2.142999999999999972e+01 9.776447999999998473e+00 1.864148599999999988e+03 1.945618999999999915e+03
2.143500000000000227e+01 9.770893199999997947e+00 1.864194889999999987e+03 1.945618999999999915e+03
2.143999999999999773e+01 9.703124639999996859e+00 1.864759628000000021e+03 1.945618999999999915e+03
2.144500000000000028e+01 9.691644719999997548e+00 1.864855293999999958e+03 1.945618999999999915e+03
2.145000000000000284e+01 9.719789039999998437e+00 1.864620758000000023e+03 1.945618999999999915e+03
2.145499999999999829e+01 9.719789039999998437e+00 1.864620758000000023e+03 1.945618999999999915e+03
2.146000000000000085e+01 9.674609999999997711e+00 1.864997249999999894e+03 1.945618999999999915e+03
2.146499999999999631e+01 9.742378559999998799e+00 1.864432511999999861e+03 1.945618999999999915e+03
2.146999999999999886e+01 9.719789039999998437e+00 1.864620758000000023e+03 1.945618999999999915e+03
2.147500000000000142e+01 9.663500399999998436e+00 1.865089829999999893e+03 1.945618999999999915e+03
2.147999999999999687e+01 9.719789039999998437e+00 1.864620758000000023e+03 1.945618999999999915e+03
2.148499999999999943e+01 9.686089919999997022e+00 1.864901583999999957e+03 1.945618999999999915e+03
2.149000000000000199e+01 9.680535119999998273e+00 1.864947873999999956e+03 1.945618999999999915e+03
2.149499999999999744e+01 9.764968079999999162e+00 1.864244265999999925e+03 1.945618999999999915e+03
2.150000000000000000e+01 9.770893199999997947e+00 1.864194889999999987e+03 1.945618999999999915e+03
2.150500000000000256e+01 9.736823759999998273e+00 1.864478801999999860e+03 1.945618999999999915e+03
2.150999999999999801e+01 9.753858479999998110e+00 1.864336845999999923e+03 1.945618999999999915e+03
2.151500000000000057e+01 9.714234239999997911e+00 1.864667048000000023e+03 1.945618999999999915e+03
2.151999999999999602e+01 9.703124639999996859e+00 1.864759628000000021e+03 1.945618999999999915e+03
2.152499999999999858e+01 9.663500399999998436e+00 1.865089829999999893e+03 1.945618999999999915e+03
2.153000000000000114e+01 9.674609999999997711e+00 1.864997249999999894e+03 1.945618999999999915e+03
2.153499999999999659e+01 9.703124639999996859e+00 1.864759628000000021e+03 1.945618999999999915e+03
2.153999999999999915e+01 9.708679439999997385e+00 1.864713338000000022e+03 1.945618999999999915e+03
2.154500000000000171e+01 9.748303679999997584e+00 1.864383135999999922e+03 1.945618999999999915e+03
2.154999999999999716e+01 9.770893199999997947e+00 1.864194889999999987e+03 1.945618999999999915e+03
2.155499999999999972e+01 9.703124639999996859e+00 1.864759628000000021e+03 1.945618999999999915e+03
2.156000000000000227e+01 9.674609999999997711e+00 1.864997249999999894e+03 1.945618999999999915e+03
2.156499999999999773e+01 9.703124639999996859e+00 1.864759628000000021e+03 1.945618999999999915e+03
2.157000000000000028e+01 9.736823759999998273e+00 1.864478801999999860e+03 1.945618999999999915e+03
2.157500000000000284e+01 9.714234239999997911e+00 1.864667048000000023e+03 1.945618999999999915e+03
2.157999999999999829e+01 9.719789039999998437e+00 1.864620758000000023e+03 1.945618999999999915e+03
2.158500000000000085e+01 9.770893199999997947e+00 1.864194889999999987e+03 1.945618999999999915e+03
2.158999999999999631e+01 9.736823759999998273e+00 1.864478801999999860e+03 1.945618999999999915e+03
2.159499999999999886e+01 9.686089919999997022e+00 1.864901583999999957e+03 1.945618999999999915e+03
2.160000000000000142e+01 9.753858479999998110e+00 1.864336845999999923e+03 1.945618999999999915e+03
2.160499999999999687e+01 9.742378559999998799e+00 1.864432511999999861e+03 1.945618999999999915e+03
2.160999999999999943e+01 9.669055199999998962e+00 1.865043539999999894e+03 1.945618999999999915e+03
2.161500000000000199e+01 9.725714159999997221e+00 1.864571381999999858e+03 1.945618999999999915e+03
2.161999999999999744e+01 9.697199519999998074e+00 1.864809003999999959e+03 1.945618999999999915e+03
2.162500000000000000e+01 9.742378559999998799e+00 1.864432511999999861e+03 1.945618999999999915e+03
2.163000000000000256e+01 9.725714159999997221e+00 1.864571381999999858e+03 1.945618999999999915e+03
2.163499999999999801e+01 9.770893199999997947e+00 1.864194889999999987e+03 1.945618999999999915e+03
2.164000000000000057e+01 9.657575279999997875e+00 1.865139205999999831e+03 1.945618999999999915e+03
2.164499999999999602e+01 9.680535119999998273e+00 1.864947873999999956e+03 1.945618999999999915e+03
2.164999999999999858e+01 9.708679439999997385e+00 1.864713338000000022e+03 1.945618999999999915e+03
2.165500000000000114e+01 9.703124639999996859e+00 1.864759628000000021e+03 1.945618999999999915e+03
2.165999999999999659e+01 9.714234239999997911e+00 1.864667048000000023e+03 1.945618999999999915e+03
2.166499999999999915e+01 9.725714159999997221e+00 1.864571381999999858e+03 1.945618999999999915e+03
2.167000000000000171e+01 9.731268959999997747e+00 1.864525091999999859e+03 1.945618999999999915e+03
2.167499999999999716e+01 9.697199519999998074e+00 1.864809003999999959e+03 1.945618999999999915e+03
2.167999999999999972e+01 9.669055199999998962e+00 1.865043539999999894e+03 1.945618999999999915e+03
2.168500000000000227e+01 9.674609999999997711e+00 1.864997249999999894e+03 1.945618999999999915e+03
2.168999999999999773e+01 9.725714159999997221e+00 1.864571381999999858e+03 1.945618999999999915e+03
2.169500000000000028e+01 9.686089919999997022e+00 1.864901583999999957e+03 1.945618999999999915e+03
2.170000000000000284e+01 9.674609999999997711e+00 1.864997249999999894e+03 1.945618999999999915e+03
2.170499999999999829e+01 9.674609999999997711e+00 1.864997249999999894e+03 1.945618999999999915e+03
2.171000000000000085e+01 9.646465679999998599e+00 1.865231785999999829e+03 1.945618999999999915e+03
2.171499999999999631e+01 9.725714159999997221e+00 1.864571381999999858e+03 1.945618999999999915e+03
2.171999999999999886e+01 9.725714159999997221e+00 1.864571381999999858e+03 1.945618999999999915e+03
2.172500000000000142e+01 9.764968079999999162e+00 1.864244265999999925e+03 1.945618999999999915e+03
2.172999999999999687e+01 9.714234239999997911e+00 1.864667048000000023e+03 1.945618999999999915e+03
2.173499999999999943e+01 9.764968079999999162e+00 1.864244265999999925e+03 1.945618999999999915e+03
2.174000000000000199e+01 9.714234239999997911e+00 1.864667048000000023e+03 1.945618999999999915e+03
2.174499999999999744e+01 9.686089919999997022e+00 1.864901583999999957e+03 1.945618999999999915e+03
2.175000000000000000e+01 9.697199519999998074e+00 1.864809003999999959e+03 1.945618999999999915e+03
2.175500000000000256e+01 9.736823759999998273e+00 1.864478801999999860e+03 1.945618999999999915e+03
2.175999999999999801e+01 9.703124639999996859e+00 1.864759628000000021e+03 1.945618999999999915e+03
2.176500000000000057e+01 9.674609999999997711e+00 1.864997249999999894e+03 1.945618999999999915e+03
2.176999999999999602e+01 9.714234239999997911e+00 1.864667048000000023e+03 1.945618999999999915e+03
2.177499999999999858e+01 9.759413279999998636e+00 1.864290555999999924e+03 1.945618999999999915e+03
2.178000000000000114e+01 9.669055199999998962e+00 1.865043539999999894e+03 1.945618999999999915e+03
2.178499999999999659e+01 9.708679439999997385e+00 1.864713338000000022e+03 1.945618999999999915e+03
2.178999999999999915e+01 9.634985759999999289e+00 1.865327451999999994e+03 1.945618999999999915e+03
2.179500000000000171e+01 9.652020479999999125e+00 1.865185495999999830e+03 1.945618999999999915e+03
2.179999999999999716e+01 9.680535119999998273e+00 1.864947873999999956e+03 1.945618999999999915e+03
2.180499999999999972e+01 9.731268959999997747e+00 1.864525091999999859e+03 1.945618999999999915e+03
2.181000000000000227e+01 9.680535119999998273e+00 1.864947873999999956e+03 1.945618999999999915e+03
2.181499999999999773e+01 9.748303679999997584e+00 1.864383135999999922e+03 1.945618999999999915e+03
2.182000000000000028e+01 9.680535119999998273e+00 1.864947873999999956e+03 1.945618999999999915e+03
2.182500000000000284e+01 9.674609999999997711e+00 1.864997249999999894e+03 1.945618999999999915e+03
2.182999999999999829e+01 9.634985759999999289e+00 1.865327451999999994e+03 1.945618999999999915e+03
2.183500000000000085e+01 9.674609999999997711e+00 1.864997249999999894e+03 1.945618999999999915e+03
2.183999999999999631e+01 9.669055199999998962e+00 1.865043539999999894e+03 1.945618999999999915e+03
2.184499999999999886e+01 9.686089919999997022e+00 1.864901583999999957e+03 1.945618999999999915e+03
2.185000000000000142e+01 9.691644719999997548e+00 1.864855293999999958e+03 1.945618999999999915e+03
2.185499999999999687e+01 9.663500399999998436e+00 1.865089829999999893e+03 1.945618999999999915e+03
2.185999999999999943e+01 9.623876159999998237e+00 1.865420031999999992e+03 1.945618999999999915e+03
2.186500000000000199e+01 9.680535119999998273e+00 1.864947873999999956e+03 1.945618999999999915e+03
2.186999999999999744e+01 9.663500399999998436e+00 1.865089829999999893e+03 1.945618999999999915e+03
2.187500000000000000e+01 9.623876159999998237e+00 1.865420031999999992e+03 1.945618999999999915e+03
2.188000000000000256e+01 9.669055199999998962e+00 1.865043539999999894e+03 1.945618999999999915e+03
2.188499999999999801e+01 9.714234239999997911e+00 1.864667048000000023e+03 1.945618999999999915e+03
2.189000000000000057e+01 9.759413279999998636e+00 1.864290555999999924e+03 1.945618999999999915e+03
2.189499999999999602e+01 9.646465679999998599e+00 1.865231785999999829e+03 1.945618999999999915e+03
2.189999999999999858e+01 9.629430959999998763e+00 1.865373741999999993e+03 1.945618999999999915e+03
2.190500000000000114e+01 9.669055199999998962e+00 1.865043539999999894e+03 1.945618999999999915e+03
2.190999999999999659e+01 9.703124639999996859e+00 1.864759628000000021e+03 1.945618999999999915e+03
2.191499999999999915e+01 9.708679439999997385e+00 1.864713338000000022e+03 1.945618999999999915e+03
2.192000000000000171e+01 9.725714159999997221e+00 1.864571381999999858e+03 1.945618999999999915e+03
2.192499999999999716e+01 9.657575279999997875e+00 1.865139205999999831e+03 1.945618999999999915e+03
2.192999999999999972e+01 9.691644719999997548e+00 1.864855293999999958e+03 1.945618999999999915e+03
2.193500000000000227e+01 9.708679439999997385e+00 1.864713338000000022e+03 1.945618999999999915e+03
2.193999999999999773e+01 9.657575279999997875e+00 1.865139205999999831e+03 1.945618999999999915e+03
2.194500000000000028e+01 9.539072879999999088e+00 1.866126725999999962e+03 1.945618999999999915e+03
2.195000000000000284e+01 9.669055199999998962e+00 1.865043539999999894e+03 1.945618999999999915e+03
2.195499999999999829e+01 9.680535119999998273e+00 1.864947873999999956e+03 1.945618999999999915e+03
2.196000000000000085e+01 9.691644719999997548e+00 1.864855293999999958e+03 1.945618999999999915e+03
2.196499999999999631e+01 9.669055199999998962e+00 1.865043539999999894e+03 1.945618999999999915e+03
2.196999999999999886e+01 9.674609999999997711e+00 1.864997249999999894e+03 1.945618999999999915e+03
2.197500000000000142e+01 9.680535119999998273e+00 1.864947873999999956e+03 1.945618999999999915e+03
2.197999999999999687e+01 9.674609999999997711e+00 1.864997249999999894e+03 1.945618999999999915e+03
2.198499999999999943e+01 9.652020479999999125e+00 1.865185495999999830e+03 1.945618999999999915e+03
2.199000000000000199e+01 9.674609999999997711e+00 1.864997249999999894e+03 1.945618999999999915e+03
2.199499999999999744e+01 9.669055199999998962e+00 1.865043539999999894e+03 1.945618999999999915e+03
2.200000000000000000e+01 9.714234239999997911e+00 1.864667048000000023e+03 1.945618999999999915e+03
2.200500000000000256e+01 9.753858479999998110e+00 1.864336845999999923e+03 1.945618999999999915e+03
2.200999999999999801e+01 9.663500399999998436e+00 1.865089829999999893e+03 1.945618999999999915e+03
2.201500000000000057e+01 9.663500399999998436e+00 1.865089829999999893e+03 1.945618999999999915e+03
2.201999999999999602e+01 9.584251919999998037e+00 1.865750233999999864e+03 1.945618999999999915e+03
2.202499999999999858e+01 9.623876159999998237e+00 1.865420031999999992e+03 1.945618999999999915e+03
2.203000000000000114e+01 9.623876159999998237e+00 1.865420031999999992e+03 1.945618999999999915e+03
2.203499999999999659e+01 9.674609999999997711e+00 1.864997249999999894e+03 1.945618999999999915e+03
2.203999999999999915e+01 9.623876159999998237e+00 1.865420031999999992e+03 1.945618999999999915e+03
2.204500000000000171e+01 9.663500399999998436e+00 1.865089829999999893e+03 1.945618999999999915e+03
2.204999999999999716e+01 9.674609999999997711e+00 1.864997249999999894e+03 1.945618999999999915e+03
2.205499999999999972e+01 9.663500399999998436e+00 1.865089829999999893e+03 1.945618999999999915e+03
2.206000000000000227e+01 9.663500399999998436e+00 1.865089829999999893e+03 1.945618999999999915e+03
2.206499999999999773e+01 9.640910879999998073e+00 1.865278075999999828e+03 1.945618999999999915e+03
2.207000000000000028e+01 9.680535119999998273e+00 1.864947873999999956e+03 1.945618999999999915e+03
2.207500000000000284e+01 9.623876159999998237e+00 1.865420031999999992e+03 1.945618999999999915e+03
2.207999999999999829e+01 9.618321359999997711e+00 1.865466321999999991e+03 1.945618999999999915e+03
2.208500000000000085e+01 9.657575279999997875e+00 1.865139205999999831e+03 1.945618999999999915e+03
2.208999999999999631e+01 9.640910879999998073e+00 1.865278075999999828e+03 1.945618999999999915e+03
2.209499999999999886e+01 9.623876159999998237e+00 1.865420031999999992e+03 1.945618999999999915e+03
2.210000000000000142e+01 9.606841439999998400e+00 1.865561987999999928e+03 1.945618999999999915e+03
2.210499999999999687e+01 9.573142319999996985e+00 1.865842813999999862e+03 1.945618999999999915e+03
2.210999999999999943e+01 9.606841439999998400e+00 1.865561987999999928e+03 1.945618999999999915e+03
2.211500000000000199e+01 9.612396239999998926e+00 1.865515697999999929e+03 1.945618999999999915e+03
2.211999999999999744e+01 9.601286639999997874e+00 1.865608277999999927e+03 1.945618999999999915e+03
2.212500000000000000e+01 9.606841439999998400e+00 1.865561987999999928e+03 1.945618999999999915e+03
2.213000000000000256e+01 9.652020479999999125e+00 1.865185495999999830e+03 1.945618999999999915e+03
2.213499999999999801e+01 9.640910879999998073e+00 1.865278075999999828e+03 1.945618999999999915e+03
2.214000000000000057e+01 9.623876159999998237e+00 1.865420031999999992e+03 1.945618999999999915e+03
2.214499999999999602e+01 9.578697119999997511e+00 1.865796523999999863e+03 1.945618999999999915e+03
2.214999999999999858e+01 9.595731839999997348e+00 1.865654567999999927e+03 1.945618999999999915e+03
2.215500000000000114e+01 9.623876159999998237e+00 1.865420031999999992e+03 1.945618999999999915e+03
2.215999999999999659e+01 9.646465679999998599e+00 1.865231785999999829e+03 1.945618999999999915e+03
2.216499999999999915e+01 9.663500399999998436e+00 1.865089829999999893e+03 1.945618999999999915e+03
2.217000000000000171e+01 9.652020479999999125e+00 1.865185495999999830e+03 1.945618999999999915e+03
2.217499999999999716e+01 9.623876159999998237e+00 1.865420031999999992e+03 1.945618999999999915e+03
2.217999999999999972e+01 9.652020479999999125e+00 1.865185495999999830e+03 1.945618999999999915e+03
2.218500000000000227e+01 9.634985759999999289e+00 1.865327451999999994e+03 1.945618999999999915e+03
2.218999999999999773e+01 9.601286639999997874e+00 1.865608277999999927e+03 1.945618999999999915e+03
2.219500000000000028e+01 9.595731839999997348e+00 1.865654567999999927e+03 1.945618999999999915e+03
2.220000000000000284e+01 9.584251919999998037e+00 1.865750233999999864e+03 1.945618999999999915e+03
2.220499999999999829e+01 9.680535119999998273e+00 1.864947873999999956e+03 1.945618999999999915e+03
2.221000000000000085e+01 9.686089919999997022e+00 1.864901583999999957e+03 1.945618999999999915e+03
2.221499999999999631e+01 9.657575279999997875e+00 1.865139205999999831e+03 1.945618999999999915e+03
2.221999999999999886e+01 9.618321359999997711e+00 1.865466321999999991e+03 1.945618999999999915e+03
2.222500000000000142e+01 9.629430959999998763e+00 1.865373741999999993e+03 1.945618999999999915e+03
2.222999999999999687e+01 9.618321359999997711e+00 1.865466321999999991e+03 1.945618999999999915e+03
2.223499999999999943e+01 9.652020479999999125e+00 1.865185495999999830e+03 1.945618999999999915e+03
2.224000000000000199e+01 9.612396239999998926e+00 1.865515697999999929e+03 1.945618999999999915e+03
2.224499999999999744e+01 9.640910879999998073e+00 1.865278075999999828e+03 1.945618999999999915e+03
2.225000000000000000e+01 9.629430959999998763e+00 1.865373741999999993e+03 1.945618999999999915e+03
2.225500000000000256e+01 9.657575279999997875e+00 1.865139205999999831e+03 1.945618999999999915e+03
2.225999999999999801e+01 9.618321359999997711e+00 1.865466321999999991e+03 1.945618999999999915e+03
2.226500000000000057e+01 9.573142319999996985e+00 1.865842813999999862e+03 1.945618999999999915e+03
2.226999999999999602e+01 9.629430959999998763e+00 1.865373741999999993e+03 1.945618999999999915e+03
2.227499999999999858e+01 9.657575279999997875e+00 1.865139205999999831e+03 1.945618999999999915e+03
2.228000000000000114e+01 9.663500399999998436e+00 1.865089829999999893e+03 1.945618999999999915e+03
2.228499999999999659e+01 9.629430959999998763e+00 1.865373741999999993e+03 1.945618999999999915e+03
2.228999999999999915e+01 9.634985759999999289e+00 1.865327451999999994e+03 1.945618999999999915e+03
2.229500000000000171e+01 9.634985759999999289e+00 1.865327451999999994e+03 1.945618999999999915e+03
2.229999999999999716e+01 9.612396239999998926e+00 1.865515697999999929e+03 1.945618999999999915e+03
2.230499999999999972e+01 9.629430959999998763e+00 1.865373741999999993e+03 1.945618999999999915e+03
2.231000000000000227e+01 9.623876159999998237e+00 1.865420031999999992e+03 1.945618999999999915e+03
2.231499999999999773e+01 9.634985759999999289e+00 1.865327451999999994e+03 1.945618999999999915e+03
2.232000000000000028e+01 9.640910879999998073e+00 1.865278075999999828e+03 1.945618999999999915e+03
2.232500000000000284e+01 9.634985759999999289e+00 1.865327451999999994e+03 1.945618999999999915e+03
2.232999999999999829e+01 9.640910879999998073e+00 1.865278075999999828e+03 1.945618999999999915e+03
2.233500000000000085e+01 9.601286639999997874e+00 1.865608277999999927e+03 1.945618999999999915e+03
2.233999999999999631e+01 9.578697119999997511e+00 1.865796523999999863e+03 1.945618999999999915e+03
2.234499999999999886e+01 9.646465679999998599e+00 1.865231785999999829e+03 1.945618999999999915e+03
2.235000000000000142e+01 9.674609999999997711e+00 1.864997249999999894e+03 1.945618999999999915e+03
2.235499999999999687e+01 9.663500399999998436e+00 1.865089829999999893e+03 1.945618999999999915e+03
2.235999999999999943e+01 9.623876159999998237e+00 1.865420031999999992e+03 1.945618999999999915e+03
2.236500000000000199e+01 9.601286639999997874e+00 1.865608277999999927e+03 1.945618999999999915e+03
2.236999999999999744e+01 9.652020479999999125e+00 1.865185495999999830e+03 1.945618999999999915e+03
2.237500000000000000e+01 9.646465679999998599e+00 1.865231785999999829e+03 1.945618999999999915e+03
2.238000000000000256e+01 9.618321359999997711e+00 1.865466321999999991e+03 1.945618999999999915e+03
2.238499999999999801e+01 9.629430959999998763e+00 1.865373741999999993e+03 1.945618999999999915e+03
2.239000000000000057e+01 9.623876159999998237e+00 1.865420031999999992e+03 1.945618999999999915e+03
2.239499999999999602e+01 9.680535119999998273e+00 1.864947873999999956e+03 1.945618999999999915e+03
2.239999999999999858e+01 9.612396239999998926e+00 1.865515697999999929e+03 1.945618999999999915e+03
2.240500000000000114e+01 9.606841439999998400e+00 1.865561987999999928e+03 1.945618999999999915e+03
2.240999999999999659e+01 9.674609999999997711e+00 1.864997249999999894e+03 1.945618999999999915e+03
2.241499999999999915e+01 9.561662399999997675e+00 1.865938480000000027e+03 1.945618999999999915e+03
2.242000000000000171e+01 9.595731839999997348e+00 1.865654567999999927e+03 1.945618999999999915e+03
2.242499999999999716e+01 9.640910879999998073e+00 1.865278075999999828e+03 1.945618999999999915e+03
2.242999999999999972e+01 9.589806719999998563e+00 1.865703943999999865e+03 1.945618999999999915e+03
2.243500000000000227e+01 9.646465679999998599e+00 1.865231785999999829e+03 1.945618999999999915e+03
2.243999999999999773e+01 9.573142319999996985e+00 1.865842813999999862e+03 1.945618999999999915e+03
2.244500000000000028e+01 9.550552799999998399e+00 1.866031060000000025e+03 1.945618999999999915e+03
2.245000000000000284e+01 9.634985759999999289e+00 1.865327451999999994e+03 1.945618999999999915e+03
2.245499999999999829e+01 9.657575279999997875e+00 1.865139205999999831e+03 1.945618999999999915e+03
2.246000000000000085e+01 9.634985759999999289e+00 1.865327451999999994e+03 1.945618999999999915e+03
2.246499999999999631e+01 9.629430959999998763e+00 1.865373741999999993e+03 1.945618999999999915e+03
2.246999999999999886e+01 9.612396239999998926e+00 1.865515697999999929e+03 1.945618999999999915e+03
2.247500000000000142e+01 9.634985759999999289e+00 1.865327451999999994e+03 1.945618999999999915e+03
2.247999999999999687e+01 9.680535119999998273e+00 1.864947873999999956e+03 1.945618999999999915e+03
2.248499999999999943e+01 9.578697119999997511e+00 1.865796523999999863e+03 1.945618999999999915e+03
2.249000000000000199e+01 9.589806719999998563e+00 1.865703943999999865e+03 1.945618999999999915e+03
2.249499999999999744e+01 9.640910879999998073e+00 1.865278075999999828e+03 1.945618999999999915e+03
2.250000000000000000e+01 9.606841439999998400e+00 1.865561987999999928e+03 1.945618999999999915e+03
2.250500000000000256e+01 9.714234239999997911e+00 1.864667048000000023e+03 1.945618999999999915e+03
2.250999999999999801e+01 9.646465679999998599e+00 1.865231785999999829e+03 1.945618999999999915e+03
2.251500000000000057e+01 9.612396239999998926e+00 1.865515697999999929e+03 1.945618999999999915e+03
2.251999999999999602e+01 9.606841439999998400e+00 1.865561987999999928e+03 1.945618999999999915e+03
2.252499999999999858e+01 9.561662399999997675e+00 1.865938480000000027e+03 1.945618999999999915e+03
2.253000000000000114e+01 9.618321359999997711e+00 1.865466321999999991e+03 1.945618999999999915e+03
2.253499999999999659e+01 9.640910879999998073e+00 1.865278075999999828e+03 1.945618999999999915e+03
2.253999999999999915e+01 9.646465679999998599e+00 1.865231785999999829e+03 1.945618999999999915e+03
2.254500000000000171e+01 9.680535119999998273e+00 1.864947873999999956e+03 1.945618999999999915e+03
2.254999999999999716e+01 9.657575279999997875e+00 1.865139205999999831e+03 1.945618999999999915e+03
2.255499999999999972e+01 9.640910879999998073e+00 1.865278075999999828e+03 1.945618999999999915e+03
2.256000000000000227e+01 9.623876159999998237e+00 1.865420031999999992e+03 1.945618999999999915e+03
2.256499999999999773e+01 9.601286639999997874e+00 1.865608277999999927e+03 1.945618999999999915e+03
2.257000000000000028e+01 9.601286639999997874e+00 1.865608277999999927e+03 1.945618999999999915e+03
2.257500000000000284e+01 9.663500399999998436e+00 1.865089829999999893e+03 1.945618999999999915e+03
2.257999999999999829e+01 9.657575279999997875e+00 1.865139205999999831e+03 1.945618999999999915e+03
2.258500000000000085e+01 9.652020479999999125e+00 1.865185495999999830e+03 1.945618999999999915e+03
2.258999999999999631e+01 9.623876159999998237e+00 1.865420031999999992e+03 1.945618999999999915e+03
2.259499999999999886e+01 9.674609999999997711e+00 1.864997249999999894e+03 1.945618999999999915e+03
2.260000000000000142e+01 9.634985759999999289e+00 1.865327451999999994e+03 1.945618999999999915e+03
2.260499999999999687e+01 9.618321359999997711e+00 1.865466321999999991e+03 1.945618999999999915e+03
2.260999999999999943e+01 9.584251919999998037e+00 1.865750233999999864e+03 1.945618999999999915e+03
2.261500000000000199e+01 9.578697119999997511e+00 1.865796523999999863e+03 1.945618999999999915e+03
2.261999999999999744e+01 9.567217199999998201e+00 1.865892190000000028e+03 1.945618999999999915e+03
2.262500000000000000e+01 9.669055199999998962e+00 1.865043539999999894e+03 1.945618999999999915e+03
2.263000000000000256e+01 9.634985759999999289e+00 1.865327451999999994e+03 1.945618999999999915e+03
2.263499999999999801e+01 9.652020479999999125e+00 1.865185495999999830e+03 1.945618999999999915e+03
2.264000000000000057e+01 9.652020479999999125e+00 1.865185495999999830e+03 1.945618999999999915e+03
2.264499999999999602e+01 9.652020479999999125e+00 1.865185495999999830e+03 1.945618999999999915e+03
2.264999999999999858e+01 9.584251919999998037e+00 1.865750233999999864e+03 1.945618999999999915e+03
2.265500000000000114e+01 9.601286639999997874e+00 1.865608277999999927e+03 1.945618999999999915e+03
2.265999999999999659e+01 9.652020479999999125e+00 1.865185495999999830e+03 1.945618999999999915e+03
2.266499999999999915e+01 9.652020479999999125e+00 1.865185495999999830e+03 1.945618999999999915e+03
2.267000000000000171e+01 9.606841439999998400e+00 1.865561987999999928e+03 1.945618999999999915e+03
2.267499999999999716e+01 9.657575279999997875e+00 1.865139205999999831e+03 1.945618999999999915e+03
2.267999999999999972e+01 9.652020479999999125e+00 1.865185495999999830e+03 1.945618999999999915e+03
2.268500000000000227e+01 9.584251919999998037e+00 1.865750233999999864e+03 1.945618999999999915e+03
2.268999999999999773e+01 9.612396239999998926e+00 1.865515697999999929e+03 1.945618999999999915e+03
2.269500000000000028e+01 9.533518079999998562e+00 1.866173015999999961e+03 1.945618999999999915e+03
2.270000000000000284e+01 9.589806719999998563e+00 1.865703943999999865e+03 1.945618999999999915e+03
2.270499999999999829e+01 9.657575279999997875e+00 1.865139205999999831e+03 1.945618999999999915e+03
2.271000000000000085e+01 9.612396239999998926e+00 1.865515697999999929e+03 1.945618999999999915e+03
2.271499999999999631e+01 9.680535119999998273e+00 1.864947873999999956e+03 1.945618999999999915e+03
2.271999999999999886e+01 9.612396239999998926e+00 1.865515697999999929e+03 1.945618999999999915e+03
2.272500000000000142e+01 9.601286639999997874e+00 1.865608277999999927e+03 1.945618999999999915e+03
2.272999999999999687e+01 9.606841439999998400e+00 1.865561987999999928e+03 1.945618999999999915e+03
2.273499999999999943e+01 9.606841439999998400e+00 1.865561987999999928e+03 1.945618999999999915e+03
2.274000000000000199e+01 9.634985759999999289e+00 1.865327451999999994e+03 1.945618999999999915e+03
2.274499999999999744e+01 9.595731839999997348e+00 1.865654567999999927e+03 1.945618999999999915e+03
2.275000000000000000e+01 9.561662399999997675e+00 1.865938480000000027e+03 1.945618999999999915e+03
2.275500000000000256e+01 9.589806719999998563e+00 1.865703943999999865e+03 1.945618999999999915e+03
2.275999999999999801e+01 9.595731839999997348e+00 1.865654567999999927e+03 1.945618999999999915e+03
2.276500000000000057e+01 9.634985759999999289e+00 1.865327451999999994e+03 1.945618999999999915e+03
2.276999999999999602e+01 9.533518079999998562e+00 1.866173015999999961e+03 1.945618999999999915e+03
2.277499999999999858e+01 9.499448639999998889e+00 1.866456927999999834e+03 1.945618999999999915e+03
2.278000000000000114e+01 9.623876159999998237e+00 1.865420031999999992e+03 1.945618999999999915e+03
2.278499999999999659e+01 9.612396239999998926e+00 1.865515697999999929e+03 1.945618999999999915e+03
2.278999999999999915e+01 9.623876159999998237e+00 1.865420031999999992e+03 1.945618999999999915e+03
2.279500000000000171e+01 9.595731839999997348e+00 1.865654567999999927e+03 1.945618999999999915e+03
2.279999999999999716e+01 9.578697119999997511e+00 1.865796523999999863e+03 1.945618999999999915e+03
2.280499999999999972e+01 9.578697119999997511e+00 1.865796523999999863e+03 1.945618999999999915e+03
2.281000000000000227e+01 9.567217199999998201e+00 1.865892190000000028e+03 1.945618999999999915e+03
2.281499999999999773e+01 9.539072879999999088e+00 1.866126725999999962e+03 1.945618999999999915e+03
2.282000000000000028e+01 9.601286639999997874e+00 1.865608277999999927e+03 1.945618999999999915e+03
2.282500000000000284e+01 9.612396239999998926e+00 1.865515697999999929e+03 1.945618999999999915e+03
2.282999999999999829e+01 9.657575279999997875e+00 1.865139205999999831e+03 1.945618999999999915e+03
2.283500000000000085e+01 9.573142319999996985e+00 1.865842813999999862e+03 1.945618999999999915e+03
2.283999999999999631e+01 9.578697119999997511e+00 1.865796523999999863e+03 1.945618999999999915e+03
2.284499999999999886e+01 9.612396239999998926e+00 1.865515697999999929e+03 1.945618999999999915e+03
2.285000000000000142e+01 9.629430959999998763e+00 1.865373741999999993e+03 1.945618999999999915e+03
2.285499999999999687e+01 9.601286639999997874e+00 1.865608277999999927e+03 1.945618999999999915e+03
2.285999999999999943e+01 9.623876159999998237e+00 1.865420031999999992e+03 1.945618999999999915e+03
2.286500000000000199e+01 9.589806719999998563e+00 1.865703943999999865e+03 1.945618999999999915e+03
2.286999999999999744e+01 9.669055199999998962e+00 1.865043539999999894e+03 1.945618999999999915e+03
2.287500000000000000e+01 9.663500399999998436e+00 1.865089829999999893e+03 1.945618999999999915e+03
2.288000000000000256e+01 9.618321359999997711e+00 1.865466321999999991e+03 1.945618999999999915e+03
2.288499999999999801e+01 9.601286639999997874e+00 1.865608277999999927e+03 1.945618999999999915e+03
2.289000000000000057e+01 9.595731839999997348e+00 1.865654567999999927e+03 1.945618999999999915e+03
2.289499999999999602e+01 9.652020479999999125e+00 1.865185495999999830e+03 1.945618999999999915e+03
2.289999999999999858e+01 9.663500399999998436e+00 1.865089829999999893e+03 1.945618999999999915e+03
2.290500000000000114e+01 9.578697119999997511e+00 1.865796523999999863e+03 1.945618999999999915e+03
2.290999999999999659e+01 9.601286639999997874e+00 1.865608277999999927e+03 1.945618999999999915e+03
2.291499999999999915e+01 9.634985759999999289e+00 1.865327451999999994e+03 1.945618999999999915e+03
2.292000000000000171e+01 9.578697119999997511e+00 1.865796523999999863e+03 1.945618999999999915e+03
2.292499999999999716e+01 9.567217199999998201e+00 1.865892190000000028e+03 1.945618999999999915e+03
2.292999999999999972e+01 9.629430959999998763e+00 1.865373741999999993e+03 1.945618999999999915e+03
2.293500000000000227e+01 9.646465679999998599e+00 1.865231785999999829e+03 1.945618999999999915e+03
2.293999999999999773e+01 9.606841439999998400e+00 1.865561987999999928e+03 1.945618999999999915e+03
2.294500000000000028e+01 9.589806719999998563e+00 1.865703943999999865e+03 1.945618999999999915e+03
2.295000000000000284e+01 9.669055199999998962e+00 1.865043539999999894e+03 1.945618999999999915e+03
2.295499999999999829e+01 9.573142319999996985e+00 1.865842813999999862e+03 1.945618999999999915e+03
2.296000000000000085e+01 9.589806719999998563e+00 1.865703943999999865e+03 1.945618999999999915e+03
2.296499999999999631e+01 9.629430959999998763e+00 1.865373741999999993e+03 1.945618999999999915e+03
2.296999999999999886e+01 9.623876159999998237e+00 1.865420031999999992e+03 1.945618999999999915e+03
2.297500000000000142e+01 9.618321359999997711e+00 1.865466321999999991e+03 1.945618999999999915e+03
2.297999999999999687e+01 9.618321359999997711e+00 1.865466321999999991e+03 1.945618999999999915e+03
2.298499999999999943e+01 9.601286639999997874e+00 1.865608277999999927e+03 1.945618999999999915e+03
2.299000000000000199e+01 9.578697119999997511e+00 1.865796523999999863e+03 1.945618999999999915e+03
2.299499999999999744e+01 9.606841439999998400e+00 1.865561987999999928e+03 1.945618999999999915e+03
2.300000000000000000e+01 9.606841439999998400e+00 1.865561987999999928e+03 1.945618999999999915e+03
2.300500000000000256e+01 9.606841439999998400e+00 1.865561987999999928e+03 1.945618999999999915e+03
2.300999999999999801e+01 9.601286639999997874e+00 1.865608277999999927e+03 1.945618999999999915e+03
2.301500000000000057e+01 9.623876159999998237e+00 1.865420031999999992e+03 1.945618999999999915e+03
2.301999999999999602e+01 9.623876159999998237e+00 1.865420031999999992e+03 1.945618999999999915e+03
2.302499999999999858e+01 9.595731839999997348e+00 1.865654567999999927e+03 1.945618999999999915e+03
2.303000000000000114e+01 9.578697119999997511e+00 1.865796523999999863e+03 1.945618999999999915e+03
2.303499999999999659e+01 9.629430959999998763e+00 1.865373741999999993e+03 1.945618999999999915e+03
2.303999999999999915e+01 9.623876159999998237e+00 1.865420031999999992e+03 1.945618999999999915e+03
2.304500000000000171e+01 9.634985759999999289e+00 1.865327451999999994e+03 1.945618999999999915e+03
2.304999999999999716e+01 9.640910879999998073e+00 1.865278075999999828e+03 1.945618999999999915e+03
2.305499999999999972e+01 9.550552799999998399e+00 1.866031060000000025e+03 1.945618999999999915e+03
2.306000000000000227e+01 9.584251919999998037e+00 1.865750233999999864e+03 1.945618999999999915e+03
2.306499999999999773e+01 9.595731839999997348e+00 1.865654567999999927e+03 1.945618999999999915e+03
2.307000000000000028e+01 9.533518079999998562e+00 1.866173015999999961e+03 1.945618999999999915e+03
2.307500000000000284e+01 9.589806719999998563e+00 1.865703943999999865e+03 1.945618999999999915e+03
2.307999999999999829e+01 9.652020479999999125e+00 1.865185495999999830e+03 1.945618999999999915e+03
2.308500000000000085e+01 9.629430959999998763e+00 1.865373741999999993e+03 1.945618999999999915e+03
2.308999999999999631e+01 9.550552799999998399e+00 1.866031060000000025e+03 1.945618999999999915e+03
2.309499999999999886e+01 9.629430959999998763e+00 1.865373741999999993e+03 1.945618999999999915e+03
2.310000000000000142e+01 9.612396239999998926e+00 1.865515697999999929e+03 1.945618999999999915e+03
2.310499999999999687e+01 9.584251919999998037e+00 1.865750233999999864e+03 1.945618999999999915e+03
2.310999999999999943e+01 9.567217199999998201e+00 1.865892190000000028e+03 1.945618999999999915e+03
2.311500000000000199e+01 9.589806719999998563e+00 1.865703943999999865e+03 1.945618999999999915e+03
2.311999999999999744e+01 9.640910879999998073e+00 1.865278075999999828e+03 1.945618999999999915e+03
2.312500000000000000e+01 9.556107599999998925e+00 1.865984770000000026e+03 1.945618999999999915e+03
2.313000000000000256e+01 9.601286639999997874e+00 1.865608277999999927e+03 1.945618999999999915e+03
2.313499999999999801e+01 9.634985759999999289e+00 1.865327451999999994e+03 1.945618999999999915e+03
2.314000000000000057e+01 9.589806719999998563e+00 1.865703943999999865e+03 1.945618999999999915e+03
2.314499999999999602e+01 9.640910879999998073e+00 1.865278075999999828e+03 1.945618999999999915e+03
2.314999999999999858e+01 9.601286639999997874e+00 1.865608277999999927e+03 1.945618999999999915e+03
2.315500000000000114e+01 9.595731839999997348e+00 1.865654567999999927e+03 1.945618999999999915e+03
2.315999999999999659e+01 9.606841439999998400e+00 1.865561987999999928e+03 1.945618999999999915e+03
2.316499999999999915e+01 9.606841439999998400e+00 1.865561987999999928e+03 1.945618999999999915e+03
2.317000000000000171e+01 9.573142319999996985e+00 1.865842813999999862e+03 1.945618999999999915e+03
2.317499999999999716e+01 9.573142319999996985e+00 1.865842813999999862e+03 1.945618999999999915e+03
2.317999999999999972e+01 9.646465679999998599e+00 1.865231785999999829e+03 1.945618999999999915e+03
2.318500000000000227e+01 9.567217199999998201e+00 1.865892190000000028e+03 1.945618999999999915e+03
2.318999999999999773e+01 9.612396239999998926e+00 1.865515697999999929e+03 1.945618999999999915e+03
2.319500000000000028e+01 9.629430959999998763e+00 1.865373741999999993e+03 1.945618999999999915e+03
2.320000000000000284e+01 9.601286639999997874e+00 1.865608277999999927e+03 1.945618999999999915e+03
2.320499999999999829e+01 9.623876159999998237e+00 1.865420031999999992e+03 1.945618999999999915e+03
2.321000000000000085e+01 9.629430959999998763e+00 1.865373741999999993e+03 1.945618999999999915e+03
2.321499999999999631e+01 9.584251919999998037e+00 1.865750233999999864e+03 1.945618999999999915e+03
2.321999999999999886e+01 9.567217199999998201e+00 1.865892190000000028e+03 1.945618999999999915e+03
2.322500000000000142e+01 9.601286639999997874e+00 1.865608277999999927e+03 1.945618999999999915e+03
2.322999999999999687e+01 9.657575279999997875e+00 1.865139205999999831e+03 1.945618999999999915e+03
2.323499999999999943e+01 9.646465679999998599e+00 1.865231785999999829e+03 1.945618999999999915e+03
2.324000000000000199e+01 9.606841439999998400e+00 1.865561987999999928e+03 1.945618999999999915e+03
2.324499999999999744e+01 9.556107599999998925e+00 1.865984770000000026e+03 1.945618999999999915e+03
2.325000000000000000e+01 9.595731839999997348e+00 1.865654567999999927e+03 1.945618999999999915e+03
2.325500000000000256e+01 9.584251919999998037e+00 1.865750233999999864e+03 1.945618999999999915e+03
2.325999999999999801e+01 9.573142319999996985e+00 1.865842813999999862e+03 1.945618999999999915e+03
2.326500000000000057e+01 9.589806719999998563e+00 1.865703943999999865e+03 1.945618999999999915e+03
2.326999999999999602e+01 9.595731839999997348e+00 1.865654567999999927e+03 1.945618999999999915e+03
2.327499999999999858e+01 9.634985759999999289e+00 1.865327451999999994e+03 1.945618999999999915e+03
2.328000000000000114e+01 9.567217199999998201e+00 1.865892190000000028e+03 1.945618999999999915e+03
2.328499999999999659e+01 9.606841439999998400e+00 1.865561987999999928e+03 1.945618999999999915e+03
2.328999999999999915e+01 9.640910879999998073e+00 1.865278075999999828e+03 1.945618999999999915e+03
2.329500000000000171e+01 9.567217199999998201e+00 1.865892190000000028e+03 1.945618999999999915e+03
2.329999999999999716e+01 9.544627679999997838e+00 1.866080435999999963e+03 1.945618999999999915e+03
2.330499999999999972e+01 9.561662399999997675e+00 1.865938480000000027e+03 1.945618999999999915e+03
2.331000000000000227e+01 9.573142319999996985e+00 1.865842813999999862e+03 1.945618999999999915e+03
2.331499999999999773e+01 9.634985759999999289e+00 1.865327451999999994e+03 1.945618999999999915e+03
2.332000000000000028e+01 9.618321359999997711e+00 1.865466321999999991e+03 1.945618999999999915e+03
2.332500000000000284e+01 9.544627679999997838e+00 1.866080435999999963e+03 1.945618999999999915e+03
2.332999999999999829e+01 9.578697119999997511e+00 1.865796523999999863e+03 1.945618999999999915e+03
2.333500000000000085e+01 9.606841439999998400e+00 1.865561987999999928e+03 1.945618999999999915e+03
2.333999999999999631e+01 9.578697119999997511e+00 1.865796523999999863e+03 1.945618999999999915e+03
2.334499999999999886e+01 9.567217199999998201e+00 1.865892190000000028e+03 1.945618999999999915e+03
2.335000000000000142e+01 9.623876159999998237e+00 1.865420031999999992e+03 1.945618999999999915e+03
2.335499999999999687e+01 9.601286639999997874e+00 1.865608277999999927e+03 1.945618999999999915e+03
2.335999999999999943e+01 9.601286639999997874e+00 1.865608277999999927e+03 1.945618999999999915e+03
2.336500000000000199e+01 9.618321359999997711e+00 1.865466321999999991e+03 1.945618999999999915e+03
2.336999999999999744e+01 9.646465679999998599e+00 1.865231785999999829e+03 1.945618999999999915e+03
2.337500000000000000e+01 9.573142319999996985e+00 1.865842813999999862e+03 1.945618999999999915e+03
2.338000000000000256e+01 9.561662399999997675e+00 1.865938480000000027e+03 1.945618999999999915e+03
2.338499999999999801e+01 9.601286639999997874e+00 1.865608277999999927e+03 1.945618999999999915e+03
2.339000000000000057e+01 9.544627679999997838e+00 1.866080435999999963e+03 1.945618999999999915e+03
2.339499999999999602e+01 9.522038159999999252e+00 1.866268681999999899e+03 1.945618999999999915e+03
2.339999999999999858e+01 9.634985759999999289e+00 1.865327451999999994e+03 1.945618999999999915e+03
2.340500000000000114e+01 9.623876159999998237e+00 1.865420031999999992e+03 1.945618999999999915e+03
2.340999999999999659e+01 9.567217199999998201e+00 1.865892190000000028e+03 1.945618999999999915e+03
2.341499999999999915e+01 9.589806719999998563e+00 1.865703943999999865e+03 1.945618999999999915e+03
2.342000000000000171e+01 9.584251919999998037e+00 1.865750233999999864e+03 1.945618999999999915e+03
2.342499999999999716e+01 9.601286639999997874e+00 1.865608277999999927e+03 1.945618999999999915e+03
2.342999999999999972e+01 9.533518079999998562e+00 1.866173015999999961e+03 1.945618999999999915e+03
2.343500000000000227e+01 9.567217199999998201e+00 1.865892190000000028e+03 1.945618999999999915e+03
2.343999999999999773e+01 9.618321359999997711e+00 1.865466321999999991e+03 1.945618999999999915e+03
2.344500000000000028e+01 9.618321359999997711e+00 1.865466321999999991e+03 1.945618999999999915e+03
2.345000000000000284e+01 9.634985759999999289e+00 1.865327451999999994e+03 1.945618999999999915e+03
2.345499999999999829e+01 9.634985759999999289e+00 1.865327451999999994e+03 1.945618999999999915e+03
2.346000000000000085e+01 9.573142319999996985e+00 1.865842813999999862e+03 1.945618999999999915e+03
2.346499999999999631e+01 9.567217199999998201e+00 1.865892190000000028e+03 1.945618999999999915e+03
2.346999999999999886e+01 9.612396239999998926e+00 1.865515697999999929e+03 1.945618999999999915e+03
2.347500000000000142e+01 9.578697119999997511e+00 1.865796523999999863e+03 1.945618999999999915e+03
2.347999999999999687e+01 9.573142319999996985e+00 1.865842813999999862e+03 1.945618999999999915e+03
2.348499999999999943e+01 9.674609999999997711e+00 1.864997249999999894e+03 1.945618999999999915e+03
2.349000000000000199e+01 9.612396239999998926e+00 1.865515697999999929e+03 1.945618999999999915e+03
2.349499999999999744e+01 9.567217199999998201e+00 1.865892190000000028e+03 1.945618999999999915e+03
2.350000000000000000e+01 9.505003439999999415e+00 1.866410637999999835e+03 1.945618999999999915e+03
2.350500000000000256e+01 9.539072879999999088e+00 1.866126725999999962e+03 1.945618999999999915e+03
2.350999999999999801e+01 9.544627679999997838e+00 1.866080435999999963e+03 1.945618999999999915e+03
2.351500000000000057e+01 9.589806719999998563e+00 1.865703943999999865e+03 1.945618999999999915e+03
2.351999999999999602e+01 9.606841439999998400e+00 1.865561987999999928e+03 1.945618999999999915e+03
2.352499999999999858e+01 9.623876159999998237e+00 1.865420031999999992e+03 1.945618999999999915e+03
2.353000000000000114e+01 9.578697119999997511e+00 1.865796523999999863e+03 1.945618999999999915e+03
2.353499999999999659e+01 9.629430959999998763e+00 1.865373741999999993e+03 1.945618999999999915e+03
2.353999999999999915e+01 9.578697119999997511e+00 1.865796523999999863e+03 1.945618999999999915e+03
2.354500000000000171e+01 9.516483359999998726e+00 1.866314971999999898e+03 1.945618999999999915e+03
2.354999999999999716e+01 9.522038159999999252e+00 1.866268681999999899e+03 1.945618999999999915e+03
2.355499999999999972e+01 9.606841439999998400e+00 1.865561987999999928e+03 1.945618999999999915e+03
2.356000000000000227e+01 9.606841439999998400e+00 1.865561987999999928e+03 1.945618999999999915e+03
2.356499999999999773e+01 9.612396239999998926e+00 1.865515697999999929e+03 1.945618999999999915e+03
2.357000000000000028e+01 9.601286639999997874e+00 1.865608277999999927e+03 1.945618999999999915e+03
2.357500000000000284e+01 9.578697119999997511e+00 1.865796523999999863e+03 1.945618999999999915e+03
2.357999999999999829e+01 9.556107599999998925e+00 1.865984770000000026e+03 1.945618999999999915e+03
2.358500000000000085e+01 9.544627679999997838e+00 1.866080435999999963e+03 1.945618999999999915e+03
2.358999999999999631e+01 9.589806719999998563e+00 1.865703943999999865e+03 1.945618999999999915e+03
2.359499999999999886e+01 9.573142319999996985e+00 1.865842813999999862e+03 1.945618999999999915e+03
2.360000000000000142e+01 9.578697119999997511e+00 1.865796523999999863e+03 1.945618999999999915e+03
2.360499999999999687e+01 9.606841439999998400e+00 1.865561987999999928e+03 1.945618999999999915e+03
2.360999999999999943e+01 9.505003439999999415e+00 1.866410637999999835e+03 1.945618999999999915e+03
2.361500000000000199e+01 9.493893839999998363e+00 1.866503217999999833e+03 1.945618999999999915e+03
2.361999999999999744e+01 9.539072879999999088e+00 1.866126725999999962e+03 1.945618999999999915e+03
2.362500000000000000e+01 9.556107599999998925e+00 1.865984770000000026e+03 1.945618999999999915e+03
2.363000000000000256e+01 9.646465679999998599e+00 1.865231785999999829e+03 1.945618999999999915e+03
2.363499999999999801e+01 9.640910879999998073e+00 1.865278075999999828e+03 1.945618999999999915e+03
2.364000000000000057e+01 9.601286639999997874e+00 1.865608277999999927e+03 1.945618999999999915e+03
2.364499999999999602e+01 9.561662399999997675e+00 1.865938480000000027e+03 1.945618999999999915e+03
2.364999999999999858e+01 9.550552799999998399e+00 1.866031060000000025e+03 1.945618999999999915e+03
2.365500000000000114e+01 9.550552799999998399e+00 1.866031060000000025e+03 1.945618999999999915e+03
2.365999999999999659e+01 9.522038159999999252e+00 1.866268681999999899e+03 1.945618999999999915e+03
2.366499999999999915e+01 9.567217199999998201e+00 1.865892190000000028e+03 1.945618999999999915e+03
2.367000000000000171e+01 9.618321359999997711e+00 1.865466321999999991e+03 1.945618999999999915e+03
2.367499999999999716e+01 9.601286639999997874e+00 1.865608277999999927e+03 1.945618999999999915e+03
2.367999999999999972e+01 9.556107599999998925e+00 1.865984770000000026e+03 1.945618999999999915e+03
2.368500000000000227e+01 9.612396239999998926e+00 1.865515697999999929e+03 1.945618999999999915e+03
2.368999999999999773e+01 9.573142319999996985e+00 1.865842813999999862e+03 1.945618999999999915e+03
2.369500000000000028e+01 9.539072879999999088e+00 1.866126725999999962e+03 1.945618999999999915e+03
2.370000000000000284e+01 9.505003439999999415e+00 1.866410637999999835e+03 1.945618999999999915e+03
2.370499999999999829e+01 9.522038159999999252e+00 1.866268681999999899e+03 1.945618999999999915e+03
2.371000000000000085e+01 9.595731839999997348e+00 1.865654567999999927e+03 1.945618999999999915e+03
2.371499999999999631e+01 9.618321359999997711e+00 1.865466321999999991e+03 1.945618999999999915e+03
2.371999999999999886e+01 9.669055199999998962e+00 1.865043539999999894e+03 1.945618999999999915e+03
2.372500000000000142e+01 9.640910879999998073e+00 1.865278075999999828e+03 1.945618999999999915e+03
2.372999999999999687e+01 9.561662399999997675e+00 1.865938480000000027e+03 1.945618999999999915e+03
2.373499999999999943e+01 9.561662399999997675e+00 1.865938480000000027e+03 1.945618999999999915e+03
2.374000000000000199e+01 9.539072879999999088e+00 1.866126725999999962e+03 1.945618999999999915e+03
2.374499999999999744e+01 9.556107599999998925e+00 1.865984770000000026e+03 1.945618999999999915e+03
2.375000000000000000e+01 9.561662399999997675e+00 1.865938480000000027e+03 1.945618999999999915e+03
2.375500000000000256e+01 9.640910879999998073e+00 1.865278075999999828e+03 1.945618999999999915e+03
2.375999999999999801e+01 9.623876159999998237e+00 1.865420031999999992e+03 1.945618999999999915e+03
2.376500000000000057e+01 9.612396239999998926e+00 1.865515697999999929e+03 1.945618999999999915e+03
2.376999999999999602e+01 9.595731839999997348e+00 1.865654567999999927e+03 1.945618999999999915e+03
2.377499999999999858e+01 9.561662399999997675e+00 1.865938480000000027e+03 1.945618999999999915e+03
2.378000000000000114e+01 9.539072879999999088e+00 1.866126725999999962e+03 1.945618999999999915e+03
2.378499999999999659e+01 9.544627679999997838e+00 1.866080435999999963e+03 1.945618999999999915e+03
2.378999999999999915e+01 9.640910879999998073e+00 1.865278075999999828e+03 1.945618999999999915e+03
2.379500000000000171e+01 9.573142319999996985e+00 1.865842813999999862e+03 1.945618999999999915e+03
2.379999999999999716e+01 9.556107599999998925e+00 1.865984770000000026e+03 1.945618999999999915e+03
2.380499999999999972e+01 9.601286639999997874e+00 1.865608277999999927e+03 1.945618999999999915e+03
2.381000000000000227e+01 9.612396239999998926e+00 1.865515697999999929e+03 1.945618999999999915e+03
2.381499999999999773e+01 9.573142319999996985e+00 1.865842813999999862e+03 1.945618999999999915e+03
2.382000000000000028e+01 9.533518079999998562e+00 1.866173015999999961e+03 1.945618999999999915e+03
2.382500000000000284e+01 9.539072879999999088e+00 1.866126725999999962e+03 1.945618999999999915e+03
2.382999999999999829e+01 9.505003439999999415e+00 1.866410637999999835e+03 1.945618999999999915e+03
2.383500000000000085e+01 9.589806719999998563e+00 1.865703943999999865e+03 1.945618999999999915e+03
2.383999999999999631e+01 9.584251919999998037e+00 1.865750233999999864e+03 1.945618999999999915e+03
2.384499999999999886e+01 9.629430959999998763e+00 1.865373741999999993e+03 1.945618999999999915e+03
2.385000000000000142e+01 9.561662399999997675e+00 1.865938480000000027e+03 1.945618999999999915e+03
2.385499999999999687e+01 9.623876159999998237e+00 1.865420031999999992e+03 1.945618999999999915e+03
2.385999999999999943e+01 9.539072879999999088e+00 1.866126725999999962e+03 1.945618999999999915e+03
2.386500000000000199e+01 9.516483359999998726e+00 1.866314971999999898e+03 1.945618999999999915e+03
2.386999999999999744e+01 9.606841439999998400e+00 1.865561987999999928e+03 1.945618999999999915e+03
2.387500000000000000e+01 9.601286639999997874e+00 1.865608277999999927e+03 1.945618999999999915e+03
2.388000000000000256e+01 9.567217199999998201e+00 1.865892190000000028e+03 1.945618999999999915e+03
2.388499999999999801e+01 9.527963279999998036e+00 1.866219305999999960e+03 1.945618999999999915e+03
2.389000000000000057e+01 9.471304319999998000e+00 1.866691463999999996e+03 1.945618999999999915e+03
2.389499999999999602e+01 9.522038159999999252e+00 1.866268681999999899e+03 1.945618999999999915e+03
2.389999999999999858e+01 9.510928559999998200e+00 1.866361261999999897e+03 1.945618999999999915e+03
2.390500000000000114e+01 9.578697119999997511e+00 1.865796523999999863e+03 1.945618999999999915e+03
2.390999999999999659e+01 9.544627679999997838e+00 1.866080435999999963e+03 1.945618999999999915e+03
2.391499999999999915e+01 9.533518079999998562e+00 1.866173015999999961e+03 1.945618999999999915e+03
2.392000000000000171e+01 9.539072879999999088e+00 1.866126725999999962e+03 1.945618999999999915e+03
2.392499999999999716e+01 9.561662399999997675e+00 1.865938480000000027e+03 1.945618999999999915e+03
2.392999999999999972e+01 9.573142319999996985e+00 1.865842813999999862e+03 1.945618999999999915e+03
2.393500000000000227e+01 9.476859119999998526e+00 1.866645173999999997e+03 1.945618999999999915e+03
2.393999999999999773e+01 9.544627679999997838e+00 1.866080435999999963e+03 1.945618999999999915e+03
2.394500000000000028e+01 9.578697119999997511e+00 1.865796523999999863e+03 1.945618999999999915e+03
2.395000000000000284e+01 9.606841439999998400e+00 1.865561987999999928e+03 1.945618999999999915e+03
2.395499999999999829e+01 9.623876159999998237e+00 1.865420031999999992e+03 1.945618999999999915e+03
2.396000000000000085e+01 9.561662399999997675e+00 1.865938480000000027e+03 1.945618999999999915e+03
2.396499999999999631e+01 9.482413919999999052e+00 1.866598883999999998e+03 1.945618999999999915e+03
2.396999999999999886e+01 9.488339039999997837e+00 1.866549507999999832e+03 1.945618999999999915e+03
2.397500000000000142e+01 9.488339039999997837e+00 1.866549507999999832e+03 1.945618999999999915e+03
2.397999999999999687e+01 9.505003439999999415e+00 1.866410637999999835e+03 1.945618999999999915e+03
2.398499999999999943e+01 9.556107599999998925e+00 1.865984770000000026e+03 1.945618999999999915e+03
2.399000000000000199e+01 9.584251919999998037e+00 1.865750233999999864e+03 1.945618999999999915e+03
2.399499999999999744e+01 9.561662399999997675e+00 1.865938480000000027e+03 1.945618999999999915e+03
2.400000000000000000e+01 9.533518079999998562e+00 1.866173015999999961e+03 1.945618999999999915e+03
2.400500000000000256e+01 9.505003439999999415e+00 1.866410637999999835e+03 1.945618999999999915e+03
2.400999999999999801e+01 9.499448639999998889e+00 1.866456927999999834e+03 1.945618999999999915e+03
2.401500000000000057e+01 9.454269599999998164e+00 1.866833419999999933e+03 1.945618999999999915e+03
2.401999999999999602e+01 9.527963279999998036e+00 1.866219305999999960e+03 1.945618999999999915e+03
2.402499999999999858e+01 9.567217199999998201e+00 1.865892190000000028e+03 1.945618999999999915e+03
2.403000000000000114e+01 9.601286639999997874e+00 1.865608277999999927e+03 1.945618999999999915e+03
2.403499999999999659e+01 9.646465679999998599e+00 1.865231785999999829e+03 1.945618999999999915e+03
2.403999999999999915e+01 9.573142319999996985e+00 1.865842813999999862e+03 1.945618999999999915e+03
2.404500000000000171e+01 9.539072879999999088e+00 1.866126725999999962e+03 1.945618999999999915e+03
2.404999999999999716e+01 9.482413919999999052e+00 1.866598883999999998e+03 1.945618999999999915e+03
2.405499999999999972e+01 9.516483359999998726e+00 1.866314971999999898e+03 1.945618999999999915e+03
2.406000000000000227e+01 9.539072879999999088e+00 1.866126725999999962e+03 1.945618999999999915e+03
2.406499999999999773e+01 9.516483359999998726e+00 1.866314971999999898e+03 1.945618999999999915e+03
2.407000000000000028e+01 9.606841439999998400e+00 1.865561987999999928e+03 1.945618999999999915e+03
2.407500000000000284e+01 9.652020479999999125e+00 1.865185495999999830e+03 1.945618999999999915e+03
2.407999999999999829e+01 9.544627679999997838e+00 1.866080435999999963e+03 1.945618999999999915e+03
2.408500000000000085e+01 9.539072879999999088e+00 1.866126725999999962e+03 1.945618999999999915e+03
2.408999999999999631e+01 9.578697119999997511e+00 1.865796523999999863e+03 1.945618999999999915e+03
2.409499999999999886e+01 9.601286639999997874e+00 1.865608277999999927e+03 1.945618999999999915e+03
2.410000000000000142e+01 9.488339039999997837e+00 1.866549507999999832e+03 1.945618999999999915e+03
2.410499999999999687e+01 9.527963279999998036e+00 1.866219305999999960e+03 1.945618999999999915e+03
2.410999999999999943e+01 9.522038159999999252e+00 1.866268681999999899e+03 1.945618999999999915e+03
2.411500000000000199e+01 9.539072879999999088e+00 1.866126725999999962e+03 1.945618999999999915e+03
2.411999999999999744e+01 9.589806719999998563e+00 1.865703943999999865e+03 1.945618999999999915e+03
2.412500000000000000e+01 9.544627679999997838e+00 1.866080435999999963e+03 1.945618999999999915e+03
2.413000000000000256e+01 9.589806719999998563e+00 1.865703943999999865e+03 1.945618999999999915e+03
2.413499999999999801e+01 9.595731839999997348e+00 1.865654567999999927e+03 1.945618999999999915e+03
2.414000000000000057e+01 9.510928559999998200e+00 1.866361261999999897e+03 1.945618999999999915e+03
2.414499999999999602e+01 9.510928559999998200e+00 1.866361261999999897e+03 1.945618999999999915e+03
2.414999999999999858e+01 9.482413919999999052e+00 1.866598883999999998e+03 1.945618999999999915e+03
2.415500000000000114e+01 9.522038159999999252e+00 1.866268681999999899e+03 1.945618999999999915e+03
2.415999999999999659e+01 9.578697119999997511e+00 1.865796523999999863e+03 1.945618999999999915e+03
2.416499999999999915e+01 9.573142319999996985e+00 1.865842813999999862e+03 1.945618999999999915e+03
2.417000000000000171e+01 9.589806719999998563e+00 1.865703943999999865e+03 1.945618999999999915e+03
2.417499999999999716e+01 9.561662399999997675e+00 1.865938480000000027e+03 1.945618999999999915e+03
2.417999999999999972e+01 9.510928559999998200e+00 1.866361261999999897e+03 1.945618999999999915e+03
2.418500000000000227e+01 9.476859119999998526e+00 1.866645173999999997e+03 1.945618999999999915e+03
2.418999999999999773e+01 9.488339039999997837e+00 1.866549507999999832e+03 1.945618999999999915e+03
2.419500000000000028e+01 9.476859119999998526e+00 1.866645173999999997e+03 1.945618999999999915e+03
2.420000000000000284e+01 9.505003439999999415e+00 1.866410637999999835e+03 1.945618999999999915e+03
2.420499999999999829e+01 9.595731839999997348e+00 1.865654567999999927e+03 1.945618999999999915e+03
2.421000000000000085e+01 9.623876159999998237e+00 1.865420031999999992e+03 1.945618999999999915e+03
2.421499999999999631e+01 9.550552799999998399e+00 1.866031060000000025e+03 1.945618999999999915e+03
2.421999999999999886e+01 9.499448639999998889e+00 1.866456927999999834e+03 1.945618999999999915e+03
2.422500000000000142e+01 9.499448639999998889e+00 1.866456927999999834e+03 1.945618999999999915e+03
2.422999999999999687e+01 9.510928559999998200e+00 1.866361261999999897e+03 1.945618999999999915e+03
2.423499999999999943e+01 9.505003439999999415e+00 1.866410637999999835e+03 1.945618999999999915e+03
2.424000000000000199e+01 9.561662399999997675e+00 1.865938480000000027e+03 1.945618999999999915e+03
2.424499999999999744e+01 9.589806719999998563e+00 1.865703943999999865e+03 1.945618999999999915e+03
2.425000000000000000e+01 9.527963279999998036e+00 1.866219305999999960e+03 1.945618999999999915e+03
2.425500000000000256e+01 9.589806719999998563e+00 1.865703943999999865e+03 1.945618999999999915e+03
2.425999999999999801e+01 9.544627679999997838e+00 1.866080435999999963e+03 1.945618999999999915e+03
2.426500000000000057e+01 9.488339039999997837e+00 1.866549507999999832e+03 1.945618999999999915e+03
2.426999999999999602e+01 9.522038159999999252e+00 1.866268681999999899e+03 1.945618999999999915e+03
2.427499999999999858e+01 9.544627679999997838e+00 1.866080435999999963e+03 1.945618999999999915e+03
2.428000000000000114e+01 9.573142319999996985e+00 1.865842813999999862e+03 1.945618999999999915e+03
2.428499999999999659e+01 9.612396239999998926e+00 1.865515697999999929e+03 1.945618999999999915e+03
2.428999999999999915e+01 9.567217199999998201e+00 1.865892190000000028e+03 1.945618999999999915e+03
2.429500000000000171e+01 9.578697119999997511e+00 1.865796523999999863e+03 1.945618999999999915e+03
2.429999999999999716e+01 9.499448639999998889e+00 1.866456927999999834e+03 1.945618999999999915e+03
2.430499999999999972e+01 9.403535759999998689e+00 1.867256202000000030e+03 1.945618999999999915e+03
2.431000000000000227e+01 9.476859119999998526e+00 1.866645173999999997e+03 1.945618999999999915e+03
2.431499999999999773e+01 9.493893839999998363e+00 1.866503217999999833e+03 1.945618999999999915e+03
2.432000000000000028e+01 9.584251919999998037e+00 1.865750233999999864e+03 1.945618999999999915e+03
2.432500000000000284e+01 9.640910879999998073e+00 1.865278075999999828e+03 1.945618999999999915e+03
2.432999999999999829e+01 9.601286639999997874e+00 1.865608277999999927e+03 1.945618999999999915e+03
2.433500000000000085e+01 9.510928559999998200e+00 1.866361261999999897e+03 1.945618999999999915e+03
2.433999999999999631e+01 9.448714799999997638e+00 1.866879709999999932e+03 1.945618999999999915e+03
2.434499999999999886e+01 9.493893839999998363e+00 1.866503217999999833e+03 1.945618999999999915e+03
2.435000000000000142e+01 9.550552799999998399e+00 1.866031060000000025e+03 1.945618999999999915e+03
2.435499999999999687e+01 9.544627679999997838e+00 1.866080435999999963e+03 1.945618999999999915e+03
2.435999999999999943e+01 9.556107599999998925e+00 1.865984770000000026e+03 1.945618999999999915e+03
2.436500000000000199e+01 9.544627679999997838e+00 1.866080435999999963e+03 1.945618999999999915e+03
2.436999999999999744e+01 9.533518079999998562e+00 1.866173015999999961e+03 1.945618999999999915e+03
2.437500000000000000e+01 9.539072879999999088e+00 1.866126725999999962e+03 1.945618999999999915e+03
2.438000000000000256e+01 9.533518079999998562e+00 1.866173015999999961e+03 1.945618999999999915e+03
2.438499999999999801e+01 9.522038159999999252e+00 1.866268681999999899e+03 1.945618999999999915e+03
2.439000000000000057e+01 9.578697119999997511e+00 1.865796523999999863e+03 1.945618999999999915e+03
2.439499999999999602e+01 9.601286639999997874e+00 1.865608277999999927e+03 1.945618999999999915e+03
2.439999999999999858e+01 9.567217199999998201e+00 1.865892190000000028e+03 1.945618999999999915e+03
2.440500000000000114e+01 9.561662399999997675e+00 1.865938480000000027e+03 1.945618999999999915e+03
2.440999999999999659e+01 9.561662399999997675e+00 1.865938480000000027e+03 1.945618999999999915e+03
2.441499999999999915e+01 9.510928559999998200e+00 1.866361261999999897e+03 1.945618999999999915e+03
2.442000000000000171e+01 9.510928559999998200e+00 1.866361261999999897e+03 1.945618999999999915e+03
2.442499999999999716e+01 9.544627679999997838e+00 1.866080435999999963e+03 1.945618999999999915e+03
2.442999999999999972e+01 9.573142319999996985e+00 1.865842813999999862e+03 1.945618999999999915e+03
2.443500000000000227e+01 9.561662399999997675e+00 1.865938480000000027e+03 1.945618999999999915e+03
2.443999999999999773e+01 9.618321359999997711e+00 1.865466321999999991e+03 1.945618999999999915e+03
2.444500000000000028e+01 9.601286639999997874e+00 1.865608277999999927e+03 1.945618999999999915e+03
2.445000000000000284e+01 9.550552799999998399e+00 1.866031060000000025e+03 1.945618999999999915e+03
2.445499999999999829e+01 9.448714799999997638e+00 1.866879709999999932e+03 1.945618999999999915e+03
2.446000000000000085e+01 9.448714799999997638e+00 1.866879709999999932e+03 1.945618999999999915e+03
2.446499999999999631e+01 9.493893839999998363e+00 1.866503217999999833e+03 1.945618999999999915e+03
2.446999999999999886e+01 9.510928559999998200e+00 1.866361261999999897e+03 1.945618999999999915e+03
2.447500000000000142e+01 9.606841439999998400e+00 1.865561987999999928e+03 1.945618999999999915e+03
2.447999999999999687e+01 9.663500399999998436e+00 1.865089829999999893e+03 1.945618999999999915e+03
2.448499999999999943e+01 9.634985759999999289e+00 1.865327451999999994e+03 1.945618999999999915e+03
2.449000000000000199e+01 9.522038159999999252e+00 1.866268681999999899e+03 1.945618999999999915e+03
2.449499999999999744e+01 9.459824399999998690e+00 1.866787129999999934e+03 1.945618999999999915e+03
2.450000000000000000e+01 9.505003439999999415e+00 1.866410637999999835e+03 1.945618999999999915e+03
2.450500000000000256e+01 9.488339039999997837e+00 1.866549507999999832e+03 1.945618999999999915e+03
2.450999999999999801e+01 9.544627679999997838e+00 1.866080435999999963e+03 1.945618999999999915e+03
2.451500000000000057e+01 9.510928559999998200e+00 1.866361261999999897e+03 1.945618999999999915e+03
2.451999999999999602e+01 9.589806719999998563e+00 1.865703943999999865e+03 1.945618999999999915e+03
2.452499999999999858e+01 9.629430959999998763e+00 1.865373741999999993e+03 1.945618999999999915e+03
2.453000000000000114e+01 9.595731839999997348e+00 1.865654567999999927e+03 1.945618999999999915e+03
2.453499999999999659e+01 9.516483359999998726e+00 1.866314971999999898e+03 1.945618999999999915e+03
2.453999999999999915e+01 9.476859119999998526e+00 1.866645173999999997e+03 1.945618999999999915e+03
2.454500000000000171e+01 9.459824399999998690e+00 1.866787129999999934e+03 1.945618999999999915e+03
2.454999999999999716e+01 9.454269599999998164e+00 1.866833419999999933e+03 1.945618999999999915e+03
2.455499999999999972e+01 9.533518079999998562e+00 1.866173015999999961e+03 1.945618999999999915e+03
2.456000000000000227e+01 9.544627679999997838e+00 1.866080435999999963e+03 1.945618999999999915e+03
2.456499999999999773e+01 9.573142319999996985e+00 1.865842813999999862e+03 1.945618999999999915e+03
2.457000000000000028e+01 9.556107599999998925e+00 1.865984770000000026e+03 1.945618999999999915e+03
2.457500000000000284e+01 9.578697119999997511e+00 1.865796523999999863e+03 1.945618999999999915e+03
2.457999999999999829e+01 9.561662399999997675e+00 1.865938480000000027e+03 1.945618999999999915e+03
2.458500000000000085e+01 9.488339039999997837e+00 1.866549507999999832e+03 1.945618999999999915e+03
2.458999999999999631e+01 9.426125279999999051e+00 1.867067955999999867e+03 1.945618999999999915e+03
2.459499999999999886e+01 9.482413919999999052e+00 1.866598883999999998e+03 1.945618999999999915e+03
2.460000000000000142e+01 9.573142319999996985e+00 1.865842813999999862e+03 1.945618999999999915e+03
2.460499999999999687e+01 9.589806719999998563e+00 1.865703943999999865e+03 1.945618999999999915e+03
2.460999999999999943e+01 9.550552799999998399e+00 1.866031060000000025e+03 1.945618999999999915e+03
2.461500000000000199e+01 9.516483359999998726e+00 1.866314971999999898e+03 1.945618999999999915e+03
2.461999999999999744e+01 9.505003439999999415e+00 1.866410637999999835e+03 1.945618999999999915e+03
2.462500000000000000e+01 9.476859119999998526e+00 1.866645173999999997e+03 1.945618999999999915e+03
2.463000000000000256e+01 9.476859119999998526e+00 1.866645173999999997e+03 1.945618999999999915e+03
2.463499999999999801e+01 9.493893839999998363e+00 1.866503217999999833e+03 1.945618999999999915e+03
2.464000000000000057e+01 9.459824399999998690e+00 1.866787129999999934e+03 1.945618999999999915e+03
2.464499999999999602e+01 9.471304319999998000e+00 1.866691463999999996e+03 1.945618999999999915e+03
2.464999999999999858e+01 9.516483359999998726e+00 1.866314971999999898e+03 1.945618999999999915e+03
2.465500000000000114e+01 9.482413919999999052e+00 1.866598883999999998e+03 1.945618999999999915e+03
2.465999999999999659e+01 9.443159999999998888e+00 1.866925999999999931e+03 1.945618999999999915e+03
2.466499999999999915e+01 9.414645359999999741e+00 1.867163622000000032e+03 1.945618999999999915e+03
2.467000000000000171e+01 9.454269599999998164e+00 1.866833419999999933e+03 1.945618999999999915e+03
2.467499999999999716e+01 9.443159999999998888e+00 1.866925999999999931e+03 1.945618999999999915e+03
2.467999999999999972e+01 9.499448639999998889e+00 1.866456927999999834e+03 1.945618999999999915e+03
2.468500000000000227e+01 9.465749519999997474e+00 1.866737753999999995e+03 1.945618999999999915e+03
2.468999999999999773e+01 9.493893839999998363e+00 1.866503217999999833e+03 1.945618999999999915e+03
2.469500000000000028e+01 9.476859119999998526e+00 1.866645173999999997e+03 1.945618999999999915e+03
2.470000000000000284e+01 9.471304319999998000e+00 1.866691463999999996e+03 1.945618999999999915e+03
2.470499999999999829e+01 9.437234879999998327e+00 1.866975375999999869e+03 1.945618999999999915e+03
2.471000000000000085e+01 9.448714799999997638e+00 1.866879709999999932e+03 1.945618999999999915e+03
2.471499999999999631e+01 9.431680079999997801e+00 1.867021665999999868e+03 1.945618999999999915e+03
2.471999999999999886e+01 9.493893839999998363e+00 1.866503217999999833e+03 1.945618999999999915e+03
2.472500000000000142e+01 9.454269599999998164e+00 1.866833419999999933e+03 1.945618999999999915e+03
2.472999999999999687e+01 9.488339039999997837e+00 1.866549507999999832e+03 1.945618999999999915e+03
2.473499999999999943e+01 9.516483359999998726e+00 1.866314971999999898e+03 1.945618999999999915e+03
2.474000000000000199e+01 9.471304319999998000e+00 1.866691463999999996e+03 1.945618999999999915e+03
2.474499999999999744e+01 9.471304319999998000e+00 1.866691463999999996e+03 1.945618999999999915e+03
2.475000000000000000e+01 9.448714799999997638e+00 1.866879709999999932e+03 1.945618999999999915e+03
2.475500000000000256e+01 9.420570479999998525e+00 1.867114245999999866e+03 1.945618999999999915e+03
2.475999999999999801e+01 9.443159999999998888e+00 1.866925999999999931e+03 1.945618999999999915e+03
2.476500000000000057e+01 9.443159999999998888e+00 1.866925999999999931e+03 1.945618999999999915e+03
2.476999999999999602e+01 9.505003439999999415e+00 1.866410637999999835e+03 1.945618999999999915e+03
2.477499999999999858e+01 9.499448639999998889e+00 1.866456927999999834e+03 1.945618999999999915e+03
2.478000000000000114e+01 9.499448639999998889e+00 1.866456927999999834e+03 1.945618999999999915e+03
2.478499999999999659e+01 9.510928559999998200e+00 1.866361261999999897e+03 1.945618999999999915e+03
2.478999999999999915e+01 9.533518079999998562e+00 1.866173015999999961e+03 1.945618999999999915e+03
2.479500000000000171e+01 9.476859119999998526e+00 1.866645173999999997e+03 1.945618999999999915e+03
2.479999999999999716e+01 9.437234879999998327e+00 1.866975375999999869e+03 1.945618999999999915e+03
2.480499999999999972e+01 9.465749519999997474e+00 1.866737753999999995e+03 1.945618999999999915e+03
2.481000000000000227e+01 9.465749519999997474e+00 1.866737753999999995e+03 1.945618999999999915e+03
2.481499999999999773e+01 9.522038159999999252e+00 1.866268681999999899e+03 1.945618999999999915e+03
2.482000000000000028e+01 9.471304319999998000e+00 1.866691463999999996e+03 1.945618999999999915e+03
2.482500000000000284e+01 9.454269599999998164e+00 1.866833419999999933e+03 1.945618999999999915e+03
2.482999999999999829e+01 9.505003439999999415e+00 1.866410637999999835e+03 1.945618999999999915e+03
2.483500000000000085e+01 9.584251919999998037e+00 1.865750233999999864e+03 1.945618999999999915e+03
2.483999999999999631e+01 9.522038159999999252e+00 1.866268681999999899e+03 1.945618999999999915e+03
2.484499999999999886e+01 9.465749519999997474e+00 1.866737753999999995e+03 1.945618999999999915e+03
2.485000000000000142e+01 9.459824399999998690e+00 1.866787129999999934e+03 1.945618999999999915e+03
2.485499999999999687e+01 9.454269599999998164e+00 1.866833419999999933e+03 1.945618999999999915e+03
2.485999999999999943e+01 9.493893839999998363e+00 1.866503217999999833e+03 1.945618999999999915e+03
2.486500000000000199e+01 9.465749519999997474e+00 1.866737753999999995e+03 1.945618999999999915e+03
2.486999999999999744e+01 9.488339039999997837e+00 1.866549507999999832e+03 1.945618999999999915e+03
2.487500000000000000e+01 9.488339039999997837e+00 1.866549507999999832e+03 1.945618999999999915e+03
2.488000000000000256e+01 9.454269599999998164e+00 1.866833419999999933e+03 1.945618999999999915e+03
2.488499999999999801e+01 9.510928559999998200e+00 1.866361261999999897e+03 1.945618999999999915e+03
2.489000000000000057e+01 9.437234879999998327e+00 1.866975375999999869e+03 1.945618999999999915e+03
2.489499999999999602e+01 9.426125279999999051e+00 1.867067955999999867e+03 1.945618999999999915e+03
2.489999999999999858e+01 9.459824399999998690e+00 1.866787129999999934e+03 1.945618999999999915e+03
2.490500000000000114e+01 9.482413919999999052e+00 1.866598883999999998e+03 1.945618999999999915e+03
2.490999999999999659e+01 9.584251919999998037e+00 1.865750233999999864e+03 1.945618999999999915e+03
2.491499999999999915e+01 9.476859119999998526e+00 1.866645173999999997e+03 1.945618999999999915e+03
2.492000000000000171e+01 9.482413919999999052e+00 1.866598883999999998e+03 1.945618999999999915e+03
2.492499999999999716e+01 9.437234879999998327e+00 1.866975375999999869e+03 1.945618999999999915e+03
2.492999999999999972e+01 9.420570479999998525e+00 1.867114245999999866e+03 1.945618999999999915e+03
2.493500000000000227e+01 9.471304319999998000e+00 1.866691463999999996e+03 1.945618999999999915e+03
2.493999999999999773e+01 9.499448639999998889e+00 1.866456927999999834e+03 1.945618999999999915e+03
2.494500000000000028e+01 9.488339039999997837e+00 1.866549507999999832e+03 1.945618999999999915e+03
2.495000000000000284e+01 9.556107599999998925e+00 1.865984770000000026e+03 1.945618999999999915e+03
2.495499999999999829e+01 9.493893839999998363e+00 1.866503217999999833e+03 1.945618999999999915e+03
2.496000000000000085e+01 9.448714799999997638e+00 1.866879709999999932e+03 1.945618999999999915e+03
2.496499999999999631e+01 9.409090559999999215e+00 1.867209911999999804e+03 1.945618999999999915e+03
2.496999999999999886e+01 9.420570479999998525e+00 1.867114245999999866e+03 1.945618999999999915e+03
2.497500000000000142e+01 9.510928559999998200e+00 1.866361261999999897e+03 1.945618999999999915e+03
2.497999999999999687e+01 9.505003439999999415e+00 1.866410637999999835e+03 1.945618999999999915e+03
2.498499999999999943e+01 9.539072879999999088e+00 1.866126725999999962e+03 1.945618999999999915e+03
2.499000000000000199e+01 9.471304319999998000e+00 1.866691463999999996e+03 1.945618999999999915e+03
2.499499999999999744e+01 9.510928559999998200e+00 1.866361261999999897e+03 1.945618999999999915e+03
2.500000000000000000e+01 9.409090559999999215e+00 1.867209911999999804e+03 1.945618999999999915e+03
