0.000000000000000000e+00 2.016873815999999664e+01 2.103367581999999857e+03 2.271440399999999954e+03
4.999999999999893419e-03 2.007282527999999644e+01 2.104166855999999825e+03 2.271440399999999954e+03
9.999999999999786837e-03 1.984100495999999936e+01 2.106098692000000028e+03 2.271440399999999954e+03
1.499999999999968026e-02 1.956400559999999800e+01 2.108407020000000102e+03 2.271440399999999954e+03
2.000000000000001776e-02 1.945105799999999974e+01 2.109348250000000007e+03 2.271440399999999954e+03
2.499999999999991118e-02 1.927034183999999684e+01 2.110854217999999946e+03 2.271440399999999954e+03
2.999999999999980460e-02 1.920257327999999575e+01 2.111418955999999980e+03 2.271440399999999954e+03
3.499999999999969802e-02 1.911221519999999785e+01 2.112171940000000177e+03 2.271440399999999954e+03
4.000000000000003553e-02 1.899334247999999548e+01 2.113162546000000020e+03 2.271440399999999954e+03
4.499999999999992895e-02 1.892557391999999794e+01 2.113727284000000054e+03 2.271440399999999954e+03
4.999999999999982236e-02 1.876152215999999839e+01 2.115094381999999769e+03 2.271440399999999954e+03
5.499999999999971578e-02 1.865412935999999888e+01 2.115989321999999902e+03 2.271440399999999954e+03
6.000000000000005329e-02 1.859228591999999836e+01 2.116504683999999997e+03 2.271440399999999954e+03
6.499999999999994671e-02 1.846230359999999848e+01 2.117587869999999839e+03 2.271440399999999954e+03
6.999999999999984013e-02 1.841119944000000075e+01 2.118013738000000103e+03 2.271440399999999954e+03
7.499999999999973355e-02 1.838305511999999808e+01 2.118248274000000038e+03 2.271440399999999954e+03
7.999999999999962697e-02 1.832639616000000160e+01 2.118720432000000073e+03 2.271440399999999954e+03
8.499999999999952038e-02 1.823048328000000140e+01 2.119519706000000042e+03 2.271440399999999954e+03
8.999999999999941380e-02 1.816271472000000031e+01 2.120084444000000076e+03 2.271440399999999954e+03
9.500000000000019540e-02 1.808902103999999866e+01 2.120698558000000048e+03 2.271440399999999954e+03
1.000000000000000888e-01 1.804976711999999850e+01 2.121025673999999981e+03 2.271440399999999954e+03
1.049999999999999822e-01 1.797607344000000040e+01 2.121639787999999953e+03 2.271440399999999954e+03
1.099999999999998757e-01 1.798755336000000327e+01 2.121544121999999788e+03 2.271440399999999954e+03
1.149999999999997691e-01 1.786312584000000214e+01 2.122581017999999858e+03 2.271440399999999954e+03
1.199999999999996625e-01 1.784609112000000053e+01 2.122722973999999795e+03 2.271440399999999954e+03
1.249999999999995559e-01 1.778980248000000230e+01 2.123192046000000119e+03 2.271440399999999954e+03
1.299999999999994493e-01 1.774462344000000158e+01 2.123568537999999990e+03 2.271440399999999954e+03
1.350000000000002309e-01 1.772758872000000352e+01 2.123710493999999926e+03 2.271440399999999954e+03
1.400000000000001243e-01 1.762575071999999921e+01 2.124559143999999833e+03 2.271440399999999954e+03
1.450000000000000178e-01 1.764278544000000082e+01 2.124417187999999896e+03 2.271440399999999954e+03
1.499999999999999112e-01 1.754094744000000006e+01 2.125265837999999803e+03 2.271440399999999954e+03
1.549999999999998046e-01 1.752983783999999901e+01 2.125358417999999801e+03 2.271440399999999954e+03
1.599999999999996980e-01 1.751835791999999969e+01 2.125454083999999966e+03 2.271440399999999954e+03
1.649999999999995914e-01 1.745614415999999736e+01 2.125972531999999774e+03 2.271440399999999954e+03
1.699999999999994849e-01 1.741096512000000018e+01 2.126349024000000099e+03 2.271440399999999954e+03
1.750000000000002665e-01 1.732616183999999748e+01 2.127055718000000070e+03 2.271440399999999954e+03
1.800000000000001599e-01 1.729801752000000192e+01 2.127290254000000004e+03 2.271440399999999954e+03
1.850000000000000533e-01 1.724728367999999890e+01 2.127713036000000102e+03 2.271440399999999954e+03
1.899999999999999467e-01 1.721321423999999922e+01 2.127996947999999975e+03 2.271440399999999954e+03
1.949999999999998401e-01 1.724135855999999833e+01 2.127762412000000040e+03 2.271440399999999954e+03
1.999999999999997335e-01 1.717359000000000080e+01 2.128327150000000074e+03 2.271440399999999954e+03
2.049999999999996270e-01 1.719617951999999761e+01 2.128138903999999911e+03 2.271440399999999954e+03
2.099999999999995204e-01 1.712285616000000132e+01 2.128749931999999717e+03 2.271440399999999954e+03
2.149999999999994138e-01 1.704953279999999793e+01 2.129360959999999977e+03 2.271440399999999954e+03
2.200000000000001954e-01 1.706064239999999543e+01 2.129268379999999979e+03 2.271440399999999954e+03
2.250000000000000888e-01 1.699842863999999665e+01 2.129786827999999787e+03 2.271440399999999954e+03
2.299999999999999822e-01 1.693066007999999556e+01 2.130351565999999821e+03 2.271440399999999954e+03
2.349999999999998757e-01 1.691362535999999750e+01 2.130493521999999757e+03 2.271440399999999954e+03
2.399999999999997691e-01 1.690807055999999875e+01 2.130539811999999984e+03 2.271440399999999954e+03
2.449999999999996625e-01 1.689696096000000125e+01 2.130632391999999982e+03 2.271440399999999954e+03
2.499999999999995559e-01 1.677808823999999888e+01 2.131622997999999825e+03 2.271440399999999954e+03
2.549999999999994493e-01 1.675549871999999496e+01 2.131811243999999988e+03 2.271440399999999954e+03
2.600000000000002309e-01 1.668773015999999743e+01 2.132375982000000022e+03 2.271440399999999954e+03
2.650000000000001243e-01 1.672735439999999940e+01 2.132045779999999922e+03 2.271440399999999954e+03
2.700000000000000178e-01 1.673290919999999815e+01 2.131999490000000151e+03 2.271440399999999954e+03
2.749999999999999112e-01 1.667625023999999812e+01 2.132471647999999732e+03 2.271440399999999954e+03
2.799999999999998046e-01 1.660848167999999703e+01 2.133036385999999766e+03 2.271440399999999954e+03
2.849999999999996980e-01 1.659737207999999953e+01 2.133128965999999764e+03 2.271440399999999954e+03
2.899999999999995914e-01 1.662551639999999509e+01 2.132894429999999829e+03 2.271440399999999954e+03
2.949999999999994849e-01 1.659737207999999953e+01 2.133128965999999764e+03 2.271440399999999954e+03
3.000000000000002665e-01 1.651256879999999683e+01 2.133835659999999734e+03 2.271440399999999954e+03
3.050000000000001599e-01 1.652960351999999489e+01 2.133693703999999798e+03 2.271440399999999954e+03
3.100000000000000533e-01 1.648442447999999771e+01 2.134070196000000124e+03 2.271440399999999954e+03
3.149999999999999467e-01 1.646183495999999735e+01 2.134258441999999832e+03 2.271440399999999954e+03
3.199999999999998401e-01 1.643924543999999699e+01 2.134446687999999995e+03 2.271440399999999954e+03
3.249999999999997335e-01 1.635999695999999659e+01 2.135107092000000193e+03 2.271440399999999954e+03
3.299999999999996270e-01 1.637110655999999764e+01 2.135014511999999741e+03 2.271440399999999954e+03
3.349999999999995204e-01 1.639962119999999501e+01 2.134776890000000094e+03 2.271440399999999954e+03
3.399999999999994138e-01 1.630333800000000011e+01 2.135579249999999774e+03 2.271440399999999954e+03
3.450000000000001954e-01 1.630333800000000011e+01 2.135579249999999774e+03 2.271440399999999954e+03
3.500000000000000888e-01 1.625260416000000063e+01 2.136002031999999872e+03 2.271440399999999954e+03
3.549999999999999822e-01 1.624112423999999777e+01 2.136097698000000037e+03 2.271440399999999954e+03
3.599999999999998757e-01 1.617928079999999724e+01 2.136613060000000132e+03 2.271440399999999954e+03
3.649999999999997691e-01 1.618483559999999599e+01 2.136566769999999906e+03 2.271440399999999954e+03
3.699999999999996625e-01 1.619594519999999704e+01 2.136474189999999908e+03 2.271440399999999954e+03
3.749999999999995559e-01 1.611706703999999846e+01 2.137131507999999940e+03 2.271440399999999954e+03
3.799999999999994493e-01 1.606596287999999717e+01 2.137557375999999749e+03 2.271440399999999954e+03
3.850000000000002309e-01 1.615076615999999632e+01 2.136850681999999779e+03 2.271440399999999954e+03
3.900000000000001243e-01 1.606040807999999842e+01 2.137603665999999976e+03 2.271440399999999954e+03
3.950000000000000178e-01 1.605485327999999612e+01 2.137649956000000202e+03 2.271440399999999954e+03
3.999999999999999112e-01 1.600411943999999664e+01 2.138072737999999845e+03 2.271440399999999954e+03
4.049999999999998046e-01 1.595301527999999891e+01 2.138498606000000109e+03 2.271440399999999954e+03
4.099999999999996980e-01 1.603226375999999931e+01 2.137838201999999910e+03 2.271440399999999954e+03
4.149999999999995914e-01 1.596449520000000000e+01 2.138402939999999944e+03 2.271440399999999954e+03
4.199999999999994849e-01 1.595301527999999891e+01 2.138498606000000109e+03 2.271440399999999954e+03
4.250000000000002665e-01 1.597004999999999875e+01 2.138356650000000172e+03 2.271440399999999954e+03
4.300000000000001599e-01 1.587413711999999855e+01 2.139155924000000141e+03 2.271440399999999954e+03
4.350000000000000533e-01 1.589672664000000069e+01 2.138967677999999978e+03 2.271440399999999954e+03
4.399999999999999467e-01 1.582303295999999904e+01 2.139581791999999950e+03 2.271440399999999954e+03
4.449999999999998401e-01 1.580599823999999920e+01 2.139723747999999887e+03 2.271440399999999954e+03
4.499999999999997335e-01 1.580599823999999920e+01 2.139723747999999887e+03 2.271440399999999954e+03
4.549999999999996270e-01 1.583451288000000012e+01 2.139486125999999786e+03 2.271440399999999954e+03
4.599999999999995204e-01 1.582858776000000134e+01 2.139535501999999724e+03 2.271440399999999954e+03
4.649999999999994138e-01 1.579488863999999815e+01 2.139816327999999885e+03 2.271440399999999954e+03
4.700000000000001954e-01 1.572156528000000009e+01 2.140427356000000145e+03 2.271440399999999954e+03
4.750000000000000888e-01 1.574970960000000098e+01 2.140192819999999756e+03 2.271440399999999954e+03
4.799999999999999822e-01 1.570453056000000025e+01 2.140569312000000082e+03 2.271440399999999954e+03
4.849999999999998757e-01 1.571564016000000130e+01 2.140476732000000084e+03 2.271440399999999954e+03
4.899999999999997691e-01 1.567601591999999933e+01 2.140806934000000183e+03 2.271440399999999954e+03
4.949999999999996625e-01 1.562528207999999985e+01 2.141229715999999826e+03 2.271440399999999954e+03
4.999999999999995559e-01 1.559158296000000021e+01 2.141510541999999987e+03 2.271440399999999954e+03
5.049999999999994493e-01 1.559713775999999896e+01 2.141464251999999760e+03 2.271440399999999954e+03
5.100000000000002309e-01 1.564231679999999969e+01 2.141087759999999889e+03 2.271440399999999954e+03
5.150000000000001243e-01 1.562528207999999985e+01 2.141229715999999826e+03 2.271440399999999954e+03
5.200000000000000178e-01 1.561972728000000110e+01 2.141276006000000052e+03 2.271440399999999954e+03
5.249999999999999112e-01 1.557454824000000038e+01 2.141652497999999923e+03 2.271440399999999954e+03
5.299999999999998046e-01 1.555751352000000054e+01 2.141794453999999860e+03 2.271440399999999954e+03
5.349999999999996980e-01 1.549529975999999998e+01 2.142312902000000122e+03 2.271440399999999954e+03
5.399999999999995914e-01 1.547826504000000014e+01 2.142454858000000058e+03 2.271440399999999954e+03
5.449999999999994849e-01 1.547826504000000014e+01 2.142454858000000058e+03 2.271440399999999954e+03
5.500000000000002665e-01 1.547826504000000014e+01 2.142454858000000058e+03 2.271440399999999954e+03
5.550000000000001599e-01 1.546715543999999909e+01 2.142547438000000056e+03 2.271440399999999954e+03
5.600000000000000533e-01 1.548974496000000123e+01 2.142359191999999894e+03 2.271440399999999954e+03
5.649999999999999467e-01 1.540494168000000030e+01 2.143065885999999864e+03 2.271440399999999954e+03
5.699999999999998401e-01 1.546715543999999909e+01 2.142547438000000056e+03 2.271440399999999954e+03
5.749999999999997335e-01 1.528051416000000096e+01 2.144102781999999934e+03 2.271440399999999954e+03
5.799999999999996270e-01 1.530902880000000010e+01 2.143865159999999833e+03 2.271440399999999954e+03
5.849999999999995204e-01 1.536531744000000010e+01 2.143396087999999963e+03 2.271440399999999954e+03
5.899999999999994138e-01 1.539938687999999978e+01 2.143112176000000090e+03 2.271440399999999954e+03
5.950000000000001954e-01 1.538235215999999994e+01 2.143254132000000027e+03 2.271440399999999954e+03
6.000000000000000888e-01 1.529199408000000027e+01 2.144007115999999769e+03 2.271440399999999954e+03
6.049999999999999822e-01 1.532569320000000168e+01 2.143726290000000063e+03 2.271440399999999954e+03
6.099999999999998757e-01 1.530310368000000132e+01 2.143914535999999771e+03 2.271440399999999954e+03
6.149999999999997691e-01 1.524681504000000132e+01 2.144383608000000095e+03 2.271440399999999954e+03
6.199999999999996625e-01 1.535420784000000083e+01 2.143488667999999961e+03 2.271440399999999954e+03
6.249999999999995559e-01 1.526347944000000112e+01 2.144244737999999870e+03 2.271440399999999954e+03
6.299999999999994493e-01 1.521830040000000217e+01 2.144621229999999741e+03 2.271440399999999954e+03
6.350000000000002309e-01 1.519571088000000181e+01 2.144809475999999904e+03 2.271440399999999954e+03
6.400000000000001243e-01 1.524681504000000132e+01 2.144383608000000095e+03 2.271440399999999954e+03
6.450000000000000178e-01 1.522978032000000148e+01 2.144525564000000031e+03 2.271440399999999954e+03
6.499999999999999112e-01 1.519571088000000181e+01 2.144809475999999904e+03 2.271440399999999954e+03
6.549999999999998046e-01 1.509979800000000161e+01 2.145608749999999873e+03 2.271440399999999954e+03
6.599999999999996980e-01 1.515645695999999987e+01 2.145136591999999837e+03 2.271440399999999954e+03
6.649999999999995914e-01 1.511683272000000144e+01 2.145466793999999936e+03 2.271440399999999954e+03
6.699999999999994849e-01 1.512238752000000019e+01 2.145420504000000165e+03 2.271440399999999954e+03
6.750000000000002665e-01 1.500943992000000016e+01 2.146361734000000069e+03 2.271440399999999954e+03
6.800000000000001599e-01 1.508276328000000177e+01 2.145750705999999809e+03 2.271440399999999954e+03
6.850000000000000533e-01 1.503202944000000052e+01 2.146173487999999907e+03 2.271440399999999954e+03
6.899999999999999467e-01 1.504313903999999802e+01 2.146080907999999908e+03 2.271440399999999954e+03
6.949999999999998401e-01 1.519015608000000128e+01 2.144855766000000131e+03 2.271440399999999954e+03
6.999999999999997335e-01 1.507165368000000072e+01 2.145843285999999807e+03 2.271440399999999954e+03
7.049999999999996270e-01 1.507720848000000125e+01 2.145796996000000036e+03 2.271440399999999954e+03
7.099999999999995204e-01 1.502647463999999999e+01 2.146219778000000133e+03 2.271440399999999954e+03
7.149999999999994138e-01 1.499795999999999907e+01 2.146457399999999780e+03 2.271440399999999954e+03
7.200000000000001954e-01 1.503202944000000052e+01 2.146173487999999907e+03 2.271440399999999954e+03
7.250000000000000888e-01 1.498092527999999923e+01 2.146599356000000171e+03 2.271440399999999954e+03
7.299999999999999822e-01 1.498685040000000157e+01 2.146549979999999778e+03 2.271440399999999954e+03
7.349999999999998757e-01 1.496981567999999818e+01 2.146691936000000169e+03 2.271440399999999954e+03
7.399999999999997691e-01 1.493019143999999798e+01 2.147022137999999813e+03 2.271440399999999954e+03
7.449999999999996625e-01 1.492463663999999746e+01 2.147068428000000040e+03 2.271440399999999954e+03
7.499999999999995559e-01 1.490204711999999709e+01 2.147256674000000203e+03 2.271440399999999954e+03
7.549999999999994493e-01 1.490204711999999709e+01 2.147256674000000203e+03 2.271440399999999954e+03
7.600000000000002309e-01 1.495278095999999834e+01 2.146833892000000105e+03 2.271440399999999954e+03
7.650000000000001243e-01 1.493019143999999798e+01 2.147022137999999813e+03 2.271440399999999954e+03
7.700000000000000178e-01 1.494167136000000085e+01 2.146926472000000103e+03 2.271440399999999954e+03
7.749999999999999112e-01 1.484538815999999883e+01 2.147728831999999784e+03 2.271440399999999954e+03
7.799999999999998046e-01 1.489056719999999778e+01 2.147352339999999913e+03 2.271440399999999954e+03
7.849999999999996980e-01 1.483983335999999831e+01 2.147775122000000010e+03 2.271440399999999954e+03
7.899999999999995914e-01 1.482279863999999847e+01 2.147917077999999947e+03 2.271440399999999954e+03
7.949999999999994849e-01 1.493019143999999798e+01 2.147022137999999813e+03 2.271440399999999954e+03
8.000000000000002665e-01 1.481724383999999795e+01 2.147963368000000173e+03 2.271440399999999954e+03
8.050000000000001599e-01 1.485686807999999814e+01 2.147633166000000074e+03 2.271440399999999954e+03
8.100000000000000533e-01 1.482835343999999900e+01 2.147870788000000175e+03 2.271440399999999954e+03
8.149999999999999467e-01 1.476650999999999847e+01 2.148386149999999816e+03 2.271440399999999954e+03
8.199999999999998401e-01 1.479465431999999758e+01 2.148151613999999881e+03 2.271440399999999954e+03
8.249999999999997335e-01 1.475503007999999916e+01 2.148481815999999981e+03 2.271440399999999954e+03
8.299999999999996270e-01 1.481724383999999795e+01 2.147963368000000173e+03 2.271440399999999954e+03
8.349999999999995204e-01 1.481168903999999742e+01 2.148009657999999945e+03 2.271440399999999954e+03
8.399999999999994138e-01 1.474392047999999811e+01 2.148574395999999979e+03 2.271440399999999954e+03
8.450000000000001954e-01 1.480020911999999811e+01 2.148105324000000110e+03 2.271440399999999954e+03
8.500000000000000888e-01 1.468170671999999755e+01 2.149092843999999786e+03 2.271440399999999954e+03
8.549999999999999822e-01 1.468726151999999807e+01 2.149046554000000015e+03 2.271440399999999954e+03
8.599999999999998757e-01 1.468726151999999807e+01 2.149046554000000015e+03 2.271440399999999954e+03
8.649999999999997691e-01 1.472133095999999775e+01 2.148762642000000142e+03 2.271440399999999954e+03
8.699999999999996625e-01 1.474392047999999811e+01 2.148574395999999979e+03 2.271440399999999954e+03
8.749999999999995559e-01 1.469837111999999912e+01 2.148953974000000017e+03 2.271440399999999954e+03
8.799999999999994493e-01 1.468726151999999807e+01 2.149046554000000015e+03 2.271440399999999954e+03
8.850000000000002309e-01 1.465911719999999896e+01 2.149281089999999949e+03 2.271440399999999954e+03
8.900000000000001243e-01 1.463652767999999860e+01 2.149469336000000112e+03 2.271440399999999954e+03
8.950000000000000178e-01 1.464763727999999787e+01 2.149376756000000114e+03 2.271440399999999954e+03
8.999999999999999112e-01 1.457431391999999803e+01 2.149987783999999920e+03 2.271440399999999954e+03
9.049999999999998046e-01 1.464208247999999912e+01 2.149423045999999886e+03 2.271440399999999954e+03
9.099999999999996980e-01 1.465319207999999840e+01 2.149330465999999888e+03 2.271440399999999954e+03
9.149999999999995914e-01 1.459690343999999840e+01 2.149799537999999757e+03 2.271440399999999954e+03
9.199999999999994849e-01 1.461949295999999876e+01 2.149611292000000049e+03 2.271440399999999954e+03
9.250000000000002665e-01 1.452913487999999909e+01 2.150364275999999791e+03 2.271440399999999954e+03
9.300000000000001599e-01 1.453468967999999784e+01 2.150317986000000019e+03 2.271440399999999954e+03
9.350000000000000533e-01 1.461949295999999876e+01 2.149611292000000049e+03 2.271440399999999954e+03
9.399999999999999467e-01 1.459134863999999787e+01 2.149845827999999983e+03 2.271440399999999954e+03
9.449999999999998401e-01 1.460801303999999945e+01 2.149706957999999759e+03 2.271440399999999954e+03
9.499999999999997335e-01 1.456283399999999872e+01 2.150083450000000084e+03 2.271440399999999954e+03
9.549999999999996270e-01 1.447247591999999905e+01 2.150836433999999826e+03 2.271440399999999954e+03
9.599999999999995204e-01 1.444988639999999869e+01 2.151024679999999989e+03 2.271440399999999954e+03
9.649999999999994138e-01 1.443877679999999941e+01 2.151117259999999987e+03 2.271440399999999954e+03
9.700000000000001954e-01 1.447247591999999905e+01 2.150836433999999826e+03 2.271440399999999954e+03
9.750000000000000888e-01 1.443877679999999941e+01 2.151117259999999987e+03 2.271440399999999954e+03
9.799999999999999822e-01 1.448395583999999836e+01 2.150740768000000116e+03 2.271440399999999954e+03
9.849999999999998757e-01 1.444988639999999869e+01 2.151024679999999989e+03 2.271440399999999954e+03
9.899999999999997691e-01 1.448951063999999889e+01 2.150694477999999890e+03 2.271440399999999954e+03
9.949999999999996625e-01 1.442729687999999832e+01 2.151212926000000152e+03 2.271440399999999954e+03
9.999999999999995559e-01 1.442174207999999780e+01 2.151259215999999924e+03 2.271440399999999954e+03
1.004999999999999449e+00 1.439915255999999921e+01 2.151447462000000087e+03 2.271440399999999954e+03
1.010000000000000231e+00 1.437063791999999829e+01 2.151685083999999733e+03 2.271440399999999954e+03
1.015000000000000124e+00 1.440470735999999974e+01 2.151401171999999860e+03 2.271440399999999954e+03
1.020000000000000018e+00 1.444433159999999816e+01 2.151070969999999761e+03 2.271440399999999954e+03
1.024999999999999911e+00 1.441026215999999671e+01 2.151354882000000089e+03 2.271440399999999954e+03
1.029999999999999805e+00 1.441581695999999724e+01 2.151308591999999862e+03 2.271440399999999954e+03
1.034999999999999698e+00 1.433138399999999990e+01 2.152012200000000121e+03 2.271440399999999954e+03
1.039999999999999591e+00 1.430286935999999720e+01 2.152249821999999767e+03 2.271440399999999954e+03
1.044999999999999485e+00 1.434249359999999740e+01 2.151919620000000123e+03 2.271440399999999954e+03
1.050000000000000266e+00 1.430879447999999954e+01 2.152200445999999829e+03 2.271440399999999954e+03
1.055000000000000160e+00 1.432545887999999756e+01 2.152061576000000059e+03 2.271440399999999954e+03
1.060000000000000053e+00 1.425213551999999950e+01 2.152672603999999865e+03 2.271440399999999954e+03
1.064999999999999947e+00 1.433138399999999990e+01 2.152012200000000121e+03 2.271440399999999954e+03
1.069999999999999840e+00 1.434249359999999740e+01 2.151919620000000123e+03 2.271440399999999954e+03
1.074999999999999734e+00 1.424658072000000075e+01 2.152718894000000091e+03 2.271440399999999954e+03
1.079999999999999627e+00 1.426324511999999878e+01 2.152580023999999867e+03 2.271440399999999954e+03
1.084999999999999520e+00 1.424065559999999842e+01 2.152768270000000030e+03 2.271440399999999954e+03
1.089999999999999414e+00 1.428583463999999736e+01 2.152391778000000158e+03 2.271440399999999954e+03
1.095000000000000195e+00 1.428583463999999736e+01 2.152391778000000158e+03 2.271440399999999954e+03
1.100000000000000089e+00 1.425769031999999825e+01 2.152626314000000093e+03 2.271440399999999954e+03
1.104999999999999982e+00 1.428583463999999736e+01 2.152391778000000158e+03 2.271440399999999954e+03
1.109999999999999876e+00 1.426324511999999878e+01 2.152580023999999867e+03 2.271440399999999954e+03
1.114999999999999769e+00 1.427472503999999809e+01 2.152484358000000157e+03 2.271440399999999954e+03
1.119999999999999662e+00 1.423510079999999789e+01 2.152814559999999801e+03 2.271440399999999954e+03
1.124999999999999556e+00 1.415622263999999930e+01 2.153471877999999833e+03 2.271440399999999954e+03
1.129999999999999449e+00 1.420695647999999878e+01 2.153049095999999736e+03 2.271440399999999954e+03
1.135000000000000231e+00 1.413918791999999947e+01 2.153613833999999770e+03 2.271440399999999954e+03
1.140000000000000124e+00 1.413918791999999947e+01 2.153613833999999770e+03 2.271440399999999954e+03
1.145000000000000018e+00 1.419547655999999769e+01 2.153144761999999901e+03 2.271440399999999954e+03
1.149999999999999911e+00 1.414474271999999999e+01 2.153567543999999998e+03 2.271440399999999954e+03
1.154999999999999805e+00 1.417881215999999966e+01 2.153283632000000125e+03 2.271440399999999954e+03
1.159999999999999698e+00 1.418436695999999841e+01 2.153237341999999899e+03 2.271440399999999954e+03
1.164999999999999591e+00 1.412770800000000015e+01 2.153709499999999935e+03 2.271440399999999954e+03
1.169999999999999485e+00 1.415622263999999930e+01 2.153471877999999833e+03 2.271440399999999954e+03
1.175000000000000266e+00 1.411067327999999854e+01 2.153851455999999871e+03 2.271440399999999954e+03
1.180000000000000160e+00 1.411659839999999910e+01 2.153802079999999933e+03 2.271440399999999954e+03
1.185000000000000053e+00 1.405993943999999907e+01 2.154274237999999968e+03 2.271440399999999954e+03
1.189999999999999947e+00 1.410511847999999979e+01 2.153897746000000097e+03 2.271440399999999954e+03
1.194999999999999840e+00 1.404882983999999979e+01 2.154366817999999967e+03 2.271440399999999954e+03
1.199999999999999734e+00 1.409956367999999927e+01 2.153944035999999869e+03 2.271440399999999954e+03
1.204999999999999627e+00 1.411659839999999910e+01 2.153802079999999933e+03 2.271440399999999954e+03
1.209999999999999520e+00 1.410511847999999979e+01 2.153897746000000097e+03 2.271440399999999954e+03
1.214999999999999414e+00 1.408252895999999943e+01 2.154085991999999806e+03 2.271440399999999954e+03
1.220000000000000195e+00 1.402624031999999943e+01 2.154555064000000129e+03 2.271440399999999954e+03
1.225000000000000089e+00 1.402031520000000064e+01 2.154604440000000068e+03 2.271440399999999954e+03
1.229999999999999982e+00 1.396958135999999939e+01 2.155027222000000165e+03 2.271440399999999954e+03
1.234999999999999876e+00 1.403734992000000048e+01 2.154462484000000131e+03 2.271440399999999954e+03
1.239999999999999769e+00 1.406549423999999959e+01 2.154227947999999742e+03 2.271440399999999954e+03
1.244999999999999662e+00 1.399772568000000028e+01 2.154792685999999776e+03 2.271440399999999954e+03
1.249999999999999556e+00 1.396402655999999887e+01 2.155073511999999937e+03 2.271440399999999954e+03
1.254999999999999449e+00 1.392995712000000097e+01 2.155357423999999810e+03 2.271440399999999954e+03
1.260000000000000231e+00 1.390736760000000061e+01 2.155545669999999973e+03 2.271440399999999954e+03
1.265000000000000124e+00 1.392440232000000044e+01 2.155403714000000036e+03 2.271440399999999954e+03
1.270000000000000018e+00 1.406549423999999959e+01 2.154227947999999742e+03 2.271440399999999954e+03
1.274999999999999911e+00 1.399772568000000028e+01 2.154792685999999776e+03 2.271440399999999954e+03
1.279999999999999805e+00 1.404290471999999923e+01 2.154416193999999905e+03 2.271440399999999954e+03
1.284999999999999698e+00 1.404290471999999923e+01 2.154416193999999905e+03 2.271440399999999954e+03
1.289999999999999591e+00 1.398069096000000044e+01 2.154934642000000167e+03 2.271440399999999954e+03
1.294999999999999485e+00 1.394699183999999903e+01 2.155215467999999873e+03 2.271440399999999954e+03
1.300000000000000266e+00 1.383404423999999899e+01 2.156156697999999778e+03 2.271440399999999954e+03
1.305000000000000160e+00 1.394143704000000028e+01 2.155261758000000100e+03 2.271440399999999954e+03
1.310000000000000053e+00 1.393551191999999972e+01 2.155311134000000038e+03 2.271440399999999954e+03
1.314999999999999947e+00 1.388477808000000024e+01 2.155733916000000136e+03 2.271440399999999954e+03
1.319999999999999840e+00 1.391292240000000113e+01 2.155499379999999746e+03 2.271440399999999954e+03
1.324999999999999734e+00 1.390736760000000061e+01 2.155545669999999973e+03 2.271440399999999954e+03
1.329999999999999627e+00 1.385070864000000057e+01 2.156017828000000009e+03 2.271440399999999954e+03
1.334999999999999520e+00 1.381700952000000093e+01 2.156298654000000170e+03 2.271440399999999954e+03
1.339999999999999414e+00 1.376035055999999912e+01 2.156770811999999751e+03 2.271440399999999954e+03
1.345000000000000195e+00 1.384515384000000005e+01 2.156064117999999780e+03 2.271440399999999954e+03
1.350000000000000089e+00 1.385663375999999936e+01 2.155968452000000070e+03 2.271440399999999954e+03
1.354999999999999982e+00 1.383959903999999952e+01 2.156110408000000007e+03 2.271440399999999954e+03
1.359999999999999876e+00 1.387366847999999919e+01 2.155826496000000134e+03 2.271440399999999954e+03
1.364999999999999769e+00 1.380552959999999985e+01 2.156394319999999880e+03 2.271440399999999954e+03
1.369999999999999662e+00 1.384515384000000005e+01 2.156064117999999780e+03 2.271440399999999954e+03
1.374999999999999556e+00 1.373220624000000001e+01 2.157005348000000140e+03 2.271440399999999954e+03
1.379999999999999449e+00 1.374368615999999932e+01 2.156909681999999975e+03 2.271440399999999954e+03
1.385000000000000231e+00 1.368147240000000053e+01 2.157428129999999783e+03 2.271440399999999954e+03
1.390000000000000124e+00 1.376035055999999912e+01 2.156770811999999751e+03 2.271440399999999954e+03
1.395000000000000018e+00 1.378886520000000004e+01 2.156533190000000104e+03 2.271440399999999954e+03
1.399999999999999911e+00 1.377738528000000073e+01 2.156628855999999814e+03 2.271440399999999954e+03
1.404999999999999805e+00 1.377738528000000073e+01 2.156628855999999814e+03 2.271440399999999954e+03
1.409999999999999698e+00 1.370406192000000090e+01 2.157239884000000075e+03 2.271440399999999954e+03
1.414999999999999591e+00 1.368702720000000106e+01 2.157381840000000011e+03 2.271440399999999954e+03
1.419999999999999485e+00 1.374368615999999932e+01 2.156909681999999975e+03 2.271440399999999954e+03
1.425000000000000266e+00 1.375479576000000037e+01 2.156817101999999977e+03 2.271440399999999954e+03
1.430000000000000160e+00 1.375479576000000037e+01 2.156817101999999977e+03 2.271440399999999954e+03
1.435000000000000053e+00 1.379997480000000110e+01 2.156440610000000106e+03 2.271440399999999954e+03
1.439999999999999947e+00 1.372665143999999948e+01 2.157051637999999912e+03 2.271440399999999954e+03
1.444999999999999840e+00 1.375479576000000037e+01 2.156817101999999977e+03 2.271440399999999954e+03
1.449999999999999734e+00 1.366443768000000070e+01 2.157570085999999719e+03 2.271440399999999954e+03
1.454999999999999627e+00 1.366443768000000070e+01 2.157570085999999719e+03 2.271440399999999954e+03
1.459999999999999520e+00 1.370406192000000090e+01 2.157239884000000075e+03 2.271440399999999954e+03
1.464999999999999414e+00 1.368147240000000053e+01 2.157428129999999783e+03 2.271440399999999954e+03
1.470000000000000195e+00 1.372665143999999948e+01 2.157051637999999912e+03 2.271440399999999954e+03
1.475000000000000089e+00 1.375479576000000037e+01 2.156817101999999977e+03 2.271440399999999954e+03
1.479999999999999982e+00 1.374924095999999984e+01 2.156863391999999749e+03 2.271440399999999954e+03
1.484999999999999876e+00 1.368702720000000106e+01 2.157381840000000011e+03 2.271440399999999954e+03
1.489999999999999769e+00 1.368147240000000053e+01 2.157428129999999783e+03 2.271440399999999954e+03
1.494999999999999662e+00 1.360777871999999888e+01 2.158042243999999755e+03 2.271440399999999954e+03
1.499999999999999556e+00 1.357963439999999977e+01 2.158276780000000144e+03 2.271440399999999954e+03
1.504999999999999449e+00 1.369813679999999856e+01 2.157289260000000013e+03 2.271440399999999954e+03
1.510000000000000231e+00 1.370406192000000090e+01 2.157239884000000075e+03 2.271440399999999954e+03
1.515000000000000124e+00 1.364740295999999908e+01 2.157712042000000110e+03 2.271440399999999954e+03
1.520000000000000018e+00 1.364184816000000033e+01 2.157758331999999882e+03 2.271440399999999954e+03
1.524999999999999911e+00 1.354556496000000010e+01 2.158560692000000017e+03 2.271440399999999954e+03
1.529999999999999805e+00 1.364740295999999908e+01 2.157712042000000110e+03 2.271440399999999954e+03
1.534999999999999698e+00 1.355149007999999888e+01 2.158511316000000079e+03 2.271440399999999954e+03
1.539999999999999591e+00 1.357407959999999925e+01 2.158323069999999916e+03 2.271440399999999954e+03
1.544999999999999485e+00 1.366443768000000070e+01 2.157570085999999719e+03 2.271440399999999954e+03
1.550000000000000266e+00 1.356259967999999994e+01 2.158418736000000081e+03 2.271440399999999954e+03
1.555000000000000160e+00 1.362481343999999872e+01 2.157900287999999819e+03 2.271440399999999954e+03
1.560000000000000053e+00 1.355149007999999888e+01 2.158511316000000079e+03 2.271440399999999954e+03
1.564999999999999947e+00 1.352890055999999852e+01 2.158699561999999787e+03 2.271440399999999954e+03
1.569999999999999840e+00 1.357407959999999925e+01 2.158323069999999916e+03 2.271440399999999954e+03
1.574999999999999734e+00 1.354556496000000010e+01 2.158560692000000017e+03 2.271440399999999954e+03
1.579999999999999627e+00 1.355704487999999941e+01 2.158465025999999853e+03 2.271440399999999954e+03
1.584999999999999520e+00 1.351186583999999868e+01 2.158841518000000178e+03 2.271440399999999954e+03
1.589999999999999414e+00 1.351186583999999868e+01 2.158841518000000178e+03 2.271440399999999954e+03
1.595000000000000195e+00 1.354001015999999957e+01 2.158606981999999789e+03 2.271440399999999954e+03
1.600000000000000089e+00 1.350631103999999816e+01 2.158887807999999950e+03 2.271440399999999954e+03
1.604999999999999982e+00 1.357963439999999977e+01 2.158276780000000144e+03 2.271440399999999954e+03
1.609999999999999876e+00 1.355149007999999888e+01 2.158511316000000079e+03 2.271440399999999954e+03
1.614999999999999769e+00 1.348372151999999780e+01 2.159076054000000113e+03 2.271440399999999954e+03
1.619999999999999662e+00 1.350631103999999816e+01 2.158887807999999950e+03 2.271440399999999954e+03
1.624999999999999556e+00 1.353445535999999905e+01 2.158653272000000015e+03 2.271440399999999954e+03
1.629999999999999449e+00 1.352297543999999974e+01 2.158748937999999725e+03 2.271440399999999954e+03
1.635000000000000231e+00 1.348372151999999780e+01 2.159076054000000113e+03 2.271440399999999954e+03
1.640000000000000124e+00 1.345520688000000042e+01 2.159313675999999759e+03 2.271440399999999954e+03
1.645000000000000018e+00 1.343817216000000059e+01 2.159455632000000151e+03 2.271440399999999954e+03
1.649999999999999911e+00 1.346113199999999921e+01 2.159264299999999821e+03 2.271440399999999954e+03
1.654999999999999805e+00 1.350038591999999937e+01 2.158937183999999888e+03 2.271440399999999954e+03
1.659999999999999698e+00 1.344409727999999937e+01 2.159406255999999757e+03 2.271440399999999954e+03
1.664999999999999591e+00 1.338743831999999934e+01 2.159878413999999793e+03 2.271440399999999954e+03
1.669999999999999485e+00 1.342706255999999954e+01 2.159548212000000149e+03 2.271440399999999954e+03
1.675000000000000266e+00 1.340447303999999917e+01 2.159736457999999857e+03 2.271440399999999954e+03
1.680000000000000160e+00 1.349483111999999885e+01 2.158983474000000115e+03 2.271440399999999954e+03
1.685000000000000053e+00 1.339891823999999865e+01 2.159782748000000083e+03 2.271440399999999954e+03
1.689999999999999947e+00 1.343261736000000006e+01 2.159501921999999922e+03 2.271440399999999954e+03
1.694999999999999840e+00 1.336484879999999897e+01 2.160066659999999956e+03 2.271440399999999954e+03
1.699999999999999734e+00 1.336484879999999897e+01 2.160066659999999956e+03 2.271440399999999954e+03
1.704999999999999627e+00 1.335929399999999845e+01 2.160112950000000183e+03 2.271440399999999954e+03
1.709999999999999520e+00 1.345520688000000042e+01 2.159313675999999759e+03 2.271440399999999954e+03
1.714999999999999414e+00 1.345520688000000042e+01 2.159313675999999759e+03 2.271440399999999954e+03
1.720000000000000195e+00 1.342706255999999954e+01 2.159548212000000149e+03 2.271440399999999954e+03
1.725000000000000089e+00 1.335929399999999845e+01 2.160112950000000183e+03 2.271440399999999954e+03
1.729999999999999982e+00 1.341002783999999970e+01 2.159690168000000085e+03 2.271440399999999954e+03
1.734999999999999876e+00 1.336484879999999897e+01 2.160066659999999956e+03 2.271440399999999954e+03
1.739999999999999769e+00 1.340447303999999917e+01 2.159736457999999857e+03 2.271440399999999954e+03
1.744999999999999662e+00 1.342706255999999954e+01 2.159548212000000149e+03 2.271440399999999954e+03
1.749999999999999556e+00 1.333670447999999986e+01 2.160301195999999891e+03 2.271440399999999954e+03
1.754999999999999449e+00 1.335929399999999845e+01 2.160112950000000183e+03 2.271440399999999954e+03
1.760000000000000231e+00 1.339299311999999986e+01 2.159832124000000022e+03 2.271440399999999954e+03
1.765000000000000124e+00 1.331411495999999950e+01 2.160489442000000054e+03 2.271440399999999954e+03
1.770000000000000018e+00 1.339891823999999865e+01 2.159782748000000083e+03 2.271440399999999954e+03
1.774999999999999911e+00 1.335373919999999970e+01 2.160159239999999954e+03 2.271440399999999954e+03
1.779999999999999805e+00 1.335929399999999845e+01 2.160112950000000183e+03 2.271440399999999954e+03
1.784999999999999698e+00 1.328004551999999983e+01 2.160773353999999927e+03 2.271440399999999954e+03
1.789999999999999591e+00 1.329708023999999966e+01 2.160631397999999990e+03 2.271440399999999954e+03
1.794999999999999485e+00 1.330263504000000019e+01 2.160585107999999764e+03 2.271440399999999954e+03
1.800000000000000266e+00 1.325745599999999946e+01 2.160961600000000089e+03 2.271440399999999954e+03
1.805000000000000160e+00 1.328560032000000035e+01 2.160727064000000155e+03 2.271440399999999954e+03
1.810000000000000053e+00 1.324634639999999841e+01 2.161054180000000088e+03 2.271440399999999954e+03
1.814999999999999947e+00 1.325190119999999894e+01 2.161007889999999861e+03 2.271440399999999954e+03
1.819999999999999840e+00 1.321227696000000051e+01 2.161338091999999961e+03 2.271440399999999954e+03
1.824999999999999734e+00 1.323486647999999910e+01 2.161149845999999798e+03 2.271440399999999954e+03
1.829999999999999627e+00 1.325745599999999946e+01 2.160961600000000089e+03 2.271440399999999954e+03
1.834999999999999520e+00 1.323486647999999910e+01 2.161149845999999798e+03 2.271440399999999954e+03
1.839999999999999414e+00 1.321227696000000051e+01 2.161338091999999961e+03 2.271440399999999954e+03
1.845000000000000195e+00 1.321783175999999926e+01 2.161291801999999734e+03 2.271440399999999954e+03
1.850000000000000089e+00 1.324042127999999963e+01 2.161103556000000026e+03 2.271440399999999954e+03
1.854999999999999982e+00 1.320116735999999946e+01 2.161430671999999959e+03 2.271440399999999954e+03
1.859999999999999876e+00 1.323486647999999910e+01 2.161149845999999798e+03 2.271440399999999954e+03
1.864999999999999769e+00 1.320672215999999999e+01 2.161384381999999732e+03 2.271440399999999954e+03
1.869999999999999662e+00 1.324634639999999841e+01 2.161054180000000088e+03 2.271440399999999954e+03
1.874999999999999556e+00 1.320116735999999946e+01 2.161430671999999959e+03 2.271440399999999954e+03
1.879999999999999449e+00 1.328004551999999983e+01 2.160773353999999927e+03 2.271440399999999954e+03
1.885000000000000231e+00 1.313302847999999834e+01 2.161998496000000159e+03 2.271440399999999954e+03
1.890000000000000124e+00 1.318968744000000015e+01 2.161526338000000123e+03 2.271440399999999954e+03
1.895000000000000018e+00 1.322375687999999982e+01 2.161242425999999796e+03 2.271440399999999954e+03
1.899999999999999911e+00 1.318968744000000015e+01 2.161526338000000123e+03 2.271440399999999954e+03
1.904999999999999805e+00 1.316154311999999926e+01 2.161760874000000058e+03 2.271440399999999954e+03
1.909999999999999698e+00 1.313895359999999890e+01 2.161949119999999766e+03 2.271440399999999954e+03
1.914999999999999591e+00 1.320116735999999946e+01 2.161430671999999959e+03 2.271440399999999954e+03
1.919999999999999485e+00 1.316154311999999926e+01 2.161760874000000058e+03 2.271440399999999954e+03
1.925000000000000266e+00 1.313302847999999834e+01 2.161998496000000159e+03 2.271440399999999954e+03
1.930000000000000160e+00 1.320672215999999999e+01 2.161384381999999732e+03 2.271440399999999954e+03
1.935000000000000053e+00 1.316154311999999926e+01 2.161760874000000058e+03 2.271440399999999954e+03
1.939999999999999947e+00 1.310488415999999923e+01 2.162233032000000094e+03 2.271440399999999954e+03
1.944999999999999840e+00 1.317857783999999910e+01 2.161618918000000122e+03 2.271440399999999954e+03
1.949999999999999734e+00 1.315006319999999995e+01 2.161856539999999768e+03 2.271440399999999954e+03
1.954999999999999627e+00 1.315006319999999995e+01 2.161856539999999768e+03 2.271440399999999954e+03
1.959999999999999520e+00 1.315561799999999870e+01 2.161810249999999996e+03 2.271440399999999954e+03
1.964999999999999414e+00 1.320116735999999946e+01 2.161430671999999959e+03 2.271440399999999954e+03
1.970000000000000195e+00 1.311636408000000031e+01 2.162137365999999929e+03 2.271440399999999954e+03
1.975000000000000089e+00 1.315006319999999995e+01 2.161856539999999768e+03 2.271440399999999954e+03
1.979999999999999982e+00 1.309932936000000048e+01 2.162279321999999866e+03 2.271440399999999954e+03
1.984999999999999876e+00 1.305970512000000028e+01 2.162609523999999965e+03 2.271440399999999954e+03
1.989999999999999769e+00 1.312747367999999959e+01 2.162044785999999931e+03 2.271440399999999954e+03
1.994999999999999662e+00 1.317265272000000031e+01 2.161668294000000060e+03 2.271440399999999954e+03
1.999999999999999556e+00 1.311043895999999798e+01 2.162186741999999867e+03 2.271440399999999954e+03
2.004999999999999449e+00 1.309932936000000048e+01 2.162279321999999866e+03 2.271440399999999954e+03
2.010000000000000231e+00 1.317265272000000031e+01 2.161668294000000060e+03 2.271440399999999954e+03
2.015000000000000124e+00 1.316154311999999926e+01 2.161760874000000058e+03 2.271440399999999954e+03
2.020000000000000018e+00 1.309932936000000048e+01 2.162279321999999866e+03 2.271440399999999954e+03
2.024999999999999911e+00 1.302600599999999886e+01 2.162890350000000126e+03 2.271440399999999954e+03
2.029999999999999805e+00 1.308784943999999939e+01 2.162374988000000030e+03 2.271440399999999954e+03
2.034999999999999698e+00 1.306525991999999903e+01 2.162563233999999738e+03 2.271440399999999954e+03
2.039999999999999591e+00 1.308229464000000064e+01 2.162421277999999802e+03 2.271440399999999954e+03
2.044999999999999485e+00 1.309377455999999995e+01 2.162325612000000092e+03 2.271440399999999954e+03
2.050000000000000266e+00 1.309377455999999995e+01 2.162325612000000092e+03 2.271440399999999954e+03
2.055000000000000160e+00 1.304267039999999866e+01 2.162751479999999901e+03 2.271440399999999954e+03
2.060000000000000053e+00 1.303711559999999992e+01 2.162797770000000128e+03 2.271440399999999954e+03
2.064999999999999947e+00 1.308784943999999939e+01 2.162374988000000030e+03 2.271440399999999954e+03
2.069999999999999840e+00 1.297490183999999935e+01 2.163316217999999935e+03 2.271440399999999954e+03
2.074999999999999734e+00 1.309932936000000048e+01 2.162279321999999866e+03 2.271440399999999954e+03
2.079999999999999627e+00 1.316154311999999926e+01 2.161760874000000058e+03 2.271440399999999954e+03
2.084999999999999520e+00 1.306525991999999903e+01 2.162563233999999738e+03 2.271440399999999954e+03
2.089999999999999414e+00 1.304859551999999923e+01 2.162702103999999963e+03 2.271440399999999954e+03
2.095000000000000195e+00 1.298638176000000044e+01 2.163220551999999770e+03 2.271440399999999954e+03
2.100000000000000089e+00 1.302008087999999830e+01 2.162939726000000064e+03 2.271440399999999954e+03
2.104999999999999982e+00 1.309377455999999995e+01 2.162325612000000092e+03 2.271440399999999954e+03
2.109999999999999876e+00 1.309932936000000048e+01 2.162279321999999866e+03 2.271440399999999954e+03
2.114999999999999769e+00 1.306525991999999903e+01 2.162563233999999738e+03 2.271440399999999954e+03
2.119999999999999662e+00 1.299193655999999919e+01 2.163174261999999999e+03 2.271440399999999954e+03
2.124999999999999556e+00 1.295231231999999899e+01 2.163504464000000098e+03 2.271440399999999954e+03
2.129999999999999449e+00 1.298638176000000044e+01 2.163220551999999770e+03 2.271440399999999954e+03
2.135000000000000231e+00 1.294120271999999972e+01 2.163597044000000096e+03 2.271440399999999954e+03
2.140000000000000124e+00 1.300304615999999847e+01 2.163081682000000001e+03 2.271440399999999954e+03
2.145000000000000018e+00 1.299749135999999794e+01 2.163127971999999772e+03 2.271440399999999954e+03
2.149999999999999911e+00 1.299193655999999919e+01 2.163174261999999999e+03 2.271440399999999954e+03
2.154999999999999805e+00 1.302008087999999830e+01 2.162939726000000064e+03 2.271440399999999954e+03
2.159999999999999698e+00 1.293527759999999915e+01 2.163646420000000035e+03 2.271440399999999954e+03
2.164999999999999591e+00 1.302600599999999886e+01 2.162890350000000126e+03 2.271440399999999954e+03
2.169999999999999485e+00 1.304859551999999923e+01 2.162702103999999963e+03 2.271440399999999954e+03
2.175000000000000266e+00 1.295231231999999899e+01 2.163504464000000098e+03 2.271440399999999954e+03
2.180000000000000160e+00 1.300897127999999903e+01 2.163032306000000062e+03 2.271440399999999954e+03
2.185000000000000053e+00 1.292416799999999810e+01 2.163739000000000033e+03 2.271440399999999954e+03
2.189999999999999947e+00 1.296379224000000008e+01 2.163408797999999933e+03 2.271440399999999954e+03
2.194999999999999840e+00 1.296934703999999883e+01 2.163362508000000162e+03 2.271440399999999954e+03
2.199999999999999734e+00 1.295786711999999952e+01 2.163458173999999872e+03 2.271440399999999954e+03
2.204999999999999627e+00 1.290713327999999827e+01 2.163880955999999969e+03 2.271440399999999954e+03
2.209999999999999520e+00 1.291268807999999879e+01 2.163834665999999743e+03 2.271440399999999954e+03
2.214999999999999414e+00 1.295231231999999899e+01 2.163504464000000098e+03 2.271440399999999954e+03
2.220000000000000195e+00 1.300897127999999903e+01 2.163032306000000062e+03 2.271440399999999954e+03
2.225000000000000089e+00 1.294675751999999846e+01 2.163550753999999870e+03 2.271440399999999954e+03
2.229999999999999982e+00 1.300897127999999903e+01 2.163032306000000062e+03 2.271440399999999954e+03
2.234999999999999876e+00 1.298638176000000044e+01 2.163220551999999770e+03 2.271440399999999954e+03
2.239999999999999769e+00 1.299749135999999794e+01 2.163127971999999772e+03 2.271440399999999954e+03
2.244999999999999662e+00 1.300304615999999847e+01 2.163081682000000001e+03 2.271440399999999954e+03
2.249999999999999556e+00 1.291861319999999935e+01 2.163785289999999804e+03 2.271440399999999954e+03
2.254999999999999449e+00 1.294675751999999846e+01 2.163550753999999870e+03 2.271440399999999954e+03
2.260000000000000231e+00 1.285639943999999879e+01 2.164303738000000067e+03 2.271440399999999954e+03
2.265000000000000124e+00 1.290713327999999827e+01 2.163880955999999969e+03 2.271440399999999954e+03
2.270000000000000018e+00 1.295786711999999952e+01 2.163458173999999872e+03 2.271440399999999954e+03
2.274999999999999911e+00 1.285639943999999879e+01 2.164303738000000067e+03 2.271440399999999954e+03
2.279999999999999805e+00 1.291861319999999935e+01 2.163785289999999804e+03 2.271440399999999954e+03
2.284999999999999698e+00 1.284491951999999948e+01 2.164399403999999777e+03 2.271440399999999954e+03
2.289999999999999591e+00 1.283380991999999843e+01 2.164491983999999775e+03 2.271440399999999954e+03
2.294999999999999485e+00 1.282232999999999912e+01 2.164587649999999940e+03 2.271440399999999954e+03
2.300000000000000266e+00 1.281122039999999807e+01 2.164680229999999938e+03 2.271440399999999954e+03
2.305000000000000160e+00 1.284491951999999948e+01 2.164399403999999777e+03 2.271440399999999954e+03
2.310000000000000053e+00 1.279974047999999875e+01 2.164775896000000103e+03 2.271440399999999954e+03
2.314999999999999947e+00 1.291268807999999879e+01 2.163834665999999743e+03 2.271440399999999954e+03
2.319999999999999840e+00 1.295786711999999952e+01 2.163458173999999872e+03 2.271440399999999954e+03
2.324999999999999734e+00 1.283936471999999895e+01 2.164445694000000003e+03 2.271440399999999954e+03
2.329999999999999627e+00 1.286750903999999807e+01 2.164211158000000069e+03 2.271440399999999954e+03
2.334999999999999520e+00 1.282788479999999964e+01 2.164541360000000168e+03 2.271440399999999954e+03
2.339999999999999414e+00 1.275456143999999803e+01 2.165152387999999974e+03 2.271440399999999954e+03
2.345000000000000195e+00 1.280529527999999928e+01 2.164729605999999876e+03 2.271440399999999954e+03
2.350000000000000089e+00 1.281122039999999807e+01 2.164680229999999938e+03 2.271440399999999954e+03
2.354999999999999982e+00 1.282232999999999912e+01 2.164587649999999940e+03 2.271440399999999954e+03
2.359999999999999876e+00 1.281677519999999859e+01 2.164633940000000166e+03 2.271440399999999954e+03
2.364999999999999769e+00 1.277715095999999839e+01 2.164964141999999811e+03 2.271440399999999954e+03
2.369999999999999662e+00 1.277715095999999839e+01 2.164964141999999811e+03 2.271440399999999954e+03
2.374999999999999556e+00 1.277159615999999787e+01 2.165010432000000037e+03 2.271440399999999954e+03
2.379999999999999449e+00 1.286195423999999932e+01 2.164257447999999840e+03 2.271440399999999954e+03
2.385000000000000231e+00 1.280529527999999928e+01 2.164729605999999876e+03 2.271440399999999954e+03
2.390000000000000124e+00 1.278863087999999770e+01 2.164868476000000101e+03 2.271440399999999954e+03
2.395000000000000018e+00 1.283380991999999843e+01 2.164491983999999775e+03 2.271440399999999954e+03
2.399999999999999911e+00 1.281122039999999807e+01 2.164680229999999938e+03 2.271440399999999954e+03
2.404999999999999805e+00 1.282788479999999964e+01 2.164541360000000168e+03 2.271440399999999954e+03
2.409999999999999698e+00 1.277715095999999839e+01 2.164964141999999811e+03 2.271440399999999954e+03
2.414999999999999591e+00 1.274900663999999928e+01 2.165198677999999745e+03 2.271440399999999954e+03
2.419999999999999485e+00 1.277715095999999839e+01 2.164964141999999811e+03 2.271440399999999954e+03
2.425000000000000266e+00 1.281122039999999807e+01 2.164680229999999938e+03 2.271440399999999954e+03
2.430000000000000160e+00 1.287306383999999859e+01 2.164164867999999842e+03 2.271440399999999954e+03
2.435000000000000053e+00 1.278863087999999770e+01 2.164868476000000101e+03 2.271440399999999954e+03
2.439999999999999947e+00 1.273197191999999944e+01 2.165340634000000136e+03 2.271440399999999954e+03
2.444999999999999840e+00 1.273197191999999944e+01 2.165340634000000136e+03 2.271440399999999954e+03
2.449999999999999734e+00 1.278270575999999892e+01 2.164917852000000039e+03 2.271440399999999954e+03
2.454999999999999627e+00 1.273752671999999997e+01 2.165294343999999910e+03 2.271440399999999954e+03
2.459999999999999520e+00 1.270382759999999855e+01 2.165575170000000071e+03 2.271440399999999954e+03
2.464999999999999414e+00 1.264161383999999799e+01 2.166093617999999879e+03 2.271440399999999954e+03
2.470000000000000195e+00 1.272641711999999892e+01 2.165386923999999908e+03 2.271440399999999954e+03
2.475000000000000089e+00 1.279418567999999823e+01 2.164822185999999874e+03 2.271440399999999954e+03
2.479999999999999982e+00 1.281122039999999807e+01 2.164680229999999938e+03 2.271440399999999954e+03
2.484999999999999876e+00 1.270938239999999908e+01 2.165528879999999845e+03 2.271440399999999954e+03
2.489999999999999769e+00 1.274345183999999875e+01 2.165244967999999972e+03 2.271440399999999954e+03
2.494999999999999662e+00 1.270938239999999908e+01 2.165528879999999845e+03 2.271440399999999954e+03
2.499999999999999556e+00 1.266975815999999888e+01 2.165859081999999944e+03 2.271440399999999954e+03
2.504999999999999449e+00 1.270938239999999908e+01 2.165528879999999845e+03 2.271440399999999954e+03
2.510000000000000231e+00 1.266420335999999836e+01 2.165905372000000170e+03 2.271440399999999954e+03
2.515000000000000124e+00 1.266975815999999888e+01 2.165859081999999944e+03 2.271440399999999954e+03
2.520000000000000018e+00 1.269790247999999977e+01 2.165624546000000009e+03 2.271440399999999954e+03
2.524999999999999911e+00 1.263605903999999924e+01 2.166139908000000105e+03 2.271440399999999954e+03
2.529999999999999805e+00 1.266420335999999836e+01 2.165905372000000170e+03 2.271440399999999954e+03
2.534999999999999698e+00 1.264161383999999799e+01 2.166093617999999879e+03 2.271440399999999954e+03
2.539999999999999591e+00 1.266975815999999888e+01 2.165859081999999944e+03 2.271440399999999954e+03
2.544999999999999485e+00 1.268123807999999819e+01 2.165763415999999779e+03 2.271440399999999954e+03
2.550000000000000266e+00 1.265864855999999783e+01 2.165951661999999942e+03 2.271440399999999954e+03
2.555000000000000160e+00 1.265864855999999783e+01 2.165951661999999942e+03 2.271440399999999954e+03
2.560000000000000053e+00 1.262457911999999993e+01 2.166235573999999815e+03 2.271440399999999954e+03
2.564999999999999947e+00 1.270938239999999908e+01 2.165528879999999845e+03 2.271440399999999954e+03
2.569999999999999840e+00 1.272049200000000013e+01 2.165436299999999846e+03 2.271440399999999954e+03
2.574999999999999734e+00 1.264716863999999852e+01 2.166047328000000107e+03 2.271440399999999954e+03
2.579999999999999627e+00 1.266420335999999836e+01 2.165905372000000170e+03 2.271440399999999954e+03
2.584999999999999520e+00 1.265272343999999904e+01 2.166001037999999880e+03 2.271440399999999954e+03
2.589999999999999414e+00 1.264716863999999852e+01 2.166047328000000107e+03 2.271440399999999954e+03
2.595000000000000195e+00 1.261346951999999888e+01 2.166328153999999813e+03 2.271440399999999954e+03
2.600000000000000089e+00 1.252274111999999917e+01 2.167084224000000177e+03 2.271440399999999954e+03
2.604999999999999982e+00 1.260198959999999957e+01 2.166423819999999978e+03 2.271440399999999954e+03
2.609999999999999876e+00 1.255681055999999884e+01 2.166800311999999849e+03 2.271440399999999954e+03
2.614999999999999769e+00 1.263605903999999924e+01 2.166139908000000105e+03 2.271440399999999954e+03
2.619999999999999662e+00 1.258495487999999973e+01 2.166565775999999914e+03 2.271440399999999954e+03
2.624999999999999556e+00 1.260754440000000010e+01 2.166377529999999751e+03 2.271440399999999954e+03
2.629999999999999449e+00 1.258495487999999973e+01 2.166565775999999914e+03 2.271440399999999954e+03
2.635000000000000231e+00 1.261902431999999941e+01 2.166281864000000041e+03 2.271440399999999954e+03
2.640000000000000124e+00 1.258495487999999973e+01 2.166565775999999914e+03 2.271440399999999954e+03
2.645000000000000018e+00 1.253977583999999901e+01 2.166942267999999785e+03 2.271440399999999954e+03
2.649999999999999911e+00 1.257940007999999921e+01 2.166612066000000141e+03 2.271440399999999954e+03
2.654999999999999805e+00 1.264161383999999799e+01 2.166093617999999879e+03 2.271440399999999954e+03
2.659999999999999698e+00 1.254533063999999953e+01 2.166895978000000014e+03 2.271440399999999954e+03
2.664999999999999591e+00 1.255125575999999832e+01 2.166846602000000075e+03 2.271440399999999954e+03
2.669999999999999485e+00 1.255681055999999884e+01 2.166800311999999849e+03 2.271440399999999954e+03
2.675000000000000266e+00 1.247200727999999970e+01 2.167507005999999819e+03 2.271440399999999954e+03
2.680000000000000160e+00 1.253422103999999848e+01 2.166988558000000012e+03 2.271440399999999954e+03
2.685000000000000053e+00 1.252866623999999796e+01 2.167034847999999783e+03 2.271440399999999954e+03
2.689999999999999947e+00 1.256236535999999937e+01 2.166754022000000077e+03 2.271440399999999954e+03
2.694999999999999840e+00 1.256792015999999990e+01 2.166707731999999851e+03 2.271440399999999954e+03
2.699999999999999734e+00 1.251718631999999864e+01 2.167130513999999948e+03 2.271440399999999954e+03
2.704999999999999627e+00 1.257940007999999921e+01 2.166612066000000141e+03 2.271440399999999954e+03
2.709999999999999520e+00 1.244941775999999933e+01 2.167695251999999982e+03 2.271440399999999954e+03
2.714999999999999414e+00 1.256236535999999937e+01 2.166754022000000077e+03 2.271440399999999954e+03
2.720000000000000195e+00 1.252274111999999917e+01 2.167084224000000177e+03 2.271440399999999954e+03
2.725000000000000089e+00 1.248904199999999953e+01 2.167365049999999883e+03 2.271440399999999954e+03
2.729999999999999982e+00 1.253977583999999901e+01 2.166942267999999785e+03 2.271440399999999954e+03
2.734999999999999876e+00 1.250015160000000058e+01 2.167272469999999885e+03 2.271440399999999954e+03
2.739999999999999769e+00 1.252274111999999917e+01 2.167084224000000177e+03 2.271440399999999954e+03
2.744999999999999662e+00 1.244941775999999933e+01 2.167695251999999982e+03 2.271440399999999954e+03
2.749999999999999556e+00 1.244941775999999933e+01 2.167695251999999982e+03 2.271440399999999954e+03
2.754999999999999449e+00 1.247756208000000022e+01 2.167460716000000048e+03 2.271440399999999954e+03
2.760000000000000231e+00 1.250607671999999937e+01 2.167223093999999946e+03 2.271440399999999954e+03
2.765000000000000124e+00 1.248348719999999901e+01 2.167411340000000109e+03 2.271440399999999954e+03
2.770000000000000018e+00 1.247200727999999970e+01 2.167507005999999819e+03 2.271440399999999954e+03
2.774999999999999911e+00 1.249459680000000006e+01 2.167318760000000111e+03 2.271440399999999954e+03
2.779999999999999805e+00 1.244941775999999933e+01 2.167695251999999982e+03 2.271440399999999954e+03
2.784999999999999698e+00 1.244941775999999933e+01 2.167695251999999982e+03 2.271440399999999954e+03
2.789999999999999591e+00 1.247200727999999970e+01 2.167507005999999819e+03 2.271440399999999954e+03
2.794999999999999485e+00 1.247756208000000022e+01 2.167460716000000048e+03 2.271440399999999954e+03
2.800000000000000266e+00 1.242682823999999897e+01 2.167883498000000145e+03 2.271440399999999954e+03
2.805000000000000160e+00 1.245497255999999986e+01 2.167648961999999756e+03 2.271440399999999954e+03
2.810000000000000053e+00 1.248348719999999901e+01 2.167411340000000109e+03 2.271440399999999954e+03
2.814999999999999947e+00 1.251163151999999990e+01 2.167176803999999720e+03 2.271440399999999954e+03
2.819999999999999840e+00 1.250607671999999937e+01 2.167223093999999946e+03 2.271440399999999954e+03
2.824999999999999734e+00 1.250607671999999937e+01 2.167223093999999946e+03 2.271440399999999954e+03
2.829999999999999627e+00 1.248904199999999953e+01 2.167365049999999883e+03 2.271440399999999954e+03
2.834999999999999520e+00 1.244941775999999933e+01 2.167695251999999982e+03 2.271440399999999954e+03
2.839999999999999414e+00 1.240979351999999913e+01 2.168025454000000082e+03 2.271440399999999954e+03
2.845000000000000195e+00 1.239275879999999752e+01 2.168167410000000018e+03 2.271440399999999954e+03
2.850000000000000089e+00 1.246089767999999864e+01 2.167599585999999817e+03 2.271440399999999954e+03
2.854999999999999982e+00 1.248904199999999953e+01 2.167365049999999883e+03 2.271440399999999954e+03
2.859999999999999876e+00 1.246645247999999917e+01 2.167553296000000046e+03 2.271440399999999954e+03
2.864999999999999769e+00 1.248348719999999901e+01 2.167411340000000109e+03 2.271440399999999954e+03
2.869999999999999662e+00 1.250015160000000058e+01 2.167272469999999885e+03 2.271440399999999954e+03
2.874999999999999556e+00 1.247200727999999970e+01 2.167507005999999819e+03 2.271440399999999954e+03
2.879999999999999449e+00 1.246089767999999864e+01 2.167599585999999817e+03 2.271440399999999954e+03
2.885000000000000231e+00 1.243793783999999825e+01 2.167790918000000147e+03 2.271440399999999954e+03
2.890000000000000124e+00 1.252274111999999917e+01 2.167084224000000177e+03 2.271440399999999954e+03
2.895000000000000018e+00 1.248348719999999901e+01 2.167411340000000109e+03 2.271440399999999954e+03
2.899999999999999911e+00 1.242127343999999844e+01 2.167929787999999917e+03 2.271440399999999954e+03
2.904999999999999805e+00 1.240423871999999861e+01 2.168071743999999853e+03 2.271440399999999954e+03
2.909999999999999698e+00 1.240423871999999861e+01 2.168071743999999853e+03 2.271440399999999954e+03
2.914999999999999591e+00 1.237609439999999950e+01 2.168306279999999788e+03 2.271440399999999954e+03
2.919999999999999485e+00 1.237609439999999950e+01 2.168306279999999788e+03 2.271440399999999954e+03
2.925000000000000266e+00 1.239275879999999752e+01 2.168167410000000018e+03 2.271440399999999954e+03
2.930000000000000160e+00 1.245497255999999986e+01 2.167648961999999756e+03 2.271440399999999954e+03
2.935000000000000053e+00 1.244941775999999933e+01 2.167695251999999982e+03 2.271440399999999954e+03
2.939999999999999947e+00 1.243793783999999825e+01 2.167790918000000147e+03 2.271440399999999954e+03
2.944999999999999840e+00 1.235905967999999966e+01 2.168448236000000179e+03 2.271440399999999954e+03
2.949999999999999734e+00 1.242682823999999897e+01 2.167883498000000145e+03 2.271440399999999954e+03
2.954999999999999627e+00 1.236461447999999841e+01 2.168401945999999953e+03 2.271440399999999954e+03
2.959999999999999520e+00 1.239275879999999752e+01 2.168167410000000018e+03 2.271440399999999954e+03
2.964999999999999414e+00 1.239868391999999986e+01 2.168118034000000080e+03 2.271440399999999954e+03
2.970000000000000195e+00 1.238720400000000055e+01 2.168213699999999790e+03 2.271440399999999954e+03
2.975000000000000089e+00 1.240423871999999861e+01 2.168071743999999853e+03 2.271440399999999954e+03
2.979999999999999982e+00 1.238164920000000002e+01 2.168259990000000016e+03 2.271440399999999954e+03
2.984999999999999876e+00 1.231388063999999893e+01 2.168824728000000050e+03 2.271440399999999954e+03
2.989999999999999769e+00 1.227981119999999748e+01 2.169108639999999923e+03 2.271440399999999954e+03
2.994999999999999662e+00 1.233647015999999930e+01 2.168636481999999887e+03 2.271440399999999954e+03
2.999999999999999556e+00 1.235350487999999913e+01 2.168494525999999951e+03 2.271440399999999954e+03
3.004999999999999449e+00 1.232499023999999821e+01 2.168732148000000052e+03 2.271440399999999954e+03
3.010000000000000231e+00 1.235905967999999966e+01 2.168448236000000179e+03 2.271440399999999954e+03
3.015000000000000124e+00 1.235350487999999913e+01 2.168494525999999951e+03 2.271440399999999954e+03
3.020000000000000018e+00 1.233647015999999930e+01 2.168636481999999887e+03 2.271440399999999954e+03
3.024999999999999911e+00 1.239868391999999986e+01 2.168118034000000080e+03 2.271440399999999954e+03
3.029999999999999805e+00 1.233647015999999930e+01 2.168636481999999887e+03 2.271440399999999954e+03
3.034999999999999698e+00 1.234757975999999857e+01 2.168543901999999889e+03 2.271440399999999954e+03
3.039999999999999591e+00 1.238720400000000055e+01 2.168213699999999790e+03 2.271440399999999954e+03
3.044999999999999485e+00 1.233091535999999877e+01 2.168682772000000114e+03 2.271440399999999954e+03
3.050000000000000266e+00 1.235905967999999966e+01 2.168448236000000179e+03 2.271440399999999954e+03
3.055000000000000160e+00 1.230240071999999785e+01 2.168920393999999760e+03 2.271440399999999954e+03
3.060000000000000053e+00 1.228536599999999801e+01 2.169062350000000151e+03 2.271440399999999954e+03
3.064999999999999947e+00 1.232499023999999821e+01 2.168732148000000052e+03 2.271440399999999954e+03
3.069999999999999840e+00 1.226870159999999998e+01 2.169201219999999921e+03 2.271440399999999954e+03
3.074999999999999734e+00 1.234757975999999857e+01 2.168543901999999889e+03 2.271440399999999954e+03
3.079999999999999627e+00 1.223463215999999854e+01 2.169485131999999794e+03 2.271440399999999954e+03
3.084999999999999520e+00 1.229684591999999732e+01 2.168966683999999987e+03 2.271440399999999954e+03
3.089999999999999414e+00 1.228536599999999801e+01 2.169062350000000151e+03 2.271440399999999954e+03
3.095000000000000195e+00 1.229129111999999857e+01 2.169012973999999758e+03 2.271440399999999954e+03
3.100000000000000089e+00 1.227981119999999748e+01 2.169108639999999923e+03 2.271440399999999954e+03
3.104999999999999982e+00 1.230240071999999785e+01 2.168920393999999760e+03 2.271440399999999954e+03
3.109999999999999876e+00 1.231388063999999893e+01 2.168824728000000050e+03 2.271440399999999954e+03
3.114999999999999769e+00 1.231943543999999768e+01 2.168778437999999824e+03 2.271440399999999954e+03
3.119999999999999662e+00 1.226870159999999998e+01 2.169201219999999921e+03 2.271440399999999954e+03
3.124999999999999556e+00 1.228536599999999801e+01 2.169062350000000151e+03 2.271440399999999954e+03
3.129999999999999449e+00 1.228536599999999801e+01 2.169062350000000151e+03 2.271440399999999954e+03
3.135000000000000231e+00 1.225722167999999890e+01 2.169296886000000086e+03 2.271440399999999954e+03
3.140000000000000124e+00 1.229684591999999732e+01 2.168966683999999987e+03 2.271440399999999954e+03
3.145000000000000018e+00 1.226277647999999942e+01 2.169250595999999859e+03 2.271440399999999954e+03
3.149999999999999911e+00 1.222352255999999926e+01 2.169577711999999792e+03 2.271440399999999954e+03
3.154999999999999805e+00 1.229684591999999732e+01 2.168966683999999987e+03 2.271440399999999954e+03
3.159999999999999698e+00 1.226277647999999942e+01 2.169250595999999859e+03 2.271440399999999954e+03
3.164999999999999591e+00 1.230240071999999785e+01 2.168920393999999760e+03 2.271440399999999954e+03
3.169999999999999485e+00 1.218945311999999781e+01 2.169861624000000120e+03 2.271440399999999954e+03
3.175000000000000266e+00 1.227425639999999873e+01 2.169154930000000149e+03 2.271440399999999954e+03
3.180000000000000160e+00 1.225722167999999890e+01 2.169296886000000086e+03 2.271440399999999954e+03
3.185000000000000053e+00 1.224018695999999906e+01 2.169438842000000022e+03 2.271440399999999954e+03
3.189999999999999947e+00 1.229684591999999732e+01 2.168966683999999987e+03 2.271440399999999954e+03
3.194999999999999840e+00 1.222907735999999801e+01 2.169531422000000020e+03 2.271440399999999954e+03
3.199999999999999734e+00 1.221204263999999817e+01 2.169673377999999957e+03 2.271440399999999954e+03
3.204999999999999627e+00 1.225722167999999890e+01 2.169296886000000086e+03 2.271440399999999954e+03
3.209999999999999520e+00 1.222352255999999926e+01 2.169577711999999792e+03 2.271440399999999954e+03
3.214999999999999414e+00 1.226277647999999942e+01 2.169250595999999859e+03 2.271440399999999954e+03
3.220000000000000195e+00 1.221759743999999870e+01 2.169627088000000185e+03 2.271440399999999954e+03
3.225000000000000089e+00 1.227981119999999748e+01 2.169108639999999923e+03 2.271440399999999954e+03
3.229999999999999982e+00 1.227981119999999748e+01 2.169108639999999923e+03 2.271440399999999954e+03
3.234999999999999876e+00 1.216686359999999745e+01 2.170049869999999828e+03 2.271440399999999954e+03
3.239999999999999769e+00 1.220648783999999765e+01 2.169719668000000183e+03 2.271440399999999954e+03
3.244999999999999662e+00 1.222352255999999926e+01 2.169577711999999792e+03 2.271440399999999954e+03
3.249999999999999556e+00 1.221204263999999817e+01 2.169673377999999957e+03 2.271440399999999954e+03
3.254999999999999449e+00 1.229129111999999857e+01 2.169012973999999758e+03 2.271440399999999954e+03
3.260000000000000231e+00 1.223463215999999854e+01 2.169485131999999794e+03 2.271440399999999954e+03
3.265000000000000124e+00 1.221204263999999817e+01 2.169673377999999957e+03 2.271440399999999954e+03
3.270000000000000018e+00 1.215538367999999814e+01 2.170145535999999993e+03 2.271440399999999954e+03
3.274999999999999911e+00 1.214982887999999939e+01 2.170191825999999764e+03 2.271440399999999954e+03
3.279999999999999805e+00 1.225166687999999837e+01 2.169343175999999858e+03 2.271440399999999954e+03
3.284999999999999698e+00 1.216686359999999745e+01 2.170049869999999828e+03 2.271440399999999954e+03
3.289999999999999591e+00 1.226277647999999942e+01 2.169250595999999859e+03 2.271440399999999954e+03
3.294999999999999485e+00 1.229129111999999857e+01 2.169012973999999758e+03 2.271440399999999954e+03
3.300000000000000266e+00 1.227981119999999748e+01 2.169108639999999923e+03 2.271440399999999954e+03
3.305000000000000160e+00 1.223463215999999854e+01 2.169485131999999794e+03 2.271440399999999954e+03
3.310000000000000053e+00 1.216130879999999870e+01 2.170096160000000054e+03 2.271440399999999954e+03
3.314999999999999947e+00 1.216686359999999745e+01 2.170049869999999828e+03 2.271440399999999954e+03
3.319999999999999840e+00 1.217834351999999853e+01 2.169954204000000118e+03 2.271440399999999954e+03
3.324999999999999734e+00 1.216130879999999870e+01 2.170096160000000054e+03 2.271440399999999954e+03
3.329999999999999627e+00 1.222907735999999801e+01 2.169531422000000020e+03 2.271440399999999954e+03
3.334999999999999520e+00 1.214982887999999939e+01 2.170191825999999764e+03 2.271440399999999954e+03
3.339999999999999414e+00 1.223463215999999854e+01 2.169485131999999794e+03 2.271440399999999954e+03
3.345000000000000195e+00 1.221759743999999870e+01 2.169627088000000185e+03 2.271440399999999954e+03
3.350000000000000089e+00 1.220093303999999890e+01 2.169765957999999955e+03 2.271440399999999954e+03
3.354999999999999982e+00 1.217834351999999853e+01 2.169954204000000118e+03 2.271440399999999954e+03
3.359999999999999876e+00 1.211612975999999797e+01 2.170472651999999925e+03 2.271440399999999954e+03
3.364999999999999769e+00 1.220093303999999890e+01 2.169765957999999955e+03 2.271440399999999954e+03
3.369999999999999662e+00 1.214427407999999886e+01 2.170238115999999991e+03 2.271440399999999954e+03
3.374999999999999556e+00 1.214982887999999939e+01 2.170191825999999764e+03 2.271440399999999954e+03
3.379999999999999449e+00 1.214427407999999886e+01 2.170238115999999991e+03 2.271440399999999954e+03
3.385000000000000231e+00 1.214982887999999939e+01 2.170191825999999764e+03 2.271440399999999954e+03
3.390000000000000124e+00 1.217834351999999853e+01 2.169954204000000118e+03 2.271440399999999954e+03
3.395000000000000018e+00 1.214982887999999939e+01 2.170191825999999764e+03 2.271440399999999954e+03
3.399999999999999911e+00 1.205947079999999794e+01 2.170944809999999961e+03 2.271440399999999954e+03
3.404999999999999805e+00 1.211020463999999919e+01 2.170522027999999864e+03 2.271440399999999954e+03
3.409999999999999698e+00 1.208761511999999883e+01 2.170710274000000027e+03 2.271440399999999954e+03
3.414999999999999591e+00 1.217834351999999853e+01 2.169954204000000118e+03 2.271440399999999954e+03
3.419999999999999485e+00 1.213871927999999834e+01 2.170284405999999763e+03 2.271440399999999954e+03
3.425000000000000266e+00 1.214982887999999939e+01 2.170191825999999764e+03 2.271440399999999954e+03
3.430000000000000160e+00 1.218945311999999781e+01 2.169861624000000120e+03 2.271440399999999954e+03
3.435000000000000053e+00 1.213279415999999955e+01 2.170333782000000156e+03 2.271440399999999954e+03
3.439999999999999947e+00 1.214982887999999939e+01 2.170191825999999764e+03 2.271440399999999954e+03
3.444999999999999840e+00 1.217241839999999797e+01 2.170003580000000056e+03 2.271440399999999954e+03
3.449999999999999734e+00 1.208206031999999830e+01 2.170756563999999798e+03 2.271440399999999954e+03
3.454999999999999627e+00 1.216686359999999745e+01 2.170049869999999828e+03 2.271440399999999954e+03
3.459999999999999520e+00 1.212723935999999902e+01 2.170380071999999927e+03 2.271440399999999954e+03
3.464999999999999414e+00 1.214982887999999939e+01 2.170191825999999764e+03 2.271440399999999954e+03
3.470000000000000195e+00 1.210464983999999866e+01 2.170568318000000090e+03 2.271440399999999954e+03
3.475000000000000089e+00 1.209354023999999761e+01 2.170660898000000088e+03 2.271440399999999954e+03
3.479999999999999982e+00 1.213279415999999955e+01 2.170333782000000156e+03 2.271440399999999954e+03
3.484999999999999876e+00 1.210464983999999866e+01 2.170568318000000090e+03 2.271440399999999954e+03
3.489999999999999769e+00 1.209909503999999814e+01 2.170614607999999862e+03 2.271440399999999954e+03
3.494999999999999662e+00 1.214427407999999886e+01 2.170238115999999991e+03 2.271440399999999954e+03
3.499999999999999556e+00 1.214982887999999939e+01 2.170191825999999764e+03 2.271440399999999954e+03
3.504999999999999449e+00 1.213279415999999955e+01 2.170333782000000156e+03 2.271440399999999954e+03
3.510000000000000231e+00 1.212723935999999902e+01 2.170380071999999927e+03 2.271440399999999954e+03
3.515000000000000124e+00 1.215538367999999814e+01 2.170145535999999993e+03 2.271440399999999954e+03
3.520000000000000018e+00 1.208761511999999883e+01 2.170710274000000027e+03 2.271440399999999954e+03
3.524999999999999911e+00 1.207650551999999777e+01 2.170802854000000025e+03 2.271440399999999954e+03
3.529999999999999805e+00 1.210464983999999866e+01 2.170568318000000090e+03 2.271440399999999954e+03
3.534999999999999698e+00 1.209354023999999761e+01 2.170660898000000088e+03 2.271440399999999954e+03
3.539999999999999591e+00 1.208761511999999883e+01 2.170710274000000027e+03 2.271440399999999954e+03
3.544999999999999485e+00 1.210464983999999866e+01 2.170568318000000090e+03 2.271440399999999954e+03
3.550000000000000266e+00 1.208761511999999883e+01 2.170710274000000027e+03 2.271440399999999954e+03
3.555000000000000160e+00 1.216130879999999870e+01 2.170096160000000054e+03 2.271440399999999954e+03
3.560000000000000053e+00 1.203688127999999935e+01 2.171133056000000124e+03 2.271440399999999954e+03
3.564999999999999947e+00 1.213871927999999834e+01 2.170284405999999763e+03 2.271440399999999954e+03
3.569999999999999840e+00 1.210464983999999866e+01 2.170568318000000090e+03 2.271440399999999954e+03
3.574999999999999734e+00 1.211612975999999797e+01 2.170472651999999925e+03 2.271440399999999954e+03
3.579999999999999627e+00 1.214427407999999886e+01 2.170238115999999991e+03 2.271440399999999954e+03
3.584999999999999520e+00 1.204243607999999810e+01 2.171086765999999898e+03 2.271440399999999954e+03
3.589999999999999414e+00 1.212723935999999902e+01 2.170380071999999927e+03 2.271440399999999954e+03
3.595000000000000195e+00 1.207650551999999777e+01 2.170802854000000025e+03 2.271440399999999954e+03
3.600000000000000089e+00 1.208761511999999883e+01 2.170710274000000027e+03 2.271440399999999954e+03
3.604999999999999982e+00 1.206502559999999846e+01 2.170898519999999735e+03 2.271440399999999954e+03
3.609999999999999876e+00 1.207650551999999777e+01 2.170802854000000025e+03 2.271440399999999954e+03
3.614999999999999769e+00 1.203688127999999935e+01 2.171133056000000124e+03 2.271440399999999954e+03
3.619999999999999662e+00 1.209354023999999761e+01 2.170660898000000088e+03 2.271440399999999954e+03
3.624999999999999556e+00 1.210464983999999866e+01 2.170568318000000090e+03 2.271440399999999954e+03
3.629999999999999449e+00 1.212723935999999902e+01 2.170380071999999927e+03 2.271440399999999954e+03
3.635000000000000231e+00 1.209909503999999814e+01 2.170614607999999862e+03 2.271440399999999954e+03
3.640000000000000124e+00 1.206502559999999846e+01 2.170898519999999735e+03 2.271440399999999954e+03
3.645000000000000018e+00 1.201984655999999951e+01 2.171275012000000061e+03 2.271440399999999954e+03
3.649999999999999911e+00 1.203132647999999882e+01 2.171179345999999896e+03 2.271440399999999954e+03
3.654999999999999805e+00 1.205391599999999741e+01 2.170991100000000188e+03 2.271440399999999954e+03
3.659999999999999698e+00 1.204836119999999866e+01 2.171037389999999959e+03 2.271440399999999954e+03
3.664999999999999591e+00 1.212168455999999850e+01 2.170426362000000154e+03 2.271440399999999954e+03
3.669999999999999485e+00 1.195207799999999843e+01 2.171839750000000095e+03 2.271440399999999954e+03
3.675000000000000266e+00 1.204836119999999866e+01 2.171037389999999959e+03 2.271440399999999954e+03
3.680000000000000160e+00 1.207650551999999777e+01 2.170802854000000025e+03 2.271440399999999954e+03
3.685000000000000053e+00 1.197466751999999879e+01 2.171651503999999932e+03 2.271440399999999954e+03
3.689999999999999947e+00 1.198614743999999810e+01 2.171555837999999767e+03 2.271440399999999954e+03
3.694999999999999840e+00 1.202540136000000004e+01 2.171228721999999834e+03 2.271440399999999954e+03
3.699999999999999734e+00 1.196911271999999826e+01 2.171697794000000158e+03 2.271440399999999954e+03
3.704999999999999627e+00 1.202540136000000004e+01 2.171228721999999834e+03 2.271440399999999954e+03
3.709999999999999520e+00 1.200281183999999968e+01 2.171416967999999997e+03 2.271440399999999954e+03
3.714999999999999414e+00 1.207650551999999777e+01 2.170802854000000025e+03 2.271440399999999954e+03
3.720000000000000195e+00 1.194096839999999737e+01 2.171932330000000093e+03 2.271440399999999954e+03
3.725000000000000089e+00 1.193504327999999859e+01 2.171981706000000031e+03 2.271440399999999954e+03
3.729999999999999982e+00 1.201984655999999951e+01 2.171275012000000061e+03 2.271440399999999954e+03
3.734999999999999876e+00 1.194652319999999790e+01 2.171886039999999866e+03 2.271440399999999954e+03
3.739999999999999769e+00 1.198614743999999810e+01 2.171555837999999767e+03 2.271440399999999954e+03
3.744999999999999662e+00 1.201984655999999951e+01 2.171275012000000061e+03 2.271440399999999954e+03
3.749999999999999556e+00 1.201984655999999951e+01 2.171275012000000061e+03 2.271440399999999954e+03
3.754999999999999449e+00 1.198614743999999810e+01 2.171555837999999767e+03 2.271440399999999954e+03
3.760000000000000231e+00 1.200873695999999846e+01 2.171367592000000059e+03 2.271440399999999954e+03
3.765000000000000124e+00 1.205391599999999741e+01 2.170991100000000188e+03 2.271440399999999954e+03
3.770000000000000018e+00 1.194096839999999737e+01 2.171932330000000093e+03 2.271440399999999954e+03
3.774999999999999911e+00 1.199725703999999915e+01 2.171463257999999769e+03 2.271440399999999954e+03
3.779999999999999805e+00 1.196355791999999774e+01 2.171744083999999930e+03 2.271440399999999954e+03
3.784999999999999698e+00 1.195763279999999895e+01 2.171793459999999868e+03 2.271440399999999954e+03
3.789999999999999591e+00 1.195763279999999895e+01 2.171793459999999868e+03 2.271440399999999954e+03
3.794999999999999485e+00 1.195763279999999895e+01 2.171793459999999868e+03 2.271440399999999954e+03
3.800000000000000266e+00 1.194652319999999790e+01 2.171886039999999866e+03 2.271440399999999954e+03
3.805000000000000160e+00 1.199170223999999862e+01 2.171509547999999995e+03 2.271440399999999954e+03
3.810000000000000053e+00 1.195207799999999843e+01 2.171839750000000095e+03 2.271440399999999954e+03
3.814999999999999947e+00 1.195207799999999843e+01 2.171839750000000095e+03 2.271440399999999954e+03
3.819999999999999840e+00 1.188430943999999911e+01 2.172404488000000129e+03 2.271440399999999954e+03
3.824999999999999734e+00 1.189578936000000020e+01 2.172308821999999964e+03 2.271440399999999954e+03
3.829999999999999627e+00 1.198022231999999931e+01 2.171605214000000160e+03 2.271440399999999954e+03
3.834999999999999520e+00 1.193504327999999859e+01 2.171981706000000031e+03 2.271440399999999954e+03
3.839999999999999414e+00 1.195763279999999895e+01 2.171793459999999868e+03 2.271440399999999954e+03
3.845000000000000195e+00 1.199170223999999862e+01 2.171509547999999995e+03 2.271440399999999954e+03
3.850000000000000089e+00 1.191245376000000000e+01 2.172169951999999739e+03 2.271440399999999954e+03
3.854999999999999982e+00 1.191245376000000000e+01 2.172169951999999739e+03 2.271440399999999954e+03
3.859999999999999876e+00 1.197466751999999879e+01 2.171651503999999932e+03 2.271440399999999954e+03
3.864999999999999769e+00 1.196911271999999826e+01 2.171697794000000158e+03 2.271440399999999954e+03
3.869999999999999662e+00 1.195207799999999843e+01 2.171839750000000095e+03 2.271440399999999954e+03
3.874999999999999556e+00 1.190134415999999895e+01 2.172262531999999737e+03 2.271440399999999954e+03
3.879999999999999449e+00 1.191837887999999879e+01 2.172120575999999801e+03 2.271440399999999954e+03
3.885000000000000231e+00 1.190689895999999948e+01 2.172216241999999966e+03 2.271440399999999954e+03
3.890000000000000124e+00 1.198614743999999810e+01 2.171555837999999767e+03 2.271440399999999954e+03
3.895000000000000018e+00 1.194096839999999737e+01 2.171932330000000093e+03 2.271440399999999954e+03
3.899999999999999911e+00 1.190689895999999948e+01 2.172216241999999966e+03 2.271440399999999954e+03
3.904999999999999805e+00 1.191837887999999879e+01 2.172120575999999801e+03 2.271440399999999954e+03
3.909999999999999698e+00 1.185023999999999944e+01 2.172688400000000001e+03 2.271440399999999954e+03
3.914999999999999591e+00 1.192393367999999931e+01 2.172074286000000029e+03 2.271440399999999954e+03
3.919999999999999485e+00 1.186727471999999928e+01 2.172546444000000065e+03 2.271440399999999954e+03
3.925000000000000266e+00 1.187282951999999980e+01 2.172500153999999839e+03 2.271440399999999954e+03
3.930000000000000160e+00 1.185023999999999944e+01 2.172688400000000001e+03 2.271440399999999954e+03
3.935000000000000053e+00 1.193504327999999859e+01 2.171981706000000031e+03 2.271440399999999954e+03
3.939999999999999947e+00 1.192948847999999806e+01 2.172027995999999803e+03 2.271440399999999954e+03
3.944999999999999840e+00 1.187875463999999859e+01 2.172450777999999900e+03 2.271440399999999954e+03
3.949999999999999734e+00 1.186727471999999928e+01 2.172546444000000065e+03 2.271440399999999954e+03
3.954999999999999627e+00 1.179395135999999944e+01 2.173157471999999871e+03 2.271440399999999954e+03
3.959999999999999520e+00 1.183357559999999964e+01 2.172827269999999771e+03 2.271440399999999954e+03
3.964999999999999414e+00 1.187282951999999980e+01 2.172500153999999839e+03 2.271440399999999954e+03
3.970000000000000195e+00 1.182765047999999908e+01 2.172876646000000164e+03 2.271440399999999954e+03
3.975000000000000089e+00 1.190689895999999948e+01 2.172216241999999966e+03 2.271440399999999954e+03
3.979999999999999982e+00 1.185023999999999944e+01 2.172688400000000001e+03 2.271440399999999954e+03
3.984999999999999876e+00 1.185023999999999944e+01 2.172688400000000001e+03 2.271440399999999954e+03
3.989999999999999769e+00 1.186727471999999928e+01 2.172546444000000065e+03 2.271440399999999954e+03
3.994999999999999662e+00 1.181654087999999803e+01 2.172969226000000162e+03 2.271440399999999954e+03
3.999999999999999556e+00 1.184468519999999891e+01 2.172734689999999773e+03 2.271440399999999954e+03
4.004999999999999005e+00 1.188430943999999911e+01 2.172404488000000129e+03 2.271440399999999954e+03
4.009999999999999787e+00 1.186727471999999928e+01 2.172546444000000065e+03 2.271440399999999954e+03
4.015000000000000568e+00 1.195207799999999843e+01 2.171839750000000095e+03 2.271440399999999954e+03
4.019999999999999574e+00 1.191245376000000000e+01 2.172169951999999739e+03 2.271440399999999954e+03
4.025000000000000355e+00 1.185023999999999944e+01 2.172688400000000001e+03 2.271440399999999954e+03
4.029999999999999361e+00 1.186727471999999928e+01 2.172546444000000065e+03 2.271440399999999954e+03
4.035000000000000142e+00 1.185616511999999823e+01 2.172639024000000063e+03 2.271440399999999954e+03
4.039999999999999147e+00 1.187282951999999980e+01 2.172500153999999839e+03 2.271440399999999954e+03
4.044999999999999929e+00 1.190689895999999948e+01 2.172216241999999966e+03 2.271440399999999954e+03
4.050000000000000711e+00 1.187875463999999859e+01 2.172450777999999900e+03 2.271440399999999954e+03
4.054999999999999716e+00 1.188986423999999964e+01 2.172358197999999902e+03 2.271440399999999954e+03
4.060000000000000497e+00 1.187282951999999980e+01 2.172500153999999839e+03 2.271440399999999954e+03
4.064999999999999503e+00 1.188430943999999911e+01 2.172404488000000129e+03 2.271440399999999954e+03
4.070000000000000284e+00 1.180506095999999872e+01 2.173064891999999872e+03 2.271440399999999954e+03
4.075000000000001066e+00 1.185616511999999823e+01 2.172639024000000063e+03 2.271440399999999954e+03
4.080000000000000071e+00 1.184468519999999891e+01 2.172734689999999773e+03 2.271440399999999954e+03
4.085000000000000853e+00 1.185023999999999944e+01 2.172688400000000001e+03 2.271440399999999954e+03
4.089999999999999858e+00 1.190134415999999895e+01 2.172262531999999737e+03 2.271440399999999954e+03
4.095000000000000639e+00 1.186171991999999875e+01 2.172592733999999837e+03 2.271440399999999954e+03
4.099999999999999645e+00 1.190689895999999948e+01 2.172216241999999966e+03 2.271440399999999954e+03
4.105000000000000426e+00 1.188986423999999964e+01 2.172358197999999902e+03 2.271440399999999954e+03
4.109999999999999432e+00 1.185616511999999823e+01 2.172639024000000063e+03 2.271440399999999954e+03
4.115000000000000213e+00 1.186727471999999928e+01 2.172546444000000065e+03 2.271440399999999954e+03
4.120000000000000995e+00 1.186727471999999928e+01 2.172546444000000065e+03 2.271440399999999954e+03
4.125000000000000000e+00 1.182765047999999908e+01 2.172876646000000164e+03 2.271440399999999954e+03
4.130000000000000782e+00 1.188430943999999911e+01 2.172404488000000129e+03 2.271440399999999954e+03
4.134999999999999787e+00 1.182765047999999908e+01 2.172876646000000164e+03 2.271440399999999954e+03
4.140000000000000568e+00 1.186727471999999928e+01 2.172546444000000065e+03 2.271440399999999954e+03
4.144999999999999574e+00 1.183913039999999839e+01 2.172780980000000000e+03 2.271440399999999954e+03
4.150000000000000355e+00 1.186727471999999928e+01 2.172546444000000065e+03 2.271440399999999954e+03
4.155000000000001137e+00 1.185023999999999944e+01 2.172688400000000001e+03 2.271440399999999954e+03
4.160000000000000142e+00 1.182209567999999855e+01 2.172922935999999936e+03 2.271440399999999954e+03
4.165000000000000924e+00 1.186171991999999875e+01 2.172592733999999837e+03 2.271440399999999954e+03
4.169999999999999929e+00 1.178247144000000013e+01 2.173253138000000035e+03 2.271440399999999954e+03
4.175000000000000711e+00 1.179395135999999944e+01 2.173157471999999871e+03 2.271440399999999954e+03
4.179999999999999716e+00 1.181654087999999803e+01 2.172969226000000162e+03 2.271440399999999954e+03
4.185000000000000497e+00 1.172025767999999779e+01 2.173771585999999843e+03 2.271440399999999954e+03
4.189999999999999503e+00 1.177136183999999908e+01 2.173345718000000033e+03 2.271440399999999954e+03
4.195000000000000284e+00 1.185023999999999944e+01 2.172688400000000001e+03 2.271440399999999954e+03
4.200000000000001066e+00 1.181654087999999803e+01 2.172969226000000162e+03 2.271440399999999954e+03
4.205000000000000071e+00 1.179950615999999997e+01 2.173111182000000099e+03 2.271440399999999954e+03
4.210000000000000853e+00 1.184468519999999891e+01 2.172734689999999773e+03 2.271440399999999954e+03
4.214999999999999858e+00 1.183357559999999964e+01 2.172827269999999771e+03 2.271440399999999954e+03
4.220000000000000639e+00 1.178247144000000013e+01 2.173253138000000035e+03 2.271440399999999954e+03
4.224999999999999645e+00 1.175988191999999799e+01 2.173441383999999744e+03 2.271440399999999954e+03
4.230000000000000426e+00 1.179395135999999944e+01 2.173157471999999871e+03 2.271440399999999954e+03
4.234999999999999432e+00 1.177136183999999908e+01 2.173345718000000033e+03 2.271440399999999954e+03
4.240000000000000213e+00 1.179950615999999997e+01 2.173111182000000099e+03 2.271440399999999954e+03
4.245000000000000995e+00 1.182209567999999855e+01 2.172922935999999936e+03 2.271440399999999954e+03
4.250000000000000000e+00 1.180506095999999872e+01 2.173064891999999872e+03 2.271440399999999954e+03
4.255000000000000782e+00 1.185023999999999944e+01 2.172688400000000001e+03 2.271440399999999954e+03
4.259999999999999787e+00 1.174877232000000049e+01 2.173533963999999742e+03 2.271440399999999954e+03
4.265000000000000568e+00 1.180506095999999872e+01 2.173064891999999872e+03 2.271440399999999954e+03
4.269999999999999574e+00 1.175988191999999799e+01 2.173441383999999744e+03 2.271440399999999954e+03
4.275000000000000355e+00 1.179395135999999944e+01 2.173157471999999871e+03 2.271440399999999954e+03
4.280000000000001137e+00 1.181098608000000105e+01 2.173015515999999934e+03 2.271440399999999954e+03
4.285000000000000142e+00 1.178839656000000069e+01 2.173203762000000097e+03 2.271440399999999954e+03
4.290000000000000924e+00 1.176580704000000033e+01 2.173392007999999805e+03 2.271440399999999954e+03
4.294999999999999929e+00 1.178247144000000013e+01 2.173253138000000035e+03 2.271440399999999954e+03
4.300000000000000711e+00 1.179395135999999944e+01 2.173157471999999871e+03 2.271440399999999954e+03
4.304999999999999716e+00 1.175988191999999799e+01 2.173441383999999744e+03 2.271440399999999954e+03
4.310000000000000497e+00 1.178247144000000013e+01 2.173253138000000035e+03 2.271440399999999954e+03
4.314999999999999503e+00 1.176580704000000033e+01 2.173392007999999805e+03 2.271440399999999954e+03
4.320000000000000284e+00 1.170914807999999852e+01 2.173864165999999841e+03 2.271440399999999954e+03
4.325000000000001066e+00 1.168655855999999993e+01 2.174052412000000004e+03 2.271440399999999954e+03
4.330000000000000071e+00 1.178247144000000013e+01 2.173253138000000035e+03 2.271440399999999954e+03
4.335000000000000853e+00 1.174284719999999815e+01 2.173583340000000135e+03 2.271440399999999954e+03
4.339999999999999858e+00 1.172025767999999779e+01 2.173771585999999843e+03 2.271440399999999954e+03
4.345000000000000639e+00 1.174284719999999815e+01 2.173583340000000135e+03 2.271440399999999954e+03
4.349999999999999645e+00 1.174284719999999815e+01 2.173583340000000135e+03 2.271440399999999954e+03
4.355000000000000426e+00 1.169211335999999690e+01 2.174006121999999777e+03 2.271440399999999954e+03
4.359999999999999432e+00 1.166952383999999832e+01 2.174194367999999940e+03 2.271440399999999954e+03
4.365000000000000213e+00 1.179395135999999944e+01 2.173157471999999871e+03 2.271440399999999954e+03
4.370000000000000995e+00 1.168655855999999993e+01 2.174052412000000004e+03 2.271440399999999954e+03
4.375000000000000000e+00 1.169211335999999690e+01 2.174006121999999777e+03 2.271440399999999954e+03
4.380000000000000782e+00 1.170359327999999977e+01 2.173910456000000067e+03 2.271440399999999954e+03
4.384999999999999787e+00 1.172618280000000013e+01 2.173722209999999905e+03 2.271440399999999954e+03
4.390000000000000568e+00 1.166952383999999832e+01 2.174194367999999940e+03 2.271440399999999954e+03
4.394999999999999574e+00 1.166952383999999832e+01 2.174194367999999940e+03 2.271440399999999954e+03
4.400000000000000355e+00 1.169211335999999690e+01 2.174006121999999777e+03 2.271440399999999954e+03
4.405000000000001137e+00 1.164693431999999973e+01 2.174382614000000103e+03 2.271440399999999954e+03
4.410000000000000142e+00 1.165248911999999848e+01 2.174336323999999877e+03 2.271440399999999954e+03
4.415000000000000924e+00 1.168100376000000118e+01 2.174098701999999776e+03 2.271440399999999954e+03
4.419999999999999929e+00 1.169211335999999690e+01 2.174006121999999777e+03 2.271440399999999954e+03
4.425000000000000711e+00 1.169766815999999743e+01 2.173959832000000006e+03 2.271440399999999954e+03
4.429999999999999716e+00 1.164137952000000098e+01 2.174428903999999875e+03 2.271440399999999954e+03
4.435000000000000497e+00 1.166952383999999832e+01 2.174194367999999940e+03 2.271440399999999954e+03
4.439999999999999503e+00 1.169766815999999743e+01 2.173959832000000006e+03 2.271440399999999954e+03
4.445000000000000284e+00 1.157916575999999864e+01 2.174947352000000137e+03 2.271440399999999954e+03
4.450000000000001066e+00 1.163582472000000045e+01 2.174475194000000101e+03 2.271440399999999954e+03
4.455000000000000071e+00 1.162434479999999937e+01 2.174570859999999811e+03 2.271440399999999954e+03
4.460000000000000853e+00 1.168100376000000118e+01 2.174098701999999776e+03 2.271440399999999954e+03
4.464999999999999858e+00 1.165248911999999848e+01 2.174336323999999877e+03 2.271440399999999954e+03
4.470000000000000639e+00 1.166396904000000134e+01 2.174240657999999712e+03 2.271440399999999954e+03
4.474999999999999645e+00 1.165841424000000082e+01 2.174286947999999938e+03 2.271440399999999954e+03
4.480000000000000426e+00 1.162989959999999812e+01 2.174524570000000040e+03 2.271440399999999954e+03
4.484999999999999432e+00 1.157916575999999864e+01 2.174947352000000137e+03 2.271440399999999954e+03
4.490000000000000213e+00 1.163582472000000045e+01 2.174475194000000101e+03 2.271440399999999954e+03
4.495000000000000995e+00 1.152250679999999861e+01 2.175419510000000173e+03 2.271440399999999954e+03
4.500000000000000000e+00 1.165248911999999848e+01 2.174336323999999877e+03 2.271440399999999954e+03
4.505000000000000782e+00 1.154509631999999897e+01 2.175231264000000010e+03 2.271440399999999954e+03
4.509999999999999787e+00 1.155657624000000006e+01 2.175135597999999845e+03 2.271440399999999954e+03
4.515000000000000568e+00 1.160175527999999900e+01 2.174759105999999974e+03 2.271440399999999954e+03
4.519999999999999574e+00 1.157361096000000167e+01 2.174993641999999909e+03 2.271440399999999954e+03
4.525000000000000355e+00 1.168100376000000118e+01 2.174098701999999776e+03 2.271440399999999954e+03
4.530000000000001137e+00 1.164137952000000098e+01 2.174428903999999875e+03 2.271440399999999954e+03
4.535000000000000142e+00 1.156213104000000058e+01 2.175089308000000074e+03 2.271440399999999954e+03
4.540000000000000924e+00 1.160731007999999775e+01 2.174712816000000203e+03 2.271440399999999954e+03
4.544999999999999929e+00 1.156213104000000058e+01 2.175089308000000074e+03 2.271440399999999954e+03
4.550000000000000711e+00 1.158472055999999917e+01 2.174901061999999911e+03 2.271440399999999954e+03
4.554999999999999716e+00 1.165248911999999848e+01 2.174336323999999877e+03 2.271440399999999954e+03
4.560000000000000497e+00 1.165841424000000082e+01 2.174286947999999938e+03 2.271440399999999954e+03
4.564999999999999503e+00 1.165248911999999848e+01 2.174336323999999877e+03 2.271440399999999954e+03
4.570000000000000284e+00 1.153954152000000022e+01 2.175277553999999782e+03 2.271440399999999954e+03
4.575000000000001066e+00 1.166952383999999832e+01 2.174194367999999940e+03 2.271440399999999954e+03
4.580000000000000071e+00 1.158472055999999917e+01 2.174901061999999911e+03 2.271440399999999954e+03
4.585000000000000853e+00 1.155657624000000006e+01 2.175135597999999845e+03 2.271440399999999954e+03
4.589999999999999858e+00 1.156768583999999755e+01 2.175043017999999847e+03 2.271440399999999954e+03
4.595000000000000639e+00 1.153954152000000022e+01 2.175277553999999782e+03 2.271440399999999954e+03
4.599999999999999645e+00 1.159027535999999792e+01 2.174854772000000139e+03 2.271440399999999954e+03
4.605000000000000426e+00 1.162989959999999812e+01 2.174524570000000040e+03 2.271440399999999954e+03
4.609999999999999432e+00 1.156768583999999755e+01 2.175043017999999847e+03 2.271440399999999954e+03
4.615000000000000213e+00 1.151695199999999986e+01 2.175465799999999945e+03 2.271440399999999954e+03
4.620000000000000995e+00 1.149991728000000002e+01 2.175607755999999881e+03 2.271440399999999954e+03
4.625000000000000000e+00 1.155657624000000006e+01 2.175135597999999845e+03 2.271440399999999954e+03
4.630000000000000782e+00 1.153954152000000022e+01 2.175277553999999782e+03 2.271440399999999954e+03
4.634999999999999787e+00 1.151139719999999933e+01 2.175512090000000171e+03 2.271440399999999954e+03
4.640000000000000568e+00 1.165248911999999848e+01 2.174336323999999877e+03 2.271440399999999954e+03
4.644999999999999574e+00 1.161879000000000062e+01 2.174617150000000038e+03 2.271440399999999954e+03
4.650000000000000355e+00 1.160731007999999775e+01 2.174712816000000203e+03 2.271440399999999954e+03
4.655000000000001137e+00 1.157361096000000167e+01 2.174993641999999909e+03 2.271440399999999954e+03
4.660000000000000142e+00 1.156768583999999755e+01 2.175043017999999847e+03 2.271440399999999954e+03
4.665000000000000924e+00 1.160731007999999775e+01 2.174712816000000203e+03 2.271440399999999954e+03
4.669999999999999929e+00 1.155657624000000006e+01 2.175135597999999845e+03 2.271440399999999954e+03
4.675000000000000711e+00 1.158472055999999917e+01 2.174901061999999911e+03 2.271440399999999954e+03
4.679999999999999716e+00 1.151139719999999933e+01 2.175512090000000171e+03 2.271440399999999954e+03
4.685000000000000497e+00 1.156768583999999755e+01 2.175043017999999847e+03 2.271440399999999954e+03
4.689999999999999503e+00 1.162989959999999812e+01 2.174524570000000040e+03 2.271440399999999954e+03
4.695000000000000284e+00 1.151695199999999986e+01 2.175465799999999945e+03 2.271440399999999954e+03
4.700000000000001066e+00 1.152250679999999861e+01 2.175419510000000173e+03 2.271440399999999954e+03
4.705000000000000071e+00 1.151139719999999933e+01 2.175512090000000171e+03 2.271440399999999954e+03
4.710000000000000853e+00 1.147177295999999913e+01 2.175842291999999816e+03 2.271440399999999954e+03
4.714999999999999858e+00 1.157916575999999864e+01 2.174947352000000137e+03 2.271440399999999954e+03
4.720000000000000639e+00 1.153954152000000022e+01 2.175277553999999782e+03 2.271440399999999954e+03
4.724999999999999645e+00 1.152843191999999917e+01 2.175370133999999780e+03 2.271440399999999954e+03
4.730000000000000426e+00 1.151139719999999933e+01 2.175512090000000171e+03 2.271440399999999954e+03
4.734999999999999432e+00 1.147732775999999966e+01 2.175796002000000044e+03 2.271440399999999954e+03
4.740000000000000213e+00 1.153398671999999969e+01 2.175323844000000008e+03 2.271440399999999954e+03
4.745000000000000995e+00 1.148325287999999844e+01 2.175746626000000106e+03 2.271440399999999954e+03
4.750000000000000000e+00 1.151695199999999986e+01 2.175465799999999945e+03 2.271440399999999954e+03
4.755000000000000782e+00 1.157361096000000167e+01 2.174993641999999909e+03 2.271440399999999954e+03
4.759999999999999787e+00 1.153954152000000022e+01 2.175277553999999782e+03 2.271440399999999954e+03
4.765000000000000568e+00 1.147177295999999913e+01 2.175842291999999816e+03 2.271440399999999954e+03
4.769999999999999574e+00 1.142659392000000018e+01 2.176218784000000142e+03 2.271440399999999954e+03
4.775000000000000355e+00 1.149436247999999949e+01 2.175654046000000108e+03 2.271440399999999954e+03
4.780000000000001137e+00 1.154509631999999897e+01 2.175231264000000010e+03 2.271440399999999954e+03
4.785000000000000142e+00 1.148880767999999897e+01 2.175700335999999879e+03 2.271440399999999954e+03
4.790000000000000924e+00 1.151695199999999986e+01 2.175465799999999945e+03 2.271440399999999954e+03
4.794999999999999929e+00 1.147732775999999966e+01 2.175796002000000044e+03 2.271440399999999954e+03
4.800000000000000711e+00 1.148325287999999844e+01 2.175746626000000106e+03 2.271440399999999954e+03
4.804999999999999716e+00 1.144918344000000054e+01 2.176030537999999979e+03 2.271440399999999954e+03
4.810000000000000497e+00 1.148325287999999844e+01 2.175746626000000106e+03 2.271440399999999954e+03
4.814999999999999503e+00 1.154509631999999897e+01 2.175231264000000010e+03 2.271440399999999954e+03
4.820000000000000284e+00 1.146621815999999860e+01 2.175888582000000042e+03 2.271440399999999954e+03
4.825000000000001066e+00 1.149436247999999949e+01 2.175654046000000108e+03 2.271440399999999954e+03
4.830000000000000071e+00 1.146621815999999860e+01 2.175888582000000042e+03 2.271440399999999954e+03
4.835000000000000853e+00 1.147177295999999913e+01 2.175842291999999816e+03 2.271440399999999954e+03
4.839999999999999858e+00 1.148880767999999897e+01 2.175700335999999879e+03 2.271440399999999954e+03
4.845000000000000639e+00 1.151139719999999933e+01 2.175512090000000171e+03 2.271440399999999954e+03
4.849999999999999645e+00 1.151139719999999933e+01 2.175512090000000171e+03 2.271440399999999954e+03
4.855000000000000426e+00 1.153398671999999969e+01 2.175323844000000008e+03 2.271440399999999954e+03
4.859999999999999432e+00 1.147177295999999913e+01 2.175842291999999816e+03 2.271440399999999954e+03
4.865000000000000213e+00 1.147177295999999913e+01 2.175842291999999816e+03 2.271440399999999954e+03
4.870000000000000995e+00 1.144362864000000002e+01 2.176076827999999750e+03 2.271440399999999954e+03
4.875000000000000000e+00 1.144362864000000002e+01 2.176076827999999750e+03 2.271440399999999954e+03
4.880000000000000782e+00 1.141511400000000087e+01 2.176314449999999852e+03 2.271440399999999954e+03
4.884999999999999787e+00 1.146029303999999804e+01 2.175937957999999981e+03 2.271440399999999954e+03
4.890000000000000568e+00 1.149991728000000002e+01 2.175607755999999881e+03 2.271440399999999954e+03
4.894999999999999574e+00 1.149436247999999949e+01 2.175654046000000108e+03 2.271440399999999954e+03
4.900000000000000355e+00 1.148880767999999897e+01 2.175700335999999879e+03 2.271440399999999954e+03
4.905000000000001137e+00 1.148325287999999844e+01 2.175746626000000106e+03 2.271440399999999954e+03
4.910000000000000142e+00 1.142659392000000018e+01 2.176218784000000142e+03 2.271440399999999954e+03
4.915000000000000924e+00 1.147732775999999966e+01 2.175796002000000044e+03 2.271440399999999954e+03
4.919999999999999929e+00 1.143214872000000071e+01 2.176172493999999915e+03 2.271440399999999954e+03
4.925000000000000711e+00 1.148325287999999844e+01 2.175746626000000106e+03 2.271440399999999954e+03
4.929999999999999716e+00 1.140400439999999982e+01 2.176407029999999850e+03 2.271440399999999954e+03
4.935000000000000497e+00 1.148325287999999844e+01 2.175746626000000106e+03 2.271440399999999954e+03
4.939999999999999503e+00 1.148880767999999897e+01 2.175700335999999879e+03 2.271440399999999954e+03
4.945000000000000284e+00 1.149436247999999949e+01 2.175654046000000108e+03 2.271440399999999954e+03
4.950000000000001066e+00 1.149436247999999949e+01 2.175654046000000108e+03 2.271440399999999954e+03
4.955000000000000071e+00 1.139844959999999929e+01 2.176453320000000076e+03 2.271440399999999954e+03
4.960000000000000853e+00 1.143770351999999946e+01 2.176126204000000143e+03 2.271440399999999954e+03
4.964999999999999858e+00 1.145473823999999929e+01 2.175984247999999752e+03 2.271440399999999954e+03
4.970000000000000639e+00 1.140400439999999982e+01 2.176407029999999850e+03 2.271440399999999954e+03
4.974999999999999645e+00 1.144918344000000054e+01 2.176030537999999979e+03 2.271440399999999954e+03
4.980000000000000426e+00 1.139252448000000051e+01 2.176502696000000014e+03 2.271440399999999954e+03
4.984999999999999432e+00 1.144918344000000054e+01 2.176030537999999979e+03 2.271440399999999954e+03
4.990000000000000213e+00 1.140400439999999982e+01 2.176407029999999850e+03 2.271440399999999954e+03
4.995000000000000995e+00 1.139252448000000051e+01 2.176502696000000014e+03 2.271440399999999954e+03
5.000000000000000000e+00 1.136993496000000015e+01 2.176690942000000177e+03 2.271440399999999954e+03
5.005000000000000782e+00 1.130772119999999958e+01 2.177209389999999985e+03 2.271440399999999954e+03
5.009999999999999787e+00 1.144362864000000002e+01 2.176076827999999750e+03 2.271440399999999954e+03
5.015000000000000568e+00 1.139252448000000051e+01 2.176502696000000014e+03 2.271440399999999954e+03
5.019999999999999574e+00 1.142659392000000018e+01 2.176218784000000142e+03 2.271440399999999954e+03
5.025000000000000355e+00 1.139252448000000051e+01 2.176502696000000014e+03 2.271440399999999954e+03
5.030000000000001137e+00 1.134734543999999978e+01 2.176879187999999886e+03 2.271440399999999954e+03
5.035000000000000142e+00 1.134179063999999926e+01 2.176925478000000112e+03 2.271440399999999954e+03
5.040000000000000924e+00 1.139252448000000051e+01 2.176502696000000014e+03 2.271440399999999954e+03
5.044999999999999929e+00 1.139252448000000051e+01 2.176502696000000014e+03 2.271440399999999954e+03
5.050000000000000711e+00 1.142103911999999966e+01 2.176265073999999913e+03 2.271440399999999954e+03
5.054999999999999716e+00 1.135327056000000034e+01 2.176829811999999947e+03 2.271440399999999954e+03
5.060000000000000497e+00 1.138141487999999946e+01 2.176595276000000013e+03 2.271440399999999954e+03
5.064999999999999503e+00 1.138696967999999998e+01 2.176548985999999786e+03 2.271440399999999954e+03
5.070000000000000284e+00 1.138696967999999998e+01 2.176548985999999786e+03 2.271440399999999954e+03
5.075000000000001066e+00 1.143214872000000071e+01 2.176172493999999915e+03 2.271440399999999954e+03
5.080000000000000071e+00 1.138696967999999998e+01 2.176548985999999786e+03 2.271440399999999954e+03
5.085000000000000853e+00 1.139844959999999929e+01 2.176453320000000076e+03 2.271440399999999954e+03
5.089999999999999858e+00 1.142103911999999966e+01 2.176265073999999913e+03 2.271440399999999954e+03
5.095000000000000639e+00 1.142103911999999966e+01 2.176265073999999913e+03 2.271440399999999954e+03
5.099999999999999645e+00 1.146029303999999804e+01 2.175937957999999981e+03 2.271440399999999954e+03
5.105000000000000426e+00 1.143214872000000071e+01 2.176172493999999915e+03 2.271440399999999954e+03
5.109999999999999432e+00 1.142659392000000018e+01 2.176218784000000142e+03 2.271440399999999954e+03
5.115000000000000213e+00 1.138696967999999998e+01 2.176548985999999786e+03 2.271440399999999954e+03
5.120000000000000995e+00 1.135327056000000034e+01 2.176829811999999947e+03 2.271440399999999954e+03
5.125000000000000000e+00 1.142659392000000018e+01 2.176218784000000142e+03 2.271440399999999954e+03
5.130000000000000782e+00 1.137586008000000071e+01 2.176641565999999784e+03 2.271440399999999954e+03
5.134999999999999787e+00 1.131920112000000067e+01 2.177113723999999820e+03 2.271440399999999954e+03
5.140000000000000568e+00 1.138696967999999998e+01 2.176548985999999786e+03 2.271440399999999954e+03
5.144999999999999574e+00 1.136438015999999962e+01 2.176737231999999949e+03 2.271440399999999954e+03
5.150000000000000355e+00 1.134734543999999978e+01 2.176879187999999886e+03 2.271440399999999954e+03
5.155000000000001137e+00 1.136993496000000015e+01 2.176690942000000177e+03 2.271440399999999954e+03
5.160000000000000142e+00 1.131920112000000067e+01 2.177113723999999820e+03 2.271440399999999954e+03
5.165000000000000924e+00 1.136993496000000015e+01 2.176690942000000177e+03 2.271440399999999954e+03
5.169999999999999929e+00 1.130216640000000083e+01 2.177255679999999757e+03 2.271440399999999954e+03
5.175000000000000711e+00 1.131920112000000067e+01 2.177113723999999820e+03 2.271440399999999954e+03
5.179999999999999716e+00 1.131920112000000067e+01 2.177113723999999820e+03 2.271440399999999954e+03
5.185000000000000497e+00 1.135882535999999909e+01 2.176783522000000175e+03 2.271440399999999954e+03
5.189999999999999503e+00 1.134734543999999978e+01 2.176879187999999886e+03 2.271440399999999954e+03
5.195000000000000284e+00 1.130216640000000083e+01 2.177255679999999757e+03 2.271440399999999954e+03
5.200000000000001066e+00 1.136993496000000015e+01 2.176690942000000177e+03 2.271440399999999954e+03
5.205000000000000071e+00 1.128513167999999922e+01 2.177397636000000148e+03 2.271440399999999954e+03
5.210000000000000853e+00 1.133068104000000176e+01 2.177018058000000110e+03 2.271440399999999954e+03
5.214999999999999858e+00 1.140400439999999982e+01 2.176407029999999850e+03 2.271440399999999954e+03
5.220000000000000639e+00 1.131920112000000067e+01 2.177113723999999820e+03 2.271440399999999954e+03
5.224999999999999645e+00 1.136993496000000015e+01 2.176690942000000177e+03 2.271440399999999954e+03
5.230000000000000426e+00 1.131364632000000015e+01 2.177160014000000047e+03 2.271440399999999954e+03
5.234999999999999432e+00 1.130772119999999958e+01 2.177209389999999985e+03 2.271440399999999954e+03
5.240000000000000213e+00 1.136993496000000015e+01 2.176690942000000177e+03 2.271440399999999954e+03
5.245000000000000995e+00 1.138141487999999946e+01 2.176595276000000013e+03 2.271440399999999954e+03
5.250000000000000000e+00 1.136438015999999962e+01 2.176737231999999949e+03 2.271440399999999954e+03
5.255000000000000782e+00 1.134179063999999926e+01 2.176925478000000112e+03 2.271440399999999954e+03
5.259999999999999787e+00 1.133623584000000051e+01 2.176971767999999884e+03 2.271440399999999954e+03
5.265000000000000568e+00 1.136438015999999962e+01 2.176737231999999949e+03 2.271440399999999954e+03
5.269999999999999574e+00 1.133623584000000051e+01 2.176971767999999884e+03 2.271440399999999954e+03
5.275000000000000355e+00 1.131364632000000015e+01 2.177160014000000047e+03 2.271440399999999954e+03
5.280000000000001137e+00 1.133068104000000176e+01 2.177018058000000110e+03 2.271440399999999954e+03
5.285000000000000142e+00 1.132475591999999942e+01 2.177067434000000048e+03 2.271440399999999954e+03
5.290000000000000924e+00 1.130772119999999958e+01 2.177209389999999985e+03 2.271440399999999954e+03
5.294999999999999929e+00 1.131920112000000067e+01 2.177113723999999820e+03 2.271440399999999954e+03
5.300000000000000711e+00 1.135327056000000034e+01 2.176829811999999947e+03 2.271440399999999954e+03
5.304999999999999716e+00 1.132475591999999942e+01 2.177067434000000048e+03 2.271440399999999954e+03
5.310000000000000497e+00 1.129105679999999978e+01 2.177348259999999755e+03 2.271440399999999954e+03
5.314999999999999503e+00 1.130772119999999958e+01 2.177209389999999985e+03 2.271440399999999954e+03
5.320000000000000284e+00 1.129661160000000031e+01 2.177301969999999983e+03 2.271440399999999954e+03
5.325000000000001066e+00 1.127957688000000047e+01 2.177443925999999919e+03 2.271440399999999954e+03
5.330000000000000071e+00 1.131920112000000067e+01 2.177113723999999820e+03 2.271440399999999954e+03
5.335000000000000853e+00 1.125143255999999958e+01 2.177678461999999854e+03 2.271440399999999954e+03
5.339999999999999858e+00 1.128513167999999922e+01 2.177397636000000148e+03 2.271440399999999954e+03
5.345000000000000639e+00 1.122328824000000047e+01 2.177912997999999789e+03 2.271440399999999954e+03
5.349999999999999645e+00 1.130216640000000083e+01 2.177255679999999757e+03 2.271440399999999954e+03
5.355000000000000426e+00 1.129661160000000031e+01 2.177301969999999983e+03 2.271440399999999954e+03
5.359999999999999432e+00 1.125698736000000011e+01 2.177632172000000082e+03 2.271440399999999954e+03
5.365000000000000213e+00 1.129661160000000031e+01 2.177301969999999983e+03 2.271440399999999954e+03
5.370000000000000995e+00 1.130772119999999958e+01 2.177209389999999985e+03 2.271440399999999954e+03
5.375000000000000000e+00 1.131920112000000067e+01 2.177113723999999820e+03 2.271440399999999954e+03
5.380000000000000782e+00 1.133068104000000176e+01 2.177018058000000110e+03 2.271440399999999954e+03
5.384999999999999787e+00 1.122884303999999922e+01 2.177866708000000017e+03 2.271440399999999954e+03
5.390000000000000568e+00 1.122884303999999922e+01 2.177866708000000017e+03 2.271440399999999954e+03
5.394999999999999574e+00 1.125143255999999958e+01 2.177678461999999854e+03 2.271440399999999954e+03
5.400000000000000355e+00 1.123439783999999975e+01 2.177820417999999790e+03 2.271440399999999954e+03
5.405000000000001137e+00 1.127957688000000047e+01 2.177443925999999919e+03 2.271440399999999954e+03
5.410000000000000142e+00 1.127402207999999995e+01 2.177490216000000146e+03 2.271440399999999954e+03
5.415000000000000924e+00 1.129661160000000031e+01 2.177301969999999983e+03 2.271440399999999954e+03
5.419999999999999929e+00 1.127402207999999995e+01 2.177490216000000146e+03 2.271440399999999954e+03
5.425000000000000711e+00 1.132475591999999942e+01 2.177067434000000048e+03 2.271440399999999954e+03
5.429999999999999716e+00 1.132475591999999942e+01 2.177067434000000048e+03 2.271440399999999954e+03
5.435000000000000497e+00 1.125698736000000011e+01 2.177632172000000082e+03 2.271440399999999954e+03
5.439999999999999503e+00 1.125698736000000011e+01 2.177632172000000082e+03 2.271440399999999954e+03
5.445000000000000284e+00 1.122884303999999922e+01 2.177866708000000017e+03 2.271440399999999954e+03
5.450000000000001066e+00 1.129661160000000031e+01 2.177301969999999983e+03 2.271440399999999954e+03
5.455000000000000071e+00 1.125143255999999958e+01 2.177678461999999854e+03 2.271440399999999954e+03
5.460000000000000853e+00 1.131920112000000067e+01 2.177113723999999820e+03 2.271440399999999954e+03
5.464999999999999858e+00 1.133068104000000176e+01 2.177018058000000110e+03 2.271440399999999954e+03
5.470000000000000639e+00 1.121736311999999813e+01 2.177962374000000182e+03 2.271440399999999954e+03
5.474999999999999645e+00 1.125143255999999958e+01 2.177678461999999854e+03 2.271440399999999954e+03
5.480000000000000426e+00 1.124587775999999906e+01 2.177724752000000080e+03 2.271440399999999954e+03
5.484999999999999432e+00 1.131364632000000015e+01 2.177160014000000047e+03 2.271440399999999954e+03
5.490000000000000213e+00 1.131364632000000015e+01 2.177160014000000047e+03 2.271440399999999954e+03
5.495000000000000995e+00 1.129105679999999978e+01 2.177348259999999755e+03 2.271440399999999954e+03
5.500000000000000000e+00 1.130772119999999958e+01 2.177209389999999985e+03 2.271440399999999954e+03
5.505000000000000782e+00 1.121736311999999813e+01 2.177962374000000182e+03 2.271440399999999954e+03
5.509999999999999787e+00 1.123439783999999975e+01 2.177820417999999790e+03 2.271440399999999954e+03
5.515000000000000568e+00 1.128513167999999922e+01 2.177397636000000148e+03 2.271440399999999954e+03
5.519999999999999574e+00 1.124587775999999906e+01 2.177724752000000080e+03 2.271440399999999954e+03
5.525000000000000355e+00 1.129105679999999978e+01 2.177348259999999755e+03 2.271440399999999954e+03
5.530000000000001137e+00 1.120069872000000011e+01 2.178101243999999951e+03 2.271440399999999954e+03
5.535000000000000142e+00 1.124587775999999906e+01 2.177724752000000080e+03 2.271440399999999954e+03
5.540000000000000924e+00 1.125698736000000011e+01 2.177632172000000082e+03 2.271440399999999954e+03
5.544999999999999929e+00 1.121736311999999813e+01 2.177962374000000182e+03 2.271440399999999954e+03
5.550000000000000711e+00 1.125143255999999958e+01 2.177678461999999854e+03 2.271440399999999954e+03
5.554999999999999716e+00 1.118921880000000080e+01 2.178196910000000116e+03 2.271440399999999954e+03
5.560000000000000497e+00 1.125698736000000011e+01 2.177632172000000082e+03 2.271440399999999954e+03
5.564999999999999503e+00 1.122884303999999922e+01 2.177866708000000017e+03 2.271440399999999954e+03
5.570000000000000284e+00 1.121180831999999938e+01 2.178008663999999953e+03 2.271440399999999954e+03
5.575000000000001066e+00 1.121736311999999813e+01 2.177962374000000182e+03 2.271440399999999954e+03
5.580000000000000071e+00 1.121736311999999813e+01 2.177962374000000182e+03 2.271440399999999954e+03
5.585000000000000853e+00 1.122328824000000047e+01 2.177912997999999789e+03 2.271440399999999954e+03
5.589999999999999858e+00 1.120069872000000011e+01 2.178101243999999951e+03 2.271440399999999954e+03
5.595000000000000639e+00 1.126846727999999942e+01 2.177536505999999918e+03 2.271440399999999954e+03
5.599999999999999645e+00 1.130772119999999958e+01 2.177209389999999985e+03 2.271440399999999954e+03
5.605000000000000426e+00 1.125698736000000011e+01 2.177632172000000082e+03 2.271440399999999954e+03
5.609999999999999432e+00 1.123995263999999850e+01 2.177774128000000019e+03 2.271440399999999954e+03
5.615000000000000213e+00 1.129105679999999978e+01 2.177348259999999755e+03 2.271440399999999954e+03
5.620000000000000995e+00 1.124587775999999906e+01 2.177724752000000080e+03 2.271440399999999954e+03
5.625000000000000000e+00 1.129661160000000031e+01 2.177301969999999983e+03 2.271440399999999954e+03
5.630000000000000782e+00 1.118921880000000080e+01 2.178196910000000116e+03 2.271440399999999954e+03
5.634999999999999787e+00 1.123439783999999975e+01 2.177820417999999790e+03 2.271440399999999954e+03
5.640000000000000568e+00 1.121736311999999813e+01 2.177962374000000182e+03 2.271440399999999954e+03
5.644999999999999574e+00 1.119477359999999955e+01 2.178150619999999890e+03 2.271440399999999954e+03
5.650000000000000355e+00 1.127402207999999995e+01 2.177490216000000146e+03 2.271440399999999954e+03
5.655000000000001137e+00 1.126846727999999942e+01 2.177536505999999918e+03 2.271440399999999954e+03
5.660000000000000142e+00 1.127402207999999995e+01 2.177490216000000146e+03 2.271440399999999954e+03
5.665000000000000924e+00 1.124587775999999906e+01 2.177724752000000080e+03 2.271440399999999954e+03
5.669999999999999929e+00 1.122884303999999922e+01 2.177866708000000017e+03 2.271440399999999954e+03
5.675000000000000711e+00 1.133068104000000176e+01 2.177018058000000110e+03 2.271440399999999954e+03
5.679999999999999716e+00 1.126254215999999886e+01 2.177585881999999856e+03 2.271440399999999954e+03
5.685000000000000497e+00 1.126846727999999942e+01 2.177536505999999918e+03 2.271440399999999954e+03
5.689999999999999503e+00 1.123439783999999975e+01 2.177820417999999790e+03 2.271440399999999954e+03
5.695000000000000284e+00 1.119477359999999955e+01 2.178150619999999890e+03 2.271440399999999954e+03
5.700000000000001066e+00 1.126846727999999942e+01 2.177536505999999918e+03 2.271440399999999954e+03
5.705000000000000071e+00 1.122328824000000047e+01 2.177912997999999789e+03 2.271440399999999954e+03
5.710000000000000853e+00 1.123995263999999850e+01 2.177774128000000019e+03 2.271440399999999954e+03
5.714999999999999858e+00 1.127402207999999995e+01 2.177490216000000146e+03 2.271440399999999954e+03
5.720000000000000639e+00 1.120625352000000063e+01 2.178054954000000180e+03 2.271440399999999954e+03
5.724999999999999645e+00 1.122884303999999922e+01 2.177866708000000017e+03 2.271440399999999954e+03
5.730000000000000426e+00 1.119477359999999955e+01 2.178150619999999890e+03 2.271440399999999954e+03
5.734999999999999432e+00 1.126254215999999886e+01 2.177585881999999856e+03 2.271440399999999954e+03
5.740000000000000213e+00 1.118921880000000080e+01 2.178196910000000116e+03 2.271440399999999954e+03
5.745000000000000995e+00 1.113848495999999955e+01 2.178619691999999759e+03 2.271440399999999954e+03
5.750000000000000000e+00 1.123439783999999975e+01 2.177820417999999790e+03 2.271440399999999954e+03
5.755000000000000782e+00 1.118366400000000027e+01 2.178243199999999888e+03 2.271440399999999954e+03
5.759999999999999787e+00 1.118921880000000080e+01 2.178196910000000116e+03 2.271440399999999954e+03
5.765000000000000568e+00 1.124587775999999906e+01 2.177724752000000080e+03 2.271440399999999954e+03
5.769999999999999574e+00 1.117773887999999971e+01 2.178292575999999826e+03 2.271440399999999954e+03
5.775000000000000355e+00 1.118921880000000080e+01 2.178196910000000116e+03 2.271440399999999954e+03
5.780000000000001137e+00 1.119477359999999955e+01 2.178150619999999890e+03 2.271440399999999954e+03
5.785000000000000142e+00 1.125143255999999958e+01 2.177678461999999854e+03 2.271440399999999954e+03
5.790000000000000924e+00 1.117218407999999918e+01 2.178338866000000053e+03 2.271440399999999954e+03
5.794999999999999929e+00 1.116107447999999991e+01 2.178431446000000051e+03 2.271440399999999954e+03
5.800000000000000711e+00 1.121180831999999938e+01 2.178008663999999953e+03 2.271440399999999954e+03
5.804999999999999716e+00 1.121180831999999938e+01 2.178008663999999953e+03 2.271440399999999954e+03
5.810000000000000497e+00 1.121736311999999813e+01 2.177962374000000182e+03 2.271440399999999954e+03
5.814999999999999503e+00 1.120625352000000063e+01 2.178054954000000180e+03 2.271440399999999954e+03
5.820000000000000284e+00 1.115514935999999935e+01 2.178480821999999989e+03 2.271440399999999954e+03
5.825000000000001066e+00 1.117773887999999971e+01 2.178292575999999826e+03 2.271440399999999954e+03
5.830000000000000071e+00 1.113848495999999955e+01 2.178619691999999759e+03 2.271440399999999954e+03
5.835000000000000853e+00 1.114959455999999882e+01 2.178527111999999761e+03 2.271440399999999954e+03
5.839999999999999858e+00 1.114403976000000007e+01 2.178573401999999987e+03 2.271440399999999954e+03
5.845000000000000639e+00 1.112700503999999846e+01 2.178715357999999924e+03 2.271440399999999954e+03
5.849999999999999645e+00 1.120069872000000011e+01 2.178101243999999951e+03 2.271440399999999954e+03
5.855000000000000426e+00 1.116662928000000043e+01 2.178385155999999824e+03 2.271440399999999954e+03
5.859999999999999432e+00 1.115514935999999935e+01 2.178480821999999989e+03 2.271440399999999954e+03
5.865000000000000213e+00 1.114403976000000007e+01 2.178573401999999987e+03 2.271440399999999954e+03
5.870000000000000995e+00 1.110997031999999862e+01 2.178857313999999860e+03 2.271440399999999954e+03
5.875000000000000000e+00 1.107627119999999898e+01 2.179138140000000021e+03 2.271440399999999954e+03
5.880000000000000782e+00 1.104220175999999931e+01 2.179422051999999894e+03 2.271440399999999954e+03
5.884999999999999787e+00 1.110441551999999810e+01 2.178903604000000087e+03 2.271440399999999954e+03
5.890000000000000568e+00 1.113255983999999899e+01 2.178669068000000152e+03 2.271440399999999954e+03
5.894999999999999574e+00 1.116107447999999991e+01 2.178431446000000051e+03 2.271440399999999954e+03
5.900000000000000355e+00 1.118366400000000027e+01 2.178243199999999888e+03 2.271440399999999954e+03
5.905000000000001137e+00 1.112700503999999846e+01 2.178715357999999924e+03 2.271440399999999954e+03
5.910000000000000142e+00 1.112145023999999793e+01 2.178761648000000150e+03 2.271440399999999954e+03
5.915000000000000924e+00 1.114403976000000007e+01 2.178573401999999987e+03 2.271440399999999954e+03
5.919999999999999929e+00 1.105368167999999862e+01 2.179326385999999729e+03 2.271440399999999954e+03
5.925000000000000711e+00 1.108182599999999951e+01 2.179091849999999795e+03 2.271440399999999954e+03
5.929999999999999716e+00 1.117218407999999918e+01 2.178338866000000053e+03 2.271440399999999954e+03
5.935000000000000497e+00 1.121180831999999938e+01 2.178008663999999953e+03 2.271440399999999954e+03
5.939999999999999503e+00 1.113255983999999899e+01 2.178669068000000152e+03 2.271440399999999954e+03
5.945000000000000284e+00 1.112700503999999846e+01 2.178715357999999924e+03 2.271440399999999954e+03
5.950000000000001066e+00 1.117773887999999971e+01 2.178292575999999826e+03 2.271440399999999954e+03
5.955000000000000071e+00 1.110441551999999810e+01 2.178903604000000087e+03 2.271440399999999954e+03
5.960000000000000853e+00 1.105368167999999862e+01 2.179326385999999729e+03 2.271440399999999954e+03
5.964999999999999858e+00 1.107071640000000023e+01 2.179184429999999793e+03 2.271440399999999954e+03
5.970000000000000639e+00 1.112145023999999793e+01 2.178761648000000150e+03 2.271440399999999954e+03
5.974999999999999645e+00 1.114403976000000007e+01 2.178573401999999987e+03 2.271440399999999954e+03
5.980000000000000426e+00 1.114959455999999882e+01 2.178527111999999761e+03 2.271440399999999954e+03
5.984999999999999432e+00 1.117218407999999918e+01 2.178338866000000053e+03 2.271440399999999954e+03
5.990000000000000213e+00 1.108738079999999826e+01 2.179045560000000023e+03 2.271440399999999954e+03
5.995000000000000995e+00 1.104812687999999987e+01 2.179372675999999956e+03 2.271440399999999954e+03
6.000000000000000000e+00 1.110441551999999810e+01 2.178903604000000087e+03 2.271440399999999954e+03
6.005000000000000782e+00 1.105923647999999915e+01 2.179280095999999958e+03 2.271440399999999954e+03
6.009999999999999787e+00 1.113848495999999955e+01 2.178619691999999759e+03 2.271440399999999954e+03
6.015000000000000568e+00 1.116662928000000043e+01 2.178385155999999824e+03 2.271440399999999954e+03
6.019999999999999574e+00 1.112700503999999846e+01 2.178715357999999924e+03 2.271440399999999954e+03
6.025000000000000355e+00 1.107627119999999898e+01 2.179138140000000021e+03 2.271440399999999954e+03
6.030000000000001137e+00 1.108738079999999826e+01 2.179045560000000023e+03 2.271440399999999954e+03
6.035000000000000142e+00 1.117218407999999918e+01 2.178338866000000053e+03 2.271440399999999954e+03
6.040000000000000924e+00 1.113848495999999955e+01 2.178619691999999759e+03 2.271440399999999954e+03
6.044999999999999929e+00 1.111589543999999918e+01 2.178807937999999922e+03 2.271440399999999954e+03
6.050000000000000711e+00 1.114403976000000007e+01 2.178573401999999987e+03 2.271440399999999954e+03
6.054999999999999716e+00 1.112145023999999793e+01 2.178761648000000150e+03 2.271440399999999954e+03
6.060000000000000497e+00 1.121180831999999938e+01 2.178008663999999953e+03 2.271440399999999954e+03
6.064999999999999503e+00 1.112145023999999793e+01 2.178761648000000150e+03 2.271440399999999954e+03
6.070000000000000284e+00 1.112700503999999846e+01 2.178715357999999924e+03 2.271440399999999954e+03
6.075000000000001066e+00 1.112700503999999846e+01 2.178715357999999924e+03 2.271440399999999954e+03
6.080000000000000071e+00 1.105368167999999862e+01 2.179326385999999729e+03 2.271440399999999954e+03
6.085000000000000853e+00 1.116107447999999991e+01 2.178431446000000051e+03 2.271440399999999954e+03
6.089999999999999858e+00 1.116662928000000043e+01 2.178385155999999824e+03 2.271440399999999954e+03
6.095000000000000639e+00 1.112145023999999793e+01 2.178761648000000150e+03 2.271440399999999954e+03
6.099999999999999645e+00 1.110997031999999862e+01 2.178857313999999860e+03 2.271440399999999954e+03
6.105000000000000426e+00 1.109330592000000060e+01 2.178996184000000085e+03 2.271440399999999954e+03
6.109999999999999432e+00 1.105923647999999915e+01 2.179280095999999958e+03 2.271440399999999954e+03
6.115000000000000213e+00 1.110441551999999810e+01 2.178903604000000087e+03 2.271440399999999954e+03
6.120000000000000995e+00 1.101405743999999842e+01 2.179656587999999829e+03 2.271440399999999954e+03
6.125000000000000000e+00 1.115514935999999935e+01 2.178480821999999989e+03 2.271440399999999954e+03
6.130000000000000782e+00 1.109330592000000060e+01 2.178996184000000085e+03 2.271440399999999954e+03
6.134999999999999787e+00 1.109886071999999935e+01 2.178949893999999858e+03 2.271440399999999954e+03
6.140000000000000568e+00 1.109886071999999935e+01 2.178949893999999858e+03 2.271440399999999954e+03
6.144999999999999574e+00 1.107627119999999898e+01 2.179138140000000021e+03 2.271440399999999954e+03
6.150000000000000355e+00 1.118366400000000027e+01 2.178243199999999888e+03 2.271440399999999954e+03
6.155000000000001137e+00 1.105923647999999915e+01 2.179280095999999958e+03 2.271440399999999954e+03
6.160000000000000142e+00 1.108738079999999826e+01 2.179045560000000023e+03 2.271440399999999954e+03
6.165000000000000924e+00 1.110997031999999862e+01 2.178857313999999860e+03 2.271440399999999954e+03
6.169999999999999929e+00 1.106479127999999967e+01 2.179233806000000186e+03 2.271440399999999954e+03
6.175000000000000711e+00 1.108738079999999826e+01 2.179045560000000023e+03 2.271440399999999954e+03
6.179999999999999716e+00 1.104812687999999987e+01 2.179372675999999956e+03 2.271440399999999954e+03
6.185000000000000497e+00 1.114959455999999882e+01 2.178527111999999761e+03 2.271440399999999954e+03
6.189999999999999503e+00 1.109886071999999935e+01 2.178949893999999858e+03 2.271440399999999954e+03
6.195000000000000284e+00 1.106479127999999967e+01 2.179233806000000186e+03 2.271440399999999954e+03
6.200000000000001066e+00 1.113255983999999899e+01 2.178669068000000152e+03 2.271440399999999954e+03
6.205000000000000071e+00 1.104812687999999987e+01 2.179372675999999956e+03 2.271440399999999954e+03
6.210000000000000853e+00 1.111589543999999918e+01 2.178807937999999922e+03 2.271440399999999954e+03
6.214999999999999858e+00 1.113848495999999955e+01 2.178619691999999759e+03 2.271440399999999954e+03
6.220000000000000639e+00 1.107071640000000023e+01 2.179184429999999793e+03 2.271440399999999954e+03
6.224999999999999645e+00 1.113848495999999955e+01 2.178619691999999759e+03 2.271440399999999954e+03
6.230000000000000426e+00 1.104220175999999931e+01 2.179422051999999894e+03 2.271440399999999954e+03
6.234999999999999432e+00 1.109330592000000060e+01 2.178996184000000085e+03 2.271440399999999954e+03
6.240000000000000213e+00 1.114403976000000007e+01 2.178573401999999987e+03 2.271440399999999954e+03
6.245000000000000995e+00 1.103664695999999878e+01 2.179468342000000121e+03 2.271440399999999954e+03
6.250000000000000000e+00 1.112700503999999846e+01 2.178715357999999924e+03 2.271440399999999954e+03
6.255000000000000782e+00 1.109886071999999935e+01 2.178949893999999858e+03 2.271440399999999954e+03
6.259999999999999787e+00 1.107627119999999898e+01 2.179138140000000021e+03 2.271440399999999954e+03
6.265000000000000568e+00 1.112700503999999846e+01 2.178715357999999924e+03 2.271440399999999954e+03
6.269999999999999574e+00 1.099702271999999859e+01 2.179798543999999765e+03 2.271440399999999954e+03
6.275000000000000355e+00 1.109886071999999935e+01 2.178949893999999858e+03 2.271440399999999954e+03
6.280000000000001137e+00 1.107627119999999898e+01 2.179138140000000021e+03 2.271440399999999954e+03
6.285000000000000142e+00 1.110997031999999862e+01 2.178857313999999860e+03 2.271440399999999954e+03
6.290000000000000924e+00 1.104220175999999931e+01 2.179422051999999894e+03 2.271440399999999954e+03
6.294999999999999929e+00 1.104812687999999987e+01 2.179372675999999956e+03 2.271440399999999954e+03
6.300000000000000711e+00 1.107627119999999898e+01 2.179138140000000021e+03 2.271440399999999954e+03
6.304999999999999716e+00 1.105368167999999862e+01 2.179326385999999729e+03 2.271440399999999954e+03
6.310000000000000497e+00 1.110441551999999810e+01 2.178903604000000087e+03 2.271440399999999954e+03
6.314999999999999503e+00 1.107071640000000023e+01 2.179184429999999793e+03 2.271440399999999954e+03
6.320000000000000284e+00 1.105923647999999915e+01 2.179280095999999958e+03 2.271440399999999954e+03
6.325000000000001066e+00 1.109886071999999935e+01 2.178949893999999858e+03 2.271440399999999954e+03
6.330000000000000071e+00 1.105923647999999915e+01 2.179280095999999958e+03 2.271440399999999954e+03
6.335000000000000853e+00 1.107071640000000023e+01 2.179184429999999793e+03 2.271440399999999954e+03
6.339999999999999858e+00 1.110441551999999810e+01 2.178903604000000087e+03 2.271440399999999954e+03
6.345000000000000639e+00 1.103664695999999878e+01 2.179468342000000121e+03 2.271440399999999954e+03
6.349999999999999645e+00 1.108182599999999951e+01 2.179091849999999795e+03 2.271440399999999954e+03
6.355000000000000426e+00 1.107627119999999898e+01 2.179138140000000021e+03 2.271440399999999954e+03
6.359999999999999432e+00 1.106479127999999967e+01 2.179233806000000186e+03 2.271440399999999954e+03
6.365000000000000213e+00 1.107071640000000023e+01 2.179184429999999793e+03 2.271440399999999954e+03
6.370000000000000995e+00 1.105923647999999915e+01 2.179280095999999958e+03 2.271440399999999954e+03
6.375000000000000000e+00 1.108182599999999951e+01 2.179091849999999795e+03 2.271440399999999954e+03
6.380000000000000782e+00 1.106479127999999967e+01 2.179233806000000186e+03 2.271440399999999954e+03
6.384999999999999787e+00 1.105368167999999862e+01 2.179326385999999729e+03 2.271440399999999954e+03
6.390000000000000568e+00 1.111589543999999918e+01 2.178807937999999922e+03 2.271440399999999954e+03
6.394999999999999574e+00 1.108182599999999951e+01 2.179091849999999795e+03 2.271440399999999954e+03
6.400000000000000355e+00 1.108738079999999826e+01 2.179045560000000023e+03 2.271440399999999954e+03
6.405000000000001137e+00 1.106479127999999967e+01 2.179233806000000186e+03 2.271440399999999954e+03
6.410000000000000142e+00 1.104812687999999987e+01 2.179372675999999956e+03 2.271440399999999954e+03
6.415000000000000924e+00 1.105368167999999862e+01 2.179326385999999729e+03 2.271440399999999954e+03
6.419999999999999929e+00 1.107071640000000023e+01 2.179184429999999793e+03 2.271440399999999954e+03
6.425000000000000711e+00 1.112145023999999793e+01 2.178761648000000150e+03 2.271440399999999954e+03
6.429999999999999716e+00 1.107627119999999898e+01 2.179138140000000021e+03 2.271440399999999954e+03
6.435000000000000497e+00 1.108738079999999826e+01 2.179045560000000023e+03 2.271440399999999954e+03
6.439999999999999503e+00 1.110441551999999810e+01 2.178903604000000087e+03 2.271440399999999954e+03
6.445000000000000284e+00 1.109886071999999935e+01 2.178949893999999858e+03 2.271440399999999954e+03
6.450000000000001066e+00 1.114959455999999882e+01 2.178527111999999761e+03 2.271440399999999954e+03
6.455000000000000071e+00 1.105368167999999862e+01 2.179326385999999729e+03 2.271440399999999954e+03
6.460000000000000853e+00 1.105923647999999915e+01 2.179280095999999958e+03 2.271440399999999954e+03
6.464999999999999858e+00 1.111589543999999918e+01 2.178807937999999922e+03 2.271440399999999954e+03
6.470000000000000639e+00 1.107071640000000023e+01 2.179184429999999793e+03 2.271440399999999954e+03
6.474999999999999645e+00 1.113255983999999899e+01 2.178669068000000152e+03 2.271440399999999954e+03
6.480000000000000426e+00 1.102516703999999947e+01 2.179564007999999831e+03 2.271440399999999954e+03
6.484999999999999432e+00 1.106479127999999967e+01 2.179233806000000186e+03 2.271440399999999954e+03
6.490000000000000213e+00 1.101405743999999842e+01 2.179656587999999829e+03 2.271440399999999954e+03
6.495000000000000995e+00 1.107071640000000023e+01 2.179184429999999793e+03 2.271440399999999954e+03
6.500000000000000000e+00 1.105368167999999862e+01 2.179326385999999729e+03 2.271440399999999954e+03
6.505000000000000782e+00 1.100850263999999790e+01 2.179702878000000055e+03 2.271440399999999954e+03
6.509999999999999787e+00 1.113848495999999955e+01 2.178619691999999759e+03 2.271440399999999954e+03
6.515000000000000568e+00 1.103664695999999878e+01 2.179468342000000121e+03 2.271440399999999954e+03
6.519999999999999574e+00 1.101961223999999895e+01 2.179610298000000057e+03 2.271440399999999954e+03
6.525000000000000355e+00 1.109330592000000060e+01 2.178996184000000085e+03 2.271440399999999954e+03
6.530000000000001137e+00 1.109886071999999935e+01 2.178949893999999858e+03 2.271440399999999954e+03
6.535000000000000142e+00 1.109330592000000060e+01 2.178996184000000085e+03 2.271440399999999954e+03
6.540000000000000924e+00 1.105923647999999915e+01 2.179280095999999958e+03 2.271440399999999954e+03
6.544999999999999929e+00 1.104812687999999987e+01 2.179372675999999956e+03 2.271440399999999954e+03
6.550000000000000711e+00 1.110441551999999810e+01 2.178903604000000087e+03 2.271440399999999954e+03
6.554999999999999716e+00 1.101405743999999842e+01 2.179656587999999829e+03 2.271440399999999954e+03
6.560000000000000497e+00 1.107071640000000023e+01 2.179184429999999793e+03 2.271440399999999954e+03
6.564999999999999503e+00 1.105368167999999862e+01 2.179326385999999729e+03 2.271440399999999954e+03
6.570000000000000284e+00 1.108738079999999826e+01 2.179045560000000023e+03 2.271440399999999954e+03
6.575000000000001066e+00 1.110997031999999862e+01 2.178857313999999860e+03 2.271440399999999954e+03
6.580000000000000071e+00 1.107071640000000023e+01 2.179184429999999793e+03 2.271440399999999954e+03
6.585000000000000853e+00 1.113848495999999955e+01 2.178619691999999759e+03 2.271440399999999954e+03
6.589999999999999858e+00 1.102516703999999947e+01 2.179564007999999831e+03 2.271440399999999954e+03
6.595000000000000639e+00 1.097998799999999875e+01 2.179940500000000156e+03 2.271440399999999954e+03
6.599999999999999645e+00 1.108182599999999951e+01 2.179091849999999795e+03 2.271440399999999954e+03
6.605000000000000426e+00 1.093480895999999980e+01 2.180316992000000027e+03 2.271440399999999954e+03
6.609999999999999432e+00 1.104812687999999987e+01 2.179372675999999956e+03 2.271440399999999954e+03
6.615000000000000213e+00 1.098591311999999931e+01 2.179891123999999763e+03 2.271440399999999954e+03
6.620000000000000995e+00 1.097998799999999875e+01 2.179940500000000156e+03 2.271440399999999954e+03
6.625000000000000000e+00 1.103664695999999878e+01 2.179468342000000121e+03 2.271440399999999954e+03
6.630000000000000782e+00 1.099702271999999859e+01 2.179798543999999765e+03 2.271440399999999954e+03
6.634999999999999787e+00 1.109886071999999935e+01 2.178949893999999858e+03 2.271440399999999954e+03
6.640000000000000568e+00 1.099702271999999859e+01 2.179798543999999765e+03 2.271440399999999954e+03
6.644999999999999574e+00 1.099702271999999859e+01 2.179798543999999765e+03 2.271440399999999954e+03
6.650000000000000355e+00 1.101961223999999895e+01 2.179610298000000057e+03 2.271440399999999954e+03
6.655000000000001137e+00 1.100257751999999911e+01 2.179752253999999994e+03 2.271440399999999954e+03
6.660000000000000142e+00 1.102516703999999947e+01 2.179564007999999831e+03 2.271440399999999954e+03
6.665000000000000924e+00 1.104812687999999987e+01 2.179372675999999956e+03 2.271440399999999954e+03
6.669999999999999929e+00 1.096887839999999947e+01 2.180033080000000155e+03 2.271440399999999954e+03
6.675000000000000711e+00 1.103109215999999826e+01 2.179514631999999892e+03 2.271440399999999954e+03
6.679999999999999716e+00 1.094628887999999911e+01 2.180221325999999863e+03 2.271440399999999954e+03
6.685000000000000497e+00 1.105368167999999862e+01 2.179326385999999729e+03 2.271440399999999954e+03
6.689999999999999503e+00 1.094628887999999911e+01 2.180221325999999863e+03 2.271440399999999954e+03
6.695000000000000284e+00 1.101961223999999895e+01 2.179610298000000057e+03 2.271440399999999954e+03
6.700000000000001066e+00 1.104812687999999987e+01 2.179372675999999956e+03 2.271440399999999954e+03
6.705000000000000071e+00 1.099702271999999859e+01 2.179798543999999765e+03 2.271440399999999954e+03
6.710000000000000853e+00 1.099702271999999859e+01 2.179798543999999765e+03 2.271440399999999954e+03
6.714999999999999858e+00 1.099702271999999859e+01 2.179798543999999765e+03 2.271440399999999954e+03
6.720000000000000639e+00 1.094628887999999911e+01 2.180221325999999863e+03 2.271440399999999954e+03
6.724999999999999645e+00 1.101961223999999895e+01 2.179610298000000057e+03 2.271440399999999954e+03
6.730000000000000426e+00 1.097443319999999822e+01 2.179986789999999928e+03 2.271440399999999954e+03
6.734999999999999432e+00 1.104220175999999931e+01 2.179422051999999894e+03 2.271440399999999954e+03
6.740000000000000213e+00 1.103664695999999878e+01 2.179468342000000121e+03 2.271440399999999954e+03
6.745000000000000995e+00 1.101961223999999895e+01 2.179610298000000057e+03 2.271440399999999954e+03
6.750000000000000000e+00 1.102516703999999947e+01 2.179564007999999831e+03 2.271440399999999954e+03
6.755000000000000782e+00 1.099146791999999806e+01 2.179844833999999992e+03 2.271440399999999954e+03
6.759999999999999787e+00 1.105368167999999862e+01 2.179326385999999729e+03 2.271440399999999954e+03
6.765000000000000568e+00 1.101405743999999842e+01 2.179656587999999829e+03 2.271440399999999954e+03
6.769999999999999574e+00 1.101405743999999842e+01 2.179656587999999829e+03 2.271440399999999954e+03
6.775000000000000355e+00 1.101961223999999895e+01 2.179610298000000057e+03 2.271440399999999954e+03
6.780000000000001137e+00 1.096887839999999947e+01 2.180033080000000155e+03 2.271440399999999954e+03
6.785000000000000142e+00 1.099146791999999806e+01 2.179844833999999992e+03 2.271440399999999954e+03
6.790000000000000924e+00 1.101961223999999895e+01 2.179610298000000057e+03 2.271440399999999954e+03
6.794999999999999929e+00 1.097443319999999822e+01 2.179986789999999928e+03 2.271440399999999954e+03
6.800000000000000711e+00 1.095739848000000016e+01 2.180128745999999865e+03 2.271440399999999954e+03
6.804999999999999716e+00 1.099146791999999806e+01 2.179844833999999992e+03 2.271440399999999954e+03
6.810000000000000497e+00 1.101405743999999842e+01 2.179656587999999829e+03 2.271440399999999954e+03
6.814999999999999503e+00 1.101405743999999842e+01 2.179656587999999829e+03 2.271440399999999954e+03
6.820000000000000284e+00 1.099702271999999859e+01 2.179798543999999765e+03 2.271440399999999954e+03
6.825000000000001066e+00 1.096332359999999895e+01 2.180079369999999926e+03 2.271440399999999954e+03
6.830000000000000071e+00 1.095184367999999964e+01 2.180175036000000091e+03 2.271440399999999954e+03
6.835000000000000853e+00 1.097443319999999822e+01 2.179986789999999928e+03 2.271440399999999954e+03
6.839999999999999858e+00 1.089518471999999960e+01 2.180647194000000127e+03 2.271440399999999954e+03
6.845000000000000639e+00 1.097998799999999875e+01 2.179940500000000156e+03 2.271440399999999954e+03
6.849999999999999645e+00 1.104220175999999931e+01 2.179422051999999894e+03 2.271440399999999954e+03
6.855000000000000426e+00 1.096332359999999895e+01 2.180079369999999926e+03 2.271440399999999954e+03
6.859999999999999432e+00 1.097998799999999875e+01 2.179940500000000156e+03 2.271440399999999954e+03
6.865000000000000213e+00 1.094073407999999858e+01 2.180267616000000089e+03 2.271440399999999954e+03
6.870000000000000995e+00 1.095184367999999964e+01 2.180175036000000091e+03 2.271440399999999954e+03
6.875000000000000000e+00 1.095184367999999964e+01 2.180175036000000091e+03 2.271440399999999954e+03
6.880000000000000782e+00 1.096332359999999895e+01 2.180079369999999926e+03 2.271440399999999954e+03
6.884999999999999787e+00 1.094073407999999858e+01 2.180267616000000089e+03 2.271440399999999954e+03
6.890000000000000568e+00 1.090666463999999891e+01 2.180551527999999962e+03 2.271440399999999954e+03
6.894999999999999574e+00 1.098591311999999931e+01 2.179891123999999763e+03 2.271440399999999954e+03
6.900000000000000355e+00 1.094628887999999911e+01 2.180221325999999863e+03 2.271440399999999954e+03
6.905000000000001137e+00 1.096332359999999895e+01 2.180079369999999926e+03 2.271440399999999954e+03
6.910000000000000142e+00 1.092369935999999875e+01 2.180409572000000026e+03 2.271440399999999954e+03
6.915000000000000924e+00 1.100257751999999911e+01 2.179752253999999994e+03 2.271440399999999954e+03
6.919999999999999929e+00 1.092925415999999927e+01 2.180363281999999799e+03 2.271440399999999954e+03
6.925000000000000711e+00 1.096332359999999895e+01 2.180079369999999926e+03 2.271440399999999954e+03
6.929999999999999716e+00 1.092925415999999927e+01 2.180363281999999799e+03 2.271440399999999954e+03
6.935000000000000497e+00 1.093480895999999980e+01 2.180316992000000027e+03 2.271440399999999954e+03
6.939999999999999503e+00 1.090666463999999891e+01 2.180551527999999962e+03 2.271440399999999954e+03
6.945000000000000284e+00 1.096887839999999947e+01 2.180033080000000155e+03 2.271440399999999954e+03
6.950000000000001066e+00 1.090666463999999891e+01 2.180551527999999962e+03 2.271440399999999954e+03
6.955000000000000071e+00 1.090110983999999839e+01 2.180597818000000188e+03 2.271440399999999954e+03
6.960000000000000853e+00 1.094073407999999858e+01 2.180267616000000089e+03 2.271440399999999954e+03
6.964999999999999858e+00 1.094628887999999911e+01 2.180221325999999863e+03 2.271440399999999954e+03
6.970000000000000639e+00 1.093480895999999980e+01 2.180316992000000027e+03 2.271440399999999954e+03
6.974999999999999645e+00 1.097998799999999875e+01 2.179940500000000156e+03 2.271440399999999954e+03
6.980000000000000426e+00 1.096332359999999895e+01 2.180079369999999926e+03 2.271440399999999954e+03
6.984999999999999432e+00 1.094073407999999858e+01 2.180267616000000089e+03 2.271440399999999954e+03
6.990000000000000213e+00 1.090110983999999839e+01 2.180597818000000188e+03 2.271440399999999954e+03
6.995000000000000995e+00 1.095184367999999964e+01 2.180175036000000091e+03 2.271440399999999954e+03
7.000000000000000000e+00 1.092925415999999927e+01 2.180363281999999799e+03 2.271440399999999954e+03
7.005000000000000782e+00 1.090110983999999839e+01 2.180597818000000188e+03 2.271440399999999954e+03
7.009999999999999787e+00 1.096332359999999895e+01 2.180079369999999926e+03 2.271440399999999954e+03
7.015000000000000568e+00 1.090666463999999891e+01 2.180551527999999962e+03 2.271440399999999954e+03
7.019999999999999574e+00 1.093480895999999980e+01 2.180316992000000027e+03 2.271440399999999954e+03
7.025000000000000355e+00 1.093480895999999980e+01 2.180316992000000027e+03 2.271440399999999954e+03
7.030000000000001137e+00 1.092369935999999875e+01 2.180409572000000026e+03 2.271440399999999954e+03
7.035000000000000142e+00 1.093480895999999980e+01 2.180316992000000027e+03 2.271440399999999954e+03
7.040000000000000924e+00 1.088407511999999855e+01 2.180739774000000125e+03 2.271440399999999954e+03
7.044999999999999929e+00 1.090110983999999839e+01 2.180597818000000188e+03 2.271440399999999954e+03
7.050000000000000711e+00 1.089518471999999960e+01 2.180647194000000127e+03 2.271440399999999954e+03
7.054999999999999716e+00 1.094073407999999858e+01 2.180267616000000089e+03 2.271440399999999954e+03
7.060000000000000497e+00 1.098591311999999931e+01 2.179891123999999763e+03 2.271440399999999954e+03
7.064999999999999503e+00 1.096887839999999947e+01 2.180033080000000155e+03 2.271440399999999954e+03
7.070000000000000284e+00 1.092369935999999875e+01 2.180409572000000026e+03 2.271440399999999954e+03
7.074999999999999289e+00 1.093480895999999980e+01 2.180316992000000027e+03 2.271440399999999954e+03
7.079999999999998295e+00 1.086148559999999819e+01 2.180928019999999833e+03 2.271440399999999954e+03
7.085000000000000853e+00 1.095184367999999964e+01 2.180175036000000091e+03 2.271440399999999954e+03
7.089999999999999858e+00 1.087852031999999802e+01 2.180786063999999897e+03 2.271440399999999954e+03
7.094999999999998863e+00 1.096887839999999947e+01 2.180033080000000155e+03 2.271440399999999954e+03
7.099999999999997868e+00 1.099702271999999859e+01 2.179798543999999765e+03 2.271440399999999954e+03
7.105000000000000426e+00 1.090666463999999891e+01 2.180551527999999962e+03 2.271440399999999954e+03
7.109999999999999432e+00 1.100257751999999911e+01 2.179752253999999994e+03 2.271440399999999954e+03
7.114999999999998437e+00 1.098591311999999931e+01 2.179891123999999763e+03 2.271440399999999954e+03
7.120000000000000995e+00 1.099146791999999806e+01 2.179844833999999992e+03 2.271440399999999954e+03
7.125000000000000000e+00 1.096332359999999895e+01 2.180079369999999926e+03 2.271440399999999954e+03
7.129999999999999005e+00 1.088962991999999907e+01 2.180693483999999899e+03 2.271440399999999954e+03
7.134999999999998010e+00 1.093480895999999980e+01 2.180316992000000027e+03 2.271440399999999954e+03
7.140000000000000568e+00 1.092925415999999927e+01 2.180363281999999799e+03 2.271440399999999954e+03
7.144999999999999574e+00 1.095739848000000016e+01 2.180128745999999865e+03 2.271440399999999954e+03
7.149999999999998579e+00 1.091814455999999822e+01 2.180455861999999797e+03 2.271440399999999954e+03
7.155000000000001137e+00 1.090110983999999839e+01 2.180597818000000188e+03 2.271440399999999954e+03
7.160000000000000142e+00 1.091221943999999944e+01 2.180505237999999736e+03 2.271440399999999954e+03
7.164999999999999147e+00 1.092369935999999875e+01 2.180409572000000026e+03 2.271440399999999954e+03
7.169999999999998153e+00 1.095739848000000016e+01 2.180128745999999865e+03 2.271440399999999954e+03
7.175000000000000711e+00 1.097443319999999822e+01 2.179986789999999928e+03 2.271440399999999954e+03
7.179999999999999716e+00 1.096332359999999895e+01 2.180079369999999926e+03 2.271440399999999954e+03
7.184999999999998721e+00 1.092925415999999927e+01 2.180363281999999799e+03 2.271440399999999954e+03
7.189999999999997726e+00 1.088962991999999907e+01 2.180693483999999899e+03 2.271440399999999954e+03
7.195000000000000284e+00 1.089518471999999960e+01 2.180647194000000127e+03 2.271440399999999954e+03
7.199999999999999289e+00 1.089518471999999960e+01 2.180647194000000127e+03 2.271440399999999954e+03
7.204999999999998295e+00 1.087852031999999802e+01 2.180786063999999897e+03 2.271440399999999954e+03
7.210000000000000853e+00 1.088962991999999907e+01 2.180693483999999899e+03 2.271440399999999954e+03
7.214999999999999858e+00 1.090110983999999839e+01 2.180597818000000188e+03 2.271440399999999954e+03
7.219999999999998863e+00 1.081630655999999924e+01 2.181304512000000159e+03 2.271440399999999954e+03
7.224999999999997868e+00 1.086704039999999871e+01 2.180881730000000061e+03 2.271440399999999954e+03
7.230000000000000426e+00 1.082741616000000029e+01 2.181211932000000161e+03 2.271440399999999954e+03
7.234999999999999432e+00 1.093480895999999980e+01 2.180316992000000027e+03 2.271440399999999954e+03
7.239999999999998437e+00 1.092369935999999875e+01 2.180409572000000026e+03 2.271440399999999954e+03
7.245000000000000995e+00 1.086704039999999871e+01 2.180881730000000061e+03 2.271440399999999954e+03
7.250000000000000000e+00 1.090110983999999839e+01 2.180597818000000188e+03 2.271440399999999954e+03
7.254999999999999005e+00 1.095184367999999964e+01 2.180175036000000091e+03 2.271440399999999954e+03
7.259999999999998010e+00 1.090666463999999891e+01 2.180551527999999962e+03 2.271440399999999954e+03
7.265000000000000568e+00 1.096887839999999947e+01 2.180033080000000155e+03 2.271440399999999954e+03
7.269999999999999574e+00 1.093480895999999980e+01 2.180316992000000027e+03 2.271440399999999954e+03
7.274999999999998579e+00 1.093480895999999980e+01 2.180316992000000027e+03 2.271440399999999954e+03
7.280000000000001137e+00 1.090666463999999891e+01 2.180551527999999962e+03 2.271440399999999954e+03
7.285000000000000142e+00 1.090666463999999891e+01 2.180551527999999962e+03 2.271440399999999954e+03
7.289999999999999147e+00 1.087852031999999802e+01 2.180786063999999897e+03 2.271440399999999954e+03
7.294999999999998153e+00 1.089518471999999960e+01 2.180647194000000127e+03 2.271440399999999954e+03
7.300000000000000711e+00 1.091814455999999822e+01 2.180455861999999797e+03 2.271440399999999954e+03
7.304999999999999716e+00 1.086148559999999819e+01 2.180928019999999833e+03 2.271440399999999954e+03
7.309999999999998721e+00 1.092369935999999875e+01 2.180409572000000026e+03 2.271440399999999954e+03
7.314999999999997726e+00 1.088962991999999907e+01 2.180693483999999899e+03 2.271440399999999954e+03
7.320000000000000284e+00 1.087259519999999924e+01 2.180835439999999835e+03 2.271440399999999954e+03
7.324999999999999289e+00 1.090110983999999839e+01 2.180597818000000188e+03 2.271440399999999954e+03
7.329999999999998295e+00 1.087259519999999924e+01 2.180835439999999835e+03 2.271440399999999954e+03
7.335000000000000853e+00 1.095184367999999964e+01 2.180175036000000091e+03 2.271440399999999954e+03
7.339999999999999858e+00 1.093480895999999980e+01 2.180316992000000027e+03 2.271440399999999954e+03
7.344999999999998863e+00 1.094628887999999911e+01 2.180221325999999863e+03 2.271440399999999954e+03
7.349999999999997868e+00 1.090666463999999891e+01 2.180551527999999962e+03 2.271440399999999954e+03
7.355000000000000426e+00 1.083334127999999907e+01 2.181162555999999768e+03 2.271440399999999954e+03
7.359999999999999432e+00 1.090110983999999839e+01 2.180597818000000188e+03 2.271440399999999954e+03
7.364999999999998437e+00 1.090110983999999839e+01 2.180597818000000188e+03 2.271440399999999954e+03
7.370000000000000995e+00 1.088407511999999855e+01 2.180739774000000125e+03 2.271440399999999954e+03
7.375000000000000000e+00 1.088962991999999907e+01 2.180693483999999899e+03 2.271440399999999954e+03
7.379999999999999005e+00 1.079927183999999940e+01 2.181446468000000095e+03 2.271440399999999954e+03
7.384999999999998010e+00 1.088407511999999855e+01 2.180739774000000125e+03 2.271440399999999954e+03
7.390000000000000568e+00 1.082741616000000029e+01 2.181211932000000161e+03 2.271440399999999954e+03
7.394999999999999574e+00 1.089518471999999960e+01 2.180647194000000127e+03 2.271440399999999954e+03
7.399999999999998579e+00 1.087852031999999802e+01 2.180786063999999897e+03 2.271440399999999954e+03
7.405000000000001137e+00 1.088962991999999907e+01 2.180693483999999899e+03 2.271440399999999954e+03
7.410000000000000142e+00 1.087259519999999924e+01 2.180835439999999835e+03 2.271440399999999954e+03
7.414999999999999147e+00 1.091221943999999944e+01 2.180505237999999736e+03 2.271440399999999954e+03
7.419999999999998153e+00 1.088962991999999907e+01 2.180693483999999899e+03 2.271440399999999954e+03
7.425000000000000711e+00 1.084445088000000013e+01 2.181069975999999770e+03 2.271440399999999954e+03
7.429999999999999716e+00 1.081630655999999924e+01 2.181304512000000159e+03 2.271440399999999954e+03
7.434999999999998721e+00 1.088407511999999855e+01 2.180739774000000125e+03 2.271440399999999954e+03
7.439999999999997726e+00 1.079927183999999940e+01 2.181446468000000095e+03 2.271440399999999954e+03
7.445000000000000284e+00 1.086704039999999871e+01 2.180881730000000061e+03 2.271440399999999954e+03
7.449999999999999289e+00 1.083889607999999960e+01 2.181116265999999996e+03 2.271440399999999954e+03
7.454999999999998295e+00 1.078223711999999956e+01 2.181588424000000032e+03 2.271440399999999954e+03
7.460000000000000853e+00 1.085593079999999944e+01 2.180974310000000060e+03 2.271440399999999954e+03
7.464999999999999858e+00 1.086704039999999871e+01 2.180881730000000061e+03 2.271440399999999954e+03
7.469999999999998863e+00 1.085593079999999944e+01 2.180974310000000060e+03 2.271440399999999954e+03
7.474999999999997868e+00 1.075409279999999868e+01 2.181822959999999966e+03 2.271440399999999954e+03
7.480000000000000426e+00 1.078816223999999835e+01 2.181539048000000093e+03 2.271440399999999954e+03
7.484999999999999432e+00 1.086148559999999819e+01 2.180928019999999833e+03 2.271440399999999954e+03
7.489999999999998437e+00 1.077668231999999904e+01 2.181634713999999803e+03 2.271440399999999954e+03
7.495000000000000995e+00 1.084445088000000013e+01 2.181069975999999770e+03 2.271440399999999954e+03
7.500000000000000000e+00 1.088407511999999855e+01 2.180739774000000125e+03 2.271440399999999954e+03
7.504999999999999005e+00 1.081075175999999871e+01 2.181350801999999931e+03 2.271440399999999954e+03
7.509999999999998010e+00 1.082186135999999976e+01 2.181258221999999932e+03 2.271440399999999954e+03
7.515000000000000568e+00 1.078816223999999835e+01 2.181539048000000093e+03 2.271440399999999954e+03
7.519999999999999574e+00 1.078223711999999956e+01 2.181588424000000032e+03 2.271440399999999954e+03
7.524999999999998579e+00 1.078816223999999835e+01 2.181539048000000093e+03 2.271440399999999954e+03
7.530000000000001137e+00 1.083889607999999960e+01 2.181116265999999996e+03 2.271440399999999954e+03
7.535000000000000142e+00 1.090666463999999891e+01 2.180551527999999962e+03 2.271440399999999954e+03
7.539999999999999147e+00 1.085000567999999888e+01 2.181023685999999998e+03 2.271440399999999954e+03
7.544999999999998153e+00 1.084445088000000013e+01 2.181069975999999770e+03 2.271440399999999954e+03
7.550000000000000711e+00 1.085000567999999888e+01 2.181023685999999998e+03 2.271440399999999954e+03
7.554999999999999716e+00 1.073705807999999884e+01 2.181964915999999903e+03 2.271440399999999954e+03
7.559999999999998721e+00 1.074853799999999815e+01 2.181869249999999738e+03 2.271440399999999954e+03
7.564999999999997726e+00 1.077112751999999851e+01 2.181681004000000030e+03 2.271440399999999954e+03
7.570000000000000284e+00 1.083334127999999907e+01 2.181162555999999768e+03 2.271440399999999954e+03
7.574999999999999289e+00 1.086704039999999871e+01 2.180881730000000061e+03 2.271440399999999954e+03
7.579999999999998295e+00 1.086704039999999871e+01 2.180881730000000061e+03 2.271440399999999954e+03
7.585000000000000853e+00 1.087852031999999802e+01 2.180786063999999897e+03 2.271440399999999954e+03
7.589999999999999858e+00 1.085593079999999944e+01 2.180974310000000060e+03 2.271440399999999954e+03
7.594999999999998863e+00 1.083889607999999960e+01 2.181116265999999996e+03 2.271440399999999954e+03
7.599999999999997868e+00 1.090666463999999891e+01 2.180551527999999962e+03 2.271440399999999954e+03
7.605000000000000426e+00 1.086148559999999819e+01 2.180928019999999833e+03 2.271440399999999954e+03
7.609999999999999432e+00 1.089518471999999960e+01 2.180647194000000127e+03 2.271440399999999954e+03
7.614999999999998437e+00 1.083889607999999960e+01 2.181116265999999996e+03 2.271440399999999954e+03
7.620000000000000995e+00 1.087259519999999924e+01 2.180835439999999835e+03 2.271440399999999954e+03
7.625000000000000000e+00 1.088962991999999907e+01 2.180693483999999899e+03 2.271440399999999954e+03
7.629999999999999005e+00 1.081630655999999924e+01 2.181304512000000159e+03 2.271440399999999954e+03
7.634999999999998010e+00 1.082186135999999976e+01 2.181258221999999932e+03 2.271440399999999954e+03
7.640000000000000568e+00 1.077112751999999851e+01 2.181681004000000030e+03 2.271440399999999954e+03
7.644999999999999574e+00 1.083889607999999960e+01 2.181116265999999996e+03 2.271440399999999954e+03
7.649999999999998579e+00 1.078223711999999956e+01 2.181588424000000032e+03 2.271440399999999954e+03
7.655000000000001137e+00 1.081075175999999871e+01 2.181350801999999931e+03 2.271440399999999954e+03
7.660000000000000142e+00 1.085000567999999888e+01 2.181023685999999998e+03 2.271440399999999954e+03
7.664999999999999147e+00 1.081630655999999924e+01 2.181304512000000159e+03 2.271440399999999954e+03
7.669999999999998153e+00 1.086704039999999871e+01 2.180881730000000061e+03 2.271440399999999954e+03
7.675000000000000711e+00 1.077112751999999851e+01 2.181681004000000030e+03 2.271440399999999954e+03
7.679999999999999716e+00 1.076557271999999799e+01 2.181727293999999802e+03 2.271440399999999954e+03
7.684999999999998721e+00 1.080482663999999993e+01 2.181400177999999869e+03 2.271440399999999954e+03
7.689999999999997726e+00 1.072594847999999956e+01 2.182057495999999901e+03 2.271440399999999954e+03
7.695000000000000284e+00 1.081630655999999924e+01 2.181304512000000159e+03 2.271440399999999954e+03
7.699999999999999289e+00 1.085593079999999944e+01 2.180974310000000060e+03 2.271440399999999954e+03
7.704999999999998295e+00 1.078223711999999956e+01 2.181588424000000032e+03 2.271440399999999954e+03
7.710000000000000853e+00 1.079927183999999940e+01 2.181446468000000095e+03 2.271440399999999954e+03
7.714999999999999858e+00 1.077668231999999904e+01 2.181634713999999803e+03 2.271440399999999954e+03
7.719999999999998863e+00 1.076557271999999799e+01 2.181727293999999802e+03 2.271440399999999954e+03
7.724999999999997868e+00 1.079371703999999887e+01 2.181492757999999867e+03 2.271440399999999954e+03
7.730000000000000426e+00 1.079371703999999887e+01 2.181492757999999867e+03 2.271440399999999954e+03
7.734999999999999432e+00 1.082741616000000029e+01 2.181211932000000161e+03 2.271440399999999954e+03
7.739999999999998437e+00 1.086148559999999819e+01 2.180928019999999833e+03 2.271440399999999954e+03
7.745000000000000995e+00 1.087852031999999802e+01 2.180786063999999897e+03 2.271440399999999954e+03
7.750000000000000000e+00 1.082186135999999976e+01 2.181258221999999932e+03 2.271440399999999954e+03
7.754999999999999005e+00 1.079371703999999887e+01 2.181492757999999867e+03 2.271440399999999954e+03
7.759999999999998010e+00 1.083334127999999907e+01 2.181162555999999768e+03 2.271440399999999954e+03
7.765000000000000568e+00 1.079371703999999887e+01 2.181492757999999867e+03 2.271440399999999954e+03
7.769999999999999574e+00 1.081075175999999871e+01 2.181350801999999931e+03 2.271440399999999954e+03
7.774999999999998579e+00 1.075409279999999868e+01 2.181822959999999966e+03 2.271440399999999954e+03
7.780000000000001137e+00 1.079371703999999887e+01 2.181492757999999867e+03 2.271440399999999954e+03
7.785000000000000142e+00 1.082741616000000029e+01 2.181211932000000161e+03 2.271440399999999954e+03
7.789999999999999147e+00 1.080482663999999993e+01 2.181400177999999869e+03 2.271440399999999954e+03
7.794999999999998153e+00 1.074261287999999936e+01 2.181918626000000131e+03 2.271440399999999954e+03
7.800000000000000711e+00 1.082741616000000029e+01 2.181211932000000161e+03 2.271440399999999954e+03
7.804999999999999716e+00 1.081630655999999924e+01 2.181304512000000159e+03 2.271440399999999954e+03
7.809999999999998721e+00 1.069743384000000042e+01 2.182295118000000002e+03 2.271440399999999954e+03
7.814999999999997726e+00 1.076557271999999799e+01 2.181727293999999802e+03 2.271440399999999954e+03
7.820000000000000284e+00 1.079927183999999940e+01 2.181446468000000095e+03 2.271440399999999954e+03
7.824999999999999289e+00 1.077668231999999904e+01 2.181634713999999803e+03 2.271440399999999954e+03
7.829999999999998295e+00 1.075964759999999920e+01 2.181776669999999740e+03 2.271440399999999954e+03
7.835000000000000853e+00 1.078816223999999835e+01 2.181539048000000093e+03 2.271440399999999954e+03
7.839999999999999858e+00 1.079371703999999887e+01 2.181492757999999867e+03 2.271440399999999954e+03
7.844999999999998863e+00 1.076557271999999799e+01 2.181727293999999802e+03 2.271440399999999954e+03
7.849999999999997868e+00 1.077668231999999904e+01 2.181634713999999803e+03 2.271440399999999954e+03
7.855000000000000426e+00 1.081630655999999924e+01 2.181304512000000159e+03 2.271440399999999954e+03
7.859999999999999432e+00 1.075409279999999868e+01 2.181822959999999966e+03 2.271440399999999954e+03
7.864999999999998437e+00 1.079371703999999887e+01 2.181492757999999867e+03 2.271440399999999954e+03
7.870000000000000995e+00 1.077112751999999851e+01 2.181681004000000030e+03 2.271440399999999954e+03
7.875000000000000000e+00 1.077668231999999904e+01 2.181634713999999803e+03 2.271440399999999954e+03
7.879999999999999005e+00 1.074853799999999815e+01 2.181869249999999738e+03 2.271440399999999954e+03
7.884999999999998010e+00 1.082741616000000029e+01 2.181211932000000161e+03 2.271440399999999954e+03
7.890000000000000568e+00 1.080482663999999993e+01 2.181400177999999869e+03 2.271440399999999954e+03
7.894999999999999574e+00 1.080482663999999993e+01 2.181400177999999869e+03 2.271440399999999954e+03
7.899999999999998579e+00 1.080482663999999993e+01 2.181400177999999869e+03 2.271440399999999954e+03
7.905000000000001137e+00 1.085593079999999944e+01 2.180974310000000060e+03 2.271440399999999954e+03
7.910000000000000142e+00 1.074853799999999815e+01 2.181869249999999738e+03 2.271440399999999954e+03
7.914999999999999147e+00 1.079371703999999887e+01 2.181492757999999867e+03 2.271440399999999954e+03
7.919999999999998153e+00 1.079927183999999940e+01 2.181446468000000095e+03 2.271440399999999954e+03
7.925000000000000711e+00 1.070891375999999973e+01 2.182199451999999837e+03 2.271440399999999954e+03
7.929999999999999716e+00 1.077668231999999904e+01 2.181634713999999803e+03 2.271440399999999954e+03
7.934999999999998721e+00 1.074261287999999936e+01 2.181918626000000131e+03 2.271440399999999954e+03
7.939999999999997726e+00 1.082186135999999976e+01 2.181258221999999932e+03 2.271440399999999954e+03
7.945000000000000284e+00 1.080482663999999993e+01 2.181400177999999869e+03 2.271440399999999954e+03
7.949999999999999289e+00 1.081075175999999871e+01 2.181350801999999931e+03 2.271440399999999954e+03
7.954999999999998295e+00 1.077668231999999904e+01 2.181634713999999803e+03 2.271440399999999954e+03
7.960000000000000853e+00 1.081075175999999871e+01 2.181350801999999931e+03 2.271440399999999954e+03
7.964999999999999858e+00 1.073150328000000009e+01 2.182011206000000129e+03 2.271440399999999954e+03
7.969999999999998863e+00 1.072594847999999956e+01 2.182057495999999901e+03 2.271440399999999954e+03
7.974999999999997868e+00 1.074853799999999815e+01 2.181869249999999738e+03 2.271440399999999954e+03
7.980000000000000426e+00 1.073150328000000009e+01 2.182011206000000129e+03 2.271440399999999954e+03
7.984999999999999432e+00 1.082186135999999976e+01 2.181258221999999932e+03 2.271440399999999954e+03
7.989999999999998437e+00 1.077112751999999851e+01 2.181681004000000030e+03 2.271440399999999954e+03
7.995000000000000995e+00 1.075964759999999920e+01 2.181776669999999740e+03 2.271440399999999954e+03
8.000000000000000000e+00 1.081075175999999871e+01 2.181350801999999931e+03 2.271440399999999954e+03
8.004999999999999005e+00 1.077112751999999851e+01 2.181681004000000030e+03 2.271440399999999954e+03
8.009999999999998010e+00 1.079927183999999940e+01 2.181446468000000095e+03 2.271440399999999954e+03
8.015000000000000568e+00 1.074853799999999815e+01 2.181869249999999738e+03 2.271440399999999954e+03
8.019999999999999574e+00 1.075409279999999868e+01 2.181822959999999966e+03 2.271440399999999954e+03
8.024999999999998579e+00 1.077112751999999851e+01 2.181681004000000030e+03 2.271440399999999954e+03
8.030000000000001137e+00 1.076557271999999799e+01 2.181727293999999802e+03 2.271440399999999954e+03
8.035000000000000142e+00 1.081075175999999871e+01 2.181350801999999931e+03 2.271440399999999954e+03
8.039999999999999147e+00 1.075409279999999868e+01 2.181822959999999966e+03 2.271440399999999954e+03
8.044999999999998153e+00 1.076557271999999799e+01 2.181727293999999802e+03 2.271440399999999954e+03
8.050000000000000711e+00 1.078223711999999956e+01 2.181588424000000032e+03 2.271440399999999954e+03
8.054999999999999716e+00 1.072594847999999956e+01 2.182057495999999901e+03 2.271440399999999954e+03
8.059999999999998721e+00 1.078223711999999956e+01 2.181588424000000032e+03 2.271440399999999954e+03
8.064999999999997726e+00 1.070891375999999973e+01 2.182199451999999837e+03 2.271440399999999954e+03
8.070000000000000284e+00 1.074261287999999936e+01 2.181918626000000131e+03 2.271440399999999954e+03
8.074999999999999289e+00 1.077112751999999851e+01 2.181681004000000030e+03 2.271440399999999954e+03
8.079999999999998295e+00 1.077112751999999851e+01 2.181681004000000030e+03 2.271440399999999954e+03
8.085000000000000853e+00 1.082741616000000029e+01 2.181211932000000161e+03 2.271440399999999954e+03
8.089999999999999858e+00 1.074261287999999936e+01 2.181918626000000131e+03 2.271440399999999954e+03
8.094999999999998863e+00 1.077668231999999904e+01 2.181634713999999803e+03 2.271440399999999954e+03
8.099999999999997868e+00 1.079927183999999940e+01 2.181446468000000095e+03 2.271440399999999954e+03
8.105000000000000426e+00 1.070891375999999973e+01 2.182199451999999837e+03 2.271440399999999954e+03
8.109999999999999432e+00 1.072594847999999956e+01 2.182057495999999901e+03 2.271440399999999954e+03
8.114999999999998437e+00 1.078223711999999956e+01 2.181588424000000032e+03 2.271440399999999954e+03
8.120000000000000995e+00 1.072594847999999956e+01 2.182057495999999901e+03 2.271440399999999954e+03
8.125000000000000000e+00 1.078816223999999835e+01 2.181539048000000093e+03 2.271440399999999954e+03
8.129999999999999005e+00 1.076557271999999799e+01 2.181727293999999802e+03 2.271440399999999954e+03
8.134999999999998010e+00 1.081075175999999871e+01 2.181350801999999931e+03 2.271440399999999954e+03
8.140000000000000568e+00 1.073150328000000009e+01 2.182011206000000129e+03 2.271440399999999954e+03
8.144999999999999574e+00 1.075409279999999868e+01 2.181822959999999966e+03 2.271440399999999954e+03
8.149999999999998579e+00 1.077112751999999851e+01 2.181681004000000030e+03 2.271440399999999954e+03
8.155000000000001137e+00 1.073705807999999884e+01 2.181964915999999903e+03 2.271440399999999954e+03
8.160000000000000142e+00 1.075409279999999868e+01 2.181822959999999966e+03 2.271440399999999954e+03
8.164999999999999147e+00 1.075964759999999920e+01 2.181776669999999740e+03 2.271440399999999954e+03
8.169999999999998153e+00 1.074853799999999815e+01 2.181869249999999738e+03 2.271440399999999954e+03
8.175000000000000711e+00 1.075409279999999868e+01 2.181822959999999966e+03 2.271440399999999954e+03
8.179999999999999716e+00 1.068632423999999936e+01 2.182387698000000000e+03 2.271440399999999954e+03
8.184999999999998721e+00 1.073150328000000009e+01 2.182011206000000129e+03 2.271440399999999954e+03
8.189999999999997726e+00 1.068076943999999884e+01 2.182433987999999772e+03 2.271440399999999954e+03
8.195000000000000284e+00 1.072002336000000078e+01 2.182106871999999839e+03 2.271440399999999954e+03
8.199999999999999289e+00 1.071446856000000025e+01 2.182153162000000066e+03 2.271440399999999954e+03
8.204999999999998295e+00 1.067484432000000005e+01 2.182483364000000165e+03 2.271440399999999954e+03
8.210000000000000853e+00 1.082186135999999976e+01 2.181258221999999932e+03 2.271440399999999954e+03
8.214999999999999858e+00 1.075964759999999920e+01 2.181776669999999740e+03 2.271440399999999954e+03
8.219999999999998863e+00 1.072002336000000078e+01 2.182106871999999839e+03 2.271440399999999954e+03
8.224999999999997868e+00 1.077112751999999851e+01 2.181681004000000030e+03 2.271440399999999954e+03
8.230000000000000426e+00 1.069187903999999989e+01 2.182341407999999774e+03 2.271440399999999954e+03
8.234999999999999432e+00 1.073150328000000009e+01 2.182011206000000129e+03 2.271440399999999954e+03
8.239999999999998437e+00 1.071446856000000025e+01 2.182153162000000066e+03 2.271440399999999954e+03
8.245000000000000995e+00 1.074853799999999815e+01 2.181869249999999738e+03 2.271440399999999954e+03
8.250000000000000000e+00 1.079371703999999887e+01 2.181492757999999867e+03 2.271440399999999954e+03
8.254999999999999005e+00 1.069187903999999989e+01 2.182341407999999774e+03 2.271440399999999954e+03
8.259999999999998010e+00 1.078223711999999956e+01 2.181588424000000032e+03 2.271440399999999954e+03
8.265000000000000568e+00 1.072594847999999956e+01 2.182057495999999901e+03 2.271440399999999954e+03
8.269999999999999574e+00 1.070891375999999973e+01 2.182199451999999837e+03 2.271440399999999954e+03
8.274999999999998579e+00 1.074261287999999936e+01 2.181918626000000131e+03 2.271440399999999954e+03
8.280000000000001137e+00 1.062966527999999933e+01 2.182859856000000036e+03 2.271440399999999954e+03
8.285000000000000142e+00 1.068076943999999884e+01 2.182433987999999772e+03 2.271440399999999954e+03
8.289999999999999147e+00 1.071446856000000025e+01 2.182153162000000066e+03 2.271440399999999954e+03
8.294999999999998153e+00 1.068632423999999936e+01 2.182387698000000000e+03 2.271440399999999954e+03
8.300000000000000711e+00 1.077112751999999851e+01 2.181681004000000030e+03 2.271440399999999954e+03
8.304999999999999716e+00 1.068076943999999884e+01 2.182433987999999772e+03 2.271440399999999954e+03
8.309999999999998721e+00 1.075964759999999920e+01 2.181776669999999740e+03 2.271440399999999954e+03
8.314999999999997726e+00 1.069187903999999989e+01 2.182341407999999774e+03 2.271440399999999954e+03
8.320000000000000284e+00 1.068076943999999884e+01 2.182433987999999772e+03 2.271440399999999954e+03
8.324999999999999289e+00 1.069743384000000042e+01 2.182295118000000002e+03 2.271440399999999954e+03
8.329999999999998295e+00 1.072594847999999956e+01 2.182057495999999901e+03 2.271440399999999954e+03
8.335000000000000853e+00 1.074853799999999815e+01 2.181869249999999738e+03 2.271440399999999954e+03
8.339999999999999858e+00 1.071446856000000025e+01 2.182153162000000066e+03 2.271440399999999954e+03
8.344999999999998863e+00 1.078816223999999835e+01 2.181539048000000093e+03 2.271440399999999954e+03
8.349999999999997868e+00 1.074853799999999815e+01 2.181869249999999738e+03 2.271440399999999954e+03
8.355000000000000426e+00 1.070891375999999973e+01 2.182199451999999837e+03 2.271440399999999954e+03
8.359999999999999432e+00 1.069743384000000042e+01 2.182295118000000002e+03 2.271440399999999954e+03
8.364999999999998437e+00 1.067484432000000005e+01 2.182483364000000165e+03 2.271440399999999954e+03
8.370000000000000995e+00 1.071446856000000025e+01 2.182153162000000066e+03 2.271440399999999954e+03
8.375000000000000000e+00 1.071446856000000025e+01 2.182153162000000066e+03 2.271440399999999954e+03
8.379999999999999005e+00 1.075964759999999920e+01 2.181776669999999740e+03 2.271440399999999954e+03
8.384999999999998010e+00 1.073150328000000009e+01 2.182011206000000129e+03 2.271440399999999954e+03
8.390000000000000568e+00 1.071446856000000025e+01 2.182153162000000066e+03 2.271440399999999954e+03
8.394999999999999574e+00 1.073150328000000009e+01 2.182011206000000129e+03 2.271440399999999954e+03
8.399999999999998579e+00 1.068076943999999884e+01 2.182433987999999772e+03 2.271440399999999954e+03
8.405000000000001137e+00 1.069187903999999989e+01 2.182341407999999774e+03 2.271440399999999954e+03
8.410000000000000142e+00 1.075409279999999868e+01 2.181822959999999966e+03 2.271440399999999954e+03
8.414999999999999147e+00 1.074261287999999936e+01 2.181918626000000131e+03 2.271440399999999954e+03
8.419999999999998153e+00 1.077112751999999851e+01 2.181681004000000030e+03 2.271440399999999954e+03
8.425000000000000711e+00 1.076557271999999799e+01 2.181727293999999802e+03 2.271440399999999954e+03
8.429999999999999716e+00 1.074261287999999936e+01 2.181918626000000131e+03 2.271440399999999954e+03
8.434999999999998721e+00 1.073705807999999884e+01 2.181964915999999903e+03 2.271440399999999954e+03
8.439999999999997726e+00 1.074261287999999936e+01 2.181918626000000131e+03 2.271440399999999954e+03
8.445000000000000284e+00 1.069187903999999989e+01 2.182341407999999774e+03 2.271440399999999954e+03
8.449999999999999289e+00 1.068632423999999936e+01 2.182387698000000000e+03 2.271440399999999954e+03
8.454999999999998295e+00 1.072002336000000078e+01 2.182106871999999839e+03 2.271440399999999954e+03
8.460000000000000853e+00 1.075964759999999920e+01 2.181776669999999740e+03 2.271440399999999954e+03
8.464999999999999858e+00 1.069743384000000042e+01 2.182295118000000002e+03 2.271440399999999954e+03
8.469999999999998863e+00 1.073150328000000009e+01 2.182011206000000129e+03 2.271440399999999954e+03
8.474999999999997868e+00 1.065817991999999848e+01 2.182622233999999935e+03 2.271440399999999954e+03
8.480000000000000426e+00 1.066373471999999900e+01 2.182575944000000163e+03 2.271440399999999954e+03
8.484999999999999432e+00 1.070891375999999973e+01 2.182199451999999837e+03 2.271440399999999954e+03
8.489999999999998437e+00 1.068076943999999884e+01 2.182433987999999772e+03 2.271440399999999954e+03
8.495000000000000995e+00 1.069187903999999989e+01 2.182341407999999774e+03 2.271440399999999954e+03
8.500000000000000000e+00 1.072002336000000078e+01 2.182106871999999839e+03 2.271440399999999954e+03
8.504999999999999005e+00 1.072594847999999956e+01 2.182057495999999901e+03 2.271440399999999954e+03
8.509999999999998010e+00 1.072594847999999956e+01 2.182057495999999901e+03 2.271440399999999954e+03
8.515000000000000568e+00 1.068632423999999936e+01 2.182387698000000000e+03 2.271440399999999954e+03
8.519999999999999574e+00 1.065225479999999969e+01 2.182671609999999873e+03 2.271440399999999954e+03
8.524999999999998579e+00 1.066928951999999953e+01 2.182529653999999937e+03 2.271440399999999954e+03
8.530000000000001137e+00 1.064114519999999864e+01 2.182764189999999871e+03 2.271440399999999954e+03
8.535000000000000142e+00 1.066373471999999900e+01 2.182575944000000163e+03 2.271440399999999954e+03
8.539999999999999147e+00 1.062411047999999880e+01 2.182906145999999808e+03 2.271440399999999954e+03
8.544999999999998153e+00 1.071446856000000025e+01 2.182153162000000066e+03 2.271440399999999954e+03
8.550000000000000711e+00 1.064669999999999916e+01 2.182717900000000100e+03 2.271440399999999954e+03
8.554999999999999716e+00 1.065225479999999969e+01 2.182671609999999873e+03 2.271440399999999954e+03
8.559999999999998721e+00 1.061263055999999949e+01 2.183001811999999973e+03 2.271440399999999954e+03
8.564999999999997726e+00 1.066928951999999953e+01 2.182529653999999937e+03 2.271440399999999954e+03
8.570000000000000284e+00 1.069743384000000042e+01 2.182295118000000002e+03 2.271440399999999954e+03
8.574999999999999289e+00 1.073150328000000009e+01 2.182011206000000129e+03 2.271440399999999954e+03
8.579999999999998295e+00 1.076557271999999799e+01 2.181727293999999802e+03 2.271440399999999954e+03
8.585000000000000853e+00 1.078816223999999835e+01 2.181539048000000093e+03 2.271440399999999954e+03
8.589999999999999858e+00 1.073705807999999884e+01 2.181964915999999903e+03 2.271440399999999954e+03
8.594999999999998863e+00 1.067484432000000005e+01 2.182483364000000165e+03 2.271440399999999954e+03
8.599999999999997868e+00 1.062411047999999880e+01 2.182906145999999808e+03 2.271440399999999954e+03
8.605000000000000426e+00 1.061855568000000005e+01 2.182952436000000034e+03 2.271440399999999954e+03
8.609999999999999432e+00 1.065817991999999848e+01 2.182622233999999935e+03 2.271440399999999954e+03
8.614999999999998437e+00 1.067484432000000005e+01 2.182483364000000165e+03 2.271440399999999954e+03
8.620000000000000995e+00 1.062966527999999933e+01 2.182859856000000036e+03 2.271440399999999954e+03
8.625000000000000000e+00 1.062966527999999933e+01 2.182859856000000036e+03 2.271440399999999954e+03
8.629999999999999005e+00 1.066373471999999900e+01 2.182575944000000163e+03 2.271440399999999954e+03
8.634999999999998010e+00 1.065817991999999848e+01 2.182622233999999935e+03 2.271440399999999954e+03
8.640000000000000568e+00 1.061855568000000005e+01 2.182952436000000034e+03 2.271440399999999954e+03
8.644999999999999574e+00 1.064669999999999916e+01 2.182717900000000100e+03 2.271440399999999954e+03
8.649999999999998579e+00 1.066373471999999900e+01 2.182575944000000163e+03 2.271440399999999954e+03
8.655000000000001137e+00 1.059596615999999969e+01 2.183140681999999742e+03 2.271440399999999954e+03
8.660000000000000142e+00 1.068632423999999936e+01 2.182387698000000000e+03 2.271440399999999954e+03
8.664999999999999147e+00 1.070891375999999973e+01 2.182199451999999837e+03 2.271440399999999954e+03
8.669999999999998153e+00 1.066928951999999953e+01 2.182529653999999937e+03 2.271440399999999954e+03
8.675000000000000711e+00 1.064669999999999916e+01 2.182717900000000100e+03 2.271440399999999954e+03
8.679999999999999716e+00 1.057337663999999933e+01 2.183328927999999905e+03 2.271440399999999954e+03
8.684999999999998721e+00 1.061855568000000005e+01 2.182952436000000034e+03 2.271440399999999954e+03
8.689999999999997726e+00 1.060152096000000022e+01 2.183094391999999971e+03 2.271440399999999954e+03
8.695000000000000284e+00 1.060707576000000074e+01 2.183048101999999744e+03 2.271440399999999954e+03
8.699999999999999289e+00 1.065225479999999969e+01 2.182671609999999873e+03 2.271440399999999954e+03
8.704999999999998295e+00 1.059596615999999969e+01 2.183140681999999742e+03 2.271440399999999954e+03
8.710000000000000853e+00 1.060707576000000074e+01 2.183048101999999744e+03 2.271440399999999954e+03
8.714999999999999858e+00 1.063559039999999811e+01 2.182810480000000098e+03 2.271440399999999954e+03
8.719999999999998863e+00 1.060707576000000074e+01 2.183048101999999744e+03 2.271440399999999954e+03
8.724999999999997868e+00 1.061263055999999949e+01 2.183001811999999973e+03 2.271440399999999954e+03
8.730000000000000426e+00 1.064114519999999864e+01 2.182764189999999871e+03 2.271440399999999954e+03
8.734999999999999432e+00 1.063559039999999811e+01 2.182810480000000098e+03 2.271440399999999954e+03
8.739999999999998437e+00 1.063559039999999811e+01 2.182810480000000098e+03 2.271440399999999954e+03
8.745000000000000995e+00 1.068076943999999884e+01 2.182433987999999772e+03 2.271440399999999954e+03
8.750000000000000000e+00 1.065225479999999969e+01 2.182671609999999873e+03 2.271440399999999954e+03
8.754999999999999005e+00 1.064114519999999864e+01 2.182764189999999871e+03 2.271440399999999954e+03
8.759999999999998010e+00 1.062966527999999933e+01 2.182859856000000036e+03 2.271440399999999954e+03
8.765000000000000568e+00 1.064669999999999916e+01 2.182717900000000100e+03 2.271440399999999954e+03
8.769999999999999574e+00 1.064114519999999864e+01 2.182764189999999871e+03 2.271440399999999954e+03
8.774999999999998579e+00 1.061263055999999949e+01 2.183001811999999973e+03 2.271440399999999954e+03
8.780000000000001137e+00 1.064669999999999916e+01 2.182717900000000100e+03 2.271440399999999954e+03
8.785000000000000142e+00 1.065225479999999969e+01 2.182671609999999873e+03 2.271440399999999954e+03
8.789999999999999147e+00 1.066928951999999953e+01 2.182529653999999937e+03 2.271440399999999954e+03
8.794999999999998153e+00 1.069187903999999989e+01 2.182341407999999774e+03 2.271440399999999954e+03
8.800000000000000711e+00 1.065817991999999848e+01 2.182622233999999935e+03 2.271440399999999954e+03
8.804999999999999716e+00 1.064114519999999864e+01 2.182764189999999871e+03 2.271440399999999954e+03
8.809999999999998721e+00 1.067484432000000005e+01 2.182483364000000165e+03 2.271440399999999954e+03
8.814999999999997726e+00 1.069187903999999989e+01 2.182341407999999774e+03 2.271440399999999954e+03
8.820000000000000284e+00 1.067484432000000005e+01 2.182483364000000165e+03 2.271440399999999954e+03
8.824999999999999289e+00 1.070335895999999920e+01 2.182245742000000064e+03 2.271440399999999954e+03
8.829999999999998295e+00 1.064114519999999864e+01 2.182764189999999871e+03 2.271440399999999954e+03
8.835000000000000853e+00 1.067484432000000005e+01 2.182483364000000165e+03 2.271440399999999954e+03
8.839999999999999858e+00 1.068076943999999884e+01 2.182433987999999772e+03 2.271440399999999954e+03
8.844999999999998863e+00 1.071446856000000025e+01 2.182153162000000066e+03 2.271440399999999954e+03
8.849999999999997868e+00 1.064669999999999916e+01 2.182717900000000100e+03 2.271440399999999954e+03
8.855000000000000426e+00 1.066928951999999953e+01 2.182529653999999937e+03 2.271440399999999954e+03
8.859999999999999432e+00 1.063559039999999811e+01 2.182810480000000098e+03 2.271440399999999954e+03
8.864999999999998437e+00 1.060707576000000074e+01 2.183048101999999744e+03 2.271440399999999954e+03
8.870000000000000995e+00 1.064669999999999916e+01 2.182717900000000100e+03 2.271440399999999954e+03
8.875000000000000000e+00 1.060707576000000074e+01 2.183048101999999744e+03 2.271440399999999954e+03
8.879999999999999005e+00 1.064114519999999864e+01 2.182764189999999871e+03 2.271440399999999954e+03
8.884999999999998010e+00 1.062411047999999880e+01 2.182906145999999808e+03 2.271440399999999954e+03
8.890000000000000568e+00 1.062411047999999880e+01 2.182906145999999808e+03 2.271440399999999954e+03
8.894999999999999574e+00 1.064114519999999864e+01 2.182764189999999871e+03 2.271440399999999954e+03
8.899999999999998579e+00 1.059596615999999969e+01 2.183140681999999742e+03 2.271440399999999954e+03
8.905000000000001137e+00 1.065225479999999969e+01 2.182671609999999873e+03 2.271440399999999954e+03
8.910000000000000142e+00 1.064114519999999864e+01 2.182764189999999871e+03 2.271440399999999954e+03
8.914999999999999147e+00 1.064669999999999916e+01 2.182717900000000100e+03 2.271440399999999954e+03
8.919999999999998153e+00 1.065225479999999969e+01 2.182671609999999873e+03 2.271440399999999954e+03
8.925000000000000711e+00 1.073150328000000009e+01 2.182011206000000129e+03 2.271440399999999954e+03
8.929999999999999716e+00 1.060707576000000074e+01 2.183048101999999744e+03 2.271440399999999954e+03
8.934999999999998721e+00 1.069187903999999989e+01 2.182341407999999774e+03 2.271440399999999954e+03
8.939999999999997726e+00 1.065225479999999969e+01 2.182671609999999873e+03 2.271440399999999954e+03
8.945000000000000284e+00 1.066373471999999900e+01 2.182575944000000163e+03 2.271440399999999954e+03
8.949999999999999289e+00 1.070891375999999973e+01 2.182199451999999837e+03 2.271440399999999954e+03
8.954999999999998295e+00 1.073705807999999884e+01 2.181964915999999903e+03 2.271440399999999954e+03
8.960000000000000853e+00 1.071446856000000025e+01 2.182153162000000066e+03 2.271440399999999954e+03
8.964999999999999858e+00 1.077112751999999851e+01 2.181681004000000030e+03 2.271440399999999954e+03
8.969999999999998863e+00 1.068076943999999884e+01 2.182433987999999772e+03 2.271440399999999954e+03
8.974999999999997868e+00 1.068632423999999936e+01 2.182387698000000000e+03 2.271440399999999954e+03
8.980000000000000426e+00 1.069187903999999989e+01 2.182341407999999774e+03 2.271440399999999954e+03
8.984999999999999432e+00 1.070891375999999973e+01 2.182199451999999837e+03 2.271440399999999954e+03
8.989999999999998437e+00 1.067484432000000005e+01 2.182483364000000165e+03 2.271440399999999954e+03
8.995000000000000995e+00 1.073705807999999884e+01 2.181964915999999903e+03 2.271440399999999954e+03
9.000000000000000000e+00 1.065817991999999848e+01 2.182622233999999935e+03 2.271440399999999954e+03
9.004999999999999005e+00 1.060152096000000022e+01 2.183094391999999971e+03 2.271440399999999954e+03
9.009999999999998010e+00 1.068632423999999936e+01 2.182387698000000000e+03 2.271440399999999954e+03
9.015000000000000568e+00 1.057893143999999985e+01 2.183282638000000134e+03 2.271440399999999954e+03
9.019999999999999574e+00 1.059004104000000090e+01 2.183190058000000136e+03 2.271440399999999954e+03
9.024999999999998579e+00 1.056745152000000054e+01 2.183378303999999844e+03 2.271440399999999954e+03
9.030000000000001137e+00 1.061263055999999949e+01 2.183001811999999973e+03 2.271440399999999954e+03
9.035000000000000142e+00 1.059596615999999969e+01 2.183140681999999742e+03 2.271440399999999954e+03
9.039999999999999147e+00 1.062411047999999880e+01 2.182906145999999808e+03 2.271440399999999954e+03
9.044999999999998153e+00 1.057337663999999933e+01 2.183328927999999905e+03 2.271440399999999954e+03
9.050000000000000711e+00 1.057893143999999985e+01 2.183282638000000134e+03 2.271440399999999954e+03
9.054999999999999716e+00 1.061855568000000005e+01 2.182952436000000034e+03 2.271440399999999954e+03
9.059999999999998721e+00 1.057893143999999985e+01 2.183282638000000134e+03 2.271440399999999954e+03
9.064999999999997726e+00 1.057337663999999933e+01 2.183328927999999905e+03 2.271440399999999954e+03
9.070000000000000284e+00 1.068076943999999884e+01 2.182433987999999772e+03 2.271440399999999954e+03
9.074999999999999289e+00 1.059004104000000090e+01 2.183190058000000136e+03 2.271440399999999954e+03
9.079999999999998295e+00 1.062411047999999880e+01 2.182906145999999808e+03 2.271440399999999954e+03
9.085000000000000853e+00 1.066928951999999953e+01 2.182529653999999937e+03 2.271440399999999954e+03
9.089999999999999858e+00 1.059004104000000090e+01 2.183190058000000136e+03 2.271440399999999954e+03
9.094999999999998863e+00 1.063559039999999811e+01 2.182810480000000098e+03 2.271440399999999954e+03
9.099999999999997868e+00 1.061855568000000005e+01 2.182952436000000034e+03 2.271440399999999954e+03
9.105000000000000426e+00 1.064114519999999864e+01 2.182764189999999871e+03 2.271440399999999954e+03
9.109999999999999432e+00 1.070335895999999920e+01 2.182245742000000064e+03 2.271440399999999954e+03
9.114999999999998437e+00 1.062966527999999933e+01 2.182859856000000036e+03 2.271440399999999954e+03
9.120000000000000995e+00 1.074261287999999936e+01 2.181918626000000131e+03 2.271440399999999954e+03
9.125000000000000000e+00 1.068076943999999884e+01 2.182433987999999772e+03 2.271440399999999954e+03
9.129999999999999005e+00 1.064669999999999916e+01 2.182717900000000100e+03 2.271440399999999954e+03
9.134999999999998010e+00 1.070335895999999920e+01 2.182245742000000064e+03 2.271440399999999954e+03
9.140000000000000568e+00 1.065225479999999969e+01 2.182671609999999873e+03 2.271440399999999954e+03
9.144999999999999574e+00 1.058448624000000038e+01 2.183236347999999907e+03 2.271440399999999954e+03
9.149999999999998579e+00 1.069187903999999989e+01 2.182341407999999774e+03 2.271440399999999954e+03
9.155000000000001137e+00 1.064114519999999864e+01 2.182764189999999871e+03 2.271440399999999954e+03
9.160000000000000142e+00 1.067484432000000005e+01 2.182483364000000165e+03 2.271440399999999954e+03
9.164999999999999147e+00 1.057337663999999933e+01 2.183328927999999905e+03 2.271440399999999954e+03
9.169999999999998153e+00 1.059596615999999969e+01 2.183140681999999742e+03 2.271440399999999954e+03
9.175000000000000711e+00 1.058448624000000038e+01 2.183236347999999907e+03 2.271440399999999954e+03
9.179999999999999716e+00 1.053930719999999965e+01 2.183612839999999778e+03 2.271440399999999954e+03
9.184999999999998721e+00 1.060152096000000022e+01 2.183094391999999971e+03 2.271440399999999954e+03
9.189999999999997726e+00 1.051671767999999929e+01 2.183801085999999941e+03 2.271440399999999954e+03
9.195000000000000284e+00 1.057337663999999933e+01 2.183328927999999905e+03 2.271440399999999954e+03
9.199999999999999289e+00 1.057893143999999985e+01 2.183282638000000134e+03 2.271440399999999954e+03
9.204999999999998295e+00 1.060707576000000074e+01 2.183048101999999744e+03 2.271440399999999954e+03
9.210000000000000853e+00 1.060707576000000074e+01 2.183048101999999744e+03 2.271440399999999954e+03
9.214999999999999858e+00 1.049968295999999945e+01 2.183943041999999878e+03 2.271440399999999954e+03
9.219999999999998863e+00 1.053375239999999913e+01 2.183659130000000005e+03 2.271440399999999954e+03
9.224999999999997868e+00 1.053930719999999965e+01 2.183612839999999778e+03 2.271440399999999954e+03
9.230000000000000426e+00 1.055078711999999896e+01 2.183517174000000068e+03 2.271440399999999954e+03
9.234999999999999432e+00 1.056745152000000054e+01 2.183378303999999844e+03 2.271440399999999954e+03
9.239999999999998437e+00 1.059004104000000090e+01 2.183190058000000136e+03 2.271440399999999954e+03
9.245000000000000995e+00 1.060707576000000074e+01 2.183048101999999744e+03 2.271440399999999954e+03
9.250000000000000000e+00 1.064669999999999916e+01 2.182717900000000100e+03 2.271440399999999954e+03
9.254999999999999005e+00 1.058448624000000038e+01 2.183236347999999907e+03 2.271440399999999954e+03
9.259999999999998010e+00 1.065817991999999848e+01 2.182622233999999935e+03 2.271440399999999954e+03
9.265000000000000568e+00 1.064114519999999864e+01 2.182764189999999871e+03 2.271440399999999954e+03
9.269999999999999574e+00 1.057893143999999985e+01 2.183282638000000134e+03 2.271440399999999954e+03
9.274999999999998579e+00 1.069743384000000042e+01 2.182295118000000002e+03 2.271440399999999954e+03
9.280000000000001137e+00 1.070891375999999973e+01 2.182199451999999837e+03 2.271440399999999954e+03
9.285000000000000142e+00 1.063559039999999811e+01 2.182810480000000098e+03 2.271440399999999954e+03
9.289999999999999147e+00 1.059004104000000090e+01 2.183190058000000136e+03 2.271440399999999954e+03
9.294999999999998153e+00 1.057893143999999985e+01 2.183282638000000134e+03 2.271440399999999954e+03
9.300000000000000711e+00 1.065225479999999969e+01 2.182671609999999873e+03 2.271440399999999954e+03
9.304999999999999716e+00 1.067484432000000005e+01 2.182483364000000165e+03 2.271440399999999954e+03
9.309999999999998721e+00 1.069743384000000042e+01 2.182295118000000002e+03 2.271440399999999954e+03
9.314999999999997726e+00 1.067484432000000005e+01 2.182483364000000165e+03 2.271440399999999954e+03
9.320000000000000284e+00 1.070891375999999973e+01 2.182199451999999837e+03 2.271440399999999954e+03
9.324999999999999289e+00 1.064669999999999916e+01 2.182717900000000100e+03 2.271440399999999954e+03
9.329999999999998295e+00 1.059596615999999969e+01 2.183140681999999742e+03 2.271440399999999954e+03
9.335000000000000853e+00 1.059596615999999969e+01 2.183140681999999742e+03 2.271440399999999954e+03
9.339999999999999858e+00 1.056189672000000002e+01 2.183424594000000070e+03 2.271440399999999954e+03
9.344999999999998863e+00 1.062966527999999933e+01 2.182859856000000036e+03 2.271440399999999954e+03
9.349999999999997868e+00 1.062411047999999880e+01 2.182906145999999808e+03 2.271440399999999954e+03
9.355000000000000426e+00 1.059596615999999969e+01 2.183140681999999742e+03 2.271440399999999954e+03
9.359999999999999432e+00 1.061263055999999949e+01 2.183001811999999973e+03 2.271440399999999954e+03
9.364999999999998437e+00 1.054486200000000018e+01 2.183566550000000007e+03 2.271440399999999954e+03
9.370000000000000995e+00 1.057893143999999985e+01 2.183282638000000134e+03 2.271440399999999954e+03
9.375000000000000000e+00 1.051116287999999876e+01 2.183847376000000168e+03 2.271440399999999954e+03
9.379999999999999005e+00 1.053375239999999913e+01 2.183659130000000005e+03 2.271440399999999954e+03
9.384999999999998010e+00 1.051671767999999929e+01 2.183801085999999941e+03 2.271440399999999954e+03
9.390000000000000568e+00 1.057893143999999985e+01 2.183282638000000134e+03 2.271440399999999954e+03
9.394999999999999574e+00 1.047709344000000087e+01 2.184131288000000040e+03 2.271440399999999954e+03
9.399999999999998579e+00 1.055078711999999896e+01 2.183517174000000068e+03 2.271440399999999954e+03
9.405000000000001137e+00 1.053930719999999965e+01 2.183612839999999778e+03 2.271440399999999954e+03
9.410000000000000142e+00 1.053375239999999913e+01 2.183659130000000005e+03 2.271440399999999954e+03
9.414999999999999147e+00 1.055078711999999896e+01 2.183517174000000068e+03 2.271440399999999954e+03
9.419999999999998153e+00 1.057893143999999985e+01 2.183282638000000134e+03 2.271440399999999954e+03
9.425000000000000711e+00 1.048857336000000018e+01 2.184035621999999876e+03 2.271440399999999954e+03
9.429999999999999716e+00 1.056745152000000054e+01 2.183378303999999844e+03 2.271440399999999954e+03
9.434999999999998721e+00 1.052227247999999982e+01 2.183754796000000169e+03 2.271440399999999954e+03
9.439999999999997726e+00 1.057337663999999933e+01 2.183328927999999905e+03 2.271440399999999954e+03
9.445000000000000284e+00 1.053375239999999913e+01 2.183659130000000005e+03 2.271440399999999954e+03
9.449999999999999289e+00 1.051116287999999876e+01 2.183847376000000168e+03 2.271440399999999954e+03
9.454999999999998295e+00 1.058448624000000038e+01 2.183236347999999907e+03 2.271440399999999954e+03
9.460000000000000853e+00 1.061855568000000005e+01 2.182952436000000034e+03 2.271440399999999954e+03
9.464999999999999858e+00 1.061263055999999949e+01 2.183001811999999973e+03 2.271440399999999954e+03
9.469999999999998863e+00 1.060707576000000074e+01 2.183048101999999744e+03 2.271440399999999954e+03
9.474999999999997868e+00 1.056189672000000002e+01 2.183424594000000070e+03 2.271440399999999954e+03
9.480000000000000426e+00 1.057893143999999985e+01 2.183282638000000134e+03 2.271440399999999954e+03
9.484999999999999432e+00 1.059596615999999969e+01 2.183140681999999742e+03 2.271440399999999954e+03
9.489999999999998437e+00 1.061263055999999949e+01 2.183001811999999973e+03 2.271440399999999954e+03
9.495000000000000995e+00 1.065817991999999848e+01 2.182622233999999935e+03 2.271440399999999954e+03
9.500000000000000000e+00 1.052819759999999860e+01 2.183705419999999776e+03 2.271440399999999954e+03
9.504999999999999005e+00 1.059004104000000090e+01 2.183190058000000136e+03 2.271440399999999954e+03
9.509999999999998010e+00 1.055078711999999896e+01 2.183517174000000068e+03 2.271440399999999954e+03
9.515000000000000568e+00 1.055634191999999949e+01 2.183470883999999842e+03 2.271440399999999954e+03
9.519999999999999574e+00 1.061855568000000005e+01 2.182952436000000034e+03 2.271440399999999954e+03
9.524999999999998579e+00 1.051671767999999929e+01 2.183801085999999941e+03 2.271440399999999954e+03
9.530000000000001137e+00 1.054486200000000018e+01 2.183566550000000007e+03 2.271440399999999954e+03
9.535000000000000142e+00 1.052819759999999860e+01 2.183705419999999776e+03 2.271440399999999954e+03
9.539999999999999147e+00 1.045450392000000051e+01 2.184319533999999749e+03 2.271440399999999954e+03
9.544999999999998153e+00 1.052819759999999860e+01 2.183705419999999776e+03 2.271440399999999954e+03
9.550000000000000711e+00 1.047709344000000087e+01 2.184131288000000040e+03 2.271440399999999954e+03
9.554999999999999716e+00 1.052819759999999860e+01 2.183705419999999776e+03 2.271440399999999954e+03
9.559999999999998721e+00 1.051671767999999929e+01 2.183801085999999941e+03 2.271440399999999954e+03
9.564999999999997726e+00 1.050560808000000002e+01 2.183893665999999939e+03 2.271440399999999954e+03
9.570000000000000284e+00 1.054486200000000018e+01 2.183566550000000007e+03 2.271440399999999954e+03
9.574999999999999289e+00 1.051671767999999929e+01 2.183801085999999941e+03 2.271440399999999954e+03
9.579999999999998295e+00 1.052227247999999982e+01 2.183754796000000169e+03 2.271440399999999954e+03
9.585000000000000853e+00 1.056745152000000054e+01 2.183378303999999844e+03 2.271440399999999954e+03
9.589999999999999858e+00 1.053375239999999913e+01 2.183659130000000005e+03 2.271440399999999954e+03
9.594999999999998863e+00 1.051116287999999876e+01 2.183847376000000168e+03 2.271440399999999954e+03
9.599999999999997868e+00 1.057337663999999933e+01 2.183328927999999905e+03 2.271440399999999954e+03
9.605000000000000426e+00 1.059004104000000090e+01 2.183190058000000136e+03 2.271440399999999954e+03
9.609999999999999432e+00 1.055634191999999949e+01 2.183470883999999842e+03 2.271440399999999954e+03
9.614999999999998437e+00 1.061263055999999949e+01 2.183001811999999973e+03 2.271440399999999954e+03
9.620000000000000995e+00 1.062966527999999933e+01 2.182859856000000036e+03 2.271440399999999954e+03
9.625000000000000000e+00 1.055634191999999949e+01 2.183470883999999842e+03 2.271440399999999954e+03
9.629999999999999005e+00 1.053375239999999913e+01 2.183659130000000005e+03 2.271440399999999954e+03
9.634999999999998010e+00 1.056745152000000054e+01 2.183378303999999844e+03 2.271440399999999954e+03
9.640000000000000568e+00 1.049412816000000070e+01 2.183989332000000104e+03 2.271440399999999954e+03
9.644999999999999574e+00 1.057893143999999985e+01 2.183282638000000134e+03 2.271440399999999954e+03
9.649999999999998579e+00 1.055634191999999949e+01 2.183470883999999842e+03 2.271440399999999954e+03
9.655000000000001137e+00 1.059596615999999969e+01 2.183140681999999742e+03 2.271440399999999954e+03
9.660000000000000142e+00 1.058448624000000038e+01 2.183236347999999907e+03 2.271440399999999954e+03
9.664999999999999147e+00 1.058448624000000038e+01 2.183236347999999907e+03 2.271440399999999954e+03
9.669999999999998153e+00 1.062966527999999933e+01 2.182859856000000036e+03 2.271440399999999954e+03
9.675000000000000711e+00 1.060707576000000074e+01 2.183048101999999744e+03 2.271440399999999954e+03
9.679999999999999716e+00 1.055634191999999949e+01 2.183470883999999842e+03 2.271440399999999954e+03
9.684999999999998721e+00 1.062966527999999933e+01 2.182859856000000036e+03 2.271440399999999954e+03
9.689999999999997726e+00 1.058448624000000038e+01 2.183236347999999907e+03 2.271440399999999954e+03
9.695000000000000284e+00 1.058448624000000038e+01 2.183236347999999907e+03 2.271440399999999954e+03
9.699999999999999289e+00 1.056745152000000054e+01 2.183378303999999844e+03 2.271440399999999954e+03
9.704999999999998295e+00 1.058448624000000038e+01 2.183236347999999907e+03 2.271440399999999954e+03
9.710000000000000853e+00 1.053930719999999965e+01 2.183612839999999778e+03 2.271440399999999954e+03
9.714999999999999858e+00 1.055078711999999896e+01 2.183517174000000068e+03 2.271440399999999954e+03
9.719999999999998863e+00 1.052227247999999982e+01 2.183754796000000169e+03 2.271440399999999954e+03
9.724999999999997868e+00 1.048301855999999965e+01 2.184081912000000102e+03 2.271440399999999954e+03
9.730000000000000426e+00 1.053930719999999965e+01 2.183612839999999778e+03 2.271440399999999954e+03
9.734999999999999432e+00 1.050560808000000002e+01 2.183893665999999939e+03 2.271440399999999954e+03
9.739999999999998437e+00 1.060152096000000022e+01 2.183094391999999971e+03 2.271440399999999954e+03
9.745000000000000995e+00 1.057337663999999933e+01 2.183328927999999905e+03 2.271440399999999954e+03
9.750000000000000000e+00 1.056189672000000002e+01 2.183424594000000070e+03 2.271440399999999954e+03
9.754999999999999005e+00 1.056189672000000002e+01 2.183424594000000070e+03 2.271440399999999954e+03
9.759999999999998010e+00 1.053930719999999965e+01 2.183612839999999778e+03 2.271440399999999954e+03
9.765000000000000568e+00 1.058448624000000038e+01 2.183236347999999907e+03 2.271440399999999954e+03
9.769999999999999574e+00 1.062411047999999880e+01 2.182906145999999808e+03 2.271440399999999954e+03
9.774999999999998579e+00 1.059596615999999969e+01 2.183140681999999742e+03 2.271440399999999954e+03
9.780000000000001137e+00 1.059004104000000090e+01 2.183190058000000136e+03 2.271440399999999954e+03
9.785000000000000142e+00 1.067484432000000005e+01 2.182483364000000165e+03 2.271440399999999954e+03
9.789999999999999147e+00 1.062966527999999933e+01 2.182859856000000036e+03 2.271440399999999954e+03
9.794999999999998153e+00 1.057893143999999985e+01 2.183282638000000134e+03 2.271440399999999954e+03
9.800000000000000711e+00 1.055634191999999949e+01 2.183470883999999842e+03 2.271440399999999954e+03
9.804999999999999716e+00 1.056745152000000054e+01 2.183378303999999844e+03 2.271440399999999954e+03
9.809999999999998721e+00 1.054486200000000018e+01 2.183566550000000007e+03 2.271440399999999954e+03
9.814999999999997726e+00 1.058448624000000038e+01 2.183236347999999907e+03 2.271440399999999954e+03
9.820000000000000284e+00 1.055634191999999949e+01 2.183470883999999842e+03 2.271440399999999954e+03
9.824999999999999289e+00 1.052819759999999860e+01 2.183705419999999776e+03 2.271440399999999954e+03
9.829999999999998295e+00 1.055078711999999896e+01 2.183517174000000068e+03 2.271440399999999954e+03
9.835000000000000853e+00 1.056745152000000054e+01 2.183378303999999844e+03 2.271440399999999954e+03
9.839999999999999858e+00 1.055078711999999896e+01 2.183517174000000068e+03 2.271440399999999954e+03
9.844999999999998863e+00 1.056189672000000002e+01 2.183424594000000070e+03 2.271440399999999954e+03
9.849999999999997868e+00 1.056189672000000002e+01 2.183424594000000070e+03 2.271440399999999954e+03
9.855000000000000426e+00 1.047709344000000087e+01 2.184131288000000040e+03 2.271440399999999954e+03
9.859999999999999432e+00 1.046598383999999982e+01 2.184223868000000039e+03 2.271440399999999954e+03
9.864999999999998437e+00 1.053375239999999913e+01 2.183659130000000005e+03 2.271440399999999954e+03
9.870000000000000995e+00 1.049412816000000070e+01 2.183989332000000104e+03 2.271440399999999954e+03
9.875000000000000000e+00 1.051116287999999876e+01 2.183847376000000168e+03 2.271440399999999954e+03
9.879999999999999005e+00 1.049968295999999945e+01 2.183943041999999878e+03 2.271440399999999954e+03
9.884999999999998010e+00 1.050560808000000002e+01 2.183893665999999939e+03 2.271440399999999954e+03
9.890000000000000568e+00 1.053930719999999965e+01 2.183612839999999778e+03 2.271440399999999954e+03
9.894999999999999574e+00 1.051116287999999876e+01 2.183847376000000168e+03 2.271440399999999954e+03
9.899999999999998579e+00 1.049968295999999945e+01 2.183943041999999878e+03 2.271440399999999954e+03
9.905000000000001137e+00 1.053375239999999913e+01 2.183659130000000005e+03 2.271440399999999954e+03
9.910000000000000142e+00 1.056189672000000002e+01 2.183424594000000070e+03 2.271440399999999954e+03
9.914999999999999147e+00 1.051671767999999929e+01 2.183801085999999941e+03 2.271440399999999954e+03
9.919999999999998153e+00 1.058448624000000038e+01 2.183236347999999907e+03 2.271440399999999954e+03
9.925000000000000711e+00 1.050560808000000002e+01 2.183893665999999939e+03 2.271440399999999954e+03
9.929999999999999716e+00 1.051671767999999929e+01 2.183801085999999941e+03 2.271440399999999954e+03
9.934999999999998721e+00 1.045450392000000051e+01 2.184319533999999749e+03 2.271440399999999954e+03
9.939999999999997726e+00 1.046005872000000103e+01 2.184273243999999977e+03 2.271440399999999954e+03
9.945000000000000284e+00 1.053375239999999913e+01 2.183659130000000005e+03 2.271440399999999954e+03
9.949999999999999289e+00 1.047709344000000087e+01 2.184131288000000040e+03 2.271440399999999954e+03
9.954999999999998295e+00 1.048301855999999965e+01 2.184081912000000102e+03 2.271440399999999954e+03
9.960000000000000853e+00 1.052227247999999982e+01 2.183754796000000169e+03 2.271440399999999954e+03
9.964999999999999858e+00 1.045450392000000051e+01 2.184319533999999749e+03 2.271440399999999954e+03
9.969999999999998863e+00 1.054486200000000018e+01 2.183566550000000007e+03 2.271440399999999954e+03
9.974999999999997868e+00 1.048301855999999965e+01 2.184081912000000102e+03 2.271440399999999954e+03
9.980000000000000426e+00 1.044894911999999998e+01 2.184365823999999975e+03 2.271440399999999954e+03
9.984999999999999432e+00 1.049968295999999945e+01 2.183943041999999878e+03 2.271440399999999954e+03
9.989999999999998437e+00 1.047709344000000087e+01 2.184131288000000040e+03 2.271440399999999954e+03
9.995000000000000995e+00 1.046005872000000103e+01 2.184273243999999977e+03 2.271440399999999954e+03
1.000000000000000000e+01 1.047709344000000087e+01 2.184131288000000040e+03 2.271440399999999954e+03
1.000499999999999901e+01 1.048857336000000018e+01 2.184035621999999876e+03 2.271440399999999954e+03
1.000999999999999801e+01 1.046598383999999982e+01 2.184223868000000039e+03 2.271440399999999954e+03
1.001500000000000057e+01 1.042635959999999962e+01 2.184554070000000138e+03 2.271440399999999954e+03
1.001999999999999957e+01 1.058448624000000038e+01 2.183236347999999907e+03 2.271440399999999954e+03
1.002499999999999858e+01 1.052227247999999982e+01 2.183754796000000169e+03 2.271440399999999954e+03
1.003000000000000114e+01 1.051671767999999929e+01 2.183801085999999941e+03 2.271440399999999954e+03
1.003500000000000014e+01 1.052819759999999860e+01 2.183705419999999776e+03 2.271440399999999954e+03
1.003999999999999915e+01 1.055078711999999896e+01 2.183517174000000068e+03 2.271440399999999954e+03
1.004499999999999815e+01 1.049412816000000070e+01 2.183989332000000104e+03 2.271440399999999954e+03
1.005000000000000071e+01 1.049968295999999945e+01 2.183943041999999878e+03 2.271440399999999954e+03
1.005499999999999972e+01 1.049968295999999945e+01 2.183943041999999878e+03 2.271440399999999954e+03
1.005999999999999872e+01 1.047709344000000087e+01 2.184131288000000040e+03 2.271440399999999954e+03
1.006499999999999773e+01 1.048857336000000018e+01 2.184035621999999876e+03 2.271440399999999954e+03
1.007000000000000028e+01 1.052819759999999860e+01 2.183705419999999776e+03 2.271440399999999954e+03
1.007499999999999929e+01 1.047709344000000087e+01 2.184131288000000040e+03 2.271440399999999954e+03
1.007999999999999829e+01 1.052819759999999860e+01 2.183705419999999776e+03 2.271440399999999954e+03
1.008500000000000085e+01 1.053375239999999913e+01 2.183659130000000005e+03 2.271440399999999954e+03
1.008999999999999986e+01 1.042635959999999962e+01 2.184554070000000138e+03 2.271440399999999954e+03
1.009499999999999886e+01 1.049412816000000070e+01 2.183989332000000104e+03 2.271440399999999954e+03
1.009999999999999787e+01 1.047153864000000034e+01 2.184177577999999812e+03 2.271440399999999954e+03
1.010500000000000043e+01 1.051671767999999929e+01 2.183801085999999941e+03 2.271440399999999954e+03
1.010999999999999943e+01 1.057337663999999933e+01 2.183328927999999905e+03 2.271440399999999954e+03
1.011499999999999844e+01 1.053375239999999913e+01 2.183659130000000005e+03 2.271440399999999954e+03
1.012000000000000099e+01 1.059004104000000090e+01 2.183190058000000136e+03 2.271440399999999954e+03
1.012500000000000000e+01 1.052227247999999982e+01 2.183754796000000169e+03 2.271440399999999954e+03
1.012999999999999901e+01 1.055078711999999896e+01 2.183517174000000068e+03 2.271440399999999954e+03
1.013499999999999801e+01 1.053375239999999913e+01 2.183659130000000005e+03 2.271440399999999954e+03
1.014000000000000057e+01 1.046005872000000103e+01 2.184273243999999977e+03 2.271440399999999954e+03
1.014499999999999957e+01 1.051671767999999929e+01 2.183801085999999941e+03 2.271440399999999954e+03
1.014999999999999858e+01 1.045450392000000051e+01 2.184319533999999749e+03 2.271440399999999954e+03
1.015500000000000114e+01 1.050560808000000002e+01 2.183893665999999939e+03 2.271440399999999954e+03
1.016000000000000014e+01 1.052227247999999982e+01 2.183754796000000169e+03 2.271440399999999954e+03
1.016499999999999915e+01 1.048301855999999965e+01 2.184081912000000102e+03 2.271440399999999954e+03
1.016999999999999815e+01 1.054486200000000018e+01 2.183566550000000007e+03 2.271440399999999954e+03
1.017500000000000071e+01 1.049968295999999945e+01 2.183943041999999878e+03 2.271440399999999954e+03
1.017999999999999972e+01 1.047709344000000087e+01 2.184131288000000040e+03 2.271440399999999954e+03
1.018499999999999872e+01 1.049412816000000070e+01 2.183989332000000104e+03 2.271440399999999954e+03
1.018999999999999773e+01 1.049412816000000070e+01 2.183989332000000104e+03 2.271440399999999954e+03
1.019500000000000028e+01 1.059004104000000090e+01 2.183190058000000136e+03 2.271440399999999954e+03
1.019999999999999929e+01 1.053375239999999913e+01 2.183659130000000005e+03 2.271440399999999954e+03
1.020499999999999829e+01 1.053375239999999913e+01 2.183659130000000005e+03 2.271440399999999954e+03
1.021000000000000085e+01 1.052227247999999982e+01 2.183754796000000169e+03 2.271440399999999954e+03
1.021499999999999986e+01 1.049968295999999945e+01 2.183943041999999878e+03 2.271440399999999954e+03
1.021999999999999886e+01 1.055078711999999896e+01 2.183517174000000068e+03 2.271440399999999954e+03
1.022499999999999787e+01 1.055634191999999949e+01 2.183470883999999842e+03 2.271440399999999954e+03
1.023000000000000043e+01 1.053375239999999913e+01 2.183659130000000005e+03 2.271440399999999954e+03
1.023499999999999943e+01 1.049412816000000070e+01 2.183989332000000104e+03 2.271440399999999954e+03
1.023999999999999844e+01 1.051671767999999929e+01 2.183801085999999941e+03 2.271440399999999954e+03
1.024500000000000099e+01 1.049412816000000070e+01 2.183989332000000104e+03 2.271440399999999954e+03
1.025000000000000000e+01 1.048857336000000018e+01 2.184035621999999876e+03 2.271440399999999954e+03
1.025499999999999901e+01 1.048857336000000018e+01 2.184035621999999876e+03 2.271440399999999954e+03
1.025999999999999801e+01 1.046005872000000103e+01 2.184273243999999977e+03 2.271440399999999954e+03
1.026500000000000057e+01 1.038673535999999942e+01 2.184884271999999783e+03 2.271440399999999954e+03
1.026999999999999957e+01 1.051116287999999876e+01 2.183847376000000168e+03 2.271440399999999954e+03
1.027499999999999858e+01 1.049412816000000070e+01 2.183989332000000104e+03 2.271440399999999954e+03
1.028000000000000114e+01 1.048301855999999965e+01 2.184081912000000102e+03 2.271440399999999954e+03
1.028500000000000014e+01 1.042635959999999962e+01 2.184554070000000138e+03 2.271440399999999954e+03
1.028999999999999915e+01 1.042635959999999962e+01 2.184554070000000138e+03 2.271440399999999954e+03
1.029499999999999815e+01 1.043191440000000014e+01 2.184507779999999912e+03 2.271440399999999954e+03
1.030000000000000071e+01 1.042635959999999962e+01 2.184554070000000138e+03 2.271440399999999954e+03
1.030499999999999972e+01 1.044339431999999945e+01 2.184412113999999747e+03 2.271440399999999954e+03
1.030999999999999872e+01 1.047153864000000034e+01 2.184177577999999812e+03 2.271440399999999954e+03
1.031499999999999773e+01 1.050560808000000002e+01 2.183893665999999939e+03 2.271440399999999954e+03
1.032000000000000028e+01 1.048301855999999965e+01 2.184081912000000102e+03 2.271440399999999954e+03
1.032499999999999929e+01 1.040377007999999925e+01 2.184742315999999846e+03 2.271440399999999954e+03
1.032999999999999829e+01 1.045450392000000051e+01 2.184319533999999749e+03 2.271440399999999954e+03
1.033500000000000085e+01 1.038673535999999942e+01 2.184884271999999783e+03 2.271440399999999954e+03
1.033999999999999986e+01 1.034155632000000047e+01 2.185260764000000108e+03 2.271440399999999954e+03
1.034499999999999886e+01 1.040932487999999978e+01 2.184696026000000074e+03 2.271440399999999954e+03
1.034999999999999787e+01 1.043746920000000067e+01 2.184461490000000140e+03 2.271440399999999954e+03
1.035500000000000043e+01 1.047153864000000034e+01 2.184177577999999812e+03 2.271440399999999954e+03
1.035999999999999943e+01 1.038673535999999942e+01 2.184884271999999783e+03 2.271440399999999954e+03
1.036499999999999844e+01 1.039821527999999873e+01 2.184788606000000073e+03 2.271440399999999954e+03
1.037000000000000099e+01 1.045450392000000051e+01 2.184319533999999749e+03 2.271440399999999954e+03
1.037500000000000000e+01 1.035859104000000031e+01 2.185118808000000172e+03 2.271440399999999954e+03
1.037999999999999901e+01 1.044339431999999945e+01 2.184412113999999747e+03 2.271440399999999954e+03
1.038499999999999801e+01 1.040932487999999978e+01 2.184696026000000074e+03 2.271440399999999954e+03
1.039000000000000057e+01 1.033007639999999938e+01 2.185356429999999818e+03 2.271440399999999954e+03
1.039499999999999957e+01 1.033600151999999994e+01 2.185307053999999880e+03 2.271440399999999954e+03
1.039999999999999858e+01 1.033007639999999938e+01 2.185356429999999818e+03 2.271440399999999954e+03
1.040500000000000114e+01 1.037562576000000014e+01 2.184976851999999781e+03 2.271440399999999954e+03
1.041000000000000014e+01 1.031341199999999958e+01 2.185495300000000043e+03 2.271440399999999954e+03
1.041499999999999915e+01 1.040932487999999978e+01 2.184696026000000074e+03 2.271440399999999954e+03
1.041999999999999815e+01 1.040377007999999925e+01 2.184742315999999846e+03 2.271440399999999954e+03
1.042500000000000071e+01 1.040377007999999925e+01 2.184742315999999846e+03 2.271440399999999954e+03
1.042999999999999972e+01 1.047709344000000087e+01 2.184131288000000040e+03 2.271440399999999954e+03
1.043499999999999872e+01 1.045450392000000051e+01 2.184319533999999749e+03 2.271440399999999954e+03
1.043999999999999773e+01 1.046005872000000103e+01 2.184273243999999977e+03 2.271440399999999954e+03
1.044500000000000028e+01 1.053930719999999965e+01 2.183612839999999778e+03 2.271440399999999954e+03
1.044999999999999929e+01 1.047153864000000034e+01 2.184177577999999812e+03 2.271440399999999954e+03
1.045499999999999829e+01 1.051671767999999929e+01 2.183801085999999941e+03 2.271440399999999954e+03
1.046000000000000085e+01 1.048301855999999965e+01 2.184081912000000102e+03 2.271440399999999954e+03
1.046499999999999986e+01 1.047153864000000034e+01 2.184177577999999812e+03 2.271440399999999954e+03
1.046999999999999886e+01 1.057893143999999985e+01 2.183282638000000134e+03 2.271440399999999954e+03
1.047499999999999787e+01 1.037562576000000014e+01 2.184976851999999781e+03 2.271440399999999954e+03
1.048000000000000043e+01 1.048857336000000018e+01 2.184035621999999876e+03 2.271440399999999954e+03
1.048499999999999943e+01 1.051116287999999876e+01 2.183847376000000168e+03 2.271440399999999954e+03
1.048999999999999844e+01 1.040932487999999978e+01 2.184696026000000074e+03 2.271440399999999954e+03
1.049500000000000099e+01 1.045450392000000051e+01 2.184319533999999749e+03 2.271440399999999954e+03
1.050000000000000000e+01 1.047709344000000087e+01 2.184131288000000040e+03 2.271440399999999954e+03
1.050499999999999901e+01 1.052227247999999982e+01 2.183754796000000169e+03 2.271440399999999954e+03
1.050999999999999801e+01 1.046598383999999982e+01 2.184223868000000039e+03 2.271440399999999954e+03
1.051500000000000057e+01 1.048857336000000018e+01 2.184035621999999876e+03 2.271440399999999954e+03
1.051999999999999957e+01 1.044339431999999945e+01 2.184412113999999747e+03 2.271440399999999954e+03
1.052499999999999858e+01 1.044339431999999945e+01 2.184412113999999747e+03 2.271440399999999954e+03
1.053000000000000114e+01 1.045450392000000051e+01 2.184319533999999749e+03 2.271440399999999954e+03
1.053500000000000014e+01 1.036970063999999958e+01 2.185026228000000174e+03 2.271440399999999954e+03
1.053999999999999915e+01 1.036414584000000083e+01 2.185072517999999945e+03 2.271440399999999954e+03
1.054499999999999815e+01 1.038673535999999942e+01 2.184884271999999783e+03 2.271440399999999954e+03
1.055000000000000071e+01 1.038673535999999942e+01 2.184884271999999783e+03 2.271440399999999954e+03
1.055499999999999972e+01 1.042635959999999962e+01 2.184554070000000138e+03 2.271440399999999954e+03
1.055999999999999872e+01 1.037562576000000014e+01 2.184976851999999781e+03 2.271440399999999954e+03
1.056499999999999773e+01 1.040932487999999978e+01 2.184696026000000074e+03 2.271440399999999954e+03
1.057000000000000028e+01 1.043191440000000014e+01 2.184507779999999912e+03 2.271440399999999954e+03
1.057499999999999929e+01 1.038673535999999942e+01 2.184884271999999783e+03 2.271440399999999954e+03
1.057999999999999829e+01 1.034711112000000099e+01 2.185214473999999882e+03 2.271440399999999954e+03
1.058500000000000085e+01 1.040377007999999925e+01 2.184742315999999846e+03 2.271440399999999954e+03
1.058999999999999986e+01 1.033007639999999938e+01 2.185356429999999818e+03 2.271440399999999954e+03
1.059499999999999886e+01 1.040932487999999978e+01 2.184696026000000074e+03 2.271440399999999954e+03
1.059999999999999787e+01 1.034711112000000099e+01 2.185214473999999882e+03 2.271440399999999954e+03
1.060500000000000043e+01 1.034155632000000047e+01 2.185260764000000108e+03 2.271440399999999954e+03
1.060999999999999943e+01 1.034711112000000099e+01 2.185214473999999882e+03 2.271440399999999954e+03
1.061499999999999844e+01 1.035859104000000031e+01 2.185118808000000172e+03 2.271440399999999954e+03
1.062000000000000099e+01 1.034711112000000099e+01 2.185214473999999882e+03 2.271440399999999954e+03
1.062500000000000000e+01 1.029082247999999922e+01 2.185683545999999751e+03 2.271440399999999954e+03
1.062999999999999901e+01 1.034711112000000099e+01 2.185214473999999882e+03 2.271440399999999954e+03
1.063499999999999801e+01 1.031341199999999958e+01 2.185495300000000043e+03 2.271440399999999954e+03
1.064000000000000057e+01 1.033007639999999938e+01 2.185356429999999818e+03 2.271440399999999954e+03
1.064499999999999957e+01 1.031341199999999958e+01 2.185495300000000043e+03 2.271440399999999954e+03
1.064999999999999858e+01 1.034155632000000047e+01 2.185260764000000108e+03 2.271440399999999954e+03
1.065500000000000114e+01 1.042635959999999962e+01 2.184554070000000138e+03 2.271440399999999954e+03
1.066000000000000014e+01 1.033600151999999994e+01 2.185307053999999880e+03 2.271440399999999954e+03
1.066499999999999915e+01 1.034711112000000099e+01 2.185214473999999882e+03 2.271440399999999954e+03
1.066999999999999815e+01 1.037562576000000014e+01 2.184976851999999781e+03 2.271440399999999954e+03
1.067500000000000071e+01 1.026823296000000063e+01 2.185871791999999914e+03 2.271440399999999954e+03
1.067999999999999972e+01 1.028489735999999866e+01 2.185732922000000144e+03 2.271440399999999954e+03
1.068499999999999872e+01 1.038118056000000067e+01 2.184930562000000009e+03 2.271440399999999954e+03
1.068999999999999773e+01 1.033600151999999994e+01 2.185307053999999880e+03 2.271440399999999954e+03
1.069500000000000028e+01 1.037562576000000014e+01 2.184976851999999781e+03 2.271440399999999954e+03
1.069999999999999929e+01 1.037562576000000014e+01 2.184976851999999781e+03 2.271440399999999954e+03
1.070499999999999829e+01 1.041487968000000031e+01 2.184649735999999848e+03 2.271440399999999954e+03
1.071000000000000085e+01 1.033007639999999938e+01 2.185356429999999818e+03 2.271440399999999954e+03
1.071499999999999986e+01 1.032452160000000063e+01 2.185402720000000045e+03 2.271440399999999954e+03
1.071999999999999886e+01 1.038118056000000067e+01 2.184930562000000009e+03 2.271440399999999954e+03
1.072499999999999787e+01 1.033007639999999938e+01 2.185356429999999818e+03 2.271440399999999954e+03
1.073000000000000043e+01 1.031896680000000011e+01 2.185449009999999817e+03 2.271440399999999954e+03
1.073499999999999943e+01 1.040932487999999978e+01 2.184696026000000074e+03 2.271440399999999954e+03
1.073999999999999844e+01 1.039821527999999873e+01 2.184788606000000073e+03 2.271440399999999954e+03
1.074500000000000099e+01 1.042635959999999962e+01 2.184554070000000138e+03 2.271440399999999954e+03
1.075000000000000000e+01 1.044339431999999945e+01 2.184412113999999747e+03 2.271440399999999954e+03
1.075499999999999901e+01 1.042080479999999909e+01 2.184600359999999910e+03 2.271440399999999954e+03
1.075999999999999801e+01 1.039229015999999994e+01 2.184837982000000011e+03 2.271440399999999954e+03
1.076500000000000057e+01 1.042080479999999909e+01 2.184600359999999910e+03 2.271440399999999954e+03
1.076999999999999957e+01 1.048301855999999965e+01 2.184081912000000102e+03 2.271440399999999954e+03
1.077499999999999858e+01 1.039229015999999994e+01 2.184837982000000011e+03 2.271440399999999954e+03
1.078000000000000114e+01 1.045450392000000051e+01 2.184319533999999749e+03 2.271440399999999954e+03
1.078500000000000014e+01 1.043746920000000067e+01 2.184461490000000140e+03 2.271440399999999954e+03
1.078999999999999915e+01 1.040932487999999978e+01 2.184696026000000074e+03 2.271440399999999954e+03
1.079499999999999815e+01 1.036970063999999958e+01 2.185026228000000174e+03 2.271440399999999954e+03
1.080000000000000071e+01 1.040932487999999978e+01 2.184696026000000074e+03 2.271440399999999954e+03
1.080499999999999972e+01 1.038118056000000067e+01 2.184930562000000009e+03 2.271440399999999954e+03
1.080999999999999872e+01 1.036970063999999958e+01 2.185026228000000174e+03 2.271440399999999954e+03
1.081499999999999773e+01 1.037562576000000014e+01 2.184976851999999781e+03 2.271440399999999954e+03
1.082000000000000028e+01 1.042635959999999962e+01 2.184554070000000138e+03 2.271440399999999954e+03
1.082499999999999929e+01 1.029082247999999922e+01 2.185683545999999751e+03 2.271440399999999954e+03
1.082999999999999829e+01 1.033600151999999994e+01 2.185307053999999880e+03 2.271440399999999954e+03
1.083500000000000085e+01 1.035303623999999978e+01 2.185165097999999944e+03 2.271440399999999954e+03
1.083999999999999986e+01 1.036414584000000083e+01 2.185072517999999945e+03 2.271440399999999954e+03
1.084499999999999886e+01 1.034711112000000099e+01 2.185214473999999882e+03 2.271440399999999954e+03
1.084999999999999787e+01 1.038118056000000067e+01 2.184930562000000009e+03 2.271440399999999954e+03
1.085500000000000043e+01 1.036414584000000083e+01 2.185072517999999945e+03 2.271440399999999954e+03
1.085999999999999943e+01 1.038673535999999942e+01 2.184884271999999783e+03 2.271440399999999954e+03
1.086499999999999844e+01 1.046598383999999982e+01 2.184223868000000039e+03 2.271440399999999954e+03
1.087000000000000099e+01 1.040377007999999925e+01 2.184742315999999846e+03 2.271440399999999954e+03
1.087500000000000000e+01 1.035859104000000031e+01 2.185118808000000172e+03 2.271440399999999954e+03
1.087999999999999901e+01 1.031341199999999958e+01 2.185495300000000043e+03 2.271440399999999954e+03
1.088499999999999801e+01 1.029637727999999974e+01 2.185637255999999979e+03 2.271440399999999954e+03
1.089000000000000057e+01 1.033007639999999938e+01 2.185356429999999818e+03 2.271440399999999954e+03
1.089499999999999957e+01 1.035303623999999978e+01 2.185165097999999944e+03 2.271440399999999954e+03
1.089999999999999858e+01 1.029082247999999922e+01 2.185683545999999751e+03 2.271440399999999954e+03
1.090500000000000114e+01 1.031341199999999958e+01 2.185495300000000043e+03 2.271440399999999954e+03
1.091000000000000014e+01 1.030193208000000027e+01 2.185590965999999753e+03 2.271440399999999954e+03
1.091499999999999915e+01 1.030193208000000027e+01 2.185590965999999753e+03 2.271440399999999954e+03
1.091999999999999815e+01 1.031896680000000011e+01 2.185449009999999817e+03 2.271440399999999954e+03
1.092500000000000071e+01 1.024564344000000027e+01 2.186060038000000077e+03 2.271440399999999954e+03
1.092999999999999972e+01 1.030193208000000027e+01 2.185590965999999753e+03 2.271440399999999954e+03
1.093499999999999872e+01 1.035303623999999978e+01 2.185165097999999944e+03 2.271440399999999954e+03
1.093999999999999773e+01 1.033007639999999938e+01 2.185356429999999818e+03 2.271440399999999954e+03
1.094500000000000028e+01 1.034711112000000099e+01 2.185214473999999882e+03 2.271440399999999954e+03
1.094999999999999929e+01 1.035303623999999978e+01 2.185165097999999944e+03 2.271440399999999954e+03
1.095499999999999829e+01 1.040932487999999978e+01 2.184696026000000074e+03 2.271440399999999954e+03
1.096000000000000085e+01 1.035859104000000031e+01 2.185118808000000172e+03 2.271440399999999954e+03
1.096499999999999986e+01 1.031896680000000011e+01 2.185449009999999817e+03 2.271440399999999954e+03
1.096999999999999886e+01 1.039821527999999873e+01 2.184788606000000073e+03 2.271440399999999954e+03
1.097499999999999787e+01 1.033007639999999938e+01 2.185356429999999818e+03 2.271440399999999954e+03
1.098000000000000043e+01 1.039821527999999873e+01 2.184788606000000073e+03 2.271440399999999954e+03
1.098499999999999943e+01 1.033007639999999938e+01 2.185356429999999818e+03 2.271440399999999954e+03
1.098999999999999844e+01 1.037562576000000014e+01 2.184976851999999781e+03 2.271440399999999954e+03
1.099500000000000099e+01 1.036970063999999958e+01 2.185026228000000174e+03 2.271440399999999954e+03
1.100000000000000000e+01 1.032452160000000063e+01 2.185402720000000045e+03 2.271440399999999954e+03
1.100499999999999901e+01 1.030193208000000027e+01 2.185590965999999753e+03 2.271440399999999954e+03
1.100999999999999801e+01 1.026823296000000063e+01 2.185871791999999914e+03 2.271440399999999954e+03
1.101500000000000057e+01 1.031341199999999958e+01 2.185495300000000043e+03 2.271440399999999954e+03
1.101999999999999957e+01 1.036414584000000083e+01 2.185072517999999945e+03 2.271440399999999954e+03
1.102499999999999858e+01 1.030748687999999902e+01 2.185544675999999981e+03 2.271440399999999954e+03
1.103000000000000114e+01 1.037562576000000014e+01 2.184976851999999781e+03 2.271440399999999954e+03
1.103500000000000014e+01 1.036414584000000083e+01 2.185072517999999945e+03 2.271440399999999954e+03
1.103999999999999915e+01 1.034155632000000047e+01 2.185260764000000108e+03 2.271440399999999954e+03
1.104499999999999815e+01 1.033007639999999938e+01 2.185356429999999818e+03 2.271440399999999954e+03
1.105000000000000071e+01 1.033600151999999994e+01 2.185307053999999880e+03 2.271440399999999954e+03
1.105499999999999972e+01 1.036970063999999958e+01 2.185026228000000174e+03 2.271440399999999954e+03
1.105999999999999872e+01 1.030748687999999902e+01 2.185544675999999981e+03 2.271440399999999954e+03
1.106499999999999773e+01 1.037562576000000014e+01 2.184976851999999781e+03 2.271440399999999954e+03
1.107000000000000028e+01 1.037562576000000014e+01 2.184976851999999781e+03 2.271440399999999954e+03
1.107499999999999929e+01 1.031341199999999958e+01 2.185495300000000043e+03 2.271440399999999954e+03
1.107999999999999829e+01 1.029637727999999974e+01 2.185637255999999979e+03 2.271440399999999954e+03
1.108500000000000085e+01 1.032452160000000063e+01 2.185402720000000045e+03 2.271440399999999954e+03
1.108999999999999986e+01 1.033007639999999938e+01 2.185356429999999818e+03 2.271440399999999954e+03
1.109499999999999886e+01 1.031341199999999958e+01 2.185495300000000043e+03 2.271440399999999954e+03
1.109999999999999787e+01 1.032452160000000063e+01 2.185402720000000045e+03 2.271440399999999954e+03
1.110500000000000043e+01 1.029637727999999974e+01 2.185637255999999979e+03 2.271440399999999954e+03
1.110999999999999943e+01 1.030193208000000027e+01 2.185590965999999753e+03 2.271440399999999954e+03
1.111499999999999844e+01 1.027378775999999938e+01 2.185825502000000142e+03 2.271440399999999954e+03
1.112000000000000099e+01 1.028489735999999866e+01 2.185732922000000144e+03 2.271440399999999954e+03
1.112500000000000000e+01 1.026823296000000063e+01 2.185871791999999914e+03 2.271440399999999954e+03
1.112999999999999901e+01 1.031896680000000011e+01 2.185449009999999817e+03 2.271440399999999954e+03
1.113499999999999801e+01 1.030748687999999902e+01 2.185544675999999981e+03 2.271440399999999954e+03
1.114000000000000057e+01 1.023971831999999971e+01 2.186109414000000015e+03 2.271440399999999954e+03
1.114499999999999957e+01 1.028489735999999866e+01 2.185732922000000144e+03 2.271440399999999954e+03
1.114999999999999858e+01 1.027378775999999938e+01 2.185825502000000142e+03 2.271440399999999954e+03
1.115500000000000114e+01 1.033600151999999994e+01 2.185307053999999880e+03 2.271440399999999954e+03
1.116000000000000014e+01 1.027378775999999938e+01 2.185825502000000142e+03 2.271440399999999954e+03
1.116499999999999915e+01 1.033007639999999938e+01 2.185356429999999818e+03 2.271440399999999954e+03
1.116999999999999815e+01 1.030193208000000027e+01 2.185590965999999753e+03 2.271440399999999954e+03
1.117500000000000071e+01 1.027378775999999938e+01 2.185825502000000142e+03 2.271440399999999954e+03
1.117999999999999972e+01 1.032452160000000063e+01 2.185402720000000045e+03 2.271440399999999954e+03
1.118499999999999872e+01 1.030193208000000027e+01 2.185590965999999753e+03 2.271440399999999954e+03
1.118999999999999773e+01 1.022305391999999991e+01 2.186248283999999785e+03 2.271440399999999954e+03
1.119500000000000028e+01 1.030748687999999902e+01 2.185544675999999981e+03 2.271440399999999954e+03
1.119999999999999929e+01 1.026823296000000063e+01 2.185871791999999914e+03 2.271440399999999954e+03
1.120499999999999829e+01 1.030748687999999902e+01 2.185544675999999981e+03 2.271440399999999954e+03
1.121000000000000085e+01 1.026823296000000063e+01 2.185871791999999914e+03 2.271440399999999954e+03
1.121499999999999986e+01 1.029082247999999922e+01 2.185683545999999751e+03 2.271440399999999954e+03
1.121999999999999886e+01 1.034155632000000047e+01 2.185260764000000108e+03 2.271440399999999954e+03
1.122499999999999787e+01 1.031341199999999958e+01 2.185495300000000043e+03 2.271440399999999954e+03
1.123000000000000043e+01 1.033007639999999938e+01 2.185356429999999818e+03 2.271440399999999954e+03
1.123499999999999943e+01 1.027934255999999991e+01 2.185779211999999916e+03 2.271440399999999954e+03
1.123999999999999844e+01 1.020601920000000007e+01 2.186390239999999721e+03 2.271440399999999954e+03
1.124500000000000099e+01 1.029082247999999922e+01 2.185683545999999751e+03 2.271440399999999954e+03
1.125000000000000000e+01 1.036970063999999958e+01 2.185026228000000174e+03 2.271440399999999954e+03
1.125499999999999901e+01 1.035303623999999978e+01 2.185165097999999944e+03 2.271440399999999954e+03
1.125999999999999801e+01 1.029637727999999974e+01 2.185637255999999979e+03 2.271440399999999954e+03
1.126500000000000057e+01 1.029082247999999922e+01 2.185683545999999751e+03 2.271440399999999954e+03
1.126999999999999957e+01 1.030748687999999902e+01 2.185544675999999981e+03 2.271440399999999954e+03
1.127499999999999858e+01 1.032452160000000063e+01 2.185402720000000045e+03 2.271440399999999954e+03
1.128000000000000114e+01 1.029637727999999974e+01 2.185637255999999979e+03 2.271440399999999954e+03
1.128500000000000014e+01 1.033600151999999994e+01 2.185307053999999880e+03 2.271440399999999954e+03
1.128999999999999915e+01 1.033007639999999938e+01 2.185356429999999818e+03 2.271440399999999954e+03
1.129499999999999815e+01 1.035859104000000031e+01 2.185118808000000172e+03 2.271440399999999954e+03
1.130000000000000071e+01 1.035303623999999978e+01 2.185165097999999944e+03 2.271440399999999954e+03
1.130499999999999972e+01 1.035859104000000031e+01 2.185118808000000172e+03 2.271440399999999954e+03
1.130999999999999872e+01 1.031341199999999958e+01 2.185495300000000043e+03 2.271440399999999954e+03
1.131499999999999773e+01 1.032452160000000063e+01 2.185402720000000045e+03 2.271440399999999954e+03
1.132000000000000028e+01 1.029082247999999922e+01 2.185683545999999751e+03 2.271440399999999954e+03
1.132499999999999929e+01 1.028489735999999866e+01 2.185732922000000144e+03 2.271440399999999954e+03
1.132999999999999829e+01 1.029637727999999974e+01 2.185637255999999979e+03 2.271440399999999954e+03
1.133500000000000085e+01 1.030748687999999902e+01 2.185544675999999981e+03 2.271440399999999954e+03
1.133999999999999986e+01 1.028489735999999866e+01 2.185732922000000144e+03 2.271440399999999954e+03
1.134499999999999886e+01 1.029082247999999922e+01 2.185683545999999751e+03 2.271440399999999954e+03
1.134999999999999787e+01 1.022305391999999991e+01 2.186248283999999785e+03 2.271440399999999954e+03
1.135500000000000043e+01 1.024564344000000027e+01 2.186060038000000077e+03 2.271440399999999954e+03
1.135999999999999943e+01 1.022860872000000043e+01 2.186201994000000013e+03 2.271440399999999954e+03
1.136499999999999844e+01 1.026823296000000063e+01 2.185871791999999914e+03 2.271440399999999954e+03
1.137000000000000099e+01 1.025675303999999954e+01 2.185967458000000079e+03 2.271440399999999954e+03
1.137500000000000000e+01 1.030748687999999902e+01 2.185544675999999981e+03 2.271440399999999954e+03
1.137999999999999901e+01 1.031896680000000011e+01 2.185449009999999817e+03 2.271440399999999954e+03
1.138499999999999801e+01 1.028489735999999866e+01 2.185732922000000144e+03 2.271440399999999954e+03
1.139000000000000057e+01 1.030748687999999902e+01 2.185544675999999981e+03 2.271440399999999954e+03
1.139499999999999957e+01 1.023971831999999971e+01 2.186109414000000015e+03 2.271440399999999954e+03
1.139999999999999858e+01 1.021712879999999934e+01 2.186297660000000178e+03 2.271440399999999954e+03
1.140500000000000114e+01 1.029082247999999922e+01 2.185683545999999751e+03 2.271440399999999954e+03
1.141000000000000014e+01 1.026823296000000063e+01 2.185871791999999914e+03 2.271440399999999954e+03
1.141499999999999915e+01 1.030193208000000027e+01 2.185590965999999753e+03 2.271440399999999954e+03
1.141999999999999815e+01 1.024564344000000027e+01 2.186060038000000077e+03 2.271440399999999954e+03
1.142500000000000071e+01 1.017194975999999862e+01 2.186674152000000049e+03 2.271440399999999954e+03
1.142999999999999972e+01 1.027378775999999938e+01 2.185825502000000142e+03 2.271440399999999954e+03
1.143499999999999872e+01 1.021157400000000059e+01 2.186343949999999950e+03 2.271440399999999954e+03
1.143999999999999773e+01 1.023971831999999971e+01 2.186109414000000015e+03 2.271440399999999954e+03
1.144500000000000028e+01 1.021712879999999934e+01 2.186297660000000178e+03 2.271440399999999954e+03
1.144999999999999929e+01 1.029082247999999922e+01 2.185683545999999751e+03 2.271440399999999954e+03
1.145499999999999829e+01 1.038673535999999942e+01 2.184884271999999783e+03 2.271440399999999954e+03
1.146000000000000085e+01 1.030748687999999902e+01 2.185544675999999981e+03 2.271440399999999954e+03
1.146499999999999986e+01 1.030748687999999902e+01 2.185544675999999981e+03 2.271440399999999954e+03
1.146999999999999886e+01 1.034711112000000099e+01 2.185214473999999882e+03 2.271440399999999954e+03
1.147499999999999787e+01 1.030193208000000027e+01 2.185590965999999753e+03 2.271440399999999954e+03
1.148000000000000043e+01 1.027934255999999991e+01 2.185779211999999916e+03 2.271440399999999954e+03
1.148499999999999943e+01 1.033007639999999938e+01 2.185356429999999818e+03 2.271440399999999954e+03
1.148999999999999844e+01 1.036414584000000083e+01 2.185072517999999945e+03 2.271440399999999954e+03
1.149500000000000099e+01 1.025119824000000079e+01 2.186013747999999850e+03 2.271440399999999954e+03
1.150000000000000000e+01 1.029082247999999922e+01 2.185683545999999751e+03 2.271440399999999954e+03
1.150499999999999901e+01 1.029637727999999974e+01 2.185637255999999979e+03 2.271440399999999954e+03
1.150999999999999801e+01 1.021712879999999934e+01 2.186297660000000178e+03 2.271440399999999954e+03
1.151500000000000057e+01 1.027378775999999938e+01 2.185825502000000142e+03 2.271440399999999954e+03
1.151999999999999957e+01 1.025675303999999954e+01 2.185967458000000079e+03 2.271440399999999954e+03
1.152499999999999858e+01 1.019453927999999898e+01 2.186485905999999886e+03 2.271440399999999954e+03
1.153000000000000114e+01 1.030748687999999902e+01 2.185544675999999981e+03 2.271440399999999954e+03
1.153500000000000014e+01 1.020601920000000007e+01 2.186390239999999721e+03 2.271440399999999954e+03
1.153999999999999915e+01 1.023971831999999971e+01 2.186109414000000015e+03 2.271440399999999954e+03
1.154499999999999815e+01 1.018342967999999971e+01 2.186578485999999884e+03 2.271440399999999954e+03
1.155000000000000071e+01 1.017194975999999862e+01 2.186674152000000049e+03 2.271440399999999954e+03
1.155499999999999972e+01 1.017750455999999915e+01 2.186627861999999823e+03 2.271440399999999954e+03
1.155999999999999872e+01 1.011566112000000039e+01 2.187143223999999918e+03 2.271440399999999954e+03
1.156499999999999773e+01 1.014936023999999826e+01 2.186862397999999757e+03 2.271440399999999954e+03
1.157000000000000028e+01 1.021157400000000059e+01 2.186343949999999950e+03 2.271440399999999954e+03
1.157499999999999929e+01 1.017750455999999915e+01 2.186627861999999823e+03 2.271440399999999954e+03
1.157999999999999829e+01 1.020601920000000007e+01 2.186390239999999721e+03 2.271440399999999954e+03
1.158500000000000085e+01 1.020601920000000007e+01 2.186390239999999721e+03 2.271440399999999954e+03
1.158999999999999986e+01 1.021712879999999934e+01 2.186297660000000178e+03 2.271440399999999954e+03
1.159499999999999886e+01 1.023416352000000096e+01 2.186155703999999787e+03 2.271440399999999954e+03
1.159999999999999787e+01 1.021157400000000059e+01 2.186343949999999950e+03 2.271440399999999954e+03
1.160500000000000043e+01 1.028489735999999866e+01 2.185732922000000144e+03 2.271440399999999954e+03
1.160999999999999943e+01 1.025119824000000079e+01 2.186013747999999850e+03 2.271440399999999954e+03
1.161499999999999844e+01 1.031896680000000011e+01 2.185449009999999817e+03 2.271440399999999954e+03
1.162000000000000099e+01 1.029637727999999974e+01 2.185637255999999979e+03 2.271440399999999954e+03
1.162500000000000000e+01 1.031896680000000011e+01 2.185449009999999817e+03 2.271440399999999954e+03
1.162999999999999901e+01 1.033007639999999938e+01 2.185356429999999818e+03 2.271440399999999954e+03
1.163499999999999801e+01 1.025119824000000079e+01 2.186013747999999850e+03 2.271440399999999954e+03
1.164000000000000057e+01 1.026230783999999829e+01 2.185921167999999852e+03 2.271440399999999954e+03
1.164499999999999957e+01 1.026823296000000063e+01 2.185871791999999914e+03 2.271440399999999954e+03
1.164999999999999858e+01 1.025119824000000079e+01 2.186013747999999850e+03 2.271440399999999954e+03
1.165500000000000114e+01 1.031341199999999958e+01 2.185495300000000043e+03 2.271440399999999954e+03
1.166000000000000014e+01 1.029082247999999922e+01 2.185683545999999751e+03 2.271440399999999954e+03
1.166499999999999915e+01 1.025675303999999954e+01 2.185967458000000079e+03 2.271440399999999954e+03
1.166999999999999815e+01 1.026823296000000063e+01 2.185871791999999914e+03 2.271440399999999954e+03
1.167500000000000071e+01 1.020046439999999954e+01 2.186436529999999948e+03 2.271440399999999954e+03
1.167999999999999972e+01 1.016084015999999934e+01 2.186766732000000047e+03 2.271440399999999954e+03
1.168499999999999872e+01 1.016084015999999934e+01 2.186766732000000047e+03 2.271440399999999954e+03
1.168999999999999773e+01 1.015491503999999878e+01 2.186816107999999986e+03 2.271440399999999954e+03
1.169500000000000028e+01 1.020046439999999954e+01 2.186436529999999948e+03 2.271440399999999954e+03
1.169999999999999929e+01 1.020601920000000007e+01 2.186390239999999721e+03 2.271440399999999954e+03
1.170499999999999829e+01 1.019453927999999898e+01 2.186485905999999886e+03 2.271440399999999954e+03
1.171000000000000085e+01 1.016639495999999987e+01 2.186720441999999821e+03 2.271440399999999954e+03
1.171499999999999986e+01 1.015491503999999878e+01 2.186816107999999986e+03 2.271440399999999954e+03
1.171999999999999886e+01 1.016639495999999987e+01 2.186720441999999821e+03 2.271440399999999954e+03
1.172499999999999787e+01 1.013232552000000020e+01 2.187004354000000149e+03 2.271440399999999954e+03
1.173000000000000043e+01 1.022860872000000043e+01 2.186201994000000013e+03 2.271440399999999954e+03
1.173499999999999943e+01 1.021712879999999934e+01 2.186297660000000178e+03 2.271440399999999954e+03
1.173999999999999844e+01 1.021157400000000059e+01 2.186343949999999950e+03 2.271440399999999954e+03
1.174500000000000099e+01 1.020601920000000007e+01 2.186390239999999721e+03 2.271440399999999954e+03
1.175000000000000000e+01 1.017750455999999915e+01 2.186627861999999823e+03 2.271440399999999954e+03
1.175499999999999901e+01 1.019453927999999898e+01 2.186485905999999886e+03 2.271440399999999954e+03
1.175999999999999801e+01 1.029637727999999974e+01 2.185637255999999979e+03 2.271440399999999954e+03
1.176500000000000057e+01 1.029082247999999922e+01 2.185683545999999751e+03 2.271440399999999954e+03
1.176999999999999957e+01 1.030193208000000027e+01 2.185590965999999753e+03 2.271440399999999954e+03
1.177499999999999858e+01 1.032452160000000063e+01 2.185402720000000045e+03 2.271440399999999954e+03
1.178000000000000114e+01 1.030193208000000027e+01 2.185590965999999753e+03 2.271440399999999954e+03
1.178500000000000014e+01 1.026823296000000063e+01 2.185871791999999914e+03 2.271440399999999954e+03
1.178999999999999915e+01 1.027934255999999991e+01 2.185779211999999916e+03 2.271440399999999954e+03
1.179499999999999815e+01 1.017750455999999915e+01 2.186627861999999823e+03 2.271440399999999954e+03
1.180000000000000071e+01 1.023416352000000096e+01 2.186155703999999787e+03 2.271440399999999954e+03
1.180499999999999972e+01 1.032452160000000063e+01 2.185402720000000045e+03 2.271440399999999954e+03
1.180999999999999872e+01 1.027934255999999991e+01 2.185779211999999916e+03 2.271440399999999954e+03
1.181499999999999773e+01 1.025119824000000079e+01 2.186013747999999850e+03 2.271440399999999954e+03
1.182000000000000028e+01 1.021712879999999934e+01 2.186297660000000178e+03 2.271440399999999954e+03
1.182499999999999929e+01 1.022305391999999991e+01 2.186248283999999785e+03 2.271440399999999954e+03
1.182999999999999829e+01 1.025675303999999954e+01 2.185967458000000079e+03 2.271440399999999954e+03
1.183500000000000085e+01 1.020601920000000007e+01 2.186390239999999721e+03 2.271440399999999954e+03
1.183999999999999986e+01 1.026230783999999829e+01 2.185921167999999852e+03 2.271440399999999954e+03
1.184499999999999886e+01 1.026823296000000063e+01 2.185871791999999914e+03 2.271440399999999954e+03
1.184999999999999787e+01 1.027378775999999938e+01 2.185825502000000142e+03 2.271440399999999954e+03
1.185500000000000043e+01 1.026823296000000063e+01 2.185871791999999914e+03 2.271440399999999954e+03
1.185999999999999943e+01 1.025119824000000079e+01 2.186013747999999850e+03 2.271440399999999954e+03
1.186499999999999844e+01 1.027378775999999938e+01 2.185825502000000142e+03 2.271440399999999954e+03
1.187000000000000099e+01 1.015491503999999878e+01 2.186816107999999986e+03 2.271440399999999954e+03
1.187500000000000000e+01 1.023416352000000096e+01 2.186155703999999787e+03 2.271440399999999954e+03
1.187999999999999901e+01 1.026823296000000063e+01 2.185871791999999914e+03 2.271440399999999954e+03
1.188499999999999801e+01 1.024564344000000027e+01 2.186060038000000077e+03 2.271440399999999954e+03
1.189000000000000057e+01 1.027934255999999991e+01 2.185779211999999916e+03 2.271440399999999954e+03
1.189499999999999957e+01 1.027378775999999938e+01 2.185825502000000142e+03 2.271440399999999954e+03
1.189999999999999858e+01 1.019453927999999898e+01 2.186485905999999886e+03 2.271440399999999954e+03
1.190500000000000114e+01 1.025119824000000079e+01 2.186013747999999850e+03 2.271440399999999954e+03
1.191000000000000014e+01 1.018342967999999971e+01 2.186578485999999884e+03 2.271440399999999954e+03
1.191499999999999915e+01 1.024564344000000027e+01 2.186060038000000077e+03 2.271440399999999954e+03
1.191999999999999815e+01 1.022860872000000043e+01 2.186201994000000013e+03 2.271440399999999954e+03
1.192500000000000071e+01 1.027378775999999938e+01 2.185825502000000142e+03 2.271440399999999954e+03
1.192999999999999972e+01 1.029637727999999974e+01 2.185637255999999979e+03 2.271440399999999954e+03
1.193499999999999872e+01 1.023971831999999971e+01 2.186109414000000015e+03 2.271440399999999954e+03
1.193999999999999773e+01 1.026230783999999829e+01 2.185921167999999852e+03 2.271440399999999954e+03
1.194500000000000028e+01 1.023971831999999971e+01 2.186109414000000015e+03 2.271440399999999954e+03
1.194999999999999929e+01 1.020601920000000007e+01 2.186390239999999721e+03 2.271440399999999954e+03
1.195499999999999829e+01 1.030748687999999902e+01 2.185544675999999981e+03 2.271440399999999954e+03
1.196000000000000085e+01 1.030193208000000027e+01 2.185590965999999753e+03 2.271440399999999954e+03
1.196499999999999986e+01 1.030193208000000027e+01 2.185590965999999753e+03 2.271440399999999954e+03
1.196999999999999886e+01 1.025119824000000079e+01 2.186013747999999850e+03 2.271440399999999954e+03
1.197499999999999787e+01 1.017194975999999862e+01 2.186674152000000049e+03 2.271440399999999954e+03
1.198000000000000043e+01 1.023416352000000096e+01 2.186155703999999787e+03 2.271440399999999954e+03
1.198499999999999943e+01 1.025675303999999954e+01 2.185967458000000079e+03 2.271440399999999954e+03
1.198999999999999844e+01 1.027378775999999938e+01 2.185825502000000142e+03 2.271440399999999954e+03
1.199500000000000099e+01 1.027378775999999938e+01 2.185825502000000142e+03 2.271440399999999954e+03
1.200000000000000000e+01 1.028489735999999866e+01 2.185732922000000144e+03 2.271440399999999954e+03
1.200499999999999901e+01 1.031896680000000011e+01 2.185449009999999817e+03 2.271440399999999954e+03
1.200999999999999801e+01 1.025119824000000079e+01 2.186013747999999850e+03 2.271440399999999954e+03
1.201500000000000057e+01 1.030748687999999902e+01 2.185544675999999981e+03 2.271440399999999954e+03
1.201999999999999957e+01 1.028489735999999866e+01 2.185732922000000144e+03 2.271440399999999954e+03
1.202499999999999858e+01 1.025675303999999954e+01 2.185967458000000079e+03 2.271440399999999954e+03
1.203000000000000114e+01 1.030193208000000027e+01 2.185590965999999753e+03 2.271440399999999954e+03
1.203500000000000014e+01 1.022860872000000043e+01 2.186201994000000013e+03 2.271440399999999954e+03
1.203999999999999915e+01 1.027934255999999991e+01 2.185779211999999916e+03 2.271440399999999954e+03
1.204499999999999815e+01 1.025119824000000079e+01 2.186013747999999850e+03 2.271440399999999954e+03
1.205000000000000071e+01 1.023416352000000096e+01 2.186155703999999787e+03 2.271440399999999954e+03
1.205499999999999972e+01 1.031341199999999958e+01 2.185495300000000043e+03 2.271440399999999954e+03
1.205999999999999872e+01 1.023971831999999971e+01 2.186109414000000015e+03 2.271440399999999954e+03
1.206499999999999773e+01 1.031341199999999958e+01 2.185495300000000043e+03 2.271440399999999954e+03
1.207000000000000028e+01 1.027934255999999991e+01 2.185779211999999916e+03 2.271440399999999954e+03
1.207499999999999929e+01 1.026230783999999829e+01 2.185921167999999852e+03 2.271440399999999954e+03
1.208000000000000185e+01 1.026230783999999829e+01 2.185921167999999852e+03 2.271440399999999954e+03
1.208500000000000085e+01 1.017194975999999862e+01 2.186674152000000049e+03 2.271440399999999954e+03
1.208999999999999986e+01 1.022860872000000043e+01 2.186201994000000013e+03 2.271440399999999954e+03
1.209499999999999886e+01 1.029637727999999974e+01 2.185637255999999979e+03 2.271440399999999954e+03
1.210000000000000142e+01 1.022305391999999991e+01 2.186248283999999785e+03 2.271440399999999954e+03
1.210500000000000043e+01 1.027934255999999991e+01 2.185779211999999916e+03 2.271440399999999954e+03
1.210999999999999943e+01 1.023971831999999971e+01 2.186109414000000015e+03 2.271440399999999954e+03
1.211500000000000199e+01 1.020046439999999954e+01 2.186436529999999948e+03 2.271440399999999954e+03
1.212000000000000099e+01 1.024564344000000027e+01 2.186060038000000077e+03 2.271440399999999954e+03
1.212500000000000000e+01 1.018898448000000023e+01 2.186532196000000113e+03 2.271440399999999954e+03
1.212999999999999901e+01 1.020601920000000007e+01 2.186390239999999721e+03 2.271440399999999954e+03
1.213500000000000156e+01 1.016084015999999934e+01 2.186766732000000047e+03 2.271440399999999954e+03
1.214000000000000057e+01 1.018342967999999971e+01 2.186578485999999884e+03 2.271440399999999954e+03
1.214499999999999957e+01 1.016639495999999987e+01 2.186720441999999821e+03 2.271440399999999954e+03
1.214999999999999858e+01 1.021712879999999934e+01 2.186297660000000178e+03 2.271440399999999954e+03
1.215500000000000114e+01 1.023416352000000096e+01 2.186155703999999787e+03 2.271440399999999954e+03
1.216000000000000014e+01 1.018342967999999971e+01 2.186578485999999884e+03 2.271440399999999954e+03
1.216499999999999915e+01 1.019453927999999898e+01 2.186485905999999886e+03 2.271440399999999954e+03
1.217000000000000171e+01 1.021712879999999934e+01 2.186297660000000178e+03 2.271440399999999954e+03
1.217500000000000071e+01 1.021157400000000059e+01 2.186343949999999950e+03 2.271440399999999954e+03
1.217999999999999972e+01 1.026230783999999829e+01 2.185921167999999852e+03 2.271440399999999954e+03
1.218499999999999872e+01 1.013825064000000076e+01 2.186954977999999755e+03 2.271440399999999954e+03
1.219000000000000128e+01 1.018898448000000023e+01 2.186532196000000113e+03 2.271440399999999954e+03
1.219500000000000028e+01 1.029637727999999974e+01 2.185637255999999979e+03 2.271440399999999954e+03
1.219999999999999929e+01 1.025675303999999954e+01 2.185967458000000079e+03 2.271440399999999954e+03
1.220500000000000185e+01 1.029082247999999922e+01 2.185683545999999751e+03 2.271440399999999954e+03
1.221000000000000085e+01 1.023416352000000096e+01 2.186155703999999787e+03 2.271440399999999954e+03
1.221499999999999986e+01 1.023971831999999971e+01 2.186109414000000015e+03 2.271440399999999954e+03
1.221999999999999886e+01 1.024564344000000027e+01 2.186060038000000077e+03 2.271440399999999954e+03
1.222500000000000142e+01 1.029637727999999974e+01 2.185637255999999979e+03 2.271440399999999954e+03
1.223000000000000043e+01 1.036414584000000083e+01 2.185072517999999945e+03 2.271440399999999954e+03
1.223499999999999943e+01 1.031341199999999958e+01 2.185495300000000043e+03 2.271440399999999954e+03
1.224000000000000199e+01 1.031896680000000011e+01 2.185449009999999817e+03 2.271440399999999954e+03
1.224500000000000099e+01 1.024564344000000027e+01 2.186060038000000077e+03 2.271440399999999954e+03
1.225000000000000000e+01 1.020601920000000007e+01 2.186390239999999721e+03 2.271440399999999954e+03
1.225499999999999901e+01 1.027378775999999938e+01 2.185825502000000142e+03 2.271440399999999954e+03
1.226000000000000156e+01 1.026230783999999829e+01 2.185921167999999852e+03 2.271440399999999954e+03
1.226500000000000057e+01 1.034155632000000047e+01 2.185260764000000108e+03 2.271440399999999954e+03
1.226999999999999957e+01 1.028489735999999866e+01 2.185732922000000144e+03 2.271440399999999954e+03
1.227499999999999858e+01 1.032452160000000063e+01 2.185402720000000045e+03 2.271440399999999954e+03
1.228000000000000114e+01 1.024564344000000027e+01 2.186060038000000077e+03 2.271440399999999954e+03
1.228500000000000014e+01 1.021712879999999934e+01 2.186297660000000178e+03 2.271440399999999954e+03
1.228999999999999915e+01 1.025675303999999954e+01 2.185967458000000079e+03 2.271440399999999954e+03
1.229500000000000171e+01 1.027378775999999938e+01 2.185825502000000142e+03 2.271440399999999954e+03
1.230000000000000071e+01 1.024564344000000027e+01 2.186060038000000077e+03 2.271440399999999954e+03
1.230499999999999972e+01 1.029082247999999922e+01 2.185683545999999751e+03 2.271440399999999954e+03
1.230999999999999872e+01 1.027934255999999991e+01 2.185779211999999916e+03 2.271440399999999954e+03
1.231500000000000128e+01 1.026823296000000063e+01 2.185871791999999914e+03 2.271440399999999954e+03
1.232000000000000028e+01 1.018898448000000023e+01 2.186532196000000113e+03 2.271440399999999954e+03
1.232499999999999929e+01 1.023416352000000096e+01 2.186155703999999787e+03 2.271440399999999954e+03
1.233000000000000185e+01 1.029637727999999974e+01 2.185637255999999979e+03 2.271440399999999954e+03
1.233500000000000085e+01 1.025119824000000079e+01 2.186013747999999850e+03 2.271440399999999954e+03
1.233999999999999986e+01 1.027378775999999938e+01 2.185825502000000142e+03 2.271440399999999954e+03
1.234499999999999886e+01 1.025675303999999954e+01 2.185967458000000079e+03 2.271440399999999954e+03
1.235000000000000142e+01 1.024564344000000027e+01 2.186060038000000077e+03 2.271440399999999954e+03
1.235500000000000043e+01 1.023416352000000096e+01 2.186155703999999787e+03 2.271440399999999954e+03
1.235999999999999943e+01 1.019453927999999898e+01 2.186485905999999886e+03 2.271440399999999954e+03
1.236500000000000199e+01 1.018342967999999971e+01 2.186578485999999884e+03 2.271440399999999954e+03
1.237000000000000099e+01 1.019453927999999898e+01 2.186485905999999886e+03 2.271440399999999954e+03
1.237500000000000000e+01 1.017194975999999862e+01 2.186674152000000049e+03 2.271440399999999954e+03
1.237999999999999901e+01 1.026823296000000063e+01 2.185871791999999914e+03 2.271440399999999954e+03
1.238500000000000156e+01 1.018898448000000023e+01 2.186532196000000113e+03 2.271440399999999954e+03
1.239000000000000057e+01 1.015491503999999878e+01 2.186816107999999986e+03 2.271440399999999954e+03
1.239499999999999957e+01 1.009862639999999878e+01 2.187285179999999855e+03 2.271440399999999954e+03
1.239999999999999858e+01 1.018342967999999971e+01 2.186578485999999884e+03 2.271440399999999954e+03
1.240500000000000114e+01 1.018898448000000023e+01 2.186532196000000113e+03 2.271440399999999954e+03
1.241000000000000014e+01 1.018342967999999971e+01 2.186578485999999884e+03 2.271440399999999954e+03
1.241499999999999915e+01 1.027378775999999938e+01 2.185825502000000142e+03 2.271440399999999954e+03
1.242000000000000171e+01 1.020046439999999954e+01 2.186436529999999948e+03 2.271440399999999954e+03
1.242500000000000071e+01 1.024564344000000027e+01 2.186060038000000077e+03 2.271440399999999954e+03
1.242999999999999972e+01 1.021712879999999934e+01 2.186297660000000178e+03 2.271440399999999954e+03
1.243499999999999872e+01 1.015491503999999878e+01 2.186816107999999986e+03 2.271440399999999954e+03
1.244000000000000128e+01 1.021157400000000059e+01 2.186343949999999950e+03 2.271440399999999954e+03
1.244500000000000028e+01 1.014936023999999826e+01 2.186862397999999757e+03 2.271440399999999954e+03
1.244999999999999929e+01 1.020046439999999954e+01 2.186436529999999948e+03 2.271440399999999954e+03
1.245500000000000185e+01 1.026230783999999829e+01 2.185921167999999852e+03 2.271440399999999954e+03
1.246000000000000085e+01 1.017194975999999862e+01 2.186674152000000049e+03 2.271440399999999954e+03
1.246499999999999986e+01 1.019453927999999898e+01 2.186485905999999886e+03 2.271440399999999954e+03
1.246999999999999886e+01 1.010973599999999983e+01 2.187192599999999857e+03 2.271440399999999954e+03
1.247500000000000142e+01 1.010973599999999983e+01 2.187192599999999857e+03 2.271440399999999954e+03
1.248000000000000043e+01 1.017194975999999862e+01 2.186674152000000049e+03 2.271440399999999954e+03
1.248499999999999943e+01 1.020601920000000007e+01 2.186390239999999721e+03 2.271440399999999954e+03
1.249000000000000199e+01 1.021157400000000059e+01 2.186343949999999950e+03 2.271440399999999954e+03
1.249500000000000099e+01 1.019453927999999898e+01 2.186485905999999886e+03 2.271440399999999954e+03
1.250000000000000000e+01 1.018342967999999971e+01 2.186578485999999884e+03 2.271440399999999954e+03
1.250499999999999901e+01 1.015491503999999878e+01 2.186816107999999986e+03 2.271440399999999954e+03
1.251000000000000156e+01 1.010973599999999983e+01 2.187192599999999857e+03 2.271440399999999954e+03
1.251500000000000057e+01 1.012677071999999967e+01 2.187050643999999920e+03 2.271440399999999954e+03
1.251999999999999957e+01 1.009862639999999878e+01 2.187285179999999855e+03 2.271440399999999954e+03
1.252499999999999858e+01 1.014380544000000128e+01 2.186908687999999984e+03 2.271440399999999954e+03
1.253000000000000114e+01 1.025119824000000079e+01 2.186013747999999850e+03 2.271440399999999954e+03
1.253500000000000014e+01 1.019453927999999898e+01 2.186485905999999886e+03 2.271440399999999954e+03
1.253999999999999915e+01 1.015491503999999878e+01 2.186816107999999986e+03 2.271440399999999954e+03
1.254500000000000171e+01 1.012677071999999967e+01 2.187050643999999920e+03 2.271440399999999954e+03
1.255000000000000071e+01 1.009862639999999878e+01 2.187285179999999855e+03 2.271440399999999954e+03
1.255499999999999972e+01 1.010973599999999983e+01 2.187192599999999857e+03 2.271440399999999954e+03
1.255999999999999872e+01 1.012121592000000092e+01 2.187096934000000147e+03 2.271440399999999954e+03
1.256500000000000128e+01 1.020601920000000007e+01 2.186390239999999721e+03 2.271440399999999954e+03
1.257000000000000028e+01 1.022305391999999991e+01 2.186248283999999785e+03 2.271440399999999954e+03
1.257499999999999929e+01 1.018342967999999971e+01 2.186578485999999884e+03 2.271440399999999954e+03
1.258000000000000185e+01 1.017194975999999862e+01 2.186674152000000049e+03 2.271440399999999954e+03
1.258500000000000085e+01 1.014380544000000128e+01 2.186908687999999984e+03 2.271440399999999954e+03
1.258999999999999986e+01 1.023416352000000096e+01 2.186155703999999787e+03 2.271440399999999954e+03
1.259499999999999886e+01 1.017750455999999915e+01 2.186627861999999823e+03 2.271440399999999954e+03
1.260000000000000142e+01 1.016639495999999987e+01 2.186720441999999821e+03 2.271440399999999954e+03
1.260500000000000043e+01 1.021157400000000059e+01 2.186343949999999950e+03 2.271440399999999954e+03
1.260999999999999943e+01 1.021712879999999934e+01 2.186297660000000178e+03 2.271440399999999954e+03
1.261500000000000199e+01 1.017750455999999915e+01 2.186627861999999823e+03 2.271440399999999954e+03
1.262000000000000099e+01 1.018342967999999971e+01 2.186578485999999884e+03 2.271440399999999954e+03
1.262500000000000000e+01 1.013825064000000076e+01 2.186954977999999755e+03 2.271440399999999954e+03
1.262999999999999901e+01 1.022860872000000043e+01 2.186201994000000013e+03 2.271440399999999954e+03
1.263500000000000156e+01 1.017750455999999915e+01 2.186627861999999823e+03 2.271440399999999954e+03
1.264000000000000057e+01 1.022860872000000043e+01 2.186201994000000013e+03 2.271440399999999954e+03
1.264499999999999957e+01 1.027378775999999938e+01 2.185825502000000142e+03 2.271440399999999954e+03
1.264999999999999858e+01 1.021712879999999934e+01 2.186297660000000178e+03 2.271440399999999954e+03
1.265500000000000114e+01 1.030748687999999902e+01 2.185544675999999981e+03 2.271440399999999954e+03
1.266000000000000014e+01 1.027934255999999991e+01 2.185779211999999916e+03 2.271440399999999954e+03
1.266499999999999915e+01 1.019453927999999898e+01 2.186485905999999886e+03 2.271440399999999954e+03
1.267000000000000171e+01 1.026823296000000063e+01 2.185871791999999914e+03 2.271440399999999954e+03
1.267500000000000071e+01 1.023416352000000096e+01 2.186155703999999787e+03 2.271440399999999954e+03
1.267999999999999972e+01 1.025675303999999954e+01 2.185967458000000079e+03 2.271440399999999954e+03
1.268499999999999872e+01 1.027934255999999991e+01 2.185779211999999916e+03 2.271440399999999954e+03
1.269000000000000128e+01 1.025675303999999954e+01 2.185967458000000079e+03 2.271440399999999954e+03
1.269500000000000028e+01 1.023416352000000096e+01 2.186155703999999787e+03 2.271440399999999954e+03
1.269999999999999929e+01 1.021157400000000059e+01 2.186343949999999950e+03 2.271440399999999954e+03
1.270500000000000185e+01 1.016639495999999987e+01 2.186720441999999821e+03 2.271440399999999954e+03
1.271000000000000085e+01 1.014380544000000128e+01 2.186908687999999984e+03 2.271440399999999954e+03
1.271499999999999986e+01 1.012677071999999967e+01 2.187050643999999920e+03 2.271440399999999954e+03
1.271999999999999886e+01 1.006455695999999911e+01 2.187569091999999728e+03 2.271440399999999954e+03
1.272500000000000142e+01 1.009862639999999878e+01 2.187285179999999855e+03 2.271440399999999954e+03
1.273000000000000043e+01 1.010973599999999983e+01 2.187192599999999857e+03 2.271440399999999954e+03
1.273499999999999943e+01 1.010973599999999983e+01 2.187192599999999857e+03 2.271440399999999954e+03
1.274000000000000199e+01 1.013232552000000020e+01 2.187004354000000149e+03 2.271440399999999954e+03
1.274500000000000099e+01 1.004196743999999875e+01 2.187757337999999891e+03 2.271440399999999954e+03
1.275000000000000000e+01 1.006455695999999911e+01 2.187569091999999728e+03 2.271440399999999954e+03
1.275499999999999901e+01 1.009862639999999878e+01 2.187285179999999855e+03 2.271440399999999954e+03
1.276000000000000156e+01 1.007603687999999842e+01 2.187473426000000018e+03 2.271440399999999954e+03
1.276500000000000057e+01 1.009862639999999878e+01 2.187285179999999855e+03 2.271440399999999954e+03
1.276999999999999957e+01 1.007603687999999842e+01 2.187473426000000018e+03 2.271440399999999954e+03
1.277499999999999858e+01 1.009307160000000003e+01 2.187331470000000081e+03 2.271440399999999954e+03
1.278000000000000114e+01 1.006455695999999911e+01 2.187569091999999728e+03 2.271440399999999954e+03
1.278500000000000014e+01 1.010973599999999983e+01 2.187192599999999857e+03 2.271440399999999954e+03
1.278999999999999915e+01 1.016084015999999934e+01 2.186766732000000047e+03 2.271440399999999954e+03
1.279500000000000171e+01 1.015491503999999878e+01 2.186816107999999986e+03 2.271440399999999954e+03
1.280000000000000071e+01 1.015491503999999878e+01 2.186816107999999986e+03 2.271440399999999954e+03
1.280499999999999972e+01 1.022305391999999991e+01 2.186248283999999785e+03 2.271440399999999954e+03
1.280999999999999872e+01 1.024564344000000027e+01 2.186060038000000077e+03 2.271440399999999954e+03
1.281500000000000128e+01 1.022860872000000043e+01 2.186201994000000013e+03 2.271440399999999954e+03
1.282000000000000028e+01 1.013232552000000020e+01 2.187004354000000149e+03 2.271440399999999954e+03
1.282499999999999929e+01 1.015491503999999878e+01 2.186816107999999986e+03 2.271440399999999954e+03
1.283000000000000185e+01 1.010973599999999983e+01 2.187192599999999857e+03 2.271440399999999954e+03
1.283500000000000085e+01 1.018898448000000023e+01 2.186532196000000113e+03 2.271440399999999954e+03
1.283999999999999986e+01 1.011566112000000039e+01 2.187143223999999918e+03 2.271440399999999954e+03
1.284499999999999886e+01 1.016639495999999987e+01 2.186720441999999821e+03 2.271440399999999954e+03
1.285000000000000142e+01 1.010418119999999931e+01 2.187238890000000083e+03 2.271440399999999954e+03
1.285500000000000043e+01 1.011566112000000039e+01 2.187143223999999918e+03 2.271440399999999954e+03
1.285999999999999943e+01 1.002493271999999891e+01 2.187899293999999827e+03 2.271440399999999954e+03
1.286500000000000199e+01 1.005344735999999806e+01 2.187661672000000181e+03 2.271440399999999954e+03
1.287000000000000099e+01 1.005344735999999806e+01 2.187661672000000181e+03 2.271440399999999954e+03
1.287500000000000000e+01 1.009307160000000003e+01 2.187331470000000081e+03 2.271440399999999954e+03
1.287999999999999901e+01 1.005344735999999806e+01 2.187661672000000181e+03 2.271440399999999954e+03
1.288500000000000156e+01 1.006455695999999911e+01 2.187569091999999728e+03 2.271440399999999954e+03
1.289000000000000057e+01 1.007048207999999967e+01 2.187519715999999789e+03 2.271440399999999954e+03
1.289499999999999957e+01 1.001937792000000016e+01 2.187945584000000053e+03 2.271440399999999954e+03
1.289999999999999858e+01 1.003085783999999947e+01 2.187849917999999889e+03 2.271440399999999954e+03
1.290500000000000114e+01 9.951609359999999072e+00 2.188510322000000087e+03 2.271440399999999954e+03
1.291000000000000014e+01 1.001382311999999963e+01 2.187991873999999825e+03 2.271440399999999954e+03
1.291499999999999915e+01 1.006455695999999911e+01 2.187569091999999728e+03 2.271440399999999954e+03
1.292000000000000171e+01 1.007603687999999842e+01 2.187473426000000018e+03 2.271440399999999954e+03
1.292500000000000071e+01 1.012677071999999967e+01 2.187050643999999920e+03 2.271440399999999954e+03
1.292999999999999972e+01 1.010973599999999983e+01 2.187192599999999857e+03 2.271440399999999954e+03
1.293499999999999872e+01 1.006455695999999911e+01 2.187569091999999728e+03 2.271440399999999954e+03
1.294000000000000128e+01 1.012121592000000092e+01 2.187096934000000147e+03 2.271440399999999954e+03
1.294500000000000028e+01 1.006455695999999911e+01 2.187569091999999728e+03 2.271440399999999954e+03
1.294999999999999929e+01 1.007603687999999842e+01 2.187473426000000018e+03 2.271440399999999954e+03
1.295500000000000185e+01 1.013232552000000020e+01 2.187004354000000149e+03 2.271440399999999954e+03
1.296000000000000085e+01 1.010418119999999931e+01 2.187238890000000083e+03 2.271440399999999954e+03
1.296499999999999986e+01 1.020046439999999954e+01 2.186436529999999948e+03 2.271440399999999954e+03
1.296999999999999886e+01 1.016639495999999987e+01 2.186720441999999821e+03 2.271440399999999954e+03
1.297500000000000142e+01 1.017194975999999862e+01 2.186674152000000049e+03 2.271440399999999954e+03
1.298000000000000043e+01 1.015491503999999878e+01 2.186816107999999986e+03 2.271440399999999954e+03
1.298499999999999943e+01 1.010418119999999931e+01 2.187238890000000083e+03 2.271440399999999954e+03
1.299000000000000199e+01 1.017194975999999862e+01 2.186674152000000049e+03 2.271440399999999954e+03
1.299500000000000099e+01 1.005900215999999858e+01 2.187615381999999954e+03 2.271440399999999954e+03
1.300000000000000000e+01 1.013825064000000076e+01 2.186954977999999755e+03 2.271440399999999954e+03
1.300499999999999901e+01 1.014936023999999826e+01 2.186862397999999757e+03 2.271440399999999954e+03
1.301000000000000156e+01 1.004196743999999875e+01 2.187757337999999891e+03 2.271440399999999954e+03
1.301500000000000057e+01 1.005344735999999806e+01 2.187661672000000181e+03 2.271440399999999954e+03
1.301999999999999957e+01 1.007048207999999967e+01 2.187519715999999789e+03 2.271440399999999954e+03
1.302499999999999858e+01 1.000234320000000032e+01 2.188087539999999990e+03 2.271440399999999954e+03
1.303000000000000114e+01 9.974198879999999434e+00 2.188322075999999925e+03 2.271440399999999954e+03
1.303500000000000014e+01 9.985678799999998745e+00 2.188226409999999760e+03 2.271440399999999954e+03
1.303999999999999915e+01 1.007603687999999842e+01 2.187473426000000018e+03 2.271440399999999954e+03
1.304500000000000171e+01 1.002493271999999891e+01 2.187899293999999827e+03 2.271440399999999954e+03
1.305000000000000071e+01 9.996788399999999797e+00 2.188133829999999762e+03 2.271440399999999954e+03
1.305499999999999972e+01 1.002493271999999891e+01 2.187899293999999827e+03 2.271440399999999954e+03
1.305999999999999872e+01 9.991233599999999271e+00 2.188180119999999988e+03 2.271440399999999954e+03
1.306500000000000128e+01 1.005900215999999858e+01 2.187615381999999954e+03 2.271440399999999954e+03
1.307000000000000028e+01 1.001382311999999963e+01 2.187991873999999825e+03 2.271440399999999954e+03
1.307499999999999929e+01 1.005344735999999806e+01 2.187661672000000181e+03 2.271440399999999954e+03
1.308000000000000185e+01 9.996788399999999797e+00 2.188133829999999762e+03 2.271440399999999954e+03
1.308500000000000085e+01 1.000826831999999911e+01 2.188038164000000052e+03 2.271440399999999954e+03
1.308999999999999986e+01 1.009862639999999878e+01 2.187285179999999855e+03 2.271440399999999954e+03
1.309499999999999886e+01 1.007048207999999967e+01 2.187519715999999789e+03 2.271440399999999954e+03
1.310000000000000142e+01 9.996788399999999797e+00 2.188133829999999762e+03 2.271440399999999954e+03
1.310500000000000043e+01 9.991233599999999271e+00 2.188180119999999988e+03 2.271440399999999954e+03
1.310999999999999943e+01 9.957164159999999598e+00 2.188464031999999861e+03 2.271440399999999954e+03
1.311500000000000199e+01 1.000234320000000032e+01 2.188087539999999990e+03 2.271440399999999954e+03
1.312000000000000099e+01 1.000234320000000032e+01 2.188087539999999990e+03 2.271440399999999954e+03
1.312500000000000000e+01 1.009862639999999878e+01 2.187285179999999855e+03 2.271440399999999954e+03
1.312999999999999901e+01 1.003641263999999822e+01 2.187803628000000117e+03 2.271440399999999954e+03
1.313500000000000156e+01 9.991233599999999271e+00 2.188180119999999988e+03 2.271440399999999954e+03
1.314000000000000057e+01 1.003085783999999947e+01 2.187849917999999889e+03 2.271440399999999954e+03
1.314499999999999957e+01 1.000234320000000032e+01 2.188087539999999990e+03 2.271440399999999954e+03
1.314999999999999858e+01 9.996788399999999797e+00 2.188133829999999762e+03 2.271440399999999954e+03
1.315500000000000114e+01 1.000826831999999911e+01 2.188038164000000052e+03 2.271440399999999954e+03
1.316000000000000014e+01 9.979753679999999960e+00 2.188275786000000153e+03 2.271440399999999954e+03
1.316499999999999915e+01 1.000234320000000032e+01 2.188087539999999990e+03 2.271440399999999954e+03
1.317000000000000171e+01 9.979753679999999960e+00 2.188275786000000153e+03 2.271440399999999954e+03
1.317500000000000071e+01 1.000234320000000032e+01 2.188087539999999990e+03 2.271440399999999954e+03
1.317999999999999972e+01 1.001937792000000016e+01 2.187945584000000053e+03 2.271440399999999954e+03
1.318499999999999872e+01 1.005344735999999806e+01 2.187661672000000181e+03 2.271440399999999954e+03
1.319000000000000128e+01 1.010418119999999931e+01 2.187238890000000083e+03 2.271440399999999954e+03
1.319500000000000028e+01 1.007603687999999842e+01 2.187473426000000018e+03 2.271440399999999954e+03
1.319999999999999929e+01 1.000234320000000032e+01 2.188087539999999990e+03 2.271440399999999954e+03
1.320500000000000185e+01 1.001937792000000016e+01 2.187945584000000053e+03 2.271440399999999954e+03
1.321000000000000085e+01 1.000234320000000032e+01 2.188087539999999990e+03 2.271440399999999954e+03
1.321499999999999986e+01 9.991233599999999271e+00 2.188180119999999988e+03 2.271440399999999954e+03
1.321999999999999886e+01 9.974198879999999434e+00 2.188322075999999925e+03 2.271440399999999954e+03
1.322500000000000142e+01 9.951609359999999072e+00 2.188510322000000087e+03 2.271440399999999954e+03
1.323000000000000043e+01 1.001382311999999963e+01 2.187991873999999825e+03 2.271440399999999954e+03
1.323499999999999943e+01 9.996788399999999797e+00 2.188133829999999762e+03 2.271440399999999954e+03
1.324000000000000199e+01 1.007603687999999842e+01 2.187473426000000018e+03 2.271440399999999954e+03
1.324500000000000099e+01 9.974198879999999434e+00 2.188322075999999925e+03 2.271440399999999954e+03
1.325000000000000000e+01 9.985678799999998745e+00 2.188226409999999760e+03 2.271440399999999954e+03
1.325499999999999901e+01 1.000826831999999911e+01 2.188038164000000052e+03 2.271440399999999954e+03
1.326000000000000156e+01 9.968644079999998908e+00 2.188368366000000151e+03 2.271440399999999954e+03
1.326500000000000057e+01 1.000234320000000032e+01 2.188087539999999990e+03 2.271440399999999954e+03
1.326999999999999957e+01 1.004752223999999927e+01 2.187711048000000119e+03 2.271440399999999954e+03
1.327499999999999858e+01 1.004196743999999875e+01 2.187757337999999891e+03 2.271440399999999954e+03
1.328000000000000114e+01 1.001937792000000016e+01 2.187945584000000053e+03 2.271440399999999954e+03
1.328500000000000014e+01 1.002493271999999891e+01 2.187899293999999827e+03 2.271440399999999954e+03
1.328999999999999915e+01 9.991233599999999271e+00 2.188180119999999988e+03 2.271440399999999954e+03
1.329500000000000171e+01 9.906430320000000123e+00 2.188886813999999958e+03 2.271440399999999954e+03
1.330000000000000071e+01 1.000234320000000032e+01 2.188087539999999990e+03 2.271440399999999954e+03
1.330499999999999972e+01 1.000826831999999911e+01 2.188038164000000052e+03 2.271440399999999954e+03
1.330999999999999872e+01 1.002493271999999891e+01 2.187899293999999827e+03 2.271440399999999954e+03
1.331500000000000128e+01 1.001937792000000016e+01 2.187945584000000053e+03 2.271440399999999954e+03
1.332000000000000028e+01 1.003085783999999947e+01 2.187849917999999889e+03 2.271440399999999954e+03
1.332499999999999929e+01 1.007048207999999967e+01 2.187519715999999789e+03 2.271440399999999954e+03
1.333000000000000185e+01 9.963089279999998382e+00 2.188414655999999923e+03 2.271440399999999954e+03
1.333500000000000085e+01 1.002493271999999891e+01 2.187899293999999827e+03 2.271440399999999954e+03
1.333999999999999986e+01 1.007048207999999967e+01 2.187519715999999789e+03 2.271440399999999954e+03
1.334499999999999886e+01 9.963089279999998382e+00 2.188414655999999923e+03 2.271440399999999954e+03
1.335000000000000142e+01 1.004196743999999875e+01 2.187757337999999891e+03 2.271440399999999954e+03
1.335500000000000043e+01 1.007603687999999842e+01 2.187473426000000018e+03 2.271440399999999954e+03
1.335999999999999943e+01 9.985678799999998745e+00 2.188226409999999760e+03 2.271440399999999954e+03
1.336500000000000199e+01 1.004196743999999875e+01 2.187757337999999891e+03 2.271440399999999954e+03
1.337000000000000099e+01 9.951609359999999072e+00 2.188510322000000087e+03 2.271440399999999954e+03
1.337500000000000000e+01 1.005344735999999806e+01 2.187661672000000181e+03 2.271440399999999954e+03
1.337999999999999901e+01 9.991233599999999271e+00 2.188180119999999988e+03 2.271440399999999954e+03
1.338500000000000156e+01 9.974198879999999434e+00 2.188322075999999925e+03 2.271440399999999954e+03
1.339000000000000057e+01 1.001382311999999963e+01 2.187991873999999825e+03 2.271440399999999954e+03
1.339499999999999957e+01 9.974198879999999434e+00 2.188322075999999925e+03 2.271440399999999954e+03
1.339999999999999858e+01 9.968644079999998908e+00 2.188368366000000151e+03 2.271440399999999954e+03
1.340500000000000114e+01 1.003085783999999947e+01 2.187849917999999889e+03 2.271440399999999954e+03
1.341000000000000014e+01 1.005900215999999858e+01 2.187615381999999954e+03 2.271440399999999954e+03
1.341499999999999915e+01 1.003085783999999947e+01 2.187849917999999889e+03 2.271440399999999954e+03
1.342000000000000171e+01 9.974198879999999434e+00 2.188322075999999925e+03 2.271440399999999954e+03
1.342500000000000071e+01 1.001382311999999963e+01 2.187991873999999825e+03 2.271440399999999954e+03
1.342999999999999972e+01 9.985678799999998745e+00 2.188226409999999760e+03 2.271440399999999954e+03
1.343499999999999872e+01 9.923465039999998183e+00 2.188744858000000022e+03 2.271440399999999954e+03
1.344000000000000128e+01 1.005344735999999806e+01 2.187661672000000181e+03 2.271440399999999954e+03
1.344500000000000028e+01 9.968644079999998908e+00 2.188368366000000151e+03 2.271440399999999954e+03
1.344999999999999929e+01 1.005344735999999806e+01 2.187661672000000181e+03 2.271440399999999954e+03
1.345500000000000185e+01 1.003085783999999947e+01 2.187849917999999889e+03 2.271440399999999954e+03
1.346000000000000085e+01 9.968644079999998908e+00 2.188368366000000151e+03 2.271440399999999954e+03
1.346499999999999986e+01 9.974198879999999434e+00 2.188322075999999925e+03 2.271440399999999954e+03
1.346999999999999886e+01 9.940499759999998020e+00 2.188602902000000086e+03 2.271440399999999954e+03
1.347500000000000142e+01 9.951609359999999072e+00 2.188510322000000087e+03 2.271440399999999954e+03
1.348000000000000043e+01 9.991233599999999271e+00 2.188180119999999988e+03 2.271440399999999954e+03
1.348499999999999943e+01 1.000234320000000032e+01 2.188087539999999990e+03 2.271440399999999954e+03
1.349000000000000199e+01 1.004752223999999927e+01 2.187711048000000119e+03 2.271440399999999954e+03
1.349500000000000099e+01 1.002493271999999891e+01 2.187899293999999827e+03 2.271440399999999954e+03
1.350000000000000000e+01 9.996788399999999797e+00 2.188133829999999762e+03 2.271440399999999954e+03
1.350499999999999901e+01 1.000234320000000032e+01 2.188087539999999990e+03 2.271440399999999954e+03
1.351000000000000156e+01 9.974198879999999434e+00 2.188322075999999925e+03 2.271440399999999954e+03
1.351500000000000057e+01 9.974198879999999434e+00 2.188322075999999925e+03 2.271440399999999954e+03
1.351999999999999957e+01 1.000234320000000032e+01 2.188087539999999990e+03 2.271440399999999954e+03
1.352499999999999858e+01 1.003085783999999947e+01 2.187849917999999889e+03 2.271440399999999954e+03
1.353000000000000114e+01 1.000826831999999911e+01 2.188038164000000052e+03 2.271440399999999954e+03
1.353500000000000014e+01 9.985678799999998745e+00 2.188226409999999760e+03 2.271440399999999954e+03
1.353999999999999915e+01 1.001382311999999963e+01 2.187991873999999825e+03 2.271440399999999954e+03
1.354500000000000171e+01 9.963089279999998382e+00 2.188414655999999923e+03 2.271440399999999954e+03
1.355000000000000071e+01 1.003641263999999822e+01 2.187803628000000117e+03 2.271440399999999954e+03
1.355499999999999972e+01 1.005344735999999806e+01 2.187661672000000181e+03 2.271440399999999954e+03
1.355999999999999872e+01 1.000826831999999911e+01 2.188038164000000052e+03 2.271440399999999954e+03
1.356500000000000128e+01 9.985678799999998745e+00 2.188226409999999760e+03 2.271440399999999954e+03
1.357000000000000028e+01 9.991233599999999271e+00 2.188180119999999988e+03 2.271440399999999954e+03
1.357499999999999929e+01 1.002493271999999891e+01 2.187899293999999827e+03 2.271440399999999954e+03
1.358000000000000185e+01 1.004196743999999875e+01 2.187757337999999891e+03 2.271440399999999954e+03
1.358500000000000085e+01 1.000234320000000032e+01 2.188087539999999990e+03 2.271440399999999954e+03
1.358999999999999986e+01 1.010973599999999983e+01 2.187192599999999857e+03 2.271440399999999954e+03
1.359499999999999886e+01 9.985678799999998745e+00 2.188226409999999760e+03 2.271440399999999954e+03
1.360000000000000142e+01 1.005344735999999806e+01 2.187661672000000181e+03 2.271440399999999954e+03
1.360500000000000043e+01 1.008714647999999947e+01 2.187380846000000020e+03 2.271440399999999954e+03
1.360999999999999943e+01 1.010973599999999983e+01 2.187192599999999857e+03 2.271440399999999954e+03
1.361500000000000199e+01 1.010418119999999931e+01 2.187238890000000083e+03 2.271440399999999954e+03
1.362000000000000099e+01 1.003085783999999947e+01 2.187849917999999889e+03 2.271440399999999954e+03
1.362500000000000000e+01 1.005900215999999858e+01 2.187615381999999954e+03 2.271440399999999954e+03
1.362999999999999901e+01 1.003641263999999822e+01 2.187803628000000117e+03 2.271440399999999954e+03
1.363500000000000156e+01 9.996788399999999797e+00 2.188133829999999762e+03 2.271440399999999954e+03
1.364000000000000057e+01 1.004196743999999875e+01 2.187757337999999891e+03 2.271440399999999954e+03
1.364499999999999957e+01 1.005900215999999858e+01 2.187615381999999954e+03 2.271440399999999954e+03
1.364999999999999858e+01 9.991233599999999271e+00 2.188180119999999988e+03 2.271440399999999954e+03
1.365500000000000114e+01 1.011566112000000039e+01 2.187143223999999918e+03 2.271440399999999954e+03
1.366000000000000014e+01 1.007048207999999967e+01 2.187519715999999789e+03 2.271440399999999954e+03
1.366499999999999915e+01 1.009307160000000003e+01 2.187331470000000081e+03 2.271440399999999954e+03
1.367000000000000171e+01 1.013232552000000020e+01 2.187004354000000149e+03 2.271440399999999954e+03
1.367500000000000071e+01 1.004752223999999927e+01 2.187711048000000119e+03 2.271440399999999954e+03
1.367999999999999972e+01 1.008714647999999947e+01 2.187380846000000020e+03 2.271440399999999954e+03
1.368499999999999872e+01 1.007048207999999967e+01 2.187519715999999789e+03 2.271440399999999954e+03
1.369000000000000128e+01 1.005344735999999806e+01 2.187661672000000181e+03 2.271440399999999954e+03
1.369500000000000028e+01 9.996788399999999797e+00 2.188133829999999762e+03 2.271440399999999954e+03
1.369999999999999929e+01 1.004752223999999927e+01 2.187711048000000119e+03 2.271440399999999954e+03
1.370500000000000185e+01 1.007603687999999842e+01 2.187473426000000018e+03 2.271440399999999954e+03
1.371000000000000085e+01 9.979753679999999960e+00 2.188275786000000153e+03 2.271440399999999954e+03
1.371499999999999986e+01 1.001937792000000016e+01 2.187945584000000053e+03 2.271440399999999954e+03
1.371999999999999886e+01 9.996788399999999797e+00 2.188133829999999762e+03 2.271440399999999954e+03
1.372500000000000142e+01 1.006455695999999911e+01 2.187569091999999728e+03 2.271440399999999954e+03
1.373000000000000043e+01 1.001937792000000016e+01 2.187945584000000053e+03 2.271440399999999954e+03
1.373499999999999943e+01 1.003641263999999822e+01 2.187803628000000117e+03 2.271440399999999954e+03
1.374000000000000199e+01 1.000826831999999911e+01 2.188038164000000052e+03 2.271440399999999954e+03
1.374500000000000099e+01 1.000826831999999911e+01 2.188038164000000052e+03 2.271440399999999954e+03
1.375000000000000000e+01 1.004752223999999927e+01 2.187711048000000119e+03 2.271440399999999954e+03
1.375499999999999901e+01 1.002493271999999891e+01 2.187899293999999827e+03 2.271440399999999954e+03
1.376000000000000156e+01 1.007603687999999842e+01 2.187473426000000018e+03 2.271440399999999954e+03
1.376500000000000057e+01 1.007048207999999967e+01 2.187519715999999789e+03 2.271440399999999954e+03
1.376999999999999957e+01 1.010418119999999931e+01 2.187238890000000083e+03 2.271440399999999954e+03
1.377499999999999858e+01 1.012677071999999967e+01 2.187050643999999920e+03 2.271440399999999954e+03
1.378000000000000114e+01 1.012121592000000092e+01 2.187096934000000147e+03 2.271440399999999954e+03
1.378500000000000014e+01 1.001937792000000016e+01 2.187945584000000053e+03 2.271440399999999954e+03
1.378999999999999915e+01 9.991233599999999271e+00 2.188180119999999988e+03 2.271440399999999954e+03
1.379500000000000171e+01 1.000234320000000032e+01 2.188087539999999990e+03 2.271440399999999954e+03
1.380000000000000071e+01 1.004752223999999927e+01 2.187711048000000119e+03 2.271440399999999954e+03
1.380499999999999972e+01 1.008159167999999895e+01 2.187427135999999791e+03 2.271440399999999954e+03
1.380999999999999872e+01 1.008714647999999947e+01 2.187380846000000020e+03 2.271440399999999954e+03
1.381500000000000128e+01 1.002493271999999891e+01 2.187899293999999827e+03 2.271440399999999954e+03
1.382000000000000028e+01 1.005344735999999806e+01 2.187661672000000181e+03 2.271440399999999954e+03
1.382499999999999929e+01 1.003641263999999822e+01 2.187803628000000117e+03 2.271440399999999954e+03
1.383000000000000185e+01 1.000826831999999911e+01 2.188038164000000052e+03 2.271440399999999954e+03
1.383500000000000085e+01 1.004752223999999927e+01 2.187711048000000119e+03 2.271440399999999954e+03
1.383999999999999986e+01 1.005344735999999806e+01 2.187661672000000181e+03 2.271440399999999954e+03
1.384499999999999886e+01 1.008159167999999895e+01 2.187427135999999791e+03 2.271440399999999954e+03
1.385000000000000142e+01 1.012121592000000092e+01 2.187096934000000147e+03 2.271440399999999954e+03
1.385500000000000043e+01 1.003085783999999947e+01 2.187849917999999889e+03 2.271440399999999954e+03
1.385999999999999943e+01 9.996788399999999797e+00 2.188133829999999762e+03 2.271440399999999954e+03
1.386500000000000199e+01 1.000826831999999911e+01 2.188038164000000052e+03 2.271440399999999954e+03
1.387000000000000099e+01 9.996788399999999797e+00 2.188133829999999762e+03 2.271440399999999954e+03
1.387500000000000000e+01 9.963089279999998382e+00 2.188414655999999923e+03 2.271440399999999954e+03
1.387999999999999901e+01 9.974198879999999434e+00 2.188322075999999925e+03 2.271440399999999954e+03
1.388500000000000156e+01 1.002493271999999891e+01 2.187899293999999827e+03 2.271440399999999954e+03
1.389000000000000057e+01 1.009307160000000003e+01 2.187331470000000081e+03 2.271440399999999954e+03
1.389499999999999957e+01 1.006455695999999911e+01 2.187569091999999728e+03 2.271440399999999954e+03
1.389999999999999858e+01 1.008159167999999895e+01 2.187427135999999791e+03 2.271440399999999954e+03
1.390500000000000114e+01 1.002493271999999891e+01 2.187899293999999827e+03 2.271440399999999954e+03
1.391000000000000014e+01 9.968644079999998908e+00 2.188368366000000151e+03 2.271440399999999954e+03
1.391499999999999915e+01 1.003085783999999947e+01 2.187849917999999889e+03 2.271440399999999954e+03
1.392000000000000171e+01 1.001937792000000016e+01 2.187945584000000053e+03 2.271440399999999954e+03
1.392500000000000071e+01 1.013232552000000020e+01 2.187004354000000149e+03 2.271440399999999954e+03
1.392999999999999972e+01 1.007603687999999842e+01 2.187473426000000018e+03 2.271440399999999954e+03
1.393499999999999872e+01 1.007603687999999842e+01 2.187473426000000018e+03 2.271440399999999954e+03
1.394000000000000128e+01 1.004196743999999875e+01 2.187757337999999891e+03 2.271440399999999954e+03
1.394500000000000028e+01 9.946054559999998546e+00 2.188556611999999859e+03 2.271440399999999954e+03
1.394999999999999929e+01 9.917910239999999433e+00 2.188791147999999794e+03 2.271440399999999954e+03
1.395500000000000185e+01 9.991233599999999271e+00 2.188180119999999988e+03 2.271440399999999954e+03
1.396000000000000085e+01 1.001937792000000016e+01 2.187945584000000053e+03 2.271440399999999954e+03
1.396499999999999986e+01 1.007603687999999842e+01 2.187473426000000018e+03 2.271440399999999954e+03
1.396999999999999886e+01 1.008714647999999947e+01 2.187380846000000020e+03 2.271440399999999954e+03
1.397500000000000142e+01 1.007048207999999967e+01 2.187519715999999789e+03 2.271440399999999954e+03
1.398000000000000043e+01 1.002493271999999891e+01 2.187899293999999827e+03 2.271440399999999954e+03
1.398499999999999943e+01 9.968644079999998908e+00 2.188368366000000151e+03 2.271440399999999954e+03
1.399000000000000199e+01 1.007603687999999842e+01 2.187473426000000018e+03 2.271440399999999954e+03
1.399500000000000099e+01 9.979753679999999960e+00 2.188275786000000153e+03 2.271440399999999954e+03
1.400000000000000000e+01 9.963089279999998382e+00 2.188414655999999923e+03 2.271440399999999954e+03
1.400499999999999901e+01 1.010973599999999983e+01 2.187192599999999857e+03 2.271440399999999954e+03
1.401000000000000156e+01 9.974198879999999434e+00 2.188322075999999925e+03 2.271440399999999954e+03
1.401500000000000057e+01 1.012677071999999967e+01 2.187050643999999920e+03 2.271440399999999954e+03
1.401999999999999957e+01 9.974198879999999434e+00 2.188322075999999925e+03 2.271440399999999954e+03
1.402499999999999858e+01 1.000234320000000032e+01 2.188087539999999990e+03 2.271440399999999954e+03
1.403000000000000114e+01 9.985678799999998745e+00 2.188226409999999760e+03 2.271440399999999954e+03
1.403500000000000014e+01 9.963089279999998382e+00 2.188414655999999923e+03 2.271440399999999954e+03
1.403999999999999915e+01 1.003085783999999947e+01 2.187849917999999889e+03 2.271440399999999954e+03
1.404500000000000171e+01 9.963089279999998382e+00 2.188414655999999923e+03 2.271440399999999954e+03
1.405000000000000071e+01 9.968644079999998908e+00 2.188368366000000151e+03 2.271440399999999954e+03
1.405499999999999972e+01 9.996788399999999797e+00 2.188133829999999762e+03 2.271440399999999954e+03
1.405999999999999872e+01 9.974198879999999434e+00 2.188322075999999925e+03 2.271440399999999954e+03
1.406500000000000128e+01 9.946054559999998546e+00 2.188556611999999859e+03 2.271440399999999954e+03
1.407000000000000028e+01 1.000826831999999911e+01 2.188038164000000052e+03 2.271440399999999954e+03
1.407499999999999929e+01 9.929019839999998709e+00 2.188698567999999796e+03 2.271440399999999954e+03
1.408000000000000185e+01 1.000826831999999911e+01 2.188038164000000052e+03 2.271440399999999954e+03
1.408500000000000085e+01 9.991233599999999271e+00 2.188180119999999988e+03 2.271440399999999954e+03
1.408999999999999986e+01 1.005344735999999806e+01 2.187661672000000181e+03 2.271440399999999954e+03
1.409499999999999886e+01 1.004752223999999927e+01 2.187711048000000119e+03 2.271440399999999954e+03
1.410000000000000142e+01 1.008159167999999895e+01 2.187427135999999791e+03 2.271440399999999954e+03
1.410500000000000043e+01 1.008159167999999895e+01 2.187427135999999791e+03 2.271440399999999954e+03
1.410999999999999943e+01 1.003641263999999822e+01 2.187803628000000117e+03 2.271440399999999954e+03
1.411500000000000199e+01 1.004752223999999927e+01 2.187711048000000119e+03 2.271440399999999954e+03
1.412000000000000099e+01 1.000826831999999911e+01 2.188038164000000052e+03 2.271440399999999954e+03
1.412500000000000000e+01 1.003641263999999822e+01 2.187803628000000117e+03 2.271440399999999954e+03
1.412999999999999901e+01 1.002493271999999891e+01 2.187899293999999827e+03 2.271440399999999954e+03
1.413500000000000156e+01 9.991233599999999271e+00 2.188180119999999988e+03 2.271440399999999954e+03
1.414000000000000057e+01 1.005344735999999806e+01 2.187661672000000181e+03 2.271440399999999954e+03
1.414499999999999957e+01 1.003641263999999822e+01 2.187803628000000117e+03 2.271440399999999954e+03
1.414999999999999858e+01 1.001937792000000016e+01 2.187945584000000053e+03 2.271440399999999954e+03
1.415500000000000114e+01 9.985678799999998745e+00 2.188226409999999760e+03 2.271440399999999954e+03
1.416000000000000014e+01 9.957164159999999598e+00 2.188464031999999861e+03 2.271440399999999954e+03
1.416499999999999915e+01 9.946054559999998546e+00 2.188556611999999859e+03 2.271440399999999954e+03
1.417000000000000171e+01 1.004752223999999927e+01 2.187711048000000119e+03 2.271440399999999954e+03
1.417500000000000071e+01 1.004752223999999927e+01 2.187711048000000119e+03 2.271440399999999954e+03
1.417999999999999972e+01 1.006455695999999911e+01 2.187569091999999728e+03 2.271440399999999954e+03
1.418499999999999872e+01 1.005344735999999806e+01 2.187661672000000181e+03 2.271440399999999954e+03
1.419000000000000128e+01 1.009307160000000003e+01 2.187331470000000081e+03 2.271440399999999954e+03
1.419500000000000028e+01 1.003085783999999947e+01 2.187849917999999889e+03 2.271440399999999954e+03
1.419999999999999929e+01 1.002493271999999891e+01 2.187899293999999827e+03 2.271440399999999954e+03
1.420500000000000185e+01 9.979753679999999960e+00 2.188275786000000153e+03 2.271440399999999954e+03
1.421000000000000085e+01 1.003085783999999947e+01 2.187849917999999889e+03 2.271440399999999954e+03
1.421499999999999986e+01 1.002493271999999891e+01 2.187899293999999827e+03 2.271440399999999954e+03
1.421999999999999886e+01 1.007603687999999842e+01 2.187473426000000018e+03 2.271440399999999954e+03
1.422500000000000142e+01 1.008159167999999895e+01 2.187427135999999791e+03 2.271440399999999954e+03
1.423000000000000043e+01 1.005344735999999806e+01 2.187661672000000181e+03 2.271440399999999954e+03
1.423499999999999943e+01 1.009307160000000003e+01 2.187331470000000081e+03 2.271440399999999954e+03
1.424000000000000199e+01 1.007048207999999967e+01 2.187519715999999789e+03 2.271440399999999954e+03
1.424500000000000099e+01 9.968644079999998908e+00 2.188368366000000151e+03 2.271440399999999954e+03
1.425000000000000000e+01 9.996788399999999797e+00 2.188133829999999762e+03 2.271440399999999954e+03
1.425499999999999901e+01 9.923465039999998183e+00 2.188744858000000022e+03 2.271440399999999954e+03
1.426000000000000156e+01 9.991233599999999271e+00 2.188180119999999988e+03 2.271440399999999954e+03
1.426500000000000057e+01 9.991233599999999271e+00 2.188180119999999988e+03 2.271440399999999954e+03
1.426999999999999957e+01 1.001382311999999963e+01 2.187991873999999825e+03 2.271440399999999954e+03
1.427499999999999858e+01 1.001937792000000016e+01 2.187945584000000053e+03 2.271440399999999954e+03
1.428000000000000114e+01 1.005344735999999806e+01 2.187661672000000181e+03 2.271440399999999954e+03
1.428500000000000014e+01 1.005900215999999858e+01 2.187615381999999954e+03 2.271440399999999954e+03
1.428999999999999915e+01 1.001937792000000016e+01 2.187945584000000053e+03 2.271440399999999954e+03
1.429500000000000171e+01 9.946054559999998546e+00 2.188556611999999859e+03 2.271440399999999954e+03
1.430000000000000071e+01 1.005900215999999858e+01 2.187615381999999954e+03 2.271440399999999954e+03
1.430499999999999972e+01 1.006455695999999911e+01 2.187569091999999728e+03 2.271440399999999954e+03
1.430999999999999872e+01 1.007603687999999842e+01 2.187473426000000018e+03 2.271440399999999954e+03
1.431500000000000128e+01 1.004196743999999875e+01 2.187757337999999891e+03 2.271440399999999954e+03
1.432000000000000028e+01 1.003085783999999947e+01 2.187849917999999889e+03 2.271440399999999954e+03
1.432499999999999929e+01 1.005900215999999858e+01 2.187615381999999954e+03 2.271440399999999954e+03
1.433000000000000185e+01 1.005344735999999806e+01 2.187661672000000181e+03 2.271440399999999954e+03
1.433500000000000085e+01 1.000826831999999911e+01 2.188038164000000052e+03 2.271440399999999954e+03
1.433999999999999986e+01 1.008714647999999947e+01 2.187380846000000020e+03 2.271440399999999954e+03
1.434499999999999886e+01 1.006455695999999911e+01 2.187569091999999728e+03 2.271440399999999954e+03
1.435000000000000142e+01 1.003641263999999822e+01 2.187803628000000117e+03 2.271440399999999954e+03
1.435500000000000043e+01 9.985678799999998745e+00 2.188226409999999760e+03 2.271440399999999954e+03
1.435999999999999943e+01 9.929019839999998709e+00 2.188698567999999796e+03 2.271440399999999954e+03
1.436500000000000199e+01 9.996788399999999797e+00 2.188133829999999762e+03 2.271440399999999954e+03
1.437000000000000099e+01 1.003085783999999947e+01 2.187849917999999889e+03 2.271440399999999954e+03
1.437500000000000000e+01 1.013825064000000076e+01 2.186954977999999755e+03 2.271440399999999954e+03
1.437999999999999901e+01 1.005900215999999858e+01 2.187615381999999954e+03 2.271440399999999954e+03
1.438500000000000156e+01 1.007603687999999842e+01 2.187473426000000018e+03 2.271440399999999954e+03
1.439000000000000057e+01 1.000826831999999911e+01 2.188038164000000052e+03 2.271440399999999954e+03
1.439499999999999957e+01 1.000826831999999911e+01 2.188038164000000052e+03 2.271440399999999954e+03
1.439999999999999858e+01 1.003085783999999947e+01 2.187849917999999889e+03 2.271440399999999954e+03
1.440500000000000114e+01 9.968644079999998908e+00 2.188368366000000151e+03 2.271440399999999954e+03
1.441000000000000014e+01 9.996788399999999797e+00 2.188133829999999762e+03 2.271440399999999954e+03
1.441499999999999915e+01 1.001382311999999963e+01 2.187991873999999825e+03 2.271440399999999954e+03
1.442000000000000171e+01 1.004752223999999927e+01 2.187711048000000119e+03 2.271440399999999954e+03
1.442500000000000071e+01 1.012121592000000092e+01 2.187096934000000147e+03 2.271440399999999954e+03
1.442999999999999972e+01 1.003641263999999822e+01 2.187803628000000117e+03 2.271440399999999954e+03
1.443499999999999872e+01 1.002493271999999891e+01 2.187899293999999827e+03 2.271440399999999954e+03
1.444000000000000128e+01 1.004196743999999875e+01 2.187757337999999891e+03 2.271440399999999954e+03
1.444500000000000028e+01 9.951609359999999072e+00 2.188510322000000087e+03 2.271440399999999954e+03
1.444999999999999929e+01 1.007603687999999842e+01 2.187473426000000018e+03 2.271440399999999954e+03
1.445500000000000185e+01 1.000826831999999911e+01 2.188038164000000052e+03 2.271440399999999954e+03
1.446000000000000085e+01 1.003641263999999822e+01 2.187803628000000117e+03 2.271440399999999954e+03
1.446499999999999986e+01 1.005900215999999858e+01 2.187615381999999954e+03 2.271440399999999954e+03
1.446999999999999886e+01 9.996788399999999797e+00 2.188133829999999762e+03 2.271440399999999954e+03
1.447500000000000142e+01 1.005344735999999806e+01 2.187661672000000181e+03 2.271440399999999954e+03
1.448000000000000043e+01 9.968644079999998908e+00 2.188368366000000151e+03 2.271440399999999954e+03
1.448499999999999943e+01 1.004752223999999927e+01 2.187711048000000119e+03 2.271440399999999954e+03
1.449000000000000199e+01 1.007603687999999842e+01 2.187473426000000018e+03 2.271440399999999954e+03
1.449500000000000099e+01 1.005900215999999858e+01 2.187615381999999954e+03 2.271440399999999954e+03
1.450000000000000000e+01 1.010418119999999931e+01 2.187238890000000083e+03 2.271440399999999954e+03
1.450499999999999901e+01 1.004752223999999927e+01 2.187711048000000119e+03 2.271440399999999954e+03
1.451000000000000156e+01 9.996788399999999797e+00 2.188133829999999762e+03 2.271440399999999954e+03
1.451500000000000057e+01 1.003085783999999947e+01 2.187849917999999889e+03 2.271440399999999954e+03
1.451999999999999957e+01 9.985678799999998745e+00 2.188226409999999760e+03 2.271440399999999954e+03
1.452499999999999858e+01 1.003085783999999947e+01 2.187849917999999889e+03 2.271440399999999954e+03
1.453000000000000114e+01 1.003085783999999947e+01 2.187849917999999889e+03 2.271440399999999954e+03
1.453500000000000014e+01 1.005900215999999858e+01 2.187615381999999954e+03 2.271440399999999954e+03
1.453999999999999915e+01 1.001937792000000016e+01 2.187945584000000053e+03 2.271440399999999954e+03
1.454500000000000171e+01 1.003085783999999947e+01 2.187849917999999889e+03 2.271440399999999954e+03
1.455000000000000071e+01 1.005344735999999806e+01 2.187661672000000181e+03 2.271440399999999954e+03
1.455499999999999972e+01 1.001937792000000016e+01 2.187945584000000053e+03 2.271440399999999954e+03
1.455999999999999872e+01 1.000826831999999911e+01 2.188038164000000052e+03 2.271440399999999954e+03
1.456500000000000128e+01 9.968644079999998908e+00 2.188368366000000151e+03 2.271440399999999954e+03
1.457000000000000028e+01 1.000826831999999911e+01 2.188038164000000052e+03 2.271440399999999954e+03
1.457499999999999929e+01 1.007048207999999967e+01 2.187519715999999789e+03 2.271440399999999954e+03
1.458000000000000185e+01 1.010973599999999983e+01 2.187192599999999857e+03 2.271440399999999954e+03
1.458500000000000085e+01 9.991233599999999271e+00 2.188180119999999988e+03 2.271440399999999954e+03
1.458999999999999986e+01 1.007048207999999967e+01 2.187519715999999789e+03 2.271440399999999954e+03
1.459499999999999886e+01 9.974198879999999434e+00 2.188322075999999925e+03 2.271440399999999954e+03
1.460000000000000142e+01 9.929019839999998709e+00 2.188698567999999796e+03 2.271440399999999954e+03
1.460500000000000043e+01 9.946054559999998546e+00 2.188556611999999859e+03 2.271440399999999954e+03
1.460999999999999943e+01 9.991233599999999271e+00 2.188180119999999988e+03 2.271440399999999954e+03
1.461500000000000199e+01 1.003641263999999822e+01 2.187803628000000117e+03 2.271440399999999954e+03
1.462000000000000099e+01 1.007603687999999842e+01 2.187473426000000018e+03 2.271440399999999954e+03
1.462500000000000000e+01 1.005900215999999858e+01 2.187615381999999954e+03 2.271440399999999954e+03
1.462999999999999901e+01 1.000234320000000032e+01 2.188087539999999990e+03 2.271440399999999954e+03
1.463500000000000156e+01 9.991233599999999271e+00 2.188180119999999988e+03 2.271440399999999954e+03
1.464000000000000057e+01 1.004196743999999875e+01 2.187757337999999891e+03 2.271440399999999954e+03
1.464499999999999957e+01 1.005344735999999806e+01 2.187661672000000181e+03 2.271440399999999954e+03
1.464999999999999858e+01 1.012121592000000092e+01 2.187096934000000147e+03 2.271440399999999954e+03
1.465500000000000114e+01 1.007048207999999967e+01 2.187519715999999789e+03 2.271440399999999954e+03
1.466000000000000014e+01 1.000234320000000032e+01 2.188087539999999990e+03 2.271440399999999954e+03
1.466499999999999915e+01 9.979753679999999960e+00 2.188275786000000153e+03 2.271440399999999954e+03
1.467000000000000171e+01 9.991233599999999271e+00 2.188180119999999988e+03 2.271440399999999954e+03
1.467500000000000071e+01 9.906430320000000123e+00 2.188886813999999958e+03 2.271440399999999954e+03
1.467999999999999972e+01 1.001382311999999963e+01 2.187991873999999825e+03 2.271440399999999954e+03
1.468499999999999872e+01 1.000826831999999911e+01 2.188038164000000052e+03 2.271440399999999954e+03
1.469000000000000128e+01 1.007603687999999842e+01 2.187473426000000018e+03 2.271440399999999954e+03
1.469500000000000028e+01 1.002493271999999891e+01 2.187899293999999827e+03 2.271440399999999954e+03
1.469999999999999929e+01 1.001937792000000016e+01 2.187945584000000053e+03 2.271440399999999954e+03
1.470500000000000185e+01 1.005900215999999858e+01 2.187615381999999954e+03 2.271440399999999954e+03
1.471000000000000085e+01 9.974198879999999434e+00 2.188322075999999925e+03 2.271440399999999954e+03
1.471499999999999986e+01 9.946054559999998546e+00 2.188556611999999859e+03 2.271440399999999954e+03
1.471999999999999886e+01 1.001382311999999963e+01 2.187991873999999825e+03 2.271440399999999954e+03
1.472500000000000142e+01 1.007048207999999967e+01 2.187519715999999789e+03 2.271440399999999954e+03
1.473000000000000043e+01 1.007603687999999842e+01 2.187473426000000018e+03 2.271440399999999954e+03
1.473499999999999943e+01 1.013232552000000020e+01 2.187004354000000149e+03 2.271440399999999954e+03
1.474000000000000199e+01 1.006455695999999911e+01 2.187569091999999728e+03 2.271440399999999954e+03
1.474500000000000099e+01 9.979753679999999960e+00 2.188275786000000153e+03 2.271440399999999954e+03
1.475000000000000000e+01 9.940499759999998020e+00 2.188602902000000086e+03 2.271440399999999954e+03
1.475499999999999901e+01 9.985678799999998745e+00 2.188226409999999760e+03 2.271440399999999954e+03
1.476000000000000156e+01 1.000234320000000032e+01 2.188087539999999990e+03 2.271440399999999954e+03
1.476500000000000057e+01 1.003085783999999947e+01 2.187849917999999889e+03 2.271440399999999954e+03
1.476999999999999957e+01 1.010418119999999931e+01 2.187238890000000083e+03 2.271440399999999954e+03
1.477499999999999858e+01 1.002493271999999891e+01 2.187899293999999827e+03 2.271440399999999954e+03
1.478000000000000114e+01 1.004196743999999875e+01 2.187757337999999891e+03 2.271440399999999954e+03
1.478500000000000014e+01 1.000826831999999911e+01 2.188038164000000052e+03 2.271440399999999954e+03
1.478999999999999915e+01 1.005344735999999806e+01 2.187661672000000181e+03 2.271440399999999954e+03
1.479500000000000171e+01 1.002493271999999891e+01 2.187899293999999827e+03 2.271440399999999954e+03
1.480000000000000071e+01 1.004752223999999927e+01 2.187711048000000119e+03 2.271440399999999954e+03
1.480499999999999972e+01 1.001937792000000016e+01 2.187945584000000053e+03 2.271440399999999954e+03
1.480999999999999872e+01 1.008159167999999895e+01 2.187427135999999791e+03 2.271440399999999954e+03
1.481500000000000128e+01 1.000234320000000032e+01 2.188087539999999990e+03 2.271440399999999954e+03
1.482000000000000028e+01 9.996788399999999797e+00 2.188133829999999762e+03 2.271440399999999954e+03
1.482499999999999929e+01 1.000234320000000032e+01 2.188087539999999990e+03 2.271440399999999954e+03
1.483000000000000185e+01 1.003641263999999822e+01 2.187803628000000117e+03 2.271440399999999954e+03
1.483500000000000085e+01 1.006455695999999911e+01 2.187569091999999728e+03 2.271440399999999954e+03
1.483999999999999986e+01 1.001937792000000016e+01 2.187945584000000053e+03 2.271440399999999954e+03
1.484499999999999886e+01 1.000234320000000032e+01 2.188087539999999990e+03 2.271440399999999954e+03
1.485000000000000142e+01 1.004752223999999927e+01 2.187711048000000119e+03 2.271440399999999954e+03
1.485500000000000043e+01 9.968644079999998908e+00 2.188368366000000151e+03 2.271440399999999954e+03
1.485999999999999943e+01 1.004752223999999927e+01 2.187711048000000119e+03 2.271440399999999954e+03
1.486500000000000199e+01 1.004752223999999927e+01 2.187711048000000119e+03 2.271440399999999954e+03
1.487000000000000099e+01 1.003641263999999822e+01 2.187803628000000117e+03 2.271440399999999954e+03
1.487500000000000000e+01 1.004196743999999875e+01 2.187757337999999891e+03 2.271440399999999954e+03
1.487999999999999901e+01 9.968644079999998908e+00 2.188368366000000151e+03 2.271440399999999954e+03
1.488500000000000156e+01 1.002493271999999891e+01 2.187899293999999827e+03 2.271440399999999954e+03
1.489000000000000057e+01 1.008159167999999895e+01 2.187427135999999791e+03 2.271440399999999954e+03
1.489499999999999957e+01 1.000234320000000032e+01 2.188087539999999990e+03 2.271440399999999954e+03
1.489999999999999858e+01 1.009862639999999878e+01 2.187285179999999855e+03 2.271440399999999954e+03
1.490500000000000114e+01 9.957164159999999598e+00 2.188464031999999861e+03 2.271440399999999954e+03
1.491000000000000014e+01 1.007603687999999842e+01 2.187473426000000018e+03 2.271440399999999954e+03
1.491499999999999915e+01 1.002493271999999891e+01 2.187899293999999827e+03 2.271440399999999954e+03
1.492000000000000171e+01 1.002493271999999891e+01 2.187899293999999827e+03 2.271440399999999954e+03
1.492500000000000071e+01 1.008159167999999895e+01 2.187427135999999791e+03 2.271440399999999954e+03
1.492999999999999972e+01 1.001937792000000016e+01 2.187945584000000053e+03 2.271440399999999954e+03
1.493499999999999872e+01 1.003641263999999822e+01 2.187803628000000117e+03 2.271440399999999954e+03
1.494000000000000128e+01 1.006455695999999911e+01 2.187569091999999728e+03 2.271440399999999954e+03
1.494500000000000028e+01 9.991233599999999271e+00 2.188180119999999988e+03 2.271440399999999954e+03
1.494999999999999929e+01 1.007603687999999842e+01 2.187473426000000018e+03 2.271440399999999954e+03
1.495500000000000185e+01 1.006455695999999911e+01 2.187569091999999728e+03 2.271440399999999954e+03
1.496000000000000085e+01 1.002493271999999891e+01 2.187899293999999827e+03 2.271440399999999954e+03
1.496499999999999986e+01 1.003641263999999822e+01 2.187803628000000117e+03 2.271440399999999954e+03
1.496999999999999886e+01 1.001937792000000016e+01 2.187945584000000053e+03 2.271440399999999954e+03
1.497500000000000142e+01 1.006455695999999911e+01 2.187569091999999728e+03 2.271440399999999954e+03
1.498000000000000043e+01 9.996788399999999797e+00 2.188133829999999762e+03 2.271440399999999954e+03
1.498499999999999943e+01 1.006455695999999911e+01 2.187569091999999728e+03 2.271440399999999954e+03
1.499000000000000199e+01 1.007603687999999842e+01 2.187473426000000018e+03 2.271440399999999954e+03
1.499500000000000099e+01 1.001382311999999963e+01 2.187991873999999825e+03 2.271440399999999954e+03
1.500000000000000000e+01 1.004752223999999927e+01 2.187711048000000119e+03 2.271440399999999954e+03
1.500499999999999901e+01 1.008714647999999947e+01 2.187380846000000020e+03 2.271440399999999954e+03
1.501000000000000156e+01 1.006455695999999911e+01 2.187569091999999728e+03 2.271440399999999954e+03
1.501500000000000057e+01 1.009307160000000003e+01 2.187331470000000081e+03 2.271440399999999954e+03
1.501999999999999957e+01 1.000826831999999911e+01 2.188038164000000052e+03 2.271440399999999954e+03
1.502499999999999858e+01 1.004752223999999927e+01 2.187711048000000119e+03 2.271440399999999954e+03
1.503000000000000114e+01 1.011566112000000039e+01 2.187143223999999918e+03 2.271440399999999954e+03
1.503500000000000014e+01 1.010973599999999983e+01 2.187192599999999857e+03 2.271440399999999954e+03
1.503999999999999915e+01 1.009307160000000003e+01 2.187331470000000081e+03 2.271440399999999954e+03
1.504500000000000171e+01 1.005900215999999858e+01 2.187615381999999954e+03 2.271440399999999954e+03
1.505000000000000071e+01 1.004752223999999927e+01 2.187711048000000119e+03 2.271440399999999954e+03
1.505499999999999972e+01 1.001382311999999963e+01 2.187991873999999825e+03 2.271440399999999954e+03
1.505999999999999872e+01 9.968644079999998908e+00 2.188368366000000151e+03 2.271440399999999954e+03
1.506500000000000128e+01 1.003085783999999947e+01 2.187849917999999889e+03 2.271440399999999954e+03
1.507000000000000028e+01 9.979753679999999960e+00 2.188275786000000153e+03 2.271440399999999954e+03
1.507499999999999929e+01 1.007048207999999967e+01 2.187519715999999789e+03 2.271440399999999954e+03
1.508000000000000185e+01 1.004752223999999927e+01 2.187711048000000119e+03 2.271440399999999954e+03
1.508500000000000085e+01 1.000234320000000032e+01 2.188087539999999990e+03 2.271440399999999954e+03
1.508999999999999986e+01 1.003085783999999947e+01 2.187849917999999889e+03 2.271440399999999954e+03
1.509499999999999886e+01 1.000234320000000032e+01 2.188087539999999990e+03 2.271440399999999954e+03
1.510000000000000142e+01 1.000234320000000032e+01 2.188087539999999990e+03 2.271440399999999954e+03
1.510500000000000043e+01 1.006455695999999911e+01 2.187569091999999728e+03 2.271440399999999954e+03
1.510999999999999943e+01 1.011566112000000039e+01 2.187143223999999918e+03 2.271440399999999954e+03
1.511500000000000199e+01 1.008714647999999947e+01 2.187380846000000020e+03 2.271440399999999954e+03
1.512000000000000099e+01 1.000234320000000032e+01 2.188087539999999990e+03 2.271440399999999954e+03
1.512500000000000000e+01 1.004196743999999875e+01 2.187757337999999891e+03 2.271440399999999954e+03
1.512999999999999901e+01 9.974198879999999434e+00 2.188322075999999925e+03 2.271440399999999954e+03
1.513500000000000156e+01 1.001382311999999963e+01 2.187991873999999825e+03 2.271440399999999954e+03
1.514000000000000057e+01 1.001382311999999963e+01 2.187991873999999825e+03 2.271440399999999954e+03
1.514499999999999957e+01 1.003641263999999822e+01 2.187803628000000117e+03 2.271440399999999954e+03
1.514999999999999858e+01 1.003641263999999822e+01 2.187803628000000117e+03 2.271440399999999954e+03
1.515500000000000114e+01 9.996788399999999797e+00 2.188133829999999762e+03 2.271440399999999954e+03
1.516000000000000014e+01 1.002493271999999891e+01 2.187899293999999827e+03 2.271440399999999954e+03
1.516499999999999915e+01 9.991233599999999271e+00 2.188180119999999988e+03 2.271440399999999954e+03
1.517000000000000171e+01 9.979753679999999960e+00 2.188275786000000153e+03 2.271440399999999954e+03
1.517500000000000071e+01 9.963089279999998382e+00 2.188414655999999923e+03 2.271440399999999954e+03
1.517999999999999972e+01 1.001382311999999963e+01 2.187991873999999825e+03 2.271440399999999954e+03
1.518499999999999872e+01 1.001937792000000016e+01 2.187945584000000053e+03 2.271440399999999954e+03
1.519000000000000128e+01 1.000826831999999911e+01 2.188038164000000052e+03 2.271440399999999954e+03
1.519500000000000028e+01 9.974198879999999434e+00 2.188322075999999925e+03 2.271440399999999954e+03
1.519999999999999929e+01 9.963089279999998382e+00 2.188414655999999923e+03 2.271440399999999954e+03
1.520500000000000185e+01 9.996788399999999797e+00 2.188133829999999762e+03 2.271440399999999954e+03
1.521000000000000085e+01 9.974198879999999434e+00 2.188322075999999925e+03 2.271440399999999954e+03
1.521499999999999986e+01 1.002493271999999891e+01 2.187899293999999827e+03 2.271440399999999954e+03
1.521999999999999886e+01 1.003085783999999947e+01 2.187849917999999889e+03 2.271440399999999954e+03
1.522500000000000142e+01 1.008159167999999895e+01 2.187427135999999791e+03 2.271440399999999954e+03
1.523000000000000043e+01 1.000826831999999911e+01 2.188038164000000052e+03 2.271440399999999954e+03
1.523499999999999943e+01 9.963089279999998382e+00 2.188414655999999923e+03 2.271440399999999954e+03
1.524000000000000199e+01 9.951609359999999072e+00 2.188510322000000087e+03 2.271440399999999954e+03
1.524500000000000099e+01 9.974198879999999434e+00 2.188322075999999925e+03 2.271440399999999954e+03
1.525000000000000000e+01 9.940499759999998020e+00 2.188602902000000086e+03 2.271440399999999954e+03
1.525499999999999901e+01 1.001382311999999963e+01 2.187991873999999825e+03 2.271440399999999954e+03
1.526000000000000156e+01 1.002493271999999891e+01 2.187899293999999827e+03 2.271440399999999954e+03
1.526500000000000057e+01 9.957164159999999598e+00 2.188464031999999861e+03 2.271440399999999954e+03
1.526999999999999957e+01 1.007048207999999967e+01 2.187519715999999789e+03 2.271440399999999954e+03
1.527499999999999858e+01 1.007603687999999842e+01 2.187473426000000018e+03 2.271440399999999954e+03
1.528000000000000114e+01 9.906430320000000123e+00 2.188886813999999958e+03 2.271440399999999954e+03
1.528500000000000014e+01 9.991233599999999271e+00 2.188180119999999988e+03 2.271440399999999954e+03
1.528999999999999915e+01 9.906430320000000123e+00 2.188886813999999958e+03 2.271440399999999954e+03
1.529500000000000171e+01 9.957164159999999598e+00 2.188464031999999861e+03 2.271440399999999954e+03
1.530000000000000071e+01 1.001937792000000016e+01 2.187945584000000053e+03 2.271440399999999954e+03
1.530499999999999972e+01 9.974198879999999434e+00 2.188322075999999925e+03 2.271440399999999954e+03
1.530999999999999872e+01 1.000234320000000032e+01 2.188087539999999990e+03 2.271440399999999954e+03
1.531500000000000128e+01 9.974198879999999434e+00 2.188322075999999925e+03 2.271440399999999954e+03
1.532000000000000028e+01 9.991233599999999271e+00 2.188180119999999988e+03 2.271440399999999954e+03
1.532499999999999929e+01 9.991233599999999271e+00 2.188180119999999988e+03 2.271440399999999954e+03
1.533000000000000185e+01 9.923465039999998183e+00 2.188744858000000022e+03 2.271440399999999954e+03
1.533500000000000085e+01 9.940499759999998020e+00 2.188602902000000086e+03 2.271440399999999954e+03
1.533999999999999986e+01 9.866806079999998147e+00 2.189217016000000058e+03 2.271440399999999954e+03
1.534499999999999886e+01 9.963089279999998382e+00 2.188414655999999923e+03 2.271440399999999954e+03
1.535000000000000142e+01 9.974198879999999434e+00 2.188322075999999925e+03 2.271440399999999954e+03
1.535500000000000043e+01 9.996788399999999797e+00 2.188133829999999762e+03 2.271440399999999954e+03
1.535999999999999943e+01 1.002493271999999891e+01 2.187899293999999827e+03 2.271440399999999954e+03
1.536500000000000199e+01 1.000234320000000032e+01 2.188087539999999990e+03 2.271440399999999954e+03
1.537000000000000099e+01 9.951609359999999072e+00 2.188510322000000087e+03 2.271440399999999954e+03
1.537500000000000000e+01 9.894950399999999036e+00 2.188982480000000123e+03 2.271440399999999954e+03
1.537999999999999901e+01 9.872360879999998673e+00 2.189170725999999831e+03 2.271440399999999954e+03
1.538500000000000156e+01 9.917910239999999433e+00 2.188791147999999794e+03 2.271440399999999954e+03
1.539000000000000057e+01 1.000826831999999911e+01 2.188038164000000052e+03 2.271440399999999954e+03
1.539499999999999957e+01 9.974198879999999434e+00 2.188322075999999925e+03 2.271440399999999954e+03
1.539999999999999858e+01 1.003085783999999947e+01 2.187849917999999889e+03 2.271440399999999954e+03
1.540500000000000114e+01 1.003641263999999822e+01 2.187803628000000117e+03 2.271440399999999954e+03
1.541000000000000014e+01 1.003085783999999947e+01 2.187849917999999889e+03 2.271440399999999954e+03
1.541499999999999915e+01 1.002493271999999891e+01 2.187899293999999827e+03 2.271440399999999954e+03
1.542000000000000171e+01 9.946054559999998546e+00 2.188556611999999859e+03 2.271440399999999954e+03
1.542500000000000071e+01 1.003085783999999947e+01 2.187849917999999889e+03 2.271440399999999954e+03
1.542999999999999972e+01 9.957164159999999598e+00 2.188464031999999861e+03 2.271440399999999954e+03
1.543499999999999872e+01 1.000234320000000032e+01 2.188087539999999990e+03 2.271440399999999954e+03
1.544000000000000128e+01 1.002493271999999891e+01 2.187899293999999827e+03 2.271440399999999954e+03
1.544500000000000028e+01 9.974198879999999434e+00 2.188322075999999925e+03 2.271440399999999954e+03
1.544999999999999929e+01 9.991233599999999271e+00 2.188180119999999988e+03 2.271440399999999954e+03
1.545500000000000185e+01 9.951609359999999072e+00 2.188510322000000087e+03 2.271440399999999954e+03
1.546000000000000085e+01 9.917910239999999433e+00 2.188791147999999794e+03 2.271440399999999954e+03
1.546499999999999986e+01 9.957164159999999598e+00 2.188464031999999861e+03 2.271440399999999954e+03
1.546999999999999886e+01 9.906430320000000123e+00 2.188886813999999958e+03 2.271440399999999954e+03
1.547500000000000142e+01 1.000826831999999911e+01 2.188038164000000052e+03 2.271440399999999954e+03
1.548000000000000043e+01 9.996788399999999797e+00 2.188133829999999762e+03 2.271440399999999954e+03
1.548499999999999943e+01 1.000234320000000032e+01 2.188087539999999990e+03 2.271440399999999954e+03
1.549000000000000199e+01 9.991233599999999271e+00 2.188180119999999988e+03 2.271440399999999954e+03
1.549500000000000099e+01 9.923465039999998183e+00 2.188744858000000022e+03 2.271440399999999954e+03
1.550000000000000000e+01 9.923465039999998183e+00 2.188744858000000022e+03 2.271440399999999954e+03
1.550499999999999901e+01 9.951609359999999072e+00 2.188510322000000087e+03 2.271440399999999954e+03
1.551000000000000156e+01 9.968644079999998908e+00 2.188368366000000151e+03 2.271440399999999954e+03
1.551500000000000057e+01 9.996788399999999797e+00 2.188133829999999762e+03 2.271440399999999954e+03
1.551999999999999957e+01 9.940499759999998020e+00 2.188602902000000086e+03 2.271440399999999954e+03
1.552499999999999858e+01 1.004752223999999927e+01 2.187711048000000119e+03 2.271440399999999954e+03
1.553000000000000114e+01 9.963089279999998382e+00 2.188414655999999923e+03 2.271440399999999954e+03
1.553500000000000014e+01 9.957164159999999598e+00 2.188464031999999861e+03 2.271440399999999954e+03
1.553999999999999915e+01 9.917910239999999433e+00 2.188791147999999794e+03 2.271440399999999954e+03
1.554500000000000171e+01 9.889395599999998510e+00 2.189028769999999895e+03 2.271440399999999954e+03
1.555000000000000071e+01 9.963089279999998382e+00 2.188414655999999923e+03 2.271440399999999954e+03
1.555499999999999972e+01 9.968644079999998908e+00 2.188368366000000151e+03 2.271440399999999954e+03
1.555999999999999872e+01 1.002493271999999891e+01 2.187899293999999827e+03 2.271440399999999954e+03
1.556500000000000128e+01 9.991233599999999271e+00 2.188180119999999988e+03 2.271440399999999954e+03
1.557000000000000028e+01 9.940499759999998020e+00 2.188602902000000086e+03 2.271440399999999954e+03
1.557499999999999929e+01 9.934574639999999235e+00 2.188652278000000024e+03 2.271440399999999954e+03
1.558000000000000185e+01 9.946054559999998546e+00 2.188556611999999859e+03 2.271440399999999954e+03
1.558500000000000085e+01 9.900875519999999597e+00 2.188933103999999730e+03 2.271440399999999954e+03
1.558999999999999986e+01 9.900875519999999597e+00 2.188933103999999730e+03 2.271440399999999954e+03
1.559499999999999886e+01 9.844216559999997784e+00 2.189405261999999766e+03 2.271440399999999954e+03
1.560000000000000142e+01 9.872360879999998673e+00 2.189170725999999831e+03 2.271440399999999954e+03
1.560500000000000043e+01 9.855696479999998871e+00 2.189309596000000056e+03 2.271440399999999954e+03
1.560999999999999943e+01 9.906430320000000123e+00 2.188886813999999958e+03 2.271440399999999954e+03
1.561500000000000199e+01 9.946054559999998546e+00 2.188556611999999859e+03 2.271440399999999954e+03
1.562000000000000099e+01 9.878285999999999234e+00 2.189121349999999893e+03 2.271440399999999954e+03
1.562500000000000000e+01 9.900875519999999597e+00 2.188933103999999730e+03 2.271440399999999954e+03
1.562999999999999901e+01 9.900875519999999597e+00 2.188933103999999730e+03 2.271440399999999954e+03
1.563500000000000156e+01 9.861251279999999397e+00 2.189263305999999830e+03 2.271440399999999954e+03
1.564000000000000057e+01 9.883840799999999760e+00 2.189075060000000121e+03 2.271440399999999954e+03
1.564499999999999957e+01 9.883840799999999760e+00 2.189075060000000121e+03 2.271440399999999954e+03
1.564999999999999858e+01 9.940499759999998020e+00 2.188602902000000086e+03 2.271440399999999954e+03
1.565500000000000114e+01 9.968644079999998908e+00 2.188368366000000151e+03 2.271440399999999954e+03
1.566000000000000014e+01 9.974198879999999434e+00 2.188322075999999925e+03 2.271440399999999954e+03
1.566499999999999915e+01 9.906430320000000123e+00 2.188886813999999958e+03 2.271440399999999954e+03
1.567000000000000171e+01 9.917910239999999433e+00 2.188791147999999794e+03 2.271440399999999954e+03
1.567500000000000071e+01 9.974198879999999434e+00 2.188322075999999925e+03 2.271440399999999954e+03
1.567999999999999972e+01 9.940499759999998020e+00 2.188602902000000086e+03 2.271440399999999954e+03
1.568499999999999872e+01 9.940499759999998020e+00 2.188602902000000086e+03 2.271440399999999954e+03
1.569000000000000128e+01 9.923465039999998183e+00 2.188744858000000022e+03 2.271440399999999954e+03
1.569500000000000028e+01 9.940499759999998020e+00 2.188602902000000086e+03 2.271440399999999954e+03
1.569999999999999929e+01 9.923465039999998183e+00 2.188744858000000022e+03 2.271440399999999954e+03
1.570500000000000185e+01 9.991233599999999271e+00 2.188180119999999988e+03 2.271440399999999954e+03
1.571000000000000085e+01 9.940499759999998020e+00 2.188602902000000086e+03 2.271440399999999954e+03
1.571499999999999986e+01 9.979753679999999960e+00 2.188275786000000153e+03 2.271440399999999954e+03
1.571999999999999886e+01 9.934574639999999235e+00 2.188652278000000024e+03 2.271440399999999954e+03
1.572500000000000142e+01 9.974198879999999434e+00 2.188322075999999925e+03 2.271440399999999954e+03
1.573000000000000043e+01 9.889395599999998510e+00 2.189028769999999895e+03 2.271440399999999954e+03
1.573499999999999943e+01 9.917910239999999433e+00 2.188791147999999794e+03 2.271440399999999954e+03
1.574000000000000199e+01 9.894950399999999036e+00 2.188982480000000123e+03 2.271440399999999954e+03
1.574500000000000099e+01 9.951609359999999072e+00 2.188510322000000087e+03 2.271440399999999954e+03
1.575000000000000000e+01 9.946054559999998546e+00 2.188556611999999859e+03 2.271440399999999954e+03
1.575499999999999901e+01 9.872360879999998673e+00 2.189170725999999831e+03 2.271440399999999954e+03
1.576000000000000156e+01 9.934574639999999235e+00 2.188652278000000024e+03 2.271440399999999954e+03
1.576500000000000057e+01 9.940499759999998020e+00 2.188602902000000086e+03 2.271440399999999954e+03
1.576999999999999957e+01 9.974198879999999434e+00 2.188322075999999925e+03 2.271440399999999954e+03
1.577499999999999858e+01 9.872360879999998673e+00 2.189170725999999831e+03 2.271440399999999954e+03
1.578000000000000114e+01 9.878285999999999234e+00 2.189121349999999893e+03 2.271440399999999954e+03
1.578500000000000014e+01 9.883840799999999760e+00 2.189075060000000121e+03 2.271440399999999954e+03
1.578999999999999915e+01 9.906430320000000123e+00 2.188886813999999958e+03 2.271440399999999954e+03
1.579500000000000171e+01 9.838661759999999035e+00 2.189451551999999992e+03 2.271440399999999954e+03
1.580000000000000071e+01 9.946054559999998546e+00 2.188556611999999859e+03 2.271440399999999954e+03
1.580499999999999972e+01 9.883840799999999760e+00 2.189075060000000121e+03 2.271440399999999954e+03
1.580999999999999872e+01 9.963089279999998382e+00 2.188414655999999923e+03 2.271440399999999954e+03
1.581500000000000128e+01 9.878285999999999234e+00 2.189121349999999893e+03 2.271440399999999954e+03
1.582000000000000028e+01 9.849771359999998310e+00 2.189358971999999994e+03 2.271440399999999954e+03
1.582499999999999929e+01 9.861251279999999397e+00 2.189263305999999830e+03 2.271440399999999954e+03
1.583000000000000185e+01 9.844216559999997784e+00 2.189405261999999766e+03 2.271440399999999954e+03
1.583500000000000085e+01 9.855696479999998871e+00 2.189309596000000056e+03 2.271440399999999954e+03
1.583999999999999986e+01 9.951609359999999072e+00 2.188510322000000087e+03 2.271440399999999954e+03
1.584499999999999886e+01 9.946054559999998546e+00 2.188556611999999859e+03 2.271440399999999954e+03
1.585000000000000142e+01 9.974198879999999434e+00 2.188322075999999925e+03 2.271440399999999954e+03
1.585500000000000043e+01 9.844216559999997784e+00 2.189405261999999766e+03 2.271440399999999954e+03
1.585999999999999943e+01 9.900875519999999597e+00 2.188933103999999730e+03 2.271440399999999954e+03
1.586500000000000199e+01 9.849771359999998310e+00 2.189358971999999994e+03 2.271440399999999954e+03
1.587000000000000099e+01 9.872360879999998673e+00 2.189170725999999831e+03 2.271440399999999954e+03
1.587500000000000000e+01 9.866806079999998147e+00 2.189217016000000058e+03 2.271440399999999954e+03
1.587999999999999901e+01 9.861251279999999397e+00 2.189263305999999830e+03 2.271440399999999954e+03
1.588500000000000156e+01 9.900875519999999597e+00 2.188933103999999730e+03 2.271440399999999954e+03
1.589000000000000057e+01 9.946054559999998546e+00 2.188556611999999859e+03 2.271440399999999954e+03
1.589499999999999957e+01 9.911985119999997096e+00 2.188840524000000187e+03 2.271440399999999954e+03
1.589999999999999858e+01 9.872360879999998673e+00 2.189170725999999831e+03 2.271440399999999954e+03
1.590500000000000114e+01 9.849771359999998310e+00 2.189358971999999994e+03 2.271440399999999954e+03
1.591000000000000014e+01 9.799037519999997059e+00 2.189781754000000092e+03 2.271440399999999954e+03
1.591499999999999915e+01 9.821627039999997422e+00 2.189593507999999929e+03 2.271440399999999954e+03
1.592000000000000171e+01 9.866806079999998147e+00 2.189217016000000058e+03 2.271440399999999954e+03
1.592500000000000071e+01 9.911985119999997096e+00 2.188840524000000187e+03 2.271440399999999954e+03
1.592999999999999972e+01 9.923465039999998183e+00 2.188744858000000022e+03 2.271440399999999954e+03
1.593499999999999872e+01 9.934574639999999235e+00 2.188652278000000024e+03 2.271440399999999954e+03
1.594000000000000128e+01 9.940499759999998020e+00 2.188602902000000086e+03 2.271440399999999954e+03
1.594500000000000028e+01 9.917910239999999433e+00 2.188791147999999794e+03 2.271440399999999954e+03
1.594999999999999929e+01 9.923465039999998183e+00 2.188744858000000022e+03 2.271440399999999954e+03
1.595500000000000185e+01 9.787927919999999560e+00 2.189874334000000090e+03 2.271440399999999954e+03
1.596000000000000085e+01 9.833106959999998509e+00 2.189497841999999764e+03 2.271440399999999954e+03
1.596499999999999986e+01 9.911985119999997096e+00 2.188840524000000187e+03 2.271440399999999954e+03
1.596999999999999886e+01 9.911985119999997096e+00 2.188840524000000187e+03 2.271440399999999954e+03
1.597500000000000142e+01 9.951609359999999072e+00 2.188510322000000087e+03 2.271440399999999954e+03
1.598000000000000043e+01 9.872360879999998673e+00 2.189170725999999831e+03 2.271440399999999954e+03
1.598499999999999943e+01 9.911985119999997096e+00 2.188840524000000187e+03 2.271440399999999954e+03
1.599000000000000199e+01 9.844216559999997784e+00 2.189405261999999766e+03 2.271440399999999954e+03
1.599500000000000099e+01 9.787927919999999560e+00 2.189874334000000090e+03 2.271440399999999954e+03
1.600000000000000000e+01 9.951609359999999072e+00 2.188510322000000087e+03 2.271440399999999954e+03
1.600499999999999901e+01 9.906430320000000123e+00 2.188886813999999958e+03 2.271440399999999954e+03
1.601000000000000156e+01 9.968644079999998908e+00 2.188368366000000151e+03 2.271440399999999954e+03
1.601500000000000057e+01 9.946054559999998546e+00 2.188556611999999859e+03 2.271440399999999954e+03
1.601999999999999957e+01 9.968644079999998908e+00 2.188368366000000151e+03 2.271440399999999954e+03
1.602499999999999858e+01 9.963089279999998382e+00 2.188414655999999923e+03 2.271440399999999954e+03
1.603000000000000114e+01 9.855696479999998871e+00 2.189309596000000056e+03 2.271440399999999954e+03
1.603500000000000014e+01 9.878285999999999234e+00 2.189121349999999893e+03 2.271440399999999954e+03
1.603999999999999915e+01 9.833106959999998509e+00 2.189497841999999764e+03 2.271440399999999954e+03
1.604500000000000171e+01 9.816072239999998672e+00 2.189639798000000155e+03 2.271440399999999954e+03
1.605000000000000071e+01 9.872360879999998673e+00 2.189170725999999831e+03 2.271440399999999954e+03
1.605499999999999972e+01 9.872360879999998673e+00 2.189170725999999831e+03 2.271440399999999954e+03
1.605999999999999872e+01 9.894950399999999036e+00 2.188982480000000123e+03 2.271440399999999954e+03
1.606500000000000128e+01 9.838661759999999035e+00 2.189451551999999992e+03 2.271440399999999954e+03
1.607000000000000028e+01 9.855696479999998871e+00 2.189309596000000056e+03 2.271440399999999954e+03
1.607499999999999929e+01 9.855696479999998871e+00 2.189309596000000056e+03 2.271440399999999954e+03
1.608000000000000185e+01 9.844216559999997784e+00 2.189405261999999766e+03 2.271440399999999954e+03
1.608500000000000085e+01 9.906430320000000123e+00 2.188886813999999958e+03 2.271440399999999954e+03
1.608999999999999986e+01 9.923465039999998183e+00 2.188744858000000022e+03 2.271440399999999954e+03
1.609499999999999886e+01 9.827181839999997948e+00 2.189547218000000157e+03 2.271440399999999954e+03
1.610000000000000142e+01 9.883840799999999760e+00 2.189075060000000121e+03 2.271440399999999954e+03
1.610500000000000043e+01 9.844216559999997784e+00 2.189405261999999766e+03 2.271440399999999954e+03
1.610999999999999943e+01 9.827181839999997948e+00 2.189547218000000157e+03 2.271440399999999954e+03
1.611500000000000199e+01 9.861251279999999397e+00 2.189263305999999830e+03 2.271440399999999954e+03
1.612000000000000099e+01 9.861251279999999397e+00 2.189263305999999830e+03 2.271440399999999954e+03
1.612500000000000000e+01 9.872360879999998673e+00 2.189170725999999831e+03 2.271440399999999954e+03
1.612999999999999901e+01 9.878285999999999234e+00 2.189121349999999893e+03 2.271440399999999954e+03
1.613500000000000156e+01 9.900875519999999597e+00 2.188933103999999730e+03 2.271440399999999954e+03
1.614000000000000057e+01 9.923465039999998183e+00 2.188744858000000022e+03 2.271440399999999954e+03
1.614499999999999957e+01 9.827181839999997948e+00 2.189547218000000157e+03 2.271440399999999954e+03
1.614999999999999858e+01 9.833106959999998509e+00 2.189497841999999764e+03 2.271440399999999954e+03
1.615500000000000114e+01 9.849771359999998310e+00 2.189358971999999994e+03 2.271440399999999954e+03
1.616000000000000014e+01 9.883840799999999760e+00 2.189075060000000121e+03 2.271440399999999954e+03
1.616499999999999915e+01 9.900875519999999597e+00 2.188933103999999730e+03 2.271440399999999954e+03
1.617000000000000171e+01 9.917910239999999433e+00 2.188791147999999794e+03 2.271440399999999954e+03
1.617500000000000071e+01 9.872360879999998673e+00 2.189170725999999831e+03 2.271440399999999954e+03
1.617999999999999972e+01 9.900875519999999597e+00 2.188933103999999730e+03 2.271440399999999954e+03
1.618499999999999872e+01 9.894950399999999036e+00 2.188982480000000123e+03 2.271440399999999954e+03
1.619000000000000128e+01 9.844216559999997784e+00 2.189405261999999766e+03 2.271440399999999954e+03
1.619500000000000028e+01 9.844216559999997784e+00 2.189405261999999766e+03 2.271440399999999954e+03
1.619999999999999929e+01 9.872360879999998673e+00 2.189170725999999831e+03 2.271440399999999954e+03
1.620500000000000185e+01 9.951609359999999072e+00 2.188510322000000087e+03 2.271440399999999954e+03
1.621000000000000085e+01 9.991233599999999271e+00 2.188180119999999988e+03 2.271440399999999954e+03
1.621499999999999986e+01 9.940499759999998020e+00 2.188602902000000086e+03 2.271440399999999954e+03
1.621999999999999886e+01 9.923465039999998183e+00 2.188744858000000022e+03 2.271440399999999954e+03
1.622500000000000142e+01 9.906430320000000123e+00 2.188886813999999958e+03 2.271440399999999954e+03
1.623000000000000043e+01 9.866806079999998147e+00 2.189217016000000058e+03 2.271440399999999954e+03
1.623499999999999943e+01 9.861251279999999397e+00 2.189263305999999830e+03 2.271440399999999954e+03
1.624000000000000199e+01 9.838661759999999035e+00 2.189451551999999992e+03 2.271440399999999954e+03
1.624500000000000099e+01 9.911985119999997096e+00 2.188840524000000187e+03 2.271440399999999954e+03
1.625000000000000000e+01 9.906430320000000123e+00 2.188886813999999958e+03 2.271440399999999954e+03
1.625499999999999901e+01 9.974198879999999434e+00 2.188322075999999925e+03 2.271440399999999954e+03
1.626000000000000156e+01 9.957164159999999598e+00 2.188464031999999861e+03 2.271440399999999954e+03
1.626500000000000057e+01 9.804592319999997585e+00 2.189735463999999865e+03 2.271440399999999954e+03
1.626999999999999957e+01 9.816072239999998672e+00 2.189639798000000155e+03 2.271440399999999954e+03
1.627499999999999858e+01 9.759413279999998636e+00 2.190111955999999736e+03 2.271440399999999954e+03
1.628000000000000114e+01 9.827181839999997948e+00 2.189547218000000157e+03 2.271440399999999954e+03
1.628500000000000014e+01 9.883840799999999760e+00 2.189075060000000121e+03 2.271440399999999954e+03
1.628999999999999915e+01 9.900875519999999597e+00 2.188933103999999730e+03 2.271440399999999954e+03
1.629500000000000171e+01 9.911985119999997096e+00 2.188840524000000187e+03 2.271440399999999954e+03
1.630000000000000071e+01 9.906430320000000123e+00 2.188886813999999958e+03 2.271440399999999954e+03
1.630499999999999972e+01 9.861251279999999397e+00 2.189263305999999830e+03 2.271440399999999954e+03
1.630999999999999872e+01 9.793482720000000086e+00 2.189828043999999863e+03 2.271440399999999954e+03
1.631500000000000128e+01 9.799037519999997059e+00 2.189781754000000092e+03 2.271440399999999954e+03
1.632000000000000028e+01 9.833106959999998509e+00 2.189497841999999764e+03 2.271440399999999954e+03
1.632499999999999929e+01 9.872360879999998673e+00 2.189170725999999831e+03 2.271440399999999954e+03
1.633000000000000185e+01 9.929019839999998709e+00 2.188698567999999796e+03 2.271440399999999954e+03
1.633500000000000085e+01 1.000234320000000032e+01 2.188087539999999990e+03 2.271440399999999954e+03
1.633999999999999986e+01 9.872360879999998673e+00 2.189170725999999831e+03 2.271440399999999954e+03
1.634499999999999886e+01 9.838661759999999035e+00 2.189451551999999992e+03 2.271440399999999954e+03
1.635000000000000142e+01 9.821627039999997422e+00 2.189593507999999929e+03 2.271440399999999954e+03
1.635500000000000043e+01 9.793482720000000086e+00 2.189828043999999863e+03 2.271440399999999954e+03
1.635999999999999943e+01 9.810517439999998146e+00 2.189686087999999927e+03 2.271440399999999954e+03
1.636500000000000199e+01 9.866806079999998147e+00 2.189217016000000058e+03 2.271440399999999954e+03
1.637000000000000099e+01 9.923465039999998183e+00 2.188744858000000022e+03 2.271440399999999954e+03
1.637500000000000000e+01 9.923465039999998183e+00 2.188744858000000022e+03 2.271440399999999954e+03
1.637999999999999901e+01 9.878285999999999234e+00 2.189121349999999893e+03 2.271440399999999954e+03
1.638500000000000156e+01 9.844216559999997784e+00 2.189405261999999766e+03 2.271440399999999954e+03
1.639000000000000057e+01 9.833106959999998509e+00 2.189497841999999764e+03 2.271440399999999954e+03
1.639499999999999957e+01 9.764968079999999162e+00 2.190065665999999965e+03 2.271440399999999954e+03
1.639999999999999858e+01 9.821627039999997422e+00 2.189593507999999929e+03 2.271440399999999954e+03
1.640500000000000114e+01 9.855696479999998871e+00 2.189309596000000056e+03 2.271440399999999954e+03
1.641000000000000014e+01 9.968644079999998908e+00 2.188368366000000151e+03 2.271440399999999954e+03
1.641499999999999915e+01 9.929019839999998709e+00 2.188698567999999796e+03 2.271440399999999954e+03
1.642000000000000171e+01 9.911985119999997096e+00 2.188840524000000187e+03 2.271440399999999954e+03
1.642500000000000071e+01 9.878285999999999234e+00 2.189121349999999893e+03 2.271440399999999954e+03
1.642999999999999972e+01 9.776447999999998473e+00 2.189969999999999800e+03 2.271440399999999954e+03
1.643499999999999872e+01 9.787927919999999560e+00 2.189874334000000090e+03 2.271440399999999954e+03
1.644000000000000128e+01 9.753858479999998110e+00 2.190158245999999963e+03 2.271440399999999954e+03
1.644500000000000028e+01 9.804592319999997585e+00 2.189735463999999865e+03 2.271440399999999954e+03
1.644999999999999929e+01 9.827181839999997948e+00 2.189547218000000157e+03 2.271440399999999954e+03
1.645500000000000185e+01 9.878285999999999234e+00 2.189121349999999893e+03 2.271440399999999954e+03
1.646000000000000085e+01 9.917910239999999433e+00 2.188791147999999794e+03 2.271440399999999954e+03
1.646499999999999986e+01 9.889395599999998510e+00 2.189028769999999895e+03 2.271440399999999954e+03
1.646999999999999886e+01 9.821627039999997422e+00 2.189593507999999929e+03 2.271440399999999954e+03
1.647500000000000142e+01 9.833106959999998509e+00 2.189497841999999764e+03 2.271440399999999954e+03
1.648000000000000043e+01 9.759413279999998636e+00 2.190111955999999736e+03 2.271440399999999954e+03
1.648499999999999943e+01 9.776447999999998473e+00 2.189969999999999800e+03 2.271440399999999954e+03
1.649000000000000199e+01 9.878285999999999234e+00 2.189121349999999893e+03 2.271440399999999954e+03
1.649500000000000099e+01 9.861251279999999397e+00 2.189263305999999830e+03 2.271440399999999954e+03
1.650000000000000000e+01 9.946054559999998546e+00 2.188556611999999859e+03 2.271440399999999954e+03
1.650499999999999901e+01 9.946054559999998546e+00 2.188556611999999859e+03 2.271440399999999954e+03
1.651000000000000156e+01 9.810517439999998146e+00 2.189686087999999927e+03 2.271440399999999954e+03
1.651500000000000057e+01 9.816072239999998672e+00 2.189639798000000155e+03 2.271440399999999954e+03
1.651999999999999957e+01 9.838661759999999035e+00 2.189451551999999992e+03 2.271440399999999954e+03
1.652499999999999858e+01 9.872360879999998673e+00 2.189170725999999831e+03 2.271440399999999954e+03
1.653000000000000114e+01 9.872360879999998673e+00 2.189170725999999831e+03 2.271440399999999954e+03
1.653500000000000014e+01 9.872360879999998673e+00 2.189170725999999831e+03 2.271440399999999954e+03
1.653999999999999915e+01 9.946054559999998546e+00 2.188556611999999859e+03 2.271440399999999954e+03
1.654500000000000171e+01 9.866806079999998147e+00 2.189217016000000058e+03 2.271440399999999954e+03
1.655000000000000071e+01 9.883840799999999760e+00 2.189075060000000121e+03 2.271440399999999954e+03
1.655499999999999972e+01 9.816072239999998672e+00 2.189639798000000155e+03 2.271440399999999954e+03
1.655999999999999872e+01 9.764968079999999162e+00 2.190065665999999965e+03 2.271440399999999954e+03
1.656500000000000128e+01 9.827181839999997948e+00 2.189547218000000157e+03 2.271440399999999954e+03
1.657000000000000028e+01 9.855696479999998871e+00 2.189309596000000056e+03 2.271440399999999954e+03
1.657499999999999929e+01 9.951609359999999072e+00 2.188510322000000087e+03 2.271440399999999954e+03
1.658000000000000185e+01 9.833106959999998509e+00 2.189497841999999764e+03 2.271440399999999954e+03
1.658500000000000085e+01 9.883840799999999760e+00 2.189075060000000121e+03 2.271440399999999954e+03
1.658999999999999986e+01 9.911985119999997096e+00 2.188840524000000187e+03 2.271440399999999954e+03
1.659499999999999886e+01 9.821627039999997422e+00 2.189593507999999929e+03 2.271440399999999954e+03
1.660000000000000142e+01 9.866806079999998147e+00 2.189217016000000058e+03 2.271440399999999954e+03
1.660500000000000043e+01 9.861251279999999397e+00 2.189263305999999830e+03 2.271440399999999954e+03
1.660999999999999943e+01 9.906430320000000123e+00 2.188886813999999958e+03 2.271440399999999954e+03
1.661500000000000199e+01 9.900875519999999597e+00 2.188933103999999730e+03 2.271440399999999954e+03
1.662000000000000099e+01 9.911985119999997096e+00 2.188840524000000187e+03 2.271440399999999954e+03
1.662500000000000000e+01 9.872360879999998673e+00 2.189170725999999831e+03 2.271440399999999954e+03
1.662999999999999901e+01 9.799037519999997059e+00 2.189781754000000092e+03 2.271440399999999954e+03
1.663500000000000156e+01 9.861251279999999397e+00 2.189263305999999830e+03 2.271440399999999954e+03
1.664000000000000057e+01 9.878285999999999234e+00 2.189121349999999893e+03 2.271440399999999954e+03
1.664499999999999957e+01 9.883840799999999760e+00 2.189075060000000121e+03 2.271440399999999954e+03
1.664999999999999858e+01 9.985678799999998745e+00 2.188226409999999760e+03 2.271440399999999954e+03
1.665500000000000114e+01 9.911985119999997096e+00 2.188840524000000187e+03 2.271440399999999954e+03
1.666000000000000014e+01 9.911985119999997096e+00 2.188840524000000187e+03 2.271440399999999954e+03
1.666499999999999915e+01 9.889395599999998510e+00 2.189028769999999895e+03 2.271440399999999954e+03
1.667000000000000171e+01 9.821627039999997422e+00 2.189593507999999929e+03 2.271440399999999954e+03
1.667500000000000071e+01 9.906430320000000123e+00 2.188886813999999958e+03 2.271440399999999954e+03
1.667999999999999972e+01 9.827181839999997948e+00 2.189547218000000157e+03 2.271440399999999954e+03
1.668499999999999872e+01 9.906430320000000123e+00 2.188886813999999958e+03 2.271440399999999954e+03
1.669000000000000128e+01 9.946054559999998546e+00 2.188556611999999859e+03 2.271440399999999954e+03
1.669500000000000028e+01 9.906430320000000123e+00 2.188886813999999958e+03 2.271440399999999954e+03
1.669999999999999929e+01 9.878285999999999234e+00 2.189121349999999893e+03 2.271440399999999954e+03
1.670500000000000185e+01 9.861251279999999397e+00 2.189263305999999830e+03 2.271440399999999954e+03
1.671000000000000085e+01 9.894950399999999036e+00 2.188982480000000123e+03 2.271440399999999954e+03
1.671499999999999986e+01 9.816072239999998672e+00 2.189639798000000155e+03 2.271440399999999954e+03
1.671999999999999886e+01 9.827181839999997948e+00 2.189547218000000157e+03 2.271440399999999954e+03
1.672500000000000142e+01 9.872360879999998673e+00 2.189170725999999831e+03 2.271440399999999954e+03
1.673000000000000043e+01 9.833106959999998509e+00 2.189497841999999764e+03 2.271440399999999954e+03
1.673499999999999943e+01 9.900875519999999597e+00 2.188933103999999730e+03 2.271440399999999954e+03
1.674000000000000199e+01 9.838661759999999035e+00 2.189451551999999992e+03 2.271440399999999954e+03
1.674500000000000099e+01 9.883840799999999760e+00 2.189075060000000121e+03 2.271440399999999954e+03
1.675000000000000000e+01 9.816072239999998672e+00 2.189639798000000155e+03 2.271440399999999954e+03
1.675499999999999901e+01 9.844216559999997784e+00 2.189405261999999766e+03 2.271440399999999954e+03
1.676000000000000156e+01 9.838661759999999035e+00 2.189451551999999992e+03 2.271440399999999954e+03
1.676500000000000057e+01 9.776447999999998473e+00 2.189969999999999800e+03 2.271440399999999954e+03
1.676999999999999957e+01 9.810517439999998146e+00 2.189686087999999927e+03 2.271440399999999954e+03
1.677499999999999858e+01 9.816072239999998672e+00 2.189639798000000155e+03 2.271440399999999954e+03
1.678000000000000114e+01 9.810517439999998146e+00 2.189686087999999927e+03 2.271440399999999954e+03
1.678500000000000014e+01 9.821627039999997422e+00 2.189593507999999929e+03 2.271440399999999954e+03
1.678999999999999915e+01 9.799037519999997059e+00 2.189781754000000092e+03 2.271440399999999954e+03
1.679500000000000171e+01 9.753858479999998110e+00 2.190158245999999963e+03 2.271440399999999954e+03
1.680000000000000071e+01 9.748303679999999360e+00 2.190204536000000189e+03 2.271440399999999954e+03
1.680499999999999972e+01 9.782002799999998999e+00 2.189923710000000028e+03 2.271440399999999954e+03
1.680999999999999872e+01 9.776447999999998473e+00 2.189969999999999800e+03 2.271440399999999954e+03
1.681500000000000128e+01 9.748303679999999360e+00 2.190204536000000189e+03 2.271440399999999954e+03
1.682000000000000028e+01 9.787927919999999560e+00 2.189874334000000090e+03 2.271440399999999954e+03
1.682499999999999929e+01 9.804592319999997585e+00 2.189735463999999865e+03 2.271440399999999954e+03
1.683000000000000185e+01 9.782002799999998999e+00 2.189923710000000028e+03 2.271440399999999954e+03
1.683500000000000085e+01 9.833106959999998509e+00 2.189497841999999764e+03 2.271440399999999954e+03
1.683999999999999986e+01 9.833106959999998509e+00 2.189497841999999764e+03 2.271440399999999954e+03
1.684499999999999886e+01 9.810517439999998146e+00 2.189686087999999927e+03 2.271440399999999954e+03
1.685000000000000142e+01 9.793482720000000086e+00 2.189828043999999863e+03 2.271440399999999954e+03
1.685500000000000043e+01 9.849771359999998310e+00 2.189358971999999994e+03 2.271440399999999954e+03
1.685999999999999943e+01 9.838661759999999035e+00 2.189451551999999992e+03 2.271440399999999954e+03
1.686500000000000199e+01 9.776447999999998473e+00 2.189969999999999800e+03 2.271440399999999954e+03
1.687000000000000099e+01 9.861251279999999397e+00 2.189263305999999830e+03 2.271440399999999954e+03
1.687500000000000000e+01 9.793482720000000086e+00 2.189828043999999863e+03 2.271440399999999954e+03
1.687999999999999901e+01 9.793482720000000086e+00 2.189828043999999863e+03 2.271440399999999954e+03
1.688500000000000156e+01 9.776447999999998473e+00 2.189969999999999800e+03 2.271440399999999954e+03
1.689000000000000057e+01 9.787927919999999560e+00 2.189874334000000090e+03 2.271440399999999954e+03
1.689499999999999957e+01 9.725714159999998998e+00 2.190392781999999897e+03 2.271440399999999954e+03
1.689999999999999858e+01 9.799037519999997059e+00 2.189781754000000092e+03 2.271440399999999954e+03
1.690500000000000114e+01 9.776447999999998473e+00 2.189969999999999800e+03 2.271440399999999954e+03
1.691000000000000014e+01 9.889395599999998510e+00 2.189028769999999895e+03 2.271440399999999954e+03
1.691499999999999915e+01 9.810517439999998146e+00 2.189686087999999927e+03 2.271440399999999954e+03
1.692000000000000171e+01 9.804592319999997585e+00 2.189735463999999865e+03 2.271440399999999954e+03
1.692500000000000071e+01 9.804592319999997585e+00 2.189735463999999865e+03 2.271440399999999954e+03
1.692999999999999972e+01 9.793482720000000086e+00 2.189828043999999863e+03 2.271440399999999954e+03
1.693499999999999872e+01 9.719789039999998437e+00 2.190442157999999836e+03 2.271440399999999954e+03
1.694000000000000128e+01 9.680535119999998273e+00 2.190769273999999768e+03 2.271440399999999954e+03
1.694500000000000028e+01 9.725714159999998998e+00 2.190392781999999897e+03 2.271440399999999954e+03
1.694999999999999929e+01 9.764968079999999162e+00 2.190065665999999965e+03 2.271440399999999954e+03
1.695500000000000185e+01 9.753858479999998110e+00 2.190158245999999963e+03 2.271440399999999954e+03
1.696000000000000085e+01 9.855696479999998871e+00 2.189309596000000056e+03 2.271440399999999954e+03
1.696499999999999986e+01 9.793482720000000086e+00 2.189828043999999863e+03 2.271440399999999954e+03
1.696999999999999886e+01 9.821627039999997422e+00 2.189593507999999929e+03 2.271440399999999954e+03
1.697500000000000142e+01 9.878285999999999234e+00 2.189121349999999893e+03 2.271440399999999954e+03
1.698000000000000043e+01 9.776447999999998473e+00 2.189969999999999800e+03 2.271440399999999954e+03
1.698499999999999943e+01 9.827181839999997948e+00 2.189547218000000157e+03 2.271440399999999954e+03
1.699000000000000199e+01 9.855696479999998871e+00 2.189309596000000056e+03 2.271440399999999954e+03
1.699500000000000099e+01 9.849771359999998310e+00 2.189358971999999994e+03 2.271440399999999954e+03
1.700000000000000000e+01 9.872360879999998673e+00 2.189170725999999831e+03 2.271440399999999954e+03
1.700499999999999901e+01 9.861251279999999397e+00 2.189263305999999830e+03 2.271440399999999954e+03
1.701000000000000156e+01 9.923465039999998183e+00 2.188744858000000022e+03 2.271440399999999954e+03
1.701500000000000057e+01 9.861251279999999397e+00 2.189263305999999830e+03 2.271440399999999954e+03
1.701999999999999957e+01 9.782002799999998999e+00 2.189923710000000028e+03 2.271440399999999954e+03
1.702499999999999858e+01 9.793482720000000086e+00 2.189828043999999863e+03 2.271440399999999954e+03
1.703000000000000114e+01 9.776447999999998473e+00 2.189969999999999800e+03 2.271440399999999954e+03
1.703500000000000014e+01 9.799037519999997059e+00 2.189781754000000092e+03 2.271440399999999954e+03
1.703999999999999915e+01 9.855696479999998871e+00 2.189309596000000056e+03 2.271440399999999954e+03
1.704500000000000171e+01 9.894950399999999036e+00 2.188982480000000123e+03 2.271440399999999954e+03
1.705000000000000071e+01 9.923465039999998183e+00 2.188744858000000022e+03 2.271440399999999954e+03
1.705499999999999972e+01 9.866806079999998147e+00 2.189217016000000058e+03 2.271440399999999954e+03
1.705999999999999872e+01 9.855696479999998871e+00 2.189309596000000056e+03 2.271440399999999954e+03
1.706500000000000128e+01 9.793482720000000086e+00 2.189828043999999863e+03 2.271440399999999954e+03
1.707000000000000028e+01 9.776447999999998473e+00 2.189969999999999800e+03 2.271440399999999954e+03
1.707499999999999929e+01 9.878285999999999234e+00 2.189121349999999893e+03 2.271440399999999954e+03
1.708000000000000185e+01 9.866806079999998147e+00 2.189217016000000058e+03 2.271440399999999954e+03
1.708500000000000085e+01 9.827181839999997948e+00 2.189547218000000157e+03 2.271440399999999954e+03
1.708999999999999986e+01 9.900875519999999597e+00 2.188933103999999730e+03 2.271440399999999954e+03
1.709499999999999886e+01 9.838661759999999035e+00 2.189451551999999992e+03 2.271440399999999954e+03
1.710000000000000142e+01 9.776447999999998473e+00 2.189969999999999800e+03 2.271440399999999954e+03
1.710500000000000043e+01 9.764968079999999162e+00 2.190065665999999965e+03 2.271440399999999954e+03
1.710999999999999943e+01 9.816072239999998672e+00 2.189639798000000155e+03 2.271440399999999954e+03
1.711500000000000199e+01 9.753858479999998110e+00 2.190158245999999963e+03 2.271440399999999954e+03
1.712000000000000099e+01 9.793482720000000086e+00 2.189828043999999863e+03 2.271440399999999954e+03
1.712500000000000000e+01 9.787927919999999560e+00 2.189874334000000090e+03 2.271440399999999954e+03
1.712999999999999901e+01 9.736823759999998273e+00 2.190300201999999899e+03 2.271440399999999954e+03
1.713500000000000156e+01 9.787927919999999560e+00 2.189874334000000090e+03 2.271440399999999954e+03
1.714000000000000057e+01 9.776447999999998473e+00 2.189969999999999800e+03 2.271440399999999954e+03
1.714499999999999957e+01 9.793482720000000086e+00 2.189828043999999863e+03 2.271440399999999954e+03
1.714999999999999858e+01 9.816072239999998672e+00 2.189639798000000155e+03 2.271440399999999954e+03
1.715500000000000114e+01 9.753858479999998110e+00 2.190158245999999963e+03 2.271440399999999954e+03
1.716000000000000014e+01 9.804592319999997585e+00 2.189735463999999865e+03 2.271440399999999954e+03
1.716499999999999915e+01 9.776447999999998473e+00 2.189969999999999800e+03 2.271440399999999954e+03
1.717000000000000171e+01 9.838661759999999035e+00 2.189451551999999992e+03 2.271440399999999954e+03
1.717500000000000071e+01 9.827181839999997948e+00 2.189547218000000157e+03 2.271440399999999954e+03
1.717999999999999972e+01 9.776447999999998473e+00 2.189969999999999800e+03 2.271440399999999954e+03
1.718499999999999872e+01 9.697199519999998074e+00 2.190630403999999999e+03 2.271440399999999954e+03
1.719000000000000128e+01 9.759413279999998636e+00 2.190111955999999736e+03 2.271440399999999954e+03
1.719500000000000028e+01 9.787927919999999560e+00 2.189874334000000090e+03 2.271440399999999954e+03
1.719999999999999929e+01 9.742378559999998799e+00 2.190253912000000128e+03 2.271440399999999954e+03
1.720500000000000185e+01 9.753858479999998110e+00 2.190158245999999963e+03 2.271440399999999954e+03
1.721000000000000085e+01 9.764968079999999162e+00 2.190065665999999965e+03 2.271440399999999954e+03
1.721499999999999986e+01 9.725714159999998998e+00 2.190392781999999897e+03 2.271440399999999954e+03
1.721999999999999886e+01 9.770893199999999723e+00 2.190016290000000026e+03 2.271440399999999954e+03
1.722500000000000142e+01 9.793482720000000086e+00 2.189828043999999863e+03 2.271440399999999954e+03
1.723000000000000043e+01 9.827181839999997948e+00 2.189547218000000157e+03 2.271440399999999954e+03
1.723499999999999943e+01 9.855696479999998871e+00 2.189309596000000056e+03 2.271440399999999954e+03
1.724000000000000199e+01 9.793482720000000086e+00 2.189828043999999863e+03 2.271440399999999954e+03
1.724500000000000099e+01 9.861251279999999397e+00 2.189263305999999830e+03 2.271440399999999954e+03
1.725000000000000000e+01 9.799037519999997059e+00 2.189781754000000092e+03 2.271440399999999954e+03
1.725499999999999901e+01 9.810517439999998146e+00 2.189686087999999927e+03 2.271440399999999954e+03
1.726000000000000156e+01 9.821627039999997422e+00 2.189593507999999929e+03 2.271440399999999954e+03
1.726500000000000057e+01 9.793482720000000086e+00 2.189828043999999863e+03 2.271440399999999954e+03
1.726999999999999957e+01 9.736823759999998273e+00 2.190300201999999899e+03 2.271440399999999954e+03
1.727499999999999858e+01 9.855696479999998871e+00 2.189309596000000056e+03 2.271440399999999954e+03
1.728000000000000114e+01 9.804592319999997585e+00 2.189735463999999865e+03 2.271440399999999954e+03
1.728500000000000014e+01 9.703124639999998635e+00 2.190581028000000060e+03 2.271440399999999954e+03
1.728999999999999915e+01 9.703124639999998635e+00 2.190581028000000060e+03 2.271440399999999954e+03
1.729500000000000171e+01 9.742378559999998799e+00 2.190253912000000128e+03 2.271440399999999954e+03
1.730000000000000071e+01 9.742378559999998799e+00 2.190253912000000128e+03 2.271440399999999954e+03
1.730499999999999972e+01 9.731268959999997747e+00 2.190346492000000126e+03 2.271440399999999954e+03
1.730999999999999872e+01 9.742378559999998799e+00 2.190253912000000128e+03 2.271440399999999954e+03
1.731500000000000128e+01 9.714234239999997911e+00 2.190488448000000062e+03 2.271440399999999954e+03
1.732000000000000028e+01 9.782002799999998999e+00 2.189923710000000028e+03 2.271440399999999954e+03
1.732499999999999929e+01 9.804592319999997585e+00 2.189735463999999865e+03 2.271440399999999954e+03
1.733000000000000185e+01 9.787927919999999560e+00 2.189874334000000090e+03 2.271440399999999954e+03
1.733500000000000085e+01 9.810517439999998146e+00 2.189686087999999927e+03 2.271440399999999954e+03
1.733999999999999986e+01 9.736823759999998273e+00 2.190300201999999899e+03 2.271440399999999954e+03
1.734499999999999886e+01 9.782002799999998999e+00 2.189923710000000028e+03 2.271440399999999954e+03
1.735000000000000142e+01 9.742378559999998799e+00 2.190253912000000128e+03 2.271440399999999954e+03
1.735500000000000043e+01 9.725714159999998998e+00 2.190392781999999897e+03 2.271440399999999954e+03
1.735999999999999943e+01 9.787927919999999560e+00 2.189874334000000090e+03 2.271440399999999954e+03
1.736500000000000199e+01 9.714234239999997911e+00 2.190488448000000062e+03 2.271440399999999954e+03
1.737000000000000099e+01 9.804592319999997585e+00 2.189735463999999865e+03 2.271440399999999954e+03
1.737500000000000000e+01 9.827181839999997948e+00 2.189547218000000157e+03 2.271440399999999954e+03
1.737999999999999901e+01 9.810517439999998146e+00 2.189686087999999927e+03 2.271440399999999954e+03
1.738500000000000156e+01 9.736823759999998273e+00 2.190300201999999899e+03 2.271440399999999954e+03
1.739000000000000057e+01 9.736823759999998273e+00 2.190300201999999899e+03 2.271440399999999954e+03
1.739499999999999957e+01 9.787927919999999560e+00 2.189874334000000090e+03 2.271440399999999954e+03
1.739999999999999858e+01 9.742378559999998799e+00 2.190253912000000128e+03 2.271440399999999954e+03
1.740500000000000114e+01 9.748303679999999360e+00 2.190204536000000189e+03 2.271440399999999954e+03
1.741000000000000014e+01 9.770893199999999723e+00 2.190016290000000026e+03 2.271440399999999954e+03
1.741499999999999915e+01 9.787927919999999560e+00 2.189874334000000090e+03 2.271440399999999954e+03
1.742000000000000171e+01 9.759413279999998636e+00 2.190111955999999736e+03 2.271440399999999954e+03
1.742500000000000071e+01 9.776447999999998473e+00 2.189969999999999800e+03 2.271440399999999954e+03
1.742999999999999972e+01 9.657945599999997910e+00 2.190957519999999931e+03 2.271440399999999954e+03
1.743499999999999872e+01 9.663500399999998436e+00 2.190911230000000160e+03 2.271440399999999954e+03
1.744000000000000128e+01 9.635356079999997547e+00 2.191145766000000094e+03 2.271440399999999954e+03
1.744500000000000028e+01 9.742378559999998799e+00 2.190253912000000128e+03 2.271440399999999954e+03
1.744999999999999929e+01 9.759413279999998636e+00 2.190111955999999736e+03 2.271440399999999954e+03
1.745500000000000185e+01 9.708679439999997385e+00 2.190534737999999834e+03 2.271440399999999954e+03
1.746000000000000085e+01 9.686089919999997022e+00 2.190722983999999997e+03 2.271440399999999954e+03
1.746499999999999986e+01 9.657945599999997910e+00 2.190957519999999931e+03 2.271440399999999954e+03
1.746999999999999886e+01 9.623876159999998237e+00 2.191241431999999804e+03 2.271440399999999954e+03
1.747500000000000142e+01 9.753858479999998110e+00 2.190158245999999963e+03 2.271440399999999954e+03
1.748000000000000043e+01 9.657945599999997910e+00 2.190957519999999931e+03 2.271440399999999954e+03
1.748499999999999943e+01 9.708679439999997385e+00 2.190534737999999834e+03 2.271440399999999954e+03
1.749000000000000199e+01 9.748303679999999360e+00 2.190204536000000189e+03 2.271440399999999954e+03
1.749500000000000099e+01 9.753858479999998110e+00 2.190158245999999963e+03 2.271440399999999954e+03
1.750000000000000000e+01 9.714234239999997911e+00 2.190488448000000062e+03 2.271440399999999954e+03
1.750499999999999901e+01 9.663500399999998436e+00 2.190911230000000160e+03 2.271440399999999954e+03
1.751000000000000156e+01 9.646465679999998599e+00 2.191053186000000096e+03 2.271440399999999954e+03
1.751500000000000057e+01 9.652020479999999125e+00 2.191006895999999870e+03 2.271440399999999954e+03
1.751999999999999957e+01 9.623876159999998237e+00 2.191241431999999804e+03 2.271440399999999954e+03
1.752499999999999858e+01 9.759413279999998636e+00 2.190111955999999736e+03 2.271440399999999954e+03
1.753000000000000114e+01 9.736823759999998273e+00 2.190300201999999899e+03 2.271440399999999954e+03
1.753500000000000014e+01 9.725714159999998998e+00 2.190392781999999897e+03 2.271440399999999954e+03
1.753999999999999915e+01 9.725714159999998998e+00 2.190392781999999897e+03 2.271440399999999954e+03
1.754500000000000171e+01 9.703124639999998635e+00 2.190581028000000060e+03 2.271440399999999954e+03
1.755000000000000071e+01 9.697199519999998074e+00 2.190630403999999999e+03 2.271440399999999954e+03
1.755499999999999972e+01 9.691644719999997548e+00 2.190676693999999770e+03 2.271440399999999954e+03
1.755999999999999872e+01 9.719789039999998437e+00 2.190442157999999836e+03 2.271440399999999954e+03
1.756500000000000128e+01 9.652020479999999125e+00 2.191006895999999870e+03 2.271440399999999954e+03
1.757000000000000028e+01 9.764968079999999162e+00 2.190065665999999965e+03 2.271440399999999954e+03
1.757499999999999929e+01 9.748303679999999360e+00 2.190204536000000189e+03 2.271440399999999954e+03
1.758000000000000185e+01 9.759413279999998636e+00 2.190111955999999736e+03 2.271440399999999954e+03
1.758500000000000085e+01 9.725714159999998998e+00 2.190392781999999897e+03 2.271440399999999954e+03
1.758999999999999986e+01 9.691644719999997548e+00 2.190676693999999770e+03 2.271440399999999954e+03
1.759499999999999886e+01 9.714234239999997911e+00 2.190488448000000062e+03 2.271440399999999954e+03
1.760000000000000142e+01 9.697199519999998074e+00 2.190630403999999999e+03 2.271440399999999954e+03
1.760500000000000043e+01 9.753858479999998110e+00 2.190158245999999963e+03 2.271440399999999954e+03
1.760999999999999943e+01 9.764968079999999162e+00 2.190065665999999965e+03 2.271440399999999954e+03
1.761500000000000199e+01 9.725714159999998998e+00 2.190392781999999897e+03 2.271440399999999954e+03
1.762000000000000099e+01 9.708679439999997385e+00 2.190534737999999834e+03 2.271440399999999954e+03
1.762500000000000000e+01 9.731268959999997747e+00 2.190346492000000126e+03 2.271440399999999954e+03
1.762999999999999901e+01 9.697199519999998074e+00 2.190630403999999999e+03 2.271440399999999954e+03
1.763500000000000156e+01 9.736823759999998273e+00 2.190300201999999899e+03 2.271440399999999954e+03
1.764000000000000057e+01 9.725714159999998998e+00 2.190392781999999897e+03 2.271440399999999954e+03
1.764499999999999957e+01 9.810517439999998146e+00 2.189686087999999927e+03 2.271440399999999954e+03
1.764999999999999858e+01 9.855696479999998871e+00 2.189309596000000056e+03 2.271440399999999954e+03
1.765500000000000114e+01 9.759413279999998636e+00 2.190111955999999736e+03 2.271440399999999954e+03
1.766000000000000014e+01 9.787927919999999560e+00 2.189874334000000090e+03 2.271440399999999954e+03
1.766499999999999915e+01 9.731268959999997747e+00 2.190346492000000126e+03 2.271440399999999954e+03
1.767000000000000171e+01 9.703124639999998635e+00 2.190581028000000060e+03 2.271440399999999954e+03
1.767500000000000071e+01 9.759413279999998636e+00 2.190111955999999736e+03 2.271440399999999954e+03
1.767999999999999972e+01 9.736823759999998273e+00 2.190300201999999899e+03 2.271440399999999954e+03
1.768499999999999872e+01 9.742378559999998799e+00 2.190253912000000128e+03 2.271440399999999954e+03
1.769000000000000128e+01 9.691644719999997548e+00 2.190676693999999770e+03 2.271440399999999954e+03
1.769500000000000028e+01 9.731268959999997747e+00 2.190346492000000126e+03 2.271440399999999954e+03
1.769999999999999929e+01 9.629430959999998763e+00 2.191195142000000033e+03 2.271440399999999954e+03
1.770500000000000185e+01 9.640910879999998073e+00 2.191099475999999868e+03 2.271440399999999954e+03
1.771000000000000085e+01 9.764968079999999162e+00 2.190065665999999965e+03 2.271440399999999954e+03
1.771499999999999986e+01 9.686089919999997022e+00 2.190722983999999997e+03 2.271440399999999954e+03
1.771999999999999886e+01 9.821627039999997422e+00 2.189593507999999929e+03 2.271440399999999954e+03
1.772500000000000142e+01 9.753858479999998110e+00 2.190158245999999963e+03 2.271440399999999954e+03
1.773000000000000043e+01 9.810517439999998146e+00 2.189686087999999927e+03 2.271440399999999954e+03
1.773499999999999943e+01 9.821627039999997422e+00 2.189593507999999929e+03 2.271440399999999954e+03
1.774000000000000199e+01 9.776447999999998473e+00 2.189969999999999800e+03 2.271440399999999954e+03
1.774500000000000099e+01 9.793482720000000086e+00 2.189828043999999863e+03 2.271440399999999954e+03
1.775000000000000000e+01 9.742378559999998799e+00 2.190253912000000128e+03 2.271440399999999954e+03
1.775499999999999901e+01 9.759413279999998636e+00 2.190111955999999736e+03 2.271440399999999954e+03
1.776000000000000156e+01 9.883840799999999760e+00 2.189075060000000121e+03 2.271440399999999954e+03
1.776500000000000057e+01 9.866806079999998147e+00 2.189217016000000058e+03 2.271440399999999954e+03
1.776999999999999957e+01 9.866806079999998147e+00 2.189217016000000058e+03 2.271440399999999954e+03
1.777499999999999858e+01 9.804592319999997585e+00 2.189735463999999865e+03 2.271440399999999954e+03
1.778000000000000114e+01 9.782002799999998999e+00 2.189923710000000028e+03 2.271440399999999954e+03
1.778500000000000014e+01 9.764968079999999162e+00 2.190065665999999965e+03 2.271440399999999954e+03
1.778999999999999915e+01 9.753858479999998110e+00 2.190158245999999963e+03 2.271440399999999954e+03
1.779500000000000171e+01 9.849771359999998310e+00 2.189358971999999994e+03 2.271440399999999954e+03
1.780000000000000071e+01 9.770893199999999723e+00 2.190016290000000026e+03 2.271440399999999954e+03
1.780499999999999972e+01 9.736823759999998273e+00 2.190300201999999899e+03 2.271440399999999954e+03
1.780999999999999872e+01 9.736823759999998273e+00 2.190300201999999899e+03 2.271440399999999954e+03
1.781500000000000128e+01 9.714234239999997911e+00 2.190488448000000062e+03 2.271440399999999954e+03
1.782000000000000028e+01 9.703124639999998635e+00 2.190581028000000060e+03 2.271440399999999954e+03
1.782499999999999929e+01 9.703124639999998635e+00 2.190581028000000060e+03 2.271440399999999954e+03
1.783000000000000185e+01 9.691644719999997548e+00 2.190676693999999770e+03 2.271440399999999954e+03
1.783500000000000085e+01 9.776447999999998473e+00 2.189969999999999800e+03 2.271440399999999954e+03
1.783999999999999986e+01 9.714234239999997911e+00 2.190488448000000062e+03 2.271440399999999954e+03
1.784499999999999886e+01 9.714234239999997911e+00 2.190488448000000062e+03 2.271440399999999954e+03
1.785000000000000142e+01 9.669055199999998962e+00 2.190864939999999933e+03 2.271440399999999954e+03
1.785500000000000043e+01 9.742378559999998799e+00 2.190253912000000128e+03 2.271440399999999954e+03
1.785999999999999943e+01 9.787927919999999560e+00 2.189874334000000090e+03 2.271440399999999954e+03
1.786500000000000199e+01 9.714234239999997911e+00 2.190488448000000062e+03 2.271440399999999954e+03
1.787000000000000099e+01 9.714234239999997911e+00 2.190488448000000062e+03 2.271440399999999954e+03
1.787500000000000000e+01 9.708679439999997385e+00 2.190534737999999834e+03 2.271440399999999954e+03
1.787999999999999901e+01 9.708679439999997385e+00 2.190534737999999834e+03 2.271440399999999954e+03
1.788500000000000156e+01 9.680535119999998273e+00 2.190769273999999768e+03 2.271440399999999954e+03
1.789000000000000057e+01 9.652020479999999125e+00 2.191006895999999870e+03 2.271440399999999954e+03
1.789499999999999957e+01 9.731268959999997747e+00 2.190346492000000126e+03 2.271440399999999954e+03
1.789999999999999858e+01 9.714234239999997911e+00 2.190488448000000062e+03 2.271440399999999954e+03
1.790500000000000114e+01 9.753858479999998110e+00 2.190158245999999963e+03 2.271440399999999954e+03
1.791000000000000014e+01 9.799037519999997059e+00 2.189781754000000092e+03 2.271440399999999954e+03
1.791499999999999915e+01 9.663500399999998436e+00 2.190911230000000160e+03 2.271440399999999954e+03
1.792000000000000171e+01 9.776447999999998473e+00 2.189969999999999800e+03 2.271440399999999954e+03
1.792500000000000071e+01 9.736823759999998273e+00 2.190300201999999899e+03 2.271440399999999954e+03
1.792999999999999972e+01 9.753858479999998110e+00 2.190158245999999963e+03 2.271440399999999954e+03
1.793499999999999872e+01 9.759413279999998636e+00 2.190111955999999736e+03 2.271440399999999954e+03
1.794000000000000128e+01 9.652020479999999125e+00 2.191006895999999870e+03 2.271440399999999954e+03
1.794500000000000028e+01 9.708679439999997385e+00 2.190534737999999834e+03 2.271440399999999954e+03
1.794999999999999929e+01 9.725714159999998998e+00 2.190392781999999897e+03 2.271440399999999954e+03
1.795500000000000185e+01 9.748303679999999360e+00 2.190204536000000189e+03 2.271440399999999954e+03
1.796000000000000085e+01 9.782002799999998999e+00 2.189923710000000028e+03 2.271440399999999954e+03
1.796499999999999986e+01 9.714234239999997911e+00 2.190488448000000062e+03 2.271440399999999954e+03
1.796999999999999886e+01 9.776447999999998473e+00 2.189969999999999800e+03 2.271440399999999954e+03
1.797500000000000142e+01 9.697199519999998074e+00 2.190630403999999999e+03 2.271440399999999954e+03
1.798000000000000043e+01 9.708679439999997385e+00 2.190534737999999834e+03 2.271440399999999954e+03
1.798499999999999943e+01 9.680535119999998273e+00 2.190769273999999768e+03 2.271440399999999954e+03
1.799000000000000199e+01 9.669055199999998962e+00 2.190864939999999933e+03 2.271440399999999954e+03
1.799500000000000099e+01 9.691644719999997548e+00 2.190676693999999770e+03 2.271440399999999954e+03
1.800000000000000000e+01 9.680535119999998273e+00 2.190769273999999768e+03 2.271440399999999954e+03
1.800499999999999901e+01 9.686089919999997022e+00 2.190722983999999997e+03 2.271440399999999954e+03
1.801000000000000156e+01 9.731268959999997747e+00 2.190346492000000126e+03 2.271440399999999954e+03
1.801500000000000057e+01 9.674609999999997711e+00 2.190818650000000162e+03 2.271440399999999954e+03
1.801999999999999957e+01 9.719789039999998437e+00 2.190442157999999836e+03 2.271440399999999954e+03
1.802499999999999858e+01 9.714234239999997911e+00 2.190488448000000062e+03 2.271440399999999954e+03
1.803000000000000114e+01 9.714234239999997911e+00 2.190488448000000062e+03 2.271440399999999954e+03
1.803500000000000014e+01 9.799037519999997059e+00 2.189781754000000092e+03 2.271440399999999954e+03
1.803999999999999915e+01 9.753858479999998110e+00 2.190158245999999963e+03 2.271440399999999954e+03
1.804500000000000171e+01 9.866806079999998147e+00 2.189217016000000058e+03 2.271440399999999954e+03
1.805000000000000071e+01 9.804592319999997585e+00 2.189735463999999865e+03 2.271440399999999954e+03
1.805499999999999972e+01 9.793482720000000086e+00 2.189828043999999863e+03 2.271440399999999954e+03
1.805999999999999872e+01 9.764968079999999162e+00 2.190065665999999965e+03 2.271440399999999954e+03
1.806500000000000128e+01 9.776447999999998473e+00 2.189969999999999800e+03 2.271440399999999954e+03
1.807000000000000028e+01 9.725714159999998998e+00 2.190392781999999897e+03 2.271440399999999954e+03
1.807499999999999929e+01 9.742378559999998799e+00 2.190253912000000128e+03 2.271440399999999954e+03
1.808000000000000185e+01 9.883840799999999760e+00 2.189075060000000121e+03 2.271440399999999954e+03
1.808500000000000085e+01 9.866806079999998147e+00 2.189217016000000058e+03 2.271440399999999954e+03
1.808999999999999986e+01 9.804592319999997585e+00 2.189735463999999865e+03 2.271440399999999954e+03
1.809499999999999886e+01 9.753858479999998110e+00 2.190158245999999963e+03 2.271440399999999954e+03
1.810000000000000142e+01 9.669055199999998962e+00 2.190864939999999933e+03 2.271440399999999954e+03
1.810500000000000043e+01 9.697199519999998074e+00 2.190630403999999999e+03 2.271440399999999954e+03
1.810999999999999943e+01 9.748303679999999360e+00 2.190204536000000189e+03 2.271440399999999954e+03
1.811500000000000199e+01 9.753858479999998110e+00 2.190158245999999963e+03 2.271440399999999954e+03
1.812000000000000099e+01 9.759413279999998636e+00 2.190111955999999736e+03 2.271440399999999954e+03
1.812500000000000000e+01 9.770893199999999723e+00 2.190016290000000026e+03 2.271440399999999954e+03
1.812999999999999901e+01 9.719789039999998437e+00 2.190442157999999836e+03 2.271440399999999954e+03
1.813500000000000156e+01 9.686089919999997022e+00 2.190722983999999997e+03 2.271440399999999954e+03
1.814000000000000057e+01 9.697199519999998074e+00 2.190630403999999999e+03 2.271440399999999954e+03
1.814499999999999957e+01 9.725714159999998998e+00 2.190392781999999897e+03 2.271440399999999954e+03
1.814999999999999858e+01 9.714234239999997911e+00 2.190488448000000062e+03 2.271440399999999954e+03
1.815500000000000114e+01 9.776447999999998473e+00 2.189969999999999800e+03 2.271440399999999954e+03
1.816000000000000014e+01 9.827181839999997948e+00 2.189547218000000157e+03 2.271440399999999954e+03
1.816499999999999915e+01 9.810517439999998146e+00 2.189686087999999927e+03 2.271440399999999954e+03
1.817000000000000171e+01 9.804592319999997585e+00 2.189735463999999865e+03 2.271440399999999954e+03
1.817500000000000071e+01 9.703124639999998635e+00 2.190581028000000060e+03 2.271440399999999954e+03
1.817999999999999972e+01 9.719789039999998437e+00 2.190442157999999836e+03 2.271440399999999954e+03
1.818499999999999872e+01 9.691644719999997548e+00 2.190676693999999770e+03 2.271440399999999954e+03
1.819000000000000128e+01 9.748303679999999360e+00 2.190204536000000189e+03 2.271440399999999954e+03
1.819500000000000028e+01 9.759413279999998636e+00 2.190111955999999736e+03 2.271440399999999954e+03
1.819999999999999929e+01 9.736823759999998273e+00 2.190300201999999899e+03 2.271440399999999954e+03
1.820500000000000185e+01 9.764968079999999162e+00 2.190065665999999965e+03 2.271440399999999954e+03
1.821000000000000085e+01 9.742378559999998799e+00 2.190253912000000128e+03 2.271440399999999954e+03
1.821499999999999986e+01 9.680535119999998273e+00 2.190769273999999768e+03 2.271440399999999954e+03
1.821999999999999886e+01 9.708679439999997385e+00 2.190534737999999834e+03 2.271440399999999954e+03
1.822500000000000142e+01 9.686089919999997022e+00 2.190722983999999997e+03 2.271440399999999954e+03
1.823000000000000043e+01 9.669055199999998962e+00 2.190864939999999933e+03 2.271440399999999954e+03
1.823499999999999943e+01 9.697199519999998074e+00 2.190630403999999999e+03 2.271440399999999954e+03
1.824000000000000199e+01 9.703124639999998635e+00 2.190581028000000060e+03 2.271440399999999954e+03
1.824500000000000099e+01 9.719789039999998437e+00 2.190442157999999836e+03 2.271440399999999954e+03
1.825000000000000000e+01 9.629430959999998763e+00 2.191195142000000033e+03 2.271440399999999954e+03
1.825499999999999901e+01 9.646465679999998599e+00 2.191053186000000096e+03 2.271440399999999954e+03
1.826000000000000156e+01 9.669055199999998962e+00 2.190864939999999933e+03 2.271440399999999954e+03
1.826500000000000057e+01 9.691644719999997548e+00 2.190676693999999770e+03 2.271440399999999954e+03
1.826999999999999957e+01 9.708679439999997385e+00 2.190534737999999834e+03 2.271440399999999954e+03
1.827499999999999858e+01 9.708679439999997385e+00 2.190534737999999834e+03 2.271440399999999954e+03
1.828000000000000114e+01 9.652020479999999125e+00 2.191006895999999870e+03 2.271440399999999954e+03
1.828500000000000014e+01 9.736823759999998273e+00 2.190300201999999899e+03 2.271440399999999954e+03
1.828999999999999915e+01 9.714234239999997911e+00 2.190488448000000062e+03 2.271440399999999954e+03
1.829500000000000171e+01 9.669055199999998962e+00 2.190864939999999933e+03 2.271440399999999954e+03
1.830000000000000071e+01 9.657945599999997910e+00 2.190957519999999931e+03 2.271440399999999954e+03
1.830499999999999972e+01 9.714234239999997911e+00 2.190488448000000062e+03 2.271440399999999954e+03
1.830999999999999872e+01 9.714234239999997911e+00 2.190488448000000062e+03 2.271440399999999954e+03
1.831500000000000128e+01 9.691644719999997548e+00 2.190676693999999770e+03 2.271440399999999954e+03
1.832000000000000028e+01 9.680535119999998273e+00 2.190769273999999768e+03 2.271440399999999954e+03
1.832499999999999929e+01 9.669055199999998962e+00 2.190864939999999933e+03 2.271440399999999954e+03
1.833000000000000185e+01 9.686089919999997022e+00 2.190722983999999997e+03 2.271440399999999954e+03
1.833500000000000085e+01 9.669055199999998962e+00 2.190864939999999933e+03 2.271440399999999954e+03
1.833999999999999986e+01 9.657945599999997910e+00 2.190957519999999931e+03 2.271440399999999954e+03
1.834499999999999886e+01 9.691644719999997548e+00 2.190676693999999770e+03 2.271440399999999954e+03
1.835000000000000142e+01 9.663500399999998436e+00 2.190911230000000160e+03 2.271440399999999954e+03
1.835500000000000043e+01 9.759413279999998636e+00 2.190111955999999736e+03 2.271440399999999954e+03
1.835999999999999943e+01 9.736823759999998273e+00 2.190300201999999899e+03 2.271440399999999954e+03
1.836500000000000199e+01 9.719789039999998437e+00 2.190442157999999836e+03 2.271440399999999954e+03
1.837000000000000099e+01 9.833106959999998509e+00 2.189497841999999764e+03 2.271440399999999954e+03
1.837500000000000000e+01 9.782002799999998999e+00 2.189923710000000028e+03 2.271440399999999954e+03
1.837999999999999901e+01 9.787927919999999560e+00 2.189874334000000090e+03 2.271440399999999954e+03
1.838500000000000156e+01 9.838661759999999035e+00 2.189451551999999992e+03 2.271440399999999954e+03
1.839000000000000057e+01 9.866806079999998147e+00 2.189217016000000058e+03 2.271440399999999954e+03
1.839499999999999957e+01 9.821627039999997422e+00 2.189593507999999929e+03 2.271440399999999954e+03
1.839999999999999858e+01 9.827181839999997948e+00 2.189547218000000157e+03 2.271440399999999954e+03
1.840500000000000114e+01 9.804592319999997585e+00 2.189735463999999865e+03 2.271440399999999954e+03
1.841000000000000014e+01 9.900875519999999597e+00 2.188933103999999730e+03 2.271440399999999954e+03
1.841499999999999915e+01 9.861251279999999397e+00 2.189263305999999830e+03 2.271440399999999954e+03
1.842000000000000171e+01 9.833106959999998509e+00 2.189497841999999764e+03 2.271440399999999954e+03
1.842500000000000071e+01 9.878285999999999234e+00 2.189121349999999893e+03 2.271440399999999954e+03
1.842999999999999972e+01 9.844216559999997784e+00 2.189405261999999766e+03 2.271440399999999954e+03
1.843499999999999872e+01 9.872360879999998673e+00 2.189170725999999831e+03 2.271440399999999954e+03
1.844000000000000128e+01 9.929019839999998709e+00 2.188698567999999796e+03 2.271440399999999954e+03
1.844500000000000028e+01 9.883840799999999760e+00 2.189075060000000121e+03 2.271440399999999954e+03
1.844999999999999929e+01 9.833106959999998509e+00 2.189497841999999764e+03 2.271440399999999954e+03
1.845500000000000185e+01 9.787927919999999560e+00 2.189874334000000090e+03 2.271440399999999954e+03
1.846000000000000085e+01 9.782002799999998999e+00 2.189923710000000028e+03 2.271440399999999954e+03
1.846499999999999986e+01 9.776447999999998473e+00 2.189969999999999800e+03 2.271440399999999954e+03
1.846999999999999886e+01 9.731268959999997747e+00 2.190346492000000126e+03 2.271440399999999954e+03
1.847500000000000142e+01 9.770893199999999723e+00 2.190016290000000026e+03 2.271440399999999954e+03
1.848000000000000043e+01 9.742378559999998799e+00 2.190253912000000128e+03 2.271440399999999954e+03
1.848499999999999943e+01 9.759413279999998636e+00 2.190111955999999736e+03 2.271440399999999954e+03
1.849000000000000199e+01 9.810517439999998146e+00 2.189686087999999927e+03 2.271440399999999954e+03
1.849500000000000099e+01 9.742378559999998799e+00 2.190253912000000128e+03 2.271440399999999954e+03
1.850000000000000000e+01 9.669055199999998962e+00 2.190864939999999933e+03 2.271440399999999954e+03
1.850499999999999901e+01 9.714234239999997911e+00 2.190488448000000062e+03 2.271440399999999954e+03
1.851000000000000156e+01 9.680535119999998273e+00 2.190769273999999768e+03 2.271440399999999954e+03
1.851500000000000057e+01 9.725714159999998998e+00 2.190392781999999897e+03 2.271440399999999954e+03
1.851999999999999957e+01 9.714234239999997911e+00 2.190488448000000062e+03 2.271440399999999954e+03
1.852499999999999858e+01 9.787927919999999560e+00 2.189874334000000090e+03 2.271440399999999954e+03
1.853000000000000114e+01 9.770893199999999723e+00 2.190016290000000026e+03 2.271440399999999954e+03
1.853500000000000014e+01 9.770893199999999723e+00 2.190016290000000026e+03 2.271440399999999954e+03
1.853999999999999915e+01 9.759413279999998636e+00 2.190111955999999736e+03 2.271440399999999954e+03
1.854500000000000171e+01 9.714234239999997911e+00 2.190488448000000062e+03 2.271440399999999954e+03
1.855000000000000071e+01 9.770893199999999723e+00 2.190016290000000026e+03 2.271440399999999954e+03
1.855499999999999972e+01 9.731268959999997747e+00 2.190346492000000126e+03 2.271440399999999954e+03
1.855999999999999872e+01 9.793482720000000086e+00 2.189828043999999863e+03 2.271440399999999954e+03
1.856500000000000128e+01 9.804592319999997585e+00 2.189735463999999865e+03 2.271440399999999954e+03
1.857000000000000028e+01 9.810517439999998146e+00 2.189686087999999927e+03 2.271440399999999954e+03
1.857499999999999929e+01 9.782002799999998999e+00 2.189923710000000028e+03 2.271440399999999954e+03
1.858000000000000185e+01 9.669055199999998962e+00 2.190864939999999933e+03 2.271440399999999954e+03
1.858500000000000085e+01 9.691644719999997548e+00 2.190676693999999770e+03 2.271440399999999954e+03
1.858999999999999986e+01 9.703124639999998635e+00 2.190581028000000060e+03 2.271440399999999954e+03
1.859499999999999886e+01 9.725714159999998998e+00 2.190392781999999897e+03 2.271440399999999954e+03
1.860000000000000142e+01 9.736823759999998273e+00 2.190300201999999899e+03 2.271440399999999954e+03
1.860500000000000043e+01 9.691644719999997548e+00 2.190676693999999770e+03 2.271440399999999954e+03
1.860999999999999943e+01 9.742378559999998799e+00 2.190253912000000128e+03 2.271440399999999954e+03
1.861500000000000199e+01 9.646465679999998599e+00 2.191053186000000096e+03 2.271440399999999954e+03
1.862000000000000099e+01 9.691644719999997548e+00 2.190676693999999770e+03 2.271440399999999954e+03
1.862500000000000000e+01 9.646465679999998599e+00 2.191053186000000096e+03 2.271440399999999954e+03
1.862999999999999901e+01 9.589806719999998563e+00 2.191525344000000132e+03 2.271440399999999954e+03
1.863500000000000156e+01 9.640910879999998073e+00 2.191099475999999868e+03 2.271440399999999954e+03
1.864000000000000057e+01 9.663500399999998436e+00 2.190911230000000160e+03 2.271440399999999954e+03
1.864499999999999957e+01 9.708679439999997385e+00 2.190534737999999834e+03 2.271440399999999954e+03
1.864999999999999858e+01 9.640910879999998073e+00 2.191099475999999868e+03 2.271440399999999954e+03
1.865500000000000114e+01 9.703124639999998635e+00 2.190581028000000060e+03 2.271440399999999954e+03
1.866000000000000014e+01 9.618321359999997711e+00 2.191287722000000031e+03 2.271440399999999954e+03
1.866499999999999915e+01 9.697199519999998074e+00 2.190630403999999999e+03 2.271440399999999954e+03
1.867000000000000171e+01 9.714234239999997911e+00 2.190488448000000062e+03 2.271440399999999954e+03
1.867500000000000071e+01 9.669055199999998962e+00 2.190864939999999933e+03 2.271440399999999954e+03
1.867999999999999972e+01 9.680535119999998273e+00 2.190769273999999768e+03 2.271440399999999954e+03
1.868499999999999872e+01 9.731268959999997747e+00 2.190346492000000126e+03 2.271440399999999954e+03
1.869000000000000128e+01 9.697199519999998074e+00 2.190630403999999999e+03 2.271440399999999954e+03
1.869500000000000028e+01 9.804592319999997585e+00 2.189735463999999865e+03 2.271440399999999954e+03
1.869999999999999929e+01 9.669055199999998962e+00 2.190864939999999933e+03 2.271440399999999954e+03
1.870500000000000185e+01 9.686089919999997022e+00 2.190722983999999997e+03 2.271440399999999954e+03
1.871000000000000085e+01 9.725714159999998998e+00 2.190392781999999897e+03 2.271440399999999954e+03
1.871499999999999986e+01 9.674609999999997711e+00 2.190818650000000162e+03 2.271440399999999954e+03
1.871999999999999886e+01 9.753858479999998110e+00 2.190158245999999963e+03 2.271440399999999954e+03
1.872500000000000142e+01 9.719789039999998437e+00 2.190442157999999836e+03 2.271440399999999954e+03
1.873000000000000043e+01 9.742378559999998799e+00 2.190253912000000128e+03 2.271440399999999954e+03
1.873499999999999943e+01 9.793482720000000086e+00 2.189828043999999863e+03 2.271440399999999954e+03
1.874000000000000199e+01 9.810517439999998146e+00 2.189686087999999927e+03 2.271440399999999954e+03
1.874500000000000099e+01 9.799037519999997059e+00 2.189781754000000092e+03 2.271440399999999954e+03
1.875000000000000000e+01 9.703124639999998635e+00 2.190581028000000060e+03 2.271440399999999954e+03
1.875499999999999901e+01 9.736823759999998273e+00 2.190300201999999899e+03 2.271440399999999954e+03
1.876000000000000156e+01 9.753858479999998110e+00 2.190158245999999963e+03 2.271440399999999954e+03
1.876500000000000057e+01 9.663500399999998436e+00 2.190911230000000160e+03 2.271440399999999954e+03
1.876999999999999957e+01 9.770893199999999723e+00 2.190016290000000026e+03 2.271440399999999954e+03
1.877499999999999858e+01 9.816072239999998672e+00 2.189639798000000155e+03 2.271440399999999954e+03
1.878000000000000114e+01 9.748303679999999360e+00 2.190204536000000189e+03 2.271440399999999954e+03
1.878500000000000014e+01 9.697199519999998074e+00 2.190630403999999999e+03 2.271440399999999954e+03
1.878999999999999915e+01 9.691644719999997548e+00 2.190676693999999770e+03 2.271440399999999954e+03
1.879500000000000171e+01 9.697199519999998074e+00 2.190630403999999999e+03 2.271440399999999954e+03
1.880000000000000071e+01 9.753858479999998110e+00 2.190158245999999963e+03 2.271440399999999954e+03
1.880499999999999972e+01 9.799037519999997059e+00 2.189781754000000092e+03 2.271440399999999954e+03
1.880999999999999872e+01 9.844216559999997784e+00 2.189405261999999766e+03 2.271440399999999954e+03
1.881500000000000128e+01 9.782002799999998999e+00 2.189923710000000028e+03 2.271440399999999954e+03
1.882000000000000028e+01 9.833106959999998509e+00 2.189497841999999764e+03 2.271440399999999954e+03
1.882499999999999929e+01 9.844216559999997784e+00 2.189405261999999766e+03 2.271440399999999954e+03
1.883000000000000185e+01 9.799037519999997059e+00 2.189781754000000092e+03 2.271440399999999954e+03
1.883500000000000085e+01 9.821627039999997422e+00 2.189593507999999929e+03 2.271440399999999954e+03
1.883999999999999986e+01 9.799037519999997059e+00 2.189781754000000092e+03 2.271440399999999954e+03
1.884499999999999886e+01 9.816072239999998672e+00 2.189639798000000155e+03 2.271440399999999954e+03
1.885000000000000142e+01 9.804592319999997585e+00 2.189735463999999865e+03 2.271440399999999954e+03
1.885500000000000043e+01 9.849771359999998310e+00 2.189358971999999994e+03 2.271440399999999954e+03
1.885999999999999943e+01 9.804592319999997585e+00 2.189735463999999865e+03 2.271440399999999954e+03
1.886500000000000199e+01 9.674609999999997711e+00 2.190818650000000162e+03 2.271440399999999954e+03
1.887000000000000099e+01 9.708679439999997385e+00 2.190534737999999834e+03 2.271440399999999954e+03
1.887500000000000000e+01 9.736823759999998273e+00 2.190300201999999899e+03 2.271440399999999954e+03
1.887999999999999901e+01 9.714234239999997911e+00 2.190488448000000062e+03 2.271440399999999954e+03
1.888500000000000156e+01 9.714234239999997911e+00 2.190488448000000062e+03 2.271440399999999954e+03
1.889000000000000057e+01 9.697199519999998074e+00 2.190630403999999999e+03 2.271440399999999954e+03
1.889499999999999957e+01 9.764968079999999162e+00 2.190065665999999965e+03 2.271440399999999954e+03
1.889999999999999858e+01 9.640910879999998073e+00 2.191099475999999868e+03 2.271440399999999954e+03
1.890500000000000114e+01 9.657945599999997910e+00 2.190957519999999931e+03 2.271440399999999954e+03
1.891000000000000014e+01 9.606841439999998400e+00 2.191383388000000195e+03 2.271440399999999954e+03
1.891499999999999915e+01 9.573142319999996985e+00 2.191664213999999902e+03 2.271440399999999954e+03
1.892000000000000171e+01 9.680535119999998273e+00 2.190769273999999768e+03 2.271440399999999954e+03
1.892500000000000071e+01 9.714234239999997911e+00 2.190488448000000062e+03 2.271440399999999954e+03
1.892999999999999972e+01 9.708679439999997385e+00 2.190534737999999834e+03 2.271440399999999954e+03
1.893499999999999872e+01 9.736823759999998273e+00 2.190300201999999899e+03 2.271440399999999954e+03
1.894000000000000128e+01 9.686089919999997022e+00 2.190722983999999997e+03 2.271440399999999954e+03
1.894500000000000028e+01 9.731268959999997747e+00 2.190346492000000126e+03 2.271440399999999954e+03
1.894999999999999929e+01 9.719789039999998437e+00 2.190442157999999836e+03 2.271440399999999954e+03
1.895500000000000185e+01 9.708679439999997385e+00 2.190534737999999834e+03 2.271440399999999954e+03
1.896000000000000085e+01 9.674609999999997711e+00 2.190818650000000162e+03 2.271440399999999954e+03
1.896499999999999986e+01 9.703124639999998635e+00 2.190581028000000060e+03 2.271440399999999954e+03
1.896999999999999886e+01 9.810517439999998146e+00 2.189686087999999927e+03 2.271440399999999954e+03
1.897500000000000142e+01 9.731268959999997747e+00 2.190346492000000126e+03 2.271440399999999954e+03
1.898000000000000043e+01 9.793482720000000086e+00 2.189828043999999863e+03 2.271440399999999954e+03
1.898499999999999943e+01 9.764968079999999162e+00 2.190065665999999965e+03 2.271440399999999954e+03
1.899000000000000199e+01 9.742378559999998799e+00 2.190253912000000128e+03 2.271440399999999954e+03
1.899500000000000099e+01 9.708679439999997385e+00 2.190534737999999834e+03 2.271440399999999954e+03
1.900000000000000000e+01 9.742378559999998799e+00 2.190253912000000128e+03 2.271440399999999954e+03
1.900499999999999901e+01 9.759413279999998636e+00 2.190111955999999736e+03 2.271440399999999954e+03
1.901000000000000156e+01 9.719789039999998437e+00 2.190442157999999836e+03 2.271440399999999954e+03
1.901500000000000057e+01 9.810517439999998146e+00 2.189686087999999927e+03 2.271440399999999954e+03
1.901999999999999957e+01 9.787927919999999560e+00 2.189874334000000090e+03 2.271440399999999954e+03
1.902499999999999858e+01 9.770893199999999723e+00 2.190016290000000026e+03 2.271440399999999954e+03
1.903000000000000114e+01 9.714234239999997911e+00 2.190488448000000062e+03 2.271440399999999954e+03
1.903500000000000014e+01 9.764968079999999162e+00 2.190065665999999965e+03 2.271440399999999954e+03
1.903999999999999915e+01 9.764968079999999162e+00 2.190065665999999965e+03 2.271440399999999954e+03
1.904500000000000171e+01 9.816072239999998672e+00 2.189639798000000155e+03 2.271440399999999954e+03
1.905000000000000071e+01 9.782002799999998999e+00 2.189923710000000028e+03 2.271440399999999954e+03
1.905499999999999972e+01 9.736823759999998273e+00 2.190300201999999899e+03 2.271440399999999954e+03
1.905999999999999872e+01 9.838661759999999035e+00 2.189451551999999992e+03 2.271440399999999954e+03
1.906500000000000128e+01 9.787927919999999560e+00 2.189874334000000090e+03 2.271440399999999954e+03
1.907000000000000028e+01 9.742378559999998799e+00 2.190253912000000128e+03 2.271440399999999954e+03
1.907499999999999929e+01 9.787927919999999560e+00 2.189874334000000090e+03 2.271440399999999954e+03
1.908000000000000185e+01 9.770893199999999723e+00 2.190016290000000026e+03 2.271440399999999954e+03
1.908500000000000085e+01 9.759413279999998636e+00 2.190111955999999736e+03 2.271440399999999954e+03
1.908999999999999986e+01 9.821627039999997422e+00 2.189593507999999929e+03 2.271440399999999954e+03
1.909499999999999886e+01 9.878285999999999234e+00 2.189121349999999893e+03 2.271440399999999954e+03
1.910000000000000142e+01 9.776447999999998473e+00 2.189969999999999800e+03 2.271440399999999954e+03
1.910500000000000043e+01 9.770893199999999723e+00 2.190016290000000026e+03 2.271440399999999954e+03
1.910999999999999943e+01 9.782002799999998999e+00 2.189923710000000028e+03 2.271440399999999954e+03
1.911500000000000199e+01 9.799037519999997059e+00 2.189781754000000092e+03 2.271440399999999954e+03
1.912000000000000099e+01 9.833106959999998509e+00 2.189497841999999764e+03 2.271440399999999954e+03
1.912500000000000000e+01 9.872360879999998673e+00 2.189170725999999831e+03 2.271440399999999954e+03
1.912999999999999901e+01 9.855696479999998871e+00 2.189309596000000056e+03 2.271440399999999954e+03
1.913500000000000156e+01 9.849771359999998310e+00 2.189358971999999994e+03 2.271440399999999954e+03
1.914000000000000057e+01 9.883840799999999760e+00 2.189075060000000121e+03 2.271440399999999954e+03
1.914499999999999957e+01 9.900875519999999597e+00 2.188933103999999730e+03 2.271440399999999954e+03
1.914999999999999858e+01 9.849771359999998310e+00 2.189358971999999994e+03 2.271440399999999954e+03
1.915500000000000114e+01 9.838661759999999035e+00 2.189451551999999992e+03 2.271440399999999954e+03
1.916000000000000014e+01 9.838661759999999035e+00 2.189451551999999992e+03 2.271440399999999954e+03
1.916499999999999915e+01 9.799037519999997059e+00 2.189781754000000092e+03 2.271440399999999954e+03
1.917000000000000171e+01 9.821627039999997422e+00 2.189593507999999929e+03 2.271440399999999954e+03
1.917500000000000071e+01 9.799037519999997059e+00 2.189781754000000092e+03 2.271440399999999954e+03
1.917999999999999972e+01 9.793482720000000086e+00 2.189828043999999863e+03 2.271440399999999954e+03
1.918499999999999872e+01 9.782002799999998999e+00 2.189923710000000028e+03 2.271440399999999954e+03
1.919000000000000128e+01 9.804592319999997585e+00 2.189735463999999865e+03 2.271440399999999954e+03
1.919500000000000028e+01 9.782002799999998999e+00 2.189923710000000028e+03 2.271440399999999954e+03
1.919999999999999929e+01 9.827181839999997948e+00 2.189547218000000157e+03 2.271440399999999954e+03
1.920500000000000185e+01 9.787927919999999560e+00 2.189874334000000090e+03 2.271440399999999954e+03
1.921000000000000085e+01 9.804592319999997585e+00 2.189735463999999865e+03 2.271440399999999954e+03
1.921499999999999986e+01 9.764968079999999162e+00 2.190065665999999965e+03 2.271440399999999954e+03
1.921999999999999886e+01 9.799037519999997059e+00 2.189781754000000092e+03 2.271440399999999954e+03
1.922500000000000142e+01 9.731268959999997747e+00 2.190346492000000126e+03 2.271440399999999954e+03
1.923000000000000043e+01 9.776447999999998473e+00 2.189969999999999800e+03 2.271440399999999954e+03
1.923499999999999943e+01 9.816072239999998672e+00 2.189639798000000155e+03 2.271440399999999954e+03
1.924000000000000199e+01 9.776447999999998473e+00 2.189969999999999800e+03 2.271440399999999954e+03
1.924500000000000099e+01 9.861251279999999397e+00 2.189263305999999830e+03 2.271440399999999954e+03
1.925000000000000000e+01 9.787927919999999560e+00 2.189874334000000090e+03 2.271440399999999954e+03
1.925499999999999901e+01 9.725714159999998998e+00 2.190392781999999897e+03 2.271440399999999954e+03
1.926000000000000156e+01 9.764968079999999162e+00 2.190065665999999965e+03 2.271440399999999954e+03
1.926500000000000057e+01 9.764968079999999162e+00 2.190065665999999965e+03 2.271440399999999954e+03
1.926999999999999957e+01 9.787927919999999560e+00 2.189874334000000090e+03 2.271440399999999954e+03
1.927499999999999858e+01 9.793482720000000086e+00 2.189828043999999863e+03 2.271440399999999954e+03
1.928000000000000114e+01 9.838661759999999035e+00 2.189451551999999992e+03 2.271440399999999954e+03
1.928500000000000014e+01 9.748303679999999360e+00 2.190204536000000189e+03 2.271440399999999954e+03
1.928999999999999915e+01 9.725714159999998998e+00 2.190392781999999897e+03 2.271440399999999954e+03
1.929500000000000171e+01 9.708679439999997385e+00 2.190534737999999834e+03 2.271440399999999954e+03
1.930000000000000071e+01 9.736823759999998273e+00 2.190300201999999899e+03 2.271440399999999954e+03
1.930499999999999972e+01 9.759413279999998636e+00 2.190111955999999736e+03 2.271440399999999954e+03
1.930999999999999872e+01 9.793482720000000086e+00 2.189828043999999863e+03 2.271440399999999954e+03
1.931500000000000128e+01 9.810517439999998146e+00 2.189686087999999927e+03 2.271440399999999954e+03
1.932000000000000028e+01 9.838661759999999035e+00 2.189451551999999992e+03 2.271440399999999954e+03
1.932499999999999929e+01 9.827181839999997948e+00 2.189547218000000157e+03 2.271440399999999954e+03
1.933000000000000185e+01 9.764968079999999162e+00 2.190065665999999965e+03 2.271440399999999954e+03
1.933500000000000085e+01 9.748303679999999360e+00 2.190204536000000189e+03 2.271440399999999954e+03
1.933999999999999986e+01 9.652020479999999125e+00 2.191006895999999870e+03 2.271440399999999954e+03
1.934499999999999886e+01 9.725714159999998998e+00 2.190392781999999897e+03 2.271440399999999954e+03
1.935000000000000142e+01 9.731268959999997747e+00 2.190346492000000126e+03 2.271440399999999954e+03
1.935500000000000043e+01 9.759413279999998636e+00 2.190111955999999736e+03 2.271440399999999954e+03
1.935999999999999943e+01 9.821627039999997422e+00 2.189593507999999929e+03 2.271440399999999954e+03
1.936500000000000199e+01 9.742378559999998799e+00 2.190253912000000128e+03 2.271440399999999954e+03
1.937000000000000099e+01 9.731268959999997747e+00 2.190346492000000126e+03 2.271440399999999954e+03
1.937500000000000000e+01 9.742378559999998799e+00 2.190253912000000128e+03 2.271440399999999954e+03
1.937999999999999901e+01 9.770893199999999723e+00 2.190016290000000026e+03 2.271440399999999954e+03
1.938500000000000156e+01 9.764968079999999162e+00 2.190065665999999965e+03 2.271440399999999954e+03
1.939000000000000057e+01 9.753858479999998110e+00 2.190158245999999963e+03 2.271440399999999954e+03
1.939499999999999957e+01 9.816072239999998672e+00 2.189639798000000155e+03 2.271440399999999954e+03
1.939999999999999858e+01 9.787927919999999560e+00 2.189874334000000090e+03 2.271440399999999954e+03
1.940500000000000114e+01 9.753858479999998110e+00 2.190158245999999963e+03 2.271440399999999954e+03
1.941000000000000014e+01 9.703124639999998635e+00 2.190581028000000060e+03 2.271440399999999954e+03
1.941499999999999915e+01 9.674609999999997711e+00 2.190818650000000162e+03 2.271440399999999954e+03
1.942000000000000171e+01 9.691644719999997548e+00 2.190676693999999770e+03 2.271440399999999954e+03
1.942500000000000071e+01 9.708679439999997385e+00 2.190534737999999834e+03 2.271440399999999954e+03
1.942999999999999972e+01 9.708679439999997385e+00 2.190534737999999834e+03 2.271440399999999954e+03
1.943499999999999872e+01 9.719789039999998437e+00 2.190442157999999836e+03 2.271440399999999954e+03
1.944000000000000128e+01 9.686089919999997022e+00 2.190722983999999997e+03 2.271440399999999954e+03
1.944500000000000028e+01 9.708679439999997385e+00 2.190534737999999834e+03 2.271440399999999954e+03
1.944999999999999929e+01 9.686089919999997022e+00 2.190722983999999997e+03 2.271440399999999954e+03
1.945500000000000185e+01 9.714234239999997911e+00 2.190488448000000062e+03 2.271440399999999954e+03
1.946000000000000085e+01 9.703124639999998635e+00 2.190581028000000060e+03 2.271440399999999954e+03
1.946499999999999986e+01 9.686089919999997022e+00 2.190722983999999997e+03 2.271440399999999954e+03
1.946999999999999886e+01 9.816072239999998672e+00 2.189639798000000155e+03 2.271440399999999954e+03
1.947500000000000142e+01 9.787927919999999560e+00 2.189874334000000090e+03 2.271440399999999954e+03
1.948000000000000043e+01 9.804592319999997585e+00 2.189735463999999865e+03 2.271440399999999954e+03
1.948499999999999943e+01 9.770893199999999723e+00 2.190016290000000026e+03 2.271440399999999954e+03
1.949000000000000199e+01 9.691644719999997548e+00 2.190676693999999770e+03 2.271440399999999954e+03
1.949500000000000099e+01 9.686089919999997022e+00 2.190722983999999997e+03 2.271440399999999954e+03
1.950000000000000000e+01 9.770893199999999723e+00 2.190016290000000026e+03 2.271440399999999954e+03
1.950499999999999901e+01 9.691644719999997548e+00 2.190676693999999770e+03 2.271440399999999954e+03
1.951000000000000156e+01 9.736823759999998273e+00 2.190300201999999899e+03 2.271440399999999954e+03
1.951500000000000057e+01 9.719789039999998437e+00 2.190442157999999836e+03 2.271440399999999954e+03
1.951999999999999957e+01 9.787927919999999560e+00 2.189874334000000090e+03 2.271440399999999954e+03
1.952499999999999858e+01 9.719789039999998437e+00 2.190442157999999836e+03 2.271440399999999954e+03
1.953000000000000114e+01 9.748303679999999360e+00 2.190204536000000189e+03 2.271440399999999954e+03
1.953500000000000014e+01 9.731268959999997747e+00 2.190346492000000126e+03 2.271440399999999954e+03
1.953999999999999915e+01 9.753858479999998110e+00 2.190158245999999963e+03 2.271440399999999954e+03
1.954500000000000171e+01 9.753858479999998110e+00 2.190158245999999963e+03 2.271440399999999954e+03
1.955000000000000071e+01 9.736823759999998273e+00 2.190300201999999899e+03 2.271440399999999954e+03
1.955499999999999972e+01 9.838661759999999035e+00 2.189451551999999992e+03 2.271440399999999954e+03
1.955999999999999872e+01 9.714234239999997911e+00 2.190488448000000062e+03 2.271440399999999954e+03
1.956500000000000128e+01 9.793482720000000086e+00 2.189828043999999863e+03 2.271440399999999954e+03
1.957000000000000028e+01 9.782002799999998999e+00 2.189923710000000028e+03 2.271440399999999954e+03
1.957499999999999929e+01 9.748303679999999360e+00 2.190204536000000189e+03 2.271440399999999954e+03
1.958000000000000185e+01 9.782002799999998999e+00 2.189923710000000028e+03 2.271440399999999954e+03
1.958500000000000085e+01 9.759413279999998636e+00 2.190111955999999736e+03 2.271440399999999954e+03
1.958999999999999986e+01 9.748303679999999360e+00 2.190204536000000189e+03 2.271440399999999954e+03
1.959499999999999886e+01 9.770893199999999723e+00 2.190016290000000026e+03 2.271440399999999954e+03
1.960000000000000142e+01 9.719789039999998437e+00 2.190442157999999836e+03 2.271440399999999954e+03
1.960500000000000043e+01 9.742378559999998799e+00 2.190253912000000128e+03 2.271440399999999954e+03
1.960999999999999943e+01 9.708679439999997385e+00 2.190534737999999834e+03 2.271440399999999954e+03
1.961500000000000199e+01 9.753858479999998110e+00 2.190158245999999963e+03 2.271440399999999954e+03
1.962000000000000099e+01 9.759413279999998636e+00 2.190111955999999736e+03 2.271440399999999954e+03
1.962500000000000000e+01 9.714234239999997911e+00 2.190488448000000062e+03 2.271440399999999954e+03
1.962999999999999901e+01 9.782002799999998999e+00 2.189923710000000028e+03 2.271440399999999954e+03
1.963500000000000156e+01 9.697199519999998074e+00 2.190630403999999999e+03 2.271440399999999954e+03
1.964000000000000057e+01 9.697199519999998074e+00 2.190630403999999999e+03 2.271440399999999954e+03
1.964499999999999957e+01 9.657945599999997910e+00 2.190957519999999931e+03 2.271440399999999954e+03
1.964999999999999858e+01 9.669055199999998962e+00 2.190864939999999933e+03 2.271440399999999954e+03
1.965500000000000114e+01 9.725714159999998998e+00 2.190392781999999897e+03 2.271440399999999954e+03
1.966000000000000014e+01 9.708679439999997385e+00 2.190534737999999834e+03 2.271440399999999954e+03
1.966499999999999915e+01 9.714234239999997911e+00 2.190488448000000062e+03 2.271440399999999954e+03
1.967000000000000171e+01 9.804592319999997585e+00 2.189735463999999865e+03 2.271440399999999954e+03
1.967500000000000071e+01 9.629430959999998763e+00 2.191195142000000033e+03 2.271440399999999954e+03
1.967999999999999972e+01 9.736823759999998273e+00 2.190300201999999899e+03 2.271440399999999954e+03
1.968499999999999872e+01 9.663500399999998436e+00 2.190911230000000160e+03 2.271440399999999954e+03
1.969000000000000128e+01 9.719789039999998437e+00 2.190442157999999836e+03 2.271440399999999954e+03
1.969500000000000028e+01 9.697199519999998074e+00 2.190630403999999999e+03 2.271440399999999954e+03
1.969999999999999929e+01 9.725714159999998998e+00 2.190392781999999897e+03 2.271440399999999954e+03
1.970500000000000185e+01 9.764968079999999162e+00 2.190065665999999965e+03 2.271440399999999954e+03
1.971000000000000085e+01 9.719789039999998437e+00 2.190442157999999836e+03 2.271440399999999954e+03
1.971499999999999986e+01 9.714234239999997911e+00 2.190488448000000062e+03 2.271440399999999954e+03
1.971999999999999886e+01 9.742378559999998799e+00 2.190253912000000128e+03 2.271440399999999954e+03
1.972500000000000142e+01 9.742378559999998799e+00 2.190253912000000128e+03 2.271440399999999954e+03
1.973000000000000043e+01 9.731268959999997747e+00 2.190346492000000126e+03 2.271440399999999954e+03
1.973499999999999943e+01 9.753858479999998110e+00 2.190158245999999963e+03 2.271440399999999954e+03
1.974000000000000199e+01 9.753858479999998110e+00 2.190158245999999963e+03 2.271440399999999954e+03
1.974500000000000099e+01 9.787927919999999560e+00 2.189874334000000090e+03 2.271440399999999954e+03
1.975000000000000000e+01 9.697199519999998074e+00 2.190630403999999999e+03 2.271440399999999954e+03
1.975499999999999901e+01 9.714234239999997911e+00 2.190488448000000062e+03 2.271440399999999954e+03
1.976000000000000156e+01 9.719789039999998437e+00 2.190442157999999836e+03 2.271440399999999954e+03
1.976500000000000057e+01 9.635356079999997547e+00 2.191145766000000094e+03 2.271440399999999954e+03
1.976999999999999957e+01 9.686089919999997022e+00 2.190722983999999997e+03 2.271440399999999954e+03
1.977499999999999858e+01 9.703124639999998635e+00 2.190581028000000060e+03 2.271440399999999954e+03
1.978000000000000114e+01 9.759413279999998636e+00 2.190111955999999736e+03 2.271440399999999954e+03
1.978500000000000014e+01 9.635356079999997547e+00 2.191145766000000094e+03 2.271440399999999954e+03
1.978999999999999915e+01 9.691644719999997548e+00 2.190676693999999770e+03 2.271440399999999954e+03
1.979500000000000171e+01 9.708679439999997385e+00 2.190534737999999834e+03 2.271440399999999954e+03
1.980000000000000071e+01 9.640910879999998073e+00 2.191099475999999868e+03 2.271440399999999954e+03
1.980499999999999972e+01 9.697199519999998074e+00 2.190630403999999999e+03 2.271440399999999954e+03
1.980999999999999872e+01 9.725714159999998998e+00 2.190392781999999897e+03 2.271440399999999954e+03
1.981500000000000128e+01 9.770893199999999723e+00 2.190016290000000026e+03 2.271440399999999954e+03
1.982000000000000028e+01 9.799037519999997059e+00 2.189781754000000092e+03 2.271440399999999954e+03
1.982499999999999929e+01 9.703124639999998635e+00 2.190581028000000060e+03 2.271440399999999954e+03
1.983000000000000185e+01 9.748303679999999360e+00 2.190204536000000189e+03 2.271440399999999954e+03
1.983500000000000085e+01 9.708679439999997385e+00 2.190534737999999834e+03 2.271440399999999954e+03
1.983999999999999986e+01 9.697199519999998074e+00 2.190630403999999999e+03 2.271440399999999954e+03
1.984499999999999886e+01 9.782002799999998999e+00 2.189923710000000028e+03 2.271440399999999954e+03
1.985000000000000142e+01 9.714234239999997911e+00 2.190488448000000062e+03 2.271440399999999954e+03
1.985500000000000043e+01 9.764968079999999162e+00 2.190065665999999965e+03 2.271440399999999954e+03
1.985999999999999943e+01 9.793482720000000086e+00 2.189828043999999863e+03 2.271440399999999954e+03
1.986500000000000199e+01 9.731268959999997747e+00 2.190346492000000126e+03 2.271440399999999954e+03
1.987000000000000099e+01 9.731268959999997747e+00 2.190346492000000126e+03 2.271440399999999954e+03
1.987500000000000000e+01 9.725714159999998998e+00 2.190392781999999897e+03 2.271440399999999954e+03
1.987999999999999901e+01 9.714234239999997911e+00 2.190488448000000062e+03 2.271440399999999954e+03
1.988500000000000156e+01 9.680535119999998273e+00 2.190769273999999768e+03 2.271440399999999954e+03
1.989000000000000057e+01 9.776447999999998473e+00 2.189969999999999800e+03 2.271440399999999954e+03
1.989499999999999957e+01 9.753858479999998110e+00 2.190158245999999963e+03 2.271440399999999954e+03
1.989999999999999858e+01 9.640910879999998073e+00 2.191099475999999868e+03 2.271440399999999954e+03
1.990500000000000114e+01 9.764968079999999162e+00 2.190065665999999965e+03 2.271440399999999954e+03
1.991000000000000014e+01 9.770893199999999723e+00 2.190016290000000026e+03 2.271440399999999954e+03
1.991499999999999915e+01 9.691644719999997548e+00 2.190676693999999770e+03 2.271440399999999954e+03
1.992000000000000171e+01 9.691644719999997548e+00 2.190676693999999770e+03 2.271440399999999954e+03
1.992500000000000071e+01 9.640910879999998073e+00 2.191099475999999868e+03 2.271440399999999954e+03
1.992999999999999972e+01 9.708679439999997385e+00 2.190534737999999834e+03 2.271440399999999954e+03
1.993499999999999872e+01 9.748303679999999360e+00 2.190204536000000189e+03 2.271440399999999954e+03
1.994000000000000128e+01 9.703124639999998635e+00 2.190581028000000060e+03 2.271440399999999954e+03
1.994500000000000028e+01 9.697199519999998074e+00 2.190630403999999999e+03 2.271440399999999954e+03
1.994999999999999929e+01 9.674609999999997711e+00 2.190818650000000162e+03 2.271440399999999954e+03
1.995500000000000185e+01 9.674609999999997711e+00 2.190818650000000162e+03 2.271440399999999954e+03
1.996000000000000085e+01 9.657945599999997910e+00 2.190957519999999931e+03 2.271440399999999954e+03
1.996499999999999986e+01 9.686089919999997022e+00 2.190722983999999997e+03 2.271440399999999954e+03
1.996999999999999886e+01 9.691644719999997548e+00 2.190676693999999770e+03 2.271440399999999954e+03
1.997500000000000142e+01 9.652020479999999125e+00 2.191006895999999870e+03 2.271440399999999954e+03
1.998000000000000043e+01 9.691644719999997548e+00 2.190676693999999770e+03 2.271440399999999954e+03
1.998499999999999943e+01 9.635356079999997547e+00 2.191145766000000094e+03 2.271440399999999954e+03
1.999000000000000199e+01 9.646465679999998599e+00 2.191053186000000096e+03 2.271440399999999954e+03
1.999500000000000099e+01 9.595731839999997348e+00 2.191475968000000194e+03 2.271440399999999954e+03
2.000000000000000000e+01 9.589806719999998563e+00 2.191525344000000132e+03 2.271440399999999954e+03
2.000499999999999901e+01 9.629430959999998763e+00 2.191195142000000033e+03 2.271440399999999954e+03
2.001000000000000156e+01 9.674609999999997711e+00 2.190818650000000162e+03 2.271440399999999954e+03
2.001500000000000057e+01 9.697199519999998074e+00 2.190630403999999999e+03 2.271440399999999954e+03
2.001999999999999957e+01 9.691644719999997548e+00 2.190676693999999770e+03 2.271440399999999954e+03
2.002499999999999858e+01 9.646465679999998599e+00 2.191053186000000096e+03 2.271440399999999954e+03
2.003000000000000114e+01 9.606841439999998400e+00 2.191383388000000195e+03 2.271440399999999954e+03
2.003500000000000014e+01 9.556107599999998925e+00 2.191806169999999838e+03 2.271440399999999954e+03
2.003999999999999915e+01 9.640910879999998073e+00 2.191099475999999868e+03 2.271440399999999954e+03
2.004500000000000171e+01 9.669055199999998962e+00 2.190864939999999933e+03 2.271440399999999954e+03
2.005000000000000071e+01 9.640910879999998073e+00 2.191099475999999868e+03 2.271440399999999954e+03
2.005499999999999972e+01 9.719789039999998437e+00 2.190442157999999836e+03 2.271440399999999954e+03
2.005999999999999872e+01 9.714234239999997911e+00 2.190488448000000062e+03 2.271440399999999954e+03
2.006500000000000128e+01 9.703124639999998635e+00 2.190581028000000060e+03 2.271440399999999954e+03
2.007000000000000028e+01 9.697199519999998074e+00 2.190630403999999999e+03 2.271440399999999954e+03
2.007499999999999929e+01 9.652020479999999125e+00 2.191006895999999870e+03 2.271440399999999954e+03
2.008000000000000185e+01 9.657945599999997910e+00 2.190957519999999931e+03 2.271440399999999954e+03
2.008500000000000085e+01 9.646465679999998599e+00 2.191053186000000096e+03 2.271440399999999954e+03
2.008999999999999986e+01 9.703124639999998635e+00 2.190581028000000060e+03 2.271440399999999954e+03
2.009499999999999886e+01 9.708679439999997385e+00 2.190534737999999834e+03 2.271440399999999954e+03
2.010000000000000142e+01 9.697199519999998074e+00 2.190630403999999999e+03 2.271440399999999954e+03
2.010500000000000043e+01 9.674609999999997711e+00 2.190818650000000162e+03 2.271440399999999954e+03
2.010999999999999943e+01 9.680535119999998273e+00 2.190769273999999768e+03 2.271440399999999954e+03
2.011500000000000199e+01 9.657945599999997910e+00 2.190957519999999931e+03 2.271440399999999954e+03
2.012000000000000099e+01 9.691644719999997548e+00 2.190676693999999770e+03 2.271440399999999954e+03
2.012500000000000000e+01 9.674609999999997711e+00 2.190818650000000162e+03 2.271440399999999954e+03
2.012999999999999901e+01 9.748303679999999360e+00 2.190204536000000189e+03 2.271440399999999954e+03
2.013500000000000156e+01 9.697199519999998074e+00 2.190630403999999999e+03 2.271440399999999954e+03
2.014000000000000057e+01 9.663500399999998436e+00 2.190911230000000160e+03 2.271440399999999954e+03
2.014499999999999957e+01 9.799037519999997059e+00 2.189781754000000092e+03 2.271440399999999954e+03
2.014999999999999858e+01 9.714234239999997911e+00 2.190488448000000062e+03 2.271440399999999954e+03
2.015500000000000114e+01 9.714234239999997911e+00 2.190488448000000062e+03 2.271440399999999954e+03
2.016000000000000014e+01 9.652020479999999125e+00 2.191006895999999870e+03 2.271440399999999954e+03
2.016499999999999915e+01 9.691644719999997548e+00 2.190676693999999770e+03 2.271440399999999954e+03
2.017000000000000171e+01 9.674609999999997711e+00 2.190818650000000162e+03 2.271440399999999954e+03
2.017500000000000071e+01 9.759413279999998636e+00 2.190111955999999736e+03 2.271440399999999954e+03
2.017999999999999972e+01 9.686089919999997022e+00 2.190722983999999997e+03 2.271440399999999954e+03
2.018499999999999872e+01 9.663500399999998436e+00 2.190911230000000160e+03 2.271440399999999954e+03
2.019000000000000128e+01 9.663500399999998436e+00 2.190911230000000160e+03 2.271440399999999954e+03
2.019500000000000028e+01 9.601286639999997874e+00 2.191429677999999967e+03 2.271440399999999954e+03
2.019999999999999929e+01 9.612396239999998926e+00 2.191337097999999969e+03 2.271440399999999954e+03
2.020500000000000185e+01 9.657945599999997910e+00 2.190957519999999931e+03 2.271440399999999954e+03
2.021000000000000085e+01 9.697199519999998074e+00 2.190630403999999999e+03 2.271440399999999954e+03
2.021499999999999986e+01 9.635356079999997547e+00 2.191145766000000094e+03 2.271440399999999954e+03
2.021999999999999886e+01 9.691644719999997548e+00 2.190676693999999770e+03 2.271440399999999954e+03
2.022500000000000142e+01 9.708679439999997385e+00 2.190534737999999834e+03 2.271440399999999954e+03
2.023000000000000043e+01 9.657945599999997910e+00 2.190957519999999931e+03 2.271440399999999954e+03
2.023499999999999943e+01 9.640910879999998073e+00 2.191099475999999868e+03 2.271440399999999954e+03
2.024000000000000199e+01 9.629430959999998763e+00 2.191195142000000033e+03 2.271440399999999954e+03
2.024500000000000099e+01 9.686089919999997022e+00 2.190722983999999997e+03 2.271440399999999954e+03
2.025000000000000000e+01 9.573142319999996985e+00 2.191664213999999902e+03 2.271440399999999954e+03
2.025499999999999901e+01 9.652020479999999125e+00 2.191006895999999870e+03 2.271440399999999954e+03
2.026000000000000156e+01 9.669055199999998962e+00 2.190864939999999933e+03 2.271440399999999954e+03
2.026500000000000057e+01 9.646465679999998599e+00 2.191053186000000096e+03 2.271440399999999954e+03
2.026999999999999957e+01 9.674609999999997711e+00 2.190818650000000162e+03 2.271440399999999954e+03
2.027499999999999858e+01 9.618321359999997711e+00 2.191287722000000031e+03 2.271440399999999954e+03
2.028000000000000114e+01 9.573142319999996985e+00 2.191664213999999902e+03 2.271440399999999954e+03
2.028500000000000014e+01 9.544627679999997838e+00 2.191901836000000003e+03 2.271440399999999954e+03
2.028999999999999915e+01 9.595731839999997348e+00 2.191475968000000194e+03 2.271440399999999954e+03
2.029500000000000171e+01 9.657945599999997910e+00 2.190957519999999931e+03 2.271440399999999954e+03
2.030000000000000071e+01 9.618321359999997711e+00 2.191287722000000031e+03 2.271440399999999954e+03
2.030499999999999972e+01 9.612396239999998926e+00 2.191337097999999969e+03 2.271440399999999954e+03
2.030999999999999872e+01 9.567217199999998201e+00 2.191713589999999840e+03 2.271440399999999954e+03
2.031500000000000128e+01 9.516483359999998726e+00 2.192136371999999938e+03 2.271440399999999954e+03
2.032000000000000028e+01 9.516483359999998726e+00 2.192136371999999938e+03 2.271440399999999954e+03
2.032499999999999929e+01 9.567217199999998201e+00 2.191713589999999840e+03 2.271440399999999954e+03
2.033000000000000185e+01 9.686089919999997022e+00 2.190722983999999997e+03 2.271440399999999954e+03
2.033500000000000085e+01 9.533518079999998562e+00 2.191994416000000001e+03 2.271440399999999954e+03
2.033999999999999986e+01 9.539072879999999088e+00 2.191948125999999775e+03 2.271440399999999954e+03
2.034499999999999886e+01 9.635356079999997547e+00 2.191145766000000094e+03 2.271440399999999954e+03
2.035000000000000142e+01 9.578697119999997511e+00 2.191617924000000130e+03 2.271440399999999954e+03
2.035500000000000043e+01 9.561662399999997675e+00 2.191759880000000067e+03 2.271440399999999954e+03
2.035999999999999943e+01 9.578697119999997511e+00 2.191617924000000130e+03 2.271440399999999954e+03
2.036500000000000199e+01 9.629430959999998763e+00 2.191195142000000033e+03 2.271440399999999954e+03
2.037000000000000099e+01 9.589806719999998563e+00 2.191525344000000132e+03 2.271440399999999954e+03
2.037500000000000000e+01 9.618321359999997711e+00 2.191287722000000031e+03 2.271440399999999954e+03
2.037999999999999901e+01 9.606841439999998400e+00 2.191383388000000195e+03 2.271440399999999954e+03
2.038500000000000156e+01 9.635356079999997547e+00 2.191145766000000094e+03 2.271440399999999954e+03
2.039000000000000057e+01 9.646465679999998599e+00 2.191053186000000096e+03 2.271440399999999954e+03
2.039499999999999957e+01 9.550552799999998399e+00 2.191852460000000065e+03 2.271440399999999954e+03
2.039999999999999858e+01 9.556107599999998925e+00 2.191806169999999838e+03 2.271440399999999954e+03
2.040500000000000114e+01 9.652020479999999125e+00 2.191006895999999870e+03 2.271440399999999954e+03
2.041000000000000014e+01 9.691644719999997548e+00 2.190676693999999770e+03 2.271440399999999954e+03
2.041499999999999915e+01 9.646465679999998599e+00 2.191053186000000096e+03 2.271440399999999954e+03
2.042000000000000171e+01 9.669055199999998962e+00 2.190864939999999933e+03 2.271440399999999954e+03
2.042500000000000071e+01 9.686089919999997022e+00 2.190722983999999997e+03 2.271440399999999954e+03
2.042999999999999972e+01 9.589806719999998563e+00 2.191525344000000132e+03 2.271440399999999954e+03
2.043499999999999872e+01 9.584251919999998037e+00 2.191571633999999904e+03 2.271440399999999954e+03
2.044000000000000128e+01 9.612396239999998926e+00 2.191337097999999969e+03 2.271440399999999954e+03
2.044500000000000028e+01 9.640910879999998073e+00 2.191099475999999868e+03 2.271440399999999954e+03
2.044999999999999929e+01 9.618321359999997711e+00 2.191287722000000031e+03 2.271440399999999954e+03
2.045500000000000185e+01 9.640910879999998073e+00 2.191099475999999868e+03 2.271440399999999954e+03
2.046000000000000085e+01 9.652020479999999125e+00 2.191006895999999870e+03 2.271440399999999954e+03
2.046499999999999986e+01 9.618321359999997711e+00 2.191287722000000031e+03 2.271440399999999954e+03
2.046999999999999886e+01 9.595731839999997348e+00 2.191475968000000194e+03 2.271440399999999954e+03
2.047500000000000142e+01 9.618321359999997711e+00 2.191287722000000031e+03 2.271440399999999954e+03
2.048000000000000043e+01 9.697199519999998074e+00 2.190630403999999999e+03 2.271440399999999954e+03
2.048499999999999943e+01 9.697199519999998074e+00 2.190630403999999999e+03 2.271440399999999954e+03
2.049000000000000199e+01 9.663500399999998436e+00 2.190911230000000160e+03 2.271440399999999954e+03
2.049500000000000099e+01 9.731268959999997747e+00 2.190346492000000126e+03 2.271440399999999954e+03
2.050000000000000000e+01 9.680535119999998273e+00 2.190769273999999768e+03 2.271440399999999954e+03
2.050499999999999901e+01 9.623876159999998237e+00 2.191241431999999804e+03 2.271440399999999954e+03
2.051000000000000156e+01 9.578697119999997511e+00 2.191617924000000130e+03 2.271440399999999954e+03
2.051500000000000057e+01 9.640910879999998073e+00 2.191099475999999868e+03 2.271440399999999954e+03
2.051999999999999957e+01 9.646465679999998599e+00 2.191053186000000096e+03 2.271440399999999954e+03
2.052499999999999858e+01 9.646465679999998599e+00 2.191053186000000096e+03 2.271440399999999954e+03
2.053000000000000114e+01 9.764968079999999162e+00 2.190065665999999965e+03 2.271440399999999954e+03
2.053500000000000014e+01 9.629430959999998763e+00 2.191195142000000033e+03 2.271440399999999954e+03
2.053999999999999915e+01 9.646465679999998599e+00 2.191053186000000096e+03 2.271440399999999954e+03
2.054500000000000171e+01 9.652020479999999125e+00 2.191006895999999870e+03 2.271440399999999954e+03
2.055000000000000071e+01 9.550552799999998399e+00 2.191852460000000065e+03 2.271440399999999954e+03
2.055499999999999972e+01 9.584251919999998037e+00 2.191571633999999904e+03 2.271440399999999954e+03
2.055999999999999872e+01 9.578697119999997511e+00 2.191617924000000130e+03 2.271440399999999954e+03
2.056500000000000128e+01 9.550552799999998399e+00 2.191852460000000065e+03 2.271440399999999954e+03
2.057000000000000028e+01 9.493893839999998363e+00 2.192324618000000100e+03 2.271440399999999954e+03
2.057499999999999929e+01 9.584251919999998037e+00 2.191571633999999904e+03 2.271440399999999954e+03
2.058000000000000185e+01 9.573142319999996985e+00 2.191664213999999902e+03 2.271440399999999954e+03
2.058500000000000085e+01 9.516483359999998726e+00 2.192136371999999938e+03 2.271440399999999954e+03
2.058999999999999986e+01 9.567217199999998201e+00 2.191713589999999840e+03 2.271440399999999954e+03
2.059499999999999886e+01 9.544627679999997838e+00 2.191901836000000003e+03 2.271440399999999954e+03
2.060000000000000142e+01 9.539072879999999088e+00 2.191948125999999775e+03 2.271440399999999954e+03
2.060500000000000043e+01 9.567217199999998201e+00 2.191713589999999840e+03 2.271440399999999954e+03
2.060999999999999943e+01 9.550552799999998399e+00 2.191852460000000065e+03 2.271440399999999954e+03
2.061500000000000199e+01 9.573142319999996985e+00 2.191664213999999902e+03 2.271440399999999954e+03
2.062000000000000099e+01 9.544627679999997838e+00 2.191901836000000003e+03 2.271440399999999954e+03
2.062500000000000000e+01 9.561662399999997675e+00 2.191759880000000067e+03 2.271440399999999954e+03
2.062999999999999901e+01 9.550552799999998399e+00 2.191852460000000065e+03 2.271440399999999954e+03
2.063500000000000156e+01 9.544627679999997838e+00 2.191901836000000003e+03 2.271440399999999954e+03
2.064000000000000057e+01 9.556107599999998925e+00 2.191806169999999838e+03 2.271440399999999954e+03
2.064499999999999957e+01 9.499448639999998889e+00 2.192278327999999874e+03 2.271440399999999954e+03
2.064999999999999858e+01 9.510928559999998200e+00 2.192182662000000164e+03 2.271440399999999954e+03
2.065500000000000114e+01 9.556107599999998925e+00 2.191806169999999838e+03 2.271440399999999954e+03
2.066000000000000014e+01 9.482413919999999052e+00 2.192420283999999810e+03 2.271440399999999954e+03
2.066499999999999915e+01 9.561662399999997675e+00 2.191759880000000067e+03 2.271440399999999954e+03
2.067000000000000171e+01 9.533518079999998562e+00 2.191994416000000001e+03 2.271440399999999954e+03
2.067500000000000071e+01 9.516483359999998726e+00 2.192136371999999938e+03 2.271440399999999954e+03
2.067999999999999972e+01 9.527963279999998036e+00 2.192040705999999773e+03 2.271440399999999954e+03
2.068499999999999872e+01 9.516483359999998726e+00 2.192136371999999938e+03 2.271440399999999954e+03
2.069000000000000128e+01 9.578697119999997511e+00 2.191617924000000130e+03 2.271440399999999954e+03
2.069500000000000028e+01 9.539072879999999088e+00 2.191948125999999775e+03 2.271440399999999954e+03
2.069999999999999929e+01 9.505373759999997674e+00 2.192228951999999936e+03 2.271440399999999954e+03
2.070500000000000185e+01 9.505373759999997674e+00 2.192228951999999936e+03 2.271440399999999954e+03
2.071000000000000085e+01 9.522038159999999252e+00 2.192090082000000166e+03 2.271440399999999954e+03
2.071499999999999986e+01 9.482413919999999052e+00 2.192420283999999810e+03 2.271440399999999954e+03
2.071999999999999886e+01 9.488339039999997837e+00 2.192370907999999872e+03 2.271440399999999954e+03
2.072500000000000142e+01 9.578697119999997511e+00 2.191617924000000130e+03 2.271440399999999954e+03
2.073000000000000043e+01 9.612396239999998926e+00 2.191337097999999969e+03 2.271440399999999954e+03
2.073499999999999943e+01 9.561662399999997675e+00 2.191759880000000067e+03 2.271440399999999954e+03
2.074000000000000199e+01 9.567217199999998201e+00 2.191713589999999840e+03 2.271440399999999954e+03
2.074500000000000099e+01 9.561662399999997675e+00 2.191759880000000067e+03 2.271440399999999954e+03
2.075000000000000000e+01 9.516483359999998726e+00 2.192136371999999938e+03 2.271440399999999954e+03
2.075499999999999901e+01 9.618321359999997711e+00 2.191287722000000031e+03 2.271440399999999954e+03
2.076000000000000156e+01 9.505373759999997674e+00 2.192228951999999936e+03 2.271440399999999954e+03
2.076500000000000057e+01 9.578697119999997511e+00 2.191617924000000130e+03 2.271440399999999954e+03
2.076999999999999957e+01 9.573142319999996985e+00 2.191664213999999902e+03 2.271440399999999954e+03
2.077499999999999858e+01 9.595731839999997348e+00 2.191475968000000194e+03 2.271440399999999954e+03
2.078000000000000114e+01 9.589806719999998563e+00 2.191525344000000132e+03 2.271440399999999954e+03
2.078500000000000014e+01 9.573142319999996985e+00 2.191664213999999902e+03 2.271440399999999954e+03
2.078999999999999915e+01 9.595731839999997348e+00 2.191475968000000194e+03 2.271440399999999954e+03
2.079500000000000171e+01 9.556107599999998925e+00 2.191806169999999838e+03 2.271440399999999954e+03
2.080000000000000071e+01 9.505373759999997674e+00 2.192228951999999936e+03 2.271440399999999954e+03
2.080499999999999972e+01 9.527963279999998036e+00 2.192040705999999773e+03 2.271440399999999954e+03
2.080999999999999872e+01 9.595731839999997348e+00 2.191475968000000194e+03 2.271440399999999954e+03
2.081500000000000128e+01 9.584251919999998037e+00 2.191571633999999904e+03 2.271440399999999954e+03
2.082000000000000028e+01 9.459824399999998690e+00 2.192608529999999973e+03 2.271440399999999954e+03
2.082499999999999929e+01 9.550552799999998399e+00 2.191852460000000065e+03 2.271440399999999954e+03
2.083000000000000185e+01 9.550552799999998399e+00 2.191852460000000065e+03 2.271440399999999954e+03
2.083500000000000085e+01 9.516483359999998726e+00 2.192136371999999938e+03 2.271440399999999954e+03
2.083999999999999986e+01 9.493893839999998363e+00 2.192324618000000100e+03 2.271440399999999954e+03
2.084499999999999886e+01 9.544627679999997838e+00 2.191901836000000003e+03 2.271440399999999954e+03
2.085000000000000142e+01 9.527963279999998036e+00 2.192040705999999773e+03 2.271440399999999954e+03
2.085500000000000043e+01 9.488339039999997837e+00 2.192370907999999872e+03 2.271440399999999954e+03
2.085999999999999943e+01 9.561662399999997675e+00 2.191759880000000067e+03 2.271440399999999954e+03
2.086500000000000199e+01 9.601286639999997874e+00 2.191429677999999967e+03 2.271440399999999954e+03
2.087000000000000099e+01 9.505373759999997674e+00 2.192228951999999936e+03 2.271440399999999954e+03
2.087500000000000000e+01 9.527963279999998036e+00 2.192040705999999773e+03 2.271440399999999954e+03
2.087999999999999901e+01 9.561662399999997675e+00 2.191759880000000067e+03 2.271440399999999954e+03
2.088500000000000156e+01 9.505373759999997674e+00 2.192228951999999936e+03 2.271440399999999954e+03
2.089000000000000057e+01 9.527963279999998036e+00 2.192040705999999773e+03 2.271440399999999954e+03
2.089499999999999957e+01 9.482413919999999052e+00 2.192420283999999810e+03 2.271440399999999954e+03
2.089999999999999858e+01 9.516483359999998726e+00 2.192136371999999938e+03 2.271440399999999954e+03
2.090500000000000114e+01 9.539072879999999088e+00 2.191948125999999775e+03 2.271440399999999954e+03
2.091000000000000014e+01 9.522038159999999252e+00 2.192090082000000166e+03 2.271440399999999954e+03
2.091499999999999915e+01 9.578697119999997511e+00 2.191617924000000130e+03 2.271440399999999954e+03
2.092000000000000171e+01 9.482413919999999052e+00 2.192420283999999810e+03 2.271440399999999954e+03
2.092500000000000071e+01 9.488339039999997837e+00 2.192370907999999872e+03 2.271440399999999954e+03
2.092999999999999972e+01 9.516483359999998726e+00 2.192136371999999938e+03 2.271440399999999954e+03
2.093499999999999872e+01 9.510928559999998200e+00 2.192182662000000164e+03 2.271440399999999954e+03
2.094000000000000128e+01 9.533518079999998562e+00 2.191994416000000001e+03 2.271440399999999954e+03
2.094500000000000028e+01 9.578697119999997511e+00 2.191617924000000130e+03 2.271440399999999954e+03
2.094999999999999929e+01 9.533518079999998562e+00 2.191994416000000001e+03 2.271440399999999954e+03
2.095500000000000185e+01 9.493893839999998363e+00 2.192324618000000100e+03 2.271440399999999954e+03
2.096000000000000085e+01 9.488339039999997837e+00 2.192370907999999872e+03 2.271440399999999954e+03
2.096499999999999986e+01 9.476859119999998526e+00 2.192466574000000037e+03 2.271440399999999954e+03
2.096999999999999886e+01 9.454269599999998164e+00 2.192654819999999745e+03 2.271440399999999954e+03
2.097500000000000142e+01 9.544627679999997838e+00 2.191901836000000003e+03 2.271440399999999954e+03
2.098000000000000043e+01 9.516483359999998726e+00 2.192136371999999938e+03 2.271440399999999954e+03
2.098499999999999943e+01 9.488339039999997837e+00 2.192370907999999872e+03 2.271440399999999954e+03
2.099000000000000199e+01 9.488339039999997837e+00 2.192370907999999872e+03 2.271440399999999954e+03
2.099500000000000099e+01 9.465749519999997474e+00 2.192559154000000035e+03 2.271440399999999954e+03
2.100000000000000000e+01 9.448714799999997638e+00 2.192701109999999971e+03 2.271440399999999954e+03
2.100499999999999901e+01 9.454269599999998164e+00 2.192654819999999745e+03 2.271440399999999954e+03
2.101000000000000156e+01 9.471304319999998000e+00 2.192512863999999809e+03 2.271440399999999954e+03
2.101500000000000057e+01 9.482413919999999052e+00 2.192420283999999810e+03 2.271440399999999954e+03
2.101999999999999957e+01 9.459824399999998690e+00 2.192608529999999973e+03 2.271440399999999954e+03
2.102499999999999858e+01 9.499448639999998889e+00 2.192278327999999874e+03 2.271440399999999954e+03
2.103000000000000114e+01 9.510928559999998200e+00 2.192182662000000164e+03 2.271440399999999954e+03
2.103500000000000014e+01 9.454269599999998164e+00 2.192654819999999745e+03 2.271440399999999954e+03
2.103999999999999915e+01 9.482413919999999052e+00 2.192420283999999810e+03 2.271440399999999954e+03
2.104500000000000171e+01 9.476859119999998526e+00 2.192466574000000037e+03 2.271440399999999954e+03
2.105000000000000071e+01 9.522038159999999252e+00 2.192090082000000166e+03 2.271440399999999954e+03
2.105499999999999972e+01 9.499448639999998889e+00 2.192278327999999874e+03 2.271440399999999954e+03
2.105999999999999872e+01 9.476859119999998526e+00 2.192466574000000037e+03 2.271440399999999954e+03
2.106500000000000128e+01 9.505373759999997674e+00 2.192228951999999936e+03 2.271440399999999954e+03
2.107000000000000028e+01 9.437234879999998327e+00 2.192796776000000136e+03 2.271440399999999954e+03
2.107499999999999929e+01 9.476859119999998526e+00 2.192466574000000037e+03 2.271440399999999954e+03
2.108000000000000185e+01 9.544627679999997838e+00 2.191901836000000003e+03 2.271440399999999954e+03
2.108500000000000085e+01 9.476859119999998526e+00 2.192466574000000037e+03 2.271440399999999954e+03
2.108999999999999986e+01 9.493893839999998363e+00 2.192324618000000100e+03 2.271440399999999954e+03
2.109499999999999886e+01 9.505373759999997674e+00 2.192228951999999936e+03 2.271440399999999954e+03
2.110000000000000142e+01 9.482413919999999052e+00 2.192420283999999810e+03 2.271440399999999954e+03
2.110500000000000043e+01 9.471304319999998000e+00 2.192512863999999809e+03 2.271440399999999954e+03
2.110999999999999943e+01 9.488339039999997837e+00 2.192370907999999872e+03 2.271440399999999954e+03
2.111500000000000199e+01 9.488339039999997837e+00 2.192370907999999872e+03 2.271440399999999954e+03
2.112000000000000099e+01 9.437234879999998327e+00 2.192796776000000136e+03 2.271440399999999954e+03
2.112500000000000000e+01 9.397980959999998163e+00 2.193123892000000069e+03 2.271440399999999954e+03
2.112999999999999901e+01 9.550552799999998399e+00 2.191852460000000065e+03 2.271440399999999954e+03
2.113500000000000156e+01 9.454269599999998164e+00 2.192654819999999745e+03 2.271440399999999954e+03
2.114000000000000057e+01 9.510928559999998200e+00 2.192182662000000164e+03 2.271440399999999954e+03
2.114499999999999957e+01 9.482413919999999052e+00 2.192420283999999810e+03 2.271440399999999954e+03
2.114999999999999858e+01 9.476859119999998526e+00 2.192466574000000037e+03 2.271440399999999954e+03
2.115500000000000114e+01 9.471304319999998000e+00 2.192512863999999809e+03 2.271440399999999954e+03
2.116000000000000014e+01 9.499448639999998889e+00 2.192278327999999874e+03 2.271440399999999954e+03
2.116499999999999915e+01 9.539072879999999088e+00 2.191948125999999775e+03 2.271440399999999954e+03
2.117000000000000171e+01 9.476859119999998526e+00 2.192466574000000037e+03 2.271440399999999954e+03
2.117500000000000071e+01 9.459824399999998690e+00 2.192608529999999973e+03 2.271440399999999954e+03
2.117999999999999972e+01 9.516483359999998726e+00 2.192136371999999938e+03 2.271440399999999954e+03
2.118499999999999872e+01 9.465749519999997474e+00 2.192559154000000035e+03 2.271440399999999954e+03
2.119000000000000128e+01 9.465749519999997474e+00 2.192559154000000035e+03 2.271440399999999954e+03
2.119500000000000028e+01 9.493893839999998363e+00 2.192324618000000100e+03 2.271440399999999954e+03
2.119999999999999929e+01 9.420570479999998525e+00 2.192935645999999906e+03 2.271440399999999954e+03
2.120500000000000185e+01 9.465749519999997474e+00 2.192559154000000035e+03 2.271440399999999954e+03
2.121000000000000085e+01 9.482413919999999052e+00 2.192420283999999810e+03 2.271440399999999954e+03
2.121499999999999986e+01 9.522038159999999252e+00 2.192090082000000166e+03 2.271440399999999954e+03
2.121999999999999886e+01 9.488339039999997837e+00 2.192370907999999872e+03 2.271440399999999954e+03
2.122500000000000142e+01 9.493893839999998363e+00 2.192324618000000100e+03 2.271440399999999954e+03
2.123000000000000043e+01 9.584251919999998037e+00 2.191571633999999904e+03 2.271440399999999954e+03
2.123499999999999943e+01 9.426125279999999051e+00 2.192889356000000134e+03 2.271440399999999954e+03
2.124000000000000199e+01 9.493893839999998363e+00 2.192324618000000100e+03 2.271440399999999954e+03
2.124500000000000099e+01 9.539072879999999088e+00 2.191948125999999775e+03 2.271440399999999954e+03
2.125000000000000000e+01 9.510928559999998200e+00 2.192182662000000164e+03 2.271440399999999954e+03
2.125499999999999901e+01 9.476859119999998526e+00 2.192466574000000037e+03 2.271440399999999954e+03
2.126000000000000156e+01 9.443159999999998888e+00 2.192747399999999743e+03 2.271440399999999954e+03
2.126500000000000057e+01 9.505373759999997674e+00 2.192228951999999936e+03 2.271440399999999954e+03
2.126999999999999957e+01 9.482413919999999052e+00 2.192420283999999810e+03 2.271440399999999954e+03
2.127499999999999858e+01 9.471304319999998000e+00 2.192512863999999809e+03 2.271440399999999954e+03
2.128000000000000114e+01 9.527963279999998036e+00 2.192040705999999773e+03 2.271440399999999954e+03
2.128500000000000014e+01 9.459824399999998690e+00 2.192608529999999973e+03 2.271440399999999954e+03
2.128999999999999915e+01 9.499448639999998889e+00 2.192278327999999874e+03 2.271440399999999954e+03
2.129500000000000171e+01 9.606841439999998400e+00 2.191383388000000195e+03 2.271440399999999954e+03
2.130000000000000071e+01 9.476859119999998526e+00 2.192466574000000037e+03 2.271440399999999954e+03
2.130499999999999972e+01 9.454269599999998164e+00 2.192654819999999745e+03 2.271440399999999954e+03
2.130999999999999872e+01 9.426125279999999051e+00 2.192889356000000134e+03 2.271440399999999954e+03
2.131500000000000128e+01 9.510928559999998200e+00 2.192182662000000164e+03 2.271440399999999954e+03
2.132000000000000028e+01 9.550552799999998399e+00 2.191852460000000065e+03 2.271440399999999954e+03
2.132499999999999929e+01 9.533518079999998562e+00 2.191994416000000001e+03 2.271440399999999954e+03
2.133000000000000185e+01 9.539072879999999088e+00 2.191948125999999775e+03 2.271440399999999954e+03
2.133500000000000085e+01 9.431680079999997801e+00 2.192843065999999908e+03 2.271440399999999954e+03
2.133999999999999986e+01 9.510928559999998200e+00 2.192182662000000164e+03 2.271440399999999954e+03
2.134499999999999886e+01 9.476859119999998526e+00 2.192466574000000037e+03 2.271440399999999954e+03
2.135000000000000142e+01 9.443159999999998888e+00 2.192747399999999743e+03 2.271440399999999954e+03
2.135500000000000043e+01 9.443159999999998888e+00 2.192747399999999743e+03 2.271440399999999954e+03
2.135999999999999943e+01 9.459824399999998690e+00 2.192608529999999973e+03 2.271440399999999954e+03
2.136500000000000199e+01 9.505373759999997674e+00 2.192228951999999936e+03 2.271440399999999954e+03
2.137000000000000099e+01 9.539072879999999088e+00 2.191948125999999775e+03 2.271440399999999954e+03
2.137500000000000000e+01 9.482413919999999052e+00 2.192420283999999810e+03 2.271440399999999954e+03
2.137999999999999901e+01 9.493893839999998363e+00 2.192324618000000100e+03 2.271440399999999954e+03
2.138500000000000156e+01 9.476859119999998526e+00 2.192466574000000037e+03 2.271440399999999954e+03
2.139000000000000057e+01 9.476859119999998526e+00 2.192466574000000037e+03 2.271440399999999954e+03
2.139499999999999957e+01 9.544627679999997838e+00 2.191901836000000003e+03 2.271440399999999954e+03
2.139999999999999858e+01 9.522038159999999252e+00 2.192090082000000166e+03 2.271440399999999954e+03
2.140500000000000114e+01 9.476859119999998526e+00 2.192466574000000037e+03 2.271440399999999954e+03
2.141000000000000014e+01 9.454269599999998164e+00 2.192654819999999745e+03 2.271440399999999954e+03
2.141499999999999915e+01 9.505373759999997674e+00 2.192228951999999936e+03 2.271440399999999954e+03
2.142000000000000171e+01 9.465749519999997474e+00 2.192559154000000035e+03 2.271440399999999954e+03
2.142500000000000071e+01 9.459824399999998690e+00 2.192608529999999973e+03 2.271440399999999954e+03
2.142999999999999972e+01 9.510928559999998200e+00 2.192182662000000164e+03 2.271440399999999954e+03
2.143499999999999872e+01 9.476859119999998526e+00 2.192466574000000037e+03 2.271440399999999954e+03
2.144000000000000128e+01 9.476859119999998526e+00 2.192466574000000037e+03 2.271440399999999954e+03
2.144500000000000028e+01 9.539072879999999088e+00 2.191948125999999775e+03 2.271440399999999954e+03
2.144999999999999929e+01 9.476859119999998526e+00 2.192466574000000037e+03 2.271440399999999954e+03
2.145500000000000185e+01 9.539072879999999088e+00 2.191948125999999775e+03 2.271440399999999954e+03
2.146000000000000085e+01 9.522038159999999252e+00 2.192090082000000166e+03 2.271440399999999954e+03
2.146499999999999986e+01 9.550552799999998399e+00 2.191852460000000065e+03 2.271440399999999954e+03
2.146999999999999886e+01 9.550552799999998399e+00 2.191852460000000065e+03 2.271440399999999954e+03
2.147500000000000142e+01 9.533518079999998562e+00 2.191994416000000001e+03 2.271440399999999954e+03
2.148000000000000043e+01 9.493893839999998363e+00 2.192324618000000100e+03 2.271440399999999954e+03
2.148499999999999943e+01 9.612396239999998926e+00 2.191337097999999969e+03 2.271440399999999954e+03
2.149000000000000199e+01 9.601286639999997874e+00 2.191429677999999967e+03 2.271440399999999954e+03
2.149500000000000099e+01 9.573142319999996985e+00 2.191664213999999902e+03 2.271440399999999954e+03
2.150000000000000000e+01 9.527963279999998036e+00 2.192040705999999773e+03 2.271440399999999954e+03
2.150499999999999901e+01 9.595731839999997348e+00 2.191475968000000194e+03 2.271440399999999954e+03
2.151000000000000156e+01 9.493893839999998363e+00 2.192324618000000100e+03 2.271440399999999954e+03
2.151500000000000057e+01 9.516483359999998726e+00 2.192136371999999938e+03 2.271440399999999954e+03
2.151999999999999957e+01 9.448714799999997638e+00 2.192701109999999971e+03 2.271440399999999954e+03
2.152499999999999858e+01 9.527963279999998036e+00 2.192040705999999773e+03 2.271440399999999954e+03
2.153000000000000114e+01 9.527963279999998036e+00 2.192040705999999773e+03 2.271440399999999954e+03
2.153500000000000014e+01 9.510928559999998200e+00 2.192182662000000164e+03 2.271440399999999954e+03
2.153999999999999915e+01 9.510928559999998200e+00 2.192182662000000164e+03 2.271440399999999954e+03
2.154500000000000171e+01 9.510928559999998200e+00 2.192182662000000164e+03 2.271440399999999954e+03
2.155000000000000071e+01 9.561662399999997675e+00 2.191759880000000067e+03 2.271440399999999954e+03
2.155499999999999972e+01 9.510928559999998200e+00 2.192182662000000164e+03 2.271440399999999954e+03
2.155999999999999872e+01 9.476859119999998526e+00 2.192466574000000037e+03 2.271440399999999954e+03
2.156500000000000128e+01 9.510928559999998200e+00 2.192182662000000164e+03 2.271440399999999954e+03
2.157000000000000028e+01 9.437234879999998327e+00 2.192796776000000136e+03 2.271440399999999954e+03
2.157499999999999929e+01 9.516483359999998726e+00 2.192136371999999938e+03 2.271440399999999954e+03
2.158000000000000185e+01 9.493893839999998363e+00 2.192324618000000100e+03 2.271440399999999954e+03
2.158500000000000085e+01 9.431680079999997801e+00 2.192843065999999908e+03 2.271440399999999954e+03
2.158999999999999986e+01 9.544627679999997838e+00 2.191901836000000003e+03 2.271440399999999954e+03
2.159499999999999886e+01 9.488339039999997837e+00 2.192370907999999872e+03 2.271440399999999954e+03
2.160000000000000142e+01 9.499448639999998889e+00 2.192278327999999874e+03 2.271440399999999954e+03
2.160500000000000043e+01 9.516483359999998726e+00 2.192136371999999938e+03 2.271440399999999954e+03
2.160999999999999943e+01 9.499448639999998889e+00 2.192278327999999874e+03 2.271440399999999954e+03
2.161500000000000199e+01 9.493893839999998363e+00 2.192324618000000100e+03 2.271440399999999954e+03
2.162000000000000099e+01 9.505373759999997674e+00 2.192228951999999936e+03 2.271440399999999954e+03
2.162500000000000000e+01 9.510928559999998200e+00 2.192182662000000164e+03 2.271440399999999954e+03
2.162999999999999901e+01 9.567217199999998201e+00 2.191713589999999840e+03 2.271440399999999954e+03
2.163500000000000156e+01 9.516483359999998726e+00 2.192136371999999938e+03 2.271440399999999954e+03
2.164000000000000057e+01 9.510928559999998200e+00 2.192182662000000164e+03 2.271440399999999954e+03
2.164499999999999957e+01 9.488339039999997837e+00 2.192370907999999872e+03 2.271440399999999954e+03
2.164999999999999858e+01 9.567217199999998201e+00 2.191713589999999840e+03 2.271440399999999954e+03
2.165500000000000114e+01 9.544627679999997838e+00 2.191901836000000003e+03 2.271440399999999954e+03
2.166000000000000014e+01 9.522038159999999252e+00 2.192090082000000166e+03 2.271440399999999954e+03
2.166499999999999915e+01 9.544627679999997838e+00 2.191901836000000003e+03 2.271440399999999954e+03
2.167000000000000171e+01 9.522038159999999252e+00 2.192090082000000166e+03 2.271440399999999954e+03
2.167500000000000071e+01 9.544627679999997838e+00 2.191901836000000003e+03 2.271440399999999954e+03
2.167999999999999972e+01 9.556107599999998925e+00 2.191806169999999838e+03 2.271440399999999954e+03
2.168499999999999872e+01 9.510928559999998200e+00 2.192182662000000164e+03 2.271440399999999954e+03
2.169000000000000128e+01 9.522038159999999252e+00 2.192090082000000166e+03 2.271440399999999954e+03
2.169500000000000028e+01 9.499448639999998889e+00 2.192278327999999874e+03 2.271440399999999954e+03
2.169999999999999929e+01 9.544627679999997838e+00 2.191901836000000003e+03 2.271440399999999954e+03
2.170500000000000185e+01 9.561662399999997675e+00 2.191759880000000067e+03 2.271440399999999954e+03
2.171000000000000085e+01 9.527963279999998036e+00 2.192040705999999773e+03 2.271440399999999954e+03
2.171499999999999986e+01 9.448714799999997638e+00 2.192701109999999971e+03 2.271440399999999954e+03
2.171999999999999886e+01 9.482413919999999052e+00 2.192420283999999810e+03 2.271440399999999954e+03
2.172500000000000142e+01 9.516483359999998726e+00 2.192136371999999938e+03 2.271440399999999954e+03
2.173000000000000043e+01 9.578697119999997511e+00 2.191617924000000130e+03 2.271440399999999954e+03
2.173499999999999943e+01 9.505373759999997674e+00 2.192228951999999936e+03 2.271440399999999954e+03
2.174000000000000199e+01 9.482413919999999052e+00 2.192420283999999810e+03 2.271440399999999954e+03
2.174500000000000099e+01 9.488339039999997837e+00 2.192370907999999872e+03 2.271440399999999954e+03
2.175000000000000000e+01 9.505373759999997674e+00 2.192228951999999936e+03 2.271440399999999954e+03
2.175499999999999901e+01 9.510928559999998200e+00 2.192182662000000164e+03 2.271440399999999954e+03
2.176000000000000156e+01 9.471304319999998000e+00 2.192512863999999809e+03 2.271440399999999954e+03
2.176500000000000057e+01 9.482413919999999052e+00 2.192420283999999810e+03 2.271440399999999954e+03
2.176999999999999957e+01 9.527963279999998036e+00 2.192040705999999773e+03 2.271440399999999954e+03
2.177499999999999858e+01 9.499448639999998889e+00 2.192278327999999874e+03 2.271440399999999954e+03
2.178000000000000114e+01 9.578697119999997511e+00 2.191617924000000130e+03 2.271440399999999954e+03
2.178500000000000014e+01 9.510928559999998200e+00 2.192182662000000164e+03 2.271440399999999954e+03
2.178999999999999915e+01 9.567217199999998201e+00 2.191713589999999840e+03 2.271440399999999954e+03
2.179500000000000171e+01 9.550552799999998399e+00 2.191852460000000065e+03 2.271440399999999954e+03
2.180000000000000071e+01 9.595731839999997348e+00 2.191475968000000194e+03 2.271440399999999954e+03
2.180499999999999972e+01 9.550552799999998399e+00 2.191852460000000065e+03 2.271440399999999954e+03
2.180999999999999872e+01 9.567217199999998201e+00 2.191713589999999840e+03 2.271440399999999954e+03
2.181500000000000128e+01 9.522038159999999252e+00 2.192090082000000166e+03 2.271440399999999954e+03
2.182000000000000028e+01 9.516483359999998726e+00 2.192136371999999938e+03 2.271440399999999954e+03
2.182499999999999929e+01 9.539072879999999088e+00 2.191948125999999775e+03 2.271440399999999954e+03
2.183000000000000185e+01 9.556107599999998925e+00 2.191806169999999838e+03 2.271440399999999954e+03
2.183500000000000085e+01 9.544627679999997838e+00 2.191901836000000003e+03 2.271440399999999954e+03
2.183999999999999986e+01 9.606841439999998400e+00 2.191383388000000195e+03 2.271440399999999954e+03
2.184499999999999886e+01 9.510928559999998200e+00 2.192182662000000164e+03 2.271440399999999954e+03
2.185000000000000142e+01 9.505373759999997674e+00 2.192228951999999936e+03 2.271440399999999954e+03
2.185500000000000043e+01 9.556107599999998925e+00 2.191806169999999838e+03 2.271440399999999954e+03
2.185999999999999943e+01 9.465749519999997474e+00 2.192559154000000035e+03 2.271440399999999954e+03
2.186500000000000199e+01 9.510928559999998200e+00 2.192182662000000164e+03 2.271440399999999954e+03
2.187000000000000099e+01 9.556107599999998925e+00 2.191806169999999838e+03 2.271440399999999954e+03
2.187500000000000000e+01 9.459824399999998690e+00 2.192608529999999973e+03 2.271440399999999954e+03
2.187999999999999901e+01 9.488339039999997837e+00 2.192370907999999872e+03 2.271440399999999954e+03
2.188500000000000156e+01 9.471304319999998000e+00 2.192512863999999809e+03 2.271440399999999954e+03
2.189000000000000057e+01 9.471304319999998000e+00 2.192512863999999809e+03 2.271440399999999954e+03
2.189499999999999957e+01 9.550552799999998399e+00 2.191852460000000065e+03 2.271440399999999954e+03
2.189999999999999858e+01 9.567217199999998201e+00 2.191713589999999840e+03 2.271440399999999954e+03
2.190500000000000114e+01 9.510928559999998200e+00 2.192182662000000164e+03 2.271440399999999954e+03
2.191000000000000014e+01 9.499448639999998889e+00 2.192278327999999874e+03 2.271440399999999954e+03
2.191499999999999915e+01 9.550552799999998399e+00 2.191852460000000065e+03 2.271440399999999954e+03
2.192000000000000171e+01 9.539072879999999088e+00 2.191948125999999775e+03 2.271440399999999954e+03
2.192500000000000071e+01 9.533518079999998562e+00 2.191994416000000001e+03 2.271440399999999954e+03
2.192999999999999972e+01 9.522038159999999252e+00 2.192090082000000166e+03 2.271440399999999954e+03
2.193499999999999872e+01 9.522038159999999252e+00 2.192090082000000166e+03 2.271440399999999954e+03
2.194000000000000128e+01 9.499448639999998889e+00 2.192278327999999874e+03 2.271440399999999954e+03
2.194500000000000028e+01 9.482413919999999052e+00 2.192420283999999810e+03 2.271440399999999954e+03
2.194999999999999929e+01 9.510928559999998200e+00 2.192182662000000164e+03 2.271440399999999954e+03
2.195500000000000185e+01 9.584251919999998037e+00 2.191571633999999904e+03 2.271440399999999954e+03
2.196000000000000085e+01 9.556107599999998925e+00 2.191806169999999838e+03 2.271440399999999954e+03
2.196499999999999986e+01 9.578697119999997511e+00 2.191617924000000130e+03 2.271440399999999954e+03
2.196999999999999886e+01 9.533518079999998562e+00 2.191994416000000001e+03 2.271440399999999954e+03
2.197500000000000142e+01 9.556107599999998925e+00 2.191806169999999838e+03 2.271440399999999954e+03
2.198000000000000043e+01 9.527963279999998036e+00 2.192040705999999773e+03 2.271440399999999954e+03
2.198499999999999943e+01 9.516483359999998726e+00 2.192136371999999938e+03 2.271440399999999954e+03
2.199000000000000199e+01 9.550552799999998399e+00 2.191852460000000065e+03 2.271440399999999954e+03
2.199500000000000099e+01 9.567217199999998201e+00 2.191713589999999840e+03 2.271440399999999954e+03
2.200000000000000000e+01 9.459824399999998690e+00 2.192608529999999973e+03 2.271440399999999954e+03
2.200499999999999901e+01 9.482413919999999052e+00 2.192420283999999810e+03 2.271440399999999954e+03
2.201000000000000156e+01 9.567217199999998201e+00 2.191713589999999840e+03 2.271440399999999954e+03
2.201500000000000057e+01 9.550552799999998399e+00 2.191852460000000065e+03 2.271440399999999954e+03
2.201999999999999957e+01 9.527963279999998036e+00 2.192040705999999773e+03 2.271440399999999954e+03
2.202499999999999858e+01 9.533518079999998562e+00 2.191994416000000001e+03 2.271440399999999954e+03
2.203000000000000114e+01 9.550552799999998399e+00 2.191852460000000065e+03 2.271440399999999954e+03
2.203500000000000014e+01 9.505373759999997674e+00 2.192228951999999936e+03 2.271440399999999954e+03
2.203999999999999915e+01 9.561662399999997675e+00 2.191759880000000067e+03 2.271440399999999954e+03
2.204500000000000171e+01 9.533518079999998562e+00 2.191994416000000001e+03 2.271440399999999954e+03
2.205000000000000071e+01 9.556107599999998925e+00 2.191806169999999838e+03 2.271440399999999954e+03
2.205499999999999972e+01 9.516483359999998726e+00 2.192136371999999938e+03 2.271440399999999954e+03
2.205999999999999872e+01 9.539072879999999088e+00 2.191948125999999775e+03 2.271440399999999954e+03
2.206500000000000128e+01 9.556107599999998925e+00 2.191806169999999838e+03 2.271440399999999954e+03
2.207000000000000028e+01 9.482413919999999052e+00 2.192420283999999810e+03 2.271440399999999954e+03
2.207499999999999929e+01 9.476859119999998526e+00 2.192466574000000037e+03 2.271440399999999954e+03
2.208000000000000185e+01 9.516483359999998726e+00 2.192136371999999938e+03 2.271440399999999954e+03
2.208500000000000085e+01 9.556107599999998925e+00 2.191806169999999838e+03 2.271440399999999954e+03
2.208999999999999986e+01 9.550552799999998399e+00 2.191852460000000065e+03 2.271440399999999954e+03
2.209499999999999886e+01 9.573142319999996985e+00 2.191664213999999902e+03 2.271440399999999954e+03
2.210000000000000142e+01 9.550552799999998399e+00 2.191852460000000065e+03 2.271440399999999954e+03
2.210500000000000043e+01 9.527963279999998036e+00 2.192040705999999773e+03 2.271440399999999954e+03
2.210999999999999943e+01 9.567217199999998201e+00 2.191713589999999840e+03 2.271440399999999954e+03
2.211500000000000199e+01 9.640910879999998073e+00 2.191099475999999868e+03 2.271440399999999954e+03
2.212000000000000099e+01 9.539072879999999088e+00 2.191948125999999775e+03 2.271440399999999954e+03
2.212500000000000000e+01 9.584251919999998037e+00 2.191571633999999904e+03 2.271440399999999954e+03
2.212999999999999901e+01 9.595731839999997348e+00 2.191475968000000194e+03 2.271440399999999954e+03
2.213500000000000156e+01 9.522038159999999252e+00 2.192090082000000166e+03 2.271440399999999954e+03
2.214000000000000057e+01 9.522038159999999252e+00 2.192090082000000166e+03 2.271440399999999954e+03
2.214499999999999957e+01 9.533518079999998562e+00 2.191994416000000001e+03 2.271440399999999954e+03
2.214999999999999858e+01 9.510928559999998200e+00 2.192182662000000164e+03 2.271440399999999954e+03
2.215500000000000114e+01 9.516483359999998726e+00 2.192136371999999938e+03 2.271440399999999954e+03
2.216000000000000014e+01 9.550552799999998399e+00 2.191852460000000065e+03 2.271440399999999954e+03
2.216499999999999915e+01 9.539072879999999088e+00 2.191948125999999775e+03 2.271440399999999954e+03
2.217000000000000171e+01 9.505373759999997674e+00 2.192228951999999936e+03 2.271440399999999954e+03
2.217500000000000071e+01 9.522038159999999252e+00 2.192090082000000166e+03 2.271440399999999954e+03
2.217999999999999972e+01 9.561662399999997675e+00 2.191759880000000067e+03 2.271440399999999954e+03
2.218499999999999872e+01 9.561662399999997675e+00 2.191759880000000067e+03 2.271440399999999954e+03
2.219000000000000128e+01 9.544627679999997838e+00 2.191901836000000003e+03 2.271440399999999954e+03
2.219500000000000028e+01 9.544627679999997838e+00 2.191901836000000003e+03 2.271440399999999954e+03
2.219999999999999929e+01 9.539072879999999088e+00 2.191948125999999775e+03 2.271440399999999954e+03
2.220500000000000185e+01 9.505373759999997674e+00 2.192228951999999936e+03 2.271440399999999954e+03
2.221000000000000085e+01 9.527963279999998036e+00 2.192040705999999773e+03 2.271440399999999954e+03
2.221499999999999986e+01 9.527963279999998036e+00 2.192040705999999773e+03 2.271440399999999954e+03
2.221999999999999886e+01 9.522038159999999252e+00 2.192090082000000166e+03 2.271440399999999954e+03
2.222500000000000142e+01 9.533518079999998562e+00 2.191994416000000001e+03 2.271440399999999954e+03
2.223000000000000043e+01 9.561662399999997675e+00 2.191759880000000067e+03 2.271440399999999954e+03
2.223499999999999943e+01 9.471304319999998000e+00 2.192512863999999809e+03 2.271440399999999954e+03
2.224000000000000199e+01 9.573142319999996985e+00 2.191664213999999902e+03 2.271440399999999954e+03
2.224500000000000099e+01 9.533518079999998562e+00 2.191994416000000001e+03 2.271440399999999954e+03
2.225000000000000000e+01 9.522038159999999252e+00 2.192090082000000166e+03 2.271440399999999954e+03
2.225499999999999901e+01 9.544627679999997838e+00 2.191901836000000003e+03 2.271440399999999954e+03
2.226000000000000156e+01 9.431680079999997801e+00 2.192843065999999908e+03 2.271440399999999954e+03
2.226500000000000057e+01 9.505373759999997674e+00 2.192228951999999936e+03 2.271440399999999954e+03
2.226999999999999957e+01 9.476859119999998526e+00 2.192466574000000037e+03 2.271440399999999954e+03
2.227499999999999858e+01 9.482413919999999052e+00 2.192420283999999810e+03 2.271440399999999954e+03
2.228000000000000114e+01 9.459824399999998690e+00 2.192608529999999973e+03 2.271440399999999954e+03
2.228500000000000014e+01 9.482413919999999052e+00 2.192420283999999810e+03 2.271440399999999954e+03
2.228999999999999915e+01 9.522038159999999252e+00 2.192090082000000166e+03 2.271440399999999954e+03
2.229500000000000171e+01 9.533518079999998562e+00 2.191994416000000001e+03 2.271440399999999954e+03
2.230000000000000071e+01 9.539072879999999088e+00 2.191948125999999775e+03 2.271440399999999954e+03
2.230499999999999972e+01 9.488339039999997837e+00 2.192370907999999872e+03 2.271440399999999954e+03
2.230999999999999872e+01 9.510928559999998200e+00 2.192182662000000164e+03 2.271440399999999954e+03
2.231500000000000128e+01 9.561662399999997675e+00 2.191759880000000067e+03 2.271440399999999954e+03
2.232000000000000028e+01 9.550552799999998399e+00 2.191852460000000065e+03 2.271440399999999954e+03
2.232499999999999929e+01 9.465749519999997474e+00 2.192559154000000035e+03 2.271440399999999954e+03
2.233000000000000185e+01 9.567217199999998201e+00 2.191713589999999840e+03 2.271440399999999954e+03
2.233500000000000085e+01 9.522038159999999252e+00 2.192090082000000166e+03 2.271440399999999954e+03
2.233999999999999986e+01 9.505373759999997674e+00 2.192228951999999936e+03 2.271440399999999954e+03
2.234499999999999886e+01 9.550552799999998399e+00 2.191852460000000065e+03 2.271440399999999954e+03
2.235000000000000142e+01 9.493893839999998363e+00 2.192324618000000100e+03 2.271440399999999954e+03
2.235500000000000043e+01 9.471304319999998000e+00 2.192512863999999809e+03 2.271440399999999954e+03
2.235999999999999943e+01 9.584251919999998037e+00 2.191571633999999904e+03 2.271440399999999954e+03
2.236500000000000199e+01 9.573142319999996985e+00 2.191664213999999902e+03 2.271440399999999954e+03
2.237000000000000099e+01 9.544627679999997838e+00 2.191901836000000003e+03 2.271440399999999954e+03
2.237500000000000000e+01 9.499448639999998889e+00 2.192278327999999874e+03 2.271440399999999954e+03
2.237999999999999901e+01 9.448714799999997638e+00 2.192701109999999971e+03 2.271440399999999954e+03
2.238500000000000156e+01 9.454269599999998164e+00 2.192654819999999745e+03 2.271440399999999954e+03
2.239000000000000057e+01 9.522038159999999252e+00 2.192090082000000166e+03 2.271440399999999954e+03
2.239499999999999957e+01 9.505373759999997674e+00 2.192228951999999936e+03 2.271440399999999954e+03
2.239999999999999858e+01 9.426125279999999051e+00 2.192889356000000134e+03 2.271440399999999954e+03
2.240500000000000114e+01 9.567217199999998201e+00 2.191713589999999840e+03 2.271440399999999954e+03
2.241000000000000014e+01 9.510928559999998200e+00 2.192182662000000164e+03 2.271440399999999954e+03
2.241499999999999915e+01 9.573142319999996985e+00 2.191664213999999902e+03 2.271440399999999954e+03
2.242000000000000171e+01 9.516483359999998726e+00 2.192136371999999938e+03 2.271440399999999954e+03
2.242500000000000071e+01 9.522038159999999252e+00 2.192090082000000166e+03 2.271440399999999954e+03
2.242999999999999972e+01 9.533518079999998562e+00 2.191994416000000001e+03 2.271440399999999954e+03
2.243499999999999872e+01 9.544627679999997838e+00 2.191901836000000003e+03 2.271440399999999954e+03
2.244000000000000128e+01 9.544627679999997838e+00 2.191901836000000003e+03 2.271440399999999954e+03
2.244500000000000028e+01 9.510928559999998200e+00 2.192182662000000164e+03 2.271440399999999954e+03
2.244999999999999929e+01 9.578697119999997511e+00 2.191617924000000130e+03 2.271440399999999954e+03
2.245500000000000185e+01 9.539072879999999088e+00 2.191948125999999775e+03 2.271440399999999954e+03
2.246000000000000085e+01 9.465749519999997474e+00 2.192559154000000035e+03 2.271440399999999954e+03
2.246499999999999986e+01 9.482413919999999052e+00 2.192420283999999810e+03 2.271440399999999954e+03
2.246999999999999886e+01 9.471304319999998000e+00 2.192512863999999809e+03 2.271440399999999954e+03
2.247500000000000142e+01 9.544627679999997838e+00 2.191901836000000003e+03 2.271440399999999954e+03
2.248000000000000043e+01 9.493893839999998363e+00 2.192324618000000100e+03 2.271440399999999954e+03
2.248499999999999943e+01 9.533518079999998562e+00 2.191994416000000001e+03 2.271440399999999954e+03
2.249000000000000199e+01 9.527963279999998036e+00 2.192040705999999773e+03 2.271440399999999954e+03
2.249500000000000099e+01 9.488339039999997837e+00 2.192370907999999872e+03 2.271440399999999954e+03
2.250000000000000000e+01 9.522038159999999252e+00 2.192090082000000166e+03 2.271440399999999954e+03
2.250499999999999901e+01 9.392055839999999378e+00 2.193173268000000007e+03 2.271440399999999954e+03
2.251000000000000156e+01 9.459824399999998690e+00 2.192608529999999973e+03 2.271440399999999954e+03
2.251500000000000057e+01 9.527963279999998036e+00 2.192040705999999773e+03 2.271440399999999954e+03
2.251999999999999957e+01 9.476859119999998526e+00 2.192466574000000037e+03 2.271440399999999954e+03
2.252499999999999858e+01 9.539072879999999088e+00 2.191948125999999775e+03 2.271440399999999954e+03
2.253000000000000114e+01 9.505373759999997674e+00 2.192228951999999936e+03 2.271440399999999954e+03
2.253500000000000014e+01 9.488339039999997837e+00 2.192370907999999872e+03 2.271440399999999954e+03
2.253999999999999915e+01 9.482413919999999052e+00 2.192420283999999810e+03 2.271440399999999954e+03
2.254500000000000171e+01 9.510928559999998200e+00 2.192182662000000164e+03 2.271440399999999954e+03
2.255000000000000071e+01 9.448714799999997638e+00 2.192701109999999971e+03 2.271440399999999954e+03
2.255499999999999972e+01 9.471304319999998000e+00 2.192512863999999809e+03 2.271440399999999954e+03
2.255999999999999872e+01 9.493893839999998363e+00 2.192324618000000100e+03 2.271440399999999954e+03
2.256500000000000128e+01 9.550552799999998399e+00 2.191852460000000065e+03 2.271440399999999954e+03
2.257000000000000028e+01 9.499448639999998889e+00 2.192278327999999874e+03 2.271440399999999954e+03
2.257499999999999929e+01 9.578697119999997511e+00 2.191617924000000130e+03 2.271440399999999954e+03
2.258000000000000185e+01 9.539072879999999088e+00 2.191948125999999775e+03 2.271440399999999954e+03
2.258500000000000085e+01 9.471304319999998000e+00 2.192512863999999809e+03 2.271440399999999954e+03
2.258999999999999986e+01 9.516483359999998726e+00 2.192136371999999938e+03 2.271440399999999954e+03
2.259499999999999886e+01 9.488339039999997837e+00 2.192370907999999872e+03 2.271440399999999954e+03
2.260000000000000142e+01 9.510928559999998200e+00 2.192182662000000164e+03 2.271440399999999954e+03
2.260500000000000043e+01 9.482413919999999052e+00 2.192420283999999810e+03 2.271440399999999954e+03
2.260999999999999943e+01 9.550552799999998399e+00 2.191852460000000065e+03 2.271440399999999954e+03
2.261500000000000199e+01 9.606841439999998400e+00 2.191383388000000195e+03 2.271440399999999954e+03
2.262000000000000099e+01 9.505373759999997674e+00 2.192228951999999936e+03 2.271440399999999954e+03
2.262500000000000000e+01 9.595731839999997348e+00 2.191475968000000194e+03 2.271440399999999954e+03
2.262999999999999901e+01 9.550552799999998399e+00 2.191852460000000065e+03 2.271440399999999954e+03
2.263500000000000156e+01 9.437234879999998327e+00 2.192796776000000136e+03 2.271440399999999954e+03
2.264000000000000057e+01 9.544627679999997838e+00 2.191901836000000003e+03 2.271440399999999954e+03
2.264499999999999957e+01 9.522038159999999252e+00 2.192090082000000166e+03 2.271440399999999954e+03
2.264999999999999858e+01 9.567217199999998201e+00 2.191713589999999840e+03 2.271440399999999954e+03
2.265500000000000114e+01 9.539072879999999088e+00 2.191948125999999775e+03 2.271440399999999954e+03
2.266000000000000014e+01 9.522038159999999252e+00 2.192090082000000166e+03 2.271440399999999954e+03
2.266499999999999915e+01 9.539072879999999088e+00 2.191948125999999775e+03 2.271440399999999954e+03
2.267000000000000171e+01 9.510928559999998200e+00 2.192182662000000164e+03 2.271440399999999954e+03
2.267500000000000071e+01 9.522038159999999252e+00 2.192090082000000166e+03 2.271440399999999954e+03
2.267999999999999972e+01 9.488339039999997837e+00 2.192370907999999872e+03 2.271440399999999954e+03
2.268499999999999872e+01 9.499448639999998889e+00 2.192278327999999874e+03 2.271440399999999954e+03
2.269000000000000128e+01 9.550552799999998399e+00 2.191852460000000065e+03 2.271440399999999954e+03
2.269500000000000028e+01 9.465749519999997474e+00 2.192559154000000035e+03 2.271440399999999954e+03
2.269999999999999929e+01 9.499448639999998889e+00 2.192278327999999874e+03 2.271440399999999954e+03
2.270500000000000185e+01 9.493893839999998363e+00 2.192324618000000100e+03 2.271440399999999954e+03
2.271000000000000085e+01 9.510928559999998200e+00 2.192182662000000164e+03 2.271440399999999954e+03
2.271499999999999986e+01 9.533518079999998562e+00 2.191994416000000001e+03 2.271440399999999954e+03
2.271999999999999886e+01 9.437234879999998327e+00 2.192796776000000136e+03 2.271440399999999954e+03
2.272500000000000142e+01 9.454269599999998164e+00 2.192654819999999745e+03 2.271440399999999954e+03
2.273000000000000043e+01 9.448714799999997638e+00 2.192701109999999971e+03 2.271440399999999954e+03
2.273499999999999943e+01 9.505373759999997674e+00 2.192228951999999936e+03 2.271440399999999954e+03
2.274000000000000199e+01 9.482413919999999052e+00 2.192420283999999810e+03 2.271440399999999954e+03
2.274500000000000099e+01 9.476859119999998526e+00 2.192466574000000037e+03 2.271440399999999954e+03
2.275000000000000000e+01 9.516483359999998726e+00 2.192136371999999938e+03 2.271440399999999954e+03
2.275499999999999901e+01 9.493893839999998363e+00 2.192324618000000100e+03 2.271440399999999954e+03
2.276000000000000156e+01 9.522038159999999252e+00 2.192090082000000166e+03 2.271440399999999954e+03
2.276500000000000057e+01 9.556107599999998925e+00 2.191806169999999838e+03 2.271440399999999954e+03
2.276999999999999957e+01 9.476859119999998526e+00 2.192466574000000037e+03 2.271440399999999954e+03
2.277499999999999858e+01 9.527963279999998036e+00 2.192040705999999773e+03 2.271440399999999954e+03
2.278000000000000114e+01 9.584251919999998037e+00 2.191571633999999904e+03 2.271440399999999954e+03
2.278500000000000014e+01 9.488339039999997837e+00 2.192370907999999872e+03 2.271440399999999954e+03
2.278999999999999915e+01 9.539072879999999088e+00 2.191948125999999775e+03 2.271440399999999954e+03
2.279500000000000171e+01 9.499448639999998889e+00 2.192278327999999874e+03 2.271440399999999954e+03
2.280000000000000071e+01 9.567217199999998201e+00 2.191713589999999840e+03 2.271440399999999954e+03
2.280499999999999972e+01 9.578697119999997511e+00 2.191617924000000130e+03 2.271440399999999954e+03
2.280999999999999872e+01 9.550552799999998399e+00 2.191852460000000065e+03 2.271440399999999954e+03
2.281500000000000128e+01 9.550552799999998399e+00 2.191852460000000065e+03 2.271440399999999954e+03
2.282000000000000028e+01 9.476859119999998526e+00 2.192466574000000037e+03 2.271440399999999954e+03
2.282499999999999929e+01 9.527963279999998036e+00 2.192040705999999773e+03 2.271440399999999954e+03
2.283000000000000185e+01 9.573142319999996985e+00 2.191664213999999902e+03 2.271440399999999954e+03
2.283500000000000085e+01 9.516483359999998726e+00 2.192136371999999938e+03 2.271440399999999954e+03
2.283999999999999986e+01 9.516483359999998726e+00 2.192136371999999938e+03 2.271440399999999954e+03
2.284499999999999886e+01 9.493893839999998363e+00 2.192324618000000100e+03 2.271440399999999954e+03
2.285000000000000142e+01 9.527963279999998036e+00 2.192040705999999773e+03 2.271440399999999954e+03
2.285500000000000043e+01 9.561662399999997675e+00 2.191759880000000067e+03 2.271440399999999954e+03
2.285999999999999943e+01 9.493893839999998363e+00 2.192324618000000100e+03 2.271440399999999954e+03
2.286500000000000199e+01 9.539072879999999088e+00 2.191948125999999775e+03 2.271440399999999954e+03
2.287000000000000099e+01 9.510928559999998200e+00 2.192182662000000164e+03 2.271440399999999954e+03
2.287500000000000000e+01 9.527963279999998036e+00 2.192040705999999773e+03 2.271440399999999954e+03
2.287999999999999901e+01 9.505373759999997674e+00 2.192228951999999936e+03 2.271440399999999954e+03
2.288500000000000156e+01 9.459824399999998690e+00 2.192608529999999973e+03 2.271440399999999954e+03
2.289000000000000057e+01 9.471304319999998000e+00 2.192512863999999809e+03 2.271440399999999954e+03
2.289499999999999957e+01 9.522038159999999252e+00 2.192090082000000166e+03 2.271440399999999954e+03
2.289999999999999858e+01 9.505373759999997674e+00 2.192228951999999936e+03 2.271440399999999954e+03
2.290500000000000114e+01 9.527963279999998036e+00 2.192040705999999773e+03 2.271440399999999954e+03
2.291000000000000014e+01 9.533518079999998562e+00 2.191994416000000001e+03 2.271440399999999954e+03
2.291499999999999915e+01 9.443159999999998888e+00 2.192747399999999743e+03 2.271440399999999954e+03
2.292000000000000171e+01 9.499448639999998889e+00 2.192278327999999874e+03 2.271440399999999954e+03
2.292500000000000071e+01 9.533518079999998562e+00 2.191994416000000001e+03 2.271440399999999954e+03
2.292999999999999972e+01 9.448714799999997638e+00 2.192701109999999971e+03 2.271440399999999954e+03
2.293499999999999872e+01 9.488339039999997837e+00 2.192370907999999872e+03 2.271440399999999954e+03
2.294000000000000128e+01 9.516483359999998726e+00 2.192136371999999938e+03 2.271440399999999954e+03
2.294500000000000028e+01 9.544627679999997838e+00 2.191901836000000003e+03 2.271440399999999954e+03
2.294999999999999929e+01 9.589806719999998563e+00 2.191525344000000132e+03 2.271440399999999954e+03
2.295500000000000185e+01 9.493893839999998363e+00 2.192324618000000100e+03 2.271440399999999954e+03
2.296000000000000085e+01 9.505373759999997674e+00 2.192228951999999936e+03 2.271440399999999954e+03
2.296499999999999986e+01 9.561662399999997675e+00 2.191759880000000067e+03 2.271440399999999954e+03
2.296999999999999886e+01 9.522038159999999252e+00 2.192090082000000166e+03 2.271440399999999954e+03
2.297500000000000142e+01 9.533518079999998562e+00 2.191994416000000001e+03 2.271440399999999954e+03
2.298000000000000043e+01 9.539072879999999088e+00 2.191948125999999775e+03 2.271440399999999954e+03
2.298499999999999943e+01 9.516483359999998726e+00 2.192136371999999938e+03 2.271440399999999954e+03
2.299000000000000199e+01 9.550552799999998399e+00 2.191852460000000065e+03 2.271440399999999954e+03
2.299500000000000099e+01 9.471304319999998000e+00 2.192512863999999809e+03 2.271440399999999954e+03
2.300000000000000000e+01 9.499448639999998889e+00 2.192278327999999874e+03 2.271440399999999954e+03
2.300499999999999901e+01 9.527963279999998036e+00 2.192040705999999773e+03 2.271440399999999954e+03
2.301000000000000156e+01 9.544627679999997838e+00 2.191901836000000003e+03 2.271440399999999954e+03
2.301500000000000057e+01 9.539072879999999088e+00 2.191948125999999775e+03 2.271440399999999954e+03
2.301999999999999957e+01 9.448714799999997638e+00 2.192701109999999971e+03 2.271440399999999954e+03
2.302499999999999858e+01 9.482413919999999052e+00 2.192420283999999810e+03 2.271440399999999954e+03
2.303000000000000114e+01 9.431680079999997801e+00 2.192843065999999908e+03 2.271440399999999954e+03
2.303500000000000014e+01 9.426125279999999051e+00 2.192889356000000134e+03 2.271440399999999954e+03
2.303999999999999915e+01 9.488339039999997837e+00 2.192370907999999872e+03 2.271440399999999954e+03
2.304500000000000171e+01 9.510928559999998200e+00 2.192182662000000164e+03 2.271440399999999954e+03
2.305000000000000071e+01 9.465749519999997474e+00 2.192559154000000035e+03 2.271440399999999954e+03
2.305499999999999972e+01 9.482413919999999052e+00 2.192420283999999810e+03 2.271440399999999954e+03
2.305999999999999872e+01 9.431680079999997801e+00 2.192843065999999908e+03 2.271440399999999954e+03
2.306500000000000128e+01 9.533518079999998562e+00 2.191994416000000001e+03 2.271440399999999954e+03
2.307000000000000028e+01 9.420570479999998525e+00 2.192935645999999906e+03 2.271440399999999954e+03
2.307499999999999929e+01 9.499448639999998889e+00 2.192278327999999874e+03 2.271440399999999954e+03
2.308000000000000185e+01 9.505373759999997674e+00 2.192228951999999936e+03 2.271440399999999954e+03
2.308500000000000085e+01 9.482413919999999052e+00 2.192420283999999810e+03 2.271440399999999954e+03
2.308999999999999986e+01 9.499448639999998889e+00 2.192278327999999874e+03 2.271440399999999954e+03
2.309499999999999886e+01 9.431680079999997801e+00 2.192843065999999908e+03 2.271440399999999954e+03
2.310000000000000142e+01 9.544627679999997838e+00 2.191901836000000003e+03 2.271440399999999954e+03
2.310500000000000043e+01 9.403535759999998689e+00 2.193077601999999843e+03 2.271440399999999954e+03
2.310999999999999943e+01 9.493893839999998363e+00 2.192324618000000100e+03 2.271440399999999954e+03
2.311500000000000199e+01 9.505373759999997674e+00 2.192228951999999936e+03 2.271440399999999954e+03
2.312000000000000099e+01 9.493893839999998363e+00 2.192324618000000100e+03 2.271440399999999954e+03
2.312500000000000000e+01 9.499448639999998889e+00 2.192278327999999874e+03 2.271440399999999954e+03
2.312999999999999901e+01 9.465749519999997474e+00 2.192559154000000035e+03 2.271440399999999954e+03
2.313500000000000156e+01 9.505373759999997674e+00 2.192228951999999936e+03 2.271440399999999954e+03
2.314000000000000057e+01 9.505373759999997674e+00 2.192228951999999936e+03 2.271440399999999954e+03
2.314499999999999957e+01 9.482413919999999052e+00 2.192420283999999810e+03 2.271440399999999954e+03
2.314999999999999858e+01 9.510928559999998200e+00 2.192182662000000164e+03 2.271440399999999954e+03
2.315500000000000114e+01 9.437234879999998327e+00 2.192796776000000136e+03 2.271440399999999954e+03
2.316000000000000014e+01 9.499448639999998889e+00 2.192278327999999874e+03 2.271440399999999954e+03
2.316499999999999915e+01 9.567217199999998201e+00 2.191713589999999840e+03 2.271440399999999954e+03
2.317000000000000171e+01 9.488339039999997837e+00 2.192370907999999872e+03 2.271440399999999954e+03
2.317500000000000071e+01 9.488339039999997837e+00 2.192370907999999872e+03 2.271440399999999954e+03
2.317999999999999972e+01 9.544627679999997838e+00 2.191901836000000003e+03 2.271440399999999954e+03
2.318499999999999872e+01 9.539072879999999088e+00 2.191948125999999775e+03 2.271440399999999954e+03
2.319000000000000128e+01 9.499448639999998889e+00 2.192278327999999874e+03 2.271440399999999954e+03
2.319500000000000028e+01 9.448714799999997638e+00 2.192701109999999971e+03 2.271440399999999954e+03
2.319999999999999929e+01 9.510928559999998200e+00 2.192182662000000164e+03 2.271440399999999954e+03
2.320500000000000185e+01 9.510928559999998200e+00 2.192182662000000164e+03 2.271440399999999954e+03
2.321000000000000085e+01 9.471304319999998000e+00 2.192512863999999809e+03 2.271440399999999954e+03
2.321499999999999986e+01 9.510928559999998200e+00 2.192182662000000164e+03 2.271440399999999954e+03
2.321999999999999886e+01 9.403535759999998689e+00 2.193077601999999843e+03 2.271440399999999954e+03
2.322500000000000142e+01 9.437234879999998327e+00 2.192796776000000136e+03 2.271440399999999954e+03
2.323000000000000043e+01 9.459824399999998690e+00 2.192608529999999973e+03 2.271440399999999954e+03
2.323499999999999943e+01 9.420570479999998525e+00 2.192935645999999906e+03 2.271440399999999954e+03
2.324000000000000199e+01 9.522038159999999252e+00 2.192090082000000166e+03 2.271440399999999954e+03
2.324500000000000099e+01 9.426125279999999051e+00 2.192889356000000134e+03 2.271440399999999954e+03
2.325000000000000000e+01 9.493893839999998363e+00 2.192324618000000100e+03 2.271440399999999954e+03
2.325499999999999901e+01 9.454269599999998164e+00 2.192654819999999745e+03 2.271440399999999954e+03
2.326000000000000156e+01 9.420570479999998525e+00 2.192935645999999906e+03 2.271440399999999954e+03
2.326500000000000057e+01 9.448714799999997638e+00 2.192701109999999971e+03 2.271440399999999954e+03
2.326999999999999957e+01 9.397980959999998163e+00 2.193123892000000069e+03 2.271440399999999954e+03
2.327499999999999858e+01 9.414645359999999741e+00 2.192985021999999844e+03 2.271440399999999954e+03
2.328000000000000114e+01 9.454269599999998164e+00 2.192654819999999745e+03 2.271440399999999954e+03
2.328500000000000014e+01 9.476859119999998526e+00 2.192466574000000037e+03 2.271440399999999954e+03
2.328999999999999915e+01 9.471304319999998000e+00 2.192512863999999809e+03 2.271440399999999954e+03
2.329500000000000171e+01 9.375391439999997800e+00 2.193312137999999777e+03 2.271440399999999954e+03
2.330000000000000071e+01 9.459824399999998690e+00 2.192608529999999973e+03 2.271440399999999954e+03
2.330499999999999972e+01 9.426125279999999051e+00 2.192889356000000134e+03 2.271440399999999954e+03
2.330999999999999872e+01 9.448714799999997638e+00 2.192701109999999971e+03 2.271440399999999954e+03
2.331500000000000128e+01 9.454269599999998164e+00 2.192654819999999745e+03 2.271440399999999954e+03
2.332000000000000028e+01 9.448714799999997638e+00 2.192701109999999971e+03 2.271440399999999954e+03
2.332499999999999929e+01 9.465749519999997474e+00 2.192559154000000035e+03 2.271440399999999954e+03
2.333000000000000185e+01 9.459824399999998690e+00 2.192608529999999973e+03 2.271440399999999954e+03
2.333500000000000085e+01 9.386501039999998852e+00 2.193219557999999779e+03 2.271440399999999954e+03
2.333999999999999986e+01 9.488339039999997837e+00 2.192370907999999872e+03 2.271440399999999954e+03
2.334499999999999886e+01 9.386501039999998852e+00 2.193219557999999779e+03 2.271440399999999954e+03
2.335000000000000142e+01 9.380946239999998326e+00 2.193265848000000005e+03 2.271440399999999954e+03
2.335500000000000043e+01 9.420570479999998525e+00 2.192935645999999906e+03 2.271440399999999954e+03
2.335999999999999943e+01 9.414645359999999741e+00 2.192985021999999844e+03 2.271440399999999954e+03
2.336500000000000199e+01 9.488339039999997837e+00 2.192370907999999872e+03 2.271440399999999954e+03
2.337000000000000099e+01 9.459824399999998690e+00 2.192608529999999973e+03 2.271440399999999954e+03
2.337500000000000000e+01 9.426125279999999051e+00 2.192889356000000134e+03 2.271440399999999954e+03
2.337999999999999901e+01 9.380946239999998326e+00 2.193265848000000005e+03 2.271440399999999954e+03
2.338500000000000156e+01 9.403535759999998689e+00 2.193077601999999843e+03 2.271440399999999954e+03
2.339000000000000057e+01 9.431680079999997801e+00 2.192843065999999908e+03 2.271440399999999954e+03
2.339499999999999957e+01 9.403535759999998689e+00 2.193077601999999843e+03 2.271440399999999954e+03
2.339999999999999858e+01 9.369466319999999016e+00 2.193361514000000170e+03 2.271440399999999954e+03
2.340500000000000114e+01 9.380946239999998326e+00 2.193265848000000005e+03 2.271440399999999954e+03
2.341000000000000014e+01 9.403535759999998689e+00 2.193077601999999843e+03 2.271440399999999954e+03
2.341499999999999915e+01 9.414645359999999741e+00 2.192985021999999844e+03 2.271440399999999954e+03
2.342000000000000171e+01 9.443159999999998888e+00 2.192747399999999743e+03 2.271440399999999954e+03
2.342500000000000071e+01 9.414645359999999741e+00 2.192985021999999844e+03 2.271440399999999954e+03
2.342999999999999972e+01 9.426125279999999051e+00 2.192889356000000134e+03 2.271440399999999954e+03
2.343499999999999872e+01 9.437234879999998327e+00 2.192796776000000136e+03 2.271440399999999954e+03
2.344000000000000128e+01 9.448714799999997638e+00 2.192701109999999971e+03 2.271440399999999954e+03
2.344500000000000028e+01 9.392055839999999378e+00 2.193173268000000007e+03 2.271440399999999954e+03
2.344999999999999929e+01 9.403535759999998689e+00 2.193077601999999843e+03 2.271440399999999954e+03
2.345500000000000185e+01 9.403535759999998689e+00 2.193077601999999843e+03 2.271440399999999954e+03
2.346000000000000085e+01 9.420570479999998525e+00 2.192935645999999906e+03 2.271440399999999954e+03
2.346499999999999986e+01 9.443159999999998888e+00 2.192747399999999743e+03 2.271440399999999954e+03
2.346999999999999886e+01 9.420570479999998525e+00 2.192935645999999906e+03 2.271440399999999954e+03
2.347500000000000142e+01 9.437234879999998327e+00 2.192796776000000136e+03 2.271440399999999954e+03
2.348000000000000043e+01 9.369466319999999016e+00 2.193361514000000170e+03 2.271440399999999954e+03
2.348499999999999943e+01 9.448714799999997638e+00 2.192701109999999971e+03 2.271440399999999954e+03
2.349000000000000199e+01 9.392055839999999378e+00 2.193173268000000007e+03 2.271440399999999954e+03
2.349500000000000099e+01 9.363911519999998490e+00 2.193407803999999942e+03 2.271440399999999954e+03
2.350000000000000000e+01 9.437234879999998327e+00 2.192796776000000136e+03 2.271440399999999954e+03
2.350499999999999901e+01 9.375391439999997800e+00 2.193312137999999777e+03 2.271440399999999954e+03
2.351000000000000156e+01 9.403535759999998689e+00 2.193077601999999843e+03 2.271440399999999954e+03
2.351500000000000057e+01 9.397980959999998163e+00 2.193123892000000069e+03 2.271440399999999954e+03
2.351999999999999957e+01 9.380946239999998326e+00 2.193265848000000005e+03 2.271440399999999954e+03
2.352499999999999858e+01 9.459824399999998690e+00 2.192608529999999973e+03 2.271440399999999954e+03
2.353000000000000114e+01 9.341321999999998127e+00 2.193596050000000105e+03 2.271440399999999954e+03
2.353500000000000014e+01 9.386501039999998852e+00 2.193219557999999779e+03 2.271440399999999954e+03
2.353999999999999915e+01 9.375391439999997800e+00 2.193312137999999777e+03 2.271440399999999954e+03
2.354500000000000171e+01 9.403535759999998689e+00 2.193077601999999843e+03 2.271440399999999954e+03
2.355000000000000071e+01 9.420570479999998525e+00 2.192935645999999906e+03 2.271440399999999954e+03
2.355499999999999972e+01 9.301697759999999704e+00 2.193926251999999749e+03 2.271440399999999954e+03
2.355999999999999872e+01 9.409090559999999215e+00 2.193031312000000071e+03 2.271440399999999954e+03
2.356500000000000128e+01 9.358356719999997964e+00 2.193454094000000168e+03 2.271440399999999954e+03
2.357000000000000028e+01 9.346876799999998653e+00 2.193549759999999878e+03 2.271440399999999954e+03
2.357499999999999929e+01 9.363911519999998490e+00 2.193407803999999942e+03 2.271440399999999954e+03
2.358000000000000185e+01 9.369466319999999016e+00 2.193361514000000170e+03 2.271440399999999954e+03
2.358500000000000085e+01 9.392055839999999378e+00 2.193173268000000007e+03 2.271440399999999954e+03
2.358999999999999986e+01 9.437234879999998327e+00 2.192796776000000136e+03 2.271440399999999954e+03
2.359499999999999886e+01 9.403535759999998689e+00 2.193077601999999843e+03 2.271440399999999954e+03
2.360000000000000142e+01 9.465749519999997474e+00 2.192559154000000035e+03 2.271440399999999954e+03
2.360500000000000043e+01 9.363911519999998490e+00 2.193407803999999942e+03 2.271440399999999954e+03
2.360999999999999943e+01 9.369466319999999016e+00 2.193361514000000170e+03 2.271440399999999954e+03
2.361500000000000199e+01 9.380946239999998326e+00 2.193265848000000005e+03 2.271440399999999954e+03
2.362000000000000099e+01 9.392055839999999378e+00 2.193173268000000007e+03 2.271440399999999954e+03
2.362500000000000000e+01 9.471304319999998000e+00 2.192512863999999809e+03 2.271440399999999954e+03
2.362999999999999901e+01 9.358356719999997964e+00 2.193454094000000168e+03 2.271440399999999954e+03
2.363500000000000156e+01 9.409090559999999215e+00 2.193031312000000071e+03 2.271440399999999954e+03
2.364000000000000057e+01 9.397980959999998163e+00 2.193123892000000069e+03 2.271440399999999954e+03
2.364499999999999957e+01 9.380946239999998326e+00 2.193265848000000005e+03 2.271440399999999954e+03
2.364999999999999858e+01 9.386501039999998852e+00 2.193219557999999779e+03 2.271440399999999954e+03
2.365500000000000114e+01 9.403535759999998689e+00 2.193077601999999843e+03 2.271440399999999954e+03
2.366000000000000014e+01 9.375391439999997800e+00 2.193312137999999777e+03 2.271440399999999954e+03
2.366499999999999915e+01 9.346876799999998653e+00 2.193549759999999878e+03 2.271440399999999954e+03
2.367000000000000171e+01 9.392055839999999378e+00 2.193173268000000007e+03 2.271440399999999954e+03
2.367500000000000071e+01 9.471304319999998000e+00 2.192512863999999809e+03 2.271440399999999954e+03
2.367999999999999972e+01 9.358356719999997964e+00 2.193454094000000168e+03 2.271440399999999954e+03
2.368499999999999872e+01 9.397980959999998163e+00 2.193123892000000069e+03 2.271440399999999954e+03
2.369000000000000128e+01 9.454269599999998164e+00 2.192654819999999745e+03 2.271440399999999954e+03
2.369500000000000028e+01 9.397980959999998163e+00 2.193123892000000069e+03 2.271440399999999954e+03
2.369999999999999929e+01 9.409090559999999215e+00 2.193031312000000071e+03 2.271440399999999954e+03
2.370500000000000185e+01 9.392055839999999378e+00 2.193173268000000007e+03 2.271440399999999954e+03
2.371000000000000085e+01 9.437234879999998327e+00 2.192796776000000136e+03 2.271440399999999954e+03
2.371499999999999986e+01 9.454269599999998164e+00 2.192654819999999745e+03 2.271440399999999954e+03
2.371999999999999886e+01 9.437234879999998327e+00 2.192796776000000136e+03 2.271440399999999954e+03
2.372500000000000142e+01 9.454269599999998164e+00 2.192654819999999745e+03 2.271440399999999954e+03
2.373000000000000043e+01 9.409090559999999215e+00 2.193031312000000071e+03 2.271440399999999954e+03
2.373499999999999943e+01 9.392055839999999378e+00 2.193173268000000007e+03 2.271440399999999954e+03
2.374000000000000199e+01 9.392055839999999378e+00 2.193173268000000007e+03 2.271440399999999954e+03
2.374500000000000099e+01 9.409090559999999215e+00 2.193031312000000071e+03 2.271440399999999954e+03
2.375000000000000000e+01 9.409090559999999215e+00 2.193031312000000071e+03 2.271440399999999954e+03
2.375499999999999901e+01 9.380946239999998326e+00 2.193265848000000005e+03 2.271440399999999954e+03
2.376000000000000156e+01 9.409090559999999215e+00 2.193031312000000071e+03 2.271440399999999954e+03
2.376500000000000057e+01 9.426125279999999051e+00 2.192889356000000134e+03 2.271440399999999954e+03
2.376999999999999957e+01 9.426125279999999051e+00 2.192889356000000134e+03 2.271440399999999954e+03
2.377499999999999858e+01 9.437234879999998327e+00 2.192796776000000136e+03 2.271440399999999954e+03
2.378000000000000114e+01 9.397980959999998163e+00 2.193123892000000069e+03 2.271440399999999954e+03
2.378500000000000014e+01 9.431680079999997801e+00 2.192843065999999908e+03 2.271440399999999954e+03
2.378999999999999915e+01 9.380946239999998326e+00 2.193265848000000005e+03 2.271440399999999954e+03
2.379500000000000171e+01 9.380946239999998326e+00 2.193265848000000005e+03 2.271440399999999954e+03
2.380000000000000071e+01 9.409090559999999215e+00 2.193031312000000071e+03 2.271440399999999954e+03
2.380499999999999972e+01 9.375391439999997800e+00 2.193312137999999777e+03 2.271440399999999954e+03
2.380999999999999872e+01 9.403535759999998689e+00 2.193077601999999843e+03 2.271440399999999954e+03
2.381500000000000128e+01 9.392055839999999378e+00 2.193173268000000007e+03 2.271440399999999954e+03
2.382000000000000028e+01 9.380946239999998326e+00 2.193265848000000005e+03 2.271440399999999954e+03
2.382499999999999929e+01 9.363911519999998490e+00 2.193407803999999942e+03 2.271440399999999954e+03
2.383000000000000185e+01 9.324287279999998290e+00 2.193738006000000041e+03 2.271440399999999954e+03
2.383500000000000085e+01 9.341321999999998127e+00 2.193596050000000105e+03 2.271440399999999954e+03
2.383999999999999986e+01 9.397980959999998163e+00 2.193123892000000069e+03 2.271440399999999954e+03
2.384499999999999886e+01 9.369466319999999016e+00 2.193361514000000170e+03 2.271440399999999954e+03
2.385000000000000142e+01 9.363911519999998490e+00 2.193407803999999942e+03 2.271440399999999954e+03
2.385500000000000043e+01 9.386501039999998852e+00 2.193219557999999779e+03 2.271440399999999954e+03
2.385999999999999943e+01 9.369466319999999016e+00 2.193361514000000170e+03 2.271440399999999954e+03
2.386500000000000199e+01 9.352801919999999214e+00 2.193500383999999940e+03 2.271440399999999954e+03
2.387000000000000099e+01 9.341321999999998127e+00 2.193596050000000105e+03 2.271440399999999954e+03
2.387500000000000000e+01 9.375391439999997800e+00 2.193312137999999777e+03 2.271440399999999954e+03
2.387999999999999901e+01 9.392055839999999378e+00 2.193173268000000007e+03 2.271440399999999954e+03
2.388500000000000156e+01 9.403535759999998689e+00 2.193077601999999843e+03 2.271440399999999954e+03
2.389000000000000057e+01 9.414645359999999741e+00 2.192985021999999844e+03 2.271440399999999954e+03
2.389499999999999957e+01 9.426125279999999051e+00 2.192889356000000134e+03 2.271440399999999954e+03
2.389999999999999858e+01 9.403535759999998689e+00 2.193077601999999843e+03 2.271440399999999954e+03
2.390500000000000114e+01 9.409090559999999215e+00 2.193031312000000071e+03 2.271440399999999954e+03
2.391000000000000014e+01 9.431680079999997801e+00 2.192843065999999908e+03 2.271440399999999954e+03
2.391499999999999915e+01 9.358356719999997964e+00 2.193454094000000168e+03 2.271440399999999954e+03
2.392000000000000171e+01 9.324287279999998290e+00 2.193738006000000041e+03 2.271440399999999954e+03
2.392500000000000071e+01 9.329842079999998816e+00 2.193691715999999815e+03 2.271440399999999954e+03
2.392999999999999972e+01 9.380946239999998326e+00 2.193265848000000005e+03 2.271440399999999954e+03
2.393499999999999872e+01 9.443159999999998888e+00 2.192747399999999743e+03 2.271440399999999954e+03
2.394000000000000128e+01 9.380946239999998326e+00 2.193265848000000005e+03 2.271440399999999954e+03
2.394500000000000028e+01 9.307252559999998454e+00 2.193879961999999978e+03 2.271440399999999954e+03
2.394999999999999929e+01 9.403535759999998689e+00 2.193077601999999843e+03 2.271440399999999954e+03
2.395500000000000185e+01 9.335767199999997601e+00 2.193642339999999876e+03 2.271440399999999954e+03
2.396000000000000085e+01 9.386501039999998852e+00 2.193219557999999779e+03 2.271440399999999954e+03
2.396499999999999986e+01 9.397980959999998163e+00 2.193123892000000069e+03 2.271440399999999954e+03
2.396999999999999886e+01 9.352801919999999214e+00 2.193500383999999940e+03 2.271440399999999954e+03
2.397500000000000142e+01 9.414645359999999741e+00 2.192985021999999844e+03 2.271440399999999954e+03
2.398000000000000043e+01 9.409090559999999215e+00 2.193031312000000071e+03 2.271440399999999954e+03
2.398499999999999943e+01 9.392055839999999378e+00 2.193173268000000007e+03 2.271440399999999954e+03
2.399000000000000199e+01 9.335767199999997601e+00 2.193642339999999876e+03 2.271440399999999954e+03
2.399500000000000099e+01 9.358356719999997964e+00 2.193454094000000168e+03 2.271440399999999954e+03
2.400000000000000000e+01 9.437234879999998327e+00 2.192796776000000136e+03 2.271440399999999954e+03
2.400499999999999901e+01 9.386501039999998852e+00 2.193219557999999779e+03 2.271440399999999954e+03
2.401000000000000156e+01 9.448714799999997638e+00 2.192701109999999971e+03 2.271440399999999954e+03
2.401500000000000057e+01 9.375391439999997800e+00 2.193312137999999777e+03 2.271440399999999954e+03
2.401999999999999957e+01 9.318732479999997764e+00 2.193784295999999813e+03 2.271440399999999954e+03
2.402499999999999858e+01 9.392055839999999378e+00 2.193173268000000007e+03 2.271440399999999954e+03
2.403000000000000114e+01 9.341321999999998127e+00 2.193596050000000105e+03 2.271440399999999954e+03
2.403500000000000014e+01 9.448714799999997638e+00 2.192701109999999971e+03 2.271440399999999954e+03
2.403999999999999915e+01 9.392055839999999378e+00 2.193173268000000007e+03 2.271440399999999954e+03
2.404500000000000171e+01 9.420570479999998525e+00 2.192935645999999906e+03 2.271440399999999954e+03
2.405000000000000071e+01 9.431680079999997801e+00 2.192843065999999908e+03 2.271440399999999954e+03
2.405499999999999972e+01 9.380946239999998326e+00 2.193265848000000005e+03 2.271440399999999954e+03
2.405999999999999872e+01 9.397980959999998163e+00 2.193123892000000069e+03 2.271440399999999954e+03
2.406500000000000128e+01 9.420570479999998525e+00 2.192935645999999906e+03 2.271440399999999954e+03
2.407000000000000028e+01 9.380946239999998326e+00 2.193265848000000005e+03 2.271440399999999954e+03
2.407499999999999929e+01 9.414645359999999741e+00 2.192985021999999844e+03 2.271440399999999954e+03
2.408000000000000185e+01 9.369466319999999016e+00 2.193361514000000170e+03 2.271440399999999954e+03
2.408500000000000085e+01 9.437234879999998327e+00 2.192796776000000136e+03 2.271440399999999954e+03
2.408999999999999986e+01 9.414645359999999741e+00 2.192985021999999844e+03 2.271440399999999954e+03
2.409499999999999886e+01 9.352801919999999214e+00 2.193500383999999940e+03 2.271440399999999954e+03
2.410000000000000142e+01 9.437234879999998327e+00 2.192796776000000136e+03 2.271440399999999954e+03
2.410500000000000043e+01 9.335767199999997601e+00 2.193642339999999876e+03 2.271440399999999954e+03
2.410999999999999943e+01 9.437234879999998327e+00 2.192796776000000136e+03 2.271440399999999954e+03
2.411500000000000199e+01 9.414645359999999741e+00 2.192985021999999844e+03 2.271440399999999954e+03
2.412000000000000099e+01 9.341321999999998127e+00 2.193596050000000105e+03 2.271440399999999954e+03
2.412500000000000000e+01 9.476859119999998526e+00 2.192466574000000037e+03 2.271440399999999954e+03
2.412999999999999901e+01 9.375391439999997800e+00 2.193312137999999777e+03 2.271440399999999954e+03
2.413500000000000156e+01 9.414645359999999741e+00 2.192985021999999844e+03 2.271440399999999954e+03
2.414000000000000057e+01 9.380946239999998326e+00 2.193265848000000005e+03 2.271440399999999954e+03
2.414499999999999957e+01 9.426125279999999051e+00 2.192889356000000134e+03 2.271440399999999954e+03
2.414999999999999858e+01 9.426125279999999051e+00 2.192889356000000134e+03 2.271440399999999954e+03
2.415500000000000114e+01 9.352801919999999214e+00 2.193500383999999940e+03 2.271440399999999954e+03
2.416000000000000014e+01 9.386501039999998852e+00 2.193219557999999779e+03 2.271440399999999954e+03
2.416499999999999915e+01 9.386501039999998852e+00 2.193219557999999779e+03 2.271440399999999954e+03
2.417000000000000171e+01 9.335767199999997601e+00 2.193642339999999876e+03 2.271440399999999954e+03
2.417500000000000071e+01 9.380946239999998326e+00 2.193265848000000005e+03 2.271440399999999954e+03
2.417999999999999972e+01 9.414645359999999741e+00 2.192985021999999844e+03 2.271440399999999954e+03
2.418499999999999872e+01 9.403535759999998689e+00 2.193077601999999843e+03 2.271440399999999954e+03
2.419000000000000128e+01 9.380946239999998326e+00 2.193265848000000005e+03 2.271440399999999954e+03
2.419500000000000028e+01 9.437234879999998327e+00 2.192796776000000136e+03 2.271440399999999954e+03
2.419999999999999929e+01 9.426125279999999051e+00 2.192889356000000134e+03 2.271440399999999954e+03
2.420500000000000185e+01 9.363911519999998490e+00 2.193407803999999942e+03 2.271440399999999954e+03
2.421000000000000085e+01 9.380946239999998326e+00 2.193265848000000005e+03 2.271440399999999954e+03
2.421499999999999986e+01 9.386501039999998852e+00 2.193219557999999779e+03 2.271440399999999954e+03
2.421999999999999886e+01 9.448714799999997638e+00 2.192701109999999971e+03 2.271440399999999954e+03
2.422500000000000142e+01 9.380946239999998326e+00 2.193265848000000005e+03 2.271440399999999954e+03
2.423000000000000043e+01 9.375391439999997800e+00 2.193312137999999777e+03 2.271440399999999954e+03
2.423499999999999943e+01 9.358356719999997964e+00 2.193454094000000168e+03 2.271440399999999954e+03
2.424000000000000199e+01 9.380946239999998326e+00 2.193265848000000005e+03 2.271440399999999954e+03
2.424500000000000099e+01 9.363911519999998490e+00 2.193407803999999942e+03 2.271440399999999954e+03
2.425000000000000000e+01 9.454269599999998164e+00 2.192654819999999745e+03 2.271440399999999954e+03
2.425499999999999901e+01 9.409090559999999215e+00 2.193031312000000071e+03 2.271440399999999954e+03
2.426000000000000156e+01 9.437234879999998327e+00 2.192796776000000136e+03 2.271440399999999954e+03
2.426500000000000057e+01 9.437234879999998327e+00 2.192796776000000136e+03 2.271440399999999954e+03
2.426999999999999957e+01 9.386501039999998852e+00 2.193219557999999779e+03 2.271440399999999954e+03
2.427499999999999858e+01 9.409090559999999215e+00 2.193031312000000071e+03 2.271440399999999954e+03
2.428000000000000114e+01 9.363911519999998490e+00 2.193407803999999942e+03 2.271440399999999954e+03
2.428500000000000014e+01 9.443159999999998888e+00 2.192747399999999743e+03 2.271440399999999954e+03
2.428999999999999915e+01 9.431680079999997801e+00 2.192843065999999908e+03 2.271440399999999954e+03
2.429500000000000171e+01 9.380946239999998326e+00 2.193265848000000005e+03 2.271440399999999954e+03
2.430000000000000071e+01 9.409090559999999215e+00 2.193031312000000071e+03 2.271440399999999954e+03
2.430499999999999972e+01 9.414645359999999741e+00 2.192985021999999844e+03 2.271440399999999954e+03
2.430999999999999872e+01 9.392055839999999378e+00 2.193173268000000007e+03 2.271440399999999954e+03
2.431500000000000128e+01 9.358356719999997964e+00 2.193454094000000168e+03 2.271440399999999954e+03
2.432000000000000028e+01 9.414645359999999741e+00 2.192985021999999844e+03 2.271440399999999954e+03
2.432499999999999929e+01 9.403535759999998689e+00 2.193077601999999843e+03 2.271440399999999954e+03
2.433000000000000185e+01 9.437234879999998327e+00 2.192796776000000136e+03 2.271440399999999954e+03
2.433500000000000085e+01 9.448714799999997638e+00 2.192701109999999971e+03 2.271440399999999954e+03
2.433999999999999986e+01 9.392055839999999378e+00 2.193173268000000007e+03 2.271440399999999954e+03
2.434499999999999886e+01 9.397980959999998163e+00 2.193123892000000069e+03 2.271440399999999954e+03
2.435000000000000142e+01 9.437234879999998327e+00 2.192796776000000136e+03 2.271440399999999954e+03
2.435500000000000043e+01 9.358356719999997964e+00 2.193454094000000168e+03 2.271440399999999954e+03
2.435999999999999943e+01 9.437234879999998327e+00 2.192796776000000136e+03 2.271440399999999954e+03
2.436500000000000199e+01 9.454269599999998164e+00 2.192654819999999745e+03 2.271440399999999954e+03
2.437000000000000099e+01 9.488339039999997837e+00 2.192370907999999872e+03 2.271440399999999954e+03
2.437500000000000000e+01 9.397980959999998163e+00 2.193123892000000069e+03 2.271440399999999954e+03
2.437999999999999901e+01 9.448714799999997638e+00 2.192701109999999971e+03 2.271440399999999954e+03
2.438500000000000156e+01 9.437234879999998327e+00 2.192796776000000136e+03 2.271440399999999954e+03
2.439000000000000057e+01 9.392055839999999378e+00 2.193173268000000007e+03 2.271440399999999954e+03
2.439499999999999957e+01 9.437234879999998327e+00 2.192796776000000136e+03 2.271440399999999954e+03
2.439999999999999858e+01 9.465749519999997474e+00 2.192559154000000035e+03 2.271440399999999954e+03
2.440500000000000114e+01 9.392055839999999378e+00 2.193173268000000007e+03 2.271440399999999954e+03
2.441000000000000014e+01 9.459824399999998690e+00 2.192608529999999973e+03 2.271440399999999954e+03
2.441499999999999915e+01 9.437234879999998327e+00 2.192796776000000136e+03 2.271440399999999954e+03
2.442000000000000171e+01 9.499448639999998889e+00 2.192278327999999874e+03 2.271440399999999954e+03
2.442500000000000071e+01 9.397980959999998163e+00 2.193123892000000069e+03 2.271440399999999954e+03
2.442999999999999972e+01 9.386501039999998852e+00 2.193219557999999779e+03 2.271440399999999954e+03
2.443499999999999872e+01 9.465749519999997474e+00 2.192559154000000035e+03 2.271440399999999954e+03
2.444000000000000128e+01 9.352801919999999214e+00 2.193500383999999940e+03 2.271440399999999954e+03
2.444500000000000028e+01 9.488339039999997837e+00 2.192370907999999872e+03 2.271440399999999954e+03
2.444999999999999929e+01 9.448714799999997638e+00 2.192701109999999971e+03 2.271440399999999954e+03
2.445500000000000185e+01 9.392055839999999378e+00 2.193173268000000007e+03 2.271440399999999954e+03
2.446000000000000085e+01 9.403535759999998689e+00 2.193077601999999843e+03 2.271440399999999954e+03
2.446499999999999986e+01 9.454269599999998164e+00 2.192654819999999745e+03 2.271440399999999954e+03
2.446999999999999886e+01 9.459824399999998690e+00 2.192608529999999973e+03 2.271440399999999954e+03
2.447500000000000142e+01 9.437234879999998327e+00 2.192796776000000136e+03 2.271440399999999954e+03
2.448000000000000043e+01 9.341321999999998127e+00 2.193596050000000105e+03 2.271440399999999954e+03
2.448499999999999943e+01 9.414645359999999741e+00 2.192985021999999844e+03 2.271440399999999954e+03
2.449000000000000199e+01 9.363911519999998490e+00 2.193407803999999942e+03 2.271440399999999954e+03
2.449500000000000099e+01 9.420570479999998525e+00 2.192935645999999906e+03 2.271440399999999954e+03
2.450000000000000000e+01 9.454269599999998164e+00 2.192654819999999745e+03 2.271440399999999954e+03
2.450499999999999901e+01 9.426125279999999051e+00 2.192889356000000134e+03 2.271440399999999954e+03
2.451000000000000156e+01 9.448714799999997638e+00 2.192701109999999971e+03 2.271440399999999954e+03
2.451500000000000057e+01 9.380946239999998326e+00 2.193265848000000005e+03 2.271440399999999954e+03
2.451999999999999957e+01 9.471304319999998000e+00 2.192512863999999809e+03 2.271440399999999954e+03
2.452499999999999858e+01 9.459824399999998690e+00 2.192608529999999973e+03 2.271440399999999954e+03
2.453000000000000114e+01 9.414645359999999741e+00 2.192985021999999844e+03 2.271440399999999954e+03
2.453500000000000014e+01 9.459824399999998690e+00 2.192608529999999973e+03 2.271440399999999954e+03
2.453999999999999915e+01 9.465749519999997474e+00 2.192559154000000035e+03 2.271440399999999954e+03
2.454500000000000171e+01 9.465749519999997474e+00 2.192559154000000035e+03 2.271440399999999954e+03
2.455000000000000071e+01 9.493893839999998363e+00 2.192324618000000100e+03 2.271440399999999954e+03
2.455499999999999972e+01 9.426125279999999051e+00 2.192889356000000134e+03 2.271440399999999954e+03
2.455999999999999872e+01 9.437234879999998327e+00 2.192796776000000136e+03 2.271440399999999954e+03
2.456500000000000128e+01 9.454269599999998164e+00 2.192654819999999745e+03 2.271440399999999954e+03
2.457000000000000028e+01 9.488339039999997837e+00 2.192370907999999872e+03 2.271440399999999954e+03
2.457499999999999929e+01 9.403535759999998689e+00 2.193077601999999843e+03 2.271440399999999954e+03
2.458000000000000185e+01 9.363911519999998490e+00 2.193407803999999942e+03 2.271440399999999954e+03
2.458500000000000085e+01 9.459824399999998690e+00 2.192608529999999973e+03 2.271440399999999954e+03
2.458999999999999986e+01 9.431680079999997801e+00 2.192843065999999908e+03 2.271440399999999954e+03
2.459499999999999886e+01 9.437234879999998327e+00 2.192796776000000136e+03 2.271440399999999954e+03
2.460000000000000142e+01 9.426125279999999051e+00 2.192889356000000134e+03 2.271440399999999954e+03
2.460500000000000043e+01 9.375391439999997800e+00 2.193312137999999777e+03 2.271440399999999954e+03
2.460999999999999943e+01 9.437234879999998327e+00 2.192796776000000136e+03 2.271440399999999954e+03
2.461500000000000199e+01 9.380946239999998326e+00 2.193265848000000005e+03 2.271440399999999954e+03
2.462000000000000099e+01 9.414645359999999741e+00 2.192985021999999844e+03 2.271440399999999954e+03
2.462500000000000000e+01 9.358356719999997964e+00 2.193454094000000168e+03 2.271440399999999954e+03
2.462999999999999901e+01 9.476859119999998526e+00 2.192466574000000037e+03 2.271440399999999954e+03
2.463500000000000156e+01 9.465749519999997474e+00 2.192559154000000035e+03 2.271440399999999954e+03
2.464000000000000057e+01 9.443159999999998888e+00 2.192747399999999743e+03 2.271440399999999954e+03
2.464499999999999957e+01 9.488339039999997837e+00 2.192370907999999872e+03 2.271440399999999954e+03
2.464999999999999858e+01 9.476859119999998526e+00 2.192466574000000037e+03 2.271440399999999954e+03
2.465500000000000114e+01 9.448714799999997638e+00 2.192701109999999971e+03 2.271440399999999954e+03
2.466000000000000014e+01 9.465749519999997474e+00 2.192559154000000035e+03 2.271440399999999954e+03
2.466499999999999915e+01 9.471304319999998000e+00 2.192512863999999809e+03 2.271440399999999954e+03
2.467000000000000171e+01 9.482413919999999052e+00 2.192420283999999810e+03 2.271440399999999954e+03
2.467500000000000071e+01 9.522038159999999252e+00 2.192090082000000166e+03 2.271440399999999954e+03
2.467999999999999972e+01 9.488339039999997837e+00 2.192370907999999872e+03 2.271440399999999954e+03
2.468499999999999872e+01 9.516483359999998726e+00 2.192136371999999938e+03 2.271440399999999954e+03
2.469000000000000128e+01 9.426125279999999051e+00 2.192889356000000134e+03 2.271440399999999954e+03
2.469500000000000028e+01 9.454269599999998164e+00 2.192654819999999745e+03 2.271440399999999954e+03
2.469999999999999929e+01 9.443159999999998888e+00 2.192747399999999743e+03 2.271440399999999954e+03
2.470500000000000185e+01 9.397980959999998163e+00 2.193123892000000069e+03 2.271440399999999954e+03
2.471000000000000085e+01 9.369466319999999016e+00 2.193361514000000170e+03 2.271440399999999954e+03
2.471499999999999986e+01 9.471304319999998000e+00 2.192512863999999809e+03 2.271440399999999954e+03
2.471999999999999886e+01 9.482413919999999052e+00 2.192420283999999810e+03 2.271440399999999954e+03
2.472500000000000142e+01 9.516483359999998726e+00 2.192136371999999938e+03 2.271440399999999954e+03
2.473000000000000043e+01 9.437234879999998327e+00 2.192796776000000136e+03 2.271440399999999954e+03
2.473499999999999943e+01 9.476859119999998526e+00 2.192466574000000037e+03 2.271440399999999954e+03
2.474000000000000199e+01 9.386501039999998852e+00 2.193219557999999779e+03 2.271440399999999954e+03
2.474500000000000099e+01 9.375391439999997800e+00 2.193312137999999777e+03 2.271440399999999954e+03
2.475000000000000000e+01 9.476859119999998526e+00 2.192466574000000037e+03 2.271440399999999954e+03
2.475499999999999901e+01 9.426125279999999051e+00 2.192889356000000134e+03 2.271440399999999954e+03
2.476000000000000156e+01 9.375391439999997800e+00 2.193312137999999777e+03 2.271440399999999954e+03
2.476500000000000057e+01 9.443159999999998888e+00 2.192747399999999743e+03 2.271440399999999954e+03
2.476999999999999957e+01 9.420570479999998525e+00 2.192935645999999906e+03 2.271440399999999954e+03
2.477499999999999858e+01 9.448714799999997638e+00 2.192701109999999971e+03 2.271440399999999954e+03
2.478000000000000114e+01 9.454269599999998164e+00 2.192654819999999745e+03 2.271440399999999954e+03
2.478500000000000014e+01 9.482413919999999052e+00 2.192420283999999810e+03 2.271440399999999954e+03
2.478999999999999915e+01 9.505373759999997674e+00 2.192228951999999936e+03 2.271440399999999954e+03
2.479500000000000171e+01 9.471304319999998000e+00 2.192512863999999809e+03 2.271440399999999954e+03
2.480000000000000071e+01 9.510928559999998200e+00 2.192182662000000164e+03 2.271440399999999954e+03
2.480499999999999972e+01 9.448714799999997638e+00 2.192701109999999971e+03 2.271440399999999954e+03
2.480999999999999872e+01 9.431680079999997801e+00 2.192843065999999908e+03 2.271440399999999954e+03
2.481500000000000128e+01 9.437234879999998327e+00 2.192796776000000136e+03 2.271440399999999954e+03
2.482000000000000028e+01 9.437234879999998327e+00 2.192796776000000136e+03 2.271440399999999954e+03
2.482499999999999929e+01 9.505373759999997674e+00 2.192228951999999936e+03 2.271440399999999954e+03
2.483000000000000185e+01 9.465749519999997474e+00 2.192559154000000035e+03 2.271440399999999954e+03
2.483500000000000085e+01 9.476859119999998526e+00 2.192466574000000037e+03 2.271440399999999954e+03
2.483999999999999986e+01 9.448714799999997638e+00 2.192701109999999971e+03 2.271440399999999954e+03
2.484499999999999886e+01 9.476859119999998526e+00 2.192466574000000037e+03 2.271440399999999954e+03
2.485000000000000142e+01 9.454269599999998164e+00 2.192654819999999745e+03 2.271440399999999954e+03
2.485500000000000043e+01 9.392055839999999378e+00 2.193173268000000007e+03 2.271440399999999954e+03
2.485999999999999943e+01 9.363911519999998490e+00 2.193407803999999942e+03 2.271440399999999954e+03
2.486500000000000199e+01 9.420570479999998525e+00 2.192935645999999906e+03 2.271440399999999954e+03
2.487000000000000099e+01 9.431680079999997801e+00 2.192843065999999908e+03 2.271440399999999954e+03
2.487500000000000000e+01 9.409090559999999215e+00 2.193031312000000071e+03 2.271440399999999954e+03
2.487999999999999901e+01 9.420570479999998525e+00 2.192935645999999906e+03 2.271440399999999954e+03
2.488500000000000156e+01 9.431680079999997801e+00 2.192843065999999908e+03 2.271440399999999954e+03
2.489000000000000057e+01 9.375391439999997800e+00 2.193312137999999777e+03 2.271440399999999954e+03
2.489499999999999957e+01 9.454269599999998164e+00 2.192654819999999745e+03 2.271440399999999954e+03
2.489999999999999858e+01 9.397980959999998163e+00 2.193123892000000069e+03 2.271440399999999954e+03
2.490500000000000114e+01 9.431680079999997801e+00 2.192843065999999908e+03 2.271440399999999954e+03
2.491000000000000014e+01 9.363911519999998490e+00 2.193407803999999942e+03 2.271440399999999954e+03
2.491499999999999915e+01 9.369466319999999016e+00 2.193361514000000170e+03 2.271440399999999954e+03
2.492000000000000171e+01 9.414645359999999741e+00 2.192985021999999844e+03 2.271440399999999954e+03
2.492500000000000071e+01 9.380946239999998326e+00 2.193265848000000005e+03 2.271440399999999954e+03
2.492999999999999972e+01 9.403535759999998689e+00 2.193077601999999843e+03 2.271440399999999954e+03
2.493499999999999872e+01 9.409090559999999215e+00 2.193031312000000071e+03 2.271440399999999954e+03
2.494000000000000128e+01 9.363911519999998490e+00 2.193407803999999942e+03 2.271440399999999954e+03
2.494500000000000028e+01 9.414645359999999741e+00 2.192985021999999844e+03 2.271440399999999954e+03
2.494999999999999929e+01 9.448714799999997638e+00 2.192701109999999971e+03 2.271440399999999954e+03
2.495500000000000185e+01 9.454269599999998164e+00 2.192654819999999745e+03 2.271440399999999954e+03
2.496000000000000085e+01 9.437234879999998327e+00 2.192796776000000136e+03 2.271440399999999954e+03
2.496499999999999986e+01 9.454269599999998164e+00 2.192654819999999745e+03 2.271440399999999954e+03
2.496999999999999886e+01 9.409090559999999215e+00 2.193031312000000071e+03 2.271440399999999954e+03
2.497500000000000142e+01 9.341321999999998127e+00 2.193596050000000105e+03 2.271440399999999954e+03
2.498000000000000043e+01 9.346876799999998653e+00 2.193549759999999878e+03 2.271440399999999954e+03
2.498499999999999943e+01 9.448714799999997638e+00 2.192701109999999971e+03 2.271440399999999954e+03
2.499000000000000199e+01 9.386501039999998852e+00 2.193219557999999779e+03 2.271440399999999954e+03
2.499500000000000099e+01 9.510928559999998200e+00 2.192182662000000164e+03 2.271440399999999954e+03
2.500000000000000000e+01 9.465749519999997474e+00 2.192559154000000035e+03 2.271440399999999954e+03
