0.000000000000000000e+00 2.176222511999999654e+01 1.969069224000000077e+03 2.150421100000000024e+03
4.999999999999893419e-03 2.152485000000000070e+01 1.971047350000000051e+03 2.150421100000000024e+03
9.999999999999786837e-03 2.128784519999999958e+01 1.973022390000000087e+03 2.150421100000000024e+03
1.499999999999968026e-02 2.106713448000000000e+01 1.974861646000000064e+03 2.150421100000000024e+03
2.000000000000001776e-02 2.092048775999999677e+01 1.976083702000000130e+03 2.150421100000000024e+03
2.499999999999991118e-02 2.076791592000000009e+01 1.977355133999999907e+03 2.150421100000000024e+03
2.999999999999980460e-02 2.061534408000000340e+01 1.978626565999999912e+03 2.150421100000000024e+03
3.499999999999969802e-02 2.047943664000000297e+01 1.979759127999999919e+03 2.150421100000000024e+03
4.000000000000003553e-02 2.038907856000000152e+01 1.980512111999999888e+03 2.150421100000000024e+03
4.499999999999992895e-02 2.023650672000000483e+01 1.981783543999999893e+03 2.150421100000000024e+03
4.999999999999982236e-02 2.010652440000000141e+01 1.982866729999999961e+03 2.150421100000000024e+03
5.499999999999971578e-02 2.005579055999999838e+01 1.983289512000000059e+03 2.150421100000000024e+03
6.000000000000005329e-02 1.992025343999999976e+01 1.984418987999999899e+03 2.150421100000000024e+03
6.499999999999994671e-02 1.984100495999999936e+01 1.985079392000000098e+03 2.150421100000000024e+03
6.999999999999984013e-02 1.980138072000000093e+01 1.985409593999999970e+03 2.150421100000000024e+03
7.499999999999973355e-02 1.962066456000000159e+01 1.986915561999999909e+03 2.150421100000000024e+03
7.999999999999962697e-02 1.961510975999999928e+01 1.986961851999999908e+03 2.150421100000000024e+03
8.499999999999952038e-02 1.955845079999999925e+01 1.987434009999999944e+03 2.150421100000000024e+03
8.999999999999941380e-02 1.950771695999999977e+01 1.987856792000000041e+03 2.150421100000000024e+03
9.500000000000019540e-02 1.940032416000000026e+01 1.988751731999999947e+03 2.150421100000000024e+03
1.000000000000000888e-01 1.933255559999999562e+01 1.989316469999999981e+03 2.150421100000000024e+03
1.049999999999999822e-01 1.922516279999999966e+01 1.990211410000000114e+03 2.150421100000000024e+03
1.099999999999998757e-01 1.917405863999999838e+01 1.990637278000000151e+03 2.150421100000000024e+03
1.149999999999997691e-01 1.916294903999999732e+01 1.990729858000000149e+03 2.150421100000000024e+03
1.199999999999996625e-01 1.910073527999999854e+01 1.991248305999999957e+03 2.150421100000000024e+03
1.249999999999995559e-01 1.899334247999999548e+01 1.992143246000000090e+03 2.150421100000000024e+03
1.299999999999994493e-01 1.897630775999999742e+01 1.992285202000000027e+03 2.150421100000000024e+03
1.350000000000002309e-01 1.898778767999999673e+01 1.992189536000000089e+03 2.150421100000000024e+03
1.400000000000001243e-01 1.891409399999999863e+01 1.992803650000000061e+03 2.150421100000000024e+03
1.450000000000000178e-01 1.882929071999999948e+01 1.993510344000000032e+03 2.150421100000000024e+03
1.499999999999999112e-01 1.877855687999999645e+01 1.993933126000000129e+03 2.150421100000000024e+03
1.549999999999998046e-01 1.872226823999999823e+01 1.994402197999999999e+03 2.150421100000000024e+03
1.599999999999996980e-01 1.862598503999999977e+01 1.995204557999999906e+03 2.150421100000000024e+03
1.649999999999995914e-01 1.854673655999999937e+01 1.995864962000000105e+03 2.150421100000000024e+03
1.699999999999994849e-01 1.845082367999999917e+01 1.996664236000000074e+03 2.150421100000000024e+03
1.750000000000002665e-01 1.843971407999999812e+01 1.996756816000000072e+03 2.150421100000000024e+03
1.800000000000001599e-01 1.843378895999999756e+01 1.996806192000000010e+03 2.150421100000000024e+03
1.850000000000000533e-01 1.835491079999999897e+01 1.997463510000000042e+03 2.150421100000000024e+03
1.899999999999999467e-01 1.830973175999999825e+01 1.997840001999999913e+03 2.150421100000000024e+03
1.949999999999998401e-01 1.825862759999999696e+01 1.998265869999999950e+03 2.150421100000000024e+03
1.999999999999997335e-01 1.817382431999999781e+01 1.998972564000000148e+03 2.150421100000000024e+03
2.049999999999996270e-01 1.814012519999999995e+01 1.999253390000000081e+03 2.150421100000000024e+03
2.099999999999995204e-01 1.816271472000000031e+01 1.999065143999999918e+03 2.150421100000000024e+03
2.149999999999994138e-01 1.813420007999999939e+01 1.999302766000000020e+03 2.150421100000000024e+03
2.200000000000001954e-01 1.808902103999999866e+01 1.999679258000000118e+03 2.150421100000000024e+03
2.250000000000000888e-01 1.806643152000000185e+01 1.999867504000000054e+03 2.150421100000000024e+03
2.299999999999999822e-01 1.793644920000000198e+01 2.000950690000000122e+03 2.150421100000000024e+03
2.349999999999998757e-01 1.788016056000000020e+01 2.001419761999999992e+03 2.150421100000000024e+03
2.399999999999997691e-01 1.787460576000000145e+01 2.001466051999999991e+03 2.150421100000000024e+03
2.449999999999996625e-01 1.786868064000000089e+01 2.001515427999999929e+03 2.150421100000000024e+03
2.499999999999995559e-01 1.793089439999999968e+01 2.000996979999999894e+03 2.150421100000000024e+03
2.549999999999994493e-01 1.790275008000000412e+01 2.001231516000000056e+03 2.150421100000000024e+03
2.600000000000002309e-01 1.781239200000000267e+01 2.001984500000000025e+03 2.150421100000000024e+03
2.650000000000001243e-01 1.771610879999999710e+01 2.002786860000000161e+03 2.150421100000000024e+03
2.700000000000000178e-01 1.774462344000000158e+01 2.002549238000000059e+03 2.150421100000000024e+03
2.749999999999999112e-01 1.770499919999999960e+01 2.002879439999999931e+03 2.150421100000000024e+03
2.799999999999998046e-01 1.771055400000000191e+01 2.002833149999999932e+03 2.150421100000000024e+03
2.849999999999996980e-01 1.769351928000000029e+01 2.002975106000000096e+03 2.150421100000000024e+03
2.899999999999995914e-01 1.765982016000000243e+01 2.003255932000000030e+03 2.150421100000000024e+03
2.949999999999994849e-01 1.757501687999999973e+01 2.003962626000000000e+03 2.150421100000000024e+03
3.000000000000002665e-01 1.756909175999999917e+01 2.004012001999999939e+03 2.150421100000000024e+03
3.050000000000001599e-01 1.750132319999999808e+01 2.004576739999999972e+03 2.150421100000000024e+03
3.100000000000000533e-01 1.747317887999999897e+01 2.004811275999999907e+03 2.150421100000000024e+03
3.149999999999999467e-01 1.742244503999999949e+01 2.005234058000000005e+03 2.150421100000000024e+03
3.199999999999998401e-01 1.743355464000000055e+01 2.005141478000000006e+03 2.150421100000000024e+03
3.249999999999997335e-01 1.739393040000000212e+01 2.005471680000000106e+03 2.150421100000000024e+03
3.299999999999996270e-01 1.738837559999999982e+01 2.005517970000000105e+03 2.150421100000000024e+03
3.349999999999995204e-01 1.736023127999999716e+01 2.005752506000000039e+03 2.150421100000000024e+03
3.399999999999994138e-01 1.736578607999999946e+01 2.005706216000000040e+03 2.150421100000000024e+03
3.450000000000001954e-01 1.733764176000000035e+01 2.005940751999999975e+03 2.150421100000000024e+03
3.500000000000000888e-01 1.730949743999999768e+01 2.006175288000000137e+03 2.150421100000000024e+03
3.549999999999999822e-01 1.732616183999999748e+01 2.006036418000000140e+03 2.150421100000000024e+03
3.599999999999998757e-01 1.719062471999999886e+01 2.007165893999999980e+03 2.150421100000000024e+03
3.649999999999997691e-01 1.712285616000000132e+01 2.007730632000000014e+03 2.150421100000000024e+03
3.699999999999996625e-01 1.713989087999999938e+01 2.007588676000000078e+03 2.150421100000000024e+03
3.749999999999995559e-01 1.711730135999999902e+01 2.007776922000000013e+03 2.150421100000000024e+03
3.799999999999994493e-01 1.711730135999999902e+01 2.007776922000000013e+03 2.150421100000000024e+03
3.850000000000002309e-01 1.713396576000000238e+01 2.007638052000000016e+03 2.150421100000000024e+03
3.900000000000001243e-01 1.715100048000000044e+01 2.007496096000000080e+03 2.150421100000000024e+03
3.950000000000000178e-01 1.708878672000000165e+01 2.008014544000000114e+03 2.150421100000000024e+03
3.999999999999999112e-01 1.702101816000000056e+01 2.008579281999999921e+03 2.150421100000000024e+03
4.049999999999998046e-01 1.702694328000000112e+01 2.008529905999999983e+03 2.150421100000000024e+03
4.099999999999996980e-01 1.705508760000000024e+01 2.008295370000000048e+03 2.150421100000000024e+03
4.149999999999995914e-01 1.703805288000000218e+01 2.008437325999999985e+03 2.150421100000000024e+03
4.199999999999994849e-01 1.695324959999999948e+01 2.009144019999999955e+03 2.150421100000000024e+03
4.250000000000002665e-01 1.695880440000000178e+01 2.009097729999999956e+03 2.150421100000000024e+03
4.300000000000001599e-01 1.686289152000000158e+01 2.009897003999999924e+03 2.150421100000000024e+03
4.350000000000000533e-01 1.696472951999999879e+01 2.009048354000000018e+03 2.150421100000000024e+03
4.399999999999999467e-01 1.681215768000000210e+01 2.010319786000000022e+03 2.150421100000000024e+03
4.449999999999998401e-01 1.682882208000000190e+01 2.010180916000000025e+03 2.150421100000000024e+03
4.499999999999997335e-01 1.683474719999999891e+01 2.010131540000000086e+03 2.150421100000000024e+03
4.549999999999996270e-01 1.677253344000000013e+01 2.010649988000000121e+03 2.150421100000000024e+03
4.599999999999995204e-01 1.676105352000000082e+01 2.010745654000000059e+03 2.150421100000000024e+03
4.649999999999994138e-01 1.674438911999999746e+01 2.010884524000000056e+03 2.150421100000000024e+03
4.700000000000001954e-01 1.672735439999999940e+01 2.011026479999999992e+03 2.150421100000000024e+03
4.750000000000000888e-01 1.671031968000000134e+01 2.011168435999999929e+03 2.150421100000000024e+03
4.799999999999999822e-01 1.666514064000000062e+01 2.011544928000000027e+03 2.150421100000000024e+03
4.849999999999998757e-01 1.662551639999999509e+01 2.011875130000000127e+03 2.150421100000000024e+03
4.899999999999997691e-01 1.669328495999999973e+01 2.011310392000000093e+03 2.150421100000000024e+03
4.949999999999996625e-01 1.667625023999999812e+01 2.011452348000000029e+03 2.150421100000000024e+03
4.999999999999995559e-01 1.653515831999999719e+01 2.012628114000000096e+03 2.150421100000000024e+03
5.049999999999994493e-01 1.658033735999999791e+01 2.012251621999999998e+03 2.150421100000000024e+03
5.100000000000002309e-01 1.656330263999999985e+01 2.012393577999999934e+03 2.150421100000000024e+03
5.150000000000001243e-01 1.651812359999999913e+01 2.012770070000000032e+03 2.150421100000000024e+03
5.200000000000000178e-01 1.647849936000000071e+01 2.013100272000000132e+03 2.150421100000000024e+03
5.249999999999999112e-01 1.650701400000000163e+01 2.012862650000000031e+03 2.150421100000000024e+03
5.299999999999998046e-01 1.648442448000000127e+01 2.013050895999999966e+03 2.150421100000000024e+03
5.349999999999996980e-01 1.651812359999999913e+01 2.012770070000000032e+03 2.150421100000000024e+03
5.399999999999995914e-01 1.648442448000000127e+01 2.013050895999999966e+03 2.150421100000000024e+03
5.449999999999994849e-01 1.643887511999999873e+01 2.013430474000000004e+03 2.150421100000000024e+03
5.500000000000002665e-01 1.641073079999999607e+01 2.013665010000000166e+03 2.150421100000000024e+03
5.550000000000001599e-01 1.641073079999999607e+01 2.013665010000000166e+03 2.150421100000000024e+03
5.600000000000000533e-01 1.638814127999999926e+01 2.013853256000000101e+03 2.150421100000000024e+03
5.649999999999999467e-01 1.635999695999999659e+01 2.014087792000000036e+03 2.150421100000000024e+03
5.699999999999998401e-01 1.630926311999999712e+01 2.014510574000000133e+03 2.150421100000000024e+03
5.749999999999997335e-01 1.632592751999999692e+01 2.014371704000000136e+03 2.150421100000000024e+03
5.799999999999996270e-01 1.623001463999999672e+01 2.015170978000000105e+03 2.150421100000000024e+03
5.849999999999995204e-01 1.625815895999999938e+01 2.014936441999999943e+03 2.150421100000000024e+03
5.899999999999994138e-01 1.624112423999999777e+01 2.015078398000000107e+03 2.150421100000000024e+03
5.950000000000001954e-01 1.624704935999999833e+01 2.015029021999999941e+03 2.150421100000000024e+03
6.000000000000000888e-01 1.622445983999999797e+01 2.015217268000000104e+03 2.150421100000000024e+03
6.049999999999999822e-01 1.618483559999999599e+01 2.015547469999999976e+03 2.150421100000000024e+03
6.099999999999998757e-01 1.615632095999999862e+01 2.015785092000000077e+03 2.150421100000000024e+03
6.149999999999997691e-01 1.605485327999999612e+01 2.016630656000000045e+03 2.150421100000000024e+03
6.199999999999996625e-01 1.607188799999999773e+01 2.016488700000000108e+03 2.150421100000000024e+03
6.249999999999995559e-01 1.610558711999999915e+01 2.016207873999999947e+03 2.150421100000000024e+03
6.299999999999994493e-01 1.608299759999999878e+01 2.016396120000000110e+03 2.150421100000000024e+03
6.350000000000002309e-01 1.607744280000000003e+01 2.016442410000000109e+03 2.150421100000000024e+03
6.400000000000001243e-01 1.604337336000000036e+01 2.016726321999999982e+03 2.150421100000000024e+03
6.450000000000000178e-01 1.604929847999999737e+01 2.016676946000000044e+03 2.150421100000000024e+03
6.499999999999999112e-01 1.610558711999999915e+01 2.016207873999999947e+03 2.150421100000000024e+03
6.549999999999998046e-01 1.606040807999999842e+01 2.016584366000000045e+03 2.150421100000000024e+03
6.599999999999996980e-01 1.605485327999999612e+01 2.016630656000000045e+03 2.150421100000000024e+03
6.649999999999995914e-01 1.605485327999999612e+01 2.016630656000000045e+03 2.150421100000000024e+03
6.699999999999994849e-01 1.610003231999999684e+01 2.016254163999999946e+03 2.150421100000000024e+03
6.750000000000002665e-01 1.598708471999999858e+01 2.017195394000000078e+03 2.150421100000000024e+03
6.800000000000001599e-01 1.589080151999999835e+01 2.017997753999999986e+03 2.150421100000000024e+03
6.850000000000000533e-01 1.589080151999999835e+01 2.017997753999999986e+03 2.150421100000000024e+03
6.899999999999999467e-01 1.591931615999999927e+01 2.017760132000000112e+03 2.150421100000000024e+03
6.949999999999998401e-01 1.588524671999999960e+01 2.018044043999999985e+03 2.150421100000000024e+03
6.999999999999997335e-01 1.582303295999999904e+01 2.018562492000000020e+03 2.150421100000000024e+03
7.049999999999996270e-01 1.584006767999999887e+01 2.018420536000000084e+03 2.150421100000000024e+03
7.099999999999995204e-01 1.582858776000000134e+01 2.018516202000000021e+03 2.150421100000000024e+03
7.149999999999994138e-01 1.573822967999999989e+01 2.019269185999999991e+03 2.150421100000000024e+03
7.200000000000001954e-01 1.586265720000000101e+01 2.018232289999999921e+03 2.150421100000000024e+03
7.250000000000000888e-01 1.585117727999999993e+01 2.018327956000000086e+03 2.150421100000000024e+03
7.299999999999999822e-01 1.573822967999999989e+01 2.019269185999999991e+03 2.150421100000000024e+03
7.349999999999998757e-01 1.576081920000000203e+01 2.019080940000000055e+03 2.150421100000000024e+03
7.399999999999997691e-01 1.574970960000000098e+01 2.019173520000000053e+03 2.150421100000000024e+03
7.449999999999996625e-01 1.573267488000000114e+01 2.019315475999999990e+03 2.150421100000000024e+03
7.499999999999995559e-01 1.573822967999999989e+01 2.019269185999999991e+03 2.150421100000000024e+03
7.549999999999994493e-01 1.573267488000000114e+01 2.019315475999999990e+03 2.150421100000000024e+03
7.600000000000002309e-01 1.564231679999999969e+01 2.020068459999999959e+03 2.150421100000000024e+03
7.650000000000001243e-01 1.564231679999999969e+01 2.020068459999999959e+03 2.150421100000000024e+03
7.700000000000000178e-01 1.559121264000000018e+01 2.020494327999999996e+03 2.150421100000000024e+03
7.749999999999999112e-01 1.564787160000000199e+01 2.020022169999999960e+03 2.150421100000000024e+03
7.799999999999998046e-01 1.568194103999999811e+01 2.019738258000000087e+03 2.150421100000000024e+03
7.849999999999996980e-01 1.568749584000000041e+01 2.019691968000000088e+03 2.150421100000000024e+03
7.899999999999995914e-01 1.567046112000000058e+01 2.019833924000000025e+03 2.150421100000000024e+03
7.949999999999994849e-01 1.561972728000000110e+01 2.020256706000000122e+03 2.150421100000000024e+03
8.000000000000002665e-01 1.554047880000000070e+01 2.020917110000000093e+03 2.150421100000000024e+03
8.050000000000001599e-01 1.554603359999999945e+01 2.020870820000000094e+03 2.150421100000000024e+03
8.100000000000000533e-01 1.559713775999999896e+01 2.020444952000000058e+03 2.150421100000000024e+03
8.149999999999999467e-01 1.551788928000000212e+01 2.021105356000000029e+03 2.150421100000000024e+03
8.199999999999998401e-01 1.557454824000000038e+01 2.020633197999999993e+03 2.150421100000000024e+03
8.249999999999997335e-01 1.551788928000000212e+01 2.021105356000000029e+03 2.150421100000000024e+03
8.299999999999996270e-01 1.551788928000000212e+01 2.021105356000000029e+03 2.150421100000000024e+03
8.349999999999995204e-01 1.551788928000000212e+01 2.021105356000000029e+03 2.150421100000000024e+03
8.399999999999994138e-01 1.552936919999999965e+01 2.021009690000000091e+03 2.150421100000000024e+03
8.450000000000001954e-01 1.550677968000000106e+01 2.021197936000000027e+03 2.150421100000000024e+03
8.500000000000000888e-01 1.543308599999999942e+01 2.021812049999999999e+03 2.150421100000000024e+03
8.549999999999999822e-01 1.544456592000000050e+01 2.021716384000000062e+03 2.150421100000000024e+03
8.599999999999998757e-01 1.541605128000000136e+01 2.021954005999999936e+03 2.150421100000000024e+03
8.649999999999997691e-01 1.538790696000000047e+01 2.022188542000000098e+03 2.150421100000000024e+03
8.699999999999996625e-01 1.541605128000000136e+01 2.021954005999999936e+03 2.150421100000000024e+03
8.749999999999995559e-01 1.538235215999999994e+01 2.022234832000000097e+03 2.150421100000000024e+03
8.799999999999994493e-01 1.530865848000000184e+01 2.022848946000000069e+03 2.150421100000000024e+03
8.850000000000002309e-01 1.530310368000000132e+01 2.022895236000000068e+03 2.150421100000000024e+03
8.900000000000001243e-01 1.534272792000000152e+01 2.022565033999999969e+03 2.150421100000000024e+03
8.950000000000000178e-01 1.529754888000000079e+01 2.022941526000000067e+03 2.150421100000000024e+03
8.999999999999999112e-01 1.532013840000000116e+01 2.022753279999999904e+03 2.150421100000000024e+03
9.049999999999998046e-01 1.531458360000000063e+01 2.022799570000000131e+03 2.150421100000000024e+03
9.099999999999996980e-01 1.533717312000000099e+01 2.022611323999999968e+03 2.150421100000000024e+03
9.149999999999995914e-01 1.533161832000000047e+01 2.022657613999999967e+03 2.150421100000000024e+03
9.199999999999994849e-01 1.534828272000000027e+01 2.022518743999999970e+03 2.150421100000000024e+03
9.250000000000002665e-01 1.530310368000000132e+01 2.022895236000000068e+03 2.150421100000000024e+03
9.300000000000001599e-01 1.518460128000000076e+01 2.023882755999999972e+03 2.150421100000000024e+03
9.350000000000000533e-01 1.528051416000000096e+01 2.023083482000000004e+03 2.150421100000000024e+03
9.399999999999999467e-01 1.526347944000000112e+01 2.023225437999999940e+03 2.150421100000000024e+03
9.449999999999998401e-01 1.526347944000000112e+01 2.023225437999999940e+03 2.150421100000000024e+03
9.499999999999997335e-01 1.522978032000000148e+01 2.023506264000000101e+03 2.150421100000000024e+03
9.549999999999996270e-01 1.514497704000000056e+01 2.024212958000000071e+03 2.150421100000000024e+03
9.599999999999995204e-01 1.516201176000000039e+01 2.024071002000000135e+03 2.150421100000000024e+03
9.649999999999994138e-01 1.520163600000000059e+01 2.023740800000000036e+03 2.150421100000000024e+03
9.700000000000001954e-01 1.519571088000000181e+01 2.023790175999999974e+03 2.150421100000000024e+03
9.750000000000000888e-01 1.519571088000000181e+01 2.023790175999999974e+03 2.150421100000000024e+03
9.799999999999999822e-01 1.520163600000000059e+01 2.023740800000000036e+03 2.150421100000000024e+03
9.849999999999998757e-01 1.517312136000000145e+01 2.023978421999999910e+03 2.150421100000000024e+03
9.899999999999997691e-01 1.511683272000000144e+01 2.024447494000000006e+03 2.150421100000000024e+03
9.949999999999996625e-01 1.510535280000000213e+01 2.024543159999999943e+03 2.150421100000000024e+03
9.999999999999995559e-01 1.512794232000000072e+01 2.024354914000000008e+03 2.150421100000000024e+03
1.004999999999999449e+00 1.503202944000000052e+01 2.025154187999999976e+03 2.150421100000000024e+03
1.010000000000000231e+00 1.509979800000000161e+01 2.024589449999999943e+03 2.150421100000000024e+03
1.015000000000000124e+00 1.509979800000000161e+01 2.024589449999999943e+03 2.150421100000000024e+03
1.020000000000000018e+00 1.507165368000000072e+01 2.024823986000000104e+03 2.150421100000000024e+03
1.024999999999999911e+00 1.507165368000000072e+01 2.024823986000000104e+03 2.150421100000000024e+03
1.029999999999999805e+00 1.503758423999999749e+01 2.025107897999999977e+03 2.150421100000000024e+03
1.034999999999999698e+00 1.499795999999999907e+01 2.025438100000000077e+03 2.150421100000000024e+03
1.039999999999999591e+00 1.503202944000000052e+01 2.025154187999999976e+03 2.150421100000000024e+03
1.044999999999999485e+00 1.500943992000000016e+01 2.025342433999999912e+03 2.150421100000000024e+03
1.050000000000000266e+00 1.505461896000000088e+01 2.024965942000000041e+03 2.150421100000000024e+03
1.055000000000000160e+00 1.500943992000000016e+01 2.025342433999999912e+03 2.150421100000000024e+03
1.060000000000000053e+00 1.506017376000000141e+01 2.024919652000000042e+03 2.150421100000000024e+03
1.064999999999999947e+00 1.502054951999999766e+01 2.025249854000000141e+03 2.150421100000000024e+03
1.069999999999999840e+00 1.494167136000000085e+01 2.025907171999999946e+03 2.150421100000000024e+03
1.074999999999999734e+00 1.498092527999999923e+01 2.025580056000000013e+03 2.150421100000000024e+03
1.079999999999999627e+00 1.496981567999999818e+01 2.025672636000000011e+03 2.150421100000000024e+03
1.084999999999999520e+00 1.494722615999999782e+01 2.025860881999999947e+03 2.150421100000000024e+03
1.089999999999999414e+00 1.495278095999999834e+01 2.025814591999999948e+03 2.150421100000000024e+03
1.095000000000000195e+00 1.499795999999999907e+01 2.025438100000000077e+03 2.150421100000000024e+03
1.100000000000000089e+00 1.504906416000000036e+01 2.025012232000000040e+03 2.150421100000000024e+03
1.104999999999999982e+00 1.499795999999999907e+01 2.025438100000000077e+03 2.150421100000000024e+03
1.109999999999999876e+00 1.493019143999999798e+01 2.026002838000000111e+03 2.150421100000000024e+03
1.114999999999999769e+00 1.493019143999999798e+01 2.026002838000000111e+03 2.150421100000000024e+03
1.119999999999999662e+00 1.486797767999999920e+01 2.026521286000000146e+03 2.150421100000000024e+03
1.124999999999999556e+00 1.487945759999999851e+01 2.026425619999999981e+03 2.150421100000000024e+03
1.129999999999999449e+00 1.491908184000000048e+01 2.026095418000000109e+03 2.150421100000000024e+03
1.135000000000000231e+00 1.486242287999999867e+01 2.026567575999999917e+03 2.150421100000000024e+03
1.140000000000000124e+00 1.487353247999999795e+01 2.026474995999999919e+03 2.150421100000000024e+03
1.145000000000000018e+00 1.482835343999999900e+01 2.026851488000000018e+03 2.150421100000000024e+03
1.149999999999999911e+00 1.485686807999999814e+01 2.026613866000000144e+03 2.150421100000000024e+03
1.154999999999999805e+00 1.489056719999999778e+01 2.026333039999999983e+03 2.150421100000000024e+03
1.159999999999999698e+00 1.488501239999999903e+01 2.026379329999999982e+03 2.150421100000000024e+03
1.164999999999999591e+00 1.479465431999999758e+01 2.027132313999999951e+03 2.150421100000000024e+03
1.169999999999999485e+00 1.473244055999999880e+01 2.027650761999999986e+03 2.150421100000000024e+03
1.175000000000000266e+00 1.483427855999999778e+01 2.026802112000000079e+03 2.150421100000000024e+03
1.180000000000000160e+00 1.480020911999999811e+01 2.027086023999999952e+03 2.150421100000000024e+03
1.185000000000000053e+00 1.471540583999999896e+01 2.027792717999999923e+03 2.150421100000000024e+03
1.189999999999999947e+00 1.481724383999999795e+01 2.026944068000000016e+03 2.150421100000000024e+03
1.194999999999999840e+00 1.471540583999999896e+01 2.027792717999999923e+03 2.150421100000000024e+03
1.199999999999999734e+00 1.468170671999999755e+01 2.028073544000000084e+03 2.150421100000000024e+03
1.204999999999999627e+00 1.470429623999999791e+01 2.027885298000000148e+03 2.150421100000000024e+03
1.209999999999999520e+00 1.469837111999999912e+01 2.027934674000000086e+03 2.150421100000000024e+03
1.214999999999999414e+00 1.473244055999999880e+01 2.027650761999999986e+03 2.150421100000000024e+03
1.220000000000000195e+00 1.470985103999999843e+01 2.027839007999999922e+03 2.150421100000000024e+03
1.225000000000000089e+00 1.474355015999999985e+01 2.027558181999999988e+03 2.150421100000000024e+03
1.229999999999999982e+00 1.470985103999999843e+01 2.027839007999999922e+03 2.150421100000000024e+03
1.234999999999999876e+00 1.463060255999999981e+01 2.028499412000000120e+03 2.150421100000000024e+03
1.239999999999999769e+00 1.459690343999999840e+01 2.028780238000000054e+03 2.150421100000000024e+03
1.244999999999999662e+00 1.464208247999999912e+01 2.028403745999999956e+03 2.150421100000000024e+03
1.249999999999999556e+00 1.470985103999999843e+01 2.027839007999999922e+03 2.150421100000000024e+03
1.254999999999999449e+00 1.465911719999999896e+01 2.028261790000000019e+03 2.150421100000000024e+03
1.260000000000000231e+00 1.464763727999999787e+01 2.028357455999999956e+03 2.150421100000000024e+03
1.265000000000000124e+00 1.465319207999999840e+01 2.028311165999999957e+03 2.150421100000000024e+03
1.270000000000000018e+00 1.466467199999999771e+01 2.028215500000000020e+03 2.150421100000000024e+03
1.274999999999999911e+00 1.461393815999999823e+01 2.028638282000000117e+03 2.150421100000000024e+03
1.279999999999999805e+00 1.462504775999999929e+01 2.028545702000000119e+03 2.150421100000000024e+03
1.284999999999999698e+00 1.455172439999999767e+01 2.029156730000000152e+03 2.150421100000000024e+03
1.289999999999999591e+00 1.459690343999999840e+01 2.028780238000000054e+03 2.150421100000000024e+03
1.294999999999999485e+00 1.463060255999999981e+01 2.028499412000000120e+03 2.150421100000000024e+03
1.300000000000000266e+00 1.457986871999999856e+01 2.028922193999999990e+03 2.150421100000000024e+03
1.305000000000000160e+00 1.454579927999999889e+01 2.029206106000000091e+03 2.150421100000000024e+03
1.310000000000000053e+00 1.456283399999999872e+01 2.029064149999999927e+03 2.150421100000000024e+03
1.314999999999999947e+00 1.455727919999999820e+01 2.029110439999999926e+03 2.150421100000000024e+03
1.319999999999999840e+00 1.453468967999999784e+01 2.029298686000000089e+03 2.150421100000000024e+03
1.324999999999999734e+00 1.457431391999999803e+01 2.028968483999999989e+03 2.150421100000000024e+03
1.329999999999999627e+00 1.457986871999999856e+01 2.028922193999999990e+03 2.150421100000000024e+03
1.334999999999999520e+00 1.452913487999999909e+01 2.029344976000000088e+03 2.150421100000000024e+03
1.339999999999999414e+00 1.453468967999999784e+01 2.029298686000000089e+03 2.150421100000000024e+03
1.345000000000000195e+00 1.450654535999999872e+01 2.029533222000000023e+03 2.150421100000000024e+03
1.350000000000000089e+00 1.450654535999999872e+01 2.029533222000000023e+03 2.150421100000000024e+03
1.354999999999999982e+00 1.450654535999999872e+01 2.029533222000000023e+03 2.150421100000000024e+03
1.359999999999999876e+00 1.447803071999999958e+01 2.029770844000000125e+03 2.150421100000000024e+03
1.364999999999999769e+00 1.446099599999999974e+01 2.029912800000000061e+03 2.150421100000000024e+03
1.369999999999999662e+00 1.443840647999999938e+01 2.030101045999999997e+03 2.150421100000000024e+03
1.374999999999999556e+00 1.448395583999999836e+01 2.029721467999999959e+03 2.150421100000000024e+03
1.379999999999999449e+00 1.446099599999999974e+01 2.029912800000000061e+03 2.150421100000000024e+03
1.385000000000000231e+00 1.444433159999999816e+01 2.030051670000000058e+03 2.150421100000000024e+03
1.390000000000000124e+00 1.442174207999999780e+01 2.030239915999999994e+03 2.150421100000000024e+03
1.395000000000000018e+00 1.441026215999999849e+01 2.030335581999999931e+03 2.150421100000000024e+03
1.399999999999999911e+00 1.438211783999999938e+01 2.030570118000000093e+03 2.150421100000000024e+03
1.404999999999999805e+00 1.442729687999999832e+01 2.030193625999999995e+03 2.150421100000000024e+03
1.409999999999999698e+00 1.440470735999999974e+01 2.030381871999999930e+03 2.150421100000000024e+03
1.414999999999999591e+00 1.438767263999999990e+01 2.030523828000000094e+03 2.150421100000000024e+03
1.419999999999999485e+00 1.439915255999999921e+01 2.030428161999999929e+03 2.150421100000000024e+03
1.425000000000000266e+00 1.443285167999999885e+01 2.030147335999999996e+03 2.150421100000000024e+03
1.430000000000000160e+00 1.442174207999999780e+01 2.030239915999999994e+03 2.150421100000000024e+03
1.435000000000000053e+00 1.438211783999999938e+01 2.030570118000000093e+03 2.150421100000000024e+03
1.439999999999999947e+00 1.433138399999999990e+01 2.030992899999999963e+03 2.150421100000000024e+03
1.444999999999999840e+00 1.435952831999999901e+01 2.030758364000000029e+03 2.150421100000000024e+03
1.449999999999999734e+00 1.436508311999999954e+01 2.030712074000000030e+03 2.150421100000000024e+03
1.454999999999999627e+00 1.436508311999999954e+01 2.030712074000000030e+03 2.150421100000000024e+03
1.459999999999999520e+00 1.432545887999999934e+01 2.031042276000000129e+03 2.150421100000000024e+03
1.464999999999999414e+00 1.434804839999999970e+01 2.030854029999999966e+03 2.150421100000000024e+03
1.470000000000000195e+00 1.434804839999999970e+01 2.030854029999999966e+03 2.150421100000000024e+03
1.475000000000000089e+00 1.434804839999999970e+01 2.030854029999999966e+03 2.150421100000000024e+03
1.479999999999999982e+00 1.428027984000000039e+01 2.031418768000000000e+03 2.150421100000000024e+03
1.484999999999999876e+00 1.429175975999999970e+01 2.031323102000000063e+03 2.150421100000000024e+03
1.489999999999999769e+00 1.425769032000000003e+01 2.031607013999999936e+03 2.150421100000000024e+03
1.494999999999999662e+00 1.430286935999999898e+01 2.031230522000000065e+03 2.150421100000000024e+03
1.499999999999999556e+00 1.429731455999999845e+01 2.031276812000000064e+03 2.150421100000000024e+03
1.504999999999999449e+00 1.425769032000000003e+01 2.031607013999999936e+03 2.150421100000000024e+03
1.510000000000000231e+00 1.426917024000000112e+01 2.031511347999999998e+03 2.150421100000000024e+03
1.515000000000000124e+00 1.421806607999999983e+01 2.031937216000000035e+03 2.150421100000000024e+03
1.520000000000000018e+00 1.420695648000000055e+01 2.032029796000000033e+03 2.150421100000000024e+03
1.524999999999999911e+00 1.424658072000000075e+01 2.031699593999999934e+03 2.150421100000000024e+03
1.529999999999999805e+00 1.422954600000000092e+01 2.031841550000000097e+03 2.150421100000000024e+03
1.534999999999999698e+00 1.418436696000000019e+01 2.032218041999999969e+03 2.150421100000000024e+03
1.539999999999999591e+00 1.420695648000000055e+01 2.032029796000000033e+03 2.150421100000000024e+03
1.544999999999999485e+00 1.424658072000000075e+01 2.031699593999999934e+03 2.150421100000000024e+03
1.550000000000000266e+00 1.421251127999999930e+01 2.031983506000000034e+03 2.150421100000000024e+03
1.555000000000000160e+00 1.414474272000000177e+01 2.032548244000000068e+03 2.150421100000000024e+03
1.560000000000000053e+00 1.421806607999999983e+01 2.031937216000000035e+03 2.150421100000000024e+03
1.564999999999999947e+00 1.426324512000000055e+01 2.031560723999999936e+03 2.150421100000000024e+03
1.569999999999999840e+00 1.416733224000000035e+01 2.032359997999999905e+03 2.150421100000000024e+03
1.574999999999999734e+00 1.431434928000000006e+01 2.031134856000000127e+03 2.150421100000000024e+03
1.579999999999999627e+00 1.420140168000000003e+01 2.032076086000000032e+03 2.150421100000000024e+03
1.584999999999999520e+00 1.416733224000000035e+01 2.032359997999999905e+03 2.150421100000000024e+03
1.589999999999999414e+00 1.415585231999999927e+01 2.032455664000000070e+03 2.150421100000000024e+03
1.595000000000000195e+00 1.409956368000000104e+01 2.032924735999999939e+03 2.150421100000000024e+03
1.600000000000000089e+00 1.419547655999999947e+01 2.032125461999999970e+03 2.150421100000000024e+03
1.604999999999999982e+00 1.413918792000000124e+01 2.032594534000000067e+03 2.150421100000000024e+03
1.609999999999999876e+00 1.414474272000000177e+01 2.032548244000000068e+03 2.150421100000000024e+03
1.614999999999999769e+00 1.416177744000000160e+01 2.032406287999999904e+03 2.150421100000000024e+03
1.619999999999999662e+00 1.409956368000000104e+01 2.032924735999999939e+03 2.150421100000000024e+03
1.624999999999999556e+00 1.415029752000000052e+01 2.032501954000000069e+03 2.150421100000000024e+03
1.629999999999999449e+00 1.413326279999999890e+01 2.032643910000000005e+03 2.150421100000000024e+03
1.635000000000000231e+00 1.411659840000000088e+01 2.032782780000000002e+03 2.150421100000000024e+03
1.640000000000000124e+00 1.410511847999999979e+01 2.032878445999999940e+03 2.150421100000000024e+03
1.645000000000000018e+00 1.410511847999999979e+01 2.032878445999999940e+03 2.150421100000000024e+03
1.649999999999999911e+00 1.408808375999999818e+01 2.033020402000000104e+03 2.150421100000000024e+03
1.654999999999999805e+00 1.413326279999999890e+01 2.032643910000000005e+03 2.150421100000000024e+03
1.659999999999999698e+00 1.404290471999999923e+01 2.033396893999999975e+03 2.150421100000000024e+03
1.664999999999999591e+00 1.405993944000000084e+01 2.033254938000000038e+03 2.150421100000000024e+03
1.669999999999999485e+00 1.410511847999999979e+01 2.032878445999999940e+03 2.150421100000000024e+03
1.675000000000000266e+00 1.403734992000000226e+01 2.033443183999999974e+03 2.150421100000000024e+03
1.680000000000000160e+00 1.409956368000000104e+01 2.032924735999999939e+03 2.150421100000000024e+03
1.685000000000000053e+00 1.403734992000000226e+01 2.033443183999999974e+03 2.150421100000000024e+03
1.689999999999999947e+00 1.400920560000000137e+01 2.033677719999999908e+03 2.150421100000000024e+03
1.694999999999999840e+00 1.403179512000000173e+01 2.033489473999999973e+03 2.150421100000000024e+03
1.699999999999999734e+00 1.396402656000000064e+01 2.034054212000000007e+03 2.150421100000000024e+03
1.704999999999999627e+00 1.398069096000000044e+01 2.033915342000000010e+03 2.150421100000000024e+03
1.709999999999999520e+00 1.404290471999999923e+01 2.033396893999999975e+03 2.150421100000000024e+03
1.714999999999999414e+00 1.398661608000000101e+01 2.033865966000000071e+03 2.150421100000000024e+03
1.720000000000000195e+00 1.400920560000000137e+01 2.033677719999999908e+03 2.150421100000000024e+03
1.725000000000000089e+00 1.395810144000000008e+01 2.034103587999999945e+03 2.150421100000000024e+03
1.729999999999999982e+00 1.402031520000000064e+01 2.033585139999999910e+03 2.150421100000000024e+03
1.734999999999999876e+00 1.398661608000000101e+01 2.033865966000000071e+03 2.150421100000000024e+03
1.739999999999999769e+00 1.394143704000000206e+01 2.034242457999999942e+03 2.150421100000000024e+03
1.744999999999999662e+00 1.392995712000000097e+01 2.034338124000000107e+03 2.150421100000000024e+03
1.749999999999999556e+00 1.394143704000000206e+01 2.034242457999999942e+03 2.150421100000000024e+03
1.754999999999999449e+00 1.397513615999999992e+01 2.033961632000000009e+03 2.150421100000000024e+03
1.760000000000000231e+00 1.400328047999999903e+01 2.033727096000000074e+03 2.150421100000000024e+03
1.765000000000000124e+00 1.391292240000000113e+01 2.034480080000000044e+03 2.150421100000000024e+03
1.770000000000000018e+00 1.386218855999999988e+01 2.034902861999999914e+03 2.150421100000000024e+03
1.774999999999999911e+00 1.395254663999999956e+01 2.034149877999999944e+03 2.150421100000000024e+03
1.779999999999999805e+00 1.390181280000000008e+01 2.034572660000000042e+03 2.150421100000000024e+03
1.784999999999999698e+00 1.392440232000000044e+01 2.034384414000000106e+03 2.150421100000000024e+03
1.789999999999999591e+00 1.386218855999999988e+01 2.034902861999999914e+03 2.150421100000000024e+03
1.794999999999999485e+00 1.379997480000000110e+01 2.035421309999999949e+03 2.150421100000000024e+03
1.800000000000000266e+00 1.383404423999999899e+01 2.035137398000000076e+03 2.150421100000000024e+03
1.805000000000000160e+00 1.391884752000000169e+01 2.034430704000000105e+03 2.150421100000000024e+03
1.810000000000000053e+00 1.385070864000000057e+01 2.034998528000000078e+03 2.150421100000000024e+03
1.814999999999999947e+00 1.388477808000000024e+01 2.034714615999999978e+03 2.150421100000000024e+03
1.819999999999999840e+00 1.386774336000000041e+01 2.034856571999999915e+03 2.150421100000000024e+03
1.824999999999999734e+00 1.384515384000000005e+01 2.035044818000000078e+03 2.150421100000000024e+03
1.829999999999999627e+00 1.377738528000000073e+01 2.035609556000000111e+03 2.150421100000000024e+03
1.834999999999999520e+00 1.381145472000000041e+01 2.035325644000000011e+03 2.150421100000000024e+03
1.839999999999999414e+00 1.381700952000000093e+01 2.035279354000000012e+03 2.150421100000000024e+03
1.845000000000000195e+00 1.386774336000000041e+01 2.034856571999999915e+03 2.150421100000000024e+03
1.850000000000000089e+00 1.384515384000000005e+01 2.035044818000000078e+03 2.150421100000000024e+03
1.854999999999999982e+00 1.386774336000000041e+01 2.034856571999999915e+03 2.150421100000000024e+03
1.859999999999999876e+00 1.382811912000000021e+01 2.035186774000000014e+03 2.150421100000000024e+03
1.864999999999999769e+00 1.373220624000000001e+01 2.035986047999999982e+03 2.150421100000000024e+03
1.869999999999999662e+00 1.378886520000000004e+01 2.035513889999999947e+03 2.150421100000000024e+03
1.874999999999999556e+00 1.378294008000000126e+01 2.035563266000000112e+03 2.150421100000000024e+03
1.879999999999999449e+00 1.382811912000000021e+01 2.035186774000000014e+03 2.150421100000000024e+03
1.885000000000000231e+00 1.382256431999999968e+01 2.035233064000000013e+03 2.150421100000000024e+03
1.890000000000000124e+00 1.379997480000000110e+01 2.035421309999999949e+03 2.150421100000000024e+03
1.895000000000000018e+00 1.380552960000000162e+01 2.035375019999999950e+03 2.150421100000000024e+03
1.899999999999999911e+00 1.376627567999999968e+01 2.035702136000000110e+03 2.150421100000000024e+03
1.904999999999999805e+00 1.381700952000000093e+01 2.035279354000000012e+03 2.150421100000000024e+03
1.909999999999999698e+00 1.370406192000000090e+01 2.036220583999999917e+03 2.150421100000000024e+03
1.914999999999999591e+00 1.367554728000000175e+01 2.036458206000000018e+03 2.150421100000000024e+03
1.919999999999999485e+00 1.371517152000000017e+01 2.036128003999999919e+03 2.150421100000000024e+03
1.925000000000000266e+00 1.373220624000000001e+01 2.035986047999999982e+03 2.150421100000000024e+03
1.930000000000000160e+00 1.371517152000000017e+01 2.036128003999999919e+03 2.150421100000000024e+03
1.935000000000000053e+00 1.370406192000000090e+01 2.036220583999999917e+03 2.150421100000000024e+03
1.939999999999999947e+00 1.369813680000000033e+01 2.036269960000000083e+03 2.150421100000000024e+03
1.944999999999999840e+00 1.364184816000000033e+01 2.036739031999999952e+03 2.150421100000000024e+03
1.949999999999999734e+00 1.366999248000000122e+01 2.036504496000000017e+03 2.150421100000000024e+03
1.954999999999999627e+00 1.372665143999999948e+01 2.036032337999999982e+03 2.150421100000000024e+03
1.959999999999999520e+00 1.373220624000000001e+01 2.035986047999999982e+03 2.150421100000000024e+03
1.964999999999999414e+00 1.375479576000000037e+01 2.035797802000000047e+03 2.150421100000000024e+03
1.970000000000000195e+00 1.375479576000000037e+01 2.035797802000000047e+03 2.150421100000000024e+03
1.975000000000000089e+00 1.366443768000000070e+01 2.036550786000000016e+03 2.150421100000000024e+03
1.979999999999999982e+00 1.366443768000000070e+01 2.036550786000000016e+03 2.150421100000000024e+03
1.984999999999999876e+00 1.368147240000000053e+01 2.036408830000000080e+03 2.150421100000000024e+03
1.989999999999999769e+00 1.370961671999999965e+01 2.036174293999999918e+03 2.150421100000000024e+03
1.994999999999999662e+00 1.364184816000000033e+01 2.036739031999999952e+03 2.150421100000000024e+03
1.999999999999999556e+00 1.365295776000000139e+01 2.036646451999999954e+03 2.150421100000000024e+03
2.004999999999999449e+00 1.374331584000000106e+01 2.035893467999999984e+03 2.150421100000000024e+03
2.010000000000000231e+00 1.372665143999999948e+01 2.036032337999999982e+03 2.150421100000000024e+03
2.015000000000000124e+00 1.370406192000000090e+01 2.036220583999999917e+03 2.150421100000000024e+03
2.020000000000000018e+00 1.370961671999999965e+01 2.036174293999999918e+03 2.150421100000000024e+03
2.024999999999999911e+00 1.369813680000000033e+01 2.036269960000000083e+03 2.150421100000000024e+03
2.029999999999999805e+00 1.364740296000000086e+01 2.036692741999999953e+03 2.150421100000000024e+03
2.034999999999999698e+00 1.371517152000000017e+01 2.036128003999999919e+03 2.150421100000000024e+03
2.039999999999999591e+00 1.365295776000000139e+01 2.036646451999999954e+03 2.150421100000000024e+03
2.044999999999999485e+00 1.360777872000000066e+01 2.037022944000000052e+03 2.150421100000000024e+03
2.050000000000000266e+00 1.359074399999999905e+01 2.037164899999999989e+03 2.150421100000000024e+03
2.055000000000000160e+00 1.367554728000000175e+01 2.036458206000000018e+03 2.150421100000000024e+03
2.060000000000000053e+00 1.358518920000000030e+01 2.037211189999999988e+03 2.150421100000000024e+03
2.064999999999999947e+00 1.363629335999999981e+01 2.036785321999999951e+03 2.150421100000000024e+03
2.069999999999999840e+00 1.356815448000000046e+01 2.037353145999999924e+03 2.150421100000000024e+03
2.074999999999999734e+00 1.361925863999999997e+01 2.036927278000000115e+03 2.150421100000000024e+03
2.079999999999999627e+00 1.360777872000000066e+01 2.037022944000000052e+03 2.150421100000000024e+03
2.084999999999999520e+00 1.360222392000000013e+01 2.037069234000000051e+03 2.150421100000000024e+03
2.089999999999999414e+00 1.368702720000000106e+01 2.036362540000000081e+03 2.150421100000000024e+03
2.095000000000000195e+00 1.361925863999999997e+01 2.036927278000000115e+03 2.150421100000000024e+03
2.100000000000000089e+00 1.357963440000000155e+01 2.037257479999999987e+03 2.150421100000000024e+03
2.104999999999999982e+00 1.357963440000000155e+01 2.037257479999999987e+03 2.150421100000000024e+03
2.109999999999999876e+00 1.359666911999999961e+01 2.037115524000000050e+03 2.150421100000000024e+03
2.114999999999999769e+00 1.359074399999999905e+01 2.037164899999999989e+03 2.150421100000000024e+03
2.119999999999999662e+00 1.352890056000000030e+01 2.037680262000000084e+03 2.150421100000000024e+03
2.124999999999999556e+00 1.357963440000000155e+01 2.037257479999999987e+03 2.150421100000000024e+03
2.129999999999999449e+00 1.358518920000000030e+01 2.037211189999999988e+03 2.150421100000000024e+03
2.135000000000000231e+00 1.363629335999999981e+01 2.036785321999999951e+03 2.150421100000000024e+03
2.140000000000000124e+00 1.356259968000000171e+01 2.037399435999999923e+03 2.150421100000000024e+03
2.145000000000000018e+00 1.355149008000000066e+01 2.037492015999999921e+03 2.150421100000000024e+03
2.149999999999999911e+00 1.352890056000000030e+01 2.037680262000000084e+03 2.150421100000000024e+03
2.154999999999999805e+00 1.344409728000000115e+01 2.038386956000000055e+03 2.150421100000000024e+03
2.159999999999999698e+00 1.349483111999999885e+01 2.037964173999999957e+03 2.150421100000000024e+03
2.164999999999999591e+00 1.350631103999999993e+01 2.037868508000000020e+03 2.150421100000000024e+03
2.169999999999999485e+00 1.358518920000000030e+01 2.037211189999999988e+03 2.150421100000000024e+03
2.175000000000000266e+00 1.360222392000000013e+01 2.037069234000000051e+03 2.150421100000000024e+03
2.180000000000000160e+00 1.353445536000000082e+01 2.037633972000000085e+03 2.150421100000000024e+03
2.185000000000000053e+00 1.348372151999999957e+01 2.038056753999999955e+03 2.150421100000000024e+03
2.189999999999999947e+00 1.347224159999999848e+01 2.038152420000000120e+03 2.150421100000000024e+03
2.194999999999999840e+00 1.348927632000000010e+01 2.038010463999999956e+03 2.150421100000000024e+03
2.199999999999999734e+00 1.346076167999999917e+01 2.038248086000000058e+03 2.150421100000000024e+03
2.204999999999999627e+00 1.357963440000000155e+01 2.037257479999999987e+03 2.150421100000000024e+03
2.209999999999999520e+00 1.355149008000000066e+01 2.037492015999999921e+03 2.150421100000000024e+03
2.214999999999999414e+00 1.353445536000000082e+01 2.037633972000000085e+03 2.150421100000000024e+03
2.220000000000000195e+00 1.356259968000000171e+01 2.037399435999999923e+03 2.150421100000000024e+03
2.225000000000000089e+00 1.356815448000000046e+01 2.037353145999999924e+03 2.150421100000000024e+03
2.229999999999999982e+00 1.347224159999999848e+01 2.038152420000000120e+03 2.150421100000000024e+03
2.234999999999999876e+00 1.344965207999999990e+01 2.038340666000000056e+03 2.150421100000000024e+03
2.239999999999999769e+00 1.350631103999999993e+01 2.037868508000000020e+03 2.150421100000000024e+03
2.244999999999999662e+00 1.348927632000000010e+01 2.038010463999999956e+03 2.150421100000000024e+03
2.249999999999999556e+00 1.352890056000000030e+01 2.037680262000000084e+03 2.150421100000000024e+03
2.254999999999999449e+00 1.352297543999999974e+01 2.037729638000000023e+03 2.150421100000000024e+03
2.260000000000000231e+00 1.350631103999999993e+01 2.037868508000000020e+03 2.150421100000000024e+03
2.265000000000000124e+00 1.354001016000000135e+01 2.037587682000000086e+03 2.150421100000000024e+03
2.270000000000000018e+00 1.347779639999999901e+01 2.038106130000000121e+03 2.150421100000000024e+03
2.274999999999999911e+00 1.346668680000000151e+01 2.038198710000000119e+03 2.150421100000000024e+03
2.279999999999999805e+00 1.339299311999999986e+01 2.038812824000000091e+03 2.150421100000000024e+03
2.284999999999999698e+00 1.350038591999999937e+01 2.037917883999999958e+03 2.150421100000000024e+03
2.289999999999999591e+00 1.347779639999999901e+01 2.038106130000000121e+03 2.150421100000000024e+03
2.294999999999999485e+00 1.347224159999999848e+01 2.038152420000000120e+03 2.150421100000000024e+03
2.300000000000000266e+00 1.345520688000000042e+01 2.038294376000000057e+03 2.150421100000000024e+03
2.305000000000000160e+00 1.346668680000000151e+01 2.038198710000000119e+03 2.150421100000000024e+03
2.310000000000000053e+00 1.346668680000000151e+01 2.038198710000000119e+03 2.150421100000000024e+03
2.314999999999999947e+00 1.341558264000000023e+01 2.038624577999999929e+03 2.150421100000000024e+03
2.319999999999999840e+00 1.342150776000000079e+01 2.038575201999999990e+03 2.150421100000000024e+03
2.324999999999999734e+00 1.341558264000000023e+01 2.038624577999999929e+03 2.150421100000000024e+03
2.329999999999999627e+00 1.338743831999999934e+01 2.038859114000000091e+03 2.150421100000000024e+03
2.334999999999999520e+00 1.345520688000000042e+01 2.038294376000000057e+03 2.150421100000000024e+03
2.339999999999999414e+00 1.346668680000000151e+01 2.038198710000000119e+03 2.150421100000000024e+03
2.345000000000000195e+00 1.343817216000000059e+01 2.038436331999999993e+03 2.150421100000000024e+03
2.350000000000000089e+00 1.334225928000000039e+01 2.039235605999999962e+03 2.150421100000000024e+03
2.354999999999999982e+00 1.334781407999999914e+01 2.039189315999999963e+03 2.150421100000000024e+03
2.359999999999999876e+00 1.333670447999999986e+01 2.039281895999999961e+03 2.150421100000000024e+03
2.364999999999999769e+00 1.332522456000000055e+01 2.039377562000000125e+03 2.150421100000000024e+03
2.369999999999999662e+00 1.334781407999999914e+01 2.039189315999999963e+03 2.150421100000000024e+03
2.374999999999999556e+00 1.338743831999999934e+01 2.038859114000000091e+03 2.150421100000000024e+03
2.379999999999999449e+00 1.340447303999999917e+01 2.038717157999999927e+03 2.150421100000000024e+03
2.385000000000000231e+00 1.339299311999999986e+01 2.038812824000000091e+03 2.150421100000000024e+03
2.390000000000000124e+00 1.337632872000000006e+01 2.038951694000000089e+03 2.150421100000000024e+03
2.395000000000000018e+00 1.334781407999999914e+01 2.039189315999999963e+03 2.150421100000000024e+03
2.399999999999999911e+00 1.329152543999999914e+01 2.039658388000000059e+03 2.150421100000000024e+03
2.404999999999999805e+00 1.331966976000000003e+01 2.039423852000000124e+03 2.150421100000000024e+03
2.409999999999999698e+00 1.327449071999999930e+01 2.039800343999999996e+03 2.150421100000000024e+03
2.414999999999999591e+00 1.333670447999999986e+01 2.039281895999999961e+03 2.150421100000000024e+03
2.419999999999999485e+00 1.328560032000000035e+01 2.039707763999999997e+03 2.150421100000000024e+03
2.425000000000000266e+00 1.328560032000000035e+01 2.039707763999999997e+03 2.150421100000000024e+03
2.430000000000000160e+00 1.329152543999999914e+01 2.039658388000000059e+03 2.150421100000000024e+03
2.435000000000000053e+00 1.325745599999999946e+01 2.039942299999999932e+03 2.150421100000000024e+03
2.439999999999999947e+00 1.326301079999999999e+01 2.039896009999999933e+03 2.150421100000000024e+03
2.444999999999999840e+00 1.322375687999999982e+01 2.040223126000000093e+03 2.150421100000000024e+03
2.449999999999999734e+00 1.323486647999999910e+01 2.040130546000000095e+03 2.150421100000000024e+03
2.454999999999999627e+00 1.328560032000000035e+01 2.039707763999999997e+03 2.150421100000000024e+03
2.459999999999999520e+00 1.326301079999999999e+01 2.039896009999999933e+03 2.150421100000000024e+03
2.464999999999999414e+00 1.326893591999999877e+01 2.039846633999999995e+03 2.150421100000000024e+03
2.470000000000000195e+00 1.325745599999999946e+01 2.039942299999999932e+03 2.150421100000000024e+03
2.475000000000000089e+00 1.321783175999999926e+01 2.040272502000000031e+03 2.150421100000000024e+03
2.479999999999999982e+00 1.323486647999999910e+01 2.040130546000000095e+03 2.150421100000000024e+03
2.484999999999999876e+00 1.312747367999999959e+01 2.041025486000000001e+03 2.150421100000000024e+03
2.489999999999999769e+00 1.319524224000000068e+01 2.040460747999999967e+03 2.150421100000000024e+03
2.494999999999999662e+00 1.325190119999999894e+01 2.039988589999999931e+03 2.150421100000000024e+03
2.499999999999999556e+00 1.326893591999999877e+01 2.039846633999999995e+03 2.150421100000000024e+03
2.504999999999999449e+00 1.328560032000000035e+01 2.039707763999999997e+03 2.150421100000000024e+03
2.510000000000000231e+00 1.315561800000000048e+01 2.040790950000000066e+03 2.150421100000000024e+03
2.515000000000000124e+00 1.324042127999999963e+01 2.040084256000000096e+03 2.150421100000000024e+03
2.520000000000000018e+00 1.313895359999999890e+01 2.040929820000000063e+03 2.150421100000000024e+03
2.524999999999999911e+00 1.321227696000000051e+01 2.040318792000000030e+03 2.150421100000000024e+03
2.529999999999999805e+00 1.318968744000000015e+01 2.040507037999999966e+03 2.150421100000000024e+03
2.534999999999999698e+00 1.321783175999999926e+01 2.040272502000000031e+03 2.150421100000000024e+03
2.539999999999999591e+00 1.324634639999999841e+01 2.040034879999999930e+03 2.150421100000000024e+03
2.544999999999999485e+00 1.326301079999999999e+01 2.039896009999999933e+03 2.150421100000000024e+03
2.550000000000000266e+00 1.319524224000000068e+01 2.040460747999999967e+03 2.150421100000000024e+03
2.555000000000000160e+00 1.322375687999999982e+01 2.040223126000000093e+03 2.150421100000000024e+03
2.560000000000000053e+00 1.313302848000000012e+01 2.040979196000000002e+03 2.150421100000000024e+03
2.564999999999999947e+00 1.312747367999999959e+01 2.041025486000000001e+03 2.150421100000000024e+03
2.569999999999999840e+00 1.318968744000000015e+01 2.040507037999999966e+03 2.150421100000000024e+03
2.574999999999999734e+00 1.325190119999999894e+01 2.039988589999999931e+03 2.150421100000000024e+03
2.579999999999999627e+00 1.317820752000000084e+01 2.040602703999999903e+03 2.150421100000000024e+03
2.584999999999999520e+00 1.316154311999999926e+01 2.040741574000000128e+03 2.150421100000000024e+03
2.589999999999999414e+00 1.315006319999999995e+01 2.040837240000000065e+03 2.150421100000000024e+03
2.595000000000000195e+00 1.311043895999999975e+01 2.041167441999999937e+03 2.150421100000000024e+03
2.600000000000000089e+00 1.302563568000000060e+01 2.041874135999999908e+03 2.150421100000000024e+03
2.604999999999999982e+00 1.308229464000000064e+01 2.041401978000000099e+03 2.150421100000000024e+03
2.609999999999999876e+00 1.311043895999999975e+01 2.041167441999999937e+03 2.150421100000000024e+03
2.614999999999999769e+00 1.311043895999999975e+01 2.041167441999999937e+03 2.150421100000000024e+03
2.619999999999999662e+00 1.324042127999999963e+01 2.040084256000000096e+03 2.150421100000000024e+03
2.624999999999999556e+00 1.323486647999999910e+01 2.040130546000000095e+03 2.150421100000000024e+03
2.629999999999999449e+00 1.319524224000000068e+01 2.040460747999999967e+03 2.150421100000000024e+03
2.635000000000000231e+00 1.318968744000000015e+01 2.040507037999999966e+03 2.150421100000000024e+03
2.640000000000000124e+00 1.306525992000000080e+01 2.041543934000000036e+03 2.150421100000000024e+03
2.645000000000000018e+00 1.308229464000000064e+01 2.041401978000000099e+03 2.150421100000000024e+03
2.649999999999999911e+00 1.308229464000000064e+01 2.041401978000000099e+03 2.150421100000000024e+03
2.654999999999999805e+00 1.308784944000000117e+01 2.041355688000000100e+03 2.150421100000000024e+03
2.659999999999999698e+00 1.310488415999999923e+01 2.041213731999999936e+03 2.150421100000000024e+03
2.664999999999999591e+00 1.315006319999999995e+01 2.040837240000000065e+03 2.150421100000000024e+03
2.669999999999999485e+00 1.318413263999999963e+01 2.040553327999999965e+03 2.150421100000000024e+03
2.675000000000000266e+00 1.313895359999999890e+01 2.040929820000000063e+03 2.150421100000000024e+03
2.680000000000000160e+00 1.305970512000000028e+01 2.041590224000000035e+03 2.150421100000000024e+03
2.685000000000000053e+00 1.296379224000000008e+01 2.042389498000000003e+03 2.150421100000000024e+03
2.689999999999999947e+00 1.300304616000000024e+01 2.042062382000000071e+03 2.150421100000000024e+03
2.694999999999999840e+00 1.309377455999999995e+01 2.041306311999999934e+03 2.150421100000000024e+03
2.699999999999999734e+00 1.316709791999999979e+01 2.040695283999999901e+03 2.150421100000000024e+03
2.704999999999999627e+00 1.313302848000000012e+01 2.040979196000000002e+03 2.150421100000000024e+03
2.709999999999999520e+00 1.317265272000000031e+01 2.040648994000000130e+03 2.150421100000000024e+03
2.714999999999999414e+00 1.312191887999999906e+01 2.041071776000000000e+03 2.150421100000000024e+03
2.720000000000000195e+00 1.300897127999999903e+01 2.042013006000000132e+03 2.150421100000000024e+03
2.725000000000000089e+00 1.305415031999999975e+01 2.041636514000000034e+03 2.150421100000000024e+03
2.729999999999999982e+00 1.304822520000000097e+01 2.041685889999999972e+03 2.150421100000000024e+03
2.734999999999999876e+00 1.310488415999999923e+01 2.041213731999999936e+03 2.150421100000000024e+03
2.739999999999999769e+00 1.307118503999999959e+01 2.041494558000000097e+03 2.150421100000000024e+03
2.744999999999999662e+00 1.304267040000000044e+01 2.041732179999999971e+03 2.150421100000000024e+03
2.749999999999999556e+00 1.311043895999999975e+01 2.041167441999999937e+03 2.150421100000000024e+03
2.754999999999999449e+00 1.299749135999999972e+01 2.042108672000000070e+03 2.150421100000000024e+03
2.760000000000000231e+00 1.301452607999999955e+01 2.041966715999999906e+03 2.150421100000000024e+03
2.765000000000000124e+00 1.308229464000000064e+01 2.041401978000000099e+03 2.150421100000000024e+03
2.770000000000000018e+00 1.305970512000000028e+01 2.041590224000000035e+03 2.150421100000000024e+03
2.774999999999999911e+00 1.299749135999999972e+01 2.042108672000000070e+03 2.150421100000000024e+03
2.779999999999999805e+00 1.302008088000000008e+01 2.041920426000000134e+03 2.150421100000000024e+03
2.784999999999999698e+00 1.302563568000000060e+01 2.041874135999999908e+03 2.150421100000000024e+03
2.789999999999999591e+00 1.303711559999999992e+01 2.041778469999999970e+03 2.150421100000000024e+03
2.794999999999999485e+00 1.301452607999999955e+01 2.041966715999999906e+03 2.150421100000000024e+03
2.800000000000000266e+00 1.296934704000000060e+01 2.042343208000000004e+03 2.150421100000000024e+03
2.805000000000000160e+00 1.299749135999999972e+01 2.042108672000000070e+03 2.150421100000000024e+03
2.810000000000000053e+00 1.305415031999999975e+01 2.041636514000000034e+03 2.150421100000000024e+03
2.814999999999999947e+00 1.299749135999999972e+01 2.042108672000000070e+03 2.150421100000000024e+03
2.819999999999999840e+00 1.305415031999999975e+01 2.041636514000000034e+03 2.150421100000000024e+03
2.824999999999999734e+00 1.299749135999999972e+01 2.042108672000000070e+03 2.150421100000000024e+03
2.829999999999999627e+00 1.302008088000000008e+01 2.041920426000000134e+03 2.150421100000000024e+03
2.834999999999999520e+00 1.298045663999999988e+01 2.042250628000000006e+03 2.150421100000000024e+03
2.839999999999999414e+00 1.304267040000000044e+01 2.041732179999999971e+03 2.150421100000000024e+03
2.845000000000000195e+00 1.294120271999999972e+01 2.042577743999999939e+03 2.150421100000000024e+03
2.850000000000000089e+00 1.291268808000000057e+01 2.042815366000000040e+03 2.150421100000000024e+03
2.854999999999999982e+00 1.297490184000000113e+01 2.042296918000000005e+03 2.150421100000000024e+03
2.859999999999999876e+00 1.301452607999999955e+01 2.041966715999999906e+03 2.150421100000000024e+03
2.864999999999999769e+00 1.300897127999999903e+01 2.042013006000000132e+03 2.150421100000000024e+03
2.869999999999999662e+00 1.293527760000000093e+01 2.042627120000000104e+03 2.150421100000000024e+03
2.874999999999999556e+00 1.295231232000000077e+01 2.042485163999999941e+03 2.150421100000000024e+03
2.879999999999999449e+00 1.295231232000000077e+01 2.042485163999999941e+03 2.150421100000000024e+03
2.885000000000000231e+00 1.291268808000000057e+01 2.042815366000000040e+03 2.150421100000000024e+03
2.890000000000000124e+00 1.295786712000000129e+01 2.042438873999999942e+03 2.150421100000000024e+03
2.895000000000000018e+00 1.290713328000000004e+01 2.042861656000000039e+03 2.150421100000000024e+03
2.899999999999999911e+00 1.294120271999999972e+01 2.042577743999999939e+03 2.150421100000000024e+03
2.904999999999999805e+00 1.287306383999999859e+01 2.043145567999999912e+03 2.150421100000000024e+03
2.909999999999999698e+00 1.290713328000000004e+01 2.042861656000000039e+03 2.150421100000000024e+03
2.914999999999999591e+00 1.292972280000000040e+01 2.042673410000000104e+03 2.150421100000000024e+03
2.919999999999999485e+00 1.293527760000000093e+01 2.042627120000000104e+03 2.150421100000000024e+03
2.925000000000000266e+00 1.283936472000000073e+01 2.043426394000000073e+03 2.150421100000000024e+03
2.930000000000000160e+00 1.288454375999999968e+01 2.043049901999999975e+03 2.150421100000000024e+03
2.935000000000000053e+00 1.292972280000000040e+01 2.042673410000000104e+03 2.150421100000000024e+03
2.939999999999999947e+00 1.291268808000000057e+01 2.042815366000000040e+03 2.150421100000000024e+03
2.944999999999999840e+00 1.290713328000000004e+01 2.042861656000000039e+03 2.150421100000000024e+03
2.949999999999999734e+00 1.281122039999999984e+01 2.043660930000000008e+03 2.150421100000000024e+03
2.954999999999999627e+00 1.279974048000000053e+01 2.043756595999999945e+03 2.150421100000000024e+03
2.959999999999999520e+00 1.286750903999999984e+01 2.043191858000000138e+03 2.150421100000000024e+03
2.964999999999999414e+00 1.282788479999999964e+01 2.043522060000000010e+03 2.150421100000000024e+03
2.970000000000000195e+00 1.287306383999999859e+01 2.043145567999999912e+03 2.150421100000000024e+03
2.975000000000000089e+00 1.285047432000000001e+01 2.043333814000000075e+03 2.150421100000000024e+03
2.979999999999999982e+00 1.292416799999999988e+01 2.042719700000000103e+03 2.150421100000000024e+03
2.984999999999999876e+00 1.295231232000000077e+01 2.042485163999999941e+03 2.150421100000000024e+03
2.989999999999999769e+00 1.289565335999999895e+01 2.042957321999999976e+03 2.150421100000000024e+03
2.994999999999999662e+00 1.278270575999999892e+01 2.043898552000000109e+03 2.150421100000000024e+03
2.999999999999999556e+00 1.282233000000000089e+01 2.043568350000000009e+03 2.150421100000000024e+03
3.004999999999999449e+00 1.283380992000000020e+01 2.043472684000000072e+03 2.150421100000000024e+03
3.010000000000000231e+00 1.290157847999999952e+01 2.042907946000000038e+03 2.150421100000000024e+03
3.015000000000000124e+00 1.282233000000000089e+01 2.043568350000000009e+03 2.150421100000000024e+03
3.020000000000000018e+00 1.288454375999999968e+01 2.043049901999999975e+03 2.150421100000000024e+03
3.024999999999999911e+00 1.280529527999999928e+01 2.043710305999999946e+03 2.150421100000000024e+03
3.029999999999999805e+00 1.282233000000000089e+01 2.043568350000000009e+03 2.150421100000000024e+03
3.034999999999999698e+00 1.278863087999999948e+01 2.043849175999999943e+03 2.150421100000000024e+03
3.039999999999999591e+00 1.283936472000000073e+01 2.043426394000000073e+03 2.150421100000000024e+03
3.044999999999999485e+00 1.287306383999999859e+01 2.043145567999999912e+03 2.150421100000000024e+03
3.050000000000000266e+00 1.291861319999999935e+01 2.042765990000000102e+03 2.150421100000000024e+03
3.055000000000000160e+00 1.281122039999999984e+01 2.043660930000000008e+03 2.150421100000000024e+03
3.060000000000000053e+00 1.283936472000000073e+01 2.043426394000000073e+03 2.150421100000000024e+03
3.064999999999999947e+00 1.279974048000000053e+01 2.043756595999999945e+03 2.150421100000000024e+03
3.069999999999999840e+00 1.283380992000000020e+01 2.043472684000000072e+03 2.150421100000000024e+03
3.074999999999999734e+00 1.286750903999999984e+01 2.043191858000000138e+03 2.150421100000000024e+03
3.079999999999999627e+00 1.288454375999999968e+01 2.043049901999999975e+03 2.150421100000000024e+03
3.084999999999999520e+00 1.285639944000000057e+01 2.043284437999999909e+03 2.150421100000000024e+03
3.089999999999999414e+00 1.282233000000000089e+01 2.043568350000000009e+03 2.150421100000000024e+03
3.095000000000000195e+00 1.281122039999999984e+01 2.043660930000000008e+03 2.150421100000000024e+03
3.100000000000000089e+00 1.282788479999999964e+01 2.043522060000000010e+03 2.150421100000000024e+03
3.104999999999999982e+00 1.283936472000000073e+01 2.043426394000000073e+03 2.150421100000000024e+03
3.109999999999999876e+00 1.282788479999999964e+01 2.043522060000000010e+03 2.150421100000000024e+03
3.114999999999999769e+00 1.280529527999999928e+01 2.043710305999999946e+03 2.150421100000000024e+03
3.119999999999999662e+00 1.284491952000000126e+01 2.043380104000000074e+03 2.150421100000000024e+03
3.124999999999999556e+00 1.277715096000000017e+01 2.043944842000000108e+03 2.150421100000000024e+03
3.129999999999999449e+00 1.278863087999999948e+01 2.043849175999999943e+03 2.150421100000000024e+03
3.135000000000000231e+00 1.277715096000000017e+01 2.043944842000000108e+03 2.150421100000000024e+03
3.140000000000000124e+00 1.279974048000000053e+01 2.043756595999999945e+03 2.150421100000000024e+03
3.145000000000000018e+00 1.276567103999999908e+01 2.044040508000000045e+03 2.150421100000000024e+03
3.149999999999999911e+00 1.278270575999999892e+01 2.043898552000000109e+03 2.150421100000000024e+03
3.154999999999999805e+00 1.276011623999999856e+01 2.044086798000000044e+03 2.150421100000000024e+03
3.159999999999999698e+00 1.281677520000000037e+01 2.043614640000000009e+03 2.150421100000000024e+03
3.164999999999999591e+00 1.276567103999999908e+01 2.044040508000000045e+03 2.150421100000000024e+03
3.169999999999999485e+00 1.279418568000000000e+01 2.043802885999999944e+03 2.150421100000000024e+03
3.175000000000000266e+00 1.272641712000000069e+01 2.044367623999999978e+03 2.150421100000000024e+03
3.180000000000000160e+00 1.276011623999999856e+01 2.044086798000000044e+03 2.150421100000000024e+03
3.185000000000000053e+00 1.277159615999999964e+01 2.043991132000000107e+03 2.150421100000000024e+03
3.189999999999999947e+00 1.273752671999999997e+01 2.044275043999999980e+03 2.150421100000000024e+03
3.194999999999999840e+00 1.273752671999999997e+01 2.044275043999999980e+03 2.150421100000000024e+03
3.199999999999999734e+00 1.273197192000000122e+01 2.044321333999999979e+03 2.150421100000000024e+03
3.204999999999999627e+00 1.274308151999999872e+01 2.044228753999999981e+03 2.150421100000000024e+03
3.209999999999999520e+00 1.278863087999999948e+01 2.043849175999999943e+03 2.150421100000000024e+03
3.214999999999999414e+00 1.273752671999999997e+01 2.044275043999999980e+03 2.150421100000000024e+03
3.220000000000000195e+00 1.271493719999999961e+01 2.044463290000000143e+03 2.150421100000000024e+03
3.225000000000000089e+00 1.270938240000000086e+01 2.044509579999999914e+03 2.150421100000000024e+03
3.229999999999999982e+00 1.270938240000000086e+01 2.044509579999999914e+03 2.150421100000000024e+03
3.234999999999999876e+00 1.272049200000000013e+01 2.044416999999999916e+03 2.150421100000000024e+03
3.239999999999999769e+00 1.267531295999999941e+01 2.044793492000000015e+03 2.150421100000000024e+03
3.244999999999999662e+00 1.271493719999999961e+01 2.044463290000000143e+03 2.150421100000000024e+03
3.249999999999999556e+00 1.271493719999999961e+01 2.044463290000000143e+03 2.150421100000000024e+03
3.254999999999999449e+00 1.276567103999999908e+01 2.044040508000000045e+03 2.150421100000000024e+03
3.260000000000000231e+00 1.270938240000000086e+01 2.044509579999999914e+03 2.150421100000000024e+03
3.265000000000000124e+00 1.272049200000000013e+01 2.044416999999999916e+03 2.150421100000000024e+03
3.270000000000000018e+00 1.265864855999999961e+01 2.044932362000000012e+03 2.150421100000000024e+03
3.274999999999999911e+00 1.266420335999999836e+01 2.044886072000000013e+03 2.150421100000000024e+03
3.279999999999999805e+00 1.269790247999999977e+01 2.044605246000000079e+03 2.150421100000000024e+03
3.284999999999999698e+00 1.277715096000000017e+01 2.043944842000000108e+03 2.150421100000000024e+03
3.289999999999999591e+00 1.276011623999999856e+01 2.044086798000000044e+03 2.150421100000000024e+03
3.294999999999999485e+00 1.277715096000000017e+01 2.043944842000000108e+03 2.150421100000000024e+03
3.300000000000000266e+00 1.273197192000000122e+01 2.044321333999999979e+03 2.150421100000000024e+03
3.305000000000000160e+00 1.268123807999999997e+01 2.044744116000000076e+03 2.150421100000000024e+03
3.310000000000000053e+00 1.271493719999999961e+01 2.044463290000000143e+03 2.150421100000000024e+03
3.314999999999999947e+00 1.270938240000000086e+01 2.044509579999999914e+03 2.150421100000000024e+03
3.319999999999999840e+00 1.274900664000000106e+01 2.044179378000000042e+03 2.150421100000000024e+03
3.324999999999999734e+00 1.275456143999999981e+01 2.044133088000000043e+03 2.150421100000000024e+03
3.329999999999999627e+00 1.274900664000000106e+01 2.044179378000000042e+03 2.150421100000000024e+03
3.334999999999999520e+00 1.268123807999999997e+01 2.044744116000000076e+03 2.150421100000000024e+03
3.339999999999999414e+00 1.269790247999999977e+01 2.044605246000000079e+03 2.150421100000000024e+03
3.345000000000000195e+00 1.271493719999999961e+01 2.044463290000000143e+03 2.150421100000000024e+03
3.350000000000000089e+00 1.268679287999999872e+01 2.044697826000000077e+03 2.150421100000000024e+03
3.354999999999999982e+00 1.270938240000000086e+01 2.044509579999999914e+03 2.150421100000000024e+03
3.359999999999999876e+00 1.270938240000000086e+01 2.044509579999999914e+03 2.150421100000000024e+03
3.364999999999999769e+00 1.271493719999999961e+01 2.044463290000000143e+03 2.150421100000000024e+03
3.369999999999999662e+00 1.266975815999999888e+01 2.044839782000000014e+03 2.150421100000000024e+03
3.374999999999999556e+00 1.264716863999999852e+01 2.045028027999999949e+03 2.150421100000000024e+03
3.379999999999999449e+00 1.261902431999999941e+01 2.045262564000000111e+03 2.150421100000000024e+03
3.385000000000000231e+00 1.262457911999999993e+01 2.045216274000000112e+03 2.150421100000000024e+03
3.390000000000000124e+00 1.263013391999999868e+01 2.045169984000000113e+03 2.150421100000000024e+03
3.395000000000000018e+00 1.267531295999999941e+01 2.044793492000000015e+03 2.150421100000000024e+03
3.399999999999999911e+00 1.273752671999999997e+01 2.044275043999999980e+03 2.150421100000000024e+03
3.404999999999999805e+00 1.263605904000000102e+01 2.045120607999999947e+03 2.150421100000000024e+03
3.409999999999999698e+00 1.263013391999999868e+01 2.045169984000000113e+03 2.150421100000000024e+03
3.414999999999999591e+00 1.268123807999999997e+01 2.044744116000000076e+03 2.150421100000000024e+03
3.419999999999999485e+00 1.262457911999999993e+01 2.045216274000000112e+03 2.150421100000000024e+03
3.425000000000000266e+00 1.266420335999999836e+01 2.044886072000000013e+03 2.150421100000000024e+03
3.430000000000000160e+00 1.259050968000000026e+01 2.045500185999999985e+03 2.150421100000000024e+03
3.435000000000000053e+00 1.260198959999999957e+01 2.045404520000000048e+03 2.150421100000000024e+03
3.439999999999999947e+00 1.269790247999999977e+01 2.044605246000000079e+03 2.150421100000000024e+03
3.444999999999999840e+00 1.268123807999999997e+01 2.044744116000000076e+03 2.150421100000000024e+03
3.449999999999999734e+00 1.262457911999999993e+01 2.045216274000000112e+03 2.150421100000000024e+03
3.454999999999999627e+00 1.259050968000000026e+01 2.045500185999999985e+03 2.150421100000000024e+03
3.459999999999999520e+00 1.268123807999999997e+01 2.044744116000000076e+03 2.150421100000000024e+03
3.464999999999999414e+00 1.261902431999999941e+01 2.045262564000000111e+03 2.150421100000000024e+03
3.470000000000000195e+00 1.269234767999999924e+01 2.044651536000000078e+03 2.150421100000000024e+03
3.475000000000000089e+00 1.267531295999999941e+01 2.044793492000000015e+03 2.150421100000000024e+03
3.479999999999999982e+00 1.256236535999999937e+01 2.045734721999999920e+03 2.150421100000000024e+03
3.484999999999999876e+00 1.256236535999999937e+01 2.045734721999999920e+03 2.150421100000000024e+03
3.489999999999999769e+00 1.266420335999999836e+01 2.044886072000000013e+03 2.150421100000000024e+03
3.494999999999999662e+00 1.261309920000000062e+01 2.045311940000000050e+03 2.150421100000000024e+03
3.499999999999999556e+00 1.260198959999999957e+01 2.045404520000000048e+03 2.150421100000000024e+03
3.504999999999999449e+00 1.261309920000000062e+01 2.045311940000000050e+03 2.150421100000000024e+03
3.510000000000000231e+00 1.256236535999999937e+01 2.045734721999999920e+03 2.150421100000000024e+03
3.515000000000000124e+00 1.262457911999999993e+01 2.045216274000000112e+03 2.150421100000000024e+03
3.520000000000000018e+00 1.262457911999999993e+01 2.045216274000000112e+03 2.150421100000000024e+03
3.524999999999999911e+00 1.261309920000000062e+01 2.045311940000000050e+03 2.150421100000000024e+03
3.529999999999999805e+00 1.263013391999999868e+01 2.045169984000000113e+03 2.150421100000000024e+03
3.534999999999999698e+00 1.257940007999999921e+01 2.045592765999999983e+03 2.150421100000000024e+03
3.539999999999999591e+00 1.250015160000000058e+01 2.046253169999999955e+03 2.150421100000000024e+03
3.544999999999999485e+00 1.248904199999999953e+01 2.046345749999999953e+03 2.150421100000000024e+03
3.550000000000000266e+00 1.244941775999999933e+01 2.046675952000000052e+03 2.150421100000000024e+03
3.555000000000000160e+00 1.251718631999999864e+01 2.046111214000000018e+03 2.150421100000000024e+03
3.560000000000000053e+00 1.257940007999999921e+01 2.045592765999999983e+03 2.150421100000000024e+03
3.564999999999999947e+00 1.265864855999999961e+01 2.044932362000000012e+03 2.150421100000000024e+03
3.569999999999999840e+00 1.261309920000000062e+01 2.045311940000000050e+03 2.150421100000000024e+03
3.574999999999999734e+00 1.260754440000000010e+01 2.045358230000000049e+03 2.150421100000000024e+03
3.579999999999999627e+00 1.254533063999999953e+01 2.045876678000000084e+03 2.150421100000000024e+03
3.584999999999999520e+00 1.250607671999999937e+01 2.046203794000000016e+03 2.150421100000000024e+03
3.589999999999999414e+00 1.252866623999999796e+01 2.046015548000000081e+03 2.150421100000000024e+03
3.595000000000000195e+00 1.250015160000000058e+01 2.046253169999999955e+03 2.150421100000000024e+03
3.600000000000000089e+00 1.257940007999999921e+01 2.045592765999999983e+03 2.150421100000000024e+03
3.604999999999999982e+00 1.263013391999999868e+01 2.045169984000000113e+03 2.150421100000000024e+03
3.609999999999999876e+00 1.260754440000000010e+01 2.045358230000000049e+03 2.150421100000000024e+03
3.614999999999999769e+00 1.264716863999999852e+01 2.045028027999999949e+03 2.150421100000000024e+03
3.619999999999999662e+00 1.254533063999999953e+01 2.045876678000000084e+03 2.150421100000000024e+03
3.624999999999999556e+00 1.256236535999999937e+01 2.045734721999999920e+03 2.150421100000000024e+03
3.629999999999999449e+00 1.256792015999999990e+01 2.045688431999999921e+03 2.150421100000000024e+03
3.635000000000000231e+00 1.247200727999999970e+01 2.046487706000000117e+03 2.150421100000000024e+03
3.640000000000000124e+00 1.248311688000000075e+01 2.046395126000000118e+03 2.150421100000000024e+03
3.645000000000000018e+00 1.252274111999999917e+01 2.046064924000000019e+03 2.150421100000000024e+03
3.649999999999999911e+00 1.261309920000000062e+01 2.045311940000000050e+03 2.150421100000000024e+03
3.654999999999999805e+00 1.256792015999999990e+01 2.045688431999999921e+03 2.150421100000000024e+03
3.659999999999999698e+00 1.255125575999999832e+01 2.045827302000000145e+03 2.150421100000000024e+03
3.664999999999999591e+00 1.252274111999999917e+01 2.046064924000000019e+03 2.150421100000000024e+03
3.669999999999999485e+00 1.242127343999999844e+01 2.046910487999999987e+03 2.150421100000000024e+03
3.675000000000000266e+00 1.242127343999999844e+01 2.046910487999999987e+03 2.150421100000000024e+03
3.680000000000000160e+00 1.242127343999999844e+01 2.046910487999999987e+03 2.150421100000000024e+03
3.685000000000000053e+00 1.244386295999999881e+01 2.046722242000000051e+03 2.150421100000000024e+03
3.689999999999999947e+00 1.248311688000000075e+01 2.046395126000000118e+03 2.150421100000000024e+03
3.694999999999999840e+00 1.253977583999999901e+01 2.045922968000000083e+03 2.150421100000000024e+03
3.699999999999999734e+00 1.257940007999999921e+01 2.045592765999999983e+03 2.150421100000000024e+03
3.704999999999999627e+00 1.252866623999999796e+01 2.046015548000000081e+03 2.150421100000000024e+03
3.709999999999999520e+00 1.239275879999999930e+01 2.047148110000000088e+03 2.150421100000000024e+03
3.714999999999999414e+00 1.242127343999999844e+01 2.046910487999999987e+03 2.150421100000000024e+03
3.720000000000000195e+00 1.245497255999999986e+01 2.046629662000000053e+03 2.150421100000000024e+03
3.725000000000000089e+00 1.245497255999999986e+01 2.046629662000000053e+03 2.150421100000000024e+03
3.729999999999999982e+00 1.243238303999999950e+01 2.046817907999999989e+03 2.150421100000000024e+03
3.734999999999999876e+00 1.247756208000000022e+01 2.046441416000000117e+03 2.150421100000000024e+03
3.739999999999999769e+00 1.247756208000000022e+01 2.046441416000000117e+03 2.150421100000000024e+03
3.744999999999999662e+00 1.247756208000000022e+01 2.046441416000000117e+03 2.150421100000000024e+03
3.749999999999999556e+00 1.240979351999999913e+01 2.047006153999999924e+03 2.150421100000000024e+03
3.754999999999999449e+00 1.234757976000000035e+01 2.047524601999999959e+03 2.150421100000000024e+03
3.760000000000000231e+00 1.242682823999999897e+01 2.046864197999999988e+03 2.150421100000000024e+03
3.765000000000000124e+00 1.250015160000000058e+01 2.046253169999999955e+03 2.150421100000000024e+03
3.770000000000000018e+00 1.252274111999999917e+01 2.046064924000000019e+03 2.150421100000000024e+03
3.774999999999999911e+00 1.249459680000000006e+01 2.046299459999999954e+03 2.150421100000000024e+03
3.779999999999999805e+00 1.241534831999999966e+01 2.046959863999999925e+03 2.150421100000000024e+03
3.784999999999999698e+00 1.241534831999999966e+01 2.046959863999999925e+03 2.150421100000000024e+03
3.789999999999999591e+00 1.247200727999999970e+01 2.046487706000000117e+03 2.150421100000000024e+03
3.794999999999999485e+00 1.247756208000000022e+01 2.046441416000000117e+03 2.150421100000000024e+03
3.800000000000000266e+00 1.246645247999999917e+01 2.046533996000000116e+03 2.150421100000000024e+03
3.805000000000000160e+00 1.234202495999999982e+01 2.047570891999999958e+03 2.150421100000000024e+03
3.810000000000000053e+00 1.240423871999999861e+01 2.047052443999999923e+03 2.150421100000000024e+03
3.814999999999999947e+00 1.251718631999999864e+01 2.046111214000000018e+03 2.150421100000000024e+03
3.819999999999999840e+00 1.250607671999999937e+01 2.046203794000000016e+03 2.150421100000000024e+03
3.824999999999999734e+00 1.255125575999999832e+01 2.045827302000000145e+03 2.150421100000000024e+03
3.829999999999999627e+00 1.250607671999999937e+01 2.046203794000000016e+03 2.150421100000000024e+03
3.834999999999999520e+00 1.244941775999999933e+01 2.046675952000000052e+03 2.150421100000000024e+03
3.839999999999999414e+00 1.243238303999999950e+01 2.046817907999999989e+03 2.150421100000000024e+03
3.845000000000000195e+00 1.237609439999999950e+01 2.047286980000000085e+03 2.150421100000000024e+03
3.850000000000000089e+00 1.227981119999999926e+01 2.048089339999999993e+03 2.150421100000000024e+03
3.854999999999999982e+00 1.238720400000000055e+01 2.047194400000000087e+03 2.150421100000000024e+03
3.859999999999999876e+00 1.239868391999999986e+01 2.047098733999999922e+03 2.150421100000000024e+03
3.864999999999999769e+00 1.244941775999999933e+01 2.046675952000000052e+03 2.150421100000000024e+03
3.869999999999999662e+00 1.242682823999999897e+01 2.046864197999999988e+03 2.150421100000000024e+03
3.874999999999999556e+00 1.242682823999999897e+01 2.046864197999999988e+03 2.150421100000000024e+03
3.879999999999999449e+00 1.246645247999999917e+01 2.046533996000000116e+03 2.150421100000000024e+03
3.885000000000000231e+00 1.235905967999999966e+01 2.047428936000000022e+03 2.150421100000000024e+03
3.890000000000000124e+00 1.235350487999999913e+01 2.047475226000000021e+03 2.150421100000000024e+03
3.895000000000000018e+00 1.237016928000000071e+01 2.047336356000000023e+03 2.150421100000000024e+03
3.899999999999999911e+00 1.242127343999999844e+01 2.046910487999999987e+03 2.150421100000000024e+03
3.904999999999999805e+00 1.244386295999999881e+01 2.046722242000000051e+03 2.150421100000000024e+03
3.909999999999999698e+00 1.242682823999999897e+01 2.046864197999999988e+03 2.150421100000000024e+03
3.914999999999999591e+00 1.242127343999999844e+01 2.046910487999999987e+03 2.150421100000000024e+03
3.919999999999999485e+00 1.233054504000000051e+01 2.047666557999999895e+03 2.150421100000000024e+03
3.925000000000000266e+00 1.233647015999999930e+01 2.047617181999999957e+03 2.150421100000000024e+03
3.930000000000000160e+00 1.229129111999999857e+01 2.047993674000000055e+03 2.150421100000000024e+03
3.935000000000000053e+00 1.227981119999999926e+01 2.048089339999999993e+03 2.150421100000000024e+03
3.939999999999999947e+00 1.239275879999999930e+01 2.047148110000000088e+03 2.150421100000000024e+03
3.944999999999999840e+00 1.233647015999999930e+01 2.047617181999999957e+03 2.150421100000000024e+03
3.949999999999999734e+00 1.234202495999999982e+01 2.047570891999999958e+03 2.150421100000000024e+03
3.954999999999999627e+00 1.238164920000000002e+01 2.047240690000000086e+03 2.150421100000000024e+03
3.959999999999999520e+00 1.237016928000000071e+01 2.047336356000000023e+03 2.150421100000000024e+03
3.964999999999999414e+00 1.235905967999999966e+01 2.047428936000000022e+03 2.150421100000000024e+03
3.970000000000000195e+00 1.231943543999999946e+01 2.047759138000000121e+03 2.150421100000000024e+03
3.975000000000000089e+00 1.235905967999999966e+01 2.047428936000000022e+03 2.150421100000000024e+03
3.979999999999999982e+00 1.234757976000000035e+01 2.047524601999999959e+03 2.150421100000000024e+03
3.984999999999999876e+00 1.234202495999999982e+01 2.047570891999999958e+03 2.150421100000000024e+03
3.989999999999999769e+00 1.238164920000000002e+01 2.047240690000000086e+03 2.150421100000000024e+03
3.994999999999999662e+00 1.242682823999999897e+01 2.046864197999999988e+03 2.150421100000000024e+03
3.999999999999999556e+00 1.240423871999999861e+01 2.047052443999999923e+03 2.150421100000000024e+03
4.004999999999999005e+00 1.237609439999999950e+01 2.047286980000000085e+03 2.150421100000000024e+03
4.009999999999999787e+00 1.241534831999999966e+01 2.046959863999999925e+03 2.150421100000000024e+03
4.015000000000000568e+00 1.230240071999999962e+01 2.047901094000000057e+03 2.150421100000000024e+03
4.019999999999999574e+00 1.224611207999999962e+01 2.048370166000000154e+03 2.150421100000000024e+03
4.025000000000000355e+00 1.234202495999999982e+01 2.047570891999999958e+03 2.150421100000000024e+03
4.029999999999999361e+00 1.235905967999999966e+01 2.047428936000000022e+03 2.150421100000000024e+03
4.035000000000000142e+00 1.230795552000000015e+01 2.047854804000000058e+03 2.150421100000000024e+03
4.039999999999999147e+00 1.234757976000000035e+01 2.047524601999999959e+03 2.150421100000000024e+03
4.044999999999999929e+00 1.241534831999999966e+01 2.046959863999999925e+03 2.150421100000000024e+03
4.050000000000000711e+00 1.239275879999999930e+01 2.047148110000000088e+03 2.150421100000000024e+03
4.054999999999999716e+00 1.226870159999999998e+01 2.048181919999999991e+03 2.150421100000000024e+03
4.060000000000000497e+00 1.224018695999999906e+01 2.048419542000000092e+03 2.150421100000000024e+03
4.064999999999999503e+00 1.224018695999999906e+01 2.048419542000000092e+03 2.150421100000000024e+03
4.070000000000000284e+00 1.218945311999999959e+01 2.048842324000000190e+03 2.150421100000000024e+03
4.075000000000001066e+00 1.225722168000000067e+01 2.048277586000000156e+03 2.150421100000000024e+03
4.080000000000000071e+00 1.230795552000000015e+01 2.047854804000000058e+03 2.150421100000000024e+03
4.085000000000000853e+00 1.234202495999999982e+01 2.047570891999999958e+03 2.150421100000000024e+03
4.089999999999999858e+00 1.237016928000000071e+01 2.047336356000000023e+03 2.150421100000000024e+03
4.095000000000000639e+00 1.233647015999999930e+01 2.047617181999999957e+03 2.150421100000000024e+03
4.099999999999999645e+00 1.225722168000000067e+01 2.048277586000000156e+03 2.150421100000000024e+03
4.105000000000000426e+00 1.216686359999999922e+01 2.049030569999999898e+03 2.150421100000000024e+03
4.109999999999999432e+00 1.222352255999999926e+01 2.048558411999999862e+03 2.150421100000000024e+03
4.115000000000000213e+00 1.221759743999999870e+01 2.048607788000000255e+03 2.150421100000000024e+03
4.120000000000000995e+00 1.225166688000000015e+01 2.048323875999999927e+03 2.150421100000000024e+03
4.125000000000000000e+00 1.225166688000000015e+01 2.048323875999999927e+03 2.150421100000000024e+03
4.130000000000000782e+00 1.237609439999999950e+01 2.047286980000000085e+03 2.150421100000000024e+03
4.134999999999999787e+00 1.229684591999999910e+01 2.047947384000000056e+03 2.150421100000000024e+03
4.140000000000000568e+00 1.223463216000000031e+01 2.048465831999999864e+03 2.150421100000000024e+03
4.144999999999999574e+00 1.224018695999999906e+01 2.048419542000000092e+03 2.150421100000000024e+03
4.150000000000000355e+00 1.225166688000000015e+01 2.048323875999999927e+03 2.150421100000000024e+03
4.155000000000001137e+00 1.227425640000000051e+01 2.048135630000000219e+03 2.150421100000000024e+03
4.160000000000000142e+00 1.224018695999999906e+01 2.048419542000000092e+03 2.150421100000000024e+03
4.165000000000000924e+00 1.228536599999999979e+01 2.048043050000000221e+03 2.150421100000000024e+03
4.169999999999999929e+00 1.217241839999999797e+01 2.048984280000000126e+03 2.150421100000000024e+03
4.175000000000000711e+00 1.224018695999999906e+01 2.048419542000000092e+03 2.150421100000000024e+03
4.179999999999999716e+00 1.227981119999999926e+01 2.048089339999999993e+03 2.150421100000000024e+03
4.185000000000000497e+00 1.224611207999999962e+01 2.048370166000000154e+03 2.150421100000000024e+03
4.189999999999999503e+00 1.220648783999999942e+01 2.048700367999999798e+03 2.150421100000000024e+03
4.195000000000000284e+00 1.222907735999999979e+01 2.048512122000000090e+03 2.150421100000000024e+03
4.200000000000001066e+00 1.231943543999999946e+01 2.047759138000000121e+03 2.150421100000000024e+03
4.205000000000000071e+00 1.224018695999999906e+01 2.048419542000000092e+03 2.150421100000000024e+03
4.210000000000000853e+00 1.222907735999999979e+01 2.048512122000000090e+03 2.150421100000000024e+03
4.214999999999999858e+00 1.220056271999999886e+01 2.048749744000000192e+03 2.150421100000000024e+03
4.220000000000000639e+00 1.214982887999999939e+01 2.049172525999999834e+03 2.150421100000000024e+03
4.224999999999999645e+00 1.225722168000000067e+01 2.048277586000000156e+03 2.150421100000000024e+03
4.230000000000000426e+00 1.225722168000000067e+01 2.048277586000000156e+03 2.150421100000000024e+03
4.234999999999999432e+00 1.223463216000000031e+01 2.048465831999999864e+03 2.150421100000000024e+03
4.240000000000000213e+00 1.224018695999999906e+01 2.048419542000000092e+03 2.150421100000000024e+03
4.245000000000000995e+00 1.219500791999999834e+01 2.048796033999999963e+03 2.150421100000000024e+03
4.250000000000000000e+00 1.219500791999999834e+01 2.048796033999999963e+03 2.150421100000000024e+03
4.255000000000000782e+00 1.214982887999999939e+01 2.049172525999999834e+03 2.150421100000000024e+03
4.259999999999999787e+00 1.217797319999999850e+01 2.048937989999999900e+03 2.150421100000000024e+03
4.265000000000000568e+00 1.224018695999999906e+01 2.048419542000000092e+03 2.150421100000000024e+03
4.269999999999999574e+00 1.222352255999999926e+01 2.048558411999999862e+03 2.150421100000000024e+03
4.275000000000000355e+00 1.223463216000000031e+01 2.048465831999999864e+03 2.150421100000000024e+03
4.280000000000001137e+00 1.222352255999999926e+01 2.048558411999999862e+03 2.150421100000000024e+03
4.285000000000000142e+00 1.224611207999999962e+01 2.048370166000000154e+03 2.150421100000000024e+03
4.290000000000000924e+00 1.227425640000000051e+01 2.048135630000000219e+03 2.150421100000000024e+03
4.294999999999999929e+00 1.221204263999999995e+01 2.048654078000000027e+03 2.150421100000000024e+03
4.300000000000000711e+00 1.220648783999999942e+01 2.048700367999999798e+03 2.150421100000000024e+03
4.304999999999999716e+00 1.224611207999999962e+01 2.048370166000000154e+03 2.150421100000000024e+03
4.310000000000000497e+00 1.221759743999999870e+01 2.048607788000000255e+03 2.150421100000000024e+03
4.314999999999999503e+00 1.225166688000000015e+01 2.048323875999999927e+03 2.150421100000000024e+03
4.320000000000000284e+00 1.221204263999999995e+01 2.048654078000000027e+03 2.150421100000000024e+03
4.325000000000001066e+00 1.220648783999999942e+01 2.048700367999999798e+03 2.150421100000000024e+03
4.330000000000000071e+00 1.216130880000000047e+01 2.049076860000000124e+03 2.150421100000000024e+03
4.335000000000000853e+00 1.207095071999999902e+01 2.049829843999999866e+03 2.150421100000000024e+03
4.339999999999999858e+00 1.214427408000000064e+01 2.049218816000000061e+03 2.150421100000000024e+03
4.345000000000000639e+00 1.213871928000000011e+01 2.049265105999999832e+03 2.150421100000000024e+03
4.349999999999999645e+00 1.218389831999999906e+01 2.048888613999999961e+03 2.150421100000000024e+03
4.355000000000000426e+00 1.214427408000000064e+01 2.049218816000000061e+03 2.150421100000000024e+03
4.359999999999999432e+00 1.219500791999999834e+01 2.048796033999999963e+03 2.150421100000000024e+03
4.365000000000000213e+00 1.214982887999999939e+01 2.049172525999999834e+03 2.150421100000000024e+03
4.370000000000000995e+00 1.210464983999999866e+01 2.049549018000000160e+03 2.150421100000000024e+03
4.375000000000000000e+00 1.209354023999999939e+01 2.049641598000000158e+03 2.150421100000000024e+03
4.380000000000000782e+00 1.209354023999999939e+01 2.049641598000000158e+03 2.150421100000000024e+03
4.384999999999999787e+00 1.217241839999999797e+01 2.048984280000000126e+03 2.150421100000000024e+03
4.390000000000000568e+00 1.216130880000000047e+01 2.049076860000000124e+03 2.150421100000000024e+03
4.394999999999999574e+00 1.223463216000000031e+01 2.048465831999999864e+03 2.150421100000000024e+03
4.400000000000000355e+00 1.224018695999999906e+01 2.048419542000000092e+03 2.150421100000000024e+03
4.405000000000001137e+00 1.224611207999999962e+01 2.048370166000000154e+03 2.150421100000000024e+03
4.410000000000000142e+00 1.212723935999999902e+01 2.049360771999999997e+03 2.150421100000000024e+03
4.415000000000000924e+00 1.214982887999999939e+01 2.049172525999999834e+03 2.150421100000000024e+03
4.419999999999999929e+00 1.201984655999999951e+01 2.050255712000000131e+03 2.150421100000000024e+03
4.425000000000000711e+00 1.208206031999999830e+01 2.049737263999999868e+03 2.150421100000000024e+03
4.429999999999999716e+00 1.214982887999999939e+01 2.049172525999999834e+03 2.150421100000000024e+03
4.435000000000000497e+00 1.223463216000000031e+01 2.048465831999999864e+03 2.150421100000000024e+03
4.439999999999999503e+00 1.216130880000000047e+01 2.049076860000000124e+03 2.150421100000000024e+03
4.445000000000000284e+00 1.218945311999999959e+01 2.048842324000000190e+03 2.150421100000000024e+03
4.450000000000001066e+00 1.222907735999999979e+01 2.048512122000000090e+03 2.150421100000000024e+03
4.455000000000000071e+00 1.215538367999999814e+01 2.049126236000000063e+03 2.150421100000000024e+03
4.460000000000000853e+00 1.219500791999999834e+01 2.048796033999999963e+03 2.150421100000000024e+03
4.464999999999999858e+00 1.209909503999999991e+01 2.049595307999999932e+03 2.150421100000000024e+03
4.470000000000000639e+00 1.210464983999999866e+01 2.049549018000000160e+03 2.150421100000000024e+03
4.474999999999999645e+00 1.212723935999999902e+01 2.049360771999999997e+03 2.150421100000000024e+03
4.480000000000000426e+00 1.212168456000000027e+01 2.049407062000000224e+03 2.150421100000000024e+03
4.484999999999999432e+00 1.214427408000000064e+01 2.049218816000000061e+03 2.150421100000000024e+03
4.490000000000000213e+00 1.214427408000000064e+01 2.049218816000000061e+03 2.150421100000000024e+03
4.495000000000000995e+00 1.223463216000000031e+01 2.048465831999999864e+03 2.150421100000000024e+03
4.500000000000000000e+00 1.216686359999999922e+01 2.049030569999999898e+03 2.150421100000000024e+03
4.505000000000000782e+00 1.208761511999999883e+01 2.049690974000000097e+03 2.150421100000000024e+03
4.509999999999999787e+00 1.211020463999999919e+01 2.049502727999999934e+03 2.150421100000000024e+03
4.515000000000000568e+00 1.207650551999999955e+01 2.049783554000000095e+03 2.150421100000000024e+03
4.519999999999999574e+00 1.212723935999999902e+01 2.049360771999999997e+03 2.150421100000000024e+03
4.525000000000000355e+00 1.203132648000000060e+01 2.050160045999999966e+03 2.150421100000000024e+03
4.530000000000001137e+00 1.212168456000000027e+01 2.049407062000000224e+03 2.150421100000000024e+03
4.535000000000000142e+00 1.216130880000000047e+01 2.049076860000000124e+03 2.150421100000000024e+03
4.540000000000000924e+00 1.213871928000000011e+01 2.049265105999999832e+03 2.150421100000000024e+03
4.544999999999999929e+00 1.213279415999999955e+01 2.049314482000000226e+03 2.150421100000000024e+03
4.550000000000000711e+00 1.205391599999999919e+01 2.049971800000000258e+03 2.150421100000000024e+03
4.554999999999999716e+00 1.208206031999999830e+01 2.049737263999999868e+03 2.150421100000000024e+03
4.560000000000000497e+00 1.209354023999999939e+01 2.049641598000000158e+03 2.150421100000000024e+03
4.564999999999999503e+00 1.205391599999999919e+01 2.049971800000000258e+03 2.150421100000000024e+03
4.570000000000000284e+00 1.213279415999999955e+01 2.049314482000000226e+03 2.150421100000000024e+03
4.575000000000001066e+00 1.208761511999999883e+01 2.049690974000000097e+03 2.150421100000000024e+03
4.580000000000000071e+00 1.218389831999999906e+01 2.048888613999999961e+03 2.150421100000000024e+03
4.585000000000000853e+00 1.213279415999999955e+01 2.049314482000000226e+03 2.150421100000000024e+03
4.589999999999999858e+00 1.205391599999999919e+01 2.049971800000000258e+03 2.150421100000000024e+03
4.595000000000000639e+00 1.204799087999999863e+01 2.050021176000000196e+03 2.150421100000000024e+03
4.599999999999999645e+00 1.198614743999999988e+01 2.050536537999999837e+03 2.150421100000000024e+03
4.605000000000000426e+00 1.205391599999999919e+01 2.049971800000000258e+03 2.150421100000000024e+03
4.609999999999999432e+00 1.204799087999999863e+01 2.050021176000000196e+03 2.150421100000000024e+03
4.615000000000000213e+00 1.209354023999999939e+01 2.049641598000000158e+03 2.150421100000000024e+03
4.620000000000000995e+00 1.208206031999999830e+01 2.049737263999999868e+03 2.150421100000000024e+03
4.625000000000000000e+00 1.201984655999999951e+01 2.050255712000000131e+03 2.150421100000000024e+03
4.630000000000000782e+00 1.201984655999999951e+01 2.050255712000000131e+03 2.150421100000000024e+03
4.634999999999999787e+00 1.204243607999999810e+01 2.050067465999999968e+03 2.150421100000000024e+03
4.640000000000000568e+00 1.196911271999999826e+01 2.050678494000000228e+03 2.150421100000000024e+03
4.644999999999999574e+00 1.209354023999999939e+01 2.049641598000000158e+03 2.150421100000000024e+03
4.650000000000000355e+00 1.207650551999999955e+01 2.049783554000000095e+03 2.150421100000000024e+03
4.655000000000001137e+00 1.207650551999999955e+01 2.049783554000000095e+03 2.150421100000000024e+03
4.660000000000000142e+00 1.208761511999999883e+01 2.049690974000000097e+03 2.150421100000000024e+03
4.665000000000000924e+00 1.202540136000000004e+01 2.050209421999999904e+03 2.150421100000000024e+03
4.669999999999999929e+00 1.200873696000000024e+01 2.050348292000000129e+03 2.150421100000000024e+03
4.675000000000000711e+00 1.208206031999999830e+01 2.049737263999999868e+03 2.150421100000000024e+03
4.679999999999999716e+00 1.203688127999999935e+01 2.050113756000000194e+03 2.150421100000000024e+03
4.685000000000000497e+00 1.199725703999999915e+01 2.050443957999999839e+03 2.150421100000000024e+03
4.689999999999999503e+00 1.202540136000000004e+01 2.050209421999999904e+03 2.150421100000000024e+03
4.695000000000000284e+00 1.211612975999999975e+01 2.049453351999999995e+03 2.150421100000000024e+03
4.700000000000001066e+00 1.210464983999999866e+01 2.049549018000000160e+03 2.150421100000000024e+03
4.705000000000000071e+00 1.206502559999999846e+01 2.049879219999999805e+03 2.150421100000000024e+03
4.710000000000000853e+00 1.210464983999999866e+01 2.049549018000000160e+03 2.150421100000000024e+03
4.714999999999999858e+00 1.203132648000000060e+01 2.050160045999999966e+03 2.150421100000000024e+03
4.720000000000000639e+00 1.205391599999999919e+01 2.049971800000000258e+03 2.150421100000000024e+03
4.724999999999999645e+00 1.203132648000000060e+01 2.050160045999999966e+03 2.150421100000000024e+03
4.730000000000000426e+00 1.208206031999999830e+01 2.049737263999999868e+03 2.150421100000000024e+03
4.734999999999999432e+00 1.201984655999999951e+01 2.050255712000000131e+03 2.150421100000000024e+03
4.740000000000000213e+00 1.208761511999999883e+01 2.049690974000000097e+03 2.150421100000000024e+03
4.745000000000000995e+00 1.204799087999999863e+01 2.050021176000000196e+03 2.150421100000000024e+03
4.750000000000000000e+00 1.199725703999999915e+01 2.050443957999999839e+03 2.150421100000000024e+03
4.755000000000000782e+00 1.196911271999999826e+01 2.050678494000000228e+03 2.150421100000000024e+03
4.759999999999999787e+00 1.196355791999999774e+01 2.050724784000000000e+03 2.150421100000000024e+03
4.765000000000000568e+00 1.202540136000000004e+01 2.050209421999999904e+03 2.150421100000000024e+03
4.769999999999999574e+00 1.200873696000000024e+01 2.050348292000000129e+03 2.150421100000000024e+03
4.775000000000000355e+00 1.207650551999999955e+01 2.049783554000000095e+03 2.150421100000000024e+03
4.780000000000001137e+00 1.210464983999999866e+01 2.049549018000000160e+03 2.150421100000000024e+03
4.785000000000000142e+00 1.199170223999999862e+01 2.050490248000000065e+03 2.150421100000000024e+03
4.790000000000000924e+00 1.200281183999999968e+01 2.050397668000000067e+03 2.150421100000000024e+03
4.794999999999999929e+00 1.192393367999999931e+01 2.051054986000000099e+03 2.150421100000000024e+03
4.800000000000000711e+00 1.190134415999999895e+01 2.051243231999999807e+03 2.150421100000000024e+03
4.804999999999999716e+00 1.190134415999999895e+01 2.051243231999999807e+03 2.150421100000000024e+03
4.810000000000000497e+00 1.203132648000000060e+01 2.050160045999999966e+03 2.150421100000000024e+03
4.814999999999999503e+00 1.198022231999999931e+01 2.050585914000000230e+03 2.150421100000000024e+03
4.820000000000000284e+00 1.196911271999999826e+01 2.050678494000000228e+03 2.150421100000000024e+03
4.825000000000001066e+00 1.196355791999999774e+01 2.050724784000000000e+03 2.150421100000000024e+03
4.830000000000000071e+00 1.194652319999999790e+01 2.050866739999999936e+03 2.150421100000000024e+03
4.835000000000000853e+00 1.194652319999999790e+01 2.050866739999999936e+03 2.150421100000000024e+03
4.839999999999999858e+00 1.200281183999999968e+01 2.050397668000000067e+03 2.150421100000000024e+03
4.845000000000000639e+00 1.193504327999999859e+01 2.050962406000000101e+03 2.150421100000000024e+03
4.849999999999999645e+00 1.192948847999999806e+01 2.051008695999999873e+03 2.150421100000000024e+03
4.855000000000000426e+00 1.199170223999999862e+01 2.050490248000000065e+03 2.150421100000000024e+03
4.859999999999999432e+00 1.194652319999999790e+01 2.050866739999999936e+03 2.150421100000000024e+03
4.865000000000000213e+00 1.191800855999999875e+01 2.051104362000000037e+03 2.150421100000000024e+03
4.870000000000000995e+00 1.192948847999999806e+01 2.051008695999999873e+03 2.150421100000000024e+03
4.875000000000000000e+00 1.192393367999999931e+01 2.051054986000000099e+03 2.150421100000000024e+03
4.880000000000000782e+00 1.191245376000000000e+01 2.051150651999999809e+03 2.150421100000000024e+03
4.884999999999999787e+00 1.198614743999999988e+01 2.050536537999999837e+03 2.150421100000000024e+03
4.890000000000000568e+00 1.200281183999999968e+01 2.050397668000000067e+03 2.150421100000000024e+03
4.894999999999999574e+00 1.191245376000000000e+01 2.051150651999999809e+03 2.150421100000000024e+03
4.900000000000000355e+00 1.190134415999999895e+01 2.051243231999999807e+03 2.150421100000000024e+03
4.905000000000001137e+00 1.191245376000000000e+01 2.051150651999999809e+03 2.150421100000000024e+03
4.910000000000000142e+00 1.191800855999999875e+01 2.051104362000000037e+03 2.150421100000000024e+03
4.915000000000000924e+00 1.194096839999999737e+01 2.050913030000000163e+03 2.150421100000000024e+03
4.919999999999999929e+00 1.193504327999999859e+01 2.050962406000000101e+03 2.150421100000000024e+03
4.925000000000000711e+00 1.192948847999999806e+01 2.051008695999999873e+03 2.150421100000000024e+03
4.929999999999999716e+00 1.191800855999999875e+01 2.051104362000000037e+03 2.150421100000000024e+03
4.935000000000000497e+00 1.191245376000000000e+01 2.051150651999999809e+03 2.150421100000000024e+03
4.939999999999999503e+00 1.185023999999999944e+01 2.051669100000000071e+03 2.150421100000000024e+03
4.945000000000000284e+00 1.187282951999999980e+01 2.051480853999999908e+03 2.150421100000000024e+03
4.950000000000001066e+00 1.182209567999999855e+01 2.051903636000000006e+03 2.150421100000000024e+03
4.955000000000000071e+00 1.187875463999999859e+01 2.051431477999999970e+03 2.150421100000000024e+03
4.960000000000000853e+00 1.192948847999999806e+01 2.051008695999999873e+03 2.150421100000000024e+03
4.964999999999999858e+00 1.189541904000000017e+01 2.051292608000000200e+03 2.150421100000000024e+03
4.970000000000000639e+00 1.190689895999999948e+01 2.051196942000000035e+03 2.150421100000000024e+03
4.974999999999999645e+00 1.192393367999999931e+01 2.051054986000000099e+03 2.150421100000000024e+03
4.980000000000000426e+00 1.186171991999999875e+01 2.051573433999999907e+03 2.150421100000000024e+03
4.984999999999999432e+00 1.191800855999999875e+01 2.051104362000000037e+03 2.150421100000000024e+03
4.990000000000000213e+00 1.184468519999999891e+01 2.051715389999999843e+03 2.150421100000000024e+03
4.995000000000000995e+00 1.184468519999999891e+01 2.051715389999999843e+03 2.150421100000000024e+03
5.000000000000000000e+00 1.188986423999999964e+01 2.051338897999999972e+03 2.150421100000000024e+03
5.005000000000000782e+00 1.190134415999999895e+01 2.051243231999999807e+03 2.150421100000000024e+03
5.009999999999999787e+00 1.195763279999999895e+01 2.050774159999999938e+03 2.150421100000000024e+03
5.015000000000000568e+00 1.188986423999999964e+01 2.051338897999999972e+03 2.150421100000000024e+03
5.019999999999999574e+00 1.186727471999999928e+01 2.051527144000000135e+03 2.150421100000000024e+03
5.025000000000000355e+00 1.186727471999999928e+01 2.051527144000000135e+03 2.150421100000000024e+03
5.030000000000001137e+00 1.181098608000000105e+01 2.051996216000000004e+03 2.150421100000000024e+03
5.035000000000000142e+00 1.187875463999999859e+01 2.051431477999999970e+03 2.150421100000000024e+03
5.040000000000000924e+00 1.188986423999999964e+01 2.051338897999999972e+03 2.150421100000000024e+03
5.044999999999999929e+00 1.198022231999999931e+01 2.050585914000000230e+03 2.150421100000000024e+03
5.050000000000000711e+00 1.194096839999999737e+01 2.050913030000000163e+03 2.150421100000000024e+03
5.054999999999999716e+00 1.188986423999999964e+01 2.051338897999999972e+03 2.150421100000000024e+03
5.060000000000000497e+00 1.185616511999999823e+01 2.051619724000000133e+03 2.150421100000000024e+03
5.064999999999999503e+00 1.179395135999999944e+01 2.052138171999999940e+03 2.150421100000000024e+03
5.070000000000000284e+00 1.183913039999999839e+01 2.051761680000000069e+03 2.150421100000000024e+03
5.075000000000001066e+00 1.190134415999999895e+01 2.051243231999999807e+03 2.150421100000000024e+03
5.080000000000000071e+00 1.193504327999999859e+01 2.050962406000000101e+03 2.150421100000000024e+03
5.085000000000000853e+00 1.188986423999999964e+01 2.051338897999999972e+03 2.150421100000000024e+03
5.089999999999999858e+00 1.186171991999999875e+01 2.051573433999999907e+03 2.150421100000000024e+03
5.095000000000000639e+00 1.187282951999999980e+01 2.051480853999999908e+03 2.150421100000000024e+03
5.099999999999999645e+00 1.190134415999999895e+01 2.051243231999999807e+03 2.150421100000000024e+03
5.105000000000000426e+00 1.181098608000000105e+01 2.051996216000000004e+03 2.150421100000000024e+03
5.109999999999999432e+00 1.183913039999999839e+01 2.051761680000000069e+03 2.150421100000000024e+03
5.115000000000000213e+00 1.186727471999999928e+01 2.051527144000000135e+03 2.150421100000000024e+03
5.120000000000000995e+00 1.191800855999999875e+01 2.051104362000000037e+03 2.150421100000000024e+03
5.125000000000000000e+00 1.191800855999999875e+01 2.051104362000000037e+03 2.150421100000000024e+03
5.130000000000000782e+00 1.187875463999999859e+01 2.051431477999999970e+03 2.150421100000000024e+03
5.134999999999999787e+00 1.188430943999999911e+01 2.051385188000000198e+03 2.150421100000000024e+03
5.140000000000000568e+00 1.181098608000000105e+01 2.051996216000000004e+03 2.150421100000000024e+03
5.144999999999999574e+00 1.177136183999999908e+01 2.052326418000000103e+03 2.150421100000000024e+03
5.150000000000000355e+00 1.177691663999999960e+01 2.052280127999999877e+03 2.150421100000000024e+03
5.155000000000001137e+00 1.180506095999999872e+01 2.052045591999999942e+03 2.150421100000000024e+03
5.160000000000000142e+00 1.186171991999999875e+01 2.051573433999999907e+03 2.150421100000000024e+03
5.165000000000000924e+00 1.193504327999999859e+01 2.050962406000000101e+03 2.150421100000000024e+03
5.169999999999999929e+00 1.191800855999999875e+01 2.051104362000000037e+03 2.150421100000000024e+03
5.175000000000000711e+00 1.187282951999999980e+01 2.051480853999999908e+03 2.150421100000000024e+03
5.179999999999999716e+00 1.185616511999999823e+01 2.051619724000000133e+03 2.150421100000000024e+03
5.185000000000000497e+00 1.182209567999999855e+01 2.051903636000000006e+03 2.150421100000000024e+03
5.189999999999999503e+00 1.188430943999999911e+01 2.051385188000000198e+03 2.150421100000000024e+03
5.195000000000000284e+00 1.185616511999999823e+01 2.051619724000000133e+03 2.150421100000000024e+03
5.200000000000001066e+00 1.188986423999999964e+01 2.051338897999999972e+03 2.150421100000000024e+03
5.205000000000000071e+00 1.191800855999999875e+01 2.051104362000000037e+03 2.150421100000000024e+03
5.210000000000000853e+00 1.193504327999999859e+01 2.050962406000000101e+03 2.150421100000000024e+03
5.214999999999999858e+00 1.182765047999999908e+01 2.051857346000000234e+03 2.150421100000000024e+03
5.220000000000000639e+00 1.190689895999999948e+01 2.051196942000000035e+03 2.150421100000000024e+03
5.224999999999999645e+00 1.187282951999999980e+01 2.051480853999999908e+03 2.150421100000000024e+03
5.230000000000000426e+00 1.192393367999999931e+01 2.051054986000000099e+03 2.150421100000000024e+03
5.234999999999999432e+00 1.190134415999999895e+01 2.051243231999999807e+03 2.150421100000000024e+03
5.240000000000000213e+00 1.187282951999999980e+01 2.051480853999999908e+03 2.150421100000000024e+03
5.245000000000000995e+00 1.190689895999999948e+01 2.051196942000000035e+03 2.150421100000000024e+03
5.250000000000000000e+00 1.188986423999999964e+01 2.051338897999999972e+03 2.150421100000000024e+03
5.255000000000000782e+00 1.188430943999999911e+01 2.051385188000000198e+03 2.150421100000000024e+03
5.259999999999999787e+00 1.191245376000000000e+01 2.051150651999999809e+03 2.150421100000000024e+03
5.265000000000000568e+00 1.185616511999999823e+01 2.051619724000000133e+03 2.150421100000000024e+03
5.269999999999999574e+00 1.178839656000000069e+01 2.052184462000000167e+03 2.150421100000000024e+03
5.275000000000000355e+00 1.183357559999999964e+01 2.051807969999999841e+03 2.150421100000000024e+03
5.280000000000001137e+00 1.180506095999999872e+01 2.052045591999999942e+03 2.150421100000000024e+03
5.285000000000000142e+00 1.176543672000000029e+01 2.052375794000000042e+03 2.150421100000000024e+03
5.290000000000000924e+00 1.182209567999999855e+01 2.051903636000000006e+03 2.150421100000000024e+03
5.294999999999999929e+00 1.175988191999999977e+01 2.052422083999999813e+03 2.150421100000000024e+03
5.300000000000000711e+00 1.172618280000000013e+01 2.052702909999999974e+03 2.150421100000000024e+03
5.304999999999999716e+00 1.181098608000000105e+01 2.051996216000000004e+03 2.150421100000000024e+03
5.310000000000000497e+00 1.188430943999999911e+01 2.051385188000000198e+03 2.150421100000000024e+03
5.314999999999999503e+00 1.182209567999999855e+01 2.051903636000000006e+03 2.150421100000000024e+03
5.320000000000000284e+00 1.183357559999999964e+01 2.051807969999999841e+03 2.150421100000000024e+03
5.325000000000001066e+00 1.182209567999999855e+01 2.051903636000000006e+03 2.150421100000000024e+03
5.330000000000000071e+00 1.178839656000000069e+01 2.052184462000000167e+03 2.150421100000000024e+03
5.335000000000000853e+00 1.174877232000000049e+01 2.052514663999999811e+03 2.150421100000000024e+03
5.339999999999999858e+00 1.179395135999999944e+01 2.052138171999999940e+03 2.150421100000000024e+03
5.345000000000000639e+00 1.174877232000000049e+01 2.052514663999999811e+03 2.150421100000000024e+03
5.349999999999999645e+00 1.179950615999999997e+01 2.052091882000000169e+03 2.150421100000000024e+03
5.355000000000000426e+00 1.173729239999999940e+01 2.052610329999999976e+03 2.150421100000000024e+03
5.359999999999999432e+00 1.179395135999999944e+01 2.052138171999999940e+03 2.150421100000000024e+03
5.365000000000000213e+00 1.179950615999999997e+01 2.052091882000000169e+03 2.150421100000000024e+03
5.370000000000000995e+00 1.179950615999999997e+01 2.052091882000000169e+03 2.150421100000000024e+03
5.375000000000000000e+00 1.177691663999999960e+01 2.052280127999999877e+03 2.150421100000000024e+03
5.380000000000000782e+00 1.175432711999999924e+01 2.052468374000000040e+03 2.150421100000000024e+03
5.384999999999999787e+00 1.176543672000000029e+01 2.052375794000000042e+03 2.150421100000000024e+03
5.390000000000000568e+00 1.175988191999999977e+01 2.052422083999999813e+03 2.150421100000000024e+03
5.394999999999999574e+00 1.182765047999999908e+01 2.051857346000000234e+03 2.150421100000000024e+03
5.400000000000000355e+00 1.183357559999999964e+01 2.051807969999999841e+03 2.150421100000000024e+03
5.405000000000001137e+00 1.178247144000000013e+01 2.052233838000000105e+03 2.150421100000000024e+03
5.410000000000000142e+00 1.176543672000000029e+01 2.052375794000000042e+03 2.150421100000000024e+03
5.415000000000000924e+00 1.166396904000000134e+01 2.053221357999999782e+03 2.150421100000000024e+03
5.419999999999999929e+00 1.160175528000000078e+01 2.053739806000000044e+03 2.150421100000000024e+03
5.425000000000000711e+00 1.163582472000000045e+01 2.053455894000000171e+03 2.150421100000000024e+03
5.429999999999999716e+00 1.179395135999999944e+01 2.052138171999999940e+03 2.150421100000000024e+03
5.435000000000000497e+00 1.166952384000000009e+01 2.053175068000000010e+03 2.150421100000000024e+03
5.439999999999999503e+00 1.177136183999999908e+01 2.052326418000000103e+03 2.150421100000000024e+03
5.445000000000000284e+00 1.173173759999999888e+01 2.052656620000000203e+03 2.150421100000000024e+03
5.450000000000001066e+00 1.167507863999999884e+01 2.053128778000000239e+03 2.150421100000000024e+03
5.455000000000000071e+00 1.166396904000000134e+01 2.053221357999999782e+03 2.150421100000000024e+03
5.460000000000000853e+00 1.164693431999999973e+01 2.053363314000000173e+03 2.150421100000000024e+03
5.464999999999999858e+00 1.159620048000000025e+01 2.053786095999999816e+03 2.150421100000000024e+03
5.470000000000000639e+00 1.166396904000000134e+01 2.053221357999999782e+03 2.150421100000000024e+03
5.474999999999999645e+00 1.170359327999999977e+01 2.052891156000000137e+03 2.150421100000000024e+03
5.480000000000000426e+00 1.177691663999999960e+01 2.052280127999999877e+03 2.150421100000000024e+03
5.484999999999999432e+00 1.175432711999999924e+01 2.052468374000000040e+03 2.150421100000000024e+03
5.490000000000000213e+00 1.174284719999999993e+01 2.052564040000000205e+03 2.150421100000000024e+03
5.495000000000000995e+00 1.175988191999999977e+01 2.052422083999999813e+03 2.150421100000000024e+03
5.500000000000000000e+00 1.168655855999999993e+01 2.053033112000000074e+03 2.150421100000000024e+03
5.505000000000000782e+00 1.162989959999999989e+01 2.053505270000000110e+03 2.150421100000000024e+03
5.509999999999999787e+00 1.166396904000000134e+01 2.053221357999999782e+03 2.150421100000000024e+03
5.515000000000000568e+00 1.166396904000000134e+01 2.053221357999999782e+03 2.150421100000000024e+03
5.519999999999999574e+00 1.170914807999999852e+01 2.052844865999999911e+03 2.150421100000000024e+03
5.525000000000000355e+00 1.181654087999999803e+01 2.051949926000000232e+03 2.150421100000000024e+03
5.530000000000001137e+00 1.177691663999999960e+01 2.052280127999999877e+03 2.150421100000000024e+03
5.535000000000000142e+00 1.170359327999999977e+01 2.052891156000000137e+03 2.150421100000000024e+03
5.540000000000000924e+00 1.170914807999999852e+01 2.052844865999999911e+03 2.150421100000000024e+03
5.544999999999999929e+00 1.169211335999999868e+01 2.052986821999999847e+03 2.150421100000000024e+03
5.550000000000000711e+00 1.167507863999999884e+01 2.053128778000000239e+03 2.150421100000000024e+03
5.554999999999999716e+00 1.168655855999999993e+01 2.053033112000000074e+03 2.150421100000000024e+03
5.560000000000000497e+00 1.171470287999999904e+01 2.052798576000000139e+03 2.150421100000000024e+03
5.564999999999999503e+00 1.176543672000000029e+01 2.052375794000000042e+03 2.150421100000000024e+03
5.570000000000000284e+00 1.180506095999999872e+01 2.052045591999999942e+03 2.150421100000000024e+03
5.575000000000001066e+00 1.178839656000000069e+01 2.052184462000000167e+03 2.150421100000000024e+03
5.580000000000000071e+00 1.167507863999999884e+01 2.053128778000000239e+03 2.150421100000000024e+03
5.585000000000000853e+00 1.168655855999999993e+01 2.053033112000000074e+03 2.150421100000000024e+03
5.589999999999999858e+00 1.168655855999999993e+01 2.053033112000000074e+03 2.150421100000000024e+03
5.595000000000000639e+00 1.164693431999999973e+01 2.053363314000000173e+03 2.150421100000000024e+03
5.599999999999999645e+00 1.161879000000000062e+01 2.053597850000000108e+03 2.150421100000000024e+03
5.605000000000000426e+00 1.168655855999999993e+01 2.053033112000000074e+03 2.150421100000000024e+03
5.609999999999999432e+00 1.175432711999999924e+01 2.052468374000000040e+03 2.150421100000000024e+03
5.615000000000000213e+00 1.178839656000000069e+01 2.052184462000000167e+03 2.150421100000000024e+03
5.620000000000000995e+00 1.174284719999999993e+01 2.052564040000000205e+03 2.150421100000000024e+03
5.625000000000000000e+00 1.165248912000000026e+01 2.053317023999999947e+03 2.150421100000000024e+03
5.630000000000000782e+00 1.167507863999999884e+01 2.053128778000000239e+03 2.150421100000000024e+03
5.634999999999999787e+00 1.169766815999999920e+01 2.052940532000000076e+03 2.150421100000000024e+03
5.640000000000000568e+00 1.167507863999999884e+01 2.053128778000000239e+03 2.150421100000000024e+03
5.644999999999999574e+00 1.170359327999999977e+01 2.052891156000000137e+03 2.150421100000000024e+03
5.650000000000000355e+00 1.176543672000000029e+01 2.052375794000000042e+03 2.150421100000000024e+03
5.655000000000001137e+00 1.174877232000000049e+01 2.052514663999999811e+03 2.150421100000000024e+03
5.660000000000000142e+00 1.181654087999999803e+01 2.051949926000000232e+03 2.150421100000000024e+03
5.665000000000000924e+00 1.177136183999999908e+01 2.052326418000000103e+03 2.150421100000000024e+03
5.669999999999999929e+00 1.162989959999999989e+01 2.053505270000000110e+03 2.150421100000000024e+03
5.675000000000000711e+00 1.160731007999999953e+01 2.053693515999999818e+03 2.150421100000000024e+03
5.679999999999999716e+00 1.166396904000000134e+01 2.053221357999999782e+03 2.150421100000000024e+03
5.685000000000000497e+00 1.166952384000000009e+01 2.053175068000000010e+03 2.150421100000000024e+03
5.689999999999999503e+00 1.174877232000000049e+01 2.052514663999999811e+03 2.150421100000000024e+03
5.695000000000000284e+00 1.172618280000000013e+01 2.052702909999999974e+03 2.150421100000000024e+03
5.700000000000001066e+00 1.182765047999999908e+01 2.051857346000000234e+03 2.150421100000000024e+03
5.705000000000000071e+00 1.164693431999999973e+01 2.053363314000000173e+03 2.150421100000000024e+03
5.710000000000000853e+00 1.171470287999999904e+01 2.052798576000000139e+03 2.150421100000000024e+03
5.714999999999999858e+00 1.171470287999999904e+01 2.052798576000000139e+03 2.150421100000000024e+03
5.720000000000000639e+00 1.163582472000000045e+01 2.053455894000000171e+03 2.150421100000000024e+03
5.724999999999999645e+00 1.165841424000000082e+01 2.053267648000000008e+03 2.150421100000000024e+03
5.730000000000000426e+00 1.164693431999999973e+01 2.053363314000000173e+03 2.150421100000000024e+03
5.734999999999999432e+00 1.168655855999999993e+01 2.053033112000000074e+03 2.150421100000000024e+03
5.740000000000000213e+00 1.165841424000000082e+01 2.053267648000000008e+03 2.150421100000000024e+03
5.745000000000000995e+00 1.167507863999999884e+01 2.053128778000000239e+03 2.150421100000000024e+03
5.750000000000000000e+00 1.173729239999999940e+01 2.052610329999999976e+03 2.150421100000000024e+03
5.755000000000000782e+00 1.164693431999999973e+01 2.053363314000000173e+03 2.150421100000000024e+03
5.759999999999999787e+00 1.174284719999999993e+01 2.052564040000000205e+03 2.150421100000000024e+03
5.765000000000000568e+00 1.168655855999999993e+01 2.053033112000000074e+03 2.150421100000000024e+03
5.769999999999999574e+00 1.166396904000000134e+01 2.053221357999999782e+03 2.150421100000000024e+03
5.775000000000000355e+00 1.169766815999999920e+01 2.052940532000000076e+03 2.150421100000000024e+03
5.780000000000001137e+00 1.176543672000000029e+01 2.052375794000000042e+03 2.150421100000000024e+03
5.785000000000000142e+00 1.166952384000000009e+01 2.053175068000000010e+03 2.150421100000000024e+03
5.790000000000000924e+00 1.172618280000000013e+01 2.052702909999999974e+03 2.150421100000000024e+03
5.794999999999999929e+00 1.168100376000000118e+01 2.053079401999999845e+03 2.150421100000000024e+03
5.800000000000000711e+00 1.161879000000000062e+01 2.053597850000000108e+03 2.150421100000000024e+03
5.804999999999999716e+00 1.161879000000000062e+01 2.053597850000000108e+03 2.150421100000000024e+03
5.810000000000000497e+00 1.161286488000000006e+01 2.053647226000000046e+03 2.150421100000000024e+03
5.814999999999999503e+00 1.164137952000000098e+01 2.053409603999999945e+03 2.150421100000000024e+03
5.820000000000000284e+00 1.169766815999999920e+01 2.052940532000000076e+03 2.150421100000000024e+03
5.825000000000001066e+00 1.167507863999999884e+01 2.053128778000000239e+03 2.150421100000000024e+03
5.830000000000000071e+00 1.175432711999999924e+01 2.052468374000000040e+03 2.150421100000000024e+03
5.835000000000000853e+00 1.174877232000000049e+01 2.052514663999999811e+03 2.150421100000000024e+03
5.839999999999999858e+00 1.170359327999999977e+01 2.052891156000000137e+03 2.150421100000000024e+03
5.845000000000000639e+00 1.170914807999999852e+01 2.052844865999999911e+03 2.150421100000000024e+03
5.849999999999999645e+00 1.164137952000000098e+01 2.053409603999999945e+03 2.150421100000000024e+03
5.855000000000000426e+00 1.160175528000000078e+01 2.053739806000000044e+03 2.150421100000000024e+03
5.859999999999999432e+00 1.157916576000000042e+01 2.053928052000000207e+03 2.150421100000000024e+03
5.865000000000000213e+00 1.162989959999999989e+01 2.053505270000000110e+03 2.150421100000000024e+03
5.870000000000000995e+00 1.167507863999999884e+01 2.053128778000000239e+03 2.150421100000000024e+03
5.875000000000000000e+00 1.165248912000000026e+01 2.053317023999999947e+03 2.150421100000000024e+03
5.880000000000000782e+00 1.173173759999999888e+01 2.052656620000000203e+03 2.150421100000000024e+03
5.884999999999999787e+00 1.166952384000000009e+01 2.053175068000000010e+03 2.150421100000000024e+03
5.890000000000000568e+00 1.159620048000000025e+01 2.053786095999999816e+03 2.150421100000000024e+03
5.894999999999999574e+00 1.160731007999999953e+01 2.053693515999999818e+03 2.150421100000000024e+03
5.900000000000000355e+00 1.165841424000000082e+01 2.053267648000000008e+03 2.150421100000000024e+03
5.905000000000001137e+00 1.177691663999999960e+01 2.052280127999999877e+03 2.150421100000000024e+03
5.910000000000000142e+00 1.176543672000000029e+01 2.052375794000000042e+03 2.150421100000000024e+03
5.915000000000000924e+00 1.179395135999999944e+01 2.052138171999999940e+03 2.150421100000000024e+03
5.919999999999999929e+00 1.172618280000000013e+01 2.052702909999999974e+03 2.150421100000000024e+03
5.925000000000000711e+00 1.168655855999999993e+01 2.053033112000000074e+03 2.150421100000000024e+03
5.929999999999999716e+00 1.164693431999999973e+01 2.053363314000000173e+03 2.150421100000000024e+03
5.935000000000000497e+00 1.165248912000000026e+01 2.053317023999999947e+03 2.150421100000000024e+03
5.939999999999999503e+00 1.162989959999999989e+01 2.053505270000000110e+03 2.150421100000000024e+03
5.945000000000000284e+00 1.161286488000000006e+01 2.053647226000000046e+03 2.150421100000000024e+03
5.950000000000001066e+00 1.168100376000000118e+01 2.053079401999999845e+03 2.150421100000000024e+03
5.955000000000000071e+00 1.169211335999999868e+01 2.052986821999999847e+03 2.150421100000000024e+03
5.960000000000000853e+00 1.166952384000000009e+01 2.053175068000000010e+03 2.150421100000000024e+03
5.964999999999999858e+00 1.169211335999999868e+01 2.052986821999999847e+03 2.150421100000000024e+03
5.970000000000000639e+00 1.166396904000000134e+01 2.053221357999999782e+03 2.150421100000000024e+03
5.974999999999999645e+00 1.165841424000000082e+01 2.053267648000000008e+03 2.150421100000000024e+03
5.980000000000000426e+00 1.162989959999999989e+01 2.053505270000000110e+03 2.150421100000000024e+03
5.984999999999999432e+00 1.166952384000000009e+01 2.053175068000000010e+03 2.150421100000000024e+03
5.990000000000000213e+00 1.164693431999999973e+01 2.053363314000000173e+03 2.150421100000000024e+03
5.995000000000000995e+00 1.162989959999999989e+01 2.053505270000000110e+03 2.150421100000000024e+03
6.000000000000000000e+00 1.164693431999999973e+01 2.053363314000000173e+03 2.150421100000000024e+03
6.005000000000000782e+00 1.162989959999999989e+01 2.053505270000000110e+03 2.150421100000000024e+03
6.009999999999999787e+00 1.162989959999999989e+01 2.053505270000000110e+03 2.150421100000000024e+03
6.015000000000000568e+00 1.162989959999999989e+01 2.053505270000000110e+03 2.150421100000000024e+03
6.019999999999999574e+00 1.162434479999999937e+01 2.053551559999999881e+03 2.150421100000000024e+03
6.025000000000000355e+00 1.162434479999999937e+01 2.053551559999999881e+03 2.150421100000000024e+03
6.030000000000001137e+00 1.162434479999999937e+01 2.053551559999999881e+03 2.150421100000000024e+03
6.035000000000000142e+00 1.161879000000000062e+01 2.053597850000000108e+03 2.150421100000000024e+03
6.040000000000000924e+00 1.166396904000000134e+01 2.053221357999999782e+03 2.150421100000000024e+03
6.044999999999999929e+00 1.161879000000000062e+01 2.053597850000000108e+03 2.150421100000000024e+03
6.050000000000000711e+00 1.159620048000000025e+01 2.053786095999999816e+03 2.150421100000000024e+03
6.054999999999999716e+00 1.159620048000000025e+01 2.053786095999999816e+03 2.150421100000000024e+03
6.060000000000000497e+00 1.154509631999999897e+01 2.054211964000000080e+03 2.150421100000000024e+03
6.064999999999999503e+00 1.158472055999999917e+01 2.053881761999999981e+03 2.150421100000000024e+03
6.070000000000000284e+00 1.166396904000000134e+01 2.053221357999999782e+03 2.150421100000000024e+03
6.075000000000001066e+00 1.159027535999999969e+01 2.053835472000000209e+03 2.150421100000000024e+03
6.080000000000000071e+00 1.166396904000000134e+01 2.053221357999999782e+03 2.150421100000000024e+03
6.085000000000000853e+00 1.165248912000000026e+01 2.053317023999999947e+03 2.150421100000000024e+03
6.089999999999999858e+00 1.160175528000000078e+01 2.053739806000000044e+03 2.150421100000000024e+03
6.095000000000000639e+00 1.153398672000000147e+01 2.054304544000000078e+03 2.150421100000000024e+03
6.099999999999999645e+00 1.161879000000000062e+01 2.053597850000000108e+03 2.150421100000000024e+03
6.105000000000000426e+00 1.162989959999999989e+01 2.053505270000000110e+03 2.150421100000000024e+03
6.109999999999999432e+00 1.169211335999999868e+01 2.052986821999999847e+03 2.150421100000000024e+03
6.115000000000000213e+00 1.165248912000000026e+01 2.053317023999999947e+03 2.150421100000000024e+03
6.120000000000000995e+00 1.160731007999999953e+01 2.053693515999999818e+03 2.150421100000000024e+03
6.125000000000000000e+00 1.157916576000000042e+01 2.053928052000000207e+03 2.150421100000000024e+03
6.130000000000000782e+00 1.156213104000000058e+01 2.054070008000000144e+03 2.150421100000000024e+03
6.134999999999999787e+00 1.157916576000000042e+01 2.053928052000000207e+03 2.150421100000000024e+03
6.140000000000000568e+00 1.155102144000000131e+01 2.054162588000000142e+03 2.150421100000000024e+03
6.144999999999999574e+00 1.155657624000000183e+01 2.054116297999999915e+03 2.150421100000000024e+03
6.150000000000000355e+00 1.159027535999999969e+01 2.053835472000000209e+03 2.150421100000000024e+03
6.155000000000001137e+00 1.162989959999999989e+01 2.053505270000000110e+03 2.150421100000000024e+03
6.160000000000000142e+00 1.164137952000000098e+01 2.053409603999999945e+03 2.150421100000000024e+03
6.165000000000000924e+00 1.163582472000000045e+01 2.053455894000000171e+03 2.150421100000000024e+03
6.169999999999999929e+00 1.161286488000000006e+01 2.053647226000000046e+03 2.150421100000000024e+03
6.175000000000000711e+00 1.160731007999999953e+01 2.053693515999999818e+03 2.150421100000000024e+03
6.179999999999999716e+00 1.159620048000000025e+01 2.053786095999999816e+03 2.150421100000000024e+03
6.185000000000000497e+00 1.155657624000000183e+01 2.054116297999999915e+03 2.150421100000000024e+03
6.189999999999999503e+00 1.155102144000000131e+01 2.054162588000000142e+03 2.150421100000000024e+03
6.195000000000000284e+00 1.155102144000000131e+01 2.054162588000000142e+03 2.150421100000000024e+03
6.200000000000001066e+00 1.157361096000000167e+01 2.053974341999999979e+03 2.150421100000000024e+03
6.205000000000000071e+00 1.159027535999999969e+01 2.053835472000000209e+03 2.150421100000000024e+03
6.210000000000000853e+00 1.152250679999999861e+01 2.054400210000000243e+03 2.150421100000000024e+03
6.214999999999999858e+00 1.144362864000000179e+01 2.055057527999999820e+03 2.150421100000000024e+03
6.220000000000000639e+00 1.150584240000000058e+01 2.054539080000000013e+03 2.150421100000000024e+03
6.224999999999999645e+00 1.154509631999999897e+01 2.054211964000000080e+03 2.150421100000000024e+03
6.230000000000000426e+00 1.158472055999999917e+01 2.053881761999999981e+03 2.150421100000000024e+03
6.234999999999999432e+00 1.138696967999999998e+01 2.055529685999999856e+03 2.150421100000000024e+03
6.240000000000000213e+00 1.157361096000000167e+01 2.053974341999999979e+03 2.150421100000000024e+03
6.245000000000000995e+00 1.152250679999999861e+01 2.054400210000000243e+03 2.150421100000000024e+03
6.250000000000000000e+00 1.173729239999999940e+01 2.052610329999999976e+03 2.150421100000000024e+03
6.255000000000000782e+00 1.156213104000000058e+01 2.054070008000000144e+03 2.150421100000000024e+03
6.259999999999999787e+00 1.139844960000000107e+01 2.055434020000000146e+03 2.150421100000000024e+03
6.265000000000000568e+00 1.147732775999999966e+01 2.054776702000000114e+03 2.150421100000000024e+03
6.269999999999999574e+00 1.144918344000000054e+01 2.055011238000000048e+03 2.150421100000000024e+03
6.275000000000000355e+00 1.174877232000000049e+01 2.052514663999999811e+03 2.150421100000000024e+03
6.280000000000001137e+00 1.162989959999999989e+01 2.053505270000000110e+03 2.150421100000000024e+03
6.285000000000000142e+00 1.162434479999999937e+01 2.053551559999999881e+03 2.150421100000000024e+03
6.290000000000000924e+00 1.161879000000000062e+01 2.053597850000000108e+03 2.150421100000000024e+03
6.294999999999999929e+00 1.163582472000000045e+01 2.053455894000000171e+03 2.150421100000000024e+03
6.300000000000000711e+00 1.153954152000000022e+01 2.054258253999999852e+03 2.150421100000000024e+03
6.304999999999999716e+00 1.159027535999999969e+01 2.053835472000000209e+03 2.150421100000000024e+03
6.310000000000000497e+00 1.147732775999999966e+01 2.054776702000000114e+03 2.150421100000000024e+03
6.314999999999999503e+00 1.157916576000000042e+01 2.053928052000000207e+03 2.150421100000000024e+03
6.320000000000000284e+00 1.153954152000000022e+01 2.054258253999999852e+03 2.150421100000000024e+03
6.325000000000001066e+00 1.159027535999999969e+01 2.053835472000000209e+03 2.150421100000000024e+03
6.330000000000000071e+00 1.160175528000000078e+01 2.053739806000000044e+03 2.150421100000000024e+03
6.335000000000000853e+00 1.156768583999999755e+01 2.054023717999999917e+03 2.150421100000000024e+03
6.339999999999999858e+00 1.156768583999999755e+01 2.054023717999999917e+03 2.150421100000000024e+03
6.345000000000000639e+00 1.151139720000000111e+01 2.054492790000000241e+03 2.150421100000000024e+03
6.349999999999999645e+00 1.151695200000000163e+01 2.054446500000000015e+03 2.150421100000000024e+03
6.355000000000000426e+00 1.150584240000000058e+01 2.054539080000000013e+03 2.150421100000000024e+03
6.359999999999999432e+00 1.151139720000000111e+01 2.054492790000000241e+03 2.150421100000000024e+03
6.365000000000000213e+00 1.156768583999999755e+01 2.054023717999999917e+03 2.150421100000000024e+03
6.370000000000000995e+00 1.158472055999999917e+01 2.053881761999999981e+03 2.150421100000000024e+03
6.375000000000000000e+00 1.164137952000000098e+01 2.053409603999999945e+03 2.150421100000000024e+03
6.380000000000000782e+00 1.165248912000000026e+01 2.053317023999999947e+03 2.150421100000000024e+03
6.384999999999999787e+00 1.157361096000000167e+01 2.053974341999999979e+03 2.150421100000000024e+03
6.390000000000000568e+00 1.157361096000000167e+01 2.053974341999999979e+03 2.150421100000000024e+03
6.394999999999999574e+00 1.153398672000000147e+01 2.054304544000000078e+03 2.150421100000000024e+03
6.400000000000000355e+00 1.149436248000000127e+01 2.054634746000000177e+03 2.150421100000000024e+03
6.405000000000001137e+00 1.152843192000000094e+01 2.054350833999999850e+03 2.150421100000000024e+03
6.410000000000000142e+00 1.150584240000000058e+01 2.054539080000000013e+03 2.150421100000000024e+03
6.415000000000000924e+00 1.151139720000000111e+01 2.054492790000000241e+03 2.150421100000000024e+03
6.419999999999999929e+00 1.155102144000000131e+01 2.054162588000000142e+03 2.150421100000000024e+03
6.425000000000000711e+00 1.153398672000000147e+01 2.054304544000000078e+03 2.150421100000000024e+03
6.429999999999999716e+00 1.148288255999999841e+01 2.054730411999999887e+03 2.150421100000000024e+03
6.435000000000000497e+00 1.149991728000000002e+01 2.054588455999999951e+03 2.150421100000000024e+03
6.439999999999999503e+00 1.139252448000000051e+01 2.055483396000000084e+03 2.150421100000000024e+03
6.445000000000000284e+00 1.146621816000000038e+01 2.054869282000000112e+03 2.150421100000000024e+03
6.450000000000001066e+00 1.146029303999999804e+01 2.054918658000000050e+03 2.150421100000000024e+03
6.455000000000000071e+00 1.146029303999999804e+01 2.054918658000000050e+03 2.150421100000000024e+03
6.460000000000000853e+00 1.149991728000000002e+01 2.054588455999999951e+03 2.150421100000000024e+03
6.464999999999999858e+00 1.147732775999999966e+01 2.054776702000000114e+03 2.150421100000000024e+03
6.470000000000000639e+00 1.151695200000000163e+01 2.054446500000000015e+03 2.150421100000000024e+03
6.474999999999999645e+00 1.149991728000000002e+01 2.054588455999999951e+03 2.150421100000000024e+03
6.480000000000000426e+00 1.139844960000000107e+01 2.055434020000000146e+03 2.150421100000000024e+03
6.484999999999999432e+00 1.136993496000000015e+01 2.055671642000000247e+03 2.150421100000000024e+03
6.490000000000000213e+00 1.143770351999999946e+01 2.055106904000000213e+03 2.150421100000000024e+03
6.495000000000000995e+00 1.145473823999999929e+01 2.054964947999999822e+03 2.150421100000000024e+03
6.500000000000000000e+00 1.143214872000000071e+01 2.055153193999999985e+03 2.150421100000000024e+03
6.505000000000000782e+00 1.142659392000000196e+01 2.055199484000000211e+03 2.150421100000000024e+03
6.509999999999999787e+00 1.139844960000000107e+01 2.055434020000000146e+03 2.150421100000000024e+03
6.515000000000000568e+00 1.142103912000000143e+01 2.055245773999999983e+03 2.150421100000000024e+03
6.519999999999999574e+00 1.139844960000000107e+01 2.055434020000000146e+03 2.150421100000000024e+03
6.525000000000000355e+00 1.142659392000000196e+01 2.055199484000000211e+03 2.150421100000000024e+03
6.530000000000001137e+00 1.138141488000000123e+01 2.055575976000000082e+03 2.150421100000000024e+03
6.535000000000000142e+00 1.149991728000000002e+01 2.054588455999999951e+03 2.150421100000000024e+03
6.540000000000000924e+00 1.153398672000000147e+01 2.054304544000000078e+03 2.150421100000000024e+03
6.544999999999999929e+00 1.148288255999999841e+01 2.054730411999999887e+03 2.150421100000000024e+03
6.550000000000000711e+00 1.140400440000000160e+01 2.055387729999999920e+03 2.150421100000000024e+03
6.554999999999999716e+00 1.142103912000000143e+01 2.055245773999999983e+03 2.150421100000000024e+03
6.560000000000000497e+00 1.145473823999999929e+01 2.054964947999999822e+03 2.150421100000000024e+03
6.564999999999999503e+00 1.151695200000000163e+01 2.054446500000000015e+03 2.150421100000000024e+03
6.570000000000000284e+00 1.148880768000000074e+01 2.054681035999999949e+03 2.150421100000000024e+03
6.575000000000001066e+00 1.154509631999999897e+01 2.054211964000000080e+03 2.150421100000000024e+03
6.580000000000000071e+00 1.147177296000000091e+01 2.054822991999999886e+03 2.150421100000000024e+03
6.585000000000000853e+00 1.144362864000000179e+01 2.055057527999999820e+03 2.150421100000000024e+03
6.589999999999999858e+00 1.138696967999999998e+01 2.055529685999999856e+03 2.150421100000000024e+03
6.595000000000000639e+00 1.140400440000000160e+01 2.055387729999999920e+03 2.150421100000000024e+03
6.599999999999999645e+00 1.139844960000000107e+01 2.055434020000000146e+03 2.150421100000000024e+03
6.605000000000000426e+00 1.145473823999999929e+01 2.054964947999999822e+03 2.150421100000000024e+03
6.609999999999999432e+00 1.148288255999999841e+01 2.054730411999999887e+03 2.150421100000000024e+03
6.615000000000000213e+00 1.144918344000000054e+01 2.055011238000000048e+03 2.150421100000000024e+03
6.620000000000000995e+00 1.144362864000000179e+01 2.055057527999999820e+03 2.150421100000000024e+03
6.625000000000000000e+00 1.138696967999999998e+01 2.055529685999999856e+03 2.150421100000000024e+03
6.630000000000000782e+00 1.138141488000000123e+01 2.055575976000000082e+03 2.150421100000000024e+03
6.634999999999999787e+00 1.143770351999999946e+01 2.055106904000000213e+03 2.150421100000000024e+03
6.640000000000000568e+00 1.140400440000000160e+01 2.055387729999999920e+03 2.150421100000000024e+03
6.644999999999999574e+00 1.138696967999999998e+01 2.055529685999999856e+03 2.150421100000000024e+03
6.650000000000000355e+00 1.143770351999999946e+01 2.055106904000000213e+03 2.150421100000000024e+03
6.655000000000001137e+00 1.153954152000000022e+01 2.054258253999999852e+03 2.150421100000000024e+03
6.660000000000000142e+00 1.149991728000000002e+01 2.054588455999999951e+03 2.150421100000000024e+03
6.665000000000000924e+00 1.153398672000000147e+01 2.054304544000000078e+03 2.150421100000000024e+03
6.669999999999999929e+00 1.142103912000000143e+01 2.055245773999999983e+03 2.150421100000000024e+03
6.675000000000000711e+00 1.139252448000000051e+01 2.055483396000000084e+03 2.150421100000000024e+03
6.679999999999999716e+00 1.138696967999999998e+01 2.055529685999999856e+03 2.150421100000000024e+03
6.685000000000000497e+00 1.143770351999999946e+01 2.055106904000000213e+03 2.150421100000000024e+03
6.689999999999999503e+00 1.145473823999999929e+01 2.054964947999999822e+03 2.150421100000000024e+03
6.695000000000000284e+00 1.151139720000000111e+01 2.054492790000000241e+03 2.150421100000000024e+03
6.700000000000001066e+00 1.142103912000000143e+01 2.055245773999999983e+03 2.150421100000000024e+03
6.705000000000000071e+00 1.144362864000000179e+01 2.055057527999999820e+03 2.150421100000000024e+03
6.710000000000000853e+00 1.142659392000000196e+01 2.055199484000000211e+03 2.150421100000000024e+03
6.714999999999999858e+00 1.139252448000000051e+01 2.055483396000000084e+03 2.150421100000000024e+03
6.720000000000000639e+00 1.134179063999999926e+01 2.055906178000000182e+03 2.150421100000000024e+03
6.724999999999999645e+00 1.139252448000000051e+01 2.055483396000000084e+03 2.150421100000000024e+03
6.730000000000000426e+00 1.142103912000000143e+01 2.055245773999999983e+03 2.150421100000000024e+03
6.734999999999999432e+00 1.143770351999999946e+01 2.055106904000000213e+03 2.150421100000000024e+03
6.740000000000000213e+00 1.148880768000000074e+01 2.054681035999999949e+03 2.150421100000000024e+03
6.745000000000000995e+00 1.148288255999999841e+01 2.054730411999999887e+03 2.150421100000000024e+03
6.750000000000000000e+00 1.142659392000000196e+01 2.055199484000000211e+03 2.150421100000000024e+03
6.755000000000000782e+00 1.142103912000000143e+01 2.055245773999999983e+03 2.150421100000000024e+03
6.759999999999999787e+00 1.135882536000000087e+01 2.055764221999999791e+03 2.150421100000000024e+03
6.765000000000000568e+00 1.135327056000000034e+01 2.055810512000000017e+03 2.150421100000000024e+03
6.769999999999999574e+00 1.140955920000000035e+01 2.055341440000000148e+03 2.150421100000000024e+03
6.775000000000000355e+00 1.145473823999999929e+01 2.054964947999999822e+03 2.150421100000000024e+03
6.780000000000001137e+00 1.149436248000000127e+01 2.054634746000000177e+03 2.150421100000000024e+03
6.785000000000000142e+00 1.143214872000000071e+01 2.055153193999999985e+03 2.150421100000000024e+03
6.790000000000000924e+00 1.140400440000000160e+01 2.055387729999999920e+03 2.150421100000000024e+03
6.794999999999999929e+00 1.138696967999999998e+01 2.055529685999999856e+03 2.150421100000000024e+03
6.800000000000000711e+00 1.144362864000000179e+01 2.055057527999999820e+03 2.150421100000000024e+03
6.804999999999999716e+00 1.144362864000000179e+01 2.055057527999999820e+03 2.150421100000000024e+03
6.810000000000000497e+00 1.141511400000000087e+01 2.055295149999999921e+03 2.150421100000000024e+03
6.814999999999999503e+00 1.137586008000000071e+01 2.055622265999999854e+03 2.150421100000000024e+03
6.820000000000000284e+00 1.140400440000000160e+01 2.055387729999999920e+03 2.150421100000000024e+03
6.825000000000001066e+00 1.139252448000000051e+01 2.055483396000000084e+03 2.150421100000000024e+03
6.830000000000000071e+00 1.138141488000000123e+01 2.055575976000000082e+03 2.150421100000000024e+03
6.835000000000000853e+00 1.135882536000000087e+01 2.055764221999999791e+03 2.150421100000000024e+03
6.839999999999999858e+00 1.139252448000000051e+01 2.055483396000000084e+03 2.150421100000000024e+03
6.845000000000000639e+00 1.135882536000000087e+01 2.055764221999999791e+03 2.150421100000000024e+03
6.849999999999999645e+00 1.134734543999999978e+01 2.055859887999999955e+03 2.150421100000000024e+03
6.855000000000000426e+00 1.135327056000000034e+01 2.055810512000000017e+03 2.150421100000000024e+03
6.859999999999999432e+00 1.135882536000000087e+01 2.055764221999999791e+03 2.150421100000000024e+03
6.865000000000000213e+00 1.140955920000000035e+01 2.055341440000000148e+03 2.150421100000000024e+03
6.870000000000000995e+00 1.136438015999999962e+01 2.055717932000000019e+03 2.150421100000000024e+03
6.875000000000000000e+00 1.133031071999999995e+01 2.056001843999999892e+03 2.150421100000000024e+03
6.880000000000000782e+00 1.142103912000000143e+01 2.055245773999999983e+03 2.150421100000000024e+03
6.884999999999999787e+00 1.140955920000000035e+01 2.055341440000000148e+03 2.150421100000000024e+03
6.890000000000000568e+00 1.135327056000000034e+01 2.055810512000000017e+03 2.150421100000000024e+03
6.894999999999999574e+00 1.139844960000000107e+01 2.055434020000000146e+03 2.150421100000000024e+03
6.900000000000000355e+00 1.142103912000000143e+01 2.055245773999999983e+03 2.150421100000000024e+03
6.905000000000001137e+00 1.132475591999999942e+01 2.056048134000000118e+03 2.150421100000000024e+03
6.910000000000000142e+00 1.136438015999999962e+01 2.055717932000000019e+03 2.150421100000000024e+03
6.915000000000000924e+00 1.134734543999999978e+01 2.055859887999999955e+03 2.150421100000000024e+03
6.919999999999999929e+00 1.133623584000000051e+01 2.055952467999999953e+03 2.150421100000000024e+03
6.925000000000000711e+00 1.138141488000000123e+01 2.055575976000000082e+03 2.150421100000000024e+03
6.929999999999999716e+00 1.137586008000000071e+01 2.055622265999999854e+03 2.150421100000000024e+03
6.935000000000000497e+00 1.140955920000000035e+01 2.055341440000000148e+03 2.150421100000000024e+03
6.939999999999999503e+00 1.134734543999999978e+01 2.055859887999999955e+03 2.150421100000000024e+03
6.945000000000000284e+00 1.134734543999999978e+01 2.055859887999999955e+03 2.150421100000000024e+03
6.950000000000001066e+00 1.134179063999999926e+01 2.055906178000000182e+03 2.150421100000000024e+03
6.955000000000000071e+00 1.127402207999999995e+01 2.056470916000000216e+03 2.150421100000000024e+03
6.960000000000000853e+00 1.131364632000000192e+01 2.056140714000000116e+03 2.150421100000000024e+03
6.964999999999999858e+00 1.135327056000000034e+01 2.055810512000000017e+03 2.150421100000000024e+03
6.970000000000000639e+00 1.133623584000000051e+01 2.055952467999999953e+03 2.150421100000000024e+03
6.974999999999999645e+00 1.130772120000000136e+01 2.056190090000000055e+03 2.150421100000000024e+03
6.980000000000000426e+00 1.139252448000000051e+01 2.055483396000000084e+03 2.150421100000000024e+03
6.984999999999999432e+00 1.132475591999999942e+01 2.056048134000000118e+03 2.150421100000000024e+03
6.990000000000000213e+00 1.131920112000000067e+01 2.056094423999999890e+03 2.150421100000000024e+03
6.995000000000000995e+00 1.135327056000000034e+01 2.055810512000000017e+03 2.150421100000000024e+03
7.000000000000000000e+00 1.128513168000000100e+01 2.056378336000000218e+03 2.150421100000000024e+03
7.005000000000000782e+00 1.128513168000000100e+01 2.056378336000000218e+03 2.150421100000000024e+03
7.009999999999999787e+00 1.134179063999999926e+01 2.055906178000000182e+03 2.150421100000000024e+03
7.015000000000000568e+00 1.134734543999999978e+01 2.055859887999999955e+03 2.150421100000000024e+03
7.019999999999999574e+00 1.136438015999999962e+01 2.055717932000000019e+03 2.150421100000000024e+03
7.025000000000000355e+00 1.131920112000000067e+01 2.056094423999999890e+03 2.150421100000000024e+03
7.030000000000001137e+00 1.131364632000000192e+01 2.056140714000000116e+03 2.150421100000000024e+03
7.035000000000000142e+00 1.121736311999999991e+01 2.056943073999999797e+03 2.150421100000000024e+03
7.040000000000000924e+00 1.126846727999999942e+01 2.056517205999999987e+03 2.150421100000000024e+03
7.044999999999999929e+00 1.122884303999999922e+01 2.056847408000000087e+03 2.150421100000000024e+03
7.050000000000000711e+00 1.126846727999999942e+01 2.056517205999999987e+03 2.150421100000000024e+03
7.054999999999999716e+00 1.133031071999999995e+01 2.056001843999999892e+03 2.150421100000000024e+03
7.060000000000000497e+00 1.130216640000000083e+01 2.056236379999999826e+03 2.150421100000000024e+03
7.064999999999999503e+00 1.136438015999999962e+01 2.055717932000000019e+03 2.150421100000000024e+03
7.070000000000000284e+00 1.125698736000000011e+01 2.056612872000000152e+03 2.150421100000000024e+03
7.075000000000001066e+00 1.128513168000000100e+01 2.056378336000000218e+03 2.150421100000000024e+03
7.080000000000000071e+00 1.122884303999999922e+01 2.056847408000000087e+03 2.150421100000000024e+03
7.085000000000000853e+00 1.120625352000000063e+01 2.057035654000000250e+03 2.150421100000000024e+03
7.089999999999999858e+00 1.118366400000000027e+01 2.057223899999999958e+03 2.150421100000000024e+03
7.095000000000000639e+00 1.125143255999999958e+01 2.056659161999999924e+03 2.150421100000000024e+03
7.099999999999999645e+00 1.125698736000000011e+01 2.056612872000000152e+03 2.150421100000000024e+03
7.105000000000000426e+00 1.125698736000000011e+01 2.056612872000000152e+03 2.150421100000000024e+03
7.109999999999999432e+00 1.130216640000000083e+01 2.056236379999999826e+03 2.150421100000000024e+03
7.115000000000000213e+00 1.128513168000000100e+01 2.056378336000000218e+03 2.150421100000000024e+03
7.120000000000000995e+00 1.127402207999999995e+01 2.056470916000000216e+03 2.150421100000000024e+03
7.125000000000000000e+00 1.124587775999999906e+01 2.056705452000000150e+03 2.150421100000000024e+03
7.130000000000000782e+00 1.134734543999999978e+01 2.055859887999999955e+03 2.150421100000000024e+03
7.134999999999999787e+00 1.125698736000000011e+01 2.056612872000000152e+03 2.150421100000000024e+03
7.140000000000000568e+00 1.127402207999999995e+01 2.056470916000000216e+03 2.150421100000000024e+03
7.144999999999999574e+00 1.129105679999999978e+01 2.056328959999999825e+03 2.150421100000000024e+03
7.150000000000000355e+00 1.131364632000000192e+01 2.056140714000000116e+03 2.150421100000000024e+03
7.155000000000001137e+00 1.125698736000000011e+01 2.056612872000000152e+03 2.150421100000000024e+03
7.160000000000000142e+00 1.124587775999999906e+01 2.056705452000000150e+03 2.150421100000000024e+03
7.165000000000000924e+00 1.128513168000000100e+01 2.056378336000000218e+03 2.150421100000000024e+03
7.169999999999999929e+00 1.125143255999999958e+01 2.056659161999999924e+03 2.150421100000000024e+03
7.175000000000000711e+00 1.131920112000000067e+01 2.056094423999999890e+03 2.150421100000000024e+03
7.179999999999999716e+00 1.130216640000000083e+01 2.056236379999999826e+03 2.150421100000000024e+03
7.185000000000000497e+00 1.123995264000000027e+01 2.056754828000000089e+03 2.150421100000000024e+03
7.189999999999999503e+00 1.129661160000000031e+01 2.056282670000000053e+03 2.150421100000000024e+03
7.195000000000000284e+00 1.131920112000000067e+01 2.056094423999999890e+03 2.150421100000000024e+03
7.200000000000001066e+00 1.125143255999999958e+01 2.056659161999999924e+03 2.150421100000000024e+03
7.205000000000000071e+00 1.128513168000000100e+01 2.056378336000000218e+03 2.150421100000000024e+03
7.210000000000000853e+00 1.122328824000000047e+01 2.056893697999999858e+03 2.150421100000000024e+03
7.214999999999999858e+00 1.121736311999999991e+01 2.056943073999999797e+03 2.150421100000000024e+03
7.220000000000000639e+00 1.126254216000000064e+01 2.056566581999999926e+03 2.150421100000000024e+03
7.224999999999999645e+00 1.124587775999999906e+01 2.056705452000000150e+03 2.150421100000000024e+03
7.230000000000000426e+00 1.131364632000000192e+01 2.056140714000000116e+03 2.150421100000000024e+03
7.234999999999999432e+00 1.132475591999999942e+01 2.056048134000000118e+03 2.150421100000000024e+03
7.240000000000000213e+00 1.128513168000000100e+01 2.056378336000000218e+03 2.150421100000000024e+03
7.245000000000000995e+00 1.125698736000000011e+01 2.056612872000000152e+03 2.150421100000000024e+03
7.250000000000000000e+00 1.125143255999999958e+01 2.056659161999999924e+03 2.150421100000000024e+03
7.255000000000000782e+00 1.125143255999999958e+01 2.056659161999999924e+03 2.150421100000000024e+03
7.259999999999999787e+00 1.126254216000000064e+01 2.056566581999999926e+03 2.150421100000000024e+03
7.265000000000000568e+00 1.122884303999999922e+01 2.056847408000000087e+03 2.150421100000000024e+03
7.269999999999999574e+00 1.123995264000000027e+01 2.056754828000000089e+03 2.150421100000000024e+03
7.275000000000000355e+00 1.122328824000000047e+01 2.056893697999999858e+03 2.150421100000000024e+03
7.280000000000001137e+00 1.120032840000000007e+01 2.057085030000000188e+03 2.150421100000000024e+03
7.285000000000000142e+00 1.118921880000000080e+01 2.057177610000000186e+03 2.150421100000000024e+03
7.290000000000000924e+00 1.123439783999999975e+01 2.056801117999999860e+03 2.150421100000000024e+03
7.294999999999999929e+00 1.126254216000000064e+01 2.056566581999999926e+03 2.150421100000000024e+03
7.300000000000000711e+00 1.121180831999999938e+01 2.056989364000000023e+03 2.150421100000000024e+03
7.304999999999999716e+00 1.126254216000000064e+01 2.056566581999999926e+03 2.150421100000000024e+03
7.310000000000000497e+00 1.121180831999999938e+01 2.056989364000000023e+03 2.150421100000000024e+03
7.314999999999999503e+00 1.115514936000000112e+01 2.057461522000000059e+03 2.150421100000000024e+03
7.320000000000000284e+00 1.117218408000000096e+01 2.057319566000000123e+03 2.150421100000000024e+03
7.325000000000001066e+00 1.122884303999999922e+01 2.056847408000000087e+03 2.150421100000000024e+03
7.330000000000000071e+00 1.120032840000000007e+01 2.057085030000000188e+03 2.150421100000000024e+03
7.335000000000000853e+00 1.122884303999999922e+01 2.056847408000000087e+03 2.150421100000000024e+03
7.339999999999999858e+00 1.122884303999999922e+01 2.056847408000000087e+03 2.150421100000000024e+03
7.345000000000000639e+00 1.120032840000000007e+01 2.057085030000000188e+03 2.150421100000000024e+03
7.349999999999999645e+00 1.118921880000000080e+01 2.057177610000000186e+03 2.150421100000000024e+03
7.355000000000000426e+00 1.121736311999999991e+01 2.056943073999999797e+03 2.150421100000000024e+03
7.359999999999999432e+00 1.121180831999999938e+01 2.056989364000000023e+03 2.150421100000000024e+03
7.365000000000000213e+00 1.124587775999999906e+01 2.056705452000000150e+03 2.150421100000000024e+03
7.370000000000000995e+00 1.117218408000000096e+01 2.057319566000000123e+03 2.150421100000000024e+03
7.375000000000000000e+00 1.122884303999999922e+01 2.056847408000000087e+03 2.150421100000000024e+03
7.380000000000000782e+00 1.122328824000000047e+01 2.056893697999999858e+03 2.150421100000000024e+03
7.384999999999999787e+00 1.123995264000000027e+01 2.056754828000000089e+03 2.150421100000000024e+03
7.390000000000000568e+00 1.120625352000000063e+01 2.057035654000000250e+03 2.150421100000000024e+03
7.394999999999999574e+00 1.110997032000000040e+01 2.057838013999999930e+03 2.150421100000000024e+03
7.400000000000000355e+00 1.120625352000000063e+01 2.057035654000000250e+03 2.150421100000000024e+03
7.405000000000001137e+00 1.117218408000000096e+01 2.057319566000000123e+03 2.150421100000000024e+03
7.410000000000000142e+00 1.118921880000000080e+01 2.057177610000000186e+03 2.150421100000000024e+03
7.415000000000000924e+00 1.121736311999999991e+01 2.056943073999999797e+03 2.150421100000000024e+03
7.419999999999999929e+00 1.123995264000000027e+01 2.056754828000000089e+03 2.150421100000000024e+03
7.425000000000000711e+00 1.122884303999999922e+01 2.056847408000000087e+03 2.150421100000000024e+03
7.429999999999999716e+00 1.123439783999999975e+01 2.056801117999999860e+03 2.150421100000000024e+03
7.435000000000000497e+00 1.117773888000000149e+01 2.057273275999999896e+03 2.150421100000000024e+03
7.439999999999999503e+00 1.118366400000000027e+01 2.057223899999999958e+03 2.150421100000000024e+03
7.445000000000000284e+00 1.121180831999999938e+01 2.056989364000000023e+03 2.150421100000000024e+03
7.450000000000001066e+00 1.120032840000000007e+01 2.057085030000000188e+03 2.150421100000000024e+03
7.455000000000000071e+00 1.122884303999999922e+01 2.056847408000000087e+03 2.150421100000000024e+03
7.460000000000000853e+00 1.120032840000000007e+01 2.057085030000000188e+03 2.150421100000000024e+03
7.464999999999999858e+00 1.125143255999999958e+01 2.056659161999999924e+03 2.150421100000000024e+03
7.470000000000000639e+00 1.120625352000000063e+01 2.057035654000000250e+03 2.150421100000000024e+03
7.474999999999999645e+00 1.113255984000000076e+01 2.057649768000000222e+03 2.150421100000000024e+03
7.480000000000000426e+00 1.121180831999999938e+01 2.056989364000000023e+03 2.150421100000000024e+03
7.484999999999999432e+00 1.116107447999999991e+01 2.057412146000000121e+03 2.150421100000000024e+03
7.490000000000000213e+00 1.121736311999999991e+01 2.056943073999999797e+03 2.150421100000000024e+03
7.495000000000000995e+00 1.129105679999999978e+01 2.056328959999999825e+03 2.150421100000000024e+03
7.500000000000000000e+00 1.120625352000000063e+01 2.057035654000000250e+03 2.150421100000000024e+03
7.505000000000000782e+00 1.125143255999999958e+01 2.056659161999999924e+03 2.150421100000000024e+03
7.509999999999999787e+00 1.114959456000000060e+01 2.057507811999999831e+03 2.150421100000000024e+03
7.515000000000000568e+00 1.120625352000000063e+01 2.057035654000000250e+03 2.150421100000000024e+03
7.519999999999999574e+00 1.120032840000000007e+01 2.057085030000000188e+03 2.150421100000000024e+03
7.525000000000000355e+00 1.116662928000000043e+01 2.057365855999999894e+03 2.150421100000000024e+03
7.530000000000001137e+00 1.118366400000000027e+01 2.057223899999999958e+03 2.150421100000000024e+03
7.535000000000000142e+00 1.124587775999999906e+01 2.056705452000000150e+03 2.150421100000000024e+03
7.540000000000000924e+00 1.120625352000000063e+01 2.057035654000000250e+03 2.150421100000000024e+03
7.544999999999999929e+00 1.113848495999999955e+01 2.057600391999999829e+03 2.150421100000000024e+03
7.550000000000000711e+00 1.114959456000000060e+01 2.057507811999999831e+03 2.150421100000000024e+03
7.554999999999999716e+00 1.119477360000000132e+01 2.057131319999999960e+03 2.150421100000000024e+03
7.560000000000000497e+00 1.120625352000000063e+01 2.057035654000000250e+03 2.150421100000000024e+03
7.564999999999999503e+00 1.120625352000000063e+01 2.057035654000000250e+03 2.150421100000000024e+03
7.570000000000000284e+00 1.124587775999999906e+01 2.056705452000000150e+03 2.150421100000000024e+03
7.575000000000001066e+00 1.124587775999999906e+01 2.056705452000000150e+03 2.150421100000000024e+03
7.580000000000000071e+00 1.123439783999999975e+01 2.056801117999999860e+03 2.150421100000000024e+03
7.585000000000000853e+00 1.118366400000000027e+01 2.057223899999999958e+03 2.150421100000000024e+03
7.589999999999999858e+00 1.117218408000000096e+01 2.057319566000000123e+03 2.150421100000000024e+03
7.595000000000000639e+00 1.114959456000000060e+01 2.057507811999999831e+03 2.150421100000000024e+03
7.599999999999999645e+00 1.123995264000000027e+01 2.056754828000000089e+03 2.150421100000000024e+03
7.605000000000000426e+00 1.125698736000000011e+01 2.056612872000000152e+03 2.150421100000000024e+03
7.609999999999999432e+00 1.121736311999999991e+01 2.056943073999999797e+03 2.150421100000000024e+03
7.615000000000000213e+00 1.125698736000000011e+01 2.056612872000000152e+03 2.150421100000000024e+03
7.620000000000000995e+00 1.128513168000000100e+01 2.056378336000000218e+03 2.150421100000000024e+03
7.625000000000000000e+00 1.117218408000000096e+01 2.057319566000000123e+03 2.150421100000000024e+03
7.630000000000000782e+00 1.117773888000000149e+01 2.057273275999999896e+03 2.150421100000000024e+03
7.634999999999999787e+00 1.119477360000000132e+01 2.057131319999999960e+03 2.150421100000000024e+03
7.640000000000000568e+00 1.112145023999999971e+01 2.057742348000000220e+03 2.150421100000000024e+03
7.644999999999999574e+00 1.114403976000000007e+01 2.057554102000000057e+03 2.150421100000000024e+03
7.650000000000000355e+00 1.121180831999999938e+01 2.056989364000000023e+03 2.150421100000000024e+03
7.655000000000001137e+00 1.123995264000000027e+01 2.056754828000000089e+03 2.150421100000000024e+03
7.660000000000000142e+00 1.118366400000000027e+01 2.057223899999999958e+03 2.150421100000000024e+03
7.665000000000000924e+00 1.116662928000000043e+01 2.057365855999999894e+03 2.150421100000000024e+03
7.669999999999999929e+00 1.117218408000000096e+01 2.057319566000000123e+03 2.150421100000000024e+03
7.675000000000000711e+00 1.112700504000000024e+01 2.057696057999999994e+03 2.150421100000000024e+03
7.679999999999999716e+00 1.123439783999999975e+01 2.056801117999999860e+03 2.150421100000000024e+03
7.685000000000000497e+00 1.119477360000000132e+01 2.057131319999999960e+03 2.150421100000000024e+03
7.689999999999999503e+00 1.126846727999999942e+01 2.056517205999999987e+03 2.150421100000000024e+03
7.695000000000000284e+00 1.119477360000000132e+01 2.057131319999999960e+03 2.150421100000000024e+03
7.700000000000001066e+00 1.124587775999999906e+01 2.056705452000000150e+03 2.150421100000000024e+03
7.705000000000000071e+00 1.116107447999999991e+01 2.057412146000000121e+03 2.150421100000000024e+03
7.710000000000000853e+00 1.113848495999999955e+01 2.057600391999999829e+03 2.150421100000000024e+03
7.714999999999999858e+00 1.114959456000000060e+01 2.057507811999999831e+03 2.150421100000000024e+03
7.720000000000000639e+00 1.117773888000000149e+01 2.057273275999999896e+03 2.150421100000000024e+03
7.724999999999999645e+00 1.114959456000000060e+01 2.057507811999999831e+03 2.150421100000000024e+03
7.730000000000000426e+00 1.124587775999999906e+01 2.056705452000000150e+03 2.150421100000000024e+03
7.734999999999999432e+00 1.125698736000000011e+01 2.056612872000000152e+03 2.150421100000000024e+03
7.740000000000000213e+00 1.123439783999999975e+01 2.056801117999999860e+03 2.150421100000000024e+03
7.745000000000000995e+00 1.113848495999999955e+01 2.057600391999999829e+03 2.150421100000000024e+03
7.750000000000000000e+00 1.121180831999999938e+01 2.056989364000000023e+03 2.150421100000000024e+03
7.755000000000000782e+00 1.121180831999999938e+01 2.056989364000000023e+03 2.150421100000000024e+03
7.759999999999999787e+00 1.119477360000000132e+01 2.057131319999999960e+03 2.150421100000000024e+03
7.765000000000000568e+00 1.123439783999999975e+01 2.056801117999999860e+03 2.150421100000000024e+03
7.769999999999999574e+00 1.118921880000000080e+01 2.057177610000000186e+03 2.150421100000000024e+03
7.775000000000000355e+00 1.117218408000000096e+01 2.057319566000000123e+03 2.150421100000000024e+03
7.780000000000001137e+00 1.116662928000000043e+01 2.057365855999999894e+03 2.150421100000000024e+03
7.785000000000000142e+00 1.113848495999999955e+01 2.057600391999999829e+03 2.150421100000000024e+03
7.790000000000000924e+00 1.113255984000000076e+01 2.057649768000000222e+03 2.150421100000000024e+03
7.794999999999999929e+00 1.110441551999999987e+01 2.057884304000000157e+03 2.150421100000000024e+03
7.800000000000000711e+00 1.114403976000000007e+01 2.057554102000000057e+03 2.150421100000000024e+03
7.804999999999999716e+00 1.117218408000000096e+01 2.057319566000000123e+03 2.150421100000000024e+03
7.810000000000000497e+00 1.121180831999999938e+01 2.056989364000000023e+03 2.150421100000000024e+03
7.814999999999999503e+00 1.121736311999999991e+01 2.056943073999999797e+03 2.150421100000000024e+03
7.820000000000000284e+00 1.113848495999999955e+01 2.057600391999999829e+03 2.150421100000000024e+03
7.825000000000001066e+00 1.107071640000000023e+01 2.058165129999999863e+03 2.150421100000000024e+03
7.830000000000000071e+00 1.108182600000000129e+01 2.058072549999999865e+03 2.150421100000000024e+03
7.835000000000000853e+00 1.116107447999999991e+01 2.057412146000000121e+03 2.150421100000000024e+03
7.839999999999999858e+00 1.115514936000000112e+01 2.057461522000000059e+03 2.150421100000000024e+03
7.845000000000000639e+00 1.112145023999999971e+01 2.057742348000000220e+03 2.150421100000000024e+03
7.849999999999999645e+00 1.112700504000000024e+01 2.057696057999999994e+03 2.150421100000000024e+03
7.855000000000000426e+00 1.114959456000000060e+01 2.057507811999999831e+03 2.150421100000000024e+03
7.859999999999999432e+00 1.108738080000000004e+01 2.058026260000000093e+03 2.150421100000000024e+03
7.865000000000000213e+00 1.113848495999999955e+01 2.057600391999999829e+03 2.150421100000000024e+03
7.870000000000000995e+00 1.110997032000000040e+01 2.057838013999999930e+03 2.150421100000000024e+03
7.875000000000000000e+00 1.105368168000000040e+01 2.058307085999999799e+03 2.150421100000000024e+03
7.880000000000000782e+00 1.101405744000000020e+01 2.058637287999999899e+03 2.150421100000000024e+03
7.884999999999999787e+00 1.109886071999999935e+01 2.057930593999999928e+03 2.150421100000000024e+03
7.890000000000000568e+00 1.110997032000000040e+01 2.057838013999999930e+03 2.150421100000000024e+03
7.894999999999999574e+00 1.110997032000000040e+01 2.057838013999999930e+03 2.150421100000000024e+03
7.900000000000000355e+00 1.109886071999999935e+01 2.057930593999999928e+03 2.150421100000000024e+03
7.905000000000001137e+00 1.107071640000000023e+01 2.058165129999999863e+03 2.150421100000000024e+03
7.910000000000000142e+00 1.103664696000000056e+01 2.058449042000000190e+03 2.150421100000000024e+03
7.915000000000000924e+00 1.108738080000000004e+01 2.058026260000000093e+03 2.150421100000000024e+03
7.919999999999999929e+00 1.119477360000000132e+01 2.057131319999999960e+03 2.150421100000000024e+03
7.925000000000000711e+00 1.108738080000000004e+01 2.058026260000000093e+03 2.150421100000000024e+03
7.929999999999999716e+00 1.108182600000000129e+01 2.058072549999999865e+03 2.150421100000000024e+03
7.935000000000000497e+00 1.109886071999999935e+01 2.057930593999999928e+03 2.150421100000000024e+03
7.939999999999999503e+00 1.109886071999999935e+01 2.057930593999999928e+03 2.150421100000000024e+03
7.945000000000000284e+00 1.104775656000000161e+01 2.058356462000000192e+03 2.150421100000000024e+03
7.950000000000001066e+00 1.107071640000000023e+01 2.058165129999999863e+03 2.150421100000000024e+03
7.955000000000000071e+00 1.112700504000000024e+01 2.057696057999999994e+03 2.150421100000000024e+03
7.960000000000000853e+00 1.112145023999999971e+01 2.057742348000000220e+03 2.150421100000000024e+03
7.964999999999999858e+00 1.112145023999999971e+01 2.057742348000000220e+03 2.150421100000000024e+03
7.970000000000000639e+00 1.114403976000000007e+01 2.057554102000000057e+03 2.150421100000000024e+03
7.974999999999999645e+00 1.114403976000000007e+01 2.057554102000000057e+03 2.150421100000000024e+03
7.980000000000000426e+00 1.109886071999999935e+01 2.057930593999999928e+03 2.150421100000000024e+03
7.984999999999999432e+00 1.110997032000000040e+01 2.057838013999999930e+03 2.150421100000000024e+03
7.990000000000000213e+00 1.110997032000000040e+01 2.057838013999999930e+03 2.150421100000000024e+03
7.995000000000000995e+00 1.109330592000000060e+01 2.057976884000000155e+03 2.150421100000000024e+03
8.000000000000000000e+00 1.112700504000000024e+01 2.057696057999999994e+03 2.150421100000000024e+03
8.005000000000000782e+00 1.113255984000000076e+01 2.057649768000000222e+03 2.150421100000000024e+03
8.009999999999999787e+00 1.114403976000000007e+01 2.057554102000000057e+03 2.150421100000000024e+03
8.015000000000000568e+00 1.112145023999999971e+01 2.057742348000000220e+03 2.150421100000000024e+03
8.019999999999999574e+00 1.112700504000000024e+01 2.057696057999999994e+03 2.150421100000000024e+03
8.025000000000000355e+00 1.104220176000000109e+01 2.058402751999999964e+03 2.150421100000000024e+03
8.030000000000001137e+00 1.104775656000000161e+01 2.058356462000000192e+03 2.150421100000000024e+03
8.035000000000000142e+00 1.110441551999999987e+01 2.057884304000000157e+03 2.150421100000000024e+03
8.040000000000000924e+00 1.115514936000000112e+01 2.057461522000000059e+03 2.150421100000000024e+03
8.044999999999999929e+00 1.111589543999999918e+01 2.057788637999999992e+03 2.150421100000000024e+03
8.050000000000000711e+00 1.107627120000000076e+01 2.058118840000000091e+03 2.150421100000000024e+03
8.054999999999999716e+00 1.110441551999999987e+01 2.057884304000000157e+03 2.150421100000000024e+03
8.060000000000000497e+00 1.108182600000000129e+01 2.058072549999999865e+03 2.150421100000000024e+03
8.064999999999999503e+00 1.109886071999999935e+01 2.057930593999999928e+03 2.150421100000000024e+03
8.070000000000000284e+00 1.107627120000000076e+01 2.058118840000000091e+03 2.150421100000000024e+03
8.075000000000001066e+00 1.096332360000000072e+01 2.059060069999999996e+03 2.150421100000000024e+03
8.080000000000000071e+00 1.103664696000000056e+01 2.058449042000000190e+03 2.150421100000000024e+03
8.085000000000000853e+00 1.107071640000000023e+01 2.058165129999999863e+03 2.150421100000000024e+03
8.089999999999999858e+00 1.109330592000000060e+01 2.057976884000000155e+03 2.150421100000000024e+03
8.095000000000000639e+00 1.108738080000000004e+01 2.058026260000000093e+03 2.150421100000000024e+03
8.099999999999999645e+00 1.111589543999999918e+01 2.057788637999999992e+03 2.150421100000000024e+03
8.105000000000000426e+00 1.107071640000000023e+01 2.058165129999999863e+03 2.150421100000000024e+03
8.109999999999999432e+00 1.105368168000000040e+01 2.058307085999999799e+03 2.150421100000000024e+03
8.115000000000000213e+00 1.107627120000000076e+01 2.058118840000000091e+03 2.150421100000000024e+03
8.120000000000000995e+00 1.101405744000000020e+01 2.058637287999999899e+03 2.150421100000000024e+03
8.125000000000000000e+00 1.102516704000000125e+01 2.058544707999999900e+03 2.150421100000000024e+03
8.130000000000000782e+00 1.107627120000000076e+01 2.058118840000000091e+03 2.150421100000000024e+03
8.134999999999999787e+00 1.105923648000000092e+01 2.058260796000000028e+03 2.150421100000000024e+03
8.140000000000000568e+00 1.110997032000000040e+01 2.057838013999999930e+03 2.150421100000000024e+03
8.144999999999999574e+00 1.104220176000000109e+01 2.058402751999999964e+03 2.150421100000000024e+03
8.150000000000000355e+00 1.101405744000000020e+01 2.058637287999999899e+03 2.150421100000000024e+03
8.155000000000001137e+00 1.105923648000000092e+01 2.058260796000000028e+03 2.150421100000000024e+03
8.160000000000000142e+00 1.109330592000000060e+01 2.057976884000000155e+03 2.150421100000000024e+03
8.165000000000000924e+00 1.107627120000000076e+01 2.058118840000000091e+03 2.150421100000000024e+03
8.169999999999999929e+00 1.110997032000000040e+01 2.057838013999999930e+03 2.150421100000000024e+03
8.175000000000000711e+00 1.109886071999999935e+01 2.057930593999999928e+03 2.150421100000000024e+03
8.179999999999999716e+00 1.111589543999999918e+01 2.057788637999999992e+03 2.150421100000000024e+03
8.185000000000000497e+00 1.111589543999999918e+01 2.057788637999999992e+03 2.150421100000000024e+03
8.189999999999999503e+00 1.108738080000000004e+01 2.058026260000000093e+03 2.150421100000000024e+03
8.195000000000000284e+00 1.108182600000000129e+01 2.058072549999999865e+03 2.150421100000000024e+03
8.200000000000001066e+00 1.105368168000000040e+01 2.058307085999999799e+03 2.150421100000000024e+03
8.205000000000000071e+00 1.103664696000000056e+01 2.058449042000000190e+03 2.150421100000000024e+03
8.210000000000000853e+00 1.103664696000000056e+01 2.058449042000000190e+03 2.150421100000000024e+03
8.214999999999999858e+00 1.109330592000000060e+01 2.057976884000000155e+03 2.150421100000000024e+03
8.220000000000000639e+00 1.109886071999999935e+01 2.057930593999999928e+03 2.150421100000000024e+03
8.224999999999999645e+00 1.114959456000000060e+01 2.057507811999999831e+03 2.150421100000000024e+03
8.230000000000000426e+00 1.116107447999999991e+01 2.057412146000000121e+03 2.150421100000000024e+03
8.234999999999999432e+00 1.107071640000000023e+01 2.058165129999999863e+03 2.150421100000000024e+03
8.240000000000000213e+00 1.108738080000000004e+01 2.058026260000000093e+03 2.150421100000000024e+03
8.245000000000000995e+00 1.103109216000000004e+01 2.058495331999999962e+03 2.150421100000000024e+03
8.250000000000000000e+00 1.104220176000000109e+01 2.058402751999999964e+03 2.150421100000000024e+03
8.255000000000000782e+00 1.106479128000000145e+01 2.058214505999999801e+03 2.150421100000000024e+03
8.259999999999999787e+00 1.113255984000000076e+01 2.057649768000000222e+03 2.150421100000000024e+03
8.265000000000000568e+00 1.114959456000000060e+01 2.057507811999999831e+03 2.150421100000000024e+03
8.269999999999999574e+00 1.110441551999999987e+01 2.057884304000000157e+03 2.150421100000000024e+03
8.275000000000000355e+00 1.104775656000000161e+01 2.058356462000000192e+03 2.150421100000000024e+03
8.280000000000001137e+00 1.100257752000000089e+01 2.058732954000000063e+03 2.150421100000000024e+03
8.285000000000000142e+00 1.102516704000000125e+01 2.058544707999999900e+03 2.150421100000000024e+03
8.290000000000000924e+00 1.097998800000000053e+01 2.058921200000000226e+03 2.150421100000000024e+03
8.294999999999999929e+00 1.106479128000000145e+01 2.058214505999999801e+03 2.150421100000000024e+03
8.300000000000000711e+00 1.109886071999999935e+01 2.057930593999999928e+03 2.150421100000000024e+03
8.304999999999999716e+00 1.106479128000000145e+01 2.058214505999999801e+03 2.150421100000000024e+03
8.310000000000000497e+00 1.104775656000000161e+01 2.058356462000000192e+03 2.150421100000000024e+03
8.314999999999999503e+00 1.099702272000000036e+01 2.058779243999999835e+03 2.150421100000000024e+03
8.320000000000000284e+00 1.099146791999999984e+01 2.058825534000000061e+03 2.150421100000000024e+03
8.325000000000001066e+00 1.095184368000000141e+01 2.059155736000000161e+03 2.150421100000000024e+03
8.330000000000000071e+00 1.097998800000000053e+01 2.058921200000000226e+03 2.150421100000000024e+03
8.335000000000000853e+00 1.101405744000000020e+01 2.058637287999999899e+03 2.150421100000000024e+03
8.339999999999999858e+00 1.092925416000000105e+01 2.059343981999999869e+03 2.150421100000000024e+03
8.345000000000000639e+00 1.101405744000000020e+01 2.058637287999999899e+03 2.150421100000000024e+03
8.349999999999999645e+00 1.104220176000000109e+01 2.058402751999999964e+03 2.150421100000000024e+03
8.355000000000000426e+00 1.097443320000000000e+01 2.058967489999999998e+03 2.150421100000000024e+03
8.359999999999999432e+00 1.104775656000000161e+01 2.058356462000000192e+03 2.150421100000000024e+03
8.365000000000000213e+00 1.100850263999999967e+01 2.058683578000000125e+03 2.150421100000000024e+03
8.370000000000000995e+00 1.092369936000000052e+01 2.059390272000000095e+03 2.150421100000000024e+03
8.375000000000000000e+00 1.100257752000000089e+01 2.058732954000000063e+03 2.150421100000000024e+03
8.380000000000000782e+00 1.097443320000000000e+01 2.058967489999999998e+03 2.150421100000000024e+03
8.384999999999999787e+00 1.103664696000000056e+01 2.058449042000000190e+03 2.150421100000000024e+03
8.390000000000000568e+00 1.097443320000000000e+01 2.058967489999999998e+03 2.150421100000000024e+03
8.394999999999999574e+00 1.099146791999999984e+01 2.058825534000000061e+03 2.150421100000000024e+03
8.400000000000000355e+00 1.099146791999999984e+01 2.058825534000000061e+03 2.150421100000000024e+03
8.405000000000001137e+00 1.101961224000000072e+01 2.058590998000000127e+03 2.150421100000000024e+03
8.410000000000000142e+00 1.101405744000000020e+01 2.058637287999999899e+03 2.150421100000000024e+03
8.415000000000000924e+00 1.100257752000000089e+01 2.058732954000000063e+03 2.150421100000000024e+03
8.419999999999999929e+00 1.097443320000000000e+01 2.058967489999999998e+03 2.150421100000000024e+03
8.425000000000000711e+00 1.100850263999999967e+01 2.058683578000000125e+03 2.150421100000000024e+03
8.429999999999999716e+00 1.096887840000000125e+01 2.059013780000000224e+03 2.150421100000000024e+03
8.435000000000000497e+00 1.097443320000000000e+01 2.058967489999999998e+03 2.150421100000000024e+03
8.439999999999999503e+00 1.100850263999999967e+01 2.058683578000000125e+03 2.150421100000000024e+03
8.445000000000000284e+00 1.096332360000000072e+01 2.059060069999999996e+03 2.150421100000000024e+03
8.450000000000001066e+00 1.101961224000000072e+01 2.058590998000000127e+03 2.150421100000000024e+03
8.455000000000000071e+00 1.097443320000000000e+01 2.058967489999999998e+03 2.150421100000000024e+03
8.460000000000000853e+00 1.093480896000000158e+01 2.059297692000000097e+03 2.150421100000000024e+03
8.464999999999999858e+00 1.097443320000000000e+01 2.058967489999999998e+03 2.150421100000000024e+03
8.470000000000000639e+00 1.104775656000000161e+01 2.058356462000000192e+03 2.150421100000000024e+03
8.474999999999999645e+00 1.096332360000000072e+01 2.059060069999999996e+03 2.150421100000000024e+03
8.480000000000000426e+00 1.087259519999999924e+01 2.059816139999999905e+03 2.150421100000000024e+03
8.484999999999999432e+00 1.088962992000000085e+01 2.059674183999999968e+03 2.150421100000000024e+03
8.490000000000000213e+00 1.094073408000000036e+01 2.059248316000000159e+03 2.150421100000000024e+03
8.495000000000000995e+00 1.090666464000000069e+01 2.059532228000000032e+03 2.150421100000000024e+03
8.500000000000000000e+00 1.095184368000000141e+01 2.059155736000000161e+03 2.150421100000000024e+03
8.505000000000000782e+00 1.092369936000000052e+01 2.059390272000000095e+03 2.150421100000000024e+03
8.509999999999999787e+00 1.093480896000000158e+01 2.059297692000000097e+03 2.150421100000000024e+03
8.515000000000000568e+00 1.092369936000000052e+01 2.059390272000000095e+03 2.150421100000000024e+03
8.519999999999999574e+00 1.095739848000000194e+01 2.059109445999999934e+03 2.150421100000000024e+03
8.525000000000000355e+00 1.095184368000000141e+01 2.059155736000000161e+03 2.150421100000000024e+03
8.530000000000001137e+00 1.094073408000000036e+01 2.059248316000000159e+03 2.150421100000000024e+03
8.535000000000000142e+00 1.099702272000000036e+01 2.058779243999999835e+03 2.150421100000000024e+03
8.540000000000000924e+00 1.091777423999999996e+01 2.059439648000000034e+03 2.150421100000000024e+03
8.544999999999999929e+00 1.103109216000000004e+01 2.058495331999999962e+03 2.150421100000000024e+03
8.550000000000000711e+00 1.097443320000000000e+01 2.058967489999999998e+03 2.150421100000000024e+03
8.554999999999999716e+00 1.100257752000000089e+01 2.058732954000000063e+03 2.150421100000000024e+03
8.560000000000000497e+00 1.096887840000000125e+01 2.059013780000000224e+03 2.150421100000000024e+03
8.564999999999999503e+00 1.104220176000000109e+01 2.058402751999999964e+03 2.150421100000000024e+03
8.570000000000000284e+00 1.095184368000000141e+01 2.059155736000000161e+03 2.150421100000000024e+03
8.575000000000001066e+00 1.094628888000000089e+01 2.059202025999999933e+03 2.150421100000000024e+03
8.580000000000000071e+00 1.095184368000000141e+01 2.059155736000000161e+03 2.150421100000000024e+03
8.585000000000000853e+00 1.090110984000000016e+01 2.059578517999999804e+03 2.150421100000000024e+03
8.589999999999999858e+00 1.092925416000000105e+01 2.059343981999999869e+03 2.150421100000000024e+03
8.595000000000000639e+00 1.097443320000000000e+01 2.058967489999999998e+03 2.150421100000000024e+03
8.599999999999999645e+00 1.092925416000000105e+01 2.059343981999999869e+03 2.150421100000000024e+03
8.605000000000000426e+00 1.091221944000000121e+01 2.059485937999999805e+03 2.150421100000000024e+03
8.609999999999999432e+00 1.096332360000000072e+01 2.059060069999999996e+03 2.150421100000000024e+03
8.615000000000000213e+00 1.096887840000000125e+01 2.059013780000000224e+03 2.150421100000000024e+03
8.620000000000000995e+00 1.095739848000000194e+01 2.059109445999999934e+03 2.150421100000000024e+03
8.625000000000000000e+00 1.087852031999999980e+01 2.059766763999999966e+03 2.150421100000000024e+03
8.630000000000000782e+00 1.093480896000000158e+01 2.059297692000000097e+03 2.150421100000000024e+03
8.634999999999999787e+00 1.091221944000000121e+01 2.059485937999999805e+03 2.150421100000000024e+03
8.640000000000000568e+00 1.092369936000000052e+01 2.059390272000000095e+03 2.150421100000000024e+03
8.644999999999999574e+00 1.092369936000000052e+01 2.059390272000000095e+03 2.150421100000000024e+03
8.650000000000000355e+00 1.089518471999999960e+01 2.059627894000000197e+03 2.150421100000000024e+03
8.655000000000001137e+00 1.091777423999999996e+01 2.059439648000000034e+03 2.150421100000000024e+03
8.660000000000000142e+00 1.096887840000000125e+01 2.059013780000000224e+03 2.150421100000000024e+03
8.665000000000000924e+00 1.096332360000000072e+01 2.059060069999999996e+03 2.150421100000000024e+03
8.669999999999999929e+00 1.097998800000000053e+01 2.058921200000000226e+03 2.150421100000000024e+03
8.675000000000000711e+00 1.095739848000000194e+01 2.059109445999999934e+03 2.150421100000000024e+03
8.679999999999999716e+00 1.092369936000000052e+01 2.059390272000000095e+03 2.150421100000000024e+03
8.685000000000000497e+00 1.092925416000000105e+01 2.059343981999999869e+03 2.150421100000000024e+03
8.689999999999999503e+00 1.097998800000000053e+01 2.058921200000000226e+03 2.150421100000000024e+03
8.695000000000000284e+00 1.091221944000000121e+01 2.059485937999999805e+03 2.150421100000000024e+03
8.700000000000001066e+00 1.099702272000000036e+01 2.058779243999999835e+03 2.150421100000000024e+03
8.705000000000000071e+00 1.095184368000000141e+01 2.059155736000000161e+03 2.150421100000000024e+03
8.710000000000000853e+00 1.090110984000000016e+01 2.059578517999999804e+03 2.150421100000000024e+03
8.714999999999999858e+00 1.088962992000000085e+01 2.059674183999999968e+03 2.150421100000000024e+03
8.720000000000000639e+00 1.097443320000000000e+01 2.058967489999999998e+03 2.150421100000000024e+03
8.724999999999999645e+00 1.087852031999999980e+01 2.059766763999999966e+03 2.150421100000000024e+03
8.730000000000000426e+00 1.091221944000000121e+01 2.059485937999999805e+03 2.150421100000000024e+03
8.734999999999999432e+00 1.087852031999999980e+01 2.059766763999999966e+03 2.150421100000000024e+03
8.740000000000000213e+00 1.087852031999999980e+01 2.059766763999999966e+03 2.150421100000000024e+03
8.745000000000000995e+00 1.081630656000000101e+01 2.060285212000000229e+03 2.150421100000000024e+03
8.750000000000000000e+00 1.088407512000000033e+01 2.059720474000000195e+03 2.150421100000000024e+03
8.755000000000000782e+00 1.089518471999999960e+01 2.059627894000000197e+03 2.150421100000000024e+03
8.759999999999999787e+00 1.090110984000000016e+01 2.059578517999999804e+03 2.150421100000000024e+03
8.765000000000000568e+00 1.094628888000000089e+01 2.059202025999999933e+03 2.150421100000000024e+03
8.769999999999999574e+00 1.095739848000000194e+01 2.059109445999999934e+03 2.150421100000000024e+03
8.775000000000000355e+00 1.092369936000000052e+01 2.059390272000000095e+03 2.150421100000000024e+03
8.780000000000001137e+00 1.094073408000000036e+01 2.059248316000000159e+03 2.150421100000000024e+03
8.785000000000000142e+00 1.100257752000000089e+01 2.058732954000000063e+03 2.150421100000000024e+03
8.790000000000000924e+00 1.095184368000000141e+01 2.059155736000000161e+03 2.150421100000000024e+03
8.794999999999999929e+00 1.091777423999999996e+01 2.059439648000000034e+03 2.150421100000000024e+03
8.800000000000000711e+00 1.094628888000000089e+01 2.059202025999999933e+03 2.150421100000000024e+03
8.804999999999999716e+00 1.089518471999999960e+01 2.059627894000000197e+03 2.150421100000000024e+03
8.810000000000000497e+00 1.097443320000000000e+01 2.058967489999999998e+03 2.150421100000000024e+03
8.814999999999999503e+00 1.102516704000000125e+01 2.058544707999999900e+03 2.150421100000000024e+03
8.820000000000000284e+00 1.096332360000000072e+01 2.059060069999999996e+03 2.150421100000000024e+03
8.825000000000001066e+00 1.094073408000000036e+01 2.059248316000000159e+03 2.150421100000000024e+03
8.830000000000000071e+00 1.096887840000000125e+01 2.059013780000000224e+03 2.150421100000000024e+03
8.835000000000000853e+00 1.099702272000000036e+01 2.058779243999999835e+03 2.150421100000000024e+03
8.839999999999999858e+00 1.091777423999999996e+01 2.059439648000000034e+03 2.150421100000000024e+03
8.845000000000000639e+00 1.095739848000000194e+01 2.059109445999999934e+03 2.150421100000000024e+03
8.849999999999999645e+00 1.102516704000000125e+01 2.058544707999999900e+03 2.150421100000000024e+03
8.855000000000000426e+00 1.096332360000000072e+01 2.059060069999999996e+03 2.150421100000000024e+03
8.859999999999999432e+00 1.094073408000000036e+01 2.059248316000000159e+03 2.150421100000000024e+03
8.865000000000000213e+00 1.089518471999999960e+01 2.059627894000000197e+03 2.150421100000000024e+03
8.870000000000000995e+00 1.097443320000000000e+01 2.058967489999999998e+03 2.150421100000000024e+03
8.875000000000000000e+00 1.091221944000000121e+01 2.059485937999999805e+03 2.150421100000000024e+03
8.880000000000000782e+00 1.097443320000000000e+01 2.058967489999999998e+03 2.150421100000000024e+03
8.884999999999999787e+00 1.092925416000000105e+01 2.059343981999999869e+03 2.150421100000000024e+03
8.890000000000000568e+00 1.096887840000000125e+01 2.059013780000000224e+03 2.150421100000000024e+03
8.894999999999999574e+00 1.095739848000000194e+01 2.059109445999999934e+03 2.150421100000000024e+03
8.900000000000000355e+00 1.100257752000000089e+01 2.058732954000000063e+03 2.150421100000000024e+03
8.905000000000001137e+00 1.094073408000000036e+01 2.059248316000000159e+03 2.150421100000000024e+03
8.910000000000000142e+00 1.096332360000000072e+01 2.059060069999999996e+03 2.150421100000000024e+03
8.915000000000000924e+00 1.095739848000000194e+01 2.059109445999999934e+03 2.150421100000000024e+03
8.919999999999999929e+00 1.092925416000000105e+01 2.059343981999999869e+03 2.150421100000000024e+03
8.925000000000000711e+00 1.088407512000000033e+01 2.059720474000000195e+03 2.150421100000000024e+03
8.929999999999999716e+00 1.090666464000000069e+01 2.059532228000000032e+03 2.150421100000000024e+03
8.935000000000000497e+00 1.093480896000000158e+01 2.059297692000000097e+03 2.150421100000000024e+03
8.939999999999999503e+00 1.090666464000000069e+01 2.059532228000000032e+03 2.150421100000000024e+03
8.945000000000000284e+00 1.082741616000000029e+01 2.060192632000000231e+03 2.150421100000000024e+03
8.950000000000001066e+00 1.088962992000000085e+01 2.059674183999999968e+03 2.150421100000000024e+03
8.955000000000000071e+00 1.095184368000000141e+01 2.059155736000000161e+03 2.150421100000000024e+03
8.960000000000000853e+00 1.095739848000000194e+01 2.059109445999999934e+03 2.150421100000000024e+03
8.964999999999999858e+00 1.093480896000000158e+01 2.059297692000000097e+03 2.150421100000000024e+03
8.970000000000000639e+00 1.095739848000000194e+01 2.059109445999999934e+03 2.150421100000000024e+03
8.974999999999999645e+00 1.092925416000000105e+01 2.059343981999999869e+03 2.150421100000000024e+03
8.980000000000000426e+00 1.096332360000000072e+01 2.059060069999999996e+03 2.150421100000000024e+03
8.984999999999999432e+00 1.088962992000000085e+01 2.059674183999999968e+03 2.150421100000000024e+03
8.990000000000000213e+00 1.090110984000000016e+01 2.059578517999999804e+03 2.150421100000000024e+03
8.995000000000000995e+00 1.092925416000000105e+01 2.059343981999999869e+03 2.150421100000000024e+03
9.000000000000000000e+00 1.092369936000000052e+01 2.059390272000000095e+03 2.150421100000000024e+03
9.005000000000000782e+00 1.091777423999999996e+01 2.059439648000000034e+03 2.150421100000000024e+03
9.009999999999999787e+00 1.090666464000000069e+01 2.059532228000000032e+03 2.150421100000000024e+03
9.015000000000000568e+00 1.092925416000000105e+01 2.059343981999999869e+03 2.150421100000000024e+03
9.019999999999999574e+00 1.086704040000000049e+01 2.059862430000000131e+03 2.150421100000000024e+03
9.025000000000000355e+00 1.084445088000000013e+01 2.060050675999999839e+03 2.150421100000000024e+03
9.030000000000001137e+00 1.088407512000000033e+01 2.059720474000000195e+03 2.150421100000000024e+03
9.035000000000000142e+00 1.092925416000000105e+01 2.059343981999999869e+03 2.150421100000000024e+03
9.040000000000000924e+00 1.092369936000000052e+01 2.059390272000000095e+03 2.150421100000000024e+03
9.044999999999999929e+00 1.087259519999999924e+01 2.059816139999999905e+03 2.150421100000000024e+03
9.050000000000000711e+00 1.092925416000000105e+01 2.059343981999999869e+03 2.150421100000000024e+03
9.054999999999999716e+00 1.091777423999999996e+01 2.059439648000000034e+03 2.150421100000000024e+03
9.060000000000000497e+00 1.082186135999999976e+01 2.060238922000000002e+03 2.150421100000000024e+03
9.064999999999999503e+00 1.085593080000000121e+01 2.059955010000000129e+03 2.150421100000000024e+03
9.070000000000000284e+00 1.090666464000000069e+01 2.059532228000000032e+03 2.150421100000000024e+03
9.075000000000001066e+00 1.091221944000000121e+01 2.059485937999999805e+03 2.150421100000000024e+03
9.080000000000000071e+00 1.088962992000000085e+01 2.059674183999999968e+03 2.150421100000000024e+03
9.085000000000000853e+00 1.085593080000000121e+01 2.059955010000000129e+03 2.150421100000000024e+03
9.089999999999999858e+00 1.087852031999999980e+01 2.059766763999999966e+03 2.150421100000000024e+03
9.095000000000000639e+00 1.091777423999999996e+01 2.059439648000000034e+03 2.150421100000000024e+03
9.099999999999999645e+00 1.088962992000000085e+01 2.059674183999999968e+03 2.150421100000000024e+03
9.105000000000000426e+00 1.091221944000000121e+01 2.059485937999999805e+03 2.150421100000000024e+03
9.109999999999999432e+00 1.086148559999999996e+01 2.059908719999999903e+03 2.150421100000000024e+03
9.115000000000000213e+00 1.087259519999999924e+01 2.059816139999999905e+03 2.150421100000000024e+03
9.120000000000000995e+00 1.093480896000000158e+01 2.059297692000000097e+03 2.150421100000000024e+03
9.125000000000000000e+00 1.087852031999999980e+01 2.059766763999999966e+03 2.150421100000000024e+03
9.130000000000000782e+00 1.088407512000000033e+01 2.059720474000000195e+03 2.150421100000000024e+03
9.134999999999999787e+00 1.081630656000000101e+01 2.060285212000000229e+03 2.150421100000000024e+03
9.140000000000000568e+00 1.090110984000000016e+01 2.059578517999999804e+03 2.150421100000000024e+03
9.144999999999999574e+00 1.087259519999999924e+01 2.059816139999999905e+03 2.150421100000000024e+03
9.150000000000000355e+00 1.092369936000000052e+01 2.059390272000000095e+03 2.150421100000000024e+03
9.155000000000001137e+00 1.086148559999999996e+01 2.059908719999999903e+03 2.150421100000000024e+03
9.160000000000000142e+00 1.084445088000000013e+01 2.060050675999999839e+03 2.150421100000000024e+03
9.165000000000000924e+00 1.083889608000000138e+01 2.060096966000000066e+03 2.150421100000000024e+03
9.169999999999999929e+00 1.084445088000000013e+01 2.060050675999999839e+03 2.150421100000000024e+03
9.175000000000000711e+00 1.082741616000000029e+01 2.060192632000000231e+03 2.150421100000000024e+03
9.179999999999999716e+00 1.084445088000000013e+01 2.060050675999999839e+03 2.150421100000000024e+03
9.185000000000000497e+00 1.086148559999999996e+01 2.059908719999999903e+03 2.150421100000000024e+03
9.189999999999999503e+00 1.086148559999999996e+01 2.059908719999999903e+03 2.150421100000000024e+03
9.195000000000000284e+00 1.087259519999999924e+01 2.059816139999999905e+03 2.150421100000000024e+03
9.200000000000001066e+00 1.085000567999999888e+01 2.060004386000000068e+03 2.150421100000000024e+03
9.205000000000000071e+00 1.086148559999999996e+01 2.059908719999999903e+03 2.150421100000000024e+03
9.210000000000000853e+00 1.082186135999999976e+01 2.060238922000000002e+03 2.150421100000000024e+03
9.214999999999999858e+00 1.087259519999999924e+01 2.059816139999999905e+03 2.150421100000000024e+03
9.220000000000000639e+00 1.083334128000000085e+01 2.060143255999999838e+03 2.150421100000000024e+03
9.224999999999999645e+00 1.084445088000000013e+01 2.060050675999999839e+03 2.150421100000000024e+03
9.230000000000000426e+00 1.081075176000000049e+01 2.060331502000000000e+03 2.150421100000000024e+03
9.234999999999999432e+00 1.082186135999999976e+01 2.060238922000000002e+03 2.150421100000000024e+03
9.240000000000000213e+00 1.082741616000000029e+01 2.060192632000000231e+03 2.150421100000000024e+03
9.245000000000000995e+00 1.086148559999999996e+01 2.059908719999999903e+03 2.150421100000000024e+03
9.250000000000000000e+00 1.077668231999999904e+01 2.060615413999999873e+03 2.150421100000000024e+03
9.255000000000000782e+00 1.083889608000000138e+01 2.060096966000000066e+03 2.150421100000000024e+03
9.259999999999999787e+00 1.082741616000000029e+01 2.060192632000000231e+03 2.150421100000000024e+03
9.265000000000000568e+00 1.079371704000000065e+01 2.060473457999999937e+03 2.150421100000000024e+03
9.269999999999999574e+00 1.082741616000000029e+01 2.060192632000000231e+03 2.150421100000000024e+03
9.275000000000000355e+00 1.081630656000000101e+01 2.060285212000000229e+03 2.150421100000000024e+03
9.280000000000001137e+00 1.086148559999999996e+01 2.059908719999999903e+03 2.150421100000000024e+03
9.285000000000000142e+00 1.080482663999999993e+01 2.060380877999999939e+03 2.150421100000000024e+03
9.290000000000000924e+00 1.081630656000000101e+01 2.060285212000000229e+03 2.150421100000000024e+03
9.294999999999999929e+00 1.081075176000000049e+01 2.060331502000000000e+03 2.150421100000000024e+03
9.300000000000000711e+00 1.081630656000000101e+01 2.060285212000000229e+03 2.150421100000000024e+03
9.304999999999999716e+00 1.076520239999999973e+01 2.060711080000000038e+03 2.150421100000000024e+03
9.310000000000000497e+00 1.083889608000000138e+01 2.060096966000000066e+03 2.150421100000000024e+03
9.314999999999999503e+00 1.084445088000000013e+01 2.060050675999999839e+03 2.150421100000000024e+03
9.320000000000000284e+00 1.085593080000000121e+01 2.059955010000000129e+03 2.150421100000000024e+03
9.325000000000001066e+00 1.085000567999999888e+01 2.060004386000000068e+03 2.150421100000000024e+03
9.330000000000000071e+00 1.082186135999999976e+01 2.060238922000000002e+03 2.150421100000000024e+03
9.335000000000000853e+00 1.085000567999999888e+01 2.060004386000000068e+03 2.150421100000000024e+03
9.339999999999999858e+00 1.086148559999999996e+01 2.059908719999999903e+03 2.150421100000000024e+03
9.345000000000000639e+00 1.085000567999999888e+01 2.060004386000000068e+03 2.150421100000000024e+03
9.349999999999999645e+00 1.088407512000000033e+01 2.059720474000000195e+03 2.150421100000000024e+03
9.355000000000000426e+00 1.084445088000000013e+01 2.060050675999999839e+03 2.150421100000000024e+03
9.359999999999999432e+00 1.082741616000000029e+01 2.060192632000000231e+03 2.150421100000000024e+03
9.365000000000000213e+00 1.081630656000000101e+01 2.060285212000000229e+03 2.150421100000000024e+03
9.370000000000000995e+00 1.083334128000000085e+01 2.060143255999999838e+03 2.150421100000000024e+03
9.375000000000000000e+00 1.079927183999999940e+01 2.060427168000000165e+03 2.150421100000000024e+03
9.380000000000000782e+00 1.073705807999999884e+01 2.060945615999999973e+03 2.150421100000000024e+03
9.384999999999999787e+00 1.082741616000000029e+01 2.060192632000000231e+03 2.150421100000000024e+03
9.390000000000000568e+00 1.082186135999999976e+01 2.060238922000000002e+03 2.150421100000000024e+03
9.394999999999999574e+00 1.088407512000000033e+01 2.059720474000000195e+03 2.150421100000000024e+03
9.400000000000000355e+00 1.079371704000000065e+01 2.060473457999999937e+03 2.150421100000000024e+03
9.405000000000001137e+00 1.076520239999999973e+01 2.060711080000000038e+03 2.150421100000000024e+03
9.410000000000000142e+00 1.075409279999999868e+01 2.060803660000000036e+03 2.150421100000000024e+03
9.415000000000000924e+00 1.075409279999999868e+01 2.060803660000000036e+03 2.150421100000000024e+03
9.419999999999999929e+00 1.080482663999999993e+01 2.060380877999999939e+03 2.150421100000000024e+03
9.425000000000000711e+00 1.083334128000000085e+01 2.060143255999999838e+03 2.150421100000000024e+03
9.429999999999999716e+00 1.082186135999999976e+01 2.060238922000000002e+03 2.150421100000000024e+03
9.435000000000000497e+00 1.094073408000000036e+01 2.059248316000000159e+03 2.150421100000000024e+03
9.439999999999999503e+00 1.083334128000000085e+01 2.060143255999999838e+03 2.150421100000000024e+03
9.445000000000000284e+00 1.086148559999999996e+01 2.059908719999999903e+03 2.150421100000000024e+03
9.450000000000001066e+00 1.077668231999999904e+01 2.060615413999999873e+03 2.150421100000000024e+03
9.455000000000000071e+00 1.082741616000000029e+01 2.060192632000000231e+03 2.150421100000000024e+03
9.460000000000000853e+00 1.082186135999999976e+01 2.060238922000000002e+03 2.150421100000000024e+03
9.464999999999999858e+00 1.081075176000000049e+01 2.060331502000000000e+03 2.150421100000000024e+03
9.470000000000000639e+00 1.086148559999999996e+01 2.059908719999999903e+03 2.150421100000000024e+03
9.474999999999999645e+00 1.074853799999999993e+01 2.060849949999999808e+03 2.150421100000000024e+03
9.480000000000000426e+00 1.079927183999999940e+01 2.060427168000000165e+03 2.150421100000000024e+03
9.484999999999999432e+00 1.081075176000000049e+01 2.060331502000000000e+03 2.150421100000000024e+03
9.490000000000000213e+00 1.078223711999999956e+01 2.060569124000000102e+03 2.150421100000000024e+03
9.495000000000000995e+00 1.074853799999999993e+01 2.060849949999999808e+03 2.150421100000000024e+03
9.500000000000000000e+00 1.079927183999999940e+01 2.060427168000000165e+03 2.150421100000000024e+03
9.505000000000000782e+00 1.075409279999999868e+01 2.060803660000000036e+03 2.150421100000000024e+03
9.509999999999999787e+00 1.083334128000000085e+01 2.060143255999999838e+03 2.150421100000000024e+03
9.515000000000000568e+00 1.077668231999999904e+01 2.060615413999999873e+03 2.150421100000000024e+03
9.519999999999999574e+00 1.076520239999999973e+01 2.060711080000000038e+03 2.150421100000000024e+03
9.525000000000000355e+00 1.075964759999999920e+01 2.060757369999999810e+03 2.150421100000000024e+03
9.530000000000001137e+00 1.082186135999999976e+01 2.060238922000000002e+03 2.150421100000000024e+03
9.535000000000000142e+00 1.085593080000000121e+01 2.059955010000000129e+03 2.150421100000000024e+03
9.540000000000000924e+00 1.081630656000000101e+01 2.060285212000000229e+03 2.150421100000000024e+03
9.544999999999999929e+00 1.080482663999999993e+01 2.060380877999999939e+03 2.150421100000000024e+03
9.550000000000000711e+00 1.078816224000000012e+01 2.060519748000000163e+03 2.150421100000000024e+03
9.554999999999999716e+00 1.076520239999999973e+01 2.060711080000000038e+03 2.150421100000000024e+03
9.560000000000000497e+00 1.072594848000000134e+01 2.061038195999999971e+03 2.150421100000000024e+03
9.564999999999999503e+00 1.078816224000000012e+01 2.060519748000000163e+03 2.150421100000000024e+03
9.570000000000000284e+00 1.079927183999999940e+01 2.060427168000000165e+03 2.150421100000000024e+03
9.575000000000001066e+00 1.081075176000000049e+01 2.060331502000000000e+03 2.150421100000000024e+03
9.580000000000000071e+00 1.078816224000000012e+01 2.060519748000000163e+03 2.150421100000000024e+03
9.585000000000000853e+00 1.083334128000000085e+01 2.060143255999999838e+03 2.150421100000000024e+03
9.589999999999999858e+00 1.077112752000000029e+01 2.060661704000000100e+03 2.150421100000000024e+03
9.595000000000000639e+00 1.075964759999999920e+01 2.060757369999999810e+03 2.150421100000000024e+03
9.599999999999999645e+00 1.078816224000000012e+01 2.060519748000000163e+03 2.150421100000000024e+03
9.605000000000000426e+00 1.079371704000000065e+01 2.060473457999999937e+03 2.150421100000000024e+03
9.609999999999999432e+00 1.075964759999999920e+01 2.060757369999999810e+03 2.150421100000000024e+03
9.615000000000000213e+00 1.076520239999999973e+01 2.060711080000000038e+03 2.150421100000000024e+03
9.620000000000000995e+00 1.073705807999999884e+01 2.060945615999999973e+03 2.150421100000000024e+03
9.625000000000000000e+00 1.079371704000000065e+01 2.060473457999999937e+03 2.150421100000000024e+03
9.630000000000000782e+00 1.074261287999999936e+01 2.060899326000000201e+03 2.150421100000000024e+03
9.634999999999999787e+00 1.073705807999999884e+01 2.060945615999999973e+03 2.150421100000000024e+03
9.640000000000000568e+00 1.072594848000000134e+01 2.061038195999999971e+03 2.150421100000000024e+03
9.644999999999999574e+00 1.081630656000000101e+01 2.060285212000000229e+03 2.150421100000000024e+03
9.650000000000000355e+00 1.078223711999999956e+01 2.060569124000000102e+03 2.150421100000000024e+03
9.655000000000001137e+00 1.079927183999999940e+01 2.060427168000000165e+03 2.150421100000000024e+03
9.660000000000000142e+00 1.075409279999999868e+01 2.060803660000000036e+03 2.150421100000000024e+03
9.665000000000000924e+00 1.075409279999999868e+01 2.060803660000000036e+03 2.150421100000000024e+03
9.669999999999999929e+00 1.072002336000000078e+01 2.061087571999999909e+03 2.150421100000000024e+03
9.675000000000000711e+00 1.076520239999999973e+01 2.060711080000000038e+03 2.150421100000000024e+03
9.679999999999999716e+00 1.075964759999999920e+01 2.060757369999999810e+03 2.150421100000000024e+03
9.685000000000000497e+00 1.075409279999999868e+01 2.060803660000000036e+03 2.150421100000000024e+03
9.689999999999999503e+00 1.072594848000000134e+01 2.061038195999999971e+03 2.150421100000000024e+03
9.695000000000000284e+00 1.074261287999999936e+01 2.060899326000000201e+03 2.150421100000000024e+03
9.700000000000001066e+00 1.069743384000000042e+01 2.061275818000000072e+03 2.150421100000000024e+03
9.705000000000000071e+00 1.074261287999999936e+01 2.060899326000000201e+03 2.150421100000000024e+03
9.710000000000000853e+00 1.074261287999999936e+01 2.060899326000000201e+03 2.150421100000000024e+03
9.714999999999999858e+00 1.073150328000000009e+01 2.060991906000000199e+03 2.150421100000000024e+03
9.720000000000000639e+00 1.074261287999999936e+01 2.060899326000000201e+03 2.150421100000000024e+03
9.724999999999999645e+00 1.079927183999999940e+01 2.060427168000000165e+03 2.150421100000000024e+03
9.730000000000000426e+00 1.076520239999999973e+01 2.060711080000000038e+03 2.150421100000000024e+03
9.734999999999999432e+00 1.076520239999999973e+01 2.060711080000000038e+03 2.150421100000000024e+03
9.740000000000000213e+00 1.078223711999999956e+01 2.060569124000000102e+03 2.150421100000000024e+03
9.745000000000000995e+00 1.074261287999999936e+01 2.060899326000000201e+03 2.150421100000000024e+03
9.750000000000000000e+00 1.073150328000000009e+01 2.060991906000000199e+03 2.150421100000000024e+03
9.755000000000000782e+00 1.078223711999999956e+01 2.060569124000000102e+03 2.150421100000000024e+03
9.759999999999999787e+00 1.077112752000000029e+01 2.060661704000000100e+03 2.150421100000000024e+03
9.765000000000000568e+00 1.072002336000000078e+01 2.061087571999999909e+03 2.150421100000000024e+03
9.769999999999999574e+00 1.074853799999999993e+01 2.060849949999999808e+03 2.150421100000000024e+03
9.775000000000000355e+00 1.074261287999999936e+01 2.060899326000000201e+03 2.150421100000000024e+03
9.780000000000001137e+00 1.075964759999999920e+01 2.060757369999999810e+03 2.150421100000000024e+03
9.785000000000000142e+00 1.072002336000000078e+01 2.061087571999999909e+03 2.150421100000000024e+03
9.790000000000000924e+00 1.074261287999999936e+01 2.060899326000000201e+03 2.150421100000000024e+03
9.794999999999999929e+00 1.072002336000000078e+01 2.061087571999999909e+03 2.150421100000000024e+03
9.800000000000000711e+00 1.078223711999999956e+01 2.060569124000000102e+03 2.150421100000000024e+03
9.804999999999999716e+00 1.081075176000000049e+01 2.060331502000000000e+03 2.150421100000000024e+03
9.810000000000000497e+00 1.077668231999999904e+01 2.060615413999999873e+03 2.150421100000000024e+03
9.814999999999999503e+00 1.074853799999999993e+01 2.060849949999999808e+03 2.150421100000000024e+03
9.820000000000000284e+00 1.074853799999999993e+01 2.060849949999999808e+03 2.150421100000000024e+03
9.825000000000001066e+00 1.075409279999999868e+01 2.060803660000000036e+03 2.150421100000000024e+03
9.830000000000000071e+00 1.076520239999999973e+01 2.060711080000000038e+03 2.150421100000000024e+03
9.835000000000000853e+00 1.073705807999999884e+01 2.060945615999999973e+03 2.150421100000000024e+03
9.839999999999999858e+00 1.077668231999999904e+01 2.060615413999999873e+03 2.150421100000000024e+03
9.845000000000000639e+00 1.081630656000000101e+01 2.060285212000000229e+03 2.150421100000000024e+03
9.849999999999999645e+00 1.083334128000000085e+01 2.060143255999999838e+03 2.150421100000000024e+03
9.855000000000000426e+00 1.082741616000000029e+01 2.060192632000000231e+03 2.150421100000000024e+03
9.859999999999999432e+00 1.077112752000000029e+01 2.060661704000000100e+03 2.150421100000000024e+03
9.865000000000000213e+00 1.076520239999999973e+01 2.060711080000000038e+03 2.150421100000000024e+03
9.870000000000000995e+00 1.077112752000000029e+01 2.060661704000000100e+03 2.150421100000000024e+03
9.875000000000000000e+00 1.078816224000000012e+01 2.060519748000000163e+03 2.150421100000000024e+03
9.880000000000000782e+00 1.075409279999999868e+01 2.060803660000000036e+03 2.150421100000000024e+03
9.884999999999999787e+00 1.079371704000000065e+01 2.060473457999999937e+03 2.150421100000000024e+03
9.890000000000000568e+00 1.073150328000000009e+01 2.060991906000000199e+03 2.150421100000000024e+03
9.894999999999999574e+00 1.070335896000000098e+01 2.061226442000000134e+03 2.150421100000000024e+03
9.900000000000000355e+00 1.069743384000000042e+01 2.061275818000000072e+03 2.150421100000000024e+03
9.905000000000001137e+00 1.071446856000000025e+01 2.061133862000000136e+03 2.150421100000000024e+03
9.910000000000000142e+00 1.069743384000000042e+01 2.061275818000000072e+03 2.150421100000000024e+03
9.915000000000000924e+00 1.074261287999999936e+01 2.060899326000000201e+03 2.150421100000000024e+03
9.919999999999999929e+00 1.074853799999999993e+01 2.060849949999999808e+03 2.150421100000000024e+03
9.925000000000000711e+00 1.078816224000000012e+01 2.060519748000000163e+03 2.150421100000000024e+03
9.929999999999999716e+00 1.072002336000000078e+01 2.061087571999999909e+03 2.150421100000000024e+03
9.935000000000000497e+00 1.072002336000000078e+01 2.061087571999999909e+03 2.150421100000000024e+03
9.939999999999999503e+00 1.068632423999999936e+01 2.061368398000000070e+03 2.150421100000000024e+03
9.945000000000000284e+00 1.073705807999999884e+01 2.060945615999999973e+03 2.150421100000000024e+03
9.950000000000001066e+00 1.077668231999999904e+01 2.060615413999999873e+03 2.150421100000000024e+03
9.955000000000000071e+00 1.072002336000000078e+01 2.061087571999999909e+03 2.150421100000000024e+03
9.960000000000000853e+00 1.072002336000000078e+01 2.061087571999999909e+03 2.150421100000000024e+03
9.964999999999999858e+00 1.069187903999999989e+01 2.061322107999999844e+03 2.150421100000000024e+03
9.970000000000000639e+00 1.072002336000000078e+01 2.061087571999999909e+03 2.150421100000000024e+03
9.974999999999999645e+00 1.074853799999999993e+01 2.060849949999999808e+03 2.150421100000000024e+03
9.980000000000000426e+00 1.072002336000000078e+01 2.061087571999999909e+03 2.150421100000000024e+03
9.984999999999999432e+00 1.070335896000000098e+01 2.061226442000000134e+03 2.150421100000000024e+03
9.990000000000000213e+00 1.073150328000000009e+01 2.060991906000000199e+03 2.150421100000000024e+03
9.995000000000000995e+00 1.069743384000000042e+01 2.061275818000000072e+03 2.150421100000000024e+03
1.000000000000000000e+01 1.066928951999999953e+01 2.061510354000000007e+03 2.150421100000000024e+03
1.000500000000000078e+01 1.072594848000000134e+01 2.061038195999999971e+03 2.150421100000000024e+03
1.000999999999999979e+01 1.077112752000000029e+01 2.060661704000000100e+03 2.150421100000000024e+03
1.001500000000000057e+01 1.073705807999999884e+01 2.060945615999999973e+03 2.150421100000000024e+03
1.001999999999999957e+01 1.074853799999999993e+01 2.060849949999999808e+03 2.150421100000000024e+03
1.002500000000000036e+01 1.077112752000000029e+01 2.060661704000000100e+03 2.150421100000000024e+03
1.003000000000000114e+01 1.072002336000000078e+01 2.061087571999999909e+03 2.150421100000000024e+03
1.003500000000000014e+01 1.084445088000000013e+01 2.060050675999999839e+03 2.150421100000000024e+03
1.004000000000000092e+01 1.076520239999999973e+01 2.060711080000000038e+03 2.150421100000000024e+03
1.004499999999999993e+01 1.075964759999999920e+01 2.060757369999999810e+03 2.150421100000000024e+03
1.005000000000000071e+01 1.076520239999999973e+01 2.060711080000000038e+03 2.150421100000000024e+03
1.005499999999999972e+01 1.075964759999999920e+01 2.060757369999999810e+03 2.150421100000000024e+03
1.006000000000000050e+01 1.078223711999999956e+01 2.060569124000000102e+03 2.150421100000000024e+03
1.006499999999999950e+01 1.077112752000000029e+01 2.060661704000000100e+03 2.150421100000000024e+03
1.007000000000000028e+01 1.076520239999999973e+01 2.060711080000000038e+03 2.150421100000000024e+03
1.007500000000000107e+01 1.074261287999999936e+01 2.060899326000000201e+03 2.150421100000000024e+03
1.008000000000000007e+01 1.076520239999999973e+01 2.060711080000000038e+03 2.150421100000000024e+03
1.008500000000000085e+01 1.076520239999999973e+01 2.060711080000000038e+03 2.150421100000000024e+03
1.008999999999999986e+01 1.070335896000000098e+01 2.061226442000000134e+03 2.150421100000000024e+03
1.009500000000000064e+01 1.073705807999999884e+01 2.060945615999999973e+03 2.150421100000000024e+03
1.009999999999999964e+01 1.072594848000000134e+01 2.061038195999999971e+03 2.150421100000000024e+03
1.010500000000000043e+01 1.069743384000000042e+01 2.061275818000000072e+03 2.150421100000000024e+03
1.010999999999999943e+01 1.077112752000000029e+01 2.060661704000000100e+03 2.150421100000000024e+03
1.011500000000000021e+01 1.073705807999999884e+01 2.060945615999999973e+03 2.150421100000000024e+03
1.012000000000000099e+01 1.070891375999999973e+01 2.061180151999999907e+03 2.150421100000000024e+03
1.012500000000000000e+01 1.066928951999999953e+01 2.061510354000000007e+03 2.150421100000000024e+03
1.013000000000000078e+01 1.070335896000000098e+01 2.061226442000000134e+03 2.150421100000000024e+03
1.013499999999999979e+01 1.074261287999999936e+01 2.060899326000000201e+03 2.150421100000000024e+03
1.014000000000000057e+01 1.071446856000000025e+01 2.061133862000000136e+03 2.150421100000000024e+03
1.014499999999999957e+01 1.071446856000000025e+01 2.061133862000000136e+03 2.150421100000000024e+03
1.015000000000000036e+01 1.072002336000000078e+01 2.061087571999999909e+03 2.150421100000000024e+03
1.015500000000000114e+01 1.075964759999999920e+01 2.060757369999999810e+03 2.150421100000000024e+03
1.016000000000000014e+01 1.070891375999999973e+01 2.061180151999999907e+03 2.150421100000000024e+03
1.016500000000000092e+01 1.070335896000000098e+01 2.061226442000000134e+03 2.150421100000000024e+03
1.016999999999999993e+01 1.070891375999999973e+01 2.061180151999999907e+03 2.150421100000000024e+03
1.017500000000000071e+01 1.069743384000000042e+01 2.061275818000000072e+03 2.150421100000000024e+03
1.017999999999999972e+01 1.071446856000000025e+01 2.061133862000000136e+03 2.150421100000000024e+03
1.018500000000000050e+01 1.078816224000000012e+01 2.060519748000000163e+03 2.150421100000000024e+03
1.018999999999999950e+01 1.072594848000000134e+01 2.061038195999999971e+03 2.150421100000000024e+03
1.019500000000000028e+01 1.069187903999999989e+01 2.061322107999999844e+03 2.150421100000000024e+03
1.020000000000000107e+01 1.067484432000000005e+01 2.061464064000000235e+03 2.150421100000000024e+03
1.020500000000000007e+01 1.066928951999999953e+01 2.061510354000000007e+03 2.150421100000000024e+03
1.021000000000000085e+01 1.071446856000000025e+01 2.061133862000000136e+03 2.150421100000000024e+03
1.021499999999999986e+01 1.068076944000000061e+01 2.061414687999999842e+03 2.150421100000000024e+03
1.022000000000000064e+01 1.069743384000000042e+01 2.061275818000000072e+03 2.150421100000000024e+03
1.022499999999999964e+01 1.072594848000000134e+01 2.061038195999999971e+03 2.150421100000000024e+03
1.023000000000000043e+01 1.072594848000000134e+01 2.061038195999999971e+03 2.150421100000000024e+03
1.023499999999999943e+01 1.072002336000000078e+01 2.061087571999999909e+03 2.150421100000000024e+03
1.024000000000000021e+01 1.069187903999999989e+01 2.061322107999999844e+03 2.150421100000000024e+03
1.024500000000000099e+01 1.066373471999999900e+01 2.061556644000000233e+03 2.150421100000000024e+03
1.025000000000000000e+01 1.066928951999999953e+01 2.061510354000000007e+03 2.150421100000000024e+03
1.025500000000000078e+01 1.070891375999999973e+01 2.061180151999999907e+03 2.150421100000000024e+03
1.025999999999999979e+01 1.063522007999999985e+01 2.061794265999999880e+03 2.150421100000000024e+03
1.026500000000000057e+01 1.064669999999999916e+01 2.061698600000000170e+03 2.150421100000000024e+03
1.026999999999999957e+01 1.064114519999999864e+01 2.061744889999999941e+03 2.150421100000000024e+03
1.027500000000000036e+01 1.062966527999999933e+01 2.061840556000000106e+03 2.150421100000000024e+03
1.028000000000000114e+01 1.065817992000000025e+01 2.061602934000000005e+03 2.150421100000000024e+03
1.028500000000000014e+01 1.065817992000000025e+01 2.061602934000000005e+03 2.150421100000000024e+03
1.029000000000000092e+01 1.064669999999999916e+01 2.061698600000000170e+03 2.150421100000000024e+03
1.029499999999999993e+01 1.062411047999999880e+01 2.061886845999999878e+03 2.150421100000000024e+03
1.030000000000000071e+01 1.069187903999999989e+01 2.061322107999999844e+03 2.150421100000000024e+03
1.030499999999999972e+01 1.066373471999999900e+01 2.061556644000000233e+03 2.150421100000000024e+03
1.031000000000000050e+01 1.067484432000000005e+01 2.061464064000000235e+03 2.150421100000000024e+03
1.031499999999999950e+01 1.065817992000000025e+01 2.061602934000000005e+03 2.150421100000000024e+03
1.032000000000000028e+01 1.067484432000000005e+01 2.061464064000000235e+03 2.150421100000000024e+03
1.032500000000000107e+01 1.064669999999999916e+01 2.061698600000000170e+03 2.150421100000000024e+03
1.033000000000000007e+01 1.060152096000000022e+01 2.062075092000000041e+03 2.150421100000000024e+03
1.033500000000000085e+01 1.061855568000000005e+01 2.061933136000000104e+03 2.150421100000000024e+03
1.033999999999999986e+01 1.066373471999999900e+01 2.061556644000000233e+03 2.150421100000000024e+03
1.034500000000000064e+01 1.068632423999999936e+01 2.061368398000000070e+03 2.150421100000000024e+03
1.034999999999999964e+01 1.071446856000000025e+01 2.061133862000000136e+03 2.150421100000000024e+03
1.035500000000000043e+01 1.070335896000000098e+01 2.061226442000000134e+03 2.150421100000000024e+03
1.035999999999999943e+01 1.068632423999999936e+01 2.061368398000000070e+03 2.150421100000000024e+03
1.036500000000000021e+01 1.068076944000000061e+01 2.061414687999999842e+03 2.150421100000000024e+03
1.037000000000000099e+01 1.071446856000000025e+01 2.061133862000000136e+03 2.150421100000000024e+03
1.037500000000000000e+01 1.065817992000000025e+01 2.061602934000000005e+03 2.150421100000000024e+03
1.038000000000000078e+01 1.066373471999999900e+01 2.061556644000000233e+03 2.150421100000000024e+03
1.038499999999999979e+01 1.067484432000000005e+01 2.061464064000000235e+03 2.150421100000000024e+03
1.039000000000000057e+01 1.068632423999999936e+01 2.061368398000000070e+03 2.150421100000000024e+03
1.039499999999999957e+01 1.070891375999999973e+01 2.061180151999999907e+03 2.150421100000000024e+03
1.040000000000000036e+01 1.066373471999999900e+01 2.061556644000000233e+03 2.150421100000000024e+03
1.040500000000000114e+01 1.064114519999999864e+01 2.061744889999999941e+03 2.150421100000000024e+03
1.041000000000000014e+01 1.065817992000000025e+01 2.061602934000000005e+03 2.150421100000000024e+03
1.041500000000000092e+01 1.070891375999999973e+01 2.061180151999999907e+03 2.150421100000000024e+03
1.041999999999999993e+01 1.075409279999999868e+01 2.060803660000000036e+03 2.150421100000000024e+03
1.042500000000000071e+01 1.070891375999999973e+01 2.061180151999999907e+03 2.150421100000000024e+03
1.042999999999999972e+01 1.070335896000000098e+01 2.061226442000000134e+03 2.150421100000000024e+03
1.043500000000000050e+01 1.063522007999999985e+01 2.061794265999999880e+03 2.150421100000000024e+03
1.043999999999999950e+01 1.069743384000000042e+01 2.061275818000000072e+03 2.150421100000000024e+03
1.044500000000000028e+01 1.069743384000000042e+01 2.061275818000000072e+03 2.150421100000000024e+03
1.045000000000000107e+01 1.065817992000000025e+01 2.061602934000000005e+03 2.150421100000000024e+03
1.045500000000000007e+01 1.070335896000000098e+01 2.061226442000000134e+03 2.150421100000000024e+03
1.046000000000000085e+01 1.064114519999999864e+01 2.061744889999999941e+03 2.150421100000000024e+03
1.046499999999999986e+01 1.063522007999999985e+01 2.061794265999999880e+03 2.150421100000000024e+03
1.047000000000000064e+01 1.062966527999999933e+01 2.061840556000000106e+03 2.150421100000000024e+03
1.047499999999999964e+01 1.064669999999999916e+01 2.061698600000000170e+03 2.150421100000000024e+03
1.048000000000000043e+01 1.068632423999999936e+01 2.061368398000000070e+03 2.150421100000000024e+03
1.048499999999999943e+01 1.071446856000000025e+01 2.061133862000000136e+03 2.150421100000000024e+03
1.049000000000000021e+01 1.064669999999999916e+01 2.061698600000000170e+03 2.150421100000000024e+03
1.049500000000000099e+01 1.069743384000000042e+01 2.061275818000000072e+03 2.150421100000000024e+03
1.050000000000000000e+01 1.064114519999999864e+01 2.061744889999999941e+03 2.150421100000000024e+03
1.050500000000000078e+01 1.060152096000000022e+01 2.062075092000000041e+03 2.150421100000000024e+03
1.050999999999999979e+01 1.062411047999999880e+01 2.061886845999999878e+03 2.150421100000000024e+03
1.051500000000000057e+01 1.060707576000000074e+01 2.062028801999999814e+03 2.150421100000000024e+03
1.051999999999999957e+01 1.067484432000000005e+01 2.061464064000000235e+03 2.150421100000000024e+03
1.052500000000000036e+01 1.065225479999999969e+01 2.061652309999999943e+03 2.150421100000000024e+03
1.053000000000000114e+01 1.062966527999999933e+01 2.061840556000000106e+03 2.150421100000000024e+03
1.053500000000000014e+01 1.069743384000000042e+01 2.061275818000000072e+03 2.150421100000000024e+03
1.054000000000000092e+01 1.063522007999999985e+01 2.061794265999999880e+03 2.150421100000000024e+03
1.054499999999999993e+01 1.056745152000000054e+01 2.062359003999999914e+03 2.150421100000000024e+03
1.055000000000000071e+01 1.060152096000000022e+01 2.062075092000000041e+03 2.150421100000000024e+03
1.055499999999999972e+01 1.064114519999999864e+01 2.061744889999999941e+03 2.150421100000000024e+03
1.056000000000000050e+01 1.061263055999999949e+01 2.061982512000000042e+03 2.150421100000000024e+03
1.056499999999999950e+01 1.066373471999999900e+01 2.061556644000000233e+03 2.150421100000000024e+03
1.057000000000000028e+01 1.065225479999999969e+01 2.061652309999999943e+03 2.150421100000000024e+03
1.057500000000000107e+01 1.060152096000000022e+01 2.062075092000000041e+03 2.150421100000000024e+03
1.058000000000000007e+01 1.065817992000000025e+01 2.061602934000000005e+03 2.150421100000000024e+03
1.058500000000000085e+01 1.059004104000000090e+01 2.062170758000000205e+03 2.150421100000000024e+03
1.058999999999999986e+01 1.066928951999999953e+01 2.061510354000000007e+03 2.150421100000000024e+03
1.059500000000000064e+01 1.055634191999999949e+01 2.062451583999999912e+03 2.150421100000000024e+03
1.059999999999999964e+01 1.060707576000000074e+01 2.062028801999999814e+03 2.150421100000000024e+03
1.060500000000000043e+01 1.065225479999999969e+01 2.061652309999999943e+03 2.150421100000000024e+03
1.060999999999999943e+01 1.068076944000000061e+01 2.061414687999999842e+03 2.150421100000000024e+03
1.061500000000000021e+01 1.064114519999999864e+01 2.061744889999999941e+03 2.150421100000000024e+03
1.062000000000000099e+01 1.062411047999999880e+01 2.061886845999999878e+03 2.150421100000000024e+03
1.062500000000000000e+01 1.059596615999999969e+01 2.062121381999999812e+03 2.150421100000000024e+03
1.063000000000000078e+01 1.058448624000000038e+01 2.062217047999999977e+03 2.150421100000000024e+03
1.063499999999999979e+01 1.062966527999999933e+01 2.061840556000000106e+03 2.150421100000000024e+03
1.064000000000000057e+01 1.062411047999999880e+01 2.061886845999999878e+03 2.150421100000000024e+03
1.064499999999999957e+01 1.069187903999999989e+01 2.061322107999999844e+03 2.150421100000000024e+03
1.065000000000000036e+01 1.073705807999999884e+01 2.060945615999999973e+03 2.150421100000000024e+03
1.065500000000000114e+01 1.064114519999999864e+01 2.061744889999999941e+03 2.150421100000000024e+03
1.066000000000000014e+01 1.062411047999999880e+01 2.061886845999999878e+03 2.150421100000000024e+03
1.066500000000000092e+01 1.059004104000000090e+01 2.062170758000000205e+03 2.150421100000000024e+03
1.066999999999999993e+01 1.059004104000000090e+01 2.062170758000000205e+03 2.150421100000000024e+03
1.067500000000000071e+01 1.063522007999999985e+01 2.061794265999999880e+03 2.150421100000000024e+03
1.067999999999999972e+01 1.056745152000000054e+01 2.062359003999999914e+03 2.150421100000000024e+03
1.068500000000000050e+01 1.059004104000000090e+01 2.062170758000000205e+03 2.150421100000000024e+03
1.068999999999999950e+01 1.064669999999999916e+01 2.061698600000000170e+03 2.150421100000000024e+03
1.069500000000000028e+01 1.060152096000000022e+01 2.062075092000000041e+03 2.150421100000000024e+03
1.070000000000000107e+01 1.062966527999999933e+01 2.061840556000000106e+03 2.150421100000000024e+03
1.070500000000000007e+01 1.059596615999999969e+01 2.062121381999999812e+03 2.150421100000000024e+03
1.071000000000000085e+01 1.059596615999999969e+01 2.062121381999999812e+03 2.150421100000000024e+03
1.071499999999999986e+01 1.062411047999999880e+01 2.061886845999999878e+03 2.150421100000000024e+03
1.072000000000000064e+01 1.066928951999999953e+01 2.061510354000000007e+03 2.150421100000000024e+03
1.072499999999999964e+01 1.069743384000000042e+01 2.061275818000000072e+03 2.150421100000000024e+03
1.073000000000000043e+01 1.066373471999999900e+01 2.061556644000000233e+03 2.150421100000000024e+03
1.073499999999999943e+01 1.069743384000000042e+01 2.061275818000000072e+03 2.150421100000000024e+03
1.074000000000000021e+01 1.070335896000000098e+01 2.061226442000000134e+03 2.150421100000000024e+03
1.074500000000000099e+01 1.070891375999999973e+01 2.061180151999999907e+03 2.150421100000000024e+03
1.075000000000000000e+01 1.060707576000000074e+01 2.062028801999999814e+03 2.150421100000000024e+03
1.075500000000000078e+01 1.066928951999999953e+01 2.061510354000000007e+03 2.150421100000000024e+03
1.075999999999999979e+01 1.065817992000000025e+01 2.061602934000000005e+03 2.150421100000000024e+03
1.076500000000000057e+01 1.062411047999999880e+01 2.061886845999999878e+03 2.150421100000000024e+03
1.076999999999999957e+01 1.062966527999999933e+01 2.061840556000000106e+03 2.150421100000000024e+03
1.077500000000000036e+01 1.065817992000000025e+01 2.061602934000000005e+03 2.150421100000000024e+03
1.078000000000000114e+01 1.061263055999999949e+01 2.061982512000000042e+03 2.150421100000000024e+03
1.078500000000000014e+01 1.061855568000000005e+01 2.061933136000000104e+03 2.150421100000000024e+03
1.079000000000000092e+01 1.069187903999999989e+01 2.061322107999999844e+03 2.150421100000000024e+03
1.079499999999999993e+01 1.062966527999999933e+01 2.061840556000000106e+03 2.150421100000000024e+03
1.080000000000000071e+01 1.060152096000000022e+01 2.062075092000000041e+03 2.150421100000000024e+03
1.080499999999999972e+01 1.066373471999999900e+01 2.061556644000000233e+03 2.150421100000000024e+03
1.081000000000000050e+01 1.063522007999999985e+01 2.061794265999999880e+03 2.150421100000000024e+03
1.081499999999999950e+01 1.057893143999999985e+01 2.062263338000000203e+03 2.150421100000000024e+03
1.082000000000000028e+01 1.064669999999999916e+01 2.061698600000000170e+03 2.150421100000000024e+03
1.082500000000000107e+01 1.060152096000000022e+01 2.062075092000000041e+03 2.150421100000000024e+03
1.083000000000000007e+01 1.056745152000000054e+01 2.062359003999999914e+03 2.150421100000000024e+03
1.083500000000000085e+01 1.056189672000000002e+01 2.062405294000000140e+03 2.150421100000000024e+03
1.083999999999999986e+01 1.050560808000000002e+01 2.062874366000000009e+03 2.150421100000000024e+03
1.084500000000000064e+01 1.053930719999999965e+01 2.062593539999999848e+03 2.150421100000000024e+03
1.084999999999999964e+01 1.061855568000000005e+01 2.061933136000000104e+03 2.150421100000000024e+03
1.085500000000000043e+01 1.068076944000000061e+01 2.061414687999999842e+03 2.150421100000000024e+03
1.085999999999999943e+01 1.060152096000000022e+01 2.062075092000000041e+03 2.150421100000000024e+03
1.086500000000000021e+01 1.059004104000000090e+01 2.062170758000000205e+03 2.150421100000000024e+03
1.087000000000000099e+01 1.051671767999999929e+01 2.062781786000000011e+03 2.150421100000000024e+03
1.087500000000000000e+01 1.051116287999999876e+01 2.062828076000000237e+03 2.150421100000000024e+03
1.088000000000000078e+01 1.050560808000000002e+01 2.062874366000000009e+03 2.150421100000000024e+03
1.088499999999999979e+01 1.058448624000000038e+01 2.062217047999999977e+03 2.150421100000000024e+03
1.089000000000000057e+01 1.061855568000000005e+01 2.061933136000000104e+03 2.150421100000000024e+03
1.089499999999999957e+01 1.055078711999999896e+01 2.062497874000000138e+03 2.150421100000000024e+03
1.090000000000000036e+01 1.055634191999999949e+01 2.062451583999999912e+03 2.150421100000000024e+03
1.090500000000000114e+01 1.059596615999999969e+01 2.062121381999999812e+03 2.150421100000000024e+03
1.091000000000000014e+01 1.055634191999999949e+01 2.062451583999999912e+03 2.150421100000000024e+03
1.091500000000000092e+01 1.056745152000000054e+01 2.062359003999999914e+03 2.150421100000000024e+03
1.091999999999999993e+01 1.060152096000000022e+01 2.062075092000000041e+03 2.150421100000000024e+03
1.092500000000000071e+01 1.059596615999999969e+01 2.062121381999999812e+03 2.150421100000000024e+03
1.092999999999999972e+01 1.055078711999999896e+01 2.062497874000000138e+03 2.150421100000000024e+03
1.093500000000000050e+01 1.057337663999999933e+01 2.062309627999999975e+03 2.150421100000000024e+03
1.093999999999999950e+01 1.052227247999999982e+01 2.062735496000000239e+03 2.150421100000000024e+03
1.094500000000000028e+01 1.053375239999999913e+01 2.062639830000000075e+03 2.150421100000000024e+03
1.095000000000000107e+01 1.052819759999999860e+01 2.062686119999999846e+03 2.150421100000000024e+03
1.095500000000000007e+01 1.056745152000000054e+01 2.062359003999999914e+03 2.150421100000000024e+03
1.096000000000000085e+01 1.060152096000000022e+01 2.062075092000000041e+03 2.150421100000000024e+03
1.096499999999999986e+01 1.052819759999999860e+01 2.062686119999999846e+03 2.150421100000000024e+03
1.097000000000000064e+01 1.053930719999999965e+01 2.062593539999999848e+03 2.150421100000000024e+03
1.097499999999999964e+01 1.065225479999999969e+01 2.061652309999999943e+03 2.150421100000000024e+03
1.098000000000000043e+01 1.064114519999999864e+01 2.061744889999999941e+03 2.150421100000000024e+03
1.098499999999999943e+01 1.062411047999999880e+01 2.061886845999999878e+03 2.150421100000000024e+03
1.099000000000000021e+01 1.060707576000000074e+01 2.062028801999999814e+03 2.150421100000000024e+03
1.099500000000000099e+01 1.059004104000000090e+01 2.062170758000000205e+03 2.150421100000000024e+03
1.100000000000000000e+01 1.059004104000000090e+01 2.062170758000000205e+03 2.150421100000000024e+03
1.100500000000000078e+01 1.057337663999999933e+01 2.062309627999999975e+03 2.150421100000000024e+03
1.100999999999999979e+01 1.060152096000000022e+01 2.062075092000000041e+03 2.150421100000000024e+03
1.101500000000000057e+01 1.058448624000000038e+01 2.062217047999999977e+03 2.150421100000000024e+03
1.101999999999999957e+01 1.064114519999999864e+01 2.061744889999999941e+03 2.150421100000000024e+03
1.102500000000000036e+01 1.055634191999999949e+01 2.062451583999999912e+03 2.150421100000000024e+03
1.103000000000000114e+01 1.052227247999999982e+01 2.062735496000000239e+03 2.150421100000000024e+03
1.103500000000000014e+01 1.052227247999999982e+01 2.062735496000000239e+03 2.150421100000000024e+03
1.104000000000000092e+01 1.056745152000000054e+01 2.062359003999999914e+03 2.150421100000000024e+03
1.104499999999999993e+01 1.055078711999999896e+01 2.062497874000000138e+03 2.150421100000000024e+03
1.105000000000000071e+01 1.060707576000000074e+01 2.062028801999999814e+03 2.150421100000000024e+03
1.105499999999999972e+01 1.060152096000000022e+01 2.062075092000000041e+03 2.150421100000000024e+03
1.106000000000000050e+01 1.059004104000000090e+01 2.062170758000000205e+03 2.150421100000000024e+03
1.106499999999999950e+01 1.052227247999999982e+01 2.062735496000000239e+03 2.150421100000000024e+03
1.107000000000000028e+01 1.053375239999999913e+01 2.062639830000000075e+03 2.150421100000000024e+03
1.107500000000000107e+01 1.052819759999999860e+01 2.062686119999999846e+03 2.150421100000000024e+03
1.108000000000000007e+01 1.050560808000000002e+01 2.062874366000000009e+03 2.150421100000000024e+03
1.108500000000000085e+01 1.054486200000000018e+01 2.062547250000000076e+03 2.150421100000000024e+03
1.108999999999999986e+01 1.059004104000000090e+01 2.062170758000000205e+03 2.150421100000000024e+03
1.109500000000000064e+01 1.058448624000000038e+01 2.062217047999999977e+03 2.150421100000000024e+03
1.109999999999999964e+01 1.055634191999999949e+01 2.062451583999999912e+03 2.150421100000000024e+03
1.110500000000000043e+01 1.057337663999999933e+01 2.062309627999999975e+03 2.150421100000000024e+03
1.110999999999999943e+01 1.056189672000000002e+01 2.062405294000000140e+03 2.150421100000000024e+03
1.111500000000000021e+01 1.056745152000000054e+01 2.062359003999999914e+03 2.150421100000000024e+03
1.112000000000000099e+01 1.061855568000000005e+01 2.061933136000000104e+03 2.150421100000000024e+03
1.112500000000000000e+01 1.055634191999999949e+01 2.062451583999999912e+03 2.150421100000000024e+03
1.113000000000000078e+01 1.057337663999999933e+01 2.062309627999999975e+03 2.150421100000000024e+03
1.113499999999999979e+01 1.062411047999999880e+01 2.061886845999999878e+03 2.150421100000000024e+03
1.114000000000000057e+01 1.058448624000000038e+01 2.062217047999999977e+03 2.150421100000000024e+03
1.114499999999999957e+01 1.056189672000000002e+01 2.062405294000000140e+03 2.150421100000000024e+03
1.115000000000000036e+01 1.054486200000000018e+01 2.062547250000000076e+03 2.150421100000000024e+03
1.115500000000000114e+01 1.048857336000000018e+01 2.063016321999999946e+03 2.150421100000000024e+03
1.116000000000000014e+01 1.051671767999999929e+01 2.062781786000000011e+03 2.150421100000000024e+03
1.116500000000000092e+01 1.051116287999999876e+01 2.062828076000000237e+03 2.150421100000000024e+03
1.116999999999999993e+01 1.055634191999999949e+01 2.062451583999999912e+03 2.150421100000000024e+03
1.117500000000000071e+01 1.062966527999999933e+01 2.061840556000000106e+03 2.150421100000000024e+03
1.117999999999999972e+01 1.060152096000000022e+01 2.062075092000000041e+03 2.150421100000000024e+03
1.118500000000000050e+01 1.056745152000000054e+01 2.062359003999999914e+03 2.150421100000000024e+03
1.118999999999999950e+01 1.057893143999999985e+01 2.062263338000000203e+03 2.150421100000000024e+03
1.119500000000000028e+01 1.051116287999999876e+01 2.062828076000000237e+03 2.150421100000000024e+03
1.120000000000000107e+01 1.057337663999999933e+01 2.062309627999999975e+03 2.150421100000000024e+03
1.120500000000000007e+01 1.059596615999999969e+01 2.062121381999999812e+03 2.150421100000000024e+03
1.121000000000000085e+01 1.057893143999999985e+01 2.062263338000000203e+03 2.150421100000000024e+03
1.121499999999999986e+01 1.056189672000000002e+01 2.062405294000000140e+03 2.150421100000000024e+03
1.122000000000000064e+01 1.055634191999999949e+01 2.062451583999999912e+03 2.150421100000000024e+03
1.122499999999999964e+01 1.055634191999999949e+01 2.062451583999999912e+03 2.150421100000000024e+03
1.123000000000000043e+01 1.054486200000000018e+01 2.062547250000000076e+03 2.150421100000000024e+03
1.123499999999999943e+01 1.048264823999999962e+01 2.063065697999999884e+03 2.150421100000000024e+03
1.124000000000000021e+01 1.064114519999999864e+01 2.061744889999999941e+03 2.150421100000000024e+03
1.124500000000000099e+01 1.053930719999999965e+01 2.062593539999999848e+03 2.150421100000000024e+03
1.125000000000000000e+01 1.050560808000000002e+01 2.062874366000000009e+03 2.150421100000000024e+03
1.125500000000000078e+01 1.051116287999999876e+01 2.062828076000000237e+03 2.150421100000000024e+03
1.125999999999999979e+01 1.056189672000000002e+01 2.062405294000000140e+03 2.150421100000000024e+03
1.126500000000000057e+01 1.055634191999999949e+01 2.062451583999999912e+03 2.150421100000000024e+03
1.126999999999999957e+01 1.052227247999999982e+01 2.062735496000000239e+03 2.150421100000000024e+03
1.127500000000000036e+01 1.050560808000000002e+01 2.062874366000000009e+03 2.150421100000000024e+03
1.128000000000000114e+01 1.053375239999999913e+01 2.062639830000000075e+03 2.150421100000000024e+03
1.128500000000000014e+01 1.053375239999999913e+01 2.062639830000000075e+03 2.150421100000000024e+03
1.129000000000000092e+01 1.057893143999999985e+01 2.062263338000000203e+03 2.150421100000000024e+03
1.129499999999999993e+01 1.055634191999999949e+01 2.062451583999999912e+03 2.150421100000000024e+03
1.130000000000000071e+01 1.052227247999999982e+01 2.062735496000000239e+03 2.150421100000000024e+03
1.130499999999999972e+01 1.055634191999999949e+01 2.062451583999999912e+03 2.150421100000000024e+03
1.131000000000000050e+01 1.064114519999999864e+01 2.061744889999999941e+03 2.150421100000000024e+03
1.131499999999999950e+01 1.054486200000000018e+01 2.062547250000000076e+03 2.150421100000000024e+03
1.132000000000000028e+01 1.056745152000000054e+01 2.062359003999999914e+03 2.150421100000000024e+03
1.132500000000000107e+01 1.057893143999999985e+01 2.062263338000000203e+03 2.150421100000000024e+03
1.133000000000000007e+01 1.047153864000000034e+01 2.063158277999999882e+03 2.150421100000000024e+03
1.133500000000000085e+01 1.053375239999999913e+01 2.062639830000000075e+03 2.150421100000000024e+03
1.133999999999999986e+01 1.060707576000000074e+01 2.062028801999999814e+03 2.150421100000000024e+03
1.134500000000000064e+01 1.059004104000000090e+01 2.062170758000000205e+03 2.150421100000000024e+03
1.134999999999999964e+01 1.053375239999999913e+01 2.062639830000000075e+03 2.150421100000000024e+03
1.135500000000000043e+01 1.057893143999999985e+01 2.062263338000000203e+03 2.150421100000000024e+03
1.135999999999999943e+01 1.052819759999999860e+01 2.062686119999999846e+03 2.150421100000000024e+03
1.136500000000000021e+01 1.046005872000000103e+01 2.063253944000000047e+03 2.150421100000000024e+03
1.137000000000000099e+01 1.060707576000000074e+01 2.062028801999999814e+03 2.150421100000000024e+03
1.137500000000000000e+01 1.060152096000000022e+01 2.062075092000000041e+03 2.150421100000000024e+03
1.138000000000000078e+01 1.049412816000000070e+01 2.062970032000000174e+03 2.150421100000000024e+03
1.138499999999999979e+01 1.055634191999999949e+01 2.062451583999999912e+03 2.150421100000000024e+03
1.139000000000000057e+01 1.055078711999999896e+01 2.062497874000000138e+03 2.150421100000000024e+03
1.139499999999999957e+01 1.055078711999999896e+01 2.062497874000000138e+03 2.150421100000000024e+03
1.140000000000000036e+01 1.049968295999999945e+01 2.062923741999999947e+03 2.150421100000000024e+03
1.140500000000000114e+01 1.055634191999999949e+01 2.062451583999999912e+03 2.150421100000000024e+03
1.141000000000000014e+01 1.049968295999999945e+01 2.062923741999999947e+03 2.150421100000000024e+03
1.141500000000000092e+01 1.055634191999999949e+01 2.062451583999999912e+03 2.150421100000000024e+03
1.141999999999999993e+01 1.055078711999999896e+01 2.062497874000000138e+03 2.150421100000000024e+03
1.142500000000000071e+01 1.051671767999999929e+01 2.062781786000000011e+03 2.150421100000000024e+03
1.142999999999999972e+01 1.053375239999999913e+01 2.062639830000000075e+03 2.150421100000000024e+03
1.143500000000000050e+01 1.052227247999999982e+01 2.062735496000000239e+03 2.150421100000000024e+03
1.143999999999999950e+01 1.051671767999999929e+01 2.062781786000000011e+03 2.150421100000000024e+03
1.144500000000000028e+01 1.055634191999999949e+01 2.062451583999999912e+03 2.150421100000000024e+03
1.145000000000000107e+01 1.051671767999999929e+01 2.062781786000000011e+03 2.150421100000000024e+03
1.145500000000000007e+01 1.046005872000000103e+01 2.063253944000000047e+03 2.150421100000000024e+03
1.146000000000000085e+01 1.048264823999999962e+01 2.063065697999999884e+03 2.150421100000000024e+03
1.146499999999999986e+01 1.051116287999999876e+01 2.062828076000000237e+03 2.150421100000000024e+03
1.147000000000000064e+01 1.053930719999999965e+01 2.062593539999999848e+03 2.150421100000000024e+03
1.147499999999999964e+01 1.053375239999999913e+01 2.062639830000000075e+03 2.150421100000000024e+03
1.148000000000000043e+01 1.055078711999999896e+01 2.062497874000000138e+03 2.150421100000000024e+03
1.148499999999999943e+01 1.051671767999999929e+01 2.062781786000000011e+03 2.150421100000000024e+03
1.149000000000000021e+01 1.060707576000000074e+01 2.062028801999999814e+03 2.150421100000000024e+03
1.149500000000000099e+01 1.053930719999999965e+01 2.062593539999999848e+03 2.150421100000000024e+03
1.150000000000000000e+01 1.049968295999999945e+01 2.062923741999999947e+03 2.150421100000000024e+03
1.150500000000000078e+01 1.053375239999999913e+01 2.062639830000000075e+03 2.150421100000000024e+03
1.150999999999999979e+01 1.051116287999999876e+01 2.062828076000000237e+03 2.150421100000000024e+03
1.151500000000000057e+01 1.059004104000000090e+01 2.062170758000000205e+03 2.150421100000000024e+03
1.151999999999999957e+01 1.055078711999999896e+01 2.062497874000000138e+03 2.150421100000000024e+03
1.152500000000000036e+01 1.053930719999999965e+01 2.062593539999999848e+03 2.150421100000000024e+03
1.153000000000000114e+01 1.052819759999999860e+01 2.062686119999999846e+03 2.150421100000000024e+03
1.153500000000000014e+01 1.051671767999999929e+01 2.062781786000000011e+03 2.150421100000000024e+03
1.154000000000000092e+01 1.049968295999999945e+01 2.062923741999999947e+03 2.150421100000000024e+03
1.154499999999999993e+01 1.057893143999999985e+01 2.062263338000000203e+03 2.150421100000000024e+03
1.155000000000000071e+01 1.051116287999999876e+01 2.062828076000000237e+03 2.150421100000000024e+03
1.155499999999999972e+01 1.053375239999999913e+01 2.062639830000000075e+03 2.150421100000000024e+03
1.156000000000000050e+01 1.059004104000000090e+01 2.062170758000000205e+03 2.150421100000000024e+03
1.156499999999999950e+01 1.055634191999999949e+01 2.062451583999999912e+03 2.150421100000000024e+03
1.157000000000000028e+01 1.055634191999999949e+01 2.062451583999999912e+03 2.150421100000000024e+03
1.157500000000000107e+01 1.051116287999999876e+01 2.062828076000000237e+03 2.150421100000000024e+03
1.158000000000000007e+01 1.046005872000000103e+01 2.063253944000000047e+03 2.150421100000000024e+03
1.158500000000000085e+01 1.051116287999999876e+01 2.062828076000000237e+03 2.150421100000000024e+03
1.158999999999999986e+01 1.043191440000000014e+01 2.063488479999999981e+03 2.150421100000000024e+03
1.159500000000000064e+01 1.048857336000000018e+01 2.063016321999999946e+03 2.150421100000000024e+03
1.159999999999999964e+01 1.046598383999999982e+01 2.063204568000000108e+03 2.150421100000000024e+03
1.160500000000000043e+01 1.048264823999999962e+01 2.063065697999999884e+03 2.150421100000000024e+03
1.160999999999999943e+01 1.051116287999999876e+01 2.062828076000000237e+03 2.150421100000000024e+03
1.161500000000000021e+01 1.046005872000000103e+01 2.063253944000000047e+03 2.150421100000000024e+03
1.162000000000000099e+01 1.051116287999999876e+01 2.062828076000000237e+03 2.150421100000000024e+03
1.162500000000000000e+01 1.047153864000000034e+01 2.063158277999999882e+03 2.150421100000000024e+03
1.163000000000000078e+01 1.055078711999999896e+01 2.062497874000000138e+03 2.150421100000000024e+03
1.163499999999999979e+01 1.048264823999999962e+01 2.063065697999999884e+03 2.150421100000000024e+03
1.164000000000000057e+01 1.056745152000000054e+01 2.062359003999999914e+03 2.150421100000000024e+03
1.164499999999999957e+01 1.049968295999999945e+01 2.062923741999999947e+03 2.150421100000000024e+03
1.165000000000000036e+01 1.048264823999999962e+01 2.063065697999999884e+03 2.150421100000000024e+03
1.165500000000000114e+01 1.044894911999999998e+01 2.063346524000000045e+03 2.150421100000000024e+03
1.166000000000000014e+01 1.045450392000000051e+01 2.063300233999999818e+03 2.150421100000000024e+03
1.166500000000000092e+01 1.042635959999999962e+01 2.063534770000000208e+03 2.150421100000000024e+03
1.166999999999999993e+01 1.047153864000000034e+01 2.063158277999999882e+03 2.150421100000000024e+03
1.167500000000000071e+01 1.047153864000000034e+01 2.063158277999999882e+03 2.150421100000000024e+03
1.167999999999999972e+01 1.044339431999999945e+01 2.063392813999999817e+03 2.150421100000000024e+03
1.168500000000000050e+01 1.048857336000000018e+01 2.063016321999999946e+03 2.150421100000000024e+03
1.168999999999999950e+01 1.049968295999999945e+01 2.062923741999999947e+03 2.150421100000000024e+03
1.169500000000000028e+01 1.051671767999999929e+01 2.062781786000000011e+03 2.150421100000000024e+03
1.170000000000000107e+01 1.053375239999999913e+01 2.062639830000000075e+03 2.150421100000000024e+03
1.170500000000000007e+01 1.052819759999999860e+01 2.062686119999999846e+03 2.150421100000000024e+03
1.171000000000000085e+01 1.044339431999999945e+01 2.063392813999999817e+03 2.150421100000000024e+03
1.171499999999999986e+01 1.046598383999999982e+01 2.063204568000000108e+03 2.150421100000000024e+03
1.172000000000000064e+01 1.047709344000000087e+01 2.063111988000000110e+03 2.150421100000000024e+03
1.172499999999999964e+01 1.051116287999999876e+01 2.062828076000000237e+03 2.150421100000000024e+03
1.173000000000000043e+01 1.048857336000000018e+01 2.063016321999999946e+03 2.150421100000000024e+03
1.173499999999999943e+01 1.042080479999999909e+01 2.063581059999999979e+03 2.150421100000000024e+03
1.174000000000000021e+01 1.048264823999999962e+01 2.063065697999999884e+03 2.150421100000000024e+03
1.174500000000000099e+01 1.036970063999999958e+01 2.064006928000000244e+03 2.150421100000000024e+03
1.175000000000000000e+01 1.031341199999999958e+01 2.064476000000000113e+03 2.150421100000000024e+03
1.175500000000000078e+01 1.044894911999999998e+01 2.063346524000000045e+03 2.150421100000000024e+03
1.175999999999999979e+01 1.039821527999999873e+01 2.063769306000000142e+03 2.150421100000000024e+03
1.176500000000000057e+01 1.047153864000000034e+01 2.063158277999999882e+03 2.150421100000000024e+03
1.176999999999999957e+01 1.047709344000000087e+01 2.063111988000000110e+03 2.150421100000000024e+03
1.177500000000000036e+01 1.052227247999999982e+01 2.062735496000000239e+03 2.150421100000000024e+03
1.178000000000000114e+01 1.048264823999999962e+01 2.063065697999999884e+03 2.150421100000000024e+03
1.178500000000000014e+01 1.047153864000000034e+01 2.063158277999999882e+03 2.150421100000000024e+03
1.179000000000000092e+01 1.039229015999999994e+01 2.063818682000000081e+03 2.150421100000000024e+03
1.179499999999999993e+01 1.042080479999999909e+01 2.063581059999999979e+03 2.150421100000000024e+03
1.180000000000000071e+01 1.041487968000000031e+01 2.063630435999999918e+03 2.150421100000000024e+03
1.180499999999999972e+01 1.044339431999999945e+01 2.063392813999999817e+03 2.150421100000000024e+03
1.181000000000000050e+01 1.042080479999999909e+01 2.063581059999999979e+03 2.150421100000000024e+03
1.181499999999999950e+01 1.040932487999999978e+01 2.063676726000000144e+03 2.150421100000000024e+03
1.182000000000000028e+01 1.038118056000000067e+01 2.063911262000000079e+03 2.150421100000000024e+03
1.182500000000000107e+01 1.030193208000000027e+01 2.064571665999999823e+03 2.150421100000000024e+03
1.183000000000000007e+01 1.035859104000000031e+01 2.064099508000000242e+03 2.150421100000000024e+03
1.183500000000000085e+01 1.038118056000000067e+01 2.063911262000000079e+03 2.150421100000000024e+03
1.183999999999999986e+01 1.047709344000000087e+01 2.063111988000000110e+03 2.150421100000000024e+03
1.184500000000000064e+01 1.044894911999999998e+01 2.063346524000000045e+03 2.150421100000000024e+03
1.184999999999999964e+01 1.042635959999999962e+01 2.063534770000000208e+03 2.150421100000000024e+03
1.185500000000000043e+01 1.049968295999999945e+01 2.062923741999999947e+03 2.150421100000000024e+03
1.185999999999999943e+01 1.039821527999999873e+01 2.063769306000000142e+03 2.150421100000000024e+03
1.186500000000000021e+01 1.037562576000000014e+01 2.063957551999999851e+03 2.150421100000000024e+03
1.187000000000000099e+01 1.036970063999999958e+01 2.064006928000000244e+03 2.150421100000000024e+03
1.187500000000000000e+01 1.038673535999999942e+01 2.063864971999999852e+03 2.150421100000000024e+03
1.188000000000000078e+01 1.038118056000000067e+01 2.063911262000000079e+03 2.150421100000000024e+03
1.188499999999999979e+01 1.044339431999999945e+01 2.063392813999999817e+03 2.150421100000000024e+03
1.189000000000000057e+01 1.045450392000000051e+01 2.063300233999999818e+03 2.150421100000000024e+03
1.189499999999999957e+01 1.043191440000000014e+01 2.063488479999999981e+03 2.150421100000000024e+03
1.190000000000000036e+01 1.042635959999999962e+01 2.063534770000000208e+03 2.150421100000000024e+03
1.190500000000000114e+01 1.041487968000000031e+01 2.063630435999999918e+03 2.150421100000000024e+03
1.191000000000000014e+01 1.041487968000000031e+01 2.063630435999999918e+03 2.150421100000000024e+03
1.191500000000000092e+01 1.045450392000000051e+01 2.063300233999999818e+03 2.150421100000000024e+03
1.191999999999999993e+01 1.042635959999999962e+01 2.063534770000000208e+03 2.150421100000000024e+03
1.192500000000000071e+01 1.042635959999999962e+01 2.063534770000000208e+03 2.150421100000000024e+03
1.192999999999999972e+01 1.038673535999999942e+01 2.063864971999999852e+03 2.150421100000000024e+03
1.193500000000000050e+01 1.039229015999999994e+01 2.063818682000000081e+03 2.150421100000000024e+03
1.193999999999999950e+01 1.035859104000000031e+01 2.064099508000000242e+03 2.150421100000000024e+03
1.194500000000000028e+01 1.038118056000000067e+01 2.063911262000000079e+03 2.150421100000000024e+03
1.195000000000000107e+01 1.040377007999999925e+01 2.063723015999999916e+03 2.150421100000000024e+03
1.195500000000000007e+01 1.047153864000000034e+01 2.063158277999999882e+03 2.150421100000000024e+03
1.196000000000000085e+01 1.039821527999999873e+01 2.063769306000000142e+03 2.150421100000000024e+03
1.196499999999999986e+01 1.046005872000000103e+01 2.063253944000000047e+03 2.150421100000000024e+03
1.197000000000000064e+01 1.043746920000000067e+01 2.063442190000000210e+03 2.150421100000000024e+03
1.197499999999999964e+01 1.041487968000000031e+01 2.063630435999999918e+03 2.150421100000000024e+03
1.198000000000000043e+01 1.031341199999999958e+01 2.064476000000000113e+03 2.150421100000000024e+03
1.198499999999999943e+01 1.035266592000000152e+01 2.064148884000000180e+03 2.150421100000000024e+03
1.199000000000000021e+01 1.040377007999999925e+01 2.063723015999999916e+03 2.150421100000000024e+03
1.199500000000000099e+01 1.041487968000000031e+01 2.063630435999999918e+03 2.150421100000000024e+03
1.200000000000000000e+01 1.041487968000000031e+01 2.063630435999999918e+03 2.150421100000000024e+03
1.200500000000000078e+01 1.042635959999999962e+01 2.063534770000000208e+03 2.150421100000000024e+03
1.200999999999999979e+01 1.041487968000000031e+01 2.063630435999999918e+03 2.150421100000000024e+03
1.201500000000000057e+01 1.039229015999999994e+01 2.063818682000000081e+03 2.150421100000000024e+03
1.201999999999999957e+01 1.036970063999999958e+01 2.064006928000000244e+03 2.150421100000000024e+03
1.202500000000000036e+01 1.042080479999999909e+01 2.063581059999999979e+03 2.150421100000000024e+03
1.203000000000000114e+01 1.040377007999999925e+01 2.063723015999999916e+03 2.150421100000000024e+03
1.203500000000000014e+01 1.039229015999999994e+01 2.063818682000000081e+03 2.150421100000000024e+03
1.204000000000000092e+01 1.036970063999999958e+01 2.064006928000000244e+03 2.150421100000000024e+03
1.204499999999999993e+01 1.038118056000000067e+01 2.063911262000000079e+03 2.150421100000000024e+03
1.205000000000000071e+01 1.038118056000000067e+01 2.063911262000000079e+03 2.150421100000000024e+03
1.205499999999999972e+01 1.032452160000000063e+01 2.064383420000000115e+03 2.150421100000000024e+03
1.206000000000000050e+01 1.030193208000000027e+01 2.064571665999999823e+03 2.150421100000000024e+03
1.206499999999999950e+01 1.033600151999999994e+01 2.064287753999999950e+03 2.150421100000000024e+03
1.207000000000000028e+01 1.034711112000000099e+01 2.064195173999999952e+03 2.150421100000000024e+03
1.207499999999999929e+01 1.039229015999999994e+01 2.063818682000000081e+03 2.150421100000000024e+03
1.208000000000000185e+01 1.036970063999999958e+01 2.064006928000000244e+03 2.150421100000000024e+03
1.208500000000000085e+01 1.040932487999999978e+01 2.063676726000000144e+03 2.150421100000000024e+03
1.208999999999999986e+01 1.036970063999999958e+01 2.064006928000000244e+03 2.150421100000000024e+03
1.209499999999999886e+01 1.027934255999999991e+01 2.064759911999999986e+03 2.150421100000000024e+03
1.210000000000000142e+01 1.036970063999999958e+01 2.064006928000000244e+03 2.150421100000000024e+03
1.210500000000000043e+01 1.036414584000000083e+01 2.064053218000000015e+03 2.150421100000000024e+03
1.210999999999999943e+01 1.033600151999999994e+01 2.064287753999999950e+03 2.150421100000000024e+03
1.211500000000000199e+01 1.037562576000000014e+01 2.063957551999999851e+03 2.150421100000000024e+03
1.212000000000000099e+01 1.032452160000000063e+01 2.064383420000000115e+03 2.150421100000000024e+03
1.212500000000000000e+01 1.034711112000000099e+01 2.064195173999999952e+03 2.150421100000000024e+03
1.212999999999999901e+01 1.032452160000000063e+01 2.064383420000000115e+03 2.150421100000000024e+03
1.213500000000000156e+01 1.038673535999999942e+01 2.063864971999999852e+03 2.150421100000000024e+03
1.214000000000000057e+01 1.034711112000000099e+01 2.064195173999999952e+03 2.150421100000000024e+03
1.214499999999999957e+01 1.037562576000000014e+01 2.063957551999999851e+03 2.150421100000000024e+03
1.214999999999999858e+01 1.035266592000000152e+01 2.064148884000000180e+03 2.150421100000000024e+03
1.215500000000000114e+01 1.044339431999999945e+01 2.063392813999999817e+03 2.150421100000000024e+03
1.216000000000000014e+01 1.042635959999999962e+01 2.063534770000000208e+03 2.150421100000000024e+03
1.216499999999999915e+01 1.038673535999999942e+01 2.063864971999999852e+03 2.150421100000000024e+03
1.217000000000000171e+01 1.036414584000000083e+01 2.064053218000000015e+03 2.150421100000000024e+03
1.217500000000000071e+01 1.036414584000000083e+01 2.064053218000000015e+03 2.150421100000000024e+03
1.217999999999999972e+01 1.027934255999999991e+01 2.064759911999999986e+03 2.150421100000000024e+03
1.218499999999999872e+01 1.033600151999999994e+01 2.064287753999999950e+03 2.150421100000000024e+03
1.219000000000000128e+01 1.035859104000000031e+01 2.064099508000000242e+03 2.150421100000000024e+03
1.219500000000000028e+01 1.039229015999999994e+01 2.063818682000000081e+03 2.150421100000000024e+03
1.219999999999999929e+01 1.034711112000000099e+01 2.064195173999999952e+03 2.150421100000000024e+03
1.220500000000000185e+01 1.039229015999999994e+01 2.063818682000000081e+03 2.150421100000000024e+03
1.221000000000000085e+01 1.038118056000000067e+01 2.063911262000000079e+03 2.150421100000000024e+03
1.221499999999999986e+01 1.033600151999999994e+01 2.064287753999999950e+03 2.150421100000000024e+03
1.221999999999999886e+01 1.037562576000000014e+01 2.063957551999999851e+03 2.150421100000000024e+03
1.222500000000000142e+01 1.036970063999999958e+01 2.064006928000000244e+03 2.150421100000000024e+03
1.223000000000000043e+01 1.033007640000000116e+01 2.064337129999999888e+03 2.150421100000000024e+03
1.223499999999999943e+01 1.035266592000000152e+01 2.064148884000000180e+03 2.150421100000000024e+03
1.224000000000000199e+01 1.035266592000000152e+01 2.064148884000000180e+03 2.150421100000000024e+03
1.224500000000000099e+01 1.034711112000000099e+01 2.064195173999999952e+03 2.150421100000000024e+03
1.225000000000000000e+01 1.030193208000000027e+01 2.064571665999999823e+03 2.150421100000000024e+03
1.225499999999999901e+01 1.034711112000000099e+01 2.064195173999999952e+03 2.150421100000000024e+03
1.226000000000000156e+01 1.035266592000000152e+01 2.064148884000000180e+03 2.150421100000000024e+03
1.226500000000000057e+01 1.039229015999999994e+01 2.063818682000000081e+03 2.150421100000000024e+03
1.226999999999999957e+01 1.039821527999999873e+01 2.063769306000000142e+03 2.150421100000000024e+03
1.227499999999999858e+01 1.041487968000000031e+01 2.063630435999999918e+03 2.150421100000000024e+03
1.228000000000000114e+01 1.033007640000000116e+01 2.064337129999999888e+03 2.150421100000000024e+03
1.228500000000000014e+01 1.031341199999999958e+01 2.064476000000000113e+03 2.150421100000000024e+03
1.228999999999999915e+01 1.031341199999999958e+01 2.064476000000000113e+03 2.150421100000000024e+03
1.229500000000000171e+01 1.027934255999999991e+01 2.064759911999999986e+03 2.150421100000000024e+03
1.230000000000000071e+01 1.033600151999999994e+01 2.064287753999999950e+03 2.150421100000000024e+03
1.230499999999999972e+01 1.034711112000000099e+01 2.064195173999999952e+03 2.150421100000000024e+03
1.230999999999999872e+01 1.036970063999999958e+01 2.064006928000000244e+03 2.150421100000000024e+03
1.231500000000000128e+01 1.034711112000000099e+01 2.064195173999999952e+03 2.150421100000000024e+03
1.232000000000000028e+01 1.032452160000000063e+01 2.064383420000000115e+03 2.150421100000000024e+03
1.232499999999999929e+01 1.029082247999999922e+01 2.064664245999999821e+03 2.150421100000000024e+03
1.233000000000000185e+01 1.030748688000000080e+01 2.064525376000000051e+03 2.150421100000000024e+03
1.233500000000000085e+01 1.034711112000000099e+01 2.064195173999999952e+03 2.150421100000000024e+03
1.233999999999999986e+01 1.037562576000000014e+01 2.063957551999999851e+03 2.150421100000000024e+03
1.234499999999999886e+01 1.034711112000000099e+01 2.064195173999999952e+03 2.150421100000000024e+03
1.235000000000000142e+01 1.032452160000000063e+01 2.064383420000000115e+03 2.150421100000000024e+03
1.235500000000000043e+01 1.037562576000000014e+01 2.063957551999999851e+03 2.150421100000000024e+03
1.235999999999999943e+01 1.035859104000000031e+01 2.064099508000000242e+03 2.150421100000000024e+03
1.236500000000000199e+01 1.034155632000000047e+01 2.064241464000000178e+03 2.150421100000000024e+03
1.237000000000000099e+01 1.030748688000000080e+01 2.064525376000000051e+03 2.150421100000000024e+03
1.237500000000000000e+01 1.034711112000000099e+01 2.064195173999999952e+03 2.150421100000000024e+03
1.237999999999999901e+01 1.033007640000000116e+01 2.064337129999999888e+03 2.150421100000000024e+03
1.238500000000000156e+01 1.035859104000000031e+01 2.064099508000000242e+03 2.150421100000000024e+03
1.239000000000000057e+01 1.039821527999999873e+01 2.063769306000000142e+03 2.150421100000000024e+03
1.239499999999999957e+01 1.038118056000000067e+01 2.063911262000000079e+03 2.150421100000000024e+03
1.239999999999999858e+01 1.037562576000000014e+01 2.063957551999999851e+03 2.150421100000000024e+03
1.240500000000000114e+01 1.039229015999999994e+01 2.063818682000000081e+03 2.150421100000000024e+03
1.241000000000000014e+01 1.033600151999999994e+01 2.064287753999999950e+03 2.150421100000000024e+03
1.241499999999999915e+01 1.030193208000000027e+01 2.064571665999999823e+03 2.150421100000000024e+03
1.242000000000000171e+01 1.035859104000000031e+01 2.064099508000000242e+03 2.150421100000000024e+03
1.242500000000000071e+01 1.041487968000000031e+01 2.063630435999999918e+03 2.150421100000000024e+03
1.242999999999999972e+01 1.037562576000000014e+01 2.063957551999999851e+03 2.150421100000000024e+03
1.243499999999999872e+01 1.035266592000000152e+01 2.064148884000000180e+03 2.150421100000000024e+03
1.244000000000000128e+01 1.034711112000000099e+01 2.064195173999999952e+03 2.150421100000000024e+03
1.244500000000000028e+01 1.030748688000000080e+01 2.064525376000000051e+03 2.150421100000000024e+03
1.244999999999999929e+01 1.034711112000000099e+01 2.064195173999999952e+03 2.150421100000000024e+03
1.245500000000000185e+01 1.035266592000000152e+01 2.064148884000000180e+03 2.150421100000000024e+03
1.246000000000000085e+01 1.032452160000000063e+01 2.064383420000000115e+03 2.150421100000000024e+03
1.246499999999999986e+01 1.030748688000000080e+01 2.064525376000000051e+03 2.150421100000000024e+03
1.246999999999999886e+01 1.031341199999999958e+01 2.064476000000000113e+03 2.150421100000000024e+03
1.247500000000000142e+01 1.030748688000000080e+01 2.064525376000000051e+03 2.150421100000000024e+03
1.248000000000000043e+01 1.034155632000000047e+01 2.064241464000000178e+03 2.150421100000000024e+03
1.248499999999999943e+01 1.027378775999999938e+01 2.064806202000000212e+03 2.150421100000000024e+03
1.249000000000000199e+01 1.027378775999999938e+01 2.064806202000000212e+03 2.150421100000000024e+03
1.249500000000000099e+01 1.039821527999999873e+01 2.063769306000000142e+03 2.150421100000000024e+03
1.250000000000000000e+01 1.029082247999999922e+01 2.064664245999999821e+03 2.150421100000000024e+03
1.250499999999999901e+01 1.040377007999999925e+01 2.063723015999999916e+03 2.150421100000000024e+03
1.251000000000000156e+01 1.035266592000000152e+01 2.064148884000000180e+03 2.150421100000000024e+03
1.251500000000000057e+01 1.038673535999999942e+01 2.063864971999999852e+03 2.150421100000000024e+03
1.251999999999999957e+01 1.034155632000000047e+01 2.064241464000000178e+03 2.150421100000000024e+03
1.252499999999999858e+01 1.034711112000000099e+01 2.064195173999999952e+03 2.150421100000000024e+03
1.253000000000000114e+01 1.030748688000000080e+01 2.064525376000000051e+03 2.150421100000000024e+03
1.253500000000000014e+01 1.027934255999999991e+01 2.064759911999999986e+03 2.150421100000000024e+03
1.253999999999999915e+01 1.024564344000000027e+01 2.065040738000000147e+03 2.150421100000000024e+03
1.254500000000000171e+01 1.031896680000000011e+01 2.064429709999999886e+03 2.150421100000000024e+03
1.255000000000000071e+01 1.029637727999999974e+01 2.064617956000000049e+03 2.150421100000000024e+03
1.255499999999999972e+01 1.034711112000000099e+01 2.064195173999999952e+03 2.150421100000000024e+03
1.255999999999999872e+01 1.030748688000000080e+01 2.064525376000000051e+03 2.150421100000000024e+03
1.256500000000000128e+01 1.034155632000000047e+01 2.064241464000000178e+03 2.150421100000000024e+03
1.257000000000000028e+01 1.032452160000000063e+01 2.064383420000000115e+03 2.150421100000000024e+03
1.257499999999999929e+01 1.031896680000000011e+01 2.064429709999999886e+03 2.150421100000000024e+03
1.258000000000000185e+01 1.023971832000000148e+01 2.065090114000000085e+03 2.150421100000000024e+03
1.258500000000000085e+01 1.027934255999999991e+01 2.064759911999999986e+03 2.150421100000000024e+03
1.258999999999999986e+01 1.031896680000000011e+01 2.064429709999999886e+03 2.150421100000000024e+03
1.259499999999999886e+01 1.031341199999999958e+01 2.064476000000000113e+03 2.150421100000000024e+03
1.260000000000000142e+01 1.033007640000000116e+01 2.064337129999999888e+03 2.150421100000000024e+03
1.260500000000000043e+01 1.031896680000000011e+01 2.064429709999999886e+03 2.150421100000000024e+03
1.260999999999999943e+01 1.026230784000000007e+01 2.064901867999999922e+03 2.150421100000000024e+03
1.261500000000000199e+01 1.025119824000000079e+01 2.064994447999999920e+03 2.150421100000000024e+03
1.262000000000000099e+01 1.020009407999999951e+01 2.065420316000000184e+03 2.150421100000000024e+03
1.262500000000000000e+01 1.029637727999999974e+01 2.064617956000000049e+03 2.150421100000000024e+03
1.262999999999999901e+01 1.029637727999999974e+01 2.064617956000000049e+03 2.150421100000000024e+03
1.263500000000000156e+01 1.032452160000000063e+01 2.064383420000000115e+03 2.150421100000000024e+03
1.264000000000000057e+01 1.035266592000000152e+01 2.064148884000000180e+03 2.150421100000000024e+03
1.264499999999999957e+01 1.038118056000000067e+01 2.063911262000000079e+03 2.150421100000000024e+03
1.264999999999999858e+01 1.036970063999999958e+01 2.064006928000000244e+03 2.150421100000000024e+03
1.265500000000000114e+01 1.024564344000000027e+01 2.065040738000000147e+03 2.150421100000000024e+03
1.266000000000000014e+01 1.026823296000000063e+01 2.064852491999999984e+03 2.150421100000000024e+03
1.266499999999999915e+01 1.033600151999999994e+01 2.064287753999999950e+03 2.150421100000000024e+03
1.267000000000000171e+01 1.030193208000000027e+01 2.064571665999999823e+03 2.150421100000000024e+03
1.267500000000000071e+01 1.034155632000000047e+01 2.064241464000000178e+03 2.150421100000000024e+03
1.267999999999999972e+01 1.026230784000000007e+01 2.064901867999999922e+03 2.150421100000000024e+03
1.268499999999999872e+01 1.023971832000000148e+01 2.065090114000000085e+03 2.150421100000000024e+03
1.269000000000000128e+01 1.030193208000000027e+01 2.064571665999999823e+03 2.150421100000000024e+03
1.269500000000000028e+01 1.024564344000000027e+01 2.065040738000000147e+03 2.150421100000000024e+03
1.269999999999999929e+01 1.025675303999999954e+01 2.064948158000000149e+03 2.150421100000000024e+03
1.270500000000000185e+01 1.030748688000000080e+01 2.064525376000000051e+03 2.150421100000000024e+03
1.271000000000000085e+01 1.034711112000000099e+01 2.064195173999999952e+03 2.150421100000000024e+03
1.271499999999999986e+01 1.028489736000000043e+01 2.064713622000000214e+03 2.150421100000000024e+03
1.271999999999999886e+01 1.032452160000000063e+01 2.064383420000000115e+03 2.150421100000000024e+03
1.272500000000000142e+01 1.027378775999999938e+01 2.064806202000000212e+03 2.150421100000000024e+03
1.273000000000000043e+01 1.032452160000000063e+01 2.064383420000000115e+03 2.150421100000000024e+03
1.273499999999999943e+01 1.025675303999999954e+01 2.064948158000000149e+03 2.150421100000000024e+03
1.274000000000000199e+01 1.027934255999999991e+01 2.064759911999999986e+03 2.150421100000000024e+03
1.274500000000000099e+01 1.020601920000000007e+01 2.065370939999999791e+03 2.150421100000000024e+03
1.275000000000000000e+01 1.027934255999999991e+01 2.064759911999999986e+03 2.150421100000000024e+03
1.275499999999999901e+01 1.022305391999999991e+01 2.065228983999999855e+03 2.150421100000000024e+03
1.276000000000000156e+01 1.029082247999999922e+01 2.064664245999999821e+03 2.150421100000000024e+03
1.276500000000000057e+01 1.030193208000000027e+01 2.064571665999999823e+03 2.150421100000000024e+03
1.276999999999999957e+01 1.032452160000000063e+01 2.064383420000000115e+03 2.150421100000000024e+03
1.277499999999999858e+01 1.031341199999999958e+01 2.064476000000000113e+03 2.150421100000000024e+03
1.278000000000000114e+01 1.029082247999999922e+01 2.064664245999999821e+03 2.150421100000000024e+03
1.278500000000000014e+01 1.034155632000000047e+01 2.064241464000000178e+03 2.150421100000000024e+03
1.278999999999999915e+01 1.035266592000000152e+01 2.064148884000000180e+03 2.150421100000000024e+03
1.279500000000000171e+01 1.030193208000000027e+01 2.064571665999999823e+03 2.150421100000000024e+03
1.280000000000000071e+01 1.032452160000000063e+01 2.064383420000000115e+03 2.150421100000000024e+03
1.280499999999999972e+01 1.028489736000000043e+01 2.064713622000000214e+03 2.150421100000000024e+03
1.280999999999999872e+01 1.023416352000000096e+01 2.065136403999999857e+03 2.150421100000000024e+03
1.281500000000000128e+01 1.018342967999999971e+01 2.065559185999999954e+03 2.150421100000000024e+03
1.282000000000000028e+01 1.021157400000000059e+01 2.065324650000000020e+03 2.150421100000000024e+03
1.282499999999999929e+01 1.016639495999999987e+01 2.065701141999999891e+03 2.150421100000000024e+03
1.283000000000000185e+01 1.023971832000000148e+01 2.065090114000000085e+03 2.150421100000000024e+03
1.283500000000000085e+01 1.017750455999999915e+01 2.065608561999999893e+03 2.150421100000000024e+03
1.283999999999999986e+01 1.025119824000000079e+01 2.064994447999999920e+03 2.150421100000000024e+03
1.284499999999999886e+01 1.021157400000000059e+01 2.065324650000000020e+03 2.150421100000000024e+03
1.285000000000000142e+01 1.025119824000000079e+01 2.064994447999999920e+03 2.150421100000000024e+03
1.285500000000000043e+01 1.017750455999999915e+01 2.065608561999999893e+03 2.150421100000000024e+03
1.285999999999999943e+01 1.017194976000000040e+01 2.065654852000000119e+03 2.150421100000000024e+03
1.286500000000000199e+01 1.017750455999999915e+01 2.065608561999999893e+03 2.150421100000000024e+03
1.287000000000000099e+01 1.015491503999999878e+01 2.065796808000000055e+03 2.150421100000000024e+03
1.287500000000000000e+01 1.018342967999999971e+01 2.065559185999999954e+03 2.150421100000000024e+03
1.287999999999999901e+01 1.022860872000000043e+01 2.065182694000000083e+03 2.150421100000000024e+03
1.288500000000000156e+01 1.016084015999999934e+01 2.065747432000000117e+03 2.150421100000000024e+03
1.289000000000000057e+01 1.018342967999999971e+01 2.065559185999999954e+03 2.150421100000000024e+03
1.289499999999999957e+01 1.020601920000000007e+01 2.065370939999999791e+03 2.150421100000000024e+03
1.289999999999999858e+01 1.019453928000000076e+01 2.065466605999999956e+03 2.150421100000000024e+03
1.290500000000000114e+01 1.020601920000000007e+01 2.065370939999999791e+03 2.150421100000000024e+03
1.291000000000000014e+01 1.023416352000000096e+01 2.065136403999999857e+03 2.150421100000000024e+03
1.291499999999999915e+01 1.022305391999999991e+01 2.065228983999999855e+03 2.150421100000000024e+03
1.292000000000000171e+01 1.021712880000000112e+01 2.065278359999999793e+03 2.150421100000000024e+03
1.292500000000000071e+01 1.018342967999999971e+01 2.065559185999999954e+03 2.150421100000000024e+03
1.292999999999999972e+01 1.015491503999999878e+01 2.065796808000000055e+03 2.150421100000000024e+03
1.293499999999999872e+01 1.018342967999999971e+01 2.065559185999999954e+03 2.150421100000000024e+03
1.294000000000000128e+01 1.013232552000000020e+01 2.065985054000000218e+03 2.150421100000000024e+03
1.294500000000000028e+01 1.014380544000000128e+01 2.065889388000000054e+03 2.150421100000000024e+03
1.294999999999999929e+01 1.020009407999999951e+01 2.065420316000000184e+03 2.150421100000000024e+03
1.295500000000000185e+01 1.019453928000000076e+01 2.065466605999999956e+03 2.150421100000000024e+03
1.296000000000000085e+01 1.025119824000000079e+01 2.064994447999999920e+03 2.150421100000000024e+03
1.296499999999999986e+01 1.025675303999999954e+01 2.064948158000000149e+03 2.150421100000000024e+03
1.296999999999999886e+01 1.018342967999999971e+01 2.065559185999999954e+03 2.150421100000000024e+03
1.297500000000000142e+01 1.017194976000000040e+01 2.065654852000000119e+03 2.150421100000000024e+03
1.298000000000000043e+01 1.012121592000000092e+01 2.066077634000000216e+03 2.150421100000000024e+03
1.298499999999999943e+01 1.015491503999999878e+01 2.065796808000000055e+03 2.150421100000000024e+03
1.299000000000000199e+01 1.015491503999999878e+01 2.065796808000000055e+03 2.150421100000000024e+03
1.299500000000000099e+01 1.021157400000000059e+01 2.065324650000000020e+03 2.150421100000000024e+03
1.300000000000000000e+01 1.015491503999999878e+01 2.065796808000000055e+03 2.150421100000000024e+03
1.300499999999999901e+01 1.022860872000000043e+01 2.065182694000000083e+03 2.150421100000000024e+03
1.301000000000000156e+01 1.018898448000000023e+01 2.065512896000000183e+03 2.150421100000000024e+03
1.301500000000000057e+01 1.023416352000000096e+01 2.065136403999999857e+03 2.150421100000000024e+03
1.301999999999999957e+01 1.023416352000000096e+01 2.065136403999999857e+03 2.150421100000000024e+03
1.302499999999999858e+01 1.021712880000000112e+01 2.065278359999999793e+03 2.150421100000000024e+03
1.303000000000000114e+01 1.023416352000000096e+01 2.065136403999999857e+03 2.150421100000000024e+03
1.303500000000000014e+01 1.027934255999999991e+01 2.064759911999999986e+03 2.150421100000000024e+03
1.303999999999999915e+01 1.018898448000000023e+01 2.065512896000000183e+03 2.150421100000000024e+03
1.304500000000000171e+01 1.020601920000000007e+01 2.065370939999999791e+03 2.150421100000000024e+03
1.305000000000000071e+01 1.015491503999999878e+01 2.065796808000000055e+03 2.150421100000000024e+03
1.305499999999999972e+01 1.018898448000000023e+01 2.065512896000000183e+03 2.150421100000000024e+03
1.305999999999999872e+01 1.020601920000000007e+01 2.065370939999999791e+03 2.150421100000000024e+03
1.306500000000000128e+01 1.022305391999999991e+01 2.065228983999999855e+03 2.150421100000000024e+03
1.307000000000000028e+01 1.025119824000000079e+01 2.064994447999999920e+03 2.150421100000000024e+03
1.307499999999999929e+01 1.017750455999999915e+01 2.065608561999999893e+03 2.150421100000000024e+03
1.308000000000000185e+01 1.024564344000000027e+01 2.065040738000000147e+03 2.150421100000000024e+03
1.308500000000000085e+01 1.021712880000000112e+01 2.065278359999999793e+03 2.150421100000000024e+03
1.308999999999999986e+01 1.020601920000000007e+01 2.065370939999999791e+03 2.150421100000000024e+03
1.309499999999999886e+01 1.013825064000000076e+01 2.065935677999999825e+03 2.150421100000000024e+03
1.310000000000000142e+01 1.018342967999999971e+01 2.065559185999999954e+03 2.150421100000000024e+03
1.310500000000000043e+01 1.018898448000000023e+01 2.065512896000000183e+03 2.150421100000000024e+03
1.310999999999999943e+01 1.020009407999999951e+01 2.065420316000000184e+03 2.150421100000000024e+03
1.311500000000000199e+01 1.021712880000000112e+01 2.065278359999999793e+03 2.150421100000000024e+03
1.312000000000000099e+01 1.018898448000000023e+01 2.065512896000000183e+03 2.150421100000000024e+03
1.312500000000000000e+01 1.021712880000000112e+01 2.065278359999999793e+03 2.150421100000000024e+03
1.312999999999999901e+01 1.013825064000000076e+01 2.065935677999999825e+03 2.150421100000000024e+03
1.313500000000000156e+01 1.011566112000000039e+01 2.066123923999999988e+03 2.150421100000000024e+03
1.314000000000000057e+01 1.017750455999999915e+01 2.065608561999999893e+03 2.150421100000000024e+03
1.314499999999999957e+01 1.018898448000000023e+01 2.065512896000000183e+03 2.150421100000000024e+03
1.314999999999999858e+01 1.017194976000000040e+01 2.065654852000000119e+03 2.150421100000000024e+03
1.315500000000000114e+01 1.021712880000000112e+01 2.065278359999999793e+03 2.150421100000000024e+03
1.316000000000000014e+01 1.016639495999999987e+01 2.065701141999999891e+03 2.150421100000000024e+03
1.316499999999999915e+01 1.024564344000000027e+01 2.065040738000000147e+03 2.150421100000000024e+03
1.317000000000000171e+01 1.019453928000000076e+01 2.065466605999999956e+03 2.150421100000000024e+03
1.317500000000000071e+01 1.016084015999999934e+01 2.065747432000000117e+03 2.150421100000000024e+03
1.317999999999999972e+01 1.015491503999999878e+01 2.065796808000000055e+03 2.150421100000000024e+03
1.318499999999999872e+01 1.016084015999999934e+01 2.065747432000000117e+03 2.150421100000000024e+03
1.319000000000000128e+01 1.018342967999999971e+01 2.065559185999999954e+03 2.150421100000000024e+03
1.319500000000000028e+01 1.014380544000000128e+01 2.065889388000000054e+03 2.150421100000000024e+03
1.319999999999999929e+01 1.013825064000000076e+01 2.065935677999999825e+03 2.150421100000000024e+03
1.320500000000000185e+01 1.019453928000000076e+01 2.065466605999999956e+03 2.150421100000000024e+03
1.321000000000000085e+01 1.017750455999999915e+01 2.065608561999999893e+03 2.150421100000000024e+03
1.321499999999999986e+01 1.011566112000000039e+01 2.066123923999999988e+03 2.150421100000000024e+03
1.321999999999999886e+01 1.021712880000000112e+01 2.065278359999999793e+03 2.150421100000000024e+03
1.322500000000000142e+01 1.014380544000000128e+01 2.065889388000000054e+03 2.150421100000000024e+03
1.323000000000000043e+01 1.012121592000000092e+01 2.066077634000000216e+03 2.150421100000000024e+03
1.323499999999999943e+01 1.017750455999999915e+01 2.065608561999999893e+03 2.150421100000000024e+03
1.324000000000000199e+01 1.022305391999999991e+01 2.065228983999999855e+03 2.150421100000000024e+03
1.324500000000000099e+01 1.014936024000000003e+01 2.065843097999999827e+03 2.150421100000000024e+03
1.325000000000000000e+01 1.022860872000000043e+01 2.065182694000000083e+03 2.150421100000000024e+03
1.325499999999999901e+01 1.016639495999999987e+01 2.065701141999999891e+03 2.150421100000000024e+03
1.326000000000000156e+01 1.014936024000000003e+01 2.065843097999999827e+03 2.150421100000000024e+03
1.326500000000000057e+01 1.019453928000000076e+01 2.065466605999999956e+03 2.150421100000000024e+03
1.326999999999999957e+01 1.014936024000000003e+01 2.065843097999999827e+03 2.150421100000000024e+03
1.327499999999999858e+01 1.015491503999999878e+01 2.065796808000000055e+03 2.150421100000000024e+03
1.328000000000000114e+01 1.017194976000000040e+01 2.065654852000000119e+03 2.150421100000000024e+03
1.328500000000000014e+01 1.017750455999999915e+01 2.065608561999999893e+03 2.150421100000000024e+03
1.328999999999999915e+01 1.009862640000000056e+01 2.066265879999999925e+03 2.150421100000000024e+03
1.329500000000000171e+01 1.010418120000000108e+01 2.066219590000000153e+03 2.150421100000000024e+03
1.330000000000000071e+01 1.012121592000000092e+01 2.066077634000000216e+03 2.150421100000000024e+03
1.330499999999999972e+01 1.016639495999999987e+01 2.065701141999999891e+03 2.150421100000000024e+03
1.330999999999999872e+01 1.014936024000000003e+01 2.065843097999999827e+03 2.150421100000000024e+03
1.331500000000000128e+01 1.012677072000000145e+01 2.066031343999999990e+03 2.150421100000000024e+03
1.332000000000000028e+01 1.013232552000000020e+01 2.065985054000000218e+03 2.150421100000000024e+03
1.332499999999999929e+01 1.017194976000000040e+01 2.065654852000000119e+03 2.150421100000000024e+03
1.333000000000000185e+01 1.012121592000000092e+01 2.066077634000000216e+03 2.150421100000000024e+03
1.333500000000000085e+01 1.014380544000000128e+01 2.065889388000000054e+03 2.150421100000000024e+03
1.333999999999999986e+01 1.018898448000000023e+01 2.065512896000000183e+03 2.150421100000000024e+03
1.334499999999999886e+01 1.014936024000000003e+01 2.065843097999999827e+03 2.150421100000000024e+03
1.335000000000000142e+01 1.010418120000000108e+01 2.066219590000000153e+03 2.150421100000000024e+03
1.335500000000000043e+01 1.012121592000000092e+01 2.066077634000000216e+03 2.150421100000000024e+03
1.335999999999999943e+01 1.011566112000000039e+01 2.066123923999999988e+03 2.150421100000000024e+03
1.336500000000000199e+01 1.017194976000000040e+01 2.065654852000000119e+03 2.150421100000000024e+03
1.337000000000000099e+01 1.016084015999999934e+01 2.065747432000000117e+03 2.150421100000000024e+03
1.337500000000000000e+01 1.014936024000000003e+01 2.065843097999999827e+03 2.150421100000000024e+03
1.337999999999999901e+01 1.009307160000000003e+01 2.066312170000000151e+03 2.150421100000000024e+03
1.338500000000000156e+01 1.012677072000000145e+01 2.066031343999999990e+03 2.150421100000000024e+03
1.339000000000000057e+01 1.003641264000000000e+01 2.066784328000000187e+03 2.150421100000000024e+03
1.339499999999999957e+01 1.013232552000000020e+01 2.065985054000000218e+03 2.150421100000000024e+03
1.339999999999999858e+01 1.012677072000000145e+01 2.066031343999999990e+03 2.150421100000000024e+03
1.340500000000000114e+01 1.011566112000000039e+01 2.066123923999999988e+03 2.150421100000000024e+03
1.341000000000000014e+01 1.013232552000000020e+01 2.065985054000000218e+03 2.150421100000000024e+03
1.341499999999999915e+01 1.015491503999999878e+01 2.065796808000000055e+03 2.150421100000000024e+03
1.342000000000000171e+01 1.013232552000000020e+01 2.065985054000000218e+03 2.150421100000000024e+03
1.342500000000000071e+01 1.013232552000000020e+01 2.065985054000000218e+03 2.150421100000000024e+03
1.342999999999999972e+01 1.012121592000000092e+01 2.066077634000000216e+03 2.150421100000000024e+03
1.343499999999999872e+01 1.009307160000000003e+01 2.066312170000000151e+03 2.150421100000000024e+03
1.344000000000000128e+01 1.010418120000000108e+01 2.066219590000000153e+03 2.150421100000000024e+03
1.344500000000000028e+01 1.013825064000000076e+01 2.065935677999999825e+03 2.150421100000000024e+03
1.344999999999999929e+01 1.013825064000000076e+01 2.065935677999999825e+03 2.150421100000000024e+03
1.345500000000000185e+01 1.009307160000000003e+01 2.066312170000000151e+03 2.150421100000000024e+03
1.346000000000000085e+01 1.014380544000000128e+01 2.065889388000000054e+03 2.150421100000000024e+03
1.346499999999999986e+01 1.006455695999999911e+01 2.066549791999999798e+03 2.150421100000000024e+03
1.346999999999999886e+01 1.006455695999999911e+01 2.066549791999999798e+03 2.150421100000000024e+03
1.347500000000000142e+01 1.010973599999999983e+01 2.066173299999999927e+03 2.150421100000000024e+03
1.348000000000000043e+01 1.009862640000000056e+01 2.066265879999999925e+03 2.150421100000000024e+03
1.348499999999999943e+01 1.005344735999999983e+01 2.066642372000000250e+03 2.150421100000000024e+03
1.349000000000000199e+01 1.007011175999999963e+01 2.066503502000000026e+03 2.150421100000000024e+03
1.349500000000000099e+01 1.009862640000000056e+01 2.066265879999999925e+03 2.150421100000000024e+03
1.350000000000000000e+01 1.008714647999999947e+01 2.066361546000000089e+03 2.150421100000000024e+03
1.350499999999999901e+01 1.011566112000000039e+01 2.066123923999999988e+03 2.150421100000000024e+03
1.351000000000000156e+01 1.005900216000000036e+01 2.066596082000000024e+03 2.150421100000000024e+03
1.351500000000000057e+01 1.014380544000000128e+01 2.065889388000000054e+03 2.150421100000000024e+03
1.351999999999999957e+01 1.006455695999999911e+01 2.066549791999999798e+03 2.150421100000000024e+03
1.352499999999999858e+01 1.009862640000000056e+01 2.066265879999999925e+03 2.150421100000000024e+03
1.353000000000000114e+01 1.014380544000000128e+01 2.065889388000000054e+03 2.150421100000000024e+03
1.353500000000000014e+01 1.013232552000000020e+01 2.065985054000000218e+03 2.150421100000000024e+03
1.353999999999999915e+01 1.011566112000000039e+01 2.066123923999999988e+03 2.150421100000000024e+03
1.354500000000000171e+01 1.019453928000000076e+01 2.065466605999999956e+03 2.150421100000000024e+03
1.355000000000000071e+01 1.007011175999999963e+01 2.066503502000000026e+03 2.150421100000000024e+03
1.355499999999999972e+01 1.004196743999999875e+01 2.066738037999999960e+03 2.150421100000000024e+03
1.355999999999999872e+01 1.012677072000000145e+01 2.066031343999999990e+03 2.150421100000000024e+03
1.356500000000000128e+01 1.003641264000000000e+01 2.066784328000000187e+03 2.150421100000000024e+03
1.357000000000000028e+01 1.006455695999999911e+01 2.066549791999999798e+03 2.150421100000000024e+03
1.357499999999999929e+01 1.009307160000000003e+01 2.066312170000000151e+03 2.150421100000000024e+03
1.358000000000000185e+01 1.017750455999999915e+01 2.065608561999999893e+03 2.150421100000000024e+03
1.358500000000000085e+01 1.011566112000000039e+01 2.066123923999999988e+03 2.150421100000000024e+03
1.358999999999999986e+01 1.012121592000000092e+01 2.066077634000000216e+03 2.150421100000000024e+03
1.359499999999999886e+01 1.012677072000000145e+01 2.066031343999999990e+03 2.150421100000000024e+03
1.360000000000000142e+01 1.009307160000000003e+01 2.066312170000000151e+03 2.150421100000000024e+03
1.360500000000000043e+01 1.012677072000000145e+01 2.066031343999999990e+03 2.150421100000000024e+03
1.360999999999999943e+01 1.010418120000000108e+01 2.066219590000000153e+03 2.150421100000000024e+03
1.361500000000000199e+01 1.006455695999999911e+01 2.066549791999999798e+03 2.150421100000000024e+03
1.362000000000000099e+01 1.012677072000000145e+01 2.066031343999999990e+03 2.150421100000000024e+03
1.362500000000000000e+01 1.016639495999999987e+01 2.065701141999999891e+03 2.150421100000000024e+03
1.362999999999999901e+01 1.012677072000000145e+01 2.066031343999999990e+03 2.150421100000000024e+03
1.363500000000000156e+01 1.003641264000000000e+01 2.066784328000000187e+03 2.150421100000000024e+03
1.364000000000000057e+01 1.005900216000000036e+01 2.066596082000000024e+03 2.150421100000000024e+03
1.364499999999999957e+01 1.007011175999999963e+01 2.066503502000000026e+03 2.150421100000000024e+03
1.364999999999999858e+01 1.005344735999999983e+01 2.066642372000000250e+03 2.150421100000000024e+03
1.365500000000000114e+01 1.010973599999999983e+01 2.066173299999999927e+03 2.150421100000000024e+03
1.366000000000000014e+01 1.007011175999999963e+01 2.066503502000000026e+03 2.150421100000000024e+03
1.366499999999999915e+01 1.000234320000000032e+01 2.067068240000000060e+03 2.150421100000000024e+03
1.367000000000000171e+01 1.014936024000000003e+01 2.065843097999999827e+03 2.150421100000000024e+03
1.367500000000000071e+01 1.003641264000000000e+01 2.066784328000000187e+03 2.150421100000000024e+03
1.367999999999999972e+01 1.003641264000000000e+01 2.066784328000000187e+03 2.150421100000000024e+03
1.368499999999999872e+01 1.009307160000000003e+01 2.066312170000000151e+03 2.150421100000000024e+03
1.369000000000000128e+01 1.007603688000000020e+01 2.066454126000000088e+03 2.150421100000000024e+03
1.369500000000000028e+01 1.005344735999999983e+01 2.066642372000000250e+03 2.150421100000000024e+03
1.369999999999999929e+01 1.004752223999999927e+01 2.066691748000000189e+03 2.150421100000000024e+03
1.370500000000000185e+01 1.008714647999999947e+01 2.066361546000000089e+03 2.150421100000000024e+03
1.371000000000000085e+01 1.005344735999999983e+01 2.066642372000000250e+03 2.150421100000000024e+03
1.371499999999999986e+01 1.003641264000000000e+01 2.066784328000000187e+03 2.150421100000000024e+03
1.371999999999999886e+01 1.004752223999999927e+01 2.066691748000000189e+03 2.150421100000000024e+03
1.372500000000000142e+01 1.001382311999999963e+01 2.066972573999999895e+03 2.150421100000000024e+03
1.373000000000000043e+01 9.979753679999999960e+00 2.067256486000000223e+03 2.150421100000000024e+03
1.373499999999999943e+01 1.004752223999999927e+01 2.066691748000000189e+03 2.150421100000000024e+03
1.374000000000000199e+01 1.003641264000000000e+01 2.066784328000000187e+03 2.150421100000000024e+03
1.374500000000000099e+01 1.005344735999999983e+01 2.066642372000000250e+03 2.150421100000000024e+03
1.375000000000000000e+01 1.007011175999999963e+01 2.066503502000000026e+03 2.150421100000000024e+03
1.375499999999999901e+01 1.002493271999999891e+01 2.066879993999999897e+03 2.150421100000000024e+03
1.376000000000000156e+01 1.001382311999999963e+01 2.066972573999999895e+03 2.150421100000000024e+03
1.376500000000000057e+01 1.002493271999999891e+01 2.066879993999999897e+03 2.150421100000000024e+03
1.376999999999999957e+01 1.003641264000000000e+01 2.066784328000000187e+03 2.150421100000000024e+03
1.377499999999999858e+01 9.991233599999999271e+00 2.067160820000000058e+03 2.150421100000000024e+03
1.378000000000000114e+01 1.002493271999999891e+01 2.066879993999999897e+03 2.150421100000000024e+03
1.378500000000000014e+01 1.003085784000000125e+01 2.066830617999999959e+03 2.150421100000000024e+03
1.378999999999999915e+01 1.003641264000000000e+01 2.066784328000000187e+03 2.150421100000000024e+03
1.379500000000000171e+01 9.996788399999999797e+00 2.067114529999999831e+03 2.150421100000000024e+03
1.380000000000000071e+01 9.957164159999999598e+00 2.067444731999999931e+03 2.150421100000000024e+03
1.380499999999999972e+01 1.003641264000000000e+01 2.066784328000000187e+03 2.150421100000000024e+03
1.380999999999999872e+01 1.004196743999999875e+01 2.066738037999999960e+03 2.150421100000000024e+03
1.381500000000000128e+01 1.004196743999999875e+01 2.066738037999999960e+03 2.150421100000000024e+03
1.382000000000000028e+01 9.991233599999999271e+00 2.067160820000000058e+03 2.150421100000000024e+03
1.382499999999999929e+01 1.004196743999999875e+01 2.066738037999999960e+03 2.150421100000000024e+03
1.383000000000000185e+01 1.001937792000000016e+01 2.066926284000000123e+03 2.150421100000000024e+03
1.383500000000000085e+01 9.985678800000000521e+00 2.067207109999999830e+03 2.150421100000000024e+03
1.383999999999999986e+01 1.004196743999999875e+01 2.066738037999999960e+03 2.150421100000000024e+03
1.384499999999999886e+01 1.005900216000000036e+01 2.066596082000000024e+03 2.150421100000000024e+03
1.385000000000000142e+01 1.000234320000000032e+01 2.067068240000000060e+03 2.150421100000000024e+03
1.385500000000000043e+01 1.000826832000000088e+01 2.067018864000000121e+03 2.150421100000000024e+03
1.385999999999999943e+01 1.003641264000000000e+01 2.066784328000000187e+03 2.150421100000000024e+03
1.386500000000000199e+01 9.934574639999999235e+00 2.067632978000000094e+03 2.150421100000000024e+03
1.387000000000000099e+01 9.974198879999999434e+00 2.067302775999999994e+03 2.150421100000000024e+03
1.387500000000000000e+01 9.974198879999999434e+00 2.067302775999999994e+03 2.150421100000000024e+03
1.387999999999999901e+01 1.000826832000000088e+01 2.067018864000000121e+03 2.150421100000000024e+03
1.388500000000000156e+01 1.001937792000000016e+01 2.066926284000000123e+03 2.150421100000000024e+03
1.389000000000000057e+01 1.000826832000000088e+01 2.067018864000000121e+03 2.150421100000000024e+03
1.389499999999999957e+01 1.007011175999999963e+01 2.066503502000000026e+03 2.150421100000000024e+03
1.389999999999999858e+01 1.007011175999999963e+01 2.066503502000000026e+03 2.150421100000000024e+03
1.390500000000000114e+01 1.004752223999999927e+01 2.066691748000000189e+03 2.150421100000000024e+03
1.391000000000000014e+01 1.003085784000000125e+01 2.066830617999999959e+03 2.150421100000000024e+03
1.391499999999999915e+01 1.000234320000000032e+01 2.067068240000000060e+03 2.150421100000000024e+03
1.392000000000000171e+01 1.000234320000000032e+01 2.067068240000000060e+03 2.150421100000000024e+03
1.392500000000000071e+01 1.002493271999999891e+01 2.066879993999999897e+03 2.150421100000000024e+03
1.392999999999999972e+01 1.005344735999999983e+01 2.066642372000000250e+03 2.150421100000000024e+03
1.393499999999999872e+01 1.003641264000000000e+01 2.066784328000000187e+03 2.150421100000000024e+03
1.394000000000000128e+01 9.951609359999999072e+00 2.067491022000000157e+03 2.150421100000000024e+03
1.394500000000000028e+01 1.001382311999999963e+01 2.066972573999999895e+03 2.150421100000000024e+03
1.394999999999999929e+01 1.003085784000000125e+01 2.066830617999999959e+03 2.150421100000000024e+03
1.395500000000000185e+01 9.957164159999999598e+00 2.067444731999999931e+03 2.150421100000000024e+03
1.396000000000000085e+01 9.979753679999999960e+00 2.067256486000000223e+03 2.150421100000000024e+03
1.396499999999999986e+01 9.963089280000000159e+00 2.067395355999999992e+03 2.150421100000000024e+03
1.396999999999999886e+01 1.004196743999999875e+01 2.066738037999999960e+03 2.150421100000000024e+03
1.397500000000000142e+01 9.979753679999999960e+00 2.067256486000000223e+03 2.150421100000000024e+03
1.398000000000000043e+01 1.001937792000000016e+01 2.066926284000000123e+03 2.150421100000000024e+03
1.398499999999999943e+01 1.006455695999999911e+01 2.066549791999999798e+03 2.150421100000000024e+03
1.399000000000000199e+01 9.985678800000000521e+00 2.067207109999999830e+03 2.150421100000000024e+03
1.399500000000000099e+01 1.003085784000000125e+01 2.066830617999999959e+03 2.150421100000000024e+03
1.400000000000000000e+01 1.003085784000000125e+01 2.066830617999999959e+03 2.150421100000000024e+03
1.400499999999999901e+01 9.991233599999999271e+00 2.067160820000000058e+03 2.150421100000000024e+03
1.401000000000000156e+01 9.861251279999999397e+00 2.068244005999999899e+03 2.150421100000000024e+03
1.401500000000000057e+01 9.906430320000000123e+00 2.067867514000000028e+03 2.150421100000000024e+03
1.401999999999999957e+01 9.934574639999999235e+00 2.067632978000000094e+03 2.150421100000000024e+03
1.402499999999999858e+01 9.979753679999999960e+00 2.067256486000000223e+03 2.150421100000000024e+03
1.403000000000000114e+01 9.991233599999999271e+00 2.067160820000000058e+03 2.150421100000000024e+03
1.403500000000000014e+01 1.003085784000000125e+01 2.066830617999999959e+03 2.150421100000000024e+03
1.403999999999999915e+01 9.968644079999998908e+00 2.067349066000000221e+03 2.150421100000000024e+03
1.404500000000000171e+01 1.000234320000000032e+01 2.067068240000000060e+03 2.150421100000000024e+03
1.405000000000000071e+01 9.968644079999998908e+00 2.067349066000000221e+03 2.150421100000000024e+03
1.405499999999999972e+01 1.000826832000000088e+01 2.067018864000000121e+03 2.150421100000000024e+03
1.405999999999999872e+01 9.968644079999998908e+00 2.067349066000000221e+03 2.150421100000000024e+03
1.406500000000000128e+01 9.968644079999998908e+00 2.067349066000000221e+03 2.150421100000000024e+03
1.407000000000000028e+01 1.002493271999999891e+01 2.066879993999999897e+03 2.150421100000000024e+03
1.407499999999999929e+01 1.001937792000000016e+01 2.066926284000000123e+03 2.150421100000000024e+03
1.408000000000000185e+01 1.004752223999999927e+01 2.066691748000000189e+03 2.150421100000000024e+03
1.408500000000000085e+01 1.003085784000000125e+01 2.066830617999999959e+03 2.150421100000000024e+03
1.408999999999999986e+01 9.906430320000000123e+00 2.067867514000000028e+03 2.150421100000000024e+03
1.409499999999999886e+01 9.991233599999999271e+00 2.067160820000000058e+03 2.150421100000000024e+03
1.410000000000000142e+01 9.974198879999999434e+00 2.067302775999999994e+03 2.150421100000000024e+03
1.410500000000000043e+01 1.000826832000000088e+01 2.067018864000000121e+03 2.150421100000000024e+03
1.410999999999999943e+01 9.957164159999999598e+00 2.067444731999999931e+03 2.150421100000000024e+03
1.411500000000000199e+01 1.001382311999999963e+01 2.066972573999999895e+03 2.150421100000000024e+03
1.412000000000000099e+01 1.002493271999999891e+01 2.066879993999999897e+03 2.150421100000000024e+03
1.412500000000000000e+01 9.934574639999999235e+00 2.067632978000000094e+03 2.150421100000000024e+03
1.412999999999999901e+01 9.996788399999999797e+00 2.067114529999999831e+03 2.150421100000000024e+03
1.413500000000000156e+01 1.001382311999999963e+01 2.066972573999999895e+03 2.150421100000000024e+03
1.414000000000000057e+01 9.855696479999998871e+00 2.068290296000000126e+03 2.150421100000000024e+03
1.414499999999999957e+01 9.951609359999999072e+00 2.067491022000000157e+03 2.150421100000000024e+03
1.414999999999999858e+01 9.906430320000000123e+00 2.067867514000000028e+03 2.150421100000000024e+03
1.415500000000000114e+01 9.946054559999998546e+00 2.067537311999999929e+03 2.150421100000000024e+03
1.416000000000000014e+01 1.004752223999999927e+01 2.066691748000000189e+03 2.150421100000000024e+03
1.416499999999999915e+01 9.946054559999998546e+00 2.067537311999999929e+03 2.150421100000000024e+03
1.417000000000000171e+01 9.996788399999999797e+00 2.067114529999999831e+03 2.150421100000000024e+03
1.417500000000000071e+01 9.934574639999999235e+00 2.067632978000000094e+03 2.150421100000000024e+03
1.417999999999999972e+01 9.979753679999999960e+00 2.067256486000000223e+03 2.150421100000000024e+03
1.418499999999999872e+01 1.001937792000000016e+01 2.066926284000000123e+03 2.150421100000000024e+03
1.419000000000000128e+01 9.979753679999999960e+00 2.067256486000000223e+03 2.150421100000000024e+03
1.419500000000000028e+01 1.000234320000000032e+01 2.067068240000000060e+03 2.150421100000000024e+03
1.419999999999999929e+01 9.963089280000000159e+00 2.067395355999999992e+03 2.150421100000000024e+03
1.420500000000000185e+01 9.917539919999999398e+00 2.067774934000000030e+03 2.150421100000000024e+03
1.421000000000000085e+01 1.003085784000000125e+01 2.066830617999999959e+03 2.150421100000000024e+03
1.421499999999999986e+01 9.934574639999999235e+00 2.067632978000000094e+03 2.150421100000000024e+03
1.421999999999999886e+01 9.991233599999999271e+00 2.067160820000000058e+03 2.150421100000000024e+03
1.422500000000000142e+01 9.946054559999998546e+00 2.067537311999999929e+03 2.150421100000000024e+03
1.423000000000000043e+01 9.957164159999999598e+00 2.067444731999999931e+03 2.150421100000000024e+03
1.423499999999999943e+01 9.963089280000000159e+00 2.067395355999999992e+03 2.150421100000000024e+03
1.424000000000000199e+01 9.934574639999999235e+00 2.067632978000000094e+03 2.150421100000000024e+03
1.424500000000000099e+01 1.001937792000000016e+01 2.066926284000000123e+03 2.150421100000000024e+03
1.425000000000000000e+01 9.985678800000000521e+00 2.067207109999999830e+03 2.150421100000000024e+03
1.425499999999999901e+01 9.917539919999999398e+00 2.067774934000000030e+03 2.150421100000000024e+03
1.426000000000000156e+01 9.985678800000000521e+00 2.067207109999999830e+03 2.150421100000000024e+03
1.426500000000000057e+01 9.900875519999999597e+00 2.067913803999999800e+03 2.150421100000000024e+03
1.426999999999999957e+01 9.810517439999998146e+00 2.068666787999999997e+03 2.150421100000000024e+03
1.427499999999999858e+01 9.900875519999999597e+00 2.067913803999999800e+03 2.150421100000000024e+03
1.428000000000000114e+01 9.878285999999999234e+00 2.068102049999999963e+03 2.150421100000000024e+03
1.428500000000000014e+01 9.883840799999999760e+00 2.068055760000000191e+03 2.150421100000000024e+03
1.428999999999999915e+01 9.878285999999999234e+00 2.068102049999999963e+03 2.150421100000000024e+03
1.429500000000000171e+01 9.929019839999998709e+00 2.067679267999999865e+03 2.150421100000000024e+03
1.430000000000000071e+01 9.940499759999999796e+00 2.067583602000000155e+03 2.150421100000000024e+03
1.430499999999999972e+01 9.900875519999999597e+00 2.067913803999999800e+03 2.150421100000000024e+03
1.430999999999999872e+01 9.906430320000000123e+00 2.067867514000000028e+03 2.150421100000000024e+03
1.431500000000000128e+01 9.878285999999999234e+00 2.068102049999999963e+03 2.150421100000000024e+03
1.432000000000000028e+01 9.911985119999998872e+00 2.067821224000000257e+03 2.150421100000000024e+03
1.432499999999999929e+01 9.929019839999998709e+00 2.067679267999999865e+03 2.150421100000000024e+03
1.433000000000000185e+01 9.906430320000000123e+00 2.067867514000000028e+03 2.150421100000000024e+03
1.433500000000000085e+01 9.889395600000000286e+00 2.068009469999999965e+03 2.150421100000000024e+03
1.433999999999999986e+01 9.878285999999999234e+00 2.068102049999999963e+03 2.150421100000000024e+03
1.434499999999999886e+01 9.911985119999998872e+00 2.067821224000000257e+03 2.150421100000000024e+03
1.435000000000000142e+01 9.911985119999998872e+00 2.067821224000000257e+03 2.150421100000000024e+03
1.435500000000000043e+01 9.878285999999999234e+00 2.068102049999999963e+03 2.150421100000000024e+03
1.435999999999999943e+01 9.883840799999999760e+00 2.068055760000000191e+03 2.150421100000000024e+03
1.436500000000000199e+01 9.923465039999999959e+00 2.067725558000000092e+03 2.150421100000000024e+03
1.437000000000000099e+01 9.963089280000000159e+00 2.067395355999999992e+03 2.150421100000000024e+03
1.437500000000000000e+01 1.001382311999999963e+01 2.066972573999999895e+03 2.150421100000000024e+03
1.437999999999999901e+01 9.940499759999999796e+00 2.067583602000000155e+03 2.150421100000000024e+03
1.438500000000000156e+01 9.974198879999999434e+00 2.067302775999999994e+03 2.150421100000000024e+03
1.439000000000000057e+01 1.000234320000000032e+01 2.067068240000000060e+03 2.150421100000000024e+03
1.439499999999999957e+01 9.911985119999998872e+00 2.067821224000000257e+03 2.150421100000000024e+03
1.439999999999999858e+01 9.946054559999998546e+00 2.067537311999999929e+03 2.150421100000000024e+03
1.440500000000000114e+01 9.894950399999999036e+00 2.067963180000000193e+03 2.150421100000000024e+03
1.441000000000000014e+01 9.872360880000000449e+00 2.068151425999999901e+03 2.150421100000000024e+03
1.441499999999999915e+01 9.900875519999999597e+00 2.067913803999999800e+03 2.150421100000000024e+03
1.442000000000000171e+01 9.889395600000000286e+00 2.068009469999999965e+03 2.150421100000000024e+03
1.442500000000000071e+01 9.838661759999999035e+00 2.068432252000000062e+03 2.150421100000000024e+03
1.442999999999999972e+01 9.929019839999998709e+00 2.067679267999999865e+03 2.150421100000000024e+03
1.443499999999999872e+01 9.883840799999999760e+00 2.068055760000000191e+03 2.150421100000000024e+03
1.444000000000000128e+01 9.917539919999999398e+00 2.067774934000000030e+03 2.150421100000000024e+03
1.444500000000000028e+01 9.946054559999998546e+00 2.067537311999999929e+03 2.150421100000000024e+03
1.444999999999999929e+01 9.894950399999999036e+00 2.067963180000000193e+03 2.150421100000000024e+03
1.445500000000000185e+01 9.911985119999998872e+00 2.067821224000000257e+03 2.150421100000000024e+03
1.446000000000000085e+01 9.855696479999998871e+00 2.068290296000000126e+03 2.150421100000000024e+03
1.446499999999999986e+01 9.911985119999998872e+00 2.067821224000000257e+03 2.150421100000000024e+03
1.446999999999999886e+01 9.866806079999999923e+00 2.068197716000000128e+03 2.150421100000000024e+03
1.447500000000000142e+01 9.872360880000000449e+00 2.068151425999999901e+03 2.150421100000000024e+03
1.448000000000000043e+01 9.934574639999999235e+00 2.067632978000000094e+03 2.150421100000000024e+03
1.448499999999999943e+01 9.968644079999998908e+00 2.067349066000000221e+03 2.150421100000000024e+03
1.449000000000000199e+01 9.906430320000000123e+00 2.067867514000000028e+03 2.150421100000000024e+03
1.449500000000000099e+01 9.979753679999999960e+00 2.067256486000000223e+03 2.150421100000000024e+03
1.450000000000000000e+01 9.906430320000000123e+00 2.067867514000000028e+03 2.150421100000000024e+03
1.450499999999999901e+01 9.894950399999999036e+00 2.067963180000000193e+03 2.150421100000000024e+03
1.451000000000000156e+01 9.894950399999999036e+00 2.067963180000000193e+03 2.150421100000000024e+03
1.451500000000000057e+01 9.951609359999999072e+00 2.067491022000000157e+03 2.150421100000000024e+03
1.451999999999999957e+01 9.951609359999999072e+00 2.067491022000000157e+03 2.150421100000000024e+03
1.452499999999999858e+01 9.974198879999999434e+00 2.067302775999999994e+03 2.150421100000000024e+03
1.453000000000000114e+01 9.968644079999998908e+00 2.067349066000000221e+03 2.150421100000000024e+03
1.453500000000000014e+01 9.934574639999999235e+00 2.067632978000000094e+03 2.150421100000000024e+03
1.453999999999999915e+01 9.934574639999999235e+00 2.067632978000000094e+03 2.150421100000000024e+03
1.454500000000000171e+01 9.894950399999999036e+00 2.067963180000000193e+03 2.150421100000000024e+03
1.455000000000000071e+01 9.883840799999999760e+00 2.068055760000000191e+03 2.150421100000000024e+03
1.455499999999999972e+01 9.917539919999999398e+00 2.067774934000000030e+03 2.150421100000000024e+03
1.455999999999999872e+01 9.889395600000000286e+00 2.068009469999999965e+03 2.150421100000000024e+03
1.456500000000000128e+01 9.917539919999999398e+00 2.067774934000000030e+03 2.150421100000000024e+03
1.457000000000000028e+01 9.883840799999999760e+00 2.068055760000000191e+03 2.150421100000000024e+03
1.457499999999999929e+01 9.906430320000000123e+00 2.067867514000000028e+03 2.150421100000000024e+03
1.458000000000000185e+01 9.900875519999999597e+00 2.067913803999999800e+03 2.150421100000000024e+03
1.458500000000000085e+01 9.923465039999999959e+00 2.067725558000000092e+03 2.150421100000000024e+03
1.458999999999999986e+01 9.878285999999999234e+00 2.068102049999999963e+03 2.150421100000000024e+03
1.459499999999999886e+01 9.917539919999999398e+00 2.067774934000000030e+03 2.150421100000000024e+03
1.460000000000000142e+01 9.929019839999998709e+00 2.067679267999999865e+03 2.150421100000000024e+03
1.460500000000000043e+01 9.889395600000000286e+00 2.068009469999999965e+03 2.150421100000000024e+03
1.460999999999999943e+01 9.934574639999999235e+00 2.067632978000000094e+03 2.150421100000000024e+03
1.461500000000000199e+01 9.957164159999999598e+00 2.067444731999999931e+03 2.150421100000000024e+03
1.462000000000000099e+01 9.917539919999999398e+00 2.067774934000000030e+03 2.150421100000000024e+03
1.462500000000000000e+01 9.900875519999999597e+00 2.067913803999999800e+03 2.150421100000000024e+03
1.462999999999999901e+01 9.940499759999999796e+00 2.067583602000000155e+03 2.150421100000000024e+03
1.463500000000000156e+01 9.923465039999999959e+00 2.067725558000000092e+03 2.150421100000000024e+03
1.464000000000000057e+01 9.934574639999999235e+00 2.067632978000000094e+03 2.150421100000000024e+03
1.464499999999999957e+01 9.963089280000000159e+00 2.067395355999999992e+03 2.150421100000000024e+03
1.464999999999999858e+01 9.963089280000000159e+00 2.067395355999999992e+03 2.150421100000000024e+03
1.465500000000000114e+01 9.996788399999999797e+00 2.067114529999999831e+03 2.150421100000000024e+03
1.466000000000000014e+01 9.929019839999998709e+00 2.067679267999999865e+03 2.150421100000000024e+03
1.466499999999999915e+01 9.963089280000000159e+00 2.067395355999999992e+03 2.150421100000000024e+03
1.467000000000000171e+01 9.929019839999998709e+00 2.067679267999999865e+03 2.150421100000000024e+03
1.467500000000000071e+01 9.957164159999999598e+00 2.067444731999999931e+03 2.150421100000000024e+03
1.467999999999999972e+01 9.872360880000000449e+00 2.068151425999999901e+03 2.150421100000000024e+03
1.468499999999999872e+01 9.963089280000000159e+00 2.067395355999999992e+03 2.150421100000000024e+03
1.469000000000000128e+01 9.923465039999999959e+00 2.067725558000000092e+03 2.150421100000000024e+03
1.469500000000000028e+01 9.917539919999999398e+00 2.067774934000000030e+03 2.150421100000000024e+03
1.469999999999999929e+01 9.923465039999999959e+00 2.067725558000000092e+03 2.150421100000000024e+03
1.470500000000000185e+01 9.946054559999998546e+00 2.067537311999999929e+03 2.150421100000000024e+03
1.471000000000000085e+01 9.917539919999999398e+00 2.067774934000000030e+03 2.150421100000000024e+03
1.471499999999999986e+01 9.957164159999999598e+00 2.067444731999999931e+03 2.150421100000000024e+03
1.471999999999999886e+01 9.946054559999998546e+00 2.067537311999999929e+03 2.150421100000000024e+03
1.472500000000000142e+01 9.979753679999999960e+00 2.067256486000000223e+03 2.150421100000000024e+03
1.473000000000000043e+01 9.991233599999999271e+00 2.067160820000000058e+03 2.150421100000000024e+03
1.473499999999999943e+01 9.968644079999998908e+00 2.067349066000000221e+03 2.150421100000000024e+03
1.474000000000000199e+01 9.894950399999999036e+00 2.067963180000000193e+03 2.150421100000000024e+03
1.474500000000000099e+01 9.855696479999998871e+00 2.068290296000000126e+03 2.150421100000000024e+03
1.475000000000000000e+01 9.849771360000000087e+00 2.068339672000000064e+03 2.150421100000000024e+03
1.475499999999999901e+01 9.923465039999999959e+00 2.067725558000000092e+03 2.150421100000000024e+03
1.476000000000000156e+01 9.906430320000000123e+00 2.067867514000000028e+03 2.150421100000000024e+03
1.476500000000000057e+01 9.934574639999999235e+00 2.067632978000000094e+03 2.150421100000000024e+03
1.476999999999999957e+01 9.917539919999999398e+00 2.067774934000000030e+03 2.150421100000000024e+03
1.477499999999999858e+01 9.963089280000000159e+00 2.067395355999999992e+03 2.150421100000000024e+03
1.478000000000000114e+01 9.894950399999999036e+00 2.067963180000000193e+03 2.150421100000000024e+03
1.478500000000000014e+01 9.878285999999999234e+00 2.068102049999999963e+03 2.150421100000000024e+03
1.478999999999999915e+01 9.946054559999998546e+00 2.067537311999999929e+03 2.150421100000000024e+03
1.479500000000000171e+01 9.951609359999999072e+00 2.067491022000000157e+03 2.150421100000000024e+03
1.480000000000000071e+01 9.934574639999999235e+00 2.067632978000000094e+03 2.150421100000000024e+03
1.480499999999999972e+01 9.963089280000000159e+00 2.067395355999999992e+03 2.150421100000000024e+03
1.480999999999999872e+01 9.940499759999999796e+00 2.067583602000000155e+03 2.150421100000000024e+03
1.481500000000000128e+01 9.906430320000000123e+00 2.067867514000000028e+03 2.150421100000000024e+03
1.482000000000000028e+01 9.889395600000000286e+00 2.068009469999999965e+03 2.150421100000000024e+03
1.482499999999999929e+01 9.929019839999998709e+00 2.067679267999999865e+03 2.150421100000000024e+03
1.483000000000000185e+01 9.878285999999999234e+00 2.068102049999999963e+03 2.150421100000000024e+03
1.483500000000000085e+01 9.940499759999999796e+00 2.067583602000000155e+03 2.150421100000000024e+03
1.483999999999999986e+01 9.951609359999999072e+00 2.067491022000000157e+03 2.150421100000000024e+03
1.484499999999999886e+01 9.996788399999999797e+00 2.067114529999999831e+03 2.150421100000000024e+03
1.485000000000000142e+01 1.001382311999999963e+01 2.066972573999999895e+03 2.150421100000000024e+03
1.485500000000000043e+01 1.001382311999999963e+01 2.066972573999999895e+03 2.150421100000000024e+03
1.485999999999999943e+01 9.946054559999998546e+00 2.067537311999999929e+03 2.150421100000000024e+03
1.486500000000000199e+01 9.974198879999999434e+00 2.067302775999999994e+03 2.150421100000000024e+03
1.487000000000000099e+01 9.940499759999999796e+00 2.067583602000000155e+03 2.150421100000000024e+03
1.487500000000000000e+01 9.940499759999999796e+00 2.067583602000000155e+03 2.150421100000000024e+03
1.487999999999999901e+01 9.940499759999999796e+00 2.067583602000000155e+03 2.150421100000000024e+03
1.488500000000000156e+01 9.996788399999999797e+00 2.067114529999999831e+03 2.150421100000000024e+03
1.489000000000000057e+01 9.940499759999999796e+00 2.067583602000000155e+03 2.150421100000000024e+03
1.489499999999999957e+01 9.940499759999999796e+00 2.067583602000000155e+03 2.150421100000000024e+03
1.489999999999999858e+01 9.923465039999999959e+00 2.067725558000000092e+03 2.150421100000000024e+03
1.490500000000000114e+01 9.979753679999999960e+00 2.067256486000000223e+03 2.150421100000000024e+03
1.491000000000000014e+01 1.001382311999999963e+01 2.066972573999999895e+03 2.150421100000000024e+03
1.491499999999999915e+01 9.957164159999999598e+00 2.067444731999999931e+03 2.150421100000000024e+03
1.492000000000000171e+01 9.911985119999998872e+00 2.067821224000000257e+03 2.150421100000000024e+03
1.492500000000000071e+01 9.957164159999999598e+00 2.067444731999999931e+03 2.150421100000000024e+03
1.492999999999999972e+01 1.003085784000000125e+01 2.066830617999999959e+03 2.150421100000000024e+03
1.493499999999999872e+01 9.968644079999998908e+00 2.067349066000000221e+03 2.150421100000000024e+03
1.494000000000000128e+01 9.923465039999999959e+00 2.067725558000000092e+03 2.150421100000000024e+03
1.494500000000000028e+01 9.917539919999999398e+00 2.067774934000000030e+03 2.150421100000000024e+03
1.494999999999999929e+01 9.929019839999998709e+00 2.067679267999999865e+03 2.150421100000000024e+03
1.495500000000000185e+01 9.917539919999999398e+00 2.067774934000000030e+03 2.150421100000000024e+03
1.496000000000000085e+01 9.911985119999998872e+00 2.067821224000000257e+03 2.150421100000000024e+03
1.496499999999999986e+01 9.979753679999999960e+00 2.067256486000000223e+03 2.150421100000000024e+03
1.496999999999999886e+01 9.968644079999998908e+00 2.067349066000000221e+03 2.150421100000000024e+03
1.497500000000000142e+01 9.934574639999999235e+00 2.067632978000000094e+03 2.150421100000000024e+03
1.498000000000000043e+01 9.985678800000000521e+00 2.067207109999999830e+03 2.150421100000000024e+03
1.498499999999999943e+01 9.979753679999999960e+00 2.067256486000000223e+03 2.150421100000000024e+03
1.499000000000000199e+01 9.940499759999999796e+00 2.067583602000000155e+03 2.150421100000000024e+03
1.499500000000000099e+01 9.968644079999998908e+00 2.067349066000000221e+03 2.150421100000000024e+03
1.500000000000000000e+01 9.951609359999999072e+00 2.067491022000000157e+03 2.150421100000000024e+03
1.500499999999999901e+01 9.917539919999999398e+00 2.067774934000000030e+03 2.150421100000000024e+03
1.501000000000000156e+01 9.940499759999999796e+00 2.067583602000000155e+03 2.150421100000000024e+03
1.501500000000000057e+01 9.917539919999999398e+00 2.067774934000000030e+03 2.150421100000000024e+03
1.501999999999999957e+01 9.917539919999999398e+00 2.067774934000000030e+03 2.150421100000000024e+03
1.502499999999999858e+01 9.940499759999999796e+00 2.067583602000000155e+03 2.150421100000000024e+03
1.503000000000000114e+01 9.917539919999999398e+00 2.067774934000000030e+03 2.150421100000000024e+03
1.503500000000000014e+01 9.940499759999999796e+00 2.067583602000000155e+03 2.150421100000000024e+03
1.503999999999999915e+01 9.951609359999999072e+00 2.067491022000000157e+03 2.150421100000000024e+03
1.504500000000000171e+01 9.855696479999998871e+00 2.068290296000000126e+03 2.150421100000000024e+03
1.505000000000000071e+01 9.929019839999998709e+00 2.067679267999999865e+03 2.150421100000000024e+03
1.505499999999999972e+01 9.963089280000000159e+00 2.067395355999999992e+03 2.150421100000000024e+03
1.505999999999999872e+01 9.917539919999999398e+00 2.067774934000000030e+03 2.150421100000000024e+03
1.506500000000000128e+01 9.985678800000000521e+00 2.067207109999999830e+03 2.150421100000000024e+03
1.507000000000000028e+01 9.923465039999999959e+00 2.067725558000000092e+03 2.150421100000000024e+03
1.507499999999999929e+01 9.968644079999998908e+00 2.067349066000000221e+03 2.150421100000000024e+03
1.508000000000000185e+01 9.946054559999998546e+00 2.067537311999999929e+03 2.150421100000000024e+03
1.508500000000000085e+01 9.946054559999998546e+00 2.067537311999999929e+03 2.150421100000000024e+03
1.508999999999999986e+01 9.889395600000000286e+00 2.068009469999999965e+03 2.150421100000000024e+03
1.509499999999999886e+01 9.889395600000000286e+00 2.068009469999999965e+03 2.150421100000000024e+03
1.510000000000000142e+01 9.844216559999999561e+00 2.068385961999999836e+03 2.150421100000000024e+03
1.510500000000000043e+01 9.844216559999999561e+00 2.068385961999999836e+03 2.150421100000000024e+03
1.510999999999999943e+01 9.946054559999998546e+00 2.067537311999999929e+03 2.150421100000000024e+03
1.511500000000000199e+01 9.883840799999999760e+00 2.068055760000000191e+03 2.150421100000000024e+03
1.512000000000000099e+01 9.872360880000000449e+00 2.068151425999999901e+03 2.150421100000000024e+03
1.512500000000000000e+01 9.951609359999999072e+00 2.067491022000000157e+03 2.150421100000000024e+03
1.512999999999999901e+01 9.923465039999999959e+00 2.067725558000000092e+03 2.150421100000000024e+03
1.513500000000000156e+01 9.911985119999998872e+00 2.067821224000000257e+03 2.150421100000000024e+03
1.514000000000000057e+01 9.946054559999998546e+00 2.067537311999999929e+03 2.150421100000000024e+03
1.514499999999999957e+01 9.985678800000000521e+00 2.067207109999999830e+03 2.150421100000000024e+03
1.514999999999999858e+01 9.934574639999999235e+00 2.067632978000000094e+03 2.150421100000000024e+03
1.515500000000000114e+01 9.946054559999998546e+00 2.067537311999999929e+03 2.150421100000000024e+03
1.516000000000000014e+01 9.923465039999999959e+00 2.067725558000000092e+03 2.150421100000000024e+03
1.516499999999999915e+01 9.894950399999999036e+00 2.067963180000000193e+03 2.150421100000000024e+03
1.517000000000000171e+01 9.883840799999999760e+00 2.068055760000000191e+03 2.150421100000000024e+03
1.517500000000000071e+01 9.866806079999999923e+00 2.068197716000000128e+03 2.150421100000000024e+03
1.517999999999999972e+01 9.911985119999998872e+00 2.067821224000000257e+03 2.150421100000000024e+03
1.518499999999999872e+01 9.923465039999999959e+00 2.067725558000000092e+03 2.150421100000000024e+03
1.519000000000000128e+01 9.934574639999999235e+00 2.067632978000000094e+03 2.150421100000000024e+03
1.519500000000000028e+01 9.934574639999999235e+00 2.067632978000000094e+03 2.150421100000000024e+03
1.519999999999999929e+01 9.872360880000000449e+00 2.068151425999999901e+03 2.150421100000000024e+03
1.520500000000000185e+01 9.821627039999999198e+00 2.068574207999999999e+03 2.150421100000000024e+03
1.521000000000000085e+01 9.872360880000000449e+00 2.068151425999999901e+03 2.150421100000000024e+03
1.521499999999999986e+01 9.917539919999999398e+00 2.067774934000000030e+03 2.150421100000000024e+03
1.521999999999999886e+01 9.906430320000000123e+00 2.067867514000000028e+03 2.150421100000000024e+03
1.522500000000000142e+01 9.968644079999998908e+00 2.067349066000000221e+03 2.150421100000000024e+03
1.523000000000000043e+01 9.923465039999999959e+00 2.067725558000000092e+03 2.150421100000000024e+03
1.523499999999999943e+01 9.878285999999999234e+00 2.068102049999999963e+03 2.150421100000000024e+03
1.524000000000000199e+01 9.900875519999999597e+00 2.067913803999999800e+03 2.150421100000000024e+03
1.524500000000000099e+01 9.861251279999999397e+00 2.068244005999999899e+03 2.150421100000000024e+03
1.525000000000000000e+01 9.849771360000000087e+00 2.068339672000000064e+03 2.150421100000000024e+03
1.525499999999999901e+01 9.951609359999999072e+00 2.067491022000000157e+03 2.150421100000000024e+03
1.526000000000000156e+01 9.963089280000000159e+00 2.067395355999999992e+03 2.150421100000000024e+03
1.526500000000000057e+01 9.991233599999999271e+00 2.067160820000000058e+03 2.150421100000000024e+03
1.526999999999999957e+01 9.923465039999999959e+00 2.067725558000000092e+03 2.150421100000000024e+03
1.527499999999999858e+01 9.934574639999999235e+00 2.067632978000000094e+03 2.150421100000000024e+03
1.528000000000000114e+01 9.872360880000000449e+00 2.068151425999999901e+03 2.150421100000000024e+03
1.528500000000000014e+01 9.827181839999999724e+00 2.068527918000000227e+03 2.150421100000000024e+03
1.528999999999999915e+01 9.861251279999999397e+00 2.068244005999999899e+03 2.150421100000000024e+03
1.529500000000000171e+01 1.001937792000000016e+01 2.066926284000000123e+03 2.150421100000000024e+03
1.530000000000000071e+01 9.929019839999998709e+00 2.067679267999999865e+03 2.150421100000000024e+03
1.530499999999999972e+01 9.946054559999998546e+00 2.067537311999999929e+03 2.150421100000000024e+03
1.530999999999999872e+01 9.979753679999999960e+00 2.067256486000000223e+03 2.150421100000000024e+03
1.531500000000000128e+01 9.963089280000000159e+00 2.067395355999999992e+03 2.150421100000000024e+03
1.532000000000000028e+01 9.883840799999999760e+00 2.068055760000000191e+03 2.150421100000000024e+03
1.532499999999999929e+01 9.866806079999999923e+00 2.068197716000000128e+03 2.150421100000000024e+03
1.533000000000000185e+01 9.889395600000000286e+00 2.068009469999999965e+03 2.150421100000000024e+03
1.533500000000000085e+01 9.844216559999999561e+00 2.068385961999999836e+03 2.150421100000000024e+03
1.533999999999999986e+01 9.934574639999999235e+00 2.067632978000000094e+03 2.150421100000000024e+03
1.534499999999999886e+01 9.979753679999999960e+00 2.067256486000000223e+03 2.150421100000000024e+03
1.535000000000000142e+01 9.906430320000000123e+00 2.067867514000000028e+03 2.150421100000000024e+03
1.535500000000000043e+01 9.974198879999999434e+00 2.067302775999999994e+03 2.150421100000000024e+03
1.535999999999999943e+01 9.900875519999999597e+00 2.067913803999999800e+03 2.150421100000000024e+03
1.536500000000000199e+01 9.878285999999999234e+00 2.068102049999999963e+03 2.150421100000000024e+03
1.537000000000000099e+01 9.906430320000000123e+00 2.067867514000000028e+03 2.150421100000000024e+03
1.537500000000000000e+01 9.866806079999999923e+00 2.068197716000000128e+03 2.150421100000000024e+03
1.537999999999999901e+01 9.911985119999998872e+00 2.067821224000000257e+03 2.150421100000000024e+03
1.538500000000000156e+01 9.894950399999999036e+00 2.067963180000000193e+03 2.150421100000000024e+03
1.539000000000000057e+01 9.906430320000000123e+00 2.067867514000000028e+03 2.150421100000000024e+03
1.539499999999999957e+01 9.951609359999999072e+00 2.067491022000000157e+03 2.150421100000000024e+03
1.539999999999999858e+01 9.929019839999998709e+00 2.067679267999999865e+03 2.150421100000000024e+03
1.540500000000000114e+01 9.793482720000000086e+00 2.068808743999999933e+03 2.150421100000000024e+03
1.541000000000000014e+01 9.827181839999999724e+00 2.068527918000000227e+03 2.150421100000000024e+03
1.541499999999999915e+01 9.883840799999999760e+00 2.068055760000000191e+03 2.150421100000000024e+03
1.542000000000000171e+01 9.894950399999999036e+00 2.067963180000000193e+03 2.150421100000000024e+03
1.542500000000000071e+01 9.940499759999999796e+00 2.067583602000000155e+03 2.150421100000000024e+03
1.542999999999999972e+01 9.991233599999999271e+00 2.067160820000000058e+03 2.150421100000000024e+03
1.543499999999999872e+01 9.929019839999998709e+00 2.067679267999999865e+03 2.150421100000000024e+03
1.544000000000000128e+01 9.889395600000000286e+00 2.068009469999999965e+03 2.150421100000000024e+03
1.544500000000000028e+01 9.838661759999999035e+00 2.068432252000000062e+03 2.150421100000000024e+03
1.544999999999999929e+01 9.855696479999998871e+00 2.068290296000000126e+03 2.150421100000000024e+03
1.545500000000000185e+01 9.827181839999999724e+00 2.068527918000000227e+03 2.150421100000000024e+03
1.546000000000000085e+01 9.872360880000000449e+00 2.068151425999999901e+03 2.150421100000000024e+03
1.546499999999999986e+01 9.934574639999999235e+00 2.067632978000000094e+03 2.150421100000000024e+03
1.546999999999999886e+01 9.911985119999998872e+00 2.067821224000000257e+03 2.150421100000000024e+03
1.547500000000000142e+01 9.861251279999999397e+00 2.068244005999999899e+03 2.150421100000000024e+03
1.548000000000000043e+01 9.849771360000000087e+00 2.068339672000000064e+03 2.150421100000000024e+03
1.548499999999999943e+01 9.770893199999999723e+00 2.068996990000000096e+03 2.150421100000000024e+03
1.549000000000000199e+01 9.759413280000000412e+00 2.069092655999999806e+03 2.150421100000000024e+03
1.549500000000000099e+01 9.878285999999999234e+00 2.068102049999999963e+03 2.150421100000000024e+03
1.550000000000000000e+01 9.855696479999998871e+00 2.068290296000000126e+03 2.150421100000000024e+03
1.550499999999999901e+01 9.894950399999999036e+00 2.067963180000000193e+03 2.150421100000000024e+03
1.551000000000000156e+01 9.963089280000000159e+00 2.067395355999999992e+03 2.150421100000000024e+03
1.551500000000000057e+01 9.979753679999999960e+00 2.067256486000000223e+03 2.150421100000000024e+03
1.551999999999999957e+01 9.861251279999999397e+00 2.068244005999999899e+03 2.150421100000000024e+03
1.552499999999999858e+01 9.827181839999999724e+00 2.068527918000000227e+03 2.150421100000000024e+03
1.553000000000000114e+01 9.855696479999998871e+00 2.068290296000000126e+03 2.150421100000000024e+03
1.553500000000000014e+01 9.861251279999999397e+00 2.068244005999999899e+03 2.150421100000000024e+03
1.553999999999999915e+01 9.900875519999999597e+00 2.067913803999999800e+03 2.150421100000000024e+03
1.554500000000000171e+01 9.929019839999998709e+00 2.067679267999999865e+03 2.150421100000000024e+03
1.555000000000000071e+01 9.855696479999998871e+00 2.068290296000000126e+03 2.150421100000000024e+03
1.555499999999999972e+01 9.889395600000000286e+00 2.068009469999999965e+03 2.150421100000000024e+03
1.555999999999999872e+01 9.878285999999999234e+00 2.068102049999999963e+03 2.150421100000000024e+03
1.556500000000000128e+01 9.821627039999999198e+00 2.068574207999999999e+03 2.150421100000000024e+03
1.557000000000000028e+01 9.827181839999999724e+00 2.068527918000000227e+03 2.150421100000000024e+03
1.557499999999999929e+01 9.844216559999999561e+00 2.068385961999999836e+03 2.150421100000000024e+03
1.558000000000000185e+01 9.906430320000000123e+00 2.067867514000000028e+03 2.150421100000000024e+03
1.558500000000000085e+01 9.900875519999999597e+00 2.067913803999999800e+03 2.150421100000000024e+03
1.558999999999999986e+01 9.923465039999999959e+00 2.067725558000000092e+03 2.150421100000000024e+03
1.559499999999999886e+01 9.979753679999999960e+00 2.067256486000000223e+03 2.150421100000000024e+03
1.560000000000000142e+01 9.911985119999998872e+00 2.067821224000000257e+03 2.150421100000000024e+03
1.560500000000000043e+01 9.906430320000000123e+00 2.067867514000000028e+03 2.150421100000000024e+03
1.560999999999999943e+01 9.844216559999999561e+00 2.068385961999999836e+03 2.150421100000000024e+03
1.561500000000000199e+01 9.934574639999999235e+00 2.067632978000000094e+03 2.150421100000000024e+03
1.562000000000000099e+01 9.900875519999999597e+00 2.067913803999999800e+03 2.150421100000000024e+03
1.562500000000000000e+01 9.889395600000000286e+00 2.068009469999999965e+03 2.150421100000000024e+03
1.562999999999999901e+01 9.849771360000000087e+00 2.068339672000000064e+03 2.150421100000000024e+03
1.563500000000000156e+01 9.866806079999999923e+00 2.068197716000000128e+03 2.150421100000000024e+03
1.564000000000000057e+01 9.833106959999998509e+00 2.068478541999999834e+03 2.150421100000000024e+03
1.564499999999999957e+01 9.889395600000000286e+00 2.068009469999999965e+03 2.150421100000000024e+03
1.564999999999999858e+01 9.833106959999998509e+00 2.068478541999999834e+03 2.150421100000000024e+03
1.565500000000000114e+01 9.917539919999999398e+00 2.067774934000000030e+03 2.150421100000000024e+03
1.566000000000000014e+01 9.894950399999999036e+00 2.067963180000000193e+03 2.150421100000000024e+03
1.566499999999999915e+01 9.849771360000000087e+00 2.068339672000000064e+03 2.150421100000000024e+03
1.567000000000000171e+01 9.900875519999999597e+00 2.067913803999999800e+03 2.150421100000000024e+03
1.567500000000000071e+01 9.866806079999999923e+00 2.068197716000000128e+03 2.150421100000000024e+03
1.567999999999999972e+01 9.894950399999999036e+00 2.067963180000000193e+03 2.150421100000000024e+03
1.568499999999999872e+01 9.844216559999999561e+00 2.068385961999999836e+03 2.150421100000000024e+03
1.569000000000000128e+01 9.810517439999998146e+00 2.068666787999999997e+03 2.150421100000000024e+03
1.569500000000000028e+01 9.911985119999998872e+00 2.067821224000000257e+03 2.150421100000000024e+03
1.569999999999999929e+01 9.878285999999999234e+00 2.068102049999999963e+03 2.150421100000000024e+03
1.570500000000000185e+01 9.906430320000000123e+00 2.067867514000000028e+03 2.150421100000000024e+03
1.571000000000000085e+01 9.917539919999999398e+00 2.067774934000000030e+03 2.150421100000000024e+03
1.571499999999999986e+01 9.878285999999999234e+00 2.068102049999999963e+03 2.150421100000000024e+03
1.571999999999999886e+01 9.804592319999999361e+00 2.068716163999999935e+03 2.150421100000000024e+03
1.572500000000000142e+01 9.866806079999999923e+00 2.068197716000000128e+03 2.150421100000000024e+03
1.573000000000000043e+01 9.866806079999999923e+00 2.068197716000000128e+03 2.150421100000000024e+03
1.573499999999999943e+01 9.833106959999998509e+00 2.068478541999999834e+03 2.150421100000000024e+03
1.574000000000000199e+01 9.894950399999999036e+00 2.067963180000000193e+03 2.150421100000000024e+03
1.574500000000000099e+01 9.833106959999998509e+00 2.068478541999999834e+03 2.150421100000000024e+03
1.575000000000000000e+01 9.866806079999999923e+00 2.068197716000000128e+03 2.150421100000000024e+03
1.575499999999999901e+01 9.861251279999999397e+00 2.068244005999999899e+03 2.150421100000000024e+03
1.576000000000000156e+01 9.889395600000000286e+00 2.068009469999999965e+03 2.150421100000000024e+03
1.576500000000000057e+01 9.855696479999998871e+00 2.068290296000000126e+03 2.150421100000000024e+03
1.576999999999999957e+01 9.866806079999999923e+00 2.068197716000000128e+03 2.150421100000000024e+03
1.577499999999999858e+01 9.844216559999999561e+00 2.068385961999999836e+03 2.150421100000000024e+03
1.578000000000000114e+01 9.855696479999998871e+00 2.068290296000000126e+03 2.150421100000000024e+03
1.578500000000000014e+01 9.878285999999999234e+00 2.068102049999999963e+03 2.150421100000000024e+03
1.578999999999999915e+01 9.923465039999999959e+00 2.067725558000000092e+03 2.150421100000000024e+03
1.579500000000000171e+01 9.946054559999998546e+00 2.067537311999999929e+03 2.150421100000000024e+03
1.580000000000000071e+01 9.906430320000000123e+00 2.067867514000000028e+03 2.150421100000000024e+03
1.580499999999999972e+01 9.787557599999999525e+00 2.068858119999999872e+03 2.150421100000000024e+03
1.580999999999999872e+01 9.770893199999999723e+00 2.068996990000000096e+03 2.150421100000000024e+03
1.581500000000000128e+01 9.810517439999998146e+00 2.068666787999999997e+03 2.150421100000000024e+03
1.582000000000000028e+01 9.827181839999999724e+00 2.068527918000000227e+03 2.150421100000000024e+03
1.582499999999999929e+01 9.855696479999998871e+00 2.068290296000000126e+03 2.150421100000000024e+03
1.583000000000000185e+01 9.911985119999998872e+00 2.067821224000000257e+03 2.150421100000000024e+03
1.583500000000000085e+01 9.799037519999998835e+00 2.068762454000000162e+03 2.150421100000000024e+03
1.583999999999999986e+01 9.838661759999999035e+00 2.068432252000000062e+03 2.150421100000000024e+03
1.584499999999999886e+01 9.872360880000000449e+00 2.068151425999999901e+03 2.150421100000000024e+03
1.585000000000000142e+01 9.883840799999999760e+00 2.068055760000000191e+03 2.150421100000000024e+03
1.585500000000000043e+01 9.838661759999999035e+00 2.068432252000000062e+03 2.150421100000000024e+03
1.585999999999999943e+01 9.804592319999999361e+00 2.068716163999999935e+03 2.150421100000000024e+03
1.586500000000000199e+01 9.866806079999999923e+00 2.068197716000000128e+03 2.150421100000000024e+03
1.587000000000000099e+01 9.861251279999999397e+00 2.068244005999999899e+03 2.150421100000000024e+03
1.587500000000000000e+01 9.911985119999998872e+00 2.067821224000000257e+03 2.150421100000000024e+03
1.587999999999999901e+01 9.900875519999999597e+00 2.067913803999999800e+03 2.150421100000000024e+03
1.588500000000000156e+01 9.883840799999999760e+00 2.068055760000000191e+03 2.150421100000000024e+03
1.589000000000000057e+01 9.866806079999999923e+00 2.068197716000000128e+03 2.150421100000000024e+03
1.589499999999999957e+01 9.872360880000000449e+00 2.068151425999999901e+03 2.150421100000000024e+03
1.589999999999999858e+01 9.816072239999998672e+00 2.068620498000000225e+03 2.150421100000000024e+03
1.590500000000000114e+01 9.810517439999998146e+00 2.068666787999999997e+03 2.150421100000000024e+03
1.591000000000000014e+01 9.821627039999999198e+00 2.068574207999999999e+03 2.150421100000000024e+03
1.591499999999999915e+01 9.804592319999999361e+00 2.068716163999999935e+03 2.150421100000000024e+03
1.592000000000000171e+01 9.849771360000000087e+00 2.068339672000000064e+03 2.150421100000000024e+03
1.592500000000000071e+01 9.906430320000000123e+00 2.067867514000000028e+03 2.150421100000000024e+03
1.592999999999999972e+01 9.917539919999999398e+00 2.067774934000000030e+03 2.150421100000000024e+03
1.593499999999999872e+01 9.889395600000000286e+00 2.068009469999999965e+03 2.150421100000000024e+03
1.594000000000000128e+01 9.849771360000000087e+00 2.068339672000000064e+03 2.150421100000000024e+03
1.594500000000000028e+01 9.827181839999999724e+00 2.068527918000000227e+03 2.150421100000000024e+03
1.594999999999999929e+01 9.833106959999998509e+00 2.068478541999999834e+03 2.150421100000000024e+03
1.595500000000000185e+01 9.810517439999998146e+00 2.068666787999999997e+03 2.150421100000000024e+03
1.596000000000000085e+01 9.861251279999999397e+00 2.068244005999999899e+03 2.150421100000000024e+03
1.596499999999999986e+01 9.911985119999998872e+00 2.067821224000000257e+03 2.150421100000000024e+03
1.596999999999999886e+01 9.979753679999999960e+00 2.067256486000000223e+03 2.150421100000000024e+03
1.597500000000000142e+01 9.894950399999999036e+00 2.067963180000000193e+03 2.150421100000000024e+03
1.598000000000000043e+01 9.889395600000000286e+00 2.068009469999999965e+03 2.150421100000000024e+03
1.598499999999999943e+01 9.849771360000000087e+00 2.068339672000000064e+03 2.150421100000000024e+03
1.599000000000000199e+01 9.816072239999998672e+00 2.068620498000000225e+03 2.150421100000000024e+03
1.599500000000000099e+01 9.900875519999999597e+00 2.067913803999999800e+03 2.150421100000000024e+03
1.600000000000000000e+01 9.911985119999998872e+00 2.067821224000000257e+03 2.150421100000000024e+03
1.600499999999999901e+01 9.929019839999998709e+00 2.067679267999999865e+03 2.150421100000000024e+03
1.601000000000000156e+01 9.889395600000000286e+00 2.068009469999999965e+03 2.150421100000000024e+03
1.601500000000000057e+01 9.900875519999999597e+00 2.067913803999999800e+03 2.150421100000000024e+03
1.601999999999999957e+01 9.816072239999998672e+00 2.068620498000000225e+03 2.150421100000000024e+03
1.602499999999999858e+01 9.827181839999999724e+00 2.068527918000000227e+03 2.150421100000000024e+03
1.603000000000000114e+01 9.900875519999999597e+00 2.067913803999999800e+03 2.150421100000000024e+03
1.603500000000000014e+01 9.844216559999999561e+00 2.068385961999999836e+03 2.150421100000000024e+03
1.603999999999999915e+01 9.900875519999999597e+00 2.067913803999999800e+03 2.150421100000000024e+03
1.604500000000000171e+01 9.866806079999999923e+00 2.068197716000000128e+03 2.150421100000000024e+03
1.605000000000000071e+01 9.911985119999998872e+00 2.067821224000000257e+03 2.150421100000000024e+03
1.605499999999999972e+01 9.855696479999998871e+00 2.068290296000000126e+03 2.150421100000000024e+03
1.605999999999999872e+01 9.883840799999999760e+00 2.068055760000000191e+03 2.150421100000000024e+03
1.606500000000000128e+01 9.883840799999999760e+00 2.068055760000000191e+03 2.150421100000000024e+03
1.607000000000000028e+01 9.810517439999998146e+00 2.068666787999999997e+03 2.150421100000000024e+03
1.607499999999999929e+01 9.833106959999998509e+00 2.068478541999999834e+03 2.150421100000000024e+03
1.608000000000000185e+01 9.833106959999998509e+00 2.068478541999999834e+03 2.150421100000000024e+03
1.608500000000000085e+01 9.906430320000000123e+00 2.067867514000000028e+03 2.150421100000000024e+03
1.608999999999999986e+01 9.878285999999999234e+00 2.068102049999999963e+03 2.150421100000000024e+03
1.609499999999999886e+01 9.866806079999999923e+00 2.068197716000000128e+03 2.150421100000000024e+03
1.610000000000000142e+01 9.900875519999999597e+00 2.067913803999999800e+03 2.150421100000000024e+03
1.610500000000000043e+01 9.838661759999999035e+00 2.068432252000000062e+03 2.150421100000000024e+03
1.610999999999999943e+01 9.833106959999998509e+00 2.068478541999999834e+03 2.150421100000000024e+03
1.611500000000000199e+01 9.861251279999999397e+00 2.068244005999999899e+03 2.150421100000000024e+03
1.612000000000000099e+01 9.855696479999998871e+00 2.068290296000000126e+03 2.150421100000000024e+03
1.612500000000000000e+01 9.849771360000000087e+00 2.068339672000000064e+03 2.150421100000000024e+03
1.612999999999999901e+01 9.906430320000000123e+00 2.067867514000000028e+03 2.150421100000000024e+03
1.613500000000000156e+01 9.894950399999999036e+00 2.067963180000000193e+03 2.150421100000000024e+03
1.614000000000000057e+01 9.883840799999999760e+00 2.068055760000000191e+03 2.150421100000000024e+03
1.614499999999999957e+01 9.833106959999998509e+00 2.068478541999999834e+03 2.150421100000000024e+03
1.614999999999999858e+01 9.911985119999998872e+00 2.067821224000000257e+03 2.150421100000000024e+03
1.615500000000000114e+01 9.872360880000000449e+00 2.068151425999999901e+03 2.150421100000000024e+03
1.616000000000000014e+01 9.894950399999999036e+00 2.067963180000000193e+03 2.150421100000000024e+03
1.616499999999999915e+01 9.855696479999998871e+00 2.068290296000000126e+03 2.150421100000000024e+03
1.617000000000000171e+01 9.855696479999998871e+00 2.068290296000000126e+03 2.150421100000000024e+03
1.617500000000000071e+01 9.883840799999999760e+00 2.068055760000000191e+03 2.150421100000000024e+03
1.617999999999999972e+01 9.906430320000000123e+00 2.067867514000000028e+03 2.150421100000000024e+03
1.618499999999999872e+01 9.900875519999999597e+00 2.067913803999999800e+03 2.150421100000000024e+03
1.619000000000000128e+01 9.946054559999998546e+00 2.067537311999999929e+03 2.150421100000000024e+03
1.619500000000000028e+01 9.900875519999999597e+00 2.067913803999999800e+03 2.150421100000000024e+03
1.619999999999999929e+01 9.900875519999999597e+00 2.067913803999999800e+03 2.150421100000000024e+03
1.620500000000000185e+01 9.917539919999999398e+00 2.067774934000000030e+03 2.150421100000000024e+03
1.621000000000000085e+01 9.872360880000000449e+00 2.068151425999999901e+03 2.150421100000000024e+03
1.621499999999999986e+01 9.827181839999999724e+00 2.068527918000000227e+03 2.150421100000000024e+03
1.621999999999999886e+01 9.810517439999998146e+00 2.068666787999999997e+03 2.150421100000000024e+03
1.622500000000000142e+01 9.833106959999998509e+00 2.068478541999999834e+03 2.150421100000000024e+03
1.623000000000000043e+01 9.861251279999999397e+00 2.068244005999999899e+03 2.150421100000000024e+03
1.623499999999999943e+01 9.855696479999998871e+00 2.068290296000000126e+03 2.150421100000000024e+03
1.624000000000000199e+01 9.816072239999998672e+00 2.068620498000000225e+03 2.150421100000000024e+03
1.624500000000000099e+01 9.838661759999999035e+00 2.068432252000000062e+03 2.150421100000000024e+03
1.625000000000000000e+01 9.917539919999999398e+00 2.067774934000000030e+03 2.150421100000000024e+03
1.625499999999999901e+01 9.855696479999998871e+00 2.068290296000000126e+03 2.150421100000000024e+03
1.626000000000000156e+01 9.827181839999999724e+00 2.068527918000000227e+03 2.150421100000000024e+03
1.626500000000000057e+01 9.833106959999998509e+00 2.068478541999999834e+03 2.150421100000000024e+03
1.626999999999999957e+01 9.804592319999999361e+00 2.068716163999999935e+03 2.150421100000000024e+03
1.627499999999999858e+01 9.894950399999999036e+00 2.067963180000000193e+03 2.150421100000000024e+03
1.628000000000000114e+01 9.849771360000000087e+00 2.068339672000000064e+03 2.150421100000000024e+03
1.628500000000000014e+01 9.894950399999999036e+00 2.067963180000000193e+03 2.150421100000000024e+03
1.628999999999999915e+01 9.827181839999999724e+00 2.068527918000000227e+03 2.150421100000000024e+03
1.629500000000000171e+01 9.929019839999998709e+00 2.067679267999999865e+03 2.150421100000000024e+03
1.630000000000000071e+01 9.917539919999999398e+00 2.067774934000000030e+03 2.150421100000000024e+03
1.630499999999999972e+01 9.872360880000000449e+00 2.068151425999999901e+03 2.150421100000000024e+03
1.630999999999999872e+01 9.883840799999999760e+00 2.068055760000000191e+03 2.150421100000000024e+03
1.631500000000000128e+01 9.855696479999998871e+00 2.068290296000000126e+03 2.150421100000000024e+03
1.632000000000000028e+01 9.844216559999999561e+00 2.068385961999999836e+03 2.150421100000000024e+03
1.632499999999999929e+01 9.821627039999999198e+00 2.068574207999999999e+03 2.150421100000000024e+03
1.633000000000000185e+01 9.861251279999999397e+00 2.068244005999999899e+03 2.150421100000000024e+03
1.633500000000000085e+01 9.833106959999998509e+00 2.068478541999999834e+03 2.150421100000000024e+03
1.633999999999999986e+01 9.929019839999998709e+00 2.067679267999999865e+03 2.150421100000000024e+03
1.634499999999999886e+01 9.770893199999999723e+00 2.068996990000000096e+03 2.150421100000000024e+03
1.635000000000000142e+01 9.827181839999999724e+00 2.068527918000000227e+03 2.150421100000000024e+03
1.635500000000000043e+01 9.827181839999999724e+00 2.068527918000000227e+03 2.150421100000000024e+03
1.635999999999999943e+01 9.799037519999998835e+00 2.068762454000000162e+03 2.150421100000000024e+03
1.636500000000000199e+01 9.816072239999998672e+00 2.068620498000000225e+03 2.150421100000000024e+03
1.637000000000000099e+01 9.804592319999999361e+00 2.068716163999999935e+03 2.150421100000000024e+03
1.637500000000000000e+01 9.844216559999999561e+00 2.068385961999999836e+03 2.150421100000000024e+03
1.637999999999999901e+01 9.821627039999999198e+00 2.068574207999999999e+03 2.150421100000000024e+03
1.638500000000000156e+01 9.810517439999998146e+00 2.068666787999999997e+03 2.150421100000000024e+03
1.639000000000000057e+01 9.770893199999999723e+00 2.068996990000000096e+03 2.150421100000000024e+03
1.639499999999999957e+01 9.736823760000000050e+00 2.069280901999999969e+03 2.150421100000000024e+03
1.639999999999999858e+01 9.736823760000000050e+00 2.069280901999999969e+03 2.150421100000000024e+03
1.640500000000000114e+01 9.770893199999999723e+00 2.068996990000000096e+03 2.150421100000000024e+03
1.641000000000000014e+01 9.770893199999999723e+00 2.068996990000000096e+03 2.150421100000000024e+03
1.641499999999999915e+01 9.844216559999999561e+00 2.068385961999999836e+03 2.150421100000000024e+03
1.642000000000000171e+01 9.833106959999998509e+00 2.068478541999999834e+03 2.150421100000000024e+03
1.642500000000000071e+01 9.793482720000000086e+00 2.068808743999999933e+03 2.150421100000000024e+03
1.642999999999999972e+01 9.770893199999999723e+00 2.068996990000000096e+03 2.150421100000000024e+03
1.643499999999999872e+01 9.776448000000000249e+00 2.068950699999999870e+03 2.150421100000000024e+03
1.644000000000000128e+01 9.793482720000000086e+00 2.068808743999999933e+03 2.150421100000000024e+03
1.644500000000000028e+01 9.793482720000000086e+00 2.068808743999999933e+03 2.150421100000000024e+03
1.644999999999999929e+01 9.821627039999999198e+00 2.068574207999999999e+03 2.150421100000000024e+03
1.645500000000000185e+01 9.883840799999999760e+00 2.068055760000000191e+03 2.150421100000000024e+03
1.646000000000000085e+01 9.923465039999999959e+00 2.067725558000000092e+03 2.150421100000000024e+03
1.646499999999999986e+01 9.849771360000000087e+00 2.068339672000000064e+03 2.150421100000000024e+03
1.646999999999999886e+01 9.833106959999998509e+00 2.068478541999999834e+03 2.150421100000000024e+03
1.647500000000000142e+01 9.708679439999999161e+00 2.069515437999999904e+03 2.150421100000000024e+03
1.648000000000000043e+01 9.731268959999999524e+00 2.069327192000000196e+03 2.150421100000000024e+03
1.648499999999999943e+01 9.787557599999999525e+00 2.068858119999999872e+03 2.150421100000000024e+03
1.649000000000000199e+01 9.861251279999999397e+00 2.068244005999999899e+03 2.150421100000000024e+03
1.649500000000000099e+01 9.827181839999999724e+00 2.068527918000000227e+03 2.150421100000000024e+03
1.650000000000000000e+01 9.816072239999998672e+00 2.068620498000000225e+03 2.150421100000000024e+03
1.650499999999999901e+01 9.883840799999999760e+00 2.068055760000000191e+03 2.150421100000000024e+03
1.651000000000000156e+01 9.804592319999999361e+00 2.068716163999999935e+03 2.150421100000000024e+03
1.651500000000000057e+01 9.736823760000000050e+00 2.069280901999999969e+03 2.150421100000000024e+03
1.651999999999999957e+01 9.708679439999999161e+00 2.069515437999999904e+03 2.150421100000000024e+03
1.652499999999999858e+01 9.821627039999999198e+00 2.068574207999999999e+03 2.150421100000000024e+03
1.653000000000000114e+01 9.776448000000000249e+00 2.068950699999999870e+03 2.150421100000000024e+03
1.653500000000000014e+01 9.878285999999999234e+00 2.068102049999999963e+03 2.150421100000000024e+03
1.653999999999999915e+01 9.878285999999999234e+00 2.068102049999999963e+03 2.150421100000000024e+03
1.654500000000000171e+01 9.827181839999999724e+00 2.068527918000000227e+03 2.150421100000000024e+03
1.655000000000000071e+01 9.787557599999999525e+00 2.068858119999999872e+03 2.150421100000000024e+03
1.655499999999999972e+01 9.816072239999998672e+00 2.068620498000000225e+03 2.150421100000000024e+03
1.655999999999999872e+01 9.731268959999999524e+00 2.069327192000000196e+03 2.150421100000000024e+03
1.656500000000000128e+01 9.770893199999999723e+00 2.068996990000000096e+03 2.150421100000000024e+03
1.657000000000000028e+01 9.799037519999998835e+00 2.068762454000000162e+03 2.150421100000000024e+03
1.657499999999999929e+01 9.816072239999998672e+00 2.068620498000000225e+03 2.150421100000000024e+03
1.658000000000000185e+01 9.833106959999998509e+00 2.068478541999999834e+03 2.150421100000000024e+03
1.658500000000000085e+01 9.799037519999998835e+00 2.068762454000000162e+03 2.150421100000000024e+03
1.658999999999999986e+01 9.804592319999999361e+00 2.068716163999999935e+03 2.150421100000000024e+03
1.659499999999999886e+01 9.753858479999999886e+00 2.069138946000000033e+03 2.150421100000000024e+03
1.660000000000000142e+01 9.770893199999999723e+00 2.068996990000000096e+03 2.150421100000000024e+03
1.660500000000000043e+01 9.833106959999998509e+00 2.068478541999999834e+03 2.150421100000000024e+03
1.660999999999999943e+01 9.821627039999999198e+00 2.068574207999999999e+03 2.150421100000000024e+03
1.661500000000000199e+01 9.827181839999999724e+00 2.068527918000000227e+03 2.150421100000000024e+03
1.662000000000000099e+01 9.759413280000000412e+00 2.069092655999999806e+03 2.150421100000000024e+03
1.662500000000000000e+01 9.787557599999999525e+00 2.068858119999999872e+03 2.150421100000000024e+03
1.662999999999999901e+01 9.787557599999999525e+00 2.068858119999999872e+03 2.150421100000000024e+03
1.663500000000000156e+01 9.753858479999999886e+00 2.069138946000000033e+03 2.150421100000000024e+03
1.664000000000000057e+01 9.793482720000000086e+00 2.068808743999999933e+03 2.150421100000000024e+03
1.664499999999999957e+01 9.748303679999999360e+00 2.069185236000000259e+03 2.150421100000000024e+03
1.664999999999999858e+01 9.770893199999999723e+00 2.068996990000000096e+03 2.150421100000000024e+03
1.665500000000000114e+01 9.799037519999998835e+00 2.068762454000000162e+03 2.150421100000000024e+03
1.666000000000000014e+01 9.736823760000000050e+00 2.069280901999999969e+03 2.150421100000000024e+03
1.666499999999999915e+01 9.731268959999999524e+00 2.069327192000000196e+03 2.150421100000000024e+03
1.667000000000000171e+01 9.742378560000000576e+00 2.069234612000000197e+03 2.150421100000000024e+03
1.667500000000000071e+01 9.753858479999999886e+00 2.069138946000000033e+03 2.150421100000000024e+03
1.667999999999999972e+01 9.776448000000000249e+00 2.068950699999999870e+03 2.150421100000000024e+03
1.668499999999999872e+01 9.776448000000000249e+00 2.068950699999999870e+03 2.150421100000000024e+03
1.669000000000000128e+01 9.787557599999999525e+00 2.068858119999999872e+03 2.150421100000000024e+03
1.669500000000000028e+01 9.748303679999999360e+00 2.069185236000000259e+03 2.150421100000000024e+03
1.669999999999999929e+01 9.759413280000000412e+00 2.069092655999999806e+03 2.150421100000000024e+03
1.670500000000000185e+01 9.657945599999999686e+00 2.069938220000000001e+03 2.150421100000000024e+03
1.671000000000000085e+01 9.764968080000000938e+00 2.069046366000000035e+03 2.150421100000000024e+03
1.671499999999999986e+01 9.691644719999999325e+00 2.069657393999999840e+03 2.150421100000000024e+03
1.671999999999999886e+01 9.776448000000000249e+00 2.068950699999999870e+03 2.150421100000000024e+03
1.672500000000000142e+01 9.821627039999999198e+00 2.068574207999999999e+03 2.150421100000000024e+03
1.673000000000000043e+01 9.849771360000000087e+00 2.068339672000000064e+03 2.150421100000000024e+03
1.673499999999999943e+01 9.816072239999998672e+00 2.068620498000000225e+03 2.150421100000000024e+03
1.674000000000000199e+01 9.861251279999999397e+00 2.068244005999999899e+03 2.150421100000000024e+03
1.674500000000000099e+01 9.776448000000000249e+00 2.068950699999999870e+03 2.150421100000000024e+03
1.675000000000000000e+01 9.742378560000000576e+00 2.069234612000000197e+03 2.150421100000000024e+03
1.675499999999999901e+01 9.731268959999999524e+00 2.069327192000000196e+03 2.150421100000000024e+03
1.676000000000000156e+01 9.827181839999999724e+00 2.068527918000000227e+03 2.150421100000000024e+03
1.676500000000000057e+01 9.883840799999999760e+00 2.068055760000000191e+03 2.150421100000000024e+03
1.676999999999999957e+01 9.917539919999999398e+00 2.067774934000000030e+03 2.150421100000000024e+03
1.677499999999999858e+01 9.878285999999999234e+00 2.068102049999999963e+03 2.150421100000000024e+03
1.678000000000000114e+01 9.799037519999998835e+00 2.068762454000000162e+03 2.150421100000000024e+03
1.678500000000000014e+01 9.703124639999998635e+00 2.069561728000000130e+03 2.150421100000000024e+03
1.678999999999999915e+01 9.674609999999999488e+00 2.069799350000000231e+03 2.150421100000000024e+03
1.679500000000000171e+01 9.764968080000000938e+00 2.069046366000000035e+03 2.150421100000000024e+03
1.680000000000000071e+01 9.821627039999999198e+00 2.068574207999999999e+03 2.150421100000000024e+03
1.680499999999999972e+01 9.940499759999999796e+00 2.067583602000000155e+03 2.150421100000000024e+03
1.680999999999999872e+01 9.923465039999999959e+00 2.067725558000000092e+03 2.150421100000000024e+03
1.681500000000000128e+01 9.844216559999999561e+00 2.068385961999999836e+03 2.150421100000000024e+03
1.682000000000000028e+01 9.782002799999998999e+00 2.068904410000000098e+03 2.150421100000000024e+03
1.682499999999999929e+01 9.731268959999999524e+00 2.069327192000000196e+03 2.150421100000000024e+03
1.683000000000000185e+01 9.663500400000000212e+00 2.069891930000000229e+03 2.150421100000000024e+03
1.683500000000000085e+01 9.686089919999998799e+00 2.069703684000000067e+03 2.150421100000000024e+03
1.683999999999999986e+01 9.810517439999998146e+00 2.068666787999999997e+03 2.150421100000000024e+03
1.684499999999999886e+01 9.894950399999999036e+00 2.067963180000000193e+03 2.150421100000000024e+03
1.685000000000000142e+01 9.894950399999999036e+00 2.067963180000000193e+03 2.150421100000000024e+03
1.685500000000000043e+01 9.855696479999998871e+00 2.068290296000000126e+03 2.150421100000000024e+03
1.685999999999999943e+01 9.821627039999999198e+00 2.068574207999999999e+03 2.150421100000000024e+03
1.686500000000000199e+01 9.759413280000000412e+00 2.069092655999999806e+03 2.150421100000000024e+03
1.687000000000000099e+01 9.719789040000000213e+00 2.069422857999999906e+03 2.150421100000000024e+03
1.687500000000000000e+01 9.748303679999999360e+00 2.069185236000000259e+03 2.150421100000000024e+03
1.687999999999999901e+01 9.861251279999999397e+00 2.068244005999999899e+03 2.150421100000000024e+03
1.688500000000000156e+01 9.827181839999999724e+00 2.068527918000000227e+03 2.150421100000000024e+03
1.689000000000000057e+01 9.827181839999999724e+00 2.068527918000000227e+03 2.150421100000000024e+03
1.689499999999999957e+01 9.799037519999998835e+00 2.068762454000000162e+03 2.150421100000000024e+03
1.689999999999999858e+01 9.787557599999999525e+00 2.068858119999999872e+03 2.150421100000000024e+03
1.690500000000000114e+01 9.753858479999999886e+00 2.069138946000000033e+03 2.150421100000000024e+03
1.691000000000000014e+01 9.680535120000000049e+00 2.069749973999999838e+03 2.150421100000000024e+03
1.691499999999999915e+01 9.697199519999999850e+00 2.069611104000000068e+03 2.150421100000000024e+03
1.692000000000000171e+01 9.719789040000000213e+00 2.069422857999999906e+03 2.150421100000000024e+03
1.692500000000000071e+01 9.770893199999999723e+00 2.068996990000000096e+03 2.150421100000000024e+03
1.692999999999999972e+01 9.866806079999999923e+00 2.068197716000000128e+03 2.150421100000000024e+03
1.693499999999999872e+01 9.799037519999998835e+00 2.068762454000000162e+03 2.150421100000000024e+03
1.694000000000000128e+01 9.844216559999999561e+00 2.068385961999999836e+03 2.150421100000000024e+03
1.694500000000000028e+01 9.770893199999999723e+00 2.068996990000000096e+03 2.150421100000000024e+03
1.694999999999999929e+01 9.759413280000000412e+00 2.069092655999999806e+03 2.150421100000000024e+03
1.695500000000000185e+01 9.787557599999999525e+00 2.068858119999999872e+03 2.150421100000000024e+03
1.696000000000000085e+01 9.776448000000000249e+00 2.068950699999999870e+03 2.150421100000000024e+03
1.696499999999999986e+01 9.764968080000000938e+00 2.069046366000000035e+03 2.150421100000000024e+03
1.696999999999999886e+01 9.787557599999999525e+00 2.068858119999999872e+03 2.150421100000000024e+03
1.697500000000000142e+01 9.838661759999999035e+00 2.068432252000000062e+03 2.150421100000000024e+03
1.698000000000000043e+01 9.787557599999999525e+00 2.068858119999999872e+03 2.150421100000000024e+03
1.698499999999999943e+01 9.810517439999998146e+00 2.068666787999999997e+03 2.150421100000000024e+03
1.699000000000000199e+01 9.759413280000000412e+00 2.069092655999999806e+03 2.150421100000000024e+03
1.699500000000000099e+01 9.787557599999999525e+00 2.068858119999999872e+03 2.150421100000000024e+03
1.700000000000000000e+01 9.810517439999998146e+00 2.068666787999999997e+03 2.150421100000000024e+03
1.700499999999999901e+01 9.770893199999999723e+00 2.068996990000000096e+03 2.150421100000000024e+03
1.701000000000000156e+01 9.804592319999999361e+00 2.068716163999999935e+03 2.150421100000000024e+03
1.701500000000000057e+01 9.764968080000000938e+00 2.069046366000000035e+03 2.150421100000000024e+03
1.701999999999999957e+01 9.742378560000000576e+00 2.069234612000000197e+03 2.150421100000000024e+03
1.702499999999999858e+01 9.731268959999999524e+00 2.069327192000000196e+03 2.150421100000000024e+03
1.703000000000000114e+01 9.691644719999999325e+00 2.069657393999999840e+03 2.150421100000000024e+03
1.703500000000000014e+01 9.731268959999999524e+00 2.069327192000000196e+03 2.150421100000000024e+03
1.703999999999999915e+01 9.742378560000000576e+00 2.069234612000000197e+03 2.150421100000000024e+03
1.704500000000000171e+01 9.821627039999999198e+00 2.068574207999999999e+03 2.150421100000000024e+03
1.705000000000000071e+01 9.759413280000000412e+00 2.069092655999999806e+03 2.150421100000000024e+03
1.705499999999999972e+01 9.804592319999999361e+00 2.068716163999999935e+03 2.150421100000000024e+03
1.705999999999999872e+01 9.731268959999999524e+00 2.069327192000000196e+03 2.150421100000000024e+03
1.706500000000000128e+01 9.782002799999998999e+00 2.068904410000000098e+03 2.150421100000000024e+03
1.707000000000000028e+01 9.764968080000000938e+00 2.069046366000000035e+03 2.150421100000000024e+03
1.707499999999999929e+01 9.697199519999999850e+00 2.069611104000000068e+03 2.150421100000000024e+03
1.708000000000000185e+01 9.725714159999998998e+00 2.069373481999999967e+03 2.150421100000000024e+03
1.708500000000000085e+01 9.714234239999999687e+00 2.069469148000000132e+03 2.150421100000000024e+03
1.708999999999999986e+01 9.782002799999998999e+00 2.068904410000000098e+03 2.150421100000000024e+03
1.709499999999999886e+01 9.742378560000000576e+00 2.069234612000000197e+03 2.150421100000000024e+03
1.710000000000000142e+01 9.770893199999999723e+00 2.068996990000000096e+03 2.150421100000000024e+03
1.710500000000000043e+01 9.776448000000000249e+00 2.068950699999999870e+03 2.150421100000000024e+03
1.710999999999999943e+01 9.770893199999999723e+00 2.068996990000000096e+03 2.150421100000000024e+03
1.711500000000000199e+01 9.793482720000000086e+00 2.068808743999999933e+03 2.150421100000000024e+03
1.712000000000000099e+01 9.776448000000000249e+00 2.068950699999999870e+03 2.150421100000000024e+03
1.712500000000000000e+01 9.793482720000000086e+00 2.068808743999999933e+03 2.150421100000000024e+03
1.712999999999999901e+01 9.793482720000000086e+00 2.068808743999999933e+03 2.150421100000000024e+03
1.713500000000000156e+01 9.748303679999999360e+00 2.069185236000000259e+03 2.150421100000000024e+03
1.714000000000000057e+01 9.736823760000000050e+00 2.069280901999999969e+03 2.150421100000000024e+03
1.714499999999999957e+01 9.736823760000000050e+00 2.069280901999999969e+03 2.150421100000000024e+03
1.714999999999999858e+01 9.742378560000000576e+00 2.069234612000000197e+03 2.150421100000000024e+03
1.715500000000000114e+01 9.759413280000000412e+00 2.069092655999999806e+03 2.150421100000000024e+03
1.716000000000000014e+01 9.782002799999998999e+00 2.068904410000000098e+03 2.150421100000000024e+03
1.716499999999999915e+01 9.770893199999999723e+00 2.068996990000000096e+03 2.150421100000000024e+03
1.717000000000000171e+01 9.703124639999998635e+00 2.069561728000000130e+03 2.150421100000000024e+03
1.717500000000000071e+01 9.753858479999999886e+00 2.069138946000000033e+03 2.150421100000000024e+03
1.717999999999999972e+01 9.719789040000000213e+00 2.069422857999999906e+03 2.150421100000000024e+03
1.718499999999999872e+01 9.759413280000000412e+00 2.069092655999999806e+03 2.150421100000000024e+03
1.719000000000000128e+01 9.764968080000000938e+00 2.069046366000000035e+03 2.150421100000000024e+03
1.719500000000000028e+01 9.725714159999998998e+00 2.069373481999999967e+03 2.150421100000000024e+03
1.719999999999999929e+01 9.804592319999999361e+00 2.068716163999999935e+03 2.150421100000000024e+03
1.720500000000000185e+01 9.810517439999998146e+00 2.068666787999999997e+03 2.150421100000000024e+03
1.721000000000000085e+01 9.742378560000000576e+00 2.069234612000000197e+03 2.150421100000000024e+03
1.721499999999999986e+01 9.748303679999999360e+00 2.069185236000000259e+03 2.150421100000000024e+03
1.721999999999999886e+01 9.725714159999998998e+00 2.069373481999999967e+03 2.150421100000000024e+03
1.722500000000000142e+01 9.634985759999999289e+00 2.070129551999999876e+03 2.150421100000000024e+03
1.723000000000000043e+01 9.787557599999999525e+00 2.068858119999999872e+03 2.150421100000000024e+03
1.723499999999999943e+01 9.804592319999999361e+00 2.068716163999999935e+03 2.150421100000000024e+03
1.724000000000000199e+01 9.799037519999998835e+00 2.068762454000000162e+03 2.150421100000000024e+03
1.724500000000000099e+01 9.827181839999999724e+00 2.068527918000000227e+03 2.150421100000000024e+03
1.725000000000000000e+01 9.787557599999999525e+00 2.068858119999999872e+03 2.150421100000000024e+03
1.725499999999999901e+01 9.748303679999999360e+00 2.069185236000000259e+03 2.150421100000000024e+03
1.726000000000000156e+01 9.703124639999998635e+00 2.069561728000000130e+03 2.150421100000000024e+03
1.726500000000000057e+01 9.663500400000000212e+00 2.069891930000000229e+03 2.150421100000000024e+03
1.726999999999999957e+01 9.787557599999999525e+00 2.068858119999999872e+03 2.150421100000000024e+03
1.727499999999999858e+01 9.838661759999999035e+00 2.068432252000000062e+03 2.150421100000000024e+03
1.728000000000000114e+01 9.894950399999999036e+00 2.067963180000000193e+03 2.150421100000000024e+03
1.728500000000000014e+01 9.849771360000000087e+00 2.068339672000000064e+03 2.150421100000000024e+03
1.728999999999999915e+01 9.764968080000000938e+00 2.069046366000000035e+03 2.150421100000000024e+03
1.729500000000000171e+01 9.669055199999998962e+00 2.069845640000000003e+03 2.150421100000000024e+03
1.730000000000000071e+01 9.731268959999999524e+00 2.069327192000000196e+03 2.150421100000000024e+03
1.730499999999999972e+01 9.731268959999999524e+00 2.069327192000000196e+03 2.150421100000000024e+03
1.730999999999999872e+01 9.770893199999999723e+00 2.068996990000000096e+03 2.150421100000000024e+03
1.731500000000000128e+01 9.810517439999998146e+00 2.068666787999999997e+03 2.150421100000000024e+03
1.732000000000000028e+01 9.923465039999999959e+00 2.067725558000000092e+03 2.150421100000000024e+03
1.732499999999999929e+01 9.821627039999999198e+00 2.068574207999999999e+03 2.150421100000000024e+03
1.733000000000000185e+01 9.742378560000000576e+00 2.069234612000000197e+03 2.150421100000000024e+03
1.733500000000000085e+01 9.674609999999999488e+00 2.069799350000000231e+03 2.150421100000000024e+03
1.733999999999999986e+01 9.618321359999999487e+00 2.070268422000000101e+03 2.150421100000000024e+03
1.734499999999999886e+01 9.640910879999999850e+00 2.070080175999999938e+03 2.150421100000000024e+03
1.735000000000000142e+01 9.804592319999999361e+00 2.068716163999999935e+03 2.150421100000000024e+03
1.735500000000000043e+01 9.849771360000000087e+00 2.068339672000000064e+03 2.150421100000000024e+03
1.735999999999999943e+01 9.821627039999999198e+00 2.068574207999999999e+03 2.150421100000000024e+03
1.736500000000000199e+01 9.816072239999998672e+00 2.068620498000000225e+03 2.150421100000000024e+03
1.737000000000000099e+01 9.799037519999998835e+00 2.068762454000000162e+03 2.150421100000000024e+03
1.737500000000000000e+01 9.697199519999999850e+00 2.069611104000000068e+03 2.150421100000000024e+03
1.737999999999999901e+01 9.736823760000000050e+00 2.069280901999999969e+03 2.150421100000000024e+03
1.738500000000000156e+01 9.764968080000000938e+00 2.069046366000000035e+03 2.150421100000000024e+03
1.739000000000000057e+01 9.708679439999999161e+00 2.069515437999999904e+03 2.150421100000000024e+03
1.739499999999999957e+01 9.770893199999999723e+00 2.068996990000000096e+03 2.150421100000000024e+03
1.739999999999999858e+01 9.810517439999998146e+00 2.068666787999999997e+03 2.150421100000000024e+03
1.740500000000000114e+01 9.787557599999999525e+00 2.068858119999999872e+03 2.150421100000000024e+03
1.741000000000000014e+01 9.776448000000000249e+00 2.068950699999999870e+03 2.150421100000000024e+03
1.741499999999999915e+01 9.810517439999998146e+00 2.068666787999999997e+03 2.150421100000000024e+03
1.742000000000000171e+01 9.759413280000000412e+00 2.069092655999999806e+03 2.150421100000000024e+03
1.742500000000000071e+01 9.731268959999999524e+00 2.069327192000000196e+03 2.150421100000000024e+03
1.742999999999999972e+01 9.703124639999998635e+00 2.069561728000000130e+03 2.150421100000000024e+03
1.743499999999999872e+01 9.821627039999999198e+00 2.068574207999999999e+03 2.150421100000000024e+03
1.744000000000000128e+01 9.821627039999999198e+00 2.068574207999999999e+03 2.150421100000000024e+03
1.744500000000000028e+01 9.793482720000000086e+00 2.068808743999999933e+03 2.150421100000000024e+03
1.744999999999999929e+01 9.810517439999998146e+00 2.068666787999999997e+03 2.150421100000000024e+03
1.745500000000000185e+01 9.759413280000000412e+00 2.069092655999999806e+03 2.150421100000000024e+03
1.746000000000000085e+01 9.714234239999999687e+00 2.069469148000000132e+03 2.150421100000000024e+03
1.746499999999999986e+01 9.736823760000000050e+00 2.069280901999999969e+03 2.150421100000000024e+03
1.746999999999999886e+01 9.725714159999998998e+00 2.069373481999999967e+03 2.150421100000000024e+03
1.747500000000000142e+01 9.731268959999999524e+00 2.069327192000000196e+03 2.150421100000000024e+03
1.748000000000000043e+01 9.782002799999998999e+00 2.068904410000000098e+03 2.150421100000000024e+03
1.748499999999999943e+01 9.816072239999998672e+00 2.068620498000000225e+03 2.150421100000000024e+03
1.749000000000000199e+01 9.759413280000000412e+00 2.069092655999999806e+03 2.150421100000000024e+03
1.749500000000000099e+01 9.708679439999999161e+00 2.069515437999999904e+03 2.150421100000000024e+03
1.750000000000000000e+01 9.731268959999999524e+00 2.069327192000000196e+03 2.150421100000000024e+03
1.750499999999999901e+01 9.731268959999999524e+00 2.069327192000000196e+03 2.150421100000000024e+03
1.751000000000000156e+01 9.708679439999999161e+00 2.069515437999999904e+03 2.150421100000000024e+03
1.751500000000000057e+01 9.764968080000000938e+00 2.069046366000000035e+03 2.150421100000000024e+03
1.751999999999999957e+01 9.719789040000000213e+00 2.069422857999999906e+03 2.150421100000000024e+03
1.752499999999999858e+01 9.821627039999999198e+00 2.068574207999999999e+03 2.150421100000000024e+03
1.753000000000000114e+01 9.804592319999999361e+00 2.068716163999999935e+03 2.150421100000000024e+03
1.753500000000000014e+01 9.810517439999998146e+00 2.068666787999999997e+03 2.150421100000000024e+03
1.753999999999999915e+01 9.753858479999999886e+00 2.069138946000000033e+03 2.150421100000000024e+03
1.754500000000000171e+01 9.719789040000000213e+00 2.069422857999999906e+03 2.150421100000000024e+03
1.755000000000000071e+01 9.691644719999999325e+00 2.069657393999999840e+03 2.150421100000000024e+03
1.755499999999999972e+01 9.691644719999999325e+00 2.069657393999999840e+03 2.150421100000000024e+03
1.755999999999999872e+01 9.793482720000000086e+00 2.068808743999999933e+03 2.150421100000000024e+03
1.756500000000000128e+01 9.782002799999998999e+00 2.068904410000000098e+03 2.150421100000000024e+03
1.757000000000000028e+01 9.736823760000000050e+00 2.069280901999999969e+03 2.150421100000000024e+03
1.757499999999999929e+01 9.827181839999999724e+00 2.068527918000000227e+03 2.150421100000000024e+03
1.758000000000000185e+01 9.799037519999998835e+00 2.068762454000000162e+03 2.150421100000000024e+03
1.758500000000000085e+01 9.799037519999998835e+00 2.068762454000000162e+03 2.150421100000000024e+03
1.758999999999999986e+01 9.753858479999999886e+00 2.069138946000000033e+03 2.150421100000000024e+03
1.759499999999999886e+01 9.680535120000000049e+00 2.069749973999999838e+03 2.150421100000000024e+03
1.760000000000000142e+01 9.697199519999999850e+00 2.069611104000000068e+03 2.150421100000000024e+03
1.760500000000000043e+01 9.680535120000000049e+00 2.069749973999999838e+03 2.150421100000000024e+03
1.760999999999999943e+01 9.725714159999998998e+00 2.069373481999999967e+03 2.150421100000000024e+03
1.761500000000000199e+01 9.793482720000000086e+00 2.068808743999999933e+03 2.150421100000000024e+03
1.762000000000000099e+01 9.776448000000000249e+00 2.068950699999999870e+03 2.150421100000000024e+03
1.762500000000000000e+01 9.697199519999999850e+00 2.069611104000000068e+03 2.150421100000000024e+03
1.762999999999999901e+01 9.703124639999998635e+00 2.069561728000000130e+03 2.150421100000000024e+03
1.763500000000000156e+01 9.703124639999998635e+00 2.069561728000000130e+03 2.150421100000000024e+03
1.764000000000000057e+01 9.708679439999999161e+00 2.069515437999999904e+03 2.150421100000000024e+03
1.764499999999999957e+01 9.629430960000000539e+00 2.070175842000000102e+03 2.150421100000000024e+03
1.764999999999999858e+01 9.703124639999998635e+00 2.069561728000000130e+03 2.150421100000000024e+03
1.765500000000000114e+01 9.748303679999999360e+00 2.069185236000000259e+03 2.150421100000000024e+03
1.766000000000000014e+01 9.742378560000000576e+00 2.069234612000000197e+03 2.150421100000000024e+03
1.766499999999999915e+01 9.748303679999999360e+00 2.069185236000000259e+03 2.150421100000000024e+03
1.767000000000000171e+01 9.770893199999999723e+00 2.068996990000000096e+03 2.150421100000000024e+03
1.767500000000000071e+01 9.736823760000000050e+00 2.069280901999999969e+03 2.150421100000000024e+03
1.767999999999999972e+01 9.748303679999999360e+00 2.069185236000000259e+03 2.150421100000000024e+03
1.768499999999999872e+01 9.640910879999999850e+00 2.070080175999999938e+03 2.150421100000000024e+03
1.769000000000000128e+01 9.680535120000000049e+00 2.069749973999999838e+03 2.150421100000000024e+03
1.769500000000000028e+01 9.686089919999998799e+00 2.069703684000000067e+03 2.150421100000000024e+03
1.769999999999999929e+01 9.719789040000000213e+00 2.069422857999999906e+03 2.150421100000000024e+03
1.770500000000000185e+01 9.759413280000000412e+00 2.069092655999999806e+03 2.150421100000000024e+03
1.771000000000000085e+01 9.736823760000000050e+00 2.069280901999999969e+03 2.150421100000000024e+03
1.771499999999999986e+01 9.787557599999999525e+00 2.068858119999999872e+03 2.150421100000000024e+03
1.771999999999999886e+01 9.736823760000000050e+00 2.069280901999999969e+03 2.150421100000000024e+03
1.772500000000000142e+01 9.634985759999999289e+00 2.070129551999999876e+03 2.150421100000000024e+03
1.773000000000000043e+01 9.657945599999999686e+00 2.069938220000000001e+03 2.150421100000000024e+03
1.773499999999999943e+01 9.719789040000000213e+00 2.069422857999999906e+03 2.150421100000000024e+03
1.774000000000000199e+01 9.731268959999999524e+00 2.069327192000000196e+03 2.150421100000000024e+03
1.774500000000000099e+01 9.793482720000000086e+00 2.068808743999999933e+03 2.150421100000000024e+03
1.775000000000000000e+01 9.844216559999999561e+00 2.068385961999999836e+03 2.150421100000000024e+03
1.775499999999999901e+01 9.849771360000000087e+00 2.068339672000000064e+03 2.150421100000000024e+03
1.776000000000000156e+01 9.799037519999998835e+00 2.068762454000000162e+03 2.150421100000000024e+03
1.776500000000000057e+01 9.697199519999999850e+00 2.069611104000000068e+03 2.150421100000000024e+03
1.776999999999999957e+01 9.606841440000000176e+00 2.070364087999999811e+03 2.150421100000000024e+03
1.777499999999999858e+01 9.618321359999999487e+00 2.070268422000000101e+03 2.150421100000000024e+03
1.778000000000000114e+01 9.646465680000000376e+00 2.070033886000000166e+03 2.150421100000000024e+03
1.778500000000000014e+01 9.714234239999999687e+00 2.069469148000000132e+03 2.150421100000000024e+03
1.778999999999999915e+01 9.748303679999999360e+00 2.069185236000000259e+03 2.150421100000000024e+03
1.779500000000000171e+01 9.719789040000000213e+00 2.069422857999999906e+03 2.150421100000000024e+03
1.780000000000000071e+01 9.759413280000000412e+00 2.069092655999999806e+03 2.150421100000000024e+03
1.780499999999999972e+01 9.748303679999999360e+00 2.069185236000000259e+03 2.150421100000000024e+03
1.780999999999999872e+01 9.640910879999999850e+00 2.070080175999999938e+03 2.150421100000000024e+03
1.781500000000000128e+01 9.618321359999999487e+00 2.070268422000000101e+03 2.150421100000000024e+03
1.782000000000000028e+01 9.680535120000000049e+00 2.069749973999999838e+03 2.150421100000000024e+03
1.782499999999999929e+01 9.731268959999999524e+00 2.069327192000000196e+03 2.150421100000000024e+03
1.783000000000000185e+01 9.703124639999998635e+00 2.069561728000000130e+03 2.150421100000000024e+03
1.783500000000000085e+01 9.810517439999998146e+00 2.068666787999999997e+03 2.150421100000000024e+03
1.783999999999999986e+01 9.770893199999999723e+00 2.068996990000000096e+03 2.150421100000000024e+03
1.784499999999999886e+01 9.714234239999999687e+00 2.069469148000000132e+03 2.150421100000000024e+03
1.785000000000000142e+01 9.686089919999998799e+00 2.069703684000000067e+03 2.150421100000000024e+03
1.785500000000000043e+01 9.657945599999999686e+00 2.069938220000000001e+03 2.150421100000000024e+03
1.785999999999999943e+01 9.595731839999999124e+00 2.070456667999999809e+03 2.150421100000000024e+03
1.786500000000000199e+01 9.725714159999998998e+00 2.069373481999999967e+03 2.150421100000000024e+03
1.787000000000000099e+01 9.759413280000000412e+00 2.069092655999999806e+03 2.150421100000000024e+03
1.787500000000000000e+01 9.764968080000000938e+00 2.069046366000000035e+03 2.150421100000000024e+03
1.787999999999999901e+01 9.703124639999998635e+00 2.069561728000000130e+03 2.150421100000000024e+03
1.788500000000000156e+01 9.742378560000000576e+00 2.069234612000000197e+03 2.150421100000000024e+03
1.789000000000000057e+01 9.753858479999999886e+00 2.069138946000000033e+03 2.150421100000000024e+03
1.789499999999999957e+01 9.686089919999998799e+00 2.069703684000000067e+03 2.150421100000000024e+03
1.789999999999999858e+01 9.595731839999999124e+00 2.070456667999999809e+03 2.150421100000000024e+03
1.790500000000000114e+01 9.663500400000000212e+00 2.069891930000000229e+03 2.150421100000000024e+03
1.791000000000000014e+01 9.748303679999999360e+00 2.069185236000000259e+03 2.150421100000000024e+03
1.791499999999999915e+01 9.714234239999999687e+00 2.069469148000000132e+03 2.150421100000000024e+03
1.792000000000000171e+01 9.782002799999998999e+00 2.068904410000000098e+03 2.150421100000000024e+03
1.792500000000000071e+01 9.804592319999999361e+00 2.068716163999999935e+03 2.150421100000000024e+03
1.792999999999999972e+01 9.764968080000000938e+00 2.069046366000000035e+03 2.150421100000000024e+03
1.793499999999999872e+01 9.782002799999998999e+00 2.068904410000000098e+03 2.150421100000000024e+03
1.794000000000000128e+01 9.725714159999998998e+00 2.069373481999999967e+03 2.150421100000000024e+03
1.794500000000000028e+01 9.697199519999999850e+00 2.069611104000000068e+03 2.150421100000000024e+03
1.794999999999999929e+01 9.731268959999999524e+00 2.069327192000000196e+03 2.150421100000000024e+03
1.795500000000000185e+01 9.697199519999999850e+00 2.069611104000000068e+03 2.150421100000000024e+03
1.796000000000000085e+01 9.725714159999998998e+00 2.069373481999999967e+03 2.150421100000000024e+03
1.796499999999999986e+01 9.714234239999999687e+00 2.069469148000000132e+03 2.150421100000000024e+03
1.796999999999999886e+01 9.663500400000000212e+00 2.069891930000000229e+03 2.150421100000000024e+03
1.797500000000000142e+01 9.742378560000000576e+00 2.069234612000000197e+03 2.150421100000000024e+03
1.798000000000000043e+01 9.686089919999998799e+00 2.069703684000000067e+03 2.150421100000000024e+03
1.798499999999999943e+01 9.742378560000000576e+00 2.069234612000000197e+03 2.150421100000000024e+03
1.799000000000000199e+01 9.686089919999998799e+00 2.069703684000000067e+03 2.150421100000000024e+03
1.799500000000000099e+01 9.686089919999998799e+00 2.069703684000000067e+03 2.150421100000000024e+03
1.800000000000000000e+01 9.663500400000000212e+00 2.069891930000000229e+03 2.150421100000000024e+03
1.800499999999999901e+01 9.703124639999998635e+00 2.069561728000000130e+03 2.150421100000000024e+03
1.801000000000000156e+01 9.748303679999999360e+00 2.069185236000000259e+03 2.150421100000000024e+03
1.801500000000000057e+01 9.764968080000000938e+00 2.069046366000000035e+03 2.150421100000000024e+03
1.801999999999999957e+01 9.719789040000000213e+00 2.069422857999999906e+03 2.150421100000000024e+03
1.802499999999999858e+01 9.725714159999998998e+00 2.069373481999999967e+03 2.150421100000000024e+03
1.803000000000000114e+01 9.669055199999998962e+00 2.069845640000000003e+03 2.150421100000000024e+03
1.803500000000000014e+01 9.629430960000000539e+00 2.070175842000000102e+03 2.150421100000000024e+03
1.803999999999999915e+01 9.640910879999999850e+00 2.070080175999999938e+03 2.150421100000000024e+03
1.804500000000000171e+01 9.640910879999999850e+00 2.070080175999999938e+03 2.150421100000000024e+03
1.805000000000000071e+01 9.719789040000000213e+00 2.069422857999999906e+03 2.150421100000000024e+03
1.805499999999999972e+01 9.725714159999998998e+00 2.069373481999999967e+03 2.150421100000000024e+03
1.805999999999999872e+01 9.776448000000000249e+00 2.068950699999999870e+03 2.150421100000000024e+03
1.806500000000000128e+01 9.753858479999999886e+00 2.069138946000000033e+03 2.150421100000000024e+03
1.807000000000000028e+01 9.731268959999999524e+00 2.069327192000000196e+03 2.150421100000000024e+03
1.807499999999999929e+01 9.663500400000000212e+00 2.069891930000000229e+03 2.150421100000000024e+03
1.808000000000000185e+01 9.573142319999998762e+00 2.070644913999999972e+03 2.150421100000000024e+03
1.808500000000000085e+01 9.584251919999999814e+00 2.070552333999999973e+03 2.150421100000000024e+03
1.808999999999999986e+01 9.646465680000000376e+00 2.070033886000000166e+03 2.150421100000000024e+03
1.809499999999999886e+01 9.686089919999998799e+00 2.069703684000000067e+03 2.150421100000000024e+03
1.810000000000000142e+01 9.703124639999998635e+00 2.069561728000000130e+03 2.150421100000000024e+03
1.810500000000000043e+01 9.725714159999998998e+00 2.069373481999999967e+03 2.150421100000000024e+03
1.810999999999999943e+01 9.748303679999999360e+00 2.069185236000000259e+03 2.150421100000000024e+03
1.811500000000000199e+01 9.703124639999998635e+00 2.069561728000000130e+03 2.150421100000000024e+03
1.812000000000000099e+01 9.708679439999999161e+00 2.069515437999999904e+03 2.150421100000000024e+03
1.812500000000000000e+01 9.657945599999999686e+00 2.069938220000000001e+03 2.150421100000000024e+03
1.812999999999999901e+01 9.623876160000000013e+00 2.070222131999999874e+03 2.150421100000000024e+03
1.813500000000000156e+01 9.646465680000000376e+00 2.070033886000000166e+03 2.150421100000000024e+03
1.814000000000000057e+01 9.731268959999999524e+00 2.069327192000000196e+03 2.150421100000000024e+03
1.814499999999999957e+01 9.731268959999999524e+00 2.069327192000000196e+03 2.150421100000000024e+03
1.814999999999999858e+01 9.725714159999998998e+00 2.069373481999999967e+03 2.150421100000000024e+03
1.815500000000000114e+01 9.708679439999999161e+00 2.069515437999999904e+03 2.150421100000000024e+03
1.816000000000000014e+01 9.753858479999999886e+00 2.069138946000000033e+03 2.150421100000000024e+03
1.816499999999999915e+01 9.657945599999999686e+00 2.069938220000000001e+03 2.150421100000000024e+03
1.817000000000000171e+01 9.652020480000000902e+00 2.069987595999999940e+03 2.150421100000000024e+03
1.817500000000000071e+01 9.589806719999998563e+00 2.070506044000000202e+03 2.150421100000000024e+03
1.817999999999999972e+01 9.646465680000000376e+00 2.070033886000000166e+03 2.150421100000000024e+03
1.818499999999999872e+01 9.657945599999999686e+00 2.069938220000000001e+03 2.150421100000000024e+03
1.819000000000000128e+01 9.742378560000000576e+00 2.069234612000000197e+03 2.150421100000000024e+03
1.819500000000000028e+01 9.748303679999999360e+00 2.069185236000000259e+03 2.150421100000000024e+03
1.819999999999999929e+01 9.697199519999999850e+00 2.069611104000000068e+03 2.150421100000000024e+03
1.820500000000000185e+01 9.719789040000000213e+00 2.069422857999999906e+03 2.150421100000000024e+03
1.821000000000000085e+01 9.680535120000000049e+00 2.069749973999999838e+03 2.150421100000000024e+03
1.821499999999999986e+01 9.652020480000000902e+00 2.069987595999999940e+03 2.150421100000000024e+03
1.821999999999999886e+01 9.634985759999999289e+00 2.070129551999999876e+03 2.150421100000000024e+03
1.822500000000000142e+01 9.573142319999998762e+00 2.070644913999999972e+03 2.150421100000000024e+03
1.823000000000000043e+01 9.657945599999999686e+00 2.069938220000000001e+03 2.150421100000000024e+03
1.823499999999999943e+01 9.634985759999999289e+00 2.070129551999999876e+03 2.150421100000000024e+03
1.824000000000000199e+01 9.652020480000000902e+00 2.069987595999999940e+03 2.150421100000000024e+03
1.824500000000000099e+01 9.686089919999998799e+00 2.069703684000000067e+03 2.150421100000000024e+03
1.825000000000000000e+01 9.652020480000000902e+00 2.069987595999999940e+03 2.150421100000000024e+03
1.825499999999999901e+01 9.618321359999999487e+00 2.070268422000000101e+03 2.150421100000000024e+03
1.826000000000000156e+01 9.646465680000000376e+00 2.070033886000000166e+03 2.150421100000000024e+03
1.826500000000000057e+01 9.584251919999999814e+00 2.070552333999999973e+03 2.150421100000000024e+03
1.826999999999999957e+01 9.657945599999999686e+00 2.069938220000000001e+03 2.150421100000000024e+03
1.827499999999999858e+01 9.663500400000000212e+00 2.069891930000000229e+03 2.150421100000000024e+03
1.828000000000000114e+01 9.663500400000000212e+00 2.069891930000000229e+03 2.150421100000000024e+03
1.828500000000000014e+01 9.736823760000000050e+00 2.069280901999999969e+03 2.150421100000000024e+03
1.828999999999999915e+01 9.691644719999999325e+00 2.069657393999999840e+03 2.150421100000000024e+03
1.829500000000000171e+01 9.764968080000000938e+00 2.069046366000000035e+03 2.150421100000000024e+03
1.830000000000000071e+01 9.697199519999999850e+00 2.069611104000000068e+03 2.150421100000000024e+03
1.830499999999999972e+01 9.612396239999998926e+00 2.070317798000000039e+03 2.150421100000000024e+03
1.830999999999999872e+01 9.674609999999999488e+00 2.069799350000000231e+03 2.150421100000000024e+03
1.831500000000000128e+01 9.719789040000000213e+00 2.069422857999999906e+03 2.150421100000000024e+03
1.832000000000000028e+01 9.680535120000000049e+00 2.069749973999999838e+03 2.150421100000000024e+03
1.832499999999999929e+01 9.770893199999999723e+00 2.068996990000000096e+03 2.150421100000000024e+03
1.833000000000000185e+01 9.782002799999998999e+00 2.068904410000000098e+03 2.150421100000000024e+03
1.833500000000000085e+01 9.719789040000000213e+00 2.069422857999999906e+03 2.150421100000000024e+03
1.833999999999999986e+01 9.674609999999999488e+00 2.069799350000000231e+03 2.150421100000000024e+03
1.834499999999999886e+01 9.691644719999999325e+00 2.069657393999999840e+03 2.150421100000000024e+03
1.835000000000000142e+01 9.657945599999999686e+00 2.069938220000000001e+03 2.150421100000000024e+03
1.835500000000000043e+01 9.646465680000000376e+00 2.070033886000000166e+03 2.150421100000000024e+03
1.835999999999999943e+01 9.663500400000000212e+00 2.069891930000000229e+03 2.150421100000000024e+03
1.836500000000000199e+01 9.714234239999999687e+00 2.069469148000000132e+03 2.150421100000000024e+03
1.837000000000000099e+01 9.697199519999999850e+00 2.069611104000000068e+03 2.150421100000000024e+03
1.837500000000000000e+01 9.714234239999999687e+00 2.069469148000000132e+03 2.150421100000000024e+03
1.837999999999999901e+01 9.629430960000000539e+00 2.070175842000000102e+03 2.150421100000000024e+03
1.838500000000000156e+01 9.646465680000000376e+00 2.070033886000000166e+03 2.150421100000000024e+03
1.839000000000000057e+01 9.584251919999999814e+00 2.070552333999999973e+03 2.150421100000000024e+03
1.839499999999999957e+01 9.578697119999999288e+00 2.070598624000000200e+03 2.150421100000000024e+03
1.839999999999999858e+01 9.601286639999999650e+00 2.070410378000000037e+03 2.150421100000000024e+03
1.840500000000000114e+01 9.640910879999999850e+00 2.070080175999999938e+03 2.150421100000000024e+03
1.841000000000000014e+01 9.657945599999999686e+00 2.069938220000000001e+03 2.150421100000000024e+03
1.841499999999999915e+01 9.640910879999999850e+00 2.070080175999999938e+03 2.150421100000000024e+03
1.842000000000000171e+01 9.680535120000000049e+00 2.069749973999999838e+03 2.150421100000000024e+03
1.842500000000000071e+01 9.652020480000000902e+00 2.069987595999999940e+03 2.150421100000000024e+03
1.842999999999999972e+01 9.640910879999999850e+00 2.070080175999999938e+03 2.150421100000000024e+03
1.843499999999999872e+01 9.573142319999998762e+00 2.070644913999999972e+03 2.150421100000000024e+03
1.844000000000000128e+01 9.567217199999998201e+00 2.070694289999999910e+03 2.150421100000000024e+03
1.844500000000000028e+01 9.657945599999999686e+00 2.069938220000000001e+03 2.150421100000000024e+03
1.844999999999999929e+01 9.708679439999999161e+00 2.069515437999999904e+03 2.150421100000000024e+03
1.845500000000000185e+01 9.748303679999999360e+00 2.069185236000000259e+03 2.150421100000000024e+03
1.846000000000000085e+01 9.770893199999999723e+00 2.068996990000000096e+03 2.150421100000000024e+03
1.846499999999999986e+01 9.719789040000000213e+00 2.069422857999999906e+03 2.150421100000000024e+03
1.846999999999999886e+01 9.652020480000000902e+00 2.069987595999999940e+03 2.150421100000000024e+03
1.847500000000000142e+01 9.629430960000000539e+00 2.070175842000000102e+03 2.150421100000000024e+03
1.848000000000000043e+01 9.567217199999998201e+00 2.070694289999999910e+03 2.150421100000000024e+03
1.848499999999999943e+01 9.680535120000000049e+00 2.069749973999999838e+03 2.150421100000000024e+03
1.849000000000000199e+01 9.703124639999998635e+00 2.069561728000000130e+03 2.150421100000000024e+03
1.849500000000000099e+01 9.714234239999999687e+00 2.069469148000000132e+03 2.150421100000000024e+03
1.850000000000000000e+01 9.703124639999998635e+00 2.069561728000000130e+03 2.150421100000000024e+03
1.850499999999999901e+01 9.561662399999999451e+00 2.070740580000000136e+03 2.150421100000000024e+03
1.851000000000000156e+01 9.618321359999999487e+00 2.070268422000000101e+03 2.150421100000000024e+03
1.851500000000000057e+01 9.612396239999998926e+00 2.070317798000000039e+03 2.150421100000000024e+03
1.851999999999999957e+01 9.578697119999999288e+00 2.070598624000000200e+03 2.150421100000000024e+03
1.852499999999999858e+01 9.646465680000000376e+00 2.070033886000000166e+03 2.150421100000000024e+03
1.853000000000000114e+01 9.669055199999998962e+00 2.069845640000000003e+03 2.150421100000000024e+03
1.853500000000000014e+01 9.652020480000000902e+00 2.069987595999999940e+03 2.150421100000000024e+03
1.853999999999999915e+01 9.640910879999999850e+00 2.070080175999999938e+03 2.150421100000000024e+03
1.854500000000000171e+01 9.669055199999998962e+00 2.069845640000000003e+03 2.150421100000000024e+03
1.855000000000000071e+01 9.584251919999999814e+00 2.070552333999999973e+03 2.150421100000000024e+03
1.855499999999999972e+01 9.584251919999999814e+00 2.070552333999999973e+03 2.150421100000000024e+03
1.855999999999999872e+01 9.476859119999998526e+00 2.071447274000000107e+03 2.150421100000000024e+03
1.856500000000000128e+01 9.573142319999998762e+00 2.070644913999999972e+03 2.150421100000000024e+03
1.857000000000000028e+01 9.573142319999998762e+00 2.070644913999999972e+03 2.150421100000000024e+03
1.857499999999999929e+01 9.584251919999999814e+00 2.070552333999999973e+03 2.150421100000000024e+03
1.858000000000000185e+01 9.544627679999997838e+00 2.070882536000000073e+03 2.150421100000000024e+03
1.858500000000000085e+01 9.561662399999999451e+00 2.070740580000000136e+03 2.150421100000000024e+03
1.858999999999999986e+01 9.482413919999999052e+00 2.071400983999999880e+03 2.150421100000000024e+03
1.859499999999999886e+01 9.505003439999999415e+00 2.071212738000000172e+03 2.150421100000000024e+03
1.860000000000000142e+01 9.556107599999998925e+00 2.070786869999999908e+03 2.150421100000000024e+03
1.860500000000000043e+01 9.522038159999999252e+00 2.071070782000000236e+03 2.150421100000000024e+03
1.860999999999999943e+01 9.646465680000000376e+00 2.070033886000000166e+03 2.150421100000000024e+03
1.861500000000000199e+01 9.618321359999999487e+00 2.070268422000000101e+03 2.150421100000000024e+03
1.862000000000000099e+01 9.623876160000000013e+00 2.070222131999999874e+03 2.150421100000000024e+03
1.862500000000000000e+01 9.601286639999999650e+00 2.070410378000000037e+03 2.150421100000000024e+03
1.862999999999999901e+01 9.584251919999999814e+00 2.070552333999999973e+03 2.150421100000000024e+03
1.863500000000000156e+01 9.573142319999998762e+00 2.070644913999999972e+03 2.150421100000000024e+03
1.864000000000000057e+01 9.589806719999998563e+00 2.070506044000000202e+03 2.150421100000000024e+03
1.864499999999999957e+01 9.561662399999999451e+00 2.070740580000000136e+03 2.150421100000000024e+03
1.864999999999999858e+01 9.646465680000000376e+00 2.070033886000000166e+03 2.150421100000000024e+03
1.865500000000000114e+01 9.629430960000000539e+00 2.070175842000000102e+03 2.150421100000000024e+03
1.866000000000000014e+01 9.589806719999998563e+00 2.070506044000000202e+03 2.150421100000000024e+03
1.866499999999999915e+01 9.646465680000000376e+00 2.070033886000000166e+03 2.150421100000000024e+03
1.867000000000000171e+01 9.573142319999998762e+00 2.070644913999999972e+03 2.150421100000000024e+03
1.867500000000000071e+01 9.601286639999999650e+00 2.070410378000000037e+03 2.150421100000000024e+03
1.867999999999999972e+01 9.595731839999999124e+00 2.070456667999999809e+03 2.150421100000000024e+03
1.868499999999999872e+01 9.601286639999999650e+00 2.070410378000000037e+03 2.150421100000000024e+03
1.869000000000000128e+01 9.634985759999999289e+00 2.070129551999999876e+03 2.150421100000000024e+03
1.869500000000000028e+01 9.657945599999999686e+00 2.069938220000000001e+03 2.150421100000000024e+03
1.869999999999999929e+01 9.652020480000000902e+00 2.069987595999999940e+03 2.150421100000000024e+03
1.870500000000000185e+01 9.595731839999999124e+00 2.070456667999999809e+03 2.150421100000000024e+03
1.871000000000000085e+01 9.510928559999999976e+00 2.071163362000000234e+03 2.150421100000000024e+03
1.871499999999999986e+01 9.493893839999998363e+00 2.071305318000000170e+03 2.150421100000000024e+03
1.871999999999999886e+01 9.488339039999999613e+00 2.071351607999999942e+03 2.150421100000000024e+03
1.872500000000000142e+01 9.544627679999997838e+00 2.070882536000000073e+03 2.150421100000000024e+03
1.873000000000000043e+01 9.567217199999998201e+00 2.070694289999999910e+03 2.150421100000000024e+03
1.873499999999999943e+01 9.589806719999998563e+00 2.070506044000000202e+03 2.150421100000000024e+03
1.874000000000000199e+01 9.533518080000000339e+00 2.070975116000000071e+03 2.150421100000000024e+03
1.874500000000000099e+01 9.556107599999998925e+00 2.070786869999999908e+03 2.150421100000000024e+03
1.875000000000000000e+01 9.516483359999998726e+00 2.071117072000000007e+03 2.150421100000000024e+03
1.875499999999999901e+01 9.544627679999997838e+00 2.070882536000000073e+03 2.150421100000000024e+03
1.876000000000000156e+01 9.499448639999998889e+00 2.071259027999999944e+03 2.150421100000000024e+03
1.876500000000000057e+01 9.612396239999998926e+00 2.070317798000000039e+03 2.150421100000000024e+03
1.876999999999999957e+01 9.595731839999999124e+00 2.070456667999999809e+03 2.150421100000000024e+03
1.877499999999999858e+01 9.561662399999999451e+00 2.070740580000000136e+03 2.150421100000000024e+03
1.878000000000000114e+01 9.595731839999999124e+00 2.070456667999999809e+03 2.150421100000000024e+03
1.878500000000000014e+01 9.618321359999999487e+00 2.070268422000000101e+03 2.150421100000000024e+03
1.878999999999999915e+01 9.561662399999999451e+00 2.070740580000000136e+03 2.150421100000000024e+03
1.879500000000000171e+01 9.522038159999999252e+00 2.071070782000000236e+03 2.150421100000000024e+03
1.880000000000000071e+01 9.539072880000000865e+00 2.070928825999999844e+03 2.150421100000000024e+03
1.880499999999999972e+01 9.556107599999998925e+00 2.070786869999999908e+03 2.150421100000000024e+03
1.880999999999999872e+01 9.567217199999998201e+00 2.070694289999999910e+03 2.150421100000000024e+03
1.881500000000000128e+01 9.595731839999999124e+00 2.070456667999999809e+03 2.150421100000000024e+03
1.882000000000000028e+01 9.567217199999998201e+00 2.070694289999999910e+03 2.150421100000000024e+03
1.882499999999999929e+01 9.499448639999998889e+00 2.071259027999999944e+03 2.150421100000000024e+03
1.883000000000000185e+01 9.454269599999998164e+00 2.071635519999999815e+03 2.150421100000000024e+03
1.883500000000000085e+01 9.544627679999997838e+00 2.070882536000000073e+03 2.150421100000000024e+03
1.883999999999999986e+01 9.471304319999998000e+00 2.071493563999999878e+03 2.150421100000000024e+03
1.884499999999999886e+01 9.426125279999999051e+00 2.071870056000000204e+03 2.150421100000000024e+03
1.885000000000000142e+01 9.561662399999999451e+00 2.070740580000000136e+03 2.150421100000000024e+03
1.885500000000000043e+01 9.544627679999997838e+00 2.070882536000000073e+03 2.150421100000000024e+03
1.885999999999999943e+01 9.567217199999998201e+00 2.070694289999999910e+03 2.150421100000000024e+03
1.886500000000000199e+01 9.573142319999998762e+00 2.070644913999999972e+03 2.150421100000000024e+03
1.887000000000000099e+01 9.567217199999998201e+00 2.070694289999999910e+03 2.150421100000000024e+03
1.887500000000000000e+01 9.516483359999998726e+00 2.071117072000000007e+03 2.150421100000000024e+03
1.887999999999999901e+01 9.527963279999999813e+00 2.071021405999999843e+03 2.150421100000000024e+03
1.888500000000000156e+01 9.544627679999997838e+00 2.070882536000000073e+03 2.150421100000000024e+03
1.889000000000000057e+01 9.544627679999997838e+00 2.070882536000000073e+03 2.150421100000000024e+03
1.889499999999999957e+01 9.556107599999998925e+00 2.070786869999999908e+03 2.150421100000000024e+03
1.889999999999999858e+01 9.482413919999999052e+00 2.071400983999999880e+03 2.150421100000000024e+03
1.890500000000000114e+01 9.533518080000000339e+00 2.070975116000000071e+03 2.150421100000000024e+03
1.891000000000000014e+01 9.454269599999998164e+00 2.071635519999999815e+03 2.150421100000000024e+03
1.891499999999999915e+01 9.431680079999997801e+00 2.071823765999999978e+03 2.150421100000000024e+03
1.892000000000000171e+01 9.533518080000000339e+00 2.070975116000000071e+03 2.150421100000000024e+03
1.892500000000000071e+01 9.476859119999998526e+00 2.071447274000000107e+03 2.150421100000000024e+03
1.892999999999999972e+01 9.516483359999998726e+00 2.071117072000000007e+03 2.150421100000000024e+03
1.893499999999999872e+01 9.589806719999998563e+00 2.070506044000000202e+03 2.150421100000000024e+03
1.894000000000000128e+01 9.573142319999998762e+00 2.070644913999999972e+03 2.150421100000000024e+03
1.894500000000000028e+01 9.522038159999999252e+00 2.071070782000000236e+03 2.150421100000000024e+03
1.894999999999999929e+01 9.533518080000000339e+00 2.070975116000000071e+03 2.150421100000000024e+03
1.895500000000000185e+01 9.578697119999999288e+00 2.070598624000000200e+03 2.150421100000000024e+03
1.896000000000000085e+01 9.510928559999999976e+00 2.071163362000000234e+03 2.150421100000000024e+03
1.896499999999999986e+01 9.505003439999999415e+00 2.071212738000000172e+03 2.150421100000000024e+03
1.896999999999999886e+01 9.561662399999999451e+00 2.070740580000000136e+03 2.150421100000000024e+03
1.897500000000000142e+01 9.561662399999999451e+00 2.070740580000000136e+03 2.150421100000000024e+03
1.898000000000000043e+01 9.595731839999999124e+00 2.070456667999999809e+03 2.150421100000000024e+03
1.898499999999999943e+01 9.567217199999998201e+00 2.070694289999999910e+03 2.150421100000000024e+03
1.899000000000000199e+01 9.561662399999999451e+00 2.070740580000000136e+03 2.150421100000000024e+03
1.899500000000000099e+01 9.533518080000000339e+00 2.070975116000000071e+03 2.150421100000000024e+03
1.900000000000000000e+01 9.567217199999998201e+00 2.070694289999999910e+03 2.150421100000000024e+03
1.900499999999999901e+01 9.561662399999999451e+00 2.070740580000000136e+03 2.150421100000000024e+03
1.901000000000000156e+01 9.522038159999999252e+00 2.071070782000000236e+03 2.150421100000000024e+03
1.901500000000000057e+01 9.589806719999998563e+00 2.070506044000000202e+03 2.150421100000000024e+03
1.901999999999999957e+01 9.573142319999998762e+00 2.070644913999999972e+03 2.150421100000000024e+03
1.902499999999999858e+01 9.550552800000000175e+00 2.070833160000000134e+03 2.150421100000000024e+03
1.903000000000000114e+01 9.499448639999998889e+00 2.071259027999999944e+03 2.150421100000000024e+03
1.903500000000000014e+01 9.533518080000000339e+00 2.070975116000000071e+03 2.150421100000000024e+03
1.903999999999999915e+01 9.527963279999999813e+00 2.071021405999999843e+03 2.150421100000000024e+03
1.904500000000000171e+01 9.488339039999999613e+00 2.071351607999999942e+03 2.150421100000000024e+03
1.905000000000000071e+01 9.516483359999998726e+00 2.071117072000000007e+03 2.150421100000000024e+03
1.905499999999999972e+01 9.573142319999998762e+00 2.070644913999999972e+03 2.150421100000000024e+03
1.905999999999999872e+01 9.459824399999998690e+00 2.071589230000000043e+03 2.150421100000000024e+03
1.906500000000000128e+01 9.482413919999999052e+00 2.071400983999999880e+03 2.150421100000000024e+03
1.907000000000000028e+01 9.465749519999999251e+00 2.071539854000000105e+03 2.150421100000000024e+03
1.907499999999999929e+01 9.482413919999999052e+00 2.071400983999999880e+03 2.150421100000000024e+03
1.908000000000000185e+01 9.471304319999998000e+00 2.071493563999999878e+03 2.150421100000000024e+03
1.908500000000000085e+01 9.533518080000000339e+00 2.070975116000000071e+03 2.150421100000000024e+03
1.908999999999999986e+01 9.578697119999999288e+00 2.070598624000000200e+03 2.150421100000000024e+03
1.909499999999999886e+01 9.533518080000000339e+00 2.070975116000000071e+03 2.150421100000000024e+03
1.910000000000000142e+01 9.493893839999998363e+00 2.071305318000000170e+03 2.150421100000000024e+03
1.910500000000000043e+01 9.516483359999998726e+00 2.071117072000000007e+03 2.150421100000000024e+03
1.910999999999999943e+01 9.516483359999998726e+00 2.071117072000000007e+03 2.150421100000000024e+03
1.911500000000000199e+01 9.522038159999999252e+00 2.071070782000000236e+03 2.150421100000000024e+03
1.912000000000000099e+01 9.476859119999998526e+00 2.071447274000000107e+03 2.150421100000000024e+03
1.912500000000000000e+01 9.533518080000000339e+00 2.070975116000000071e+03 2.150421100000000024e+03
1.912999999999999901e+01 9.573142319999998762e+00 2.070644913999999972e+03 2.150421100000000024e+03
1.913500000000000156e+01 9.527963279999999813e+00 2.071021405999999843e+03 2.150421100000000024e+03
1.914000000000000057e+01 9.669055199999998962e+00 2.069845640000000003e+03 2.150421100000000024e+03
1.914499999999999957e+01 9.550552800000000175e+00 2.070833160000000134e+03 2.150421100000000024e+03
1.914999999999999858e+01 9.454269599999998164e+00 2.071635519999999815e+03 2.150421100000000024e+03
1.915500000000000114e+01 9.544627679999997838e+00 2.070882536000000073e+03 2.150421100000000024e+03
1.916000000000000014e+01 9.499448639999998889e+00 2.071259027999999944e+03 2.150421100000000024e+03
1.916499999999999915e+01 9.482413919999999052e+00 2.071400983999999880e+03 2.150421100000000024e+03
1.917000000000000171e+01 9.578697119999999288e+00 2.070598624000000200e+03 2.150421100000000024e+03
1.917500000000000071e+01 9.544627679999997838e+00 2.070882536000000073e+03 2.150421100000000024e+03
1.917999999999999972e+01 9.459824399999998690e+00 2.071589230000000043e+03 2.150421100000000024e+03
1.918499999999999872e+01 9.516483359999998726e+00 2.071117072000000007e+03 2.150421100000000024e+03
1.919000000000000128e+01 9.488339039999999613e+00 2.071351607999999942e+03 2.150421100000000024e+03
1.919500000000000028e+01 9.431680079999997801e+00 2.071823765999999978e+03 2.150421100000000024e+03
1.919999999999999929e+01 9.493893839999998363e+00 2.071305318000000170e+03 2.150421100000000024e+03
1.920500000000000185e+01 9.505003439999999415e+00 2.071212738000000172e+03 2.150421100000000024e+03
1.921000000000000085e+01 9.488339039999999613e+00 2.071351607999999942e+03 2.150421100000000024e+03
1.921499999999999986e+01 9.471304319999998000e+00 2.071493563999999878e+03 2.150421100000000024e+03
1.921999999999999886e+01 9.476859119999998526e+00 2.071447274000000107e+03 2.150421100000000024e+03
1.922500000000000142e+01 9.476859119999998526e+00 2.071447274000000107e+03 2.150421100000000024e+03
1.923000000000000043e+01 9.527963279999999813e+00 2.071021405999999843e+03 2.150421100000000024e+03
1.923499999999999943e+01 9.471304319999998000e+00 2.071493563999999878e+03 2.150421100000000024e+03
1.924000000000000199e+01 9.426125279999999051e+00 2.071870056000000204e+03 2.150421100000000024e+03
1.924500000000000099e+01 9.459824399999998690e+00 2.071589230000000043e+03 2.150421100000000024e+03
1.925000000000000000e+01 9.493893839999998363e+00 2.071305318000000170e+03 2.150421100000000024e+03
1.925499999999999901e+01 9.488339039999999613e+00 2.071351607999999942e+03 2.150421100000000024e+03
1.926000000000000156e+01 9.459824399999998690e+00 2.071589230000000043e+03 2.150421100000000024e+03
1.926500000000000057e+01 9.465749519999999251e+00 2.071539854000000105e+03 2.150421100000000024e+03
1.926999999999999957e+01 9.533518080000000339e+00 2.070975116000000071e+03 2.150421100000000024e+03
1.927499999999999858e+01 9.476859119999998526e+00 2.071447274000000107e+03 2.150421100000000024e+03
1.928000000000000114e+01 9.516483359999998726e+00 2.071117072000000007e+03 2.150421100000000024e+03
1.928500000000000014e+01 9.510928559999999976e+00 2.071163362000000234e+03 2.150421100000000024e+03
1.928999999999999915e+01 9.493893839999998363e+00 2.071305318000000170e+03 2.150421100000000024e+03
1.929500000000000171e+01 9.454269599999998164e+00 2.071635519999999815e+03 2.150421100000000024e+03
1.930000000000000071e+01 9.443159999999998888e+00 2.071728099999999813e+03 2.150421100000000024e+03
1.930499999999999972e+01 9.448714799999997638e+00 2.071681810000000041e+03 2.150421100000000024e+03
1.930999999999999872e+01 9.443159999999998888e+00 2.071728099999999813e+03 2.150421100000000024e+03
1.931500000000000128e+01 9.510928559999999976e+00 2.071163362000000234e+03 2.150421100000000024e+03
1.932000000000000028e+01 9.482413919999999052e+00 2.071400983999999880e+03 2.150421100000000024e+03
1.932499999999999929e+01 9.539072880000000865e+00 2.070928825999999844e+03 2.150421100000000024e+03
1.933000000000000185e+01 9.459824399999998690e+00 2.071589230000000043e+03 2.150421100000000024e+03
1.933500000000000085e+01 9.403535759999998689e+00 2.072058301999999912e+03 2.150421100000000024e+03
1.933999999999999986e+01 9.459824399999998690e+00 2.071589230000000043e+03 2.150421100000000024e+03
1.934499999999999886e+01 9.465749519999999251e+00 2.071539854000000105e+03 2.150421100000000024e+03
1.935000000000000142e+01 9.437234879999998327e+00 2.071777476000000206e+03 2.150421100000000024e+03
1.935500000000000043e+01 9.482413919999999052e+00 2.071400983999999880e+03 2.150421100000000024e+03
1.935999999999999943e+01 9.448714799999997638e+00 2.071681810000000041e+03 2.150421100000000024e+03
1.936500000000000199e+01 9.431680079999997801e+00 2.071823765999999978e+03 2.150421100000000024e+03
1.937000000000000099e+01 9.409090559999999215e+00 2.072012012000000141e+03 2.150421100000000024e+03
1.937500000000000000e+01 9.397980959999999939e+00 2.072104592000000139e+03 2.150421100000000024e+03
1.937999999999999901e+01 9.392055839999999378e+00 2.072153968000000077e+03 2.150421100000000024e+03
1.938500000000000156e+01 9.380946239999998326e+00 2.072246548000000075e+03 2.150421100000000024e+03
1.939000000000000057e+01 9.426125279999999051e+00 2.071870056000000204e+03 2.150421100000000024e+03
1.939499999999999957e+01 9.392055839999999378e+00 2.072153968000000077e+03 2.150421100000000024e+03
1.939999999999999858e+01 9.465749519999999251e+00 2.071539854000000105e+03 2.150421100000000024e+03
1.940500000000000114e+01 9.437234879999998327e+00 2.071777476000000206e+03 2.150421100000000024e+03
1.941000000000000014e+01 9.510928559999999976e+00 2.071163362000000234e+03 2.150421100000000024e+03
1.941499999999999915e+01 9.471304319999998000e+00 2.071493563999999878e+03 2.150421100000000024e+03
1.942000000000000171e+01 9.443159999999998888e+00 2.071728099999999813e+03 2.150421100000000024e+03
1.942500000000000071e+01 9.493893839999998363e+00 2.071305318000000170e+03 2.150421100000000024e+03
1.942999999999999972e+01 9.426125279999999051e+00 2.071870056000000204e+03 2.150421100000000024e+03
1.943499999999999872e+01 9.499448639999998889e+00 2.071259027999999944e+03 2.150421100000000024e+03
1.944000000000000128e+01 9.550552800000000175e+00 2.070833160000000134e+03 2.150421100000000024e+03
1.944500000000000028e+01 9.522038159999999252e+00 2.071070782000000236e+03 2.150421100000000024e+03
1.944999999999999929e+01 9.556107599999998925e+00 2.070786869999999908e+03 2.150421100000000024e+03
1.945500000000000185e+01 9.499448639999998889e+00 2.071259027999999944e+03 2.150421100000000024e+03
1.946000000000000085e+01 9.454269599999998164e+00 2.071635519999999815e+03 2.150421100000000024e+03
1.946499999999999986e+01 9.431680079999997801e+00 2.071823765999999978e+03 2.150421100000000024e+03
1.946999999999999886e+01 9.471304319999998000e+00 2.071493563999999878e+03 2.150421100000000024e+03
1.947500000000000142e+01 9.459824399999998690e+00 2.071589230000000043e+03 2.150421100000000024e+03
1.948000000000000043e+01 9.431680079999997801e+00 2.071823765999999978e+03 2.150421100000000024e+03
1.948499999999999943e+01 9.482413919999999052e+00 2.071400983999999880e+03 2.150421100000000024e+03
1.949000000000000199e+01 9.488339039999999613e+00 2.071351607999999942e+03 2.150421100000000024e+03
1.949500000000000099e+01 9.493893839999998363e+00 2.071305318000000170e+03 2.150421100000000024e+03
1.950000000000000000e+01 9.420570480000000302e+00 2.071916345999999976e+03 2.150421100000000024e+03
1.950499999999999901e+01 9.409090559999999215e+00 2.072012012000000141e+03 2.150421100000000024e+03
1.951000000000000156e+01 9.414645359999999741e+00 2.071965721999999914e+03 2.150421100000000024e+03
1.951500000000000057e+01 9.380946239999998326e+00 2.072246548000000075e+03 2.150421100000000024e+03
1.951999999999999957e+01 9.459824399999998690e+00 2.071589230000000043e+03 2.150421100000000024e+03
1.952499999999999858e+01 9.471304319999998000e+00 2.071493563999999878e+03 2.150421100000000024e+03
1.953000000000000114e+01 9.431680079999997801e+00 2.071823765999999978e+03 2.150421100000000024e+03
1.953500000000000014e+01 9.448714799999997638e+00 2.071681810000000041e+03 2.150421100000000024e+03
1.953999999999999915e+01 9.431680079999997801e+00 2.071823765999999978e+03 2.150421100000000024e+03
1.954500000000000171e+01 9.380946239999998326e+00 2.072246548000000075e+03 2.150421100000000024e+03
1.955000000000000071e+01 9.369466319999999016e+00 2.072342214000000240e+03 2.150421100000000024e+03
1.955499999999999972e+01 9.459824399999998690e+00 2.071589230000000043e+03 2.150421100000000024e+03
1.955999999999999872e+01 9.329842079999998816e+00 2.072672415999999885e+03 2.150421100000000024e+03
1.956500000000000128e+01 9.420570480000000302e+00 2.071916345999999976e+03 2.150421100000000024e+03
1.957000000000000028e+01 9.471304319999998000e+00 2.071493563999999878e+03 2.150421100000000024e+03
1.957499999999999929e+01 9.420570480000000302e+00 2.071916345999999976e+03 2.150421100000000024e+03
1.958000000000000185e+01 9.465749519999999251e+00 2.071539854000000105e+03 2.150421100000000024e+03
1.958500000000000085e+01 9.380946239999998326e+00 2.072246548000000075e+03 2.150421100000000024e+03
1.958999999999999986e+01 9.386501039999998852e+00 2.072200257999999849e+03 2.150421100000000024e+03
1.959499999999999886e+01 9.403535759999998689e+00 2.072058301999999912e+03 2.150421100000000024e+03
1.960000000000000142e+01 9.431680079999997801e+00 2.071823765999999978e+03 2.150421100000000024e+03
1.960500000000000043e+01 9.493893839999998363e+00 2.071305318000000170e+03 2.150421100000000024e+03
1.960999999999999943e+01 9.505003439999999415e+00 2.071212738000000172e+03 2.150421100000000024e+03
1.961500000000000199e+01 9.426125279999999051e+00 2.071870056000000204e+03 2.150421100000000024e+03
1.962000000000000099e+01 9.397980959999999939e+00 2.072104592000000139e+03 2.150421100000000024e+03
1.962500000000000000e+01 9.380946239999998326e+00 2.072246548000000075e+03 2.150421100000000024e+03
1.962999999999999901e+01 9.409090559999999215e+00 2.072012012000000141e+03 2.150421100000000024e+03
1.963500000000000156e+01 9.448714799999997638e+00 2.071681810000000041e+03 2.150421100000000024e+03
1.964000000000000057e+01 9.426125279999999051e+00 2.071870056000000204e+03 2.150421100000000024e+03
1.964499999999999957e+01 9.465749519999999251e+00 2.071539854000000105e+03 2.150421100000000024e+03
1.964999999999999858e+01 9.476859119999998526e+00 2.071447274000000107e+03 2.150421100000000024e+03
1.965500000000000114e+01 9.510928559999999976e+00 2.071163362000000234e+03 2.150421100000000024e+03
1.966000000000000014e+01 9.443159999999998888e+00 2.071728099999999813e+03 2.150421100000000024e+03
1.966499999999999915e+01 9.443159999999998888e+00 2.071728099999999813e+03 2.150421100000000024e+03
1.967000000000000171e+01 9.363911519999998490e+00 2.072388504000000012e+03 2.150421100000000024e+03
1.967500000000000071e+01 9.493893839999998363e+00 2.071305318000000170e+03 2.150421100000000024e+03
1.967999999999999972e+01 9.454269599999998164e+00 2.071635519999999815e+03 2.150421100000000024e+03
1.968499999999999872e+01 9.454269599999998164e+00 2.071635519999999815e+03 2.150421100000000024e+03
1.969000000000000128e+01 9.431680079999997801e+00 2.071823765999999978e+03 2.150421100000000024e+03
1.969500000000000028e+01 9.505003439999999415e+00 2.071212738000000172e+03 2.150421100000000024e+03
1.969999999999999929e+01 9.454269599999998164e+00 2.071635519999999815e+03 2.150421100000000024e+03
1.970500000000000185e+01 9.392055839999999378e+00 2.072153968000000077e+03 2.150421100000000024e+03
1.971000000000000085e+01 9.380946239999998326e+00 2.072246548000000075e+03 2.150421100000000024e+03
1.971499999999999986e+01 9.397980959999999939e+00 2.072104592000000139e+03 2.150421100000000024e+03
1.971999999999999886e+01 9.414645359999999741e+00 2.071965721999999914e+03 2.150421100000000024e+03
1.972500000000000142e+01 9.459824399999998690e+00 2.071589230000000043e+03 2.150421100000000024e+03
1.973000000000000043e+01 9.454269599999998164e+00 2.071635519999999815e+03 2.150421100000000024e+03
1.973499999999999943e+01 9.493893839999998363e+00 2.071305318000000170e+03 2.150421100000000024e+03
1.974000000000000199e+01 9.505003439999999415e+00 2.071212738000000172e+03 2.150421100000000024e+03
1.974500000000000099e+01 9.510928559999999976e+00 2.071163362000000234e+03 2.150421100000000024e+03
1.975000000000000000e+01 9.505003439999999415e+00 2.071212738000000172e+03 2.150421100000000024e+03
1.975499999999999901e+01 9.505003439999999415e+00 2.071212738000000172e+03 2.150421100000000024e+03
1.976000000000000156e+01 9.454269599999998164e+00 2.071635519999999815e+03 2.150421100000000024e+03
1.976500000000000057e+01 9.459824399999998690e+00 2.071589230000000043e+03 2.150421100000000024e+03
1.976999999999999957e+01 9.510928559999999976e+00 2.071163362000000234e+03 2.150421100000000024e+03
1.977499999999999858e+01 9.488339039999999613e+00 2.071351607999999942e+03 2.150421100000000024e+03
1.978000000000000114e+01 9.476859119999998526e+00 2.071447274000000107e+03 2.150421100000000024e+03
1.978500000000000014e+01 9.443159999999998888e+00 2.071728099999999813e+03 2.150421100000000024e+03
1.978999999999999915e+01 9.397980959999999939e+00 2.072104592000000139e+03 2.150421100000000024e+03
1.979500000000000171e+01 9.397980959999999939e+00 2.072104592000000139e+03 2.150421100000000024e+03
1.980000000000000071e+01 9.341321999999998127e+00 2.072576750000000175e+03 2.150421100000000024e+03
1.980499999999999972e+01 9.431680079999997801e+00 2.071823765999999978e+03 2.150421100000000024e+03
1.980999999999999872e+01 9.488339039999999613e+00 2.071351607999999942e+03 2.150421100000000024e+03
1.981500000000000128e+01 9.386501039999998852e+00 2.072200257999999849e+03 2.150421100000000024e+03
1.982000000000000028e+01 9.482413919999999052e+00 2.071400983999999880e+03 2.150421100000000024e+03
1.982499999999999929e+01 9.454269599999998164e+00 2.071635519999999815e+03 2.150421100000000024e+03
1.983000000000000185e+01 9.443159999999998888e+00 2.071728099999999813e+03 2.150421100000000024e+03
1.983500000000000085e+01 9.454269599999998164e+00 2.071635519999999815e+03 2.150421100000000024e+03
1.983999999999999986e+01 9.414645359999999741e+00 2.071965721999999914e+03 2.150421100000000024e+03
1.984499999999999886e+01 9.437234879999998327e+00 2.071777476000000206e+03 2.150421100000000024e+03
1.985000000000000142e+01 9.465749519999999251e+00 2.071539854000000105e+03 2.150421100000000024e+03
1.985500000000000043e+01 9.505003439999999415e+00 2.071212738000000172e+03 2.150421100000000024e+03
1.985999999999999943e+01 9.454269599999998164e+00 2.071635519999999815e+03 2.150421100000000024e+03
1.986500000000000199e+01 9.454269599999998164e+00 2.071635519999999815e+03 2.150421100000000024e+03
1.987000000000000099e+01 9.426125279999999051e+00 2.071870056000000204e+03 2.150421100000000024e+03
1.987500000000000000e+01 9.431680079999997801e+00 2.071823765999999978e+03 2.150421100000000024e+03
1.987999999999999901e+01 9.375391439999999577e+00 2.072292837999999847e+03 2.150421100000000024e+03
1.988500000000000156e+01 9.392055839999999378e+00 2.072153968000000077e+03 2.150421100000000024e+03
1.989000000000000057e+01 9.431680079999997801e+00 2.071823765999999978e+03 2.150421100000000024e+03
1.989499999999999957e+01 9.380946239999998326e+00 2.072246548000000075e+03 2.150421100000000024e+03
1.989999999999999858e+01 9.426125279999999051e+00 2.071870056000000204e+03 2.150421100000000024e+03
1.990500000000000114e+01 9.358356719999997964e+00 2.072434794000000238e+03 2.150421100000000024e+03
1.991000000000000014e+01 9.448714799999997638e+00 2.071681810000000041e+03 2.150421100000000024e+03
1.991499999999999915e+01 9.392055839999999378e+00 2.072153968000000077e+03 2.150421100000000024e+03
1.992000000000000171e+01 9.352431599999999179e+00 2.072484170000000177e+03 2.150421100000000024e+03
1.992500000000000071e+01 9.380946239999998326e+00 2.072246548000000075e+03 2.150421100000000024e+03
1.992999999999999972e+01 9.392055839999999378e+00 2.072153968000000077e+03 2.150421100000000024e+03
1.993499999999999872e+01 9.437234879999998327e+00 2.071777476000000206e+03 2.150421100000000024e+03
1.994000000000000128e+01 9.448714799999997638e+00 2.071681810000000041e+03 2.150421100000000024e+03
1.994500000000000028e+01 9.403535759999998689e+00 2.072058301999999912e+03 2.150421100000000024e+03
1.994999999999999929e+01 9.443159999999998888e+00 2.071728099999999813e+03 2.150421100000000024e+03
1.995500000000000185e+01 9.380946239999998326e+00 2.072246548000000075e+03 2.150421100000000024e+03
1.996000000000000085e+01 9.352431599999999179e+00 2.072484170000000177e+03 2.150421100000000024e+03
1.996499999999999986e+01 9.409090559999999215e+00 2.072012012000000141e+03 2.150421100000000024e+03
1.996999999999999886e+01 9.431680079999997801e+00 2.071823765999999978e+03 2.150421100000000024e+03
1.997500000000000142e+01 9.443159999999998888e+00 2.071728099999999813e+03 2.150421100000000024e+03
1.998000000000000043e+01 9.448714799999997638e+00 2.071681810000000041e+03 2.150421100000000024e+03
1.998499999999999943e+01 9.448714799999997638e+00 2.071681810000000041e+03 2.150421100000000024e+03
1.999000000000000199e+01 9.409090559999999215e+00 2.072012012000000141e+03 2.150421100000000024e+03
1.999500000000000099e+01 9.420570480000000302e+00 2.071916345999999976e+03 2.150421100000000024e+03
2.000000000000000000e+01 9.448714799999997638e+00 2.071681810000000041e+03 2.150421100000000024e+03
2.000499999999999901e+01 9.443159999999998888e+00 2.071728099999999813e+03 2.150421100000000024e+03
2.001000000000000156e+01 9.363911519999998490e+00 2.072388504000000012e+03 2.150421100000000024e+03
2.001500000000000057e+01 9.403535759999998689e+00 2.072058301999999912e+03 2.150421100000000024e+03
2.001999999999999957e+01 9.386501039999998852e+00 2.072200257999999849e+03 2.150421100000000024e+03
2.002499999999999858e+01 9.403535759999998689e+00 2.072058301999999912e+03 2.150421100000000024e+03
2.003000000000000114e+01 9.420570480000000302e+00 2.071916345999999976e+03 2.150421100000000024e+03
2.003500000000000014e+01 9.369466319999999016e+00 2.072342214000000240e+03 2.150421100000000024e+03
2.003999999999999915e+01 9.341321999999998127e+00 2.072576750000000175e+03 2.150421100000000024e+03
2.004500000000000171e+01 9.397980959999999939e+00 2.072104592000000139e+03 2.150421100000000024e+03
2.005000000000000071e+01 9.465749519999999251e+00 2.071539854000000105e+03 2.150421100000000024e+03
2.005499999999999972e+01 9.437234879999998327e+00 2.071777476000000206e+03 2.150421100000000024e+03
2.005999999999999872e+01 9.369466319999999016e+00 2.072342214000000240e+03 2.150421100000000024e+03
2.006500000000000128e+01 9.358356719999997964e+00 2.072434794000000238e+03 2.150421100000000024e+03
2.007000000000000028e+01 9.369466319999999016e+00 2.072342214000000240e+03 2.150421100000000024e+03
2.007499999999999929e+01 9.375391439999999577e+00 2.072292837999999847e+03 2.150421100000000024e+03
2.008000000000000185e+01 9.375391439999999577e+00 2.072292837999999847e+03 2.150421100000000024e+03
2.008500000000000085e+01 9.465749519999999251e+00 2.071539854000000105e+03 2.150421100000000024e+03
2.008999999999999986e+01 9.414645359999999741e+00 2.071965721999999914e+03 2.150421100000000024e+03
2.009499999999999886e+01 9.420570480000000302e+00 2.071916345999999976e+03 2.150421100000000024e+03
2.010000000000000142e+01 9.335767199999997601e+00 2.072623039999999946e+03 2.150421100000000024e+03
2.010500000000000043e+01 9.386501039999998852e+00 2.072200257999999849e+03 2.150421100000000024e+03
2.010999999999999943e+01 9.431680079999997801e+00 2.071823765999999978e+03 2.150421100000000024e+03
2.011500000000000199e+01 9.386501039999998852e+00 2.072200257999999849e+03 2.150421100000000024e+03
2.012000000000000099e+01 9.409090559999999215e+00 2.072012012000000141e+03 2.150421100000000024e+03
2.012500000000000000e+01 9.392055839999999378e+00 2.072153968000000077e+03 2.150421100000000024e+03
2.012999999999999901e+01 9.482413919999999052e+00 2.071400983999999880e+03 2.150421100000000024e+03
2.013500000000000156e+01 9.465749519999999251e+00 2.071539854000000105e+03 2.150421100000000024e+03
2.014000000000000057e+01 9.482413919999999052e+00 2.071400983999999880e+03 2.150421100000000024e+03
2.014499999999999957e+01 9.443159999999998888e+00 2.071728099999999813e+03 2.150421100000000024e+03
2.014999999999999858e+01 9.448714799999997638e+00 2.071681810000000041e+03 2.150421100000000024e+03
2.015500000000000114e+01 9.471304319999998000e+00 2.071493563999999878e+03 2.150421100000000024e+03
2.016000000000000014e+01 9.358356719999997964e+00 2.072434794000000238e+03 2.150421100000000024e+03
2.016499999999999915e+01 9.448714799999997638e+00 2.071681810000000041e+03 2.150421100000000024e+03
2.017000000000000171e+01 9.426125279999999051e+00 2.071870056000000204e+03 2.150421100000000024e+03
2.017500000000000071e+01 9.465749519999999251e+00 2.071539854000000105e+03 2.150421100000000024e+03
2.017999999999999972e+01 9.437234879999998327e+00 2.071777476000000206e+03 2.150421100000000024e+03
2.018499999999999872e+01 9.471304319999998000e+00 2.071493563999999878e+03 2.150421100000000024e+03
2.019000000000000128e+01 9.403535759999998689e+00 2.072058301999999912e+03 2.150421100000000024e+03
2.019500000000000028e+01 9.403535759999998689e+00 2.072058301999999912e+03 2.150421100000000024e+03
2.019999999999999929e+01 9.346876799999998653e+00 2.072530459999999948e+03 2.150421100000000024e+03
2.020500000000000185e+01 9.443159999999998888e+00 2.071728099999999813e+03 2.150421100000000024e+03
2.021000000000000085e+01 9.426125279999999051e+00 2.071870056000000204e+03 2.150421100000000024e+03
2.021499999999999986e+01 9.431680079999997801e+00 2.071823765999999978e+03 2.150421100000000024e+03
2.021999999999999886e+01 9.476859119999998526e+00 2.071447274000000107e+03 2.150421100000000024e+03
2.022500000000000142e+01 9.510928559999999976e+00 2.071163362000000234e+03 2.150421100000000024e+03
2.023000000000000043e+01 9.471304319999998000e+00 2.071493563999999878e+03 2.150421100000000024e+03
2.023499999999999943e+01 9.380946239999998326e+00 2.072246548000000075e+03 2.150421100000000024e+03
2.024000000000000199e+01 9.409090559999999215e+00 2.072012012000000141e+03 2.150421100000000024e+03
2.024500000000000099e+01 9.386501039999998852e+00 2.072200257999999849e+03 2.150421100000000024e+03
2.025000000000000000e+01 9.409090559999999215e+00 2.072012012000000141e+03 2.150421100000000024e+03
2.025499999999999901e+01 9.426125279999999051e+00 2.071870056000000204e+03 2.150421100000000024e+03
2.026000000000000156e+01 9.431680079999997801e+00 2.071823765999999978e+03 2.150421100000000024e+03
2.026500000000000057e+01 9.386501039999998852e+00 2.072200257999999849e+03 2.150421100000000024e+03
2.026999999999999957e+01 9.420570480000000302e+00 2.071916345999999976e+03 2.150421100000000024e+03
2.027499999999999858e+01 9.414645359999999741e+00 2.071965721999999914e+03 2.150421100000000024e+03
2.028000000000000114e+01 9.448714799999997638e+00 2.071681810000000041e+03 2.150421100000000024e+03
2.028500000000000014e+01 9.471304319999998000e+00 2.071493563999999878e+03 2.150421100000000024e+03
2.028999999999999915e+01 9.488339039999999613e+00 2.071351607999999942e+03 2.150421100000000024e+03
2.029500000000000171e+01 9.482413919999999052e+00 2.071400983999999880e+03 2.150421100000000024e+03
2.030000000000000071e+01 9.527963279999999813e+00 2.071021405999999843e+03 2.150421100000000024e+03
2.030499999999999972e+01 9.482413919999999052e+00 2.071400983999999880e+03 2.150421100000000024e+03
2.030999999999999872e+01 9.454269599999998164e+00 2.071635519999999815e+03 2.150421100000000024e+03
2.031500000000000128e+01 9.426125279999999051e+00 2.071870056000000204e+03 2.150421100000000024e+03
2.032000000000000028e+01 9.386501039999998852e+00 2.072200257999999849e+03 2.150421100000000024e+03
2.032499999999999929e+01 9.380946239999998326e+00 2.072246548000000075e+03 2.150421100000000024e+03
2.033000000000000185e+01 9.437234879999998327e+00 2.071777476000000206e+03 2.150421100000000024e+03
2.033500000000000085e+01 9.431680079999997801e+00 2.071823765999999978e+03 2.150421100000000024e+03
2.033999999999999986e+01 9.397980959999999939e+00 2.072104592000000139e+03 2.150421100000000024e+03
2.034499999999999886e+01 9.426125279999999051e+00 2.071870056000000204e+03 2.150421100000000024e+03
2.035000000000000142e+01 9.397980959999999939e+00 2.072104592000000139e+03 2.150421100000000024e+03
2.035500000000000043e+01 9.392055839999999378e+00 2.072153968000000077e+03 2.150421100000000024e+03
2.035999999999999943e+01 9.363911519999998490e+00 2.072388504000000012e+03 2.150421100000000024e+03
2.036500000000000199e+01 9.375391439999999577e+00 2.072292837999999847e+03 2.150421100000000024e+03
2.037000000000000099e+01 9.403535759999998689e+00 2.072058301999999912e+03 2.150421100000000024e+03
2.037500000000000000e+01 9.380946239999998326e+00 2.072246548000000075e+03 2.150421100000000024e+03
2.037999999999999901e+01 9.380946239999998326e+00 2.072246548000000075e+03 2.150421100000000024e+03
2.038500000000000156e+01 9.375391439999999577e+00 2.072292837999999847e+03 2.150421100000000024e+03
2.039000000000000057e+01 9.358356719999997964e+00 2.072434794000000238e+03 2.150421100000000024e+03
2.039499999999999957e+01 9.358356719999997964e+00 2.072434794000000238e+03 2.150421100000000024e+03
2.039999999999999858e+01 9.318732479999997764e+00 2.072764995999999883e+03 2.150421100000000024e+03
2.040500000000000114e+01 9.392055839999999378e+00 2.072153968000000077e+03 2.150421100000000024e+03
2.041000000000000014e+01 9.358356719999997964e+00 2.072434794000000238e+03 2.150421100000000024e+03
2.041499999999999915e+01 9.397980959999999939e+00 2.072104592000000139e+03 2.150421100000000024e+03
2.042000000000000171e+01 9.414645359999999741e+00 2.071965721999999914e+03 2.150421100000000024e+03
2.042500000000000071e+01 9.409090559999999215e+00 2.072012012000000141e+03 2.150421100000000024e+03
2.042999999999999972e+01 9.324287279999998290e+00 2.072718706000000111e+03 2.150421100000000024e+03
2.043499999999999872e+01 9.369466319999999016e+00 2.072342214000000240e+03 2.150421100000000024e+03
2.044000000000000128e+01 9.352431599999999179e+00 2.072484170000000177e+03 2.150421100000000024e+03
2.044500000000000028e+01 9.352431599999999179e+00 2.072484170000000177e+03 2.150421100000000024e+03
2.044999999999999929e+01 9.329842079999998816e+00 2.072672415999999885e+03 2.150421100000000024e+03
2.045500000000000185e+01 9.409090559999999215e+00 2.072012012000000141e+03 2.150421100000000024e+03
2.046000000000000085e+01 9.420570480000000302e+00 2.071916345999999976e+03 2.150421100000000024e+03
2.046499999999999986e+01 9.431680079999997801e+00 2.071823765999999978e+03 2.150421100000000024e+03
2.046999999999999886e+01 9.409090559999999215e+00 2.072012012000000141e+03 2.150421100000000024e+03
2.047500000000000142e+01 9.363911519999998490e+00 2.072388504000000012e+03 2.150421100000000024e+03
2.048000000000000043e+01 9.346876799999998653e+00 2.072530459999999948e+03 2.150421100000000024e+03
2.048499999999999943e+01 9.352431599999999179e+00 2.072484170000000177e+03 2.150421100000000024e+03
2.049000000000000199e+01 9.386501039999998852e+00 2.072200257999999849e+03 2.150421100000000024e+03
2.049500000000000099e+01 9.335767199999997601e+00 2.072623039999999946e+03 2.150421100000000024e+03
2.050000000000000000e+01 9.443159999999998888e+00 2.071728099999999813e+03 2.150421100000000024e+03
2.050499999999999901e+01 9.426125279999999051e+00 2.071870056000000204e+03 2.150421100000000024e+03
2.051000000000000156e+01 9.329842079999998816e+00 2.072672415999999885e+03 2.150421100000000024e+03
2.051500000000000057e+01 9.335767199999997601e+00 2.072623039999999946e+03 2.150421100000000024e+03
2.051999999999999957e+01 9.386501039999998852e+00 2.072200257999999849e+03 2.150421100000000024e+03
2.052499999999999858e+01 9.363911519999998490e+00 2.072388504000000012e+03 2.150421100000000024e+03
2.053000000000000114e+01 9.346876799999998653e+00 2.072530459999999948e+03 2.150421100000000024e+03
2.053500000000000014e+01 9.459824399999998690e+00 2.071589230000000043e+03 2.150421100000000024e+03
2.053999999999999915e+01 9.363911519999998490e+00 2.072388504000000012e+03 2.150421100000000024e+03
2.054500000000000171e+01 9.358356719999997964e+00 2.072434794000000238e+03 2.150421100000000024e+03
2.055000000000000071e+01 9.369466319999999016e+00 2.072342214000000240e+03 2.150421100000000024e+03
2.055499999999999972e+01 9.352431599999999179e+00 2.072484170000000177e+03 2.150421100000000024e+03
2.055999999999999872e+01 9.380946239999998326e+00 2.072246548000000075e+03 2.150421100000000024e+03
2.056500000000000128e+01 9.380946239999998326e+00 2.072246548000000075e+03 2.150421100000000024e+03
2.057000000000000028e+01 9.454269599999998164e+00 2.071635519999999815e+03 2.150421100000000024e+03
2.057499999999999929e+01 9.420570480000000302e+00 2.071916345999999976e+03 2.150421100000000024e+03
2.058000000000000185e+01 9.420570480000000302e+00 2.071916345999999976e+03 2.150421100000000024e+03
2.058500000000000085e+01 9.386501039999998852e+00 2.072200257999999849e+03 2.150421100000000024e+03
2.058999999999999986e+01 9.346876799999998653e+00 2.072530459999999948e+03 2.150421100000000024e+03
2.059499999999999886e+01 9.335767199999997601e+00 2.072623039999999946e+03 2.150421100000000024e+03
2.060000000000000142e+01 9.335767199999997601e+00 2.072623039999999946e+03 2.150421100000000024e+03
2.060500000000000043e+01 9.380946239999998326e+00 2.072246548000000075e+03 2.150421100000000024e+03
2.060999999999999943e+01 9.420570480000000302e+00 2.071916345999999976e+03 2.150421100000000024e+03
2.061500000000000199e+01 9.375391439999999577e+00 2.072292837999999847e+03 2.150421100000000024e+03
2.062000000000000099e+01 9.363911519999998490e+00 2.072388504000000012e+03 2.150421100000000024e+03
2.062500000000000000e+01 9.403535759999998689e+00 2.072058301999999912e+03 2.150421100000000024e+03
2.062999999999999901e+01 9.352431599999999179e+00 2.072484170000000177e+03 2.150421100000000024e+03
2.063500000000000156e+01 9.363911519999998490e+00 2.072388504000000012e+03 2.150421100000000024e+03
2.064000000000000057e+01 9.341321999999998127e+00 2.072576750000000175e+03 2.150421100000000024e+03
2.064499999999999957e+01 9.324287279999998290e+00 2.072718706000000111e+03 2.150421100000000024e+03
2.064999999999999858e+01 9.369466319999999016e+00 2.072342214000000240e+03 2.150421100000000024e+03
2.065500000000000114e+01 9.375391439999999577e+00 2.072292837999999847e+03 2.150421100000000024e+03
2.066000000000000014e+01 9.363911519999998490e+00 2.072388504000000012e+03 2.150421100000000024e+03
2.066499999999999915e+01 9.341321999999998127e+00 2.072576750000000175e+03 2.150421100000000024e+03
2.067000000000000171e+01 9.352431599999999179e+00 2.072484170000000177e+03 2.150421100000000024e+03
2.067500000000000071e+01 9.341321999999998127e+00 2.072576750000000175e+03 2.150421100000000024e+03
2.067999999999999972e+01 9.313177679999999015e+00 2.072811286000000109e+03 2.150421100000000024e+03
2.068499999999999872e+01 9.324287279999998290e+00 2.072718706000000111e+03 2.150421100000000024e+03
2.069000000000000128e+01 9.375391439999999577e+00 2.072292837999999847e+03 2.150421100000000024e+03
2.069500000000000028e+01 9.307252559999998454e+00 2.072860662000000048e+03 2.150421100000000024e+03
2.069999999999999929e+01 9.346876799999998653e+00 2.072530459999999948e+03 2.150421100000000024e+03
2.070500000000000185e+01 9.301697759999999704e+00 2.072906951999999819e+03 2.150421100000000024e+03
2.071000000000000085e+01 9.329842079999998816e+00 2.072672415999999885e+03 2.150421100000000024e+03
2.071499999999999986e+01 9.296142959999999178e+00 2.072953242000000046e+03 2.150421100000000024e+03
2.071999999999999886e+01 9.341321999999998127e+00 2.072576750000000175e+03 2.150421100000000024e+03
2.072500000000000142e+01 9.318732479999997764e+00 2.072764995999999883e+03 2.150421100000000024e+03
2.073000000000000043e+01 9.341321999999998127e+00 2.072576750000000175e+03 2.150421100000000024e+03
2.073499999999999943e+01 9.352431599999999179e+00 2.072484170000000177e+03 2.150421100000000024e+03
2.074000000000000199e+01 9.335767199999997601e+00 2.072623039999999946e+03 2.150421100000000024e+03
2.074500000000000099e+01 9.256518719999998979e+00 2.073283444000000145e+03 2.150421100000000024e+03
2.075000000000000000e+01 9.329842079999998816e+00 2.072672415999999885e+03 2.150421100000000024e+03
2.075499999999999901e+01 9.329842079999998816e+00 2.072672415999999885e+03 2.150421100000000024e+03
2.076000000000000156e+01 9.341321999999998127e+00 2.072576750000000175e+03 2.150421100000000024e+03
2.076500000000000057e+01 9.318732479999997764e+00 2.072764995999999883e+03 2.150421100000000024e+03
2.076999999999999957e+01 9.375391439999999577e+00 2.072292837999999847e+03 2.150421100000000024e+03
2.077499999999999858e+01 9.284663039999999867e+00 2.073048908000000210e+03 2.150421100000000024e+03
2.078000000000000114e+01 9.267998640000000066e+00 2.073187777999999980e+03 2.150421100000000024e+03
2.078500000000000014e+01 9.273553439999998815e+00 2.073141488000000209e+03 2.150421100000000024e+03
2.078999999999999915e+01 9.313177679999999015e+00 2.072811286000000109e+03 2.150421100000000024e+03
2.079500000000000171e+01 9.313177679999999015e+00 2.072811286000000109e+03 2.150421100000000024e+03
2.080000000000000071e+01 9.335767199999997601e+00 2.072623039999999946e+03 2.150421100000000024e+03
2.080499999999999972e+01 9.335767199999997601e+00 2.072623039999999946e+03 2.150421100000000024e+03
2.080999999999999872e+01 9.363911519999998490e+00 2.072388504000000012e+03 2.150421100000000024e+03
2.081500000000000128e+01 9.307252559999998454e+00 2.072860662000000048e+03 2.150421100000000024e+03
2.082000000000000028e+01 9.335767199999997601e+00 2.072623039999999946e+03 2.150421100000000024e+03
2.082499999999999929e+01 9.273553439999998815e+00 2.073141488000000209e+03 2.150421100000000024e+03
2.083000000000000185e+01 9.250963919999998453e+00 2.073329733999999917e+03 2.150421100000000024e+03
2.083500000000000085e+01 9.284663039999999867e+00 2.073048908000000210e+03 2.150421100000000024e+03
2.083999999999999986e+01 9.273553439999998815e+00 2.073141488000000209e+03 2.150421100000000024e+03
2.084499999999999886e+01 9.239483999999999142e+00 2.073425400000000081e+03 2.150421100000000024e+03
2.085000000000000142e+01 9.313177679999999015e+00 2.072811286000000109e+03 2.150421100000000024e+03
2.085500000000000043e+01 9.313177679999999015e+00 2.072811286000000109e+03 2.150421100000000024e+03
2.085999999999999943e+01 9.318732479999997764e+00 2.072764995999999883e+03 2.150421100000000024e+03
2.086500000000000199e+01 9.256518719999998979e+00 2.073283444000000145e+03 2.150421100000000024e+03
2.087000000000000099e+01 9.239483999999999142e+00 2.073425400000000081e+03 2.150421100000000024e+03
2.087500000000000000e+01 9.267998640000000066e+00 2.073187777999999980e+03 2.150421100000000024e+03
2.087999999999999901e+01 9.267998640000000066e+00 2.073187777999999980e+03 2.150421100000000024e+03
2.088500000000000156e+01 9.262073519999999505e+00 2.073237153999999919e+03 2.150421100000000024e+03
2.089000000000000057e+01 9.262073519999999505e+00 2.073237153999999919e+03 2.150421100000000024e+03
2.089499999999999957e+01 9.296142959999999178e+00 2.072953242000000046e+03 2.150421100000000024e+03
2.089999999999999858e+01 9.284663039999999867e+00 2.073048908000000210e+03 2.150421100000000024e+03
2.090500000000000114e+01 9.301697759999999704e+00 2.072906951999999819e+03 2.150421100000000024e+03
2.091000000000000014e+01 9.290588159999998652e+00 2.072999531999999817e+03 2.150421100000000024e+03
2.091499999999999915e+01 9.290588159999998652e+00 2.072999531999999817e+03 2.150421100000000024e+03
2.092000000000000171e+01 9.296142959999999178e+00 2.072953242000000046e+03 2.150421100000000024e+03
2.092500000000000071e+01 9.284663039999999867e+00 2.073048908000000210e+03 2.150421100000000024e+03
2.092999999999999972e+01 9.290588159999998652e+00 2.072999531999999817e+03 2.150421100000000024e+03
2.093499999999999872e+01 9.262073519999999505e+00 2.073237153999999919e+03 2.150421100000000024e+03
2.094000000000000128e+01 9.324287279999998290e+00 2.072718706000000111e+03 2.150421100000000024e+03
2.094500000000000028e+01 9.296142959999999178e+00 2.072953242000000046e+03 2.150421100000000024e+03
2.094999999999999929e+01 9.245409119999999703e+00 2.073376024000000143e+03 2.150421100000000024e+03
2.095500000000000185e+01 9.335767199999997601e+00 2.072623039999999946e+03 2.150421100000000024e+03
2.096000000000000085e+01 9.273553439999998815e+00 2.073141488000000209e+03 2.150421100000000024e+03
2.096499999999999986e+01 9.290588159999998652e+00 2.072999531999999817e+03 2.150421100000000024e+03
2.096999999999999886e+01 9.301697759999999704e+00 2.072906951999999819e+03 2.150421100000000024e+03
2.097500000000000142e+01 9.307252559999998454e+00 2.072860662000000048e+03 2.150421100000000024e+03
2.098000000000000043e+01 9.329842079999998816e+00 2.072672415999999885e+03 2.150421100000000024e+03
2.098499999999999943e+01 9.262073519999999505e+00 2.073237153999999919e+03 2.150421100000000024e+03
2.099000000000000199e+01 9.290588159999998652e+00 2.072999531999999817e+03 2.150421100000000024e+03
2.099500000000000099e+01 9.318732479999997764e+00 2.072764995999999883e+03 2.150421100000000024e+03
2.100000000000000000e+01 9.262073519999999505e+00 2.073237153999999919e+03 2.150421100000000024e+03
2.100499999999999901e+01 9.358356719999997964e+00 2.072434794000000238e+03 2.150421100000000024e+03
2.101000000000000156e+01 9.375391439999999577e+00 2.072292837999999847e+03 2.150421100000000024e+03
2.101500000000000057e+01 9.273553439999998815e+00 2.073141488000000209e+03 2.150421100000000024e+03
2.101999999999999957e+01 9.301697759999999704e+00 2.072906951999999819e+03 2.150421100000000024e+03
2.102499999999999858e+01 9.346876799999998653e+00 2.072530459999999948e+03 2.150421100000000024e+03
2.103000000000000114e+01 9.346876799999998653e+00 2.072530459999999948e+03 2.150421100000000024e+03
2.103500000000000014e+01 9.324287279999998290e+00 2.072718706000000111e+03 2.150421100000000024e+03
2.103999999999999915e+01 9.358356719999997964e+00 2.072434794000000238e+03 2.150421100000000024e+03
2.104500000000000171e+01 9.245409119999999703e+00 2.073376024000000143e+03 2.150421100000000024e+03
2.105000000000000071e+01 9.307252559999998454e+00 2.072860662000000048e+03 2.150421100000000024e+03
2.105499999999999972e+01 9.307252559999998454e+00 2.072860662000000048e+03 2.150421100000000024e+03
2.105999999999999872e+01 9.313177679999999015e+00 2.072811286000000109e+03 2.150421100000000024e+03
2.106500000000000128e+01 9.273553439999998815e+00 2.073141488000000209e+03 2.150421100000000024e+03
2.107000000000000028e+01 9.346876799999998653e+00 2.072530459999999948e+03 2.150421100000000024e+03
2.107499999999999929e+01 9.324287279999998290e+00 2.072718706000000111e+03 2.150421100000000024e+03
2.108000000000000185e+01 9.296142959999999178e+00 2.072953242000000046e+03 2.150421100000000024e+03
2.108500000000000085e+01 9.279108239999999341e+00 2.073095197999999982e+03 2.150421100000000024e+03
2.108999999999999986e+01 9.346876799999998653e+00 2.072530459999999948e+03 2.150421100000000024e+03
2.109499999999999886e+01 9.324287279999998290e+00 2.072718706000000111e+03 2.150421100000000024e+03
2.110000000000000142e+01 9.267998640000000066e+00 2.073187777999999980e+03 2.150421100000000024e+03
2.110500000000000043e+01 9.250963919999998453e+00 2.073329733999999917e+03 2.150421100000000024e+03
2.110999999999999943e+01 9.262073519999999505e+00 2.073237153999999919e+03 2.150421100000000024e+03
2.111500000000000199e+01 9.290588159999998652e+00 2.072999531999999817e+03 2.150421100000000024e+03
2.112000000000000099e+01 9.256518719999998979e+00 2.073283444000000145e+03 2.150421100000000024e+03
2.112500000000000000e+01 9.262073519999999505e+00 2.073237153999999919e+03 2.150421100000000024e+03
2.112999999999999901e+01 9.307252559999998454e+00 2.072860662000000048e+03 2.150421100000000024e+03
2.113500000000000156e+01 9.245409119999999703e+00 2.073376024000000143e+03 2.150421100000000024e+03
2.114000000000000057e+01 9.273553439999998815e+00 2.073141488000000209e+03 2.150421100000000024e+03
2.114499999999999957e+01 9.301697759999999704e+00 2.072906951999999819e+03 2.150421100000000024e+03
2.114999999999999858e+01 9.256518719999998979e+00 2.073283444000000145e+03 2.150421100000000024e+03
2.115500000000000114e+01 9.296142959999999178e+00 2.072953242000000046e+03 2.150421100000000024e+03
2.116000000000000014e+01 9.279108239999999341e+00 2.073095197999999982e+03 2.150421100000000024e+03
2.116499999999999915e+01 9.233929199999998616e+00 2.073471689999999853e+03 2.150421100000000024e+03
2.117000000000000171e+01 9.233929199999998616e+00 2.073471689999999853e+03 2.150421100000000024e+03
2.117500000000000071e+01 9.205784879999999504e+00 2.073706226000000242e+03 2.150421100000000024e+03
2.117999999999999972e+01 9.273553439999998815e+00 2.073141488000000209e+03 2.150421100000000024e+03
2.118499999999999872e+01 9.245409119999999703e+00 2.073376024000000143e+03 2.150421100000000024e+03
2.119000000000000128e+01 9.250963919999998453e+00 2.073329733999999917e+03 2.150421100000000024e+03
2.119500000000000028e+01 9.256518719999998979e+00 2.073283444000000145e+03 2.150421100000000024e+03
2.119999999999999929e+01 9.329842079999998816e+00 2.072672415999999885e+03 2.150421100000000024e+03
2.120500000000000185e+01 9.256518719999998979e+00 2.073283444000000145e+03 2.150421100000000024e+03
2.121000000000000085e+01 9.245409119999999703e+00 2.073376024000000143e+03 2.150421100000000024e+03
2.121499999999999986e+01 9.301697759999999704e+00 2.072906951999999819e+03 2.150421100000000024e+03
2.121999999999999886e+01 9.318732479999997764e+00 2.072764995999999883e+03 2.150421100000000024e+03
2.122500000000000142e+01 9.329842079999998816e+00 2.072672415999999885e+03 2.150421100000000024e+03
2.123000000000000043e+01 9.329842079999998816e+00 2.072672415999999885e+03 2.150421100000000024e+03
2.123499999999999943e+01 9.324287279999998290e+00 2.072718706000000111e+03 2.150421100000000024e+03
2.124000000000000199e+01 9.346876799999998653e+00 2.072530459999999948e+03 2.150421100000000024e+03
2.124500000000000099e+01 9.301697759999999704e+00 2.072906951999999819e+03 2.150421100000000024e+03
2.125000000000000000e+01 9.318732479999997764e+00 2.072764995999999883e+03 2.150421100000000024e+03
2.125499999999999901e+01 9.290588159999998652e+00 2.072999531999999817e+03 2.150421100000000024e+03
2.126000000000000156e+01 9.380946239999998326e+00 2.072246548000000075e+03 2.150421100000000024e+03
2.126500000000000057e+01 9.284663039999999867e+00 2.073048908000000210e+03 2.150421100000000024e+03
2.126999999999999957e+01 9.352431599999999179e+00 2.072484170000000177e+03 2.150421100000000024e+03
2.127499999999999858e+01 9.313177679999999015e+00 2.072811286000000109e+03 2.150421100000000024e+03
2.128000000000000114e+01 9.313177679999999015e+00 2.072811286000000109e+03 2.150421100000000024e+03
2.128500000000000014e+01 9.279108239999999341e+00 2.073095197999999982e+03 2.150421100000000024e+03
2.128999999999999915e+01 9.318732479999997764e+00 2.072764995999999883e+03 2.150421100000000024e+03
2.129500000000000171e+01 9.318732479999997764e+00 2.072764995999999883e+03 2.150421100000000024e+03
2.130000000000000071e+01 9.222449279999999305e+00 2.073567356000000018e+03 2.150421100000000024e+03
2.130499999999999972e+01 9.307252559999998454e+00 2.072860662000000048e+03 2.150421100000000024e+03
2.130999999999999872e+01 9.290588159999998652e+00 2.072999531999999817e+03 2.150421100000000024e+03
2.131500000000000128e+01 9.301697759999999704e+00 2.072906951999999819e+03 2.150421100000000024e+03
2.132000000000000028e+01 9.313177679999999015e+00 2.072811286000000109e+03 2.150421100000000024e+03
2.132499999999999929e+01 9.256518719999998979e+00 2.073283444000000145e+03 2.150421100000000024e+03
2.133000000000000185e+01 9.313177679999999015e+00 2.072811286000000109e+03 2.150421100000000024e+03
2.133500000000000085e+01 9.279108239999999341e+00 2.073095197999999982e+03 2.150421100000000024e+03
2.133999999999999986e+01 9.267998640000000066e+00 2.073187777999999980e+03 2.150421100000000024e+03
2.134499999999999886e+01 9.267998640000000066e+00 2.073187777999999980e+03 2.150421100000000024e+03
2.135000000000000142e+01 9.239483999999999142e+00 2.073425400000000081e+03 2.150421100000000024e+03
2.135500000000000043e+01 9.296142959999999178e+00 2.072953242000000046e+03 2.150421100000000024e+03
2.135999999999999943e+01 9.313177679999999015e+00 2.072811286000000109e+03 2.150421100000000024e+03
2.136500000000000199e+01 9.296142959999999178e+00 2.072953242000000046e+03 2.150421100000000024e+03
2.137000000000000099e+01 9.284663039999999867e+00 2.073048908000000210e+03 2.150421100000000024e+03
2.137500000000000000e+01 9.273553439999998815e+00 2.073141488000000209e+03 2.150421100000000024e+03
2.137999999999999901e+01 9.273553439999998815e+00 2.073141488000000209e+03 2.150421100000000024e+03
2.138500000000000156e+01 9.386501039999998852e+00 2.072200257999999849e+03 2.150421100000000024e+03
2.139000000000000057e+01 9.318732479999997764e+00 2.072764995999999883e+03 2.150421100000000024e+03
2.139499999999999957e+01 9.329842079999998816e+00 2.072672415999999885e+03 2.150421100000000024e+03
2.139999999999999858e+01 9.284663039999999867e+00 2.073048908000000210e+03 2.150421100000000024e+03
2.140500000000000114e+01 9.346876799999998653e+00 2.072530459999999948e+03 2.150421100000000024e+03
2.141000000000000014e+01 9.313177679999999015e+00 2.072811286000000109e+03 2.150421100000000024e+03
2.141499999999999915e+01 9.301697759999999704e+00 2.072906951999999819e+03 2.150421100000000024e+03
2.142000000000000171e+01 9.329842079999998816e+00 2.072672415999999885e+03 2.150421100000000024e+03
2.142500000000000071e+01 9.369466319999999016e+00 2.072342214000000240e+03 2.150421100000000024e+03
2.142999999999999972e+01 9.392055839999999378e+00 2.072153968000000077e+03 2.150421100000000024e+03
2.143499999999999872e+01 9.329842079999998816e+00 2.072672415999999885e+03 2.150421100000000024e+03
2.144000000000000128e+01 9.318732479999997764e+00 2.072764995999999883e+03 2.150421100000000024e+03
2.144500000000000028e+01 9.279108239999999341e+00 2.073095197999999982e+03 2.150421100000000024e+03
2.144999999999999929e+01 9.256518719999998979e+00 2.073283444000000145e+03 2.150421100000000024e+03
2.145500000000000185e+01 9.279108239999999341e+00 2.073095197999999982e+03 2.150421100000000024e+03
2.146000000000000085e+01 9.279108239999999341e+00 2.073095197999999982e+03 2.150421100000000024e+03
2.146499999999999986e+01 9.284663039999999867e+00 2.073048908000000210e+03 2.150421100000000024e+03
2.146999999999999886e+01 9.341321999999998127e+00 2.072576750000000175e+03 2.150421100000000024e+03
2.147500000000000142e+01 9.239483999999999142e+00 2.073425400000000081e+03 2.150421100000000024e+03
2.148000000000000043e+01 9.250963919999998453e+00 2.073329733999999917e+03 2.150421100000000024e+03
2.148499999999999943e+01 9.239483999999999142e+00 2.073425400000000081e+03 2.150421100000000024e+03
2.149000000000000199e+01 9.284663039999999867e+00 2.073048908000000210e+03 2.150421100000000024e+03
2.149500000000000099e+01 9.262073519999999505e+00 2.073237153999999919e+03 2.150421100000000024e+03
2.150000000000000000e+01 9.284663039999999867e+00 2.073048908000000210e+03 2.150421100000000024e+03
2.150499999999999901e+01 9.307252559999998454e+00 2.072860662000000048e+03 2.150421100000000024e+03
2.151000000000000156e+01 9.301697759999999704e+00 2.072906951999999819e+03 2.150421100000000024e+03
2.151500000000000057e+01 9.245409119999999703e+00 2.073376024000000143e+03 2.150421100000000024e+03
2.151999999999999957e+01 9.256518719999998979e+00 2.073283444000000145e+03 2.150421100000000024e+03
2.152499999999999858e+01 9.267998640000000066e+00 2.073187777999999980e+03 2.150421100000000024e+03
2.153000000000000114e+01 9.284663039999999867e+00 2.073048908000000210e+03 2.150421100000000024e+03
2.153500000000000014e+01 9.301697759999999704e+00 2.072906951999999819e+03 2.150421100000000024e+03
2.153999999999999915e+01 9.250963919999998453e+00 2.073329733999999917e+03 2.150421100000000024e+03
2.154500000000000171e+01 9.279108239999999341e+00 2.073095197999999982e+03 2.150421100000000024e+03
2.155000000000000071e+01 9.369466319999999016e+00 2.072342214000000240e+03 2.150421100000000024e+03
2.155499999999999972e+01 9.318732479999997764e+00 2.072764995999999883e+03 2.150421100000000024e+03
2.155999999999999872e+01 9.262073519999999505e+00 2.073237153999999919e+03 2.150421100000000024e+03
2.156500000000000128e+01 9.267998640000000066e+00 2.073187777999999980e+03 2.150421100000000024e+03
2.157000000000000028e+01 9.329842079999998816e+00 2.072672415999999885e+03 2.150421100000000024e+03
2.157499999999999929e+01 9.369466319999999016e+00 2.072342214000000240e+03 2.150421100000000024e+03
2.158000000000000185e+01 9.363911519999998490e+00 2.072388504000000012e+03 2.150421100000000024e+03
2.158500000000000085e+01 9.380946239999998326e+00 2.072246548000000075e+03 2.150421100000000024e+03
2.158999999999999986e+01 9.335767199999997601e+00 2.072623039999999946e+03 2.150421100000000024e+03
2.159499999999999886e+01 9.222449279999999305e+00 2.073567356000000018e+03 2.150421100000000024e+03
2.160000000000000142e+01 9.296142959999999178e+00 2.072953242000000046e+03 2.150421100000000024e+03
2.160500000000000043e+01 9.239483999999999142e+00 2.073425400000000081e+03 2.150421100000000024e+03
2.160999999999999943e+01 9.199859759999998943e+00 2.073755602000000181e+03 2.150421100000000024e+03
2.161500000000000199e+01 9.256518719999998979e+00 2.073283444000000145e+03 2.150421100000000024e+03
2.162000000000000099e+01 9.233929199999998616e+00 2.073471689999999853e+03 2.150421100000000024e+03
2.162500000000000000e+01 9.233929199999998616e+00 2.073471689999999853e+03 2.150421100000000024e+03
2.162999999999999901e+01 9.205784879999999504e+00 2.073706226000000242e+03 2.150421100000000024e+03
2.163500000000000156e+01 9.228374399999999866e+00 2.073517980000000080e+03 2.150421100000000024e+03
2.164000000000000057e+01 9.222449279999999305e+00 2.073567356000000018e+03 2.150421100000000024e+03
2.164499999999999957e+01 9.188750159999999667e+00 2.073848182000000179e+03 2.150421100000000024e+03
2.164999999999999858e+01 9.284663039999999867e+00 2.073048908000000210e+03 2.150421100000000024e+03
2.165500000000000114e+01 9.279108239999999341e+00 2.073095197999999982e+03 2.150421100000000024e+03
2.166000000000000014e+01 9.273553439999998815e+00 2.073141488000000209e+03 2.150421100000000024e+03
2.166499999999999915e+01 9.329842079999998816e+00 2.072672415999999885e+03 2.150421100000000024e+03
2.167000000000000171e+01 9.313177679999999015e+00 2.072811286000000109e+03 2.150421100000000024e+03
2.167500000000000071e+01 9.262073519999999505e+00 2.073237153999999919e+03 2.150421100000000024e+03
2.167999999999999972e+01 9.239483999999999142e+00 2.073425400000000081e+03 2.150421100000000024e+03
2.168499999999999872e+01 9.335767199999997601e+00 2.072623039999999946e+03 2.150421100000000024e+03
2.169000000000000128e+01 9.324287279999998290e+00 2.072718706000000111e+03 2.150421100000000024e+03
2.169500000000000028e+01 9.380946239999998326e+00 2.072246548000000075e+03 2.150421100000000024e+03
2.169999999999999929e+01 9.341321999999998127e+00 2.072576750000000175e+03 2.150421100000000024e+03
2.170500000000000185e+01 9.324287279999998290e+00 2.072718706000000111e+03 2.150421100000000024e+03
2.171000000000000085e+01 9.313177679999999015e+00 2.072811286000000109e+03 2.150421100000000024e+03
2.171499999999999986e+01 9.256518719999998979e+00 2.073283444000000145e+03 2.150421100000000024e+03
2.171999999999999886e+01 9.341321999999998127e+00 2.072576750000000175e+03 2.150421100000000024e+03
2.172500000000000142e+01 9.301697759999999704e+00 2.072906951999999819e+03 2.150421100000000024e+03
2.173000000000000043e+01 9.313177679999999015e+00 2.072811286000000109e+03 2.150421100000000024e+03
2.173499999999999943e+01 9.352431599999999179e+00 2.072484170000000177e+03 2.150421100000000024e+03
2.174000000000000199e+01 9.329842079999998816e+00 2.072672415999999885e+03 2.150421100000000024e+03
2.174500000000000099e+01 9.239483999999999142e+00 2.073425400000000081e+03 2.150421100000000024e+03
2.175000000000000000e+01 9.301697759999999704e+00 2.072906951999999819e+03 2.150421100000000024e+03
2.175499999999999901e+01 9.250963919999998453e+00 2.073329733999999917e+03 2.150421100000000024e+03
2.176000000000000156e+01 9.188750159999999667e+00 2.073848182000000179e+03 2.150421100000000024e+03
2.176500000000000057e+01 9.239483999999999142e+00 2.073425400000000081e+03 2.150421100000000024e+03
2.176999999999999957e+01 9.205784879999999504e+00 2.073706226000000242e+03 2.150421100000000024e+03
2.177499999999999858e+01 9.262073519999999505e+00 2.073237153999999919e+03 2.150421100000000024e+03
2.178000000000000114e+01 9.211339679999998253e+00 2.073659936000000016e+03 2.150421100000000024e+03
2.178500000000000014e+01 9.205784879999999504e+00 2.073706226000000242e+03 2.150421100000000024e+03
2.178999999999999915e+01 9.267998640000000066e+00 2.073187777999999980e+03 2.150421100000000024e+03
2.179500000000000171e+01 9.245409119999999703e+00 2.073376024000000143e+03 2.150421100000000024e+03
2.180000000000000071e+01 9.228374399999999866e+00 2.073517980000000080e+03 2.150421100000000024e+03
2.180499999999999972e+01 9.199859759999998943e+00 2.073755602000000181e+03 2.150421100000000024e+03
2.180999999999999872e+01 9.228374399999999866e+00 2.073517980000000080e+03 2.150421100000000024e+03
2.181500000000000128e+01 9.284663039999999867e+00 2.073048908000000210e+03 2.150421100000000024e+03
2.182000000000000028e+01 9.313177679999999015e+00 2.072811286000000109e+03 2.150421100000000024e+03
2.182499999999999929e+01 9.250963919999998453e+00 2.073329733999999917e+03 2.150421100000000024e+03
2.183000000000000185e+01 9.296142959999999178e+00 2.072953242000000046e+03 2.150421100000000024e+03
2.183500000000000085e+01 9.335767199999997601e+00 2.072623039999999946e+03 2.150421100000000024e+03
2.183999999999999986e+01 9.358356719999997964e+00 2.072434794000000238e+03 2.150421100000000024e+03
2.184499999999999886e+01 9.318732479999997764e+00 2.072764995999999883e+03 2.150421100000000024e+03
2.185000000000000142e+01 9.329842079999998816e+00 2.072672415999999885e+03 2.150421100000000024e+03
2.185500000000000043e+01 9.341321999999998127e+00 2.072576750000000175e+03 2.150421100000000024e+03
2.185999999999999943e+01 9.290588159999998652e+00 2.072999531999999817e+03 2.150421100000000024e+03
2.186500000000000199e+01 9.273553439999998815e+00 2.073141488000000209e+03 2.150421100000000024e+03
2.187000000000000099e+01 9.318732479999997764e+00 2.072764995999999883e+03 2.150421100000000024e+03
2.187500000000000000e+01 9.329842079999998816e+00 2.072672415999999885e+03 2.150421100000000024e+03
2.187999999999999901e+01 9.267998640000000066e+00 2.073187777999999980e+03 2.150421100000000024e+03
2.188500000000000156e+01 9.329842079999998816e+00 2.072672415999999885e+03 2.150421100000000024e+03
2.189000000000000057e+01 9.335767199999997601e+00 2.072623039999999946e+03 2.150421100000000024e+03
2.189499999999999957e+01 9.233929199999998616e+00 2.073471689999999853e+03 2.150421100000000024e+03
2.189999999999999858e+01 9.301697759999999704e+00 2.072906951999999819e+03 2.150421100000000024e+03
2.190500000000000114e+01 9.313177679999999015e+00 2.072811286000000109e+03 2.150421100000000024e+03
2.191000000000000014e+01 9.256518719999998979e+00 2.073283444000000145e+03 2.150421100000000024e+03
2.191499999999999915e+01 9.166160639999999304e+00 2.074036427999999887e+03 2.150421100000000024e+03
2.192000000000000171e+01 9.188750159999999667e+00 2.073848182000000179e+03 2.150421100000000024e+03
2.192500000000000071e+01 9.211339679999998253e+00 2.073659936000000016e+03 2.150421100000000024e+03
2.192999999999999972e+01 9.228374399999999866e+00 2.073517980000000080e+03 2.150421100000000024e+03
2.193499999999999872e+01 9.262073519999999505e+00 2.073237153999999919e+03 2.150421100000000024e+03
2.194000000000000128e+01 9.132091199999999631e+00 2.074320340000000215e+03 2.150421100000000024e+03
2.194500000000000028e+01 9.166160639999999304e+00 2.074036427999999887e+03 2.150421100000000024e+03
2.194999999999999929e+01 9.166160639999999304e+00 2.074036427999999887e+03 2.150421100000000024e+03
2.195500000000000185e+01 9.194304959999998417e+00 2.073801891999999953e+03 2.150421100000000024e+03
2.196000000000000085e+01 9.233929199999998616e+00 2.073471689999999853e+03 2.150421100000000024e+03
2.196499999999999986e+01 9.188750159999999667e+00 2.073848182000000179e+03 2.150421100000000024e+03
2.196999999999999886e+01 9.194304959999998417e+00 2.073801891999999953e+03 2.150421100000000024e+03
2.197500000000000142e+01 9.205784879999999504e+00 2.073706226000000242e+03 2.150421100000000024e+03
2.198000000000000043e+01 9.199859759999998943e+00 2.073755602000000181e+03 2.150421100000000024e+03
2.198499999999999943e+01 9.250963919999998453e+00 2.073329733999999917e+03 2.150421100000000024e+03
2.199000000000000199e+01 9.296142959999999178e+00 2.072953242000000046e+03 2.150421100000000024e+03
2.199500000000000099e+01 9.279108239999999341e+00 2.073095197999999982e+03 2.150421100000000024e+03
2.200000000000000000e+01 9.313177679999999015e+00 2.072811286000000109e+03 2.150421100000000024e+03
2.200499999999999901e+01 9.324287279999998290e+00 2.072718706000000111e+03 2.150421100000000024e+03
2.201000000000000156e+01 9.313177679999999015e+00 2.072811286000000109e+03 2.150421100000000024e+03
2.201500000000000057e+01 9.279108239999999341e+00 2.073095197999999982e+03 2.150421100000000024e+03
2.201999999999999957e+01 9.363911519999998490e+00 2.072388504000000012e+03 2.150421100000000024e+03
2.202499999999999858e+01 9.386501039999998852e+00 2.072200257999999849e+03 2.150421100000000024e+03
2.203000000000000114e+01 9.324287279999998290e+00 2.072718706000000111e+03 2.150421100000000024e+03
2.203500000000000014e+01 9.329842079999998816e+00 2.072672415999999885e+03 2.150421100000000024e+03
2.203999999999999915e+01 9.358356719999997964e+00 2.072434794000000238e+03 2.150421100000000024e+03
2.204500000000000171e+01 9.346876799999998653e+00 2.072530459999999948e+03 2.150421100000000024e+03
2.205000000000000071e+01 9.279108239999999341e+00 2.073095197999999982e+03 2.150421100000000024e+03
2.205499999999999972e+01 9.324287279999998290e+00 2.072718706000000111e+03 2.150421100000000024e+03
2.205999999999999872e+01 9.313177679999999015e+00 2.072811286000000109e+03 2.150421100000000024e+03
2.206500000000000128e+01 9.301697759999999704e+00 2.072906951999999819e+03 2.150421100000000024e+03
2.207000000000000028e+01 9.329842079999998816e+00 2.072672415999999885e+03 2.150421100000000024e+03
2.207499999999999929e+01 9.313177679999999015e+00 2.072811286000000109e+03 2.150421100000000024e+03
2.208000000000000185e+01 9.296142959999999178e+00 2.072953242000000046e+03 2.150421100000000024e+03
2.208500000000000085e+01 9.284663039999999867e+00 2.073048908000000210e+03 2.150421100000000024e+03
2.208999999999999986e+01 9.313177679999999015e+00 2.072811286000000109e+03 2.150421100000000024e+03
2.209499999999999886e+01 9.262073519999999505e+00 2.073237153999999919e+03 2.150421100000000024e+03
2.210000000000000142e+01 9.256518719999998979e+00 2.073283444000000145e+03 2.150421100000000024e+03
2.210500000000000043e+01 9.216894479999998779e+00 2.073613646000000244e+03 2.150421100000000024e+03
2.210999999999999943e+01 9.222449279999999305e+00 2.073567356000000018e+03 2.150421100000000024e+03
2.211500000000000199e+01 9.245409119999999703e+00 2.073376024000000143e+03 2.150421100000000024e+03
2.212000000000000099e+01 9.262073519999999505e+00 2.073237153999999919e+03 2.150421100000000024e+03
2.212500000000000000e+01 9.307252559999998454e+00 2.072860662000000048e+03 2.150421100000000024e+03
2.212999999999999901e+01 9.296142959999999178e+00 2.072953242000000046e+03 2.150421100000000024e+03
2.213500000000000156e+01 9.273553439999998815e+00 2.073141488000000209e+03 2.150421100000000024e+03
2.214000000000000057e+01 9.245409119999999703e+00 2.073376024000000143e+03 2.150421100000000024e+03
2.214499999999999957e+01 9.211339679999998253e+00 2.073659936000000016e+03 2.150421100000000024e+03
2.214999999999999858e+01 9.262073519999999505e+00 2.073237153999999919e+03 2.150421100000000024e+03
2.215500000000000114e+01 9.307252559999998454e+00 2.072860662000000048e+03 2.150421100000000024e+03
2.216000000000000014e+01 9.301697759999999704e+00 2.072906951999999819e+03 2.150421100000000024e+03
2.216499999999999915e+01 9.335767199999997601e+00 2.072623039999999946e+03 2.150421100000000024e+03
2.217000000000000171e+01 9.352431599999999179e+00 2.072484170000000177e+03 2.150421100000000024e+03
2.217500000000000071e+01 9.386501039999998852e+00 2.072200257999999849e+03 2.150421100000000024e+03
2.217999999999999972e+01 9.358356719999997964e+00 2.072434794000000238e+03 2.150421100000000024e+03
2.218499999999999872e+01 9.414645359999999741e+00 2.071965721999999914e+03 2.150421100000000024e+03
2.219000000000000128e+01 9.341321999999998127e+00 2.072576750000000175e+03 2.150421100000000024e+03
2.219500000000000028e+01 9.307252559999998454e+00 2.072860662000000048e+03 2.150421100000000024e+03
2.219999999999999929e+01 9.363911519999998490e+00 2.072388504000000012e+03 2.150421100000000024e+03
2.220500000000000185e+01 9.380946239999998326e+00 2.072246548000000075e+03 2.150421100000000024e+03
2.221000000000000085e+01 9.352431599999999179e+00 2.072484170000000177e+03 2.150421100000000024e+03
2.221499999999999986e+01 9.335767199999997601e+00 2.072623039999999946e+03 2.150421100000000024e+03
2.221999999999999886e+01 9.329842079999998816e+00 2.072672415999999885e+03 2.150421100000000024e+03
2.222500000000000142e+01 9.346876799999998653e+00 2.072530459999999948e+03 2.150421100000000024e+03
2.223000000000000043e+01 9.284663039999999867e+00 2.073048908000000210e+03 2.150421100000000024e+03
2.223499999999999943e+01 9.335767199999997601e+00 2.072623039999999946e+03 2.150421100000000024e+03
2.224000000000000199e+01 9.307252559999998454e+00 2.072860662000000048e+03 2.150421100000000024e+03
2.224500000000000099e+01 9.273553439999998815e+00 2.073141488000000209e+03 2.150421100000000024e+03
2.225000000000000000e+01 9.245409119999999703e+00 2.073376024000000143e+03 2.150421100000000024e+03
2.225499999999999901e+01 9.211339679999998253e+00 2.073659936000000016e+03 2.150421100000000024e+03
2.226000000000000156e+01 9.205784879999999504e+00 2.073706226000000242e+03 2.150421100000000024e+03
2.226500000000000057e+01 9.205784879999999504e+00 2.073706226000000242e+03 2.150421100000000024e+03
2.226999999999999957e+01 9.262073519999999505e+00 2.073237153999999919e+03 2.150421100000000024e+03
2.227499999999999858e+01 9.284663039999999867e+00 2.073048908000000210e+03 2.150421100000000024e+03
2.228000000000000114e+01 9.284663039999999867e+00 2.073048908000000210e+03 2.150421100000000024e+03
2.228500000000000014e+01 9.188750159999999667e+00 2.073848182000000179e+03 2.150421100000000024e+03
2.228999999999999915e+01 9.194304959999998417e+00 2.073801891999999953e+03 2.150421100000000024e+03
2.229500000000000171e+01 9.228374399999999866e+00 2.073517980000000080e+03 2.150421100000000024e+03
2.230000000000000071e+01 9.250963919999998453e+00 2.073329733999999917e+03 2.150421100000000024e+03
2.230499999999999972e+01 9.267998640000000066e+00 2.073187777999999980e+03 2.150421100000000024e+03
2.230999999999999872e+01 9.296142959999999178e+00 2.072953242000000046e+03 2.150421100000000024e+03
2.231500000000000128e+01 9.256518719999998979e+00 2.073283444000000145e+03 2.150421100000000024e+03
2.232000000000000028e+01 9.279108239999999341e+00 2.073095197999999982e+03 2.150421100000000024e+03
2.232499999999999929e+01 9.267998640000000066e+00 2.073187777999999980e+03 2.150421100000000024e+03
2.233000000000000185e+01 9.256518719999998979e+00 2.073283444000000145e+03 2.150421100000000024e+03
2.233500000000000085e+01 9.216894479999998779e+00 2.073613646000000244e+03 2.150421100000000024e+03
2.233999999999999986e+01 9.318732479999997764e+00 2.072764995999999883e+03 2.150421100000000024e+03
2.234499999999999886e+01 9.290588159999998652e+00 2.072999531999999817e+03 2.150421100000000024e+03
2.235000000000000142e+01 9.397980959999999939e+00 2.072104592000000139e+03 2.150421100000000024e+03
2.235500000000000043e+01 9.386501039999998852e+00 2.072200257999999849e+03 2.150421100000000024e+03
2.235999999999999943e+01 9.346876799999998653e+00 2.072530459999999948e+03 2.150421100000000024e+03
2.236500000000000199e+01 9.313177679999999015e+00 2.072811286000000109e+03 2.150421100000000024e+03
2.237000000000000099e+01 9.279108239999999341e+00 2.073095197999999982e+03 2.150421100000000024e+03
2.237500000000000000e+01 9.358356719999997964e+00 2.072434794000000238e+03 2.150421100000000024e+03
2.237999999999999901e+01 9.290588159999998652e+00 2.072999531999999817e+03 2.150421100000000024e+03
2.238500000000000156e+01 9.296142959999999178e+00 2.072953242000000046e+03 2.150421100000000024e+03
2.239000000000000057e+01 9.352431599999999179e+00 2.072484170000000177e+03 2.150421100000000024e+03
2.239499999999999957e+01 9.335767199999997601e+00 2.072623039999999946e+03 2.150421100000000024e+03
2.239999999999999858e+01 9.284663039999999867e+00 2.073048908000000210e+03 2.150421100000000024e+03
2.240500000000000114e+01 9.307252559999998454e+00 2.072860662000000048e+03 2.150421100000000024e+03
2.241000000000000014e+01 9.335767199999997601e+00 2.072623039999999946e+03 2.150421100000000024e+03
2.241499999999999915e+01 9.296142959999999178e+00 2.072953242000000046e+03 2.150421100000000024e+03
2.242000000000000171e+01 9.369466319999999016e+00 2.072342214000000240e+03 2.150421100000000024e+03
2.242500000000000071e+01 9.301697759999999704e+00 2.072906951999999819e+03 2.150421100000000024e+03
2.242999999999999972e+01 9.284663039999999867e+00 2.073048908000000210e+03 2.150421100000000024e+03
2.243499999999999872e+01 9.329842079999998816e+00 2.072672415999999885e+03 2.150421100000000024e+03
2.244000000000000128e+01 9.324287279999998290e+00 2.072718706000000111e+03 2.150421100000000024e+03
2.244500000000000028e+01 9.375391439999999577e+00 2.072292837999999847e+03 2.150421100000000024e+03
2.244999999999999929e+01 9.307252559999998454e+00 2.072860662000000048e+03 2.150421100000000024e+03
2.245500000000000185e+01 9.358356719999997964e+00 2.072434794000000238e+03 2.150421100000000024e+03
2.246000000000000085e+01 9.267998640000000066e+00 2.073187777999999980e+03 2.150421100000000024e+03
2.246499999999999986e+01 9.245409119999999703e+00 2.073376024000000143e+03 2.150421100000000024e+03
2.246999999999999886e+01 9.335767199999997601e+00 2.072623039999999946e+03 2.150421100000000024e+03
2.247500000000000142e+01 9.290588159999998652e+00 2.072999531999999817e+03 2.150421100000000024e+03
2.248000000000000043e+01 9.239483999999999142e+00 2.073425400000000081e+03 2.150421100000000024e+03
2.248499999999999943e+01 9.346876799999998653e+00 2.072530459999999948e+03 2.150421100000000024e+03
2.249000000000000199e+01 9.267998640000000066e+00 2.073187777999999980e+03 2.150421100000000024e+03
2.249500000000000099e+01 9.363911519999998490e+00 2.072388504000000012e+03 2.150421100000000024e+03
2.250000000000000000e+01 9.313177679999999015e+00 2.072811286000000109e+03 2.150421100000000024e+03
2.250499999999999901e+01 9.369466319999999016e+00 2.072342214000000240e+03 2.150421100000000024e+03
2.251000000000000156e+01 9.324287279999998290e+00 2.072718706000000111e+03 2.150421100000000024e+03
2.251500000000000057e+01 9.329842079999998816e+00 2.072672415999999885e+03 2.150421100000000024e+03
2.251999999999999957e+01 9.329842079999998816e+00 2.072672415999999885e+03 2.150421100000000024e+03
2.252499999999999858e+01 9.369466319999999016e+00 2.072342214000000240e+03 2.150421100000000024e+03
2.253000000000000114e+01 9.369466319999999016e+00 2.072342214000000240e+03 2.150421100000000024e+03
2.253500000000000014e+01 9.346876799999998653e+00 2.072530459999999948e+03 2.150421100000000024e+03
2.253999999999999915e+01 9.397980959999999939e+00 2.072104592000000139e+03 2.150421100000000024e+03
2.254500000000000171e+01 9.397980959999999939e+00 2.072104592000000139e+03 2.150421100000000024e+03
2.255000000000000071e+01 9.352431599999999179e+00 2.072484170000000177e+03 2.150421100000000024e+03
2.255499999999999972e+01 9.358356719999997964e+00 2.072434794000000238e+03 2.150421100000000024e+03
2.255999999999999872e+01 9.375391439999999577e+00 2.072292837999999847e+03 2.150421100000000024e+03
2.256500000000000128e+01 9.341321999999998127e+00 2.072576750000000175e+03 2.150421100000000024e+03
2.257000000000000028e+01 9.352431599999999179e+00 2.072484170000000177e+03 2.150421100000000024e+03
2.257499999999999929e+01 9.335767199999997601e+00 2.072623039999999946e+03 2.150421100000000024e+03
2.258000000000000185e+01 9.307252559999998454e+00 2.072860662000000048e+03 2.150421100000000024e+03
2.258500000000000085e+01 9.335767199999997601e+00 2.072623039999999946e+03 2.150421100000000024e+03
2.258999999999999986e+01 9.313177679999999015e+00 2.072811286000000109e+03 2.150421100000000024e+03
2.259499999999999886e+01 9.329842079999998816e+00 2.072672415999999885e+03 2.150421100000000024e+03
2.260000000000000142e+01 9.273553439999998815e+00 2.073141488000000209e+03 2.150421100000000024e+03
2.260500000000000043e+01 9.335767199999997601e+00 2.072623039999999946e+03 2.150421100000000024e+03
2.260999999999999943e+01 9.313177679999999015e+00 2.072811286000000109e+03 2.150421100000000024e+03
2.261500000000000199e+01 9.256518719999998979e+00 2.073283444000000145e+03 2.150421100000000024e+03
2.262000000000000099e+01 9.284663039999999867e+00 2.073048908000000210e+03 2.150421100000000024e+03
2.262500000000000000e+01 9.267998640000000066e+00 2.073187777999999980e+03 2.150421100000000024e+03
2.262999999999999901e+01 9.290588159999998652e+00 2.072999531999999817e+03 2.150421100000000024e+03
2.263500000000000156e+01 9.301697759999999704e+00 2.072906951999999819e+03 2.150421100000000024e+03
2.264000000000000057e+01 9.352431599999999179e+00 2.072484170000000177e+03 2.150421100000000024e+03
2.264499999999999957e+01 9.296142959999999178e+00 2.072953242000000046e+03 2.150421100000000024e+03
2.264999999999999858e+01 9.307252559999998454e+00 2.072860662000000048e+03 2.150421100000000024e+03
2.265500000000000114e+01 9.239483999999999142e+00 2.073425400000000081e+03 2.150421100000000024e+03
2.266000000000000014e+01 9.301697759999999704e+00 2.072906951999999819e+03 2.150421100000000024e+03
2.266499999999999915e+01 9.307252559999998454e+00 2.072860662000000048e+03 2.150421100000000024e+03
2.267000000000000171e+01 9.318732479999997764e+00 2.072764995999999883e+03 2.150421100000000024e+03
2.267500000000000071e+01 9.341321999999998127e+00 2.072576750000000175e+03 2.150421100000000024e+03
2.267999999999999972e+01 9.318732479999997764e+00 2.072764995999999883e+03 2.150421100000000024e+03
2.268499999999999872e+01 9.307252559999998454e+00 2.072860662000000048e+03 2.150421100000000024e+03
2.269000000000000128e+01 9.352431599999999179e+00 2.072484170000000177e+03 2.150421100000000024e+03
2.269500000000000028e+01 9.358356719999997964e+00 2.072434794000000238e+03 2.150421100000000024e+03
2.269999999999999929e+01 9.358356719999997964e+00 2.072434794000000238e+03 2.150421100000000024e+03
2.270500000000000185e+01 9.296142959999999178e+00 2.072953242000000046e+03 2.150421100000000024e+03
2.271000000000000085e+01 9.313177679999999015e+00 2.072811286000000109e+03 2.150421100000000024e+03
2.271499999999999986e+01 9.431680079999997801e+00 2.071823765999999978e+03 2.150421100000000024e+03
2.271999999999999886e+01 9.352431599999999179e+00 2.072484170000000177e+03 2.150421100000000024e+03
2.272500000000000142e+01 9.313177679999999015e+00 2.072811286000000109e+03 2.150421100000000024e+03
2.273000000000000043e+01 9.341321999999998127e+00 2.072576750000000175e+03 2.150421100000000024e+03
2.273499999999999943e+01 9.301697759999999704e+00 2.072906951999999819e+03 2.150421100000000024e+03
2.274000000000000199e+01 9.335767199999997601e+00 2.072623039999999946e+03 2.150421100000000024e+03
2.274500000000000099e+01 9.335767199999997601e+00 2.072623039999999946e+03 2.150421100000000024e+03
2.275000000000000000e+01 9.313177679999999015e+00 2.072811286000000109e+03 2.150421100000000024e+03
2.275499999999999901e+01 9.346876799999998653e+00 2.072530459999999948e+03 2.150421100000000024e+03
2.276000000000000156e+01 9.329842079999998816e+00 2.072672415999999885e+03 2.150421100000000024e+03
2.276500000000000057e+01 9.290588159999998652e+00 2.072999531999999817e+03 2.150421100000000024e+03
2.276999999999999957e+01 9.324287279999998290e+00 2.072718706000000111e+03 2.150421100000000024e+03
2.277499999999999858e+01 9.250963919999998453e+00 2.073329733999999917e+03 2.150421100000000024e+03
2.278000000000000114e+01 9.318732479999997764e+00 2.072764995999999883e+03 2.150421100000000024e+03
2.278500000000000014e+01 9.296142959999999178e+00 2.072953242000000046e+03 2.150421100000000024e+03
2.278999999999999915e+01 9.358356719999997964e+00 2.072434794000000238e+03 2.150421100000000024e+03
2.279500000000000171e+01 9.284663039999999867e+00 2.073048908000000210e+03 2.150421100000000024e+03
2.280000000000000071e+01 9.329842079999998816e+00 2.072672415999999885e+03 2.150421100000000024e+03
2.280499999999999972e+01 9.301697759999999704e+00 2.072906951999999819e+03 2.150421100000000024e+03
2.280999999999999872e+01 9.369466319999999016e+00 2.072342214000000240e+03 2.150421100000000024e+03
2.281500000000000128e+01 9.301697759999999704e+00 2.072906951999999819e+03 2.150421100000000024e+03
2.282000000000000028e+01 9.307252559999998454e+00 2.072860662000000048e+03 2.150421100000000024e+03
2.282499999999999929e+01 9.313177679999999015e+00 2.072811286000000109e+03 2.150421100000000024e+03
2.283000000000000185e+01 9.267998640000000066e+00 2.073187777999999980e+03 2.150421100000000024e+03
2.283500000000000085e+01 9.324287279999998290e+00 2.072718706000000111e+03 2.150421100000000024e+03
2.283999999999999986e+01 9.341321999999998127e+00 2.072576750000000175e+03 2.150421100000000024e+03
2.284499999999999886e+01 9.358356719999997964e+00 2.072434794000000238e+03 2.150421100000000024e+03
2.285000000000000142e+01 9.352431599999999179e+00 2.072484170000000177e+03 2.150421100000000024e+03
2.285500000000000043e+01 9.324287279999998290e+00 2.072718706000000111e+03 2.150421100000000024e+03
2.285999999999999943e+01 9.397980959999999939e+00 2.072104592000000139e+03 2.150421100000000024e+03
2.286500000000000199e+01 9.262073519999999505e+00 2.073237153999999919e+03 2.150421100000000024e+03
2.287000000000000099e+01 9.369466319999999016e+00 2.072342214000000240e+03 2.150421100000000024e+03
2.287500000000000000e+01 9.341321999999998127e+00 2.072576750000000175e+03 2.150421100000000024e+03
2.287999999999999901e+01 9.346876799999998653e+00 2.072530459999999948e+03 2.150421100000000024e+03
2.288500000000000156e+01 9.313177679999999015e+00 2.072811286000000109e+03 2.150421100000000024e+03
2.289000000000000057e+01 9.409090559999999215e+00 2.072012012000000141e+03 2.150421100000000024e+03
2.289499999999999957e+01 9.380946239999998326e+00 2.072246548000000075e+03 2.150421100000000024e+03
2.289999999999999858e+01 9.307252559999998454e+00 2.072860662000000048e+03 2.150421100000000024e+03
2.290500000000000114e+01 9.313177679999999015e+00 2.072811286000000109e+03 2.150421100000000024e+03
2.291000000000000014e+01 9.346876799999998653e+00 2.072530459999999948e+03 2.150421100000000024e+03
2.291499999999999915e+01 9.318732479999997764e+00 2.072764995999999883e+03 2.150421100000000024e+03
2.292000000000000171e+01 9.375391439999999577e+00 2.072292837999999847e+03 2.150421100000000024e+03
2.292500000000000071e+01 9.318732479999997764e+00 2.072764995999999883e+03 2.150421100000000024e+03
2.292999999999999972e+01 9.346876799999998653e+00 2.072530459999999948e+03 2.150421100000000024e+03
2.293499999999999872e+01 9.437234879999998327e+00 2.071777476000000206e+03 2.150421100000000024e+03
2.294000000000000128e+01 9.341321999999998127e+00 2.072576750000000175e+03 2.150421100000000024e+03
2.294500000000000028e+01 9.329842079999998816e+00 2.072672415999999885e+03 2.150421100000000024e+03
2.294999999999999929e+01 9.358356719999997964e+00 2.072434794000000238e+03 2.150421100000000024e+03
2.295500000000000185e+01 9.380946239999998326e+00 2.072246548000000075e+03 2.150421100000000024e+03
2.296000000000000085e+01 9.318732479999997764e+00 2.072764995999999883e+03 2.150421100000000024e+03
2.296499999999999986e+01 9.329842079999998816e+00 2.072672415999999885e+03 2.150421100000000024e+03
2.296999999999999886e+01 9.341321999999998127e+00 2.072576750000000175e+03 2.150421100000000024e+03
2.297500000000000142e+01 9.329842079999998816e+00 2.072672415999999885e+03 2.150421100000000024e+03
2.298000000000000043e+01 9.375391439999999577e+00 2.072292837999999847e+03 2.150421100000000024e+03
2.298499999999999943e+01 9.375391439999999577e+00 2.072292837999999847e+03 2.150421100000000024e+03
2.299000000000000199e+01 9.335767199999997601e+00 2.072623039999999946e+03 2.150421100000000024e+03
2.299500000000000099e+01 9.335767199999997601e+00 2.072623039999999946e+03 2.150421100000000024e+03
2.300000000000000000e+01 9.386501039999998852e+00 2.072200257999999849e+03 2.150421100000000024e+03
2.300499999999999901e+01 9.352431599999999179e+00 2.072484170000000177e+03 2.150421100000000024e+03
2.301000000000000156e+01 9.386501039999998852e+00 2.072200257999999849e+03 2.150421100000000024e+03
2.301500000000000057e+01 9.403535759999998689e+00 2.072058301999999912e+03 2.150421100000000024e+03
2.301999999999999957e+01 9.403535759999998689e+00 2.072058301999999912e+03 2.150421100000000024e+03
2.302499999999999858e+01 9.329842079999998816e+00 2.072672415999999885e+03 2.150421100000000024e+03
2.303000000000000114e+01 9.313177679999999015e+00 2.072811286000000109e+03 2.150421100000000024e+03
2.303500000000000014e+01 9.250963919999998453e+00 2.073329733999999917e+03 2.150421100000000024e+03
2.303999999999999915e+01 9.307252559999998454e+00 2.072860662000000048e+03 2.150421100000000024e+03
2.304500000000000171e+01 9.335767199999997601e+00 2.072623039999999946e+03 2.150421100000000024e+03
2.305000000000000071e+01 9.358356719999997964e+00 2.072434794000000238e+03 2.150421100000000024e+03
2.305499999999999972e+01 9.443159999999998888e+00 2.071728099999999813e+03 2.150421100000000024e+03
2.305999999999999872e+01 9.352431599999999179e+00 2.072484170000000177e+03 2.150421100000000024e+03
2.306500000000000128e+01 9.296142959999999178e+00 2.072953242000000046e+03 2.150421100000000024e+03
2.307000000000000028e+01 9.284663039999999867e+00 2.073048908000000210e+03 2.150421100000000024e+03
2.307499999999999929e+01 9.296142959999999178e+00 2.072953242000000046e+03 2.150421100000000024e+03
2.308000000000000185e+01 9.307252559999998454e+00 2.072860662000000048e+03 2.150421100000000024e+03
2.308500000000000085e+01 9.329842079999998816e+00 2.072672415999999885e+03 2.150421100000000024e+03
2.308999999999999986e+01 9.324287279999998290e+00 2.072718706000000111e+03 2.150421100000000024e+03
2.309499999999999886e+01 9.329842079999998816e+00 2.072672415999999885e+03 2.150421100000000024e+03
2.310000000000000142e+01 9.397980959999999939e+00 2.072104592000000139e+03 2.150421100000000024e+03
2.310500000000000043e+01 9.431680079999997801e+00 2.071823765999999978e+03 2.150421100000000024e+03
2.310999999999999943e+01 9.318732479999997764e+00 2.072764995999999883e+03 2.150421100000000024e+03
2.311500000000000199e+01 9.301697759999999704e+00 2.072906951999999819e+03 2.150421100000000024e+03
2.312000000000000099e+01 9.397980959999999939e+00 2.072104592000000139e+03 2.150421100000000024e+03
2.312500000000000000e+01 9.290588159999998652e+00 2.072999531999999817e+03 2.150421100000000024e+03
2.312999999999999901e+01 9.329842079999998816e+00 2.072672415999999885e+03 2.150421100000000024e+03
2.313500000000000156e+01 9.375391439999999577e+00 2.072292837999999847e+03 2.150421100000000024e+03
2.314000000000000057e+01 9.318732479999997764e+00 2.072764995999999883e+03 2.150421100000000024e+03
2.314499999999999957e+01 9.279108239999999341e+00 2.073095197999999982e+03 2.150421100000000024e+03
2.314999999999999858e+01 9.290588159999998652e+00 2.072999531999999817e+03 2.150421100000000024e+03
2.315500000000000114e+01 9.267998640000000066e+00 2.073187777999999980e+03 2.150421100000000024e+03
2.316000000000000014e+01 9.313177679999999015e+00 2.072811286000000109e+03 2.150421100000000024e+03
2.316499999999999915e+01 9.380946239999998326e+00 2.072246548000000075e+03 2.150421100000000024e+03
2.317000000000000171e+01 9.329842079999998816e+00 2.072672415999999885e+03 2.150421100000000024e+03
2.317500000000000071e+01 9.380946239999998326e+00 2.072246548000000075e+03 2.150421100000000024e+03
2.317999999999999972e+01 9.279108239999999341e+00 2.073095197999999982e+03 2.150421100000000024e+03
2.318499999999999872e+01 9.335767199999997601e+00 2.072623039999999946e+03 2.150421100000000024e+03
2.319000000000000128e+01 9.363911519999998490e+00 2.072388504000000012e+03 2.150421100000000024e+03
2.319500000000000028e+01 9.267998640000000066e+00 2.073187777999999980e+03 2.150421100000000024e+03
2.319999999999999929e+01 9.284663039999999867e+00 2.073048908000000210e+03 2.150421100000000024e+03
2.320500000000000185e+01 9.267998640000000066e+00 2.073187777999999980e+03 2.150421100000000024e+03
2.321000000000000085e+01 9.245409119999999703e+00 2.073376024000000143e+03 2.150421100000000024e+03
2.321499999999999986e+01 9.313177679999999015e+00 2.072811286000000109e+03 2.150421100000000024e+03
2.321999999999999886e+01 9.307252559999998454e+00 2.072860662000000048e+03 2.150421100000000024e+03
2.322500000000000142e+01 9.301697759999999704e+00 2.072906951999999819e+03 2.150421100000000024e+03
2.323000000000000043e+01 9.296142959999999178e+00 2.072953242000000046e+03 2.150421100000000024e+03
2.323499999999999943e+01 9.318732479999997764e+00 2.072764995999999883e+03 2.150421100000000024e+03
2.324000000000000199e+01 9.262073519999999505e+00 2.073237153999999919e+03 2.150421100000000024e+03
2.324500000000000099e+01 9.279108239999999341e+00 2.073095197999999982e+03 2.150421100000000024e+03
2.325000000000000000e+01 9.318732479999997764e+00 2.072764995999999883e+03 2.150421100000000024e+03
2.325499999999999901e+01 9.341321999999998127e+00 2.072576750000000175e+03 2.150421100000000024e+03
2.326000000000000156e+01 9.324287279999998290e+00 2.072718706000000111e+03 2.150421100000000024e+03
2.326500000000000057e+01 9.239483999999999142e+00 2.073425400000000081e+03 2.150421100000000024e+03
2.326999999999999957e+01 9.352431599999999179e+00 2.072484170000000177e+03 2.150421100000000024e+03
2.327499999999999858e+01 9.307252559999998454e+00 2.072860662000000048e+03 2.150421100000000024e+03
2.328000000000000114e+01 9.318732479999997764e+00 2.072764995999999883e+03 2.150421100000000024e+03
2.328500000000000014e+01 9.324287279999998290e+00 2.072718706000000111e+03 2.150421100000000024e+03
2.328999999999999915e+01 9.352431599999999179e+00 2.072484170000000177e+03 2.150421100000000024e+03
2.329500000000000171e+01 9.363911519999998490e+00 2.072388504000000012e+03 2.150421100000000024e+03
2.330000000000000071e+01 9.318732479999997764e+00 2.072764995999999883e+03 2.150421100000000024e+03
2.330499999999999972e+01 9.318732479999997764e+00 2.072764995999999883e+03 2.150421100000000024e+03
2.330999999999999872e+01 9.369466319999999016e+00 2.072342214000000240e+03 2.150421100000000024e+03
2.331500000000000128e+01 9.290588159999998652e+00 2.072999531999999817e+03 2.150421100000000024e+03
2.332000000000000028e+01 9.307252559999998454e+00 2.072860662000000048e+03 2.150421100000000024e+03
2.332499999999999929e+01 9.329842079999998816e+00 2.072672415999999885e+03 2.150421100000000024e+03
2.333000000000000185e+01 9.245409119999999703e+00 2.073376024000000143e+03 2.150421100000000024e+03
2.333500000000000085e+01 9.341321999999998127e+00 2.072576750000000175e+03 2.150421100000000024e+03
2.333999999999999986e+01 9.313177679999999015e+00 2.072811286000000109e+03 2.150421100000000024e+03
2.334499999999999886e+01 9.301697759999999704e+00 2.072906951999999819e+03 2.150421100000000024e+03
2.335000000000000142e+01 9.296142959999999178e+00 2.072953242000000046e+03 2.150421100000000024e+03
2.335500000000000043e+01 9.324287279999998290e+00 2.072718706000000111e+03 2.150421100000000024e+03
2.335999999999999943e+01 9.335767199999997601e+00 2.072623039999999946e+03 2.150421100000000024e+03
2.336500000000000199e+01 9.250963919999998453e+00 2.073329733999999917e+03 2.150421100000000024e+03
2.337000000000000099e+01 9.267998640000000066e+00 2.073187777999999980e+03 2.150421100000000024e+03
2.337500000000000000e+01 9.239483999999999142e+00 2.073425400000000081e+03 2.150421100000000024e+03
2.337999999999999901e+01 9.301697759999999704e+00 2.072906951999999819e+03 2.150421100000000024e+03
2.338500000000000156e+01 9.256518719999998979e+00 2.073283444000000145e+03 2.150421100000000024e+03
2.339000000000000057e+01 9.250963919999998453e+00 2.073329733999999917e+03 2.150421100000000024e+03
2.339499999999999957e+01 9.222449279999999305e+00 2.073567356000000018e+03 2.150421100000000024e+03
2.339999999999999858e+01 9.273553439999998815e+00 2.073141488000000209e+03 2.150421100000000024e+03
2.340500000000000114e+01 9.279108239999999341e+00 2.073095197999999982e+03 2.150421100000000024e+03
2.341000000000000014e+01 9.279108239999999341e+00 2.073095197999999982e+03 2.150421100000000024e+03
2.341499999999999915e+01 9.284663039999999867e+00 2.073048908000000210e+03 2.150421100000000024e+03
2.342000000000000171e+01 9.262073519999999505e+00 2.073237153999999919e+03 2.150421100000000024e+03
2.342500000000000071e+01 9.284663039999999867e+00 2.073048908000000210e+03 2.150421100000000024e+03
2.342999999999999972e+01 9.262073519999999505e+00 2.073237153999999919e+03 2.150421100000000024e+03
2.343499999999999872e+01 9.245409119999999703e+00 2.073376024000000143e+03 2.150421100000000024e+03
2.344000000000000128e+01 9.233929199999998616e+00 2.073471689999999853e+03 2.150421100000000024e+03
2.344500000000000028e+01 9.177270240000000356e+00 2.073943847999999889e+03 2.150421100000000024e+03
2.344999999999999929e+01 9.211339679999998253e+00 2.073659936000000016e+03 2.150421100000000024e+03
2.345500000000000185e+01 9.211339679999998253e+00 2.073659936000000016e+03 2.150421100000000024e+03
2.346000000000000085e+01 9.188750159999999667e+00 2.073848182000000179e+03 2.150421100000000024e+03
2.346499999999999986e+01 9.183195360000000917e+00 2.073894471999999951e+03 2.150421100000000024e+03
2.346999999999999886e+01 9.188750159999999667e+00 2.073848182000000179e+03 2.150421100000000024e+03
2.347500000000000142e+01 9.216894479999998779e+00 2.073613646000000244e+03 2.150421100000000024e+03
2.348000000000000043e+01 9.199859759999998943e+00 2.073755602000000181e+03 2.150421100000000024e+03
2.348499999999999943e+01 9.233929199999998616e+00 2.073471689999999853e+03 2.150421100000000024e+03
2.349000000000000199e+01 9.194304959999998417e+00 2.073801891999999953e+03 2.150421100000000024e+03
2.349500000000000099e+01 9.228374399999999866e+00 2.073517980000000080e+03 2.150421100000000024e+03
2.350000000000000000e+01 9.216894479999998779e+00 2.073613646000000244e+03 2.150421100000000024e+03
2.350499999999999901e+01 9.250963919999998453e+00 2.073329733999999917e+03 2.150421100000000024e+03
2.351000000000000156e+01 9.273553439999998815e+00 2.073141488000000209e+03 2.150421100000000024e+03
2.351500000000000057e+01 9.250963919999998453e+00 2.073329733999999917e+03 2.150421100000000024e+03
2.351999999999999957e+01 9.228374399999999866e+00 2.073517980000000080e+03 2.150421100000000024e+03
2.352499999999999858e+01 9.250963919999998453e+00 2.073329733999999917e+03 2.150421100000000024e+03
2.353000000000000114e+01 9.239483999999999142e+00 2.073425400000000081e+03 2.150421100000000024e+03
2.353500000000000014e+01 9.262073519999999505e+00 2.073237153999999919e+03 2.150421100000000024e+03
2.353999999999999915e+01 9.279108239999999341e+00 2.073095197999999982e+03 2.150421100000000024e+03
2.354500000000000171e+01 9.245409119999999703e+00 2.073376024000000143e+03 2.150421100000000024e+03
2.355000000000000071e+01 9.188750159999999667e+00 2.073848182000000179e+03 2.150421100000000024e+03
2.355499999999999972e+01 9.239483999999999142e+00 2.073425400000000081e+03 2.150421100000000024e+03
2.355999999999999872e+01 9.211339679999998253e+00 2.073659936000000016e+03 2.150421100000000024e+03
2.356500000000000128e+01 9.262073519999999505e+00 2.073237153999999919e+03 2.150421100000000024e+03
2.357000000000000028e+01 9.228374399999999866e+00 2.073517980000000080e+03 2.150421100000000024e+03
2.357499999999999929e+01 9.245409119999999703e+00 2.073376024000000143e+03 2.150421100000000024e+03
2.358000000000000185e+01 9.279108239999999341e+00 2.073095197999999982e+03 2.150421100000000024e+03
2.358500000000000085e+01 9.228374399999999866e+00 2.073517980000000080e+03 2.150421100000000024e+03
2.358999999999999986e+01 9.250963919999998453e+00 2.073329733999999917e+03 2.150421100000000024e+03
2.359499999999999886e+01 9.205784879999999504e+00 2.073706226000000242e+03 2.150421100000000024e+03
2.360000000000000142e+01 9.262073519999999505e+00 2.073237153999999919e+03 2.150421100000000024e+03
2.360500000000000043e+01 9.318732479999997764e+00 2.072764995999999883e+03 2.150421100000000024e+03
2.360999999999999943e+01 9.318732479999997764e+00 2.072764995999999883e+03 2.150421100000000024e+03
2.361500000000000199e+01 9.233929199999998616e+00 2.073471689999999853e+03 2.150421100000000024e+03
2.362000000000000099e+01 9.222449279999999305e+00 2.073567356000000018e+03 2.150421100000000024e+03
2.362500000000000000e+01 9.222449279999999305e+00 2.073567356000000018e+03 2.150421100000000024e+03
2.362999999999999901e+01 9.228374399999999866e+00 2.073517980000000080e+03 2.150421100000000024e+03
2.363500000000000156e+01 9.199859759999998943e+00 2.073755602000000181e+03 2.150421100000000024e+03
2.364000000000000057e+01 9.273553439999998815e+00 2.073141488000000209e+03 2.150421100000000024e+03
2.364499999999999957e+01 9.273553439999998815e+00 2.073141488000000209e+03 2.150421100000000024e+03
2.364999999999999858e+01 9.256518719999998979e+00 2.073283444000000145e+03 2.150421100000000024e+03
2.365500000000000114e+01 9.245409119999999703e+00 2.073376024000000143e+03 2.150421100000000024e+03
2.366000000000000014e+01 9.222449279999999305e+00 2.073567356000000018e+03 2.150421100000000024e+03
2.366499999999999915e+01 9.183195360000000917e+00 2.073894471999999951e+03 2.150421100000000024e+03
2.367000000000000171e+01 9.205784879999999504e+00 2.073706226000000242e+03 2.150421100000000024e+03
2.367500000000000071e+01 9.256518719999998979e+00 2.073283444000000145e+03 2.150421100000000024e+03
2.367999999999999972e+01 9.233929199999998616e+00 2.073471689999999853e+03 2.150421100000000024e+03
2.368499999999999872e+01 9.256518719999998979e+00 2.073283444000000145e+03 2.150421100000000024e+03
2.369000000000000128e+01 9.194304959999998417e+00 2.073801891999999953e+03 2.150421100000000024e+03
2.369500000000000028e+01 9.216894479999998779e+00 2.073613646000000244e+03 2.150421100000000024e+03
2.369999999999999929e+01 9.228374399999999866e+00 2.073517980000000080e+03 2.150421100000000024e+03
2.370500000000000185e+01 9.228374399999999866e+00 2.073517980000000080e+03 2.150421100000000024e+03
2.371000000000000085e+01 9.256518719999998979e+00 2.073283444000000145e+03 2.150421100000000024e+03
2.371499999999999986e+01 9.233929199999998616e+00 2.073471689999999853e+03 2.150421100000000024e+03
2.371999999999999886e+01 9.245409119999999703e+00 2.073376024000000143e+03 2.150421100000000024e+03
2.372500000000000142e+01 9.216894479999998779e+00 2.073613646000000244e+03 2.150421100000000024e+03
2.373000000000000043e+01 9.216894479999998779e+00 2.073613646000000244e+03 2.150421100000000024e+03
2.373499999999999943e+01 9.222449279999999305e+00 2.073567356000000018e+03 2.150421100000000024e+03
2.374000000000000199e+01 9.256518719999998979e+00 2.073283444000000145e+03 2.150421100000000024e+03
2.374500000000000099e+01 9.267998640000000066e+00 2.073187777999999980e+03 2.150421100000000024e+03
2.375000000000000000e+01 9.256518719999998979e+00 2.073283444000000145e+03 2.150421100000000024e+03
2.375499999999999901e+01 9.262073519999999505e+00 2.073237153999999919e+03 2.150421100000000024e+03
2.376000000000000156e+01 9.239483999999999142e+00 2.073425400000000081e+03 2.150421100000000024e+03
2.376500000000000057e+01 9.216894479999998779e+00 2.073613646000000244e+03 2.150421100000000024e+03
2.376999999999999957e+01 9.211339679999998253e+00 2.073659936000000016e+03 2.150421100000000024e+03
2.377499999999999858e+01 9.296142959999999178e+00 2.072953242000000046e+03 2.150421100000000024e+03
2.378000000000000114e+01 9.273553439999998815e+00 2.073141488000000209e+03 2.150421100000000024e+03
2.378500000000000014e+01 9.307252559999998454e+00 2.072860662000000048e+03 2.150421100000000024e+03
2.378999999999999915e+01 9.290588159999998652e+00 2.072999531999999817e+03 2.150421100000000024e+03
2.379500000000000171e+01 9.279108239999999341e+00 2.073095197999999982e+03 2.150421100000000024e+03
2.380000000000000071e+01 9.239483999999999142e+00 2.073425400000000081e+03 2.150421100000000024e+03
2.380499999999999972e+01 9.296142959999999178e+00 2.072953242000000046e+03 2.150421100000000024e+03
2.380999999999999872e+01 9.307252559999998454e+00 2.072860662000000048e+03 2.150421100000000024e+03
2.381500000000000128e+01 9.284663039999999867e+00 2.073048908000000210e+03 2.150421100000000024e+03
2.382000000000000028e+01 9.296142959999999178e+00 2.072953242000000046e+03 2.150421100000000024e+03
2.382499999999999929e+01 9.228374399999999866e+00 2.073517980000000080e+03 2.150421100000000024e+03
2.383000000000000185e+01 9.205784879999999504e+00 2.073706226000000242e+03 2.150421100000000024e+03
2.383500000000000085e+01 9.245409119999999703e+00 2.073376024000000143e+03 2.150421100000000024e+03
2.383999999999999986e+01 9.216894479999998779e+00 2.073613646000000244e+03 2.150421100000000024e+03
2.384499999999999886e+01 9.222449279999999305e+00 2.073567356000000018e+03 2.150421100000000024e+03
2.385000000000000142e+01 9.222449279999999305e+00 2.073567356000000018e+03 2.150421100000000024e+03
2.385500000000000043e+01 9.233929199999998616e+00 2.073471689999999853e+03 2.150421100000000024e+03
2.385999999999999943e+01 9.273553439999998815e+00 2.073141488000000209e+03 2.150421100000000024e+03
2.386500000000000199e+01 9.267998640000000066e+00 2.073187777999999980e+03 2.150421100000000024e+03
2.387000000000000099e+01 9.256518719999998979e+00 2.073283444000000145e+03 2.150421100000000024e+03
2.387500000000000000e+01 9.239483999999999142e+00 2.073425400000000081e+03 2.150421100000000024e+03
2.387999999999999901e+01 9.279108239999999341e+00 2.073095197999999982e+03 2.150421100000000024e+03
2.388500000000000156e+01 9.290588159999998652e+00 2.072999531999999817e+03 2.150421100000000024e+03
2.389000000000000057e+01 9.211339679999998253e+00 2.073659936000000016e+03 2.150421100000000024e+03
2.389499999999999957e+01 9.211339679999998253e+00 2.073659936000000016e+03 2.150421100000000024e+03
2.389999999999999858e+01 9.239483999999999142e+00 2.073425400000000081e+03 2.150421100000000024e+03
2.390500000000000114e+01 9.228374399999999866e+00 2.073517980000000080e+03 2.150421100000000024e+03
2.391000000000000014e+01 9.301697759999999704e+00 2.072906951999999819e+03 2.150421100000000024e+03
2.391499999999999915e+01 9.284663039999999867e+00 2.073048908000000210e+03 2.150421100000000024e+03
2.392000000000000171e+01 9.239483999999999142e+00 2.073425400000000081e+03 2.150421100000000024e+03
2.392500000000000071e+01 9.239483999999999142e+00 2.073425400000000081e+03 2.150421100000000024e+03
2.392999999999999972e+01 9.256518719999998979e+00 2.073283444000000145e+03 2.150421100000000024e+03
2.393499999999999872e+01 9.216894479999998779e+00 2.073613646000000244e+03 2.150421100000000024e+03
2.394000000000000128e+01 9.171715439999999830e+00 2.073990138000000115e+03 2.150421100000000024e+03
2.394500000000000028e+01 9.216894479999998779e+00 2.073613646000000244e+03 2.150421100000000024e+03
2.394999999999999929e+01 9.199859759999998943e+00 2.073755602000000181e+03 2.150421100000000024e+03
2.395500000000000185e+01 9.228374399999999866e+00 2.073517980000000080e+03 2.150421100000000024e+03
2.396000000000000085e+01 9.267998640000000066e+00 2.073187777999999980e+03 2.150421100000000024e+03
2.396499999999999986e+01 9.250963919999998453e+00 2.073329733999999917e+03 2.150421100000000024e+03
2.396999999999999886e+01 9.216894479999998779e+00 2.073613646000000244e+03 2.150421100000000024e+03
2.397500000000000142e+01 9.211339679999998253e+00 2.073659936000000016e+03 2.150421100000000024e+03
2.398000000000000043e+01 9.222449279999999305e+00 2.073567356000000018e+03 2.150421100000000024e+03
2.398499999999999943e+01 9.250963919999998453e+00 2.073329733999999917e+03 2.150421100000000024e+03
2.399000000000000199e+01 9.205784879999999504e+00 2.073706226000000242e+03 2.150421100000000024e+03
2.399500000000000099e+01 9.188750159999999667e+00 2.073848182000000179e+03 2.150421100000000024e+03
2.400000000000000000e+01 9.211339679999998253e+00 2.073659936000000016e+03 2.150421100000000024e+03
2.400499999999999901e+01 9.216894479999998779e+00 2.073613646000000244e+03 2.150421100000000024e+03
2.401000000000000156e+01 9.211339679999998253e+00 2.073659936000000016e+03 2.150421100000000024e+03
2.401500000000000057e+01 9.239483999999999142e+00 2.073425400000000081e+03 2.150421100000000024e+03
2.401999999999999957e+01 9.205784879999999504e+00 2.073706226000000242e+03 2.150421100000000024e+03
2.402499999999999858e+01 9.171715439999999830e+00 2.073990138000000115e+03 2.150421100000000024e+03
2.403000000000000114e+01 9.194304959999998417e+00 2.073801891999999953e+03 2.150421100000000024e+03
2.403500000000000014e+01 9.216894479999998779e+00 2.073613646000000244e+03 2.150421100000000024e+03
2.403999999999999915e+01 9.222449279999999305e+00 2.073567356000000018e+03 2.150421100000000024e+03
2.404500000000000171e+01 9.262073519999999505e+00 2.073237153999999919e+03 2.150421100000000024e+03
2.405000000000000071e+01 9.267998640000000066e+00 2.073187777999999980e+03 2.150421100000000024e+03
2.405499999999999972e+01 9.267998640000000066e+00 2.073187777999999980e+03 2.150421100000000024e+03
2.405999999999999872e+01 9.267998640000000066e+00 2.073187777999999980e+03 2.150421100000000024e+03
2.406500000000000128e+01 9.239483999999999142e+00 2.073425400000000081e+03 2.150421100000000024e+03
2.407000000000000028e+01 9.194304959999998417e+00 2.073801891999999953e+03 2.150421100000000024e+03
2.407499999999999929e+01 9.250963919999998453e+00 2.073329733999999917e+03 2.150421100000000024e+03
2.408000000000000185e+01 9.199859759999998943e+00 2.073755602000000181e+03 2.150421100000000024e+03
2.408500000000000085e+01 9.233929199999998616e+00 2.073471689999999853e+03 2.150421100000000024e+03
2.408999999999999986e+01 9.228374399999999866e+00 2.073517980000000080e+03 2.150421100000000024e+03
2.409499999999999886e+01 9.250963919999998453e+00 2.073329733999999917e+03 2.150421100000000024e+03
2.410000000000000142e+01 9.188750159999999667e+00 2.073848182000000179e+03 2.150421100000000024e+03
2.410500000000000043e+01 9.222449279999999305e+00 2.073567356000000018e+03 2.150421100000000024e+03
2.410999999999999943e+01 9.166160639999999304e+00 2.074036427999999887e+03 2.150421100000000024e+03
2.411500000000000199e+01 9.188750159999999667e+00 2.073848182000000179e+03 2.150421100000000024e+03
2.412000000000000099e+01 9.166160639999999304e+00 2.074036427999999887e+03 2.150421100000000024e+03
2.412500000000000000e+01 9.188750159999999667e+00 2.073848182000000179e+03 2.150421100000000024e+03
2.412999999999999901e+01 9.222449279999999305e+00 2.073567356000000018e+03 2.150421100000000024e+03
2.413500000000000156e+01 9.199859759999998943e+00 2.073755602000000181e+03 2.150421100000000024e+03
2.414000000000000057e+01 9.239483999999999142e+00 2.073425400000000081e+03 2.150421100000000024e+03
2.414499999999999957e+01 9.256518719999998979e+00 2.073283444000000145e+03 2.150421100000000024e+03
2.414999999999999858e+01 9.194304959999998417e+00 2.073801891999999953e+03 2.150421100000000024e+03
2.415500000000000114e+01 9.262073519999999505e+00 2.073237153999999919e+03 2.150421100000000024e+03
2.416000000000000014e+01 9.245409119999999703e+00 2.073376024000000143e+03 2.150421100000000024e+03
2.416499999999999915e+01 9.211339679999998253e+00 2.073659936000000016e+03 2.150421100000000024e+03
2.417000000000000171e+01 9.199859759999998943e+00 2.073755602000000181e+03 2.150421100000000024e+03
2.417500000000000071e+01 9.222449279999999305e+00 2.073567356000000018e+03 2.150421100000000024e+03
2.417999999999999972e+01 9.216894479999998779e+00 2.073613646000000244e+03 2.150421100000000024e+03
2.418499999999999872e+01 9.228374399999999866e+00 2.073517980000000080e+03 2.150421100000000024e+03
2.419000000000000128e+01 9.222449279999999305e+00 2.073567356000000018e+03 2.150421100000000024e+03
2.419500000000000028e+01 9.216894479999998779e+00 2.073613646000000244e+03 2.150421100000000024e+03
2.419999999999999929e+01 9.205784879999999504e+00 2.073706226000000242e+03 2.150421100000000024e+03
2.420500000000000185e+01 9.149125919999999468e+00 2.074178383999999824e+03 2.150421100000000024e+03
2.421000000000000085e+01 9.256518719999998979e+00 2.073283444000000145e+03 2.150421100000000024e+03
2.421499999999999986e+01 9.188750159999999667e+00 2.073848182000000179e+03 2.150421100000000024e+03
2.421999999999999886e+01 9.171715439999999830e+00 2.073990138000000115e+03 2.150421100000000024e+03
2.422500000000000142e+01 9.171715439999999830e+00 2.073990138000000115e+03 2.150421100000000024e+03
2.423000000000000043e+01 9.211339679999998253e+00 2.073659936000000016e+03 2.150421100000000024e+03
2.423499999999999943e+01 9.188750159999999667e+00 2.073848182000000179e+03 2.150421100000000024e+03
2.424000000000000199e+01 9.205784879999999504e+00 2.073706226000000242e+03 2.150421100000000024e+03
2.424500000000000099e+01 9.256518719999998979e+00 2.073283444000000145e+03 2.150421100000000024e+03
2.425000000000000000e+01 9.115426799999999830e+00 2.074459209999999985e+03 2.150421100000000024e+03
2.425499999999999901e+01 9.177270240000000356e+00 2.073943847999999889e+03 2.150421100000000024e+03
2.426000000000000156e+01 9.183195360000000917e+00 2.073894471999999951e+03 2.150421100000000024e+03
2.426500000000000057e+01 9.211339679999998253e+00 2.073659936000000016e+03 2.150421100000000024e+03
2.426999999999999957e+01 9.149125919999999468e+00 2.074178383999999824e+03 2.150421100000000024e+03
2.427499999999999858e+01 9.188750159999999667e+00 2.073848182000000179e+03 2.150421100000000024e+03
2.428000000000000114e+01 9.171715439999999830e+00 2.073990138000000115e+03 2.150421100000000024e+03
2.428500000000000014e+01 9.199859759999998943e+00 2.073755602000000181e+03 2.150421100000000024e+03
2.428999999999999915e+01 9.211339679999998253e+00 2.073659936000000016e+03 2.150421100000000024e+03
2.429500000000000171e+01 9.171715439999999830e+00 2.073990138000000115e+03 2.150421100000000024e+03
2.430000000000000071e+01 9.205784879999999504e+00 2.073706226000000242e+03 2.150421100000000024e+03
2.430499999999999972e+01 9.177270240000000356e+00 2.073943847999999889e+03 2.150421100000000024e+03
2.430999999999999872e+01 9.171715439999999830e+00 2.073990138000000115e+03 2.150421100000000024e+03
2.431500000000000128e+01 9.205784879999999504e+00 2.073706226000000242e+03 2.150421100000000024e+03
2.432000000000000028e+01 9.199859759999998943e+00 2.073755602000000181e+03 2.150421100000000024e+03
2.432499999999999929e+01 9.216894479999998779e+00 2.073613646000000244e+03 2.150421100000000024e+03
2.433000000000000185e+01 9.250963919999998453e+00 2.073329733999999917e+03 2.150421100000000024e+03
2.433500000000000085e+01 9.171715439999999830e+00 2.073990138000000115e+03 2.150421100000000024e+03
2.433999999999999986e+01 9.222449279999999305e+00 2.073567356000000018e+03 2.150421100000000024e+03
2.434499999999999886e+01 9.177270240000000356e+00 2.073943847999999889e+03 2.150421100000000024e+03
2.435000000000000142e+01 9.228374399999999866e+00 2.073517980000000080e+03 2.150421100000000024e+03
2.435500000000000043e+01 9.222449279999999305e+00 2.073567356000000018e+03 2.150421100000000024e+03
2.435999999999999943e+01 9.188750159999999667e+00 2.073848182000000179e+03 2.150421100000000024e+03
2.436500000000000199e+01 9.132091199999999631e+00 2.074320340000000215e+03 2.150421100000000024e+03
2.437000000000000099e+01 9.166160639999999304e+00 2.074036427999999887e+03 2.150421100000000024e+03
2.437500000000000000e+01 9.188750159999999667e+00 2.073848182000000179e+03 2.150421100000000024e+03
2.437999999999999901e+01 9.171715439999999830e+00 2.073990138000000115e+03 2.150421100000000024e+03
2.438500000000000156e+01 9.211339679999998253e+00 2.073659936000000016e+03 2.150421100000000024e+03
2.439000000000000057e+01 9.222449279999999305e+00 2.073567356000000018e+03 2.150421100000000024e+03
2.439499999999999957e+01 9.166160639999999304e+00 2.074036427999999887e+03 2.150421100000000024e+03
2.439999999999999858e+01 9.183195360000000917e+00 2.073894471999999951e+03 2.150421100000000024e+03
2.440500000000000114e+01 9.194304959999998417e+00 2.073801891999999953e+03 2.150421100000000024e+03
2.441000000000000014e+01 9.211339679999998253e+00 2.073659936000000016e+03 2.150421100000000024e+03
2.441499999999999915e+01 9.177270240000000356e+00 2.073943847999999889e+03 2.150421100000000024e+03
2.442000000000000171e+01 9.199859759999998943e+00 2.073755602000000181e+03 2.150421100000000024e+03
2.442500000000000071e+01 9.216894479999998779e+00 2.073613646000000244e+03 2.150421100000000024e+03
2.442999999999999972e+01 9.132091199999999631e+00 2.074320340000000215e+03 2.150421100000000024e+03
2.443499999999999872e+01 9.154680719999999994e+00 2.074132094000000052e+03 2.150421100000000024e+03
2.444000000000000128e+01 9.211339679999998253e+00 2.073659936000000016e+03 2.150421100000000024e+03
2.444500000000000028e+01 9.199859759999998943e+00 2.073755602000000181e+03 2.150421100000000024e+03
2.444999999999999929e+01 9.199859759999998943e+00 2.073755602000000181e+03 2.150421100000000024e+03
2.445500000000000185e+01 9.160605840000000555e+00 2.074082718000000114e+03 2.150421100000000024e+03
2.446000000000000085e+01 9.183195360000000917e+00 2.073894471999999951e+03 2.150421100000000024e+03
2.446499999999999986e+01 9.143571119999998942e+00 2.074224674000000050e+03 2.150421100000000024e+03
2.446999999999999886e+01 9.211339679999998253e+00 2.073659936000000016e+03 2.150421100000000024e+03
2.447500000000000142e+01 9.171715439999999830e+00 2.073990138000000115e+03 2.150421100000000024e+03
2.448000000000000043e+01 9.228374399999999866e+00 2.073517980000000080e+03 2.150421100000000024e+03
2.448499999999999943e+01 9.132091199999999631e+00 2.074320340000000215e+03 2.150421100000000024e+03
2.449000000000000199e+01 9.115426799999999830e+00 2.074459209999999985e+03 2.150421100000000024e+03
2.449500000000000099e+01 9.160605840000000555e+00 2.074082718000000114e+03 2.150421100000000024e+03
2.450000000000000000e+01 9.138016320000000192e+00 2.074270963999999822e+03 2.150421100000000024e+03
2.450499999999999901e+01 9.166160639999999304e+00 2.074036427999999887e+03 2.150421100000000024e+03
2.451000000000000156e+01 9.149125919999999468e+00 2.074178383999999824e+03 2.150421100000000024e+03
2.451500000000000057e+01 9.160605840000000555e+00 2.074082718000000114e+03 2.150421100000000024e+03
2.451999999999999957e+01 9.160605840000000555e+00 2.074082718000000114e+03 2.150421100000000024e+03
2.452499999999999858e+01 9.120981600000000356e+00 2.074412920000000213e+03 2.150421100000000024e+03
2.453000000000000114e+01 9.149125919999999468e+00 2.074178383999999824e+03 2.150421100000000024e+03
2.453500000000000014e+01 9.188750159999999667e+00 2.073848182000000179e+03 2.150421100000000024e+03
2.453999999999999915e+01 9.160605840000000555e+00 2.074082718000000114e+03 2.150421100000000024e+03
2.454500000000000171e+01 9.166160639999999304e+00 2.074036427999999887e+03 2.150421100000000024e+03
2.455000000000000071e+01 9.183195360000000917e+00 2.073894471999999951e+03 2.150421100000000024e+03
2.455499999999999972e+01 9.120981600000000356e+00 2.074412920000000213e+03 2.150421100000000024e+03
2.455999999999999872e+01 9.143571119999998942e+00 2.074224674000000050e+03 2.150421100000000024e+03
2.456500000000000128e+01 9.149125919999999468e+00 2.074178383999999824e+03 2.150421100000000024e+03
2.457000000000000028e+01 9.188750159999999667e+00 2.073848182000000179e+03 2.150421100000000024e+03
2.457499999999999929e+01 9.188750159999999667e+00 2.073848182000000179e+03 2.150421100000000024e+03
2.458000000000000185e+01 9.171715439999999830e+00 2.073990138000000115e+03 2.150421100000000024e+03
2.458500000000000085e+01 9.160605840000000555e+00 2.074082718000000114e+03 2.150421100000000024e+03
2.458999999999999986e+01 9.194304959999998417e+00 2.073801891999999953e+03 2.150421100000000024e+03
2.459499999999999886e+01 9.120981600000000356e+00 2.074412920000000213e+03 2.150421100000000024e+03
2.460000000000000142e+01 9.120981600000000356e+00 2.074412920000000213e+03 2.150421100000000024e+03
2.460500000000000043e+01 9.177270240000000356e+00 2.073943847999999889e+03 2.150421100000000024e+03
2.460999999999999943e+01 9.222449279999999305e+00 2.073567356000000018e+03 2.150421100000000024e+03
2.461500000000000199e+01 9.188750159999999667e+00 2.073848182000000179e+03 2.150421100000000024e+03
2.462000000000000099e+01 9.222449279999999305e+00 2.073567356000000018e+03 2.150421100000000024e+03
2.462500000000000000e+01 9.154680719999999994e+00 2.074132094000000052e+03 2.150421100000000024e+03
2.462999999999999901e+01 9.222449279999999305e+00 2.073567356000000018e+03 2.150421100000000024e+03
2.463500000000000156e+01 9.205784879999999504e+00 2.073706226000000242e+03 2.150421100000000024e+03
2.464000000000000057e+01 9.183195360000000917e+00 2.073894471999999951e+03 2.150421100000000024e+03
2.464499999999999957e+01 9.188750159999999667e+00 2.073848182000000179e+03 2.150421100000000024e+03
2.464999999999999858e+01 9.160605840000000555e+00 2.074082718000000114e+03 2.150421100000000024e+03
2.465500000000000114e+01 9.171715439999999830e+00 2.073990138000000115e+03 2.150421100000000024e+03
2.466000000000000014e+01 9.098392079999999993e+00 2.074601165999999921e+03 2.150421100000000024e+03
2.466499999999999915e+01 9.160605840000000555e+00 2.074082718000000114e+03 2.150421100000000024e+03
2.467000000000000171e+01 9.149125919999999468e+00 2.074178383999999824e+03 2.150421100000000024e+03
2.467500000000000071e+01 9.143571119999998942e+00 2.074224674000000050e+03 2.150421100000000024e+03
2.467999999999999972e+01 9.109501679999999268e+00 2.074508585999999923e+03 2.150421100000000024e+03
2.468499999999999872e+01 9.120981600000000356e+00 2.074412920000000213e+03 2.150421100000000024e+03
2.469000000000000128e+01 9.183195360000000917e+00 2.073894471999999951e+03 2.150421100000000024e+03
2.469500000000000028e+01 9.149125919999999468e+00 2.074178383999999824e+03 2.150421100000000024e+03
2.469999999999999929e+01 9.120981600000000356e+00 2.074412920000000213e+03 2.150421100000000024e+03
2.470500000000000185e+01 9.132091199999999631e+00 2.074320340000000215e+03 2.150421100000000024e+03
2.471000000000000085e+01 9.138016320000000192e+00 2.074270963999999822e+03 2.150421100000000024e+03
2.471499999999999986e+01 9.064322640000000320e+00 2.074885078000000249e+03 2.150421100000000024e+03
2.471999999999999886e+01 9.132091199999999631e+00 2.074320340000000215e+03 2.150421100000000024e+03
2.472500000000000142e+01 9.138016320000000192e+00 2.074270963999999822e+03 2.150421100000000024e+03
2.473000000000000043e+01 9.160605840000000555e+00 2.074082718000000114e+03 2.150421100000000024e+03
2.473499999999999943e+01 9.126536399999999105e+00 2.074366629999999986e+03 2.150421100000000024e+03
2.474000000000000199e+01 9.194304959999998417e+00 2.073801891999999953e+03 2.150421100000000024e+03
2.474500000000000099e+01 9.171715439999999830e+00 2.073990138000000115e+03 2.150421100000000024e+03
2.475000000000000000e+01 9.081357360000000156e+00 2.074743121999999858e+03 2.150421100000000024e+03
2.475499999999999901e+01 9.160605840000000555e+00 2.074082718000000114e+03 2.150421100000000024e+03
2.476000000000000156e+01 9.143571119999998942e+00 2.074224674000000050e+03 2.150421100000000024e+03
2.476500000000000057e+01 9.143571119999998942e+00 2.074224674000000050e+03 2.150421100000000024e+03
2.476999999999999957e+01 9.166160639999999304e+00 2.074036427999999887e+03 2.150421100000000024e+03
2.477499999999999858e+01 9.188750159999999667e+00 2.073848182000000179e+03 2.150421100000000024e+03
2.478000000000000114e+01 9.160605840000000555e+00 2.074082718000000114e+03 2.150421100000000024e+03
2.478500000000000014e+01 9.132091199999999631e+00 2.074320340000000215e+03 2.150421100000000024e+03
2.478999999999999915e+01 9.149125919999999468e+00 2.074178383999999824e+03 2.150421100000000024e+03
2.479500000000000171e+01 9.149125919999999468e+00 2.074178383999999824e+03 2.150421100000000024e+03
2.480000000000000071e+01 9.228374399999999866e+00 2.073517980000000080e+03 2.150421100000000024e+03
2.480499999999999972e+01 9.115426799999999830e+00 2.074459209999999985e+03 2.150421100000000024e+03
2.480999999999999872e+01 9.154680719999999994e+00 2.074132094000000052e+03 2.150421100000000024e+03
2.481500000000000128e+01 9.120981600000000356e+00 2.074412920000000213e+03 2.150421100000000024e+03
2.482000000000000028e+01 9.126536399999999105e+00 2.074366629999999986e+03 2.150421100000000024e+03
2.482499999999999929e+01 9.092837279999999467e+00 2.074647456000000147e+03 2.150421100000000024e+03
2.483000000000000185e+01 9.075802560000001407e+00 2.074789412000000084e+03 2.150421100000000024e+03
2.483500000000000085e+01 9.115426799999999830e+00 2.074459209999999985e+03 2.150421100000000024e+03
2.483999999999999986e+01 9.194304959999998417e+00 2.073801891999999953e+03 2.150421100000000024e+03
2.484499999999999886e+01 9.166160639999999304e+00 2.074036427999999887e+03 2.150421100000000024e+03
2.485000000000000142e+01 9.115426799999999830e+00 2.074459209999999985e+03 2.150421100000000024e+03
2.485500000000000043e+01 9.120981600000000356e+00 2.074412920000000213e+03 2.150421100000000024e+03
2.485999999999999943e+01 9.103946879999998743e+00 2.074554876000000149e+03 2.150421100000000024e+03
2.486500000000000199e+01 9.160605840000000555e+00 2.074082718000000114e+03 2.150421100000000024e+03
2.487000000000000099e+01 9.092837279999999467e+00 2.074647456000000147e+03 2.150421100000000024e+03
2.487500000000000000e+01 9.143571119999998942e+00 2.074224674000000050e+03 2.150421100000000024e+03
2.487999999999999901e+01 9.160605840000000555e+00 2.074082718000000114e+03 2.150421100000000024e+03
2.488500000000000156e+01 9.149125919999999468e+00 2.074178383999999824e+03 2.150421100000000024e+03
2.489000000000000057e+01 9.183195360000000917e+00 2.073894471999999951e+03 2.150421100000000024e+03
2.489499999999999957e+01 9.160605840000000555e+00 2.074082718000000114e+03 2.150421100000000024e+03
2.489999999999999858e+01 9.166160639999999304e+00 2.074036427999999887e+03 2.150421100000000024e+03
2.490500000000000114e+01 9.194304959999998417e+00 2.073801891999999953e+03 2.150421100000000024e+03
2.491000000000000014e+01 9.188750159999999667e+00 2.073848182000000179e+03 2.150421100000000024e+03
2.491499999999999915e+01 9.188750159999999667e+00 2.073848182000000179e+03 2.150421100000000024e+03
2.492000000000000171e+01 9.166160639999999304e+00 2.074036427999999887e+03 2.150421100000000024e+03
2.492500000000000071e+01 9.194304959999998417e+00 2.073801891999999953e+03 2.150421100000000024e+03
2.492999999999999972e+01 9.132091199999999631e+00 2.074320340000000215e+03 2.150421100000000024e+03
2.493499999999999872e+01 9.245409119999999703e+00 2.073376024000000143e+03 2.150421100000000024e+03
2.494000000000000128e+01 9.177270240000000356e+00 2.073943847999999889e+03 2.150421100000000024e+03
2.494500000000000028e+01 9.069877439999999069e+00 2.074838788000000022e+03 2.150421100000000024e+03
2.494999999999999929e+01 9.143571119999998942e+00 2.074224674000000050e+03 2.150421100000000024e+03
2.495500000000000185e+01 9.183195360000000917e+00 2.073894471999999951e+03 2.150421100000000024e+03
2.496000000000000085e+01 9.211339679999998253e+00 2.073659936000000016e+03 2.150421100000000024e+03
2.496499999999999986e+01 9.109501679999999268e+00 2.074508585999999923e+03 2.150421100000000024e+03
2.496999999999999886e+01 9.205784879999999504e+00 2.073706226000000242e+03 2.150421100000000024e+03
2.497500000000000142e+01 9.194304959999998417e+00 2.073801891999999953e+03 2.150421100000000024e+03
2.498000000000000043e+01 9.092837279999999467e+00 2.074647456000000147e+03 2.150421100000000024e+03
2.498499999999999943e+01 9.132091199999999631e+00 2.074320340000000215e+03 2.150421100000000024e+03
2.499000000000000199e+01 9.138016320000000192e+00 2.074270963999999822e+03 2.150421100000000024e+03
2.499500000000000099e+01 9.120981600000000356e+00 2.074412920000000213e+03 2.150421100000000024e+03
2.500000000000000000e+01 9.171715439999999830e+00 2.073990138000000115e+03 2.150421100000000024e+03
