0.000000000000000000e+00 2.118600719999999882e+01 1.629431239999999889e+03 1.805981299999999919e+03
4.999999999999893419e-03 2.101640063999999697e+01 1.630844627999999830e+03 1.805981299999999919e+03
9.999999999999786837e-03 2.082420456000000186e+01 1.632446261999999933e+03 1.805981299999999919e+03
1.500000000000012434e-02 2.066052312000000057e+01 1.633810273999999936e+03 1.805981299999999919e+03
2.000000000000001776e-02 2.056423991999999856e+01 1.634612633999999844e+03 1.805981299999999919e+03
2.499999999999991118e-02 2.040611327999999958e+01 1.635930355999999847e+03 1.805981299999999919e+03
2.999999999999980460e-02 2.037796895999999691e+01 1.636164892000000009e+03 1.805981299999999919e+03
3.500000000000014211e-02 2.022539712000000023e+01 1.637436323999999786e+03 1.805981299999999919e+03
4.000000000000003553e-02 2.018577287999999825e+01 1.637766525999999885e+03 1.805981299999999919e+03
4.499999999999992895e-02 2.014614863999999983e+01 1.638096727999999985e+03 1.805981299999999919e+03
4.999999999999982236e-02 2.002727592000000101e+01 1.639087333999999828e+03 1.805981299999999919e+03
5.500000000000015987e-02 1.990321871999999814e+01 1.640121143999999958e+03 1.805981299999999919e+03
6.000000000000005329e-02 1.986914927999999847e+01 1.640405055999999831e+03 1.805981299999999919e+03
6.499999999999994671e-02 1.977323639999999827e+01 1.641204330000000027e+03 1.805981299999999919e+03
6.999999999999984013e-02 1.973916695999999860e+01 1.641488241999999900e+03 1.805981299999999919e+03
7.499999999999973355e-02 1.969398791999999787e+01 1.641864733999999999e+03 1.805981299999999919e+03
7.999999999999962697e-02 1.965436367999999945e+01 1.642194935999999871e+03 1.805981299999999919e+03
8.499999999999952038e-02 1.963769927999999965e+01 1.642333805999999868e+03 1.805981299999999919e+03
9.000000000000030198e-02 1.955845079999999925e+01 1.642994209999999839e+03 1.805981299999999919e+03
9.500000000000019540e-02 1.946216760000000079e+01 1.643796569999999974e+03 1.805981299999999919e+03
1.000000000000000888e-01 1.937180952000000289e+01 1.644549553999999944e+03 1.805981299999999919e+03
1.049999999999999822e-01 1.937773463999999990e+01 1.644500178000000005e+03 1.805981299999999919e+03
1.099999999999998757e-01 1.930959575999999700e+01 1.645068001999999979e+03 1.805981299999999919e+03
1.149999999999997691e-01 1.925330711999999878e+01 1.645537073999999848e+03 1.805981299999999919e+03
1.199999999999996625e-01 1.919109336000000354e+01 1.646055521999999883e+03 1.805981299999999919e+03
1.249999999999995559e-01 1.921368288000000035e+01 1.645867275999999947e+03 1.805981299999999919e+03
1.300000000000003375e-01 1.914591431999999926e+01 1.646432013999999981e+03 1.805981299999999919e+03
1.350000000000002309e-01 1.913443439999999640e+01 1.646527679999999918e+03 1.805981299999999919e+03
1.400000000000001243e-01 1.898778767999999673e+01 1.647749735999999984e+03 1.805981299999999919e+03
1.450000000000000178e-01 1.897630775999999742e+01 1.647845401999999922e+03 1.805981299999999919e+03
1.499999999999999112e-01 1.898778767999999673e+01 1.647749735999999984e+03 1.805981299999999919e+03
1.549999999999998046e-01 1.894260863999999600e+01 1.648126227999999855e+03 1.805981299999999919e+03
1.599999999999996980e-01 1.885780535999999685e+01 1.648832922000000053e+03 1.805981299999999919e+03
1.649999999999995914e-01 1.881818111999999843e+01 1.649163123999999925e+03 1.805981299999999919e+03
1.700000000000003730e-01 1.873337783999999928e+01 1.649869817999999896e+03 1.805981299999999919e+03
1.750000000000002665e-01 1.875041255999999734e+01 1.649727861999999959e+03 1.805981299999999919e+03
1.800000000000001599e-01 1.873337783999999928e+01 1.649869817999999896e+03 1.805981299999999919e+03
1.850000000000000533e-01 1.863709464000000082e+01 1.650672177999999803e+03 1.805981299999999919e+03
1.899999999999999467e-01 1.862598503999999977e+01 1.650764757999999802e+03 1.805981299999999919e+03
1.949999999999998401e-01 1.862043024000000102e+01 1.650811048000000028e+03 1.805981299999999919e+03
1.999999999999997335e-01 1.860339551999999941e+01 1.650953003999999964e+03 1.805981299999999919e+03
2.049999999999996270e-01 1.855266167999999638e+01 1.651375786000000062e+03 1.805981299999999919e+03
2.099999999999995204e-01 1.849600271999999990e+01 1.651847943999999870e+03 1.805981299999999919e+03
2.150000000000003020e-01 1.840564463999999845e+01 1.652600927999999840e+03 1.805981299999999919e+03
2.200000000000001954e-01 1.832084135999999930e+01 1.653307621999999810e+03 1.805981299999999919e+03
2.250000000000000888e-01 1.837157519999999877e+01 1.652884839999999940e+03 1.805981299999999919e+03
2.299999999999999822e-01 1.834343087999999966e+01 1.653119375999999875e+03 1.805981299999999919e+03
2.349999999999998757e-01 1.830936143999999643e+01 1.653403287999999975e+03 1.805981299999999919e+03
2.399999999999997691e-01 1.831528656000000055e+01 1.653353912000000037e+03 1.805981299999999919e+03
2.449999999999996625e-01 1.829269703999999663e+01 1.653542157999999972e+03 1.805981299999999919e+03
2.499999999999995559e-01 1.823603808000000015e+01 1.654014316000000008e+03 1.805981299999999919e+03
2.550000000000003375e-01 1.816826951999999906e+01 1.654579053999999815e+03 1.805981299999999919e+03
2.600000000000002309e-01 1.808902103999999511e+01 1.655239458000000013e+03 1.805981299999999919e+03
2.650000000000001243e-01 1.811753567999999959e+01 1.655001835999999912e+03 1.805981299999999919e+03
2.700000000000000178e-01 1.807791143999999761e+01 1.655332038000000011e+03 1.805981299999999919e+03
2.749999999999999112e-01 1.802125247999999758e+01 1.655804196000000047e+03 1.805981299999999919e+03
2.799999999999998046e-01 1.801014287999999652e+01 1.655896776000000045e+03 1.805981299999999919e+03
2.849999999999996980e-01 1.802680727999999633e+01 1.655757905999999821e+03 1.805981299999999919e+03
2.899999999999995914e-01 1.794237431999999899e+01 1.656461513999999852e+03 1.805981299999999919e+03
2.950000000000003730e-01 1.790830487999999932e+01 1.656745425999999952e+03 1.805981299999999919e+03
3.000000000000002665e-01 1.790830487999999932e+01 1.656745425999999952e+03 1.805981299999999919e+03
3.050000000000001599e-01 1.791385967999999806e+01 1.656699135999999953e+03 1.805981299999999919e+03
3.100000000000000533e-01 1.791385967999999806e+01 1.656699135999999953e+03 1.805981299999999919e+03
3.149999999999999467e-01 1.788016055999999665e+01 1.656979961999999887e+03 1.805981299999999919e+03
3.199999999999998401e-01 1.784053631999999823e+01 1.657310163999999986e+03 1.805981299999999919e+03
3.249999999999997335e-01 1.781239199999999911e+01 1.657544699999999921e+03 1.805981299999999919e+03
3.299999999999996270e-01 1.779535727999999750e+01 1.657686655999999857e+03 1.805981299999999919e+03
3.349999999999995204e-01 1.777276776000000069e+01 1.657874902000000020e+03 1.805981299999999919e+03
3.400000000000003020e-01 1.773869832000000102e+01 1.658158813999999893e+03 1.805981299999999919e+03
3.450000000000001954e-01 1.768796447999999799e+01 1.658581595999999990e+03 1.805981299999999919e+03
3.500000000000000888e-01 1.766537495999999763e+01 1.658769841999999926e+03 1.805981299999999919e+03
3.549999999999999822e-01 1.764278544000000082e+01 1.658958087999999861e+03 1.805981299999999919e+03
3.599999999999998757e-01 1.762019591999999690e+01 1.659146334000000024e+03 1.805981299999999919e+03
3.649999999999997691e-01 1.758612647999999723e+01 1.659430245999999897e+03 1.805981299999999919e+03
3.699999999999996625e-01 1.752983783999999901e+01 1.659899317999999994e+03 1.805981299999999919e+03
3.749999999999995559e-01 1.760316119999999884e+01 1.659288289999999961e+03 1.805981299999999919e+03
3.800000000000003375e-01 1.758612647999999723e+01 1.659430245999999897e+03 1.805981299999999919e+03
3.850000000000002309e-01 1.752391272000000200e+01 1.659948693999999932e+03 1.805981299999999919e+03
3.900000000000001243e-01 1.751280312000000094e+01 1.660041273999999930e+03 1.805981299999999919e+03
3.950000000000000178e-01 1.745614415999999736e+01 1.660513431999999966e+03 1.805981299999999919e+03
3.999999999999999112e-01 1.740541031999999788e+01 1.660936213999999836e+03 1.805981299999999919e+03
4.049999999999998046e-01 1.746762408000000022e+01 1.660417766000000029e+03 1.805981299999999919e+03
4.099999999999996980e-01 1.737726599999999877e+01 1.661170749999999998e+03 1.805981299999999919e+03
4.149999999999995914e-01 1.741651991999999893e+01 1.660843633999999838e+03 1.805981299999999919e+03
4.200000000000003730e-01 1.733764176000000035e+01 1.661500951999999870e+03 1.805981299999999919e+03
4.250000000000002665e-01 1.733764176000000035e+01 1.661500951999999870e+03 1.805981299999999919e+03
4.300000000000001599e-01 1.739393040000000212e+01 1.661031880000000001e+03 1.805981299999999919e+03
4.350000000000000533e-01 1.728653759999999906e+01 1.661926819999999907e+03 1.805981299999999919e+03
4.399999999999999467e-01 1.734319655999999910e+01 1.661454661999999871e+03 1.805981299999999919e+03
4.449999999999998401e-01 1.732616183999999748e+01 1.661596618000000035e+03 1.805981299999999919e+03
4.499999999999997335e-01 1.729801752000000192e+01 1.661831153999999970e+03 1.805981299999999919e+03
4.549999999999996270e-01 1.727542799999999801e+01 1.662019399999999905e+03 1.805981299999999919e+03
4.599999999999995204e-01 1.721876904000000152e+01 1.662491557999999941e+03 1.805981299999999919e+03
4.650000000000003020e-01 1.718506992000000011e+01 1.662772383999999875e+03 1.805981299999999919e+03
4.700000000000001954e-01 1.713989087999999938e+01 1.663148875999999973e+03 1.805981299999999919e+03
4.750000000000000888e-01 1.712841096000000007e+01 1.663244541999999910e+03 1.805981299999999919e+03
4.799999999999999822e-01 1.720173431999999991e+01 1.662633513999999877e+03 1.805981299999999919e+03
4.849999999999998757e-01 1.719617951999999761e+01 1.662679803999999876e+03 1.805981299999999919e+03
4.899999999999997691e-01 1.712285616000000132e+01 1.663290831999999909e+03 1.805981299999999919e+03
4.949999999999996625e-01 1.712841096000000007e+01 1.663244541999999910e+03 1.805981299999999919e+03
4.999999999999995559e-01 1.715655527999999919e+01 1.663010005999999976e+03 1.805981299999999919e+03
5.050000000000003375e-01 1.710026663999999741e+01 1.663479077999999845e+03 1.805981299999999919e+03
5.100000000000002309e-01 1.710026663999999741e+01 1.663479077999999845e+03 1.805981299999999919e+03
5.150000000000001243e-01 1.706064239999999899e+01 1.663809279999999944e+03 1.805981299999999919e+03
5.200000000000000178e-01 1.704360768000000093e+01 1.663951235999999881e+03 1.805981299999999919e+03
5.249999999999999112e-01 1.702657295999999931e+01 1.664093191999999817e+03 1.805981299999999919e+03
5.299999999999998046e-01 1.703805288000000218e+01 1.663997525999999880e+03 1.805981299999999919e+03
5.349999999999996980e-01 1.695880440000000178e+01 1.664657929999999851e+03 1.805981299999999919e+03
5.399999999999995914e-01 1.694769480000000073e+01 1.664750509999999849e+03 1.805981299999999919e+03
5.450000000000003730e-01 1.694769480000000073e+01 1.664750509999999849e+03 1.805981299999999919e+03
5.500000000000002665e-01 1.687992623999999964e+01 1.665315247999999883e+03 1.805981299999999919e+03
5.550000000000001599e-01 1.691362535999999750e+01 1.665034421999999950e+03 1.805981299999999919e+03
5.600000000000000533e-01 1.691362535999999750e+01 1.665034421999999950e+03 1.805981299999999919e+03
5.649999999999999467e-01 1.695324959999999948e+01 1.664704219999999850e+03 1.805981299999999919e+03
5.699999999999998401e-01 1.689103583999999714e+01 1.665222667999999885e+03 1.805981299999999919e+03
5.749999999999997335e-01 1.687400111999999908e+01 1.665364623999999822e+03 1.805981299999999919e+03
5.799999999999996270e-01 1.681215768000000210e+01 1.665879985999999917e+03 1.805981299999999919e+03
5.849999999999995204e-01 1.677808823999999888e+01 1.666163898000000017e+03 1.805981299999999919e+03
5.900000000000003020e-01 1.684030199999999766e+01 1.665645449999999983e+03 1.805981299999999919e+03
5.950000000000001954e-01 1.680623255999999799e+01 1.665929361999999855e+03 1.805981299999999919e+03
6.000000000000000888e-01 1.681771248000000085e+01 1.665833695999999918e+03 1.805981299999999919e+03
6.049999999999999822e-01 1.674401879999999920e+01 1.666447809999999890e+03 1.805981299999999919e+03
6.099999999999998757e-01 1.665921552000000005e+01 1.667154503999999861e+03 1.805981299999999919e+03
6.149999999999997691e-01 1.663107119999999739e+01 1.667389040000000023e+03 1.805981299999999919e+03
6.199999999999996625e-01 1.664810591999999900e+01 1.667247083999999859e+03 1.805981299999999919e+03
6.249999999999995559e-01 1.663662599999999614e+01 1.667342750000000024e+03 1.805981299999999919e+03
6.300000000000003375e-01 1.665921552000000005e+01 1.667154503999999861e+03 1.805981299999999919e+03
6.350000000000002309e-01 1.669883975999999848e+01 1.666824301999999989e+03 1.805981299999999919e+03
6.400000000000001243e-01 1.670476487999999904e+01 1.666774925999999823e+03 1.805981299999999919e+03
6.450000000000000178e-01 1.660292687999999828e+01 1.667623575999999957e+03 1.805981299999999919e+03
6.499999999999999112e-01 1.662551639999999509e+01 1.667435330000000022e+03 1.805981299999999919e+03
6.549999999999998046e-01 1.652960351999999489e+01 1.668234603999999990e+03 1.805981299999999919e+03
6.599999999999996980e-01 1.656885743999999860e+01 1.667907487999999830e+03 1.805981299999999919e+03
6.649999999999995914e-01 1.651812359999999913e+01 1.668330269999999928e+03 1.805981299999999919e+03
6.700000000000003730e-01 1.655774783999999755e+01 1.668000067999999828e+03 1.805981299999999919e+03
6.750000000000002665e-01 1.658589215999999666e+01 1.667765531999999894e+03 1.805981299999999919e+03
6.800000000000001599e-01 1.658589215999999666e+01 1.667765531999999894e+03 1.805981299999999919e+03
6.850000000000000533e-01 1.651812359999999913e+01 1.668330269999999928e+03 1.805981299999999919e+03
6.899999999999999467e-01 1.652367839999999788e+01 1.668283979999999929e+03 1.805981299999999919e+03
6.949999999999998401e-01 1.648405415999999946e+01 1.668614181999999801e+03 1.805981299999999919e+03
6.999999999999997335e-01 1.642221071999999893e+01 1.669129543999999896e+03 1.805981299999999919e+03
7.049999999999996270e-01 1.647294455999999840e+01 1.668706762000000026e+03 1.805981299999999919e+03
7.099999999999995204e-01 1.652960351999999489e+01 1.668234603999999990e+03 1.805981299999999919e+03
7.150000000000003020e-01 1.650108887999999752e+01 1.668472225999999864e+03 1.805981299999999919e+03
7.200000000000001954e-01 1.645590983999999679e+01 1.668848717999999963e+03 1.805981299999999919e+03
7.250000000000000888e-01 1.647294455999999840e+01 1.668706762000000026e+03 1.805981299999999919e+03
7.299999999999999822e-01 1.646146463999999909e+01 1.668802427999999964e+03 1.805981299999999919e+03
7.349999999999998757e-01 1.638814127999999926e+01 1.669413455999999996e+03 1.805981299999999919e+03
7.399999999999997691e-01 1.633148231999999922e+01 1.669885613999999805e+03 1.805981299999999919e+03
7.449999999999996625e-01 1.629778319999999781e+01 1.670166439999999966e+03 1.805981299999999919e+03
7.499999999999995559e-01 1.634296223999999853e+01 1.669789947999999868e+03 1.805981299999999919e+03
7.550000000000003375e-01 1.637666135999999639e+01 1.669509121999999934e+03 1.805981299999999919e+03
7.600000000000002309e-01 1.635999695999999659e+01 1.669647991999999931e+03 1.805981299999999919e+03
7.650000000000001243e-01 1.629778319999999781e+01 1.670166439999999966e+03 1.805981299999999919e+03
7.700000000000000178e-01 1.629778319999999781e+01 1.670166439999999966e+03 1.805981299999999919e+03
7.749999999999999112e-01 1.630889279999999886e+01 1.670073859999999968e+03 1.805981299999999919e+03
7.799999999999998046e-01 1.630333800000000011e+01 1.670120149999999967e+03 1.805981299999999919e+03
7.849999999999996980e-01 1.631481791999999587e+01 1.670024484000000029e+03 1.805981299999999919e+03
7.899999999999995914e-01 1.623556943999999902e+01 1.670684888000000001e+03 1.805981299999999919e+03
7.950000000000003730e-01 1.619594519999999704e+01 1.671015089999999873e+03 1.805981299999999919e+03
8.000000000000002665e-01 1.626963887999999514e+01 1.670400975999999901e+03 1.805981299999999919e+03
8.050000000000001599e-01 1.626963887999999514e+01 1.670400975999999901e+03 1.805981299999999919e+03
8.100000000000000533e-01 1.623001463999999672e+01 1.670731178000000000e+03 1.805981299999999919e+03
8.149999999999999467e-01 1.615632095999999862e+01 1.671345291999999972e+03 1.805981299999999919e+03
8.199999999999998401e-01 1.610558711999999915e+01 1.671768073999999842e+03 1.805981299999999919e+03
8.249999999999997335e-01 1.611706703999999846e+01 1.671672407999999905e+03 1.805981299999999919e+03
8.299999999999996270e-01 1.614521135999999757e+01 1.671437871999999970e+03 1.805981299999999919e+03
8.349999999999995204e-01 1.618483559999999599e+01 1.671107669999999871e+03 1.805981299999999919e+03
8.400000000000003020e-01 1.616224607999999918e+01 1.671295916000000034e+03 1.805981299999999919e+03
8.450000000000001954e-01 1.613373143999999826e+01 1.671533537999999908e+03 1.805981299999999919e+03
8.500000000000000888e-01 1.608299759999999878e+01 1.671956320000000005e+03 1.805981299999999919e+03
8.549999999999999822e-01 1.612262184000000076e+01 1.671626117999999906e+03 1.805981299999999919e+03
8.599999999999998757e-01 1.606596287999999717e+01 1.672098275999999942e+03 1.805981299999999919e+03
8.649999999999997691e-01 1.608299759999999878e+01 1.671956320000000005e+03 1.805981299999999919e+03
8.699999999999996625e-01 1.606040807999999842e+01 1.672144565999999941e+03 1.805981299999999919e+03
8.749999999999995559e-01 1.600967423999999895e+01 1.672567348000000038e+03 1.805981299999999919e+03
8.800000000000003375e-01 1.603781855999999806e+01 1.672332811999999876e+03 1.805981299999999919e+03
8.850000000000002309e-01 1.601522903999999770e+01 1.672521057999999812e+03 1.805981299999999919e+03
8.900000000000001243e-01 1.599819431999999964e+01 1.672663013999999976e+03 1.805981299999999919e+03
8.950000000000000178e-01 1.602078383999999645e+01 1.672474768000000040e+03 1.805981299999999919e+03
8.999999999999999112e-01 1.597004999999999875e+01 1.672897549999999910e+03 1.805981299999999919e+03
9.049999999999998046e-01 1.595857008000000121e+01 1.672993215999999848e+03 1.805981299999999919e+03
9.099999999999996980e-01 1.599263952000000089e+01 1.672709303999999975e+03 1.805981299999999919e+03
9.149999999999995914e-01 1.597004999999999875e+01 1.672897549999999910e+03 1.805981299999999919e+03
9.200000000000003730e-01 1.598115959999999980e+01 1.672804969999999912e+03 1.805981299999999919e+03
9.250000000000002665e-01 1.598115959999999980e+01 1.672804969999999912e+03 1.805981299999999919e+03
9.300000000000001599e-01 1.596449520000000000e+01 1.672943839999999909e+03 1.805981299999999919e+03
9.350000000000000533e-01 1.594746048000000016e+01 1.673085795999999846e+03 1.805981299999999919e+03
9.399999999999999467e-01 1.594153536000000138e+01 1.673135171999999784e+03 1.805981299999999919e+03
9.449999999999998401e-01 1.591339104000000049e+01 1.673369707999999946e+03 1.805981299999999919e+03
9.499999999999997335e-01 1.592487095999999802e+01 1.673274042000000009e+03 1.805981299999999919e+03
9.549999999999996270e-01 1.594746048000000016e+01 1.673085795999999846e+03 1.805981299999999919e+03
9.599999999999995204e-01 1.590228143999999944e+01 1.673462287999999944e+03 1.805981299999999919e+03
9.650000000000003020e-01 1.585117727999999993e+01 1.673888155999999981e+03 1.805981299999999919e+03
9.700000000000001954e-01 1.587376680000000206e+01 1.673699909999999818e+03 1.805981299999999919e+03
9.750000000000000888e-01 1.584562248000000118e+01 1.673934445999999980e+03 1.805981299999999919e+03
9.799999999999999822e-01 1.581747816000000029e+01 1.674168981999999914e+03 1.805981299999999919e+03
9.849999999999998757e-01 1.582858776000000134e+01 1.674076401999999916e+03 1.805981299999999919e+03
9.899999999999997691e-01 1.585117727999999993e+01 1.673888155999999981e+03 1.805981299999999919e+03
9.949999999999996625e-01 1.581155304000000150e+01 1.674218357999999853e+03 1.805981299999999919e+03
9.999999999999995559e-01 1.576637400000000078e+01 1.674594849999999951e+03 1.805981299999999919e+03
1.005000000000000338e+00 1.576637400000000078e+01 1.674594849999999951e+03 1.805981299999999919e+03
1.010000000000000231e+00 1.578340872000000061e+01 1.674452894000000015e+03 1.805981299999999919e+03
1.015000000000000124e+00 1.577229911999999956e+01 1.674545474000000013e+03 1.805981299999999919e+03
1.020000000000000018e+00 1.576637400000000078e+01 1.674594849999999951e+03 1.805981299999999919e+03
1.024999999999999911e+00 1.571564016000000130e+01 1.675017631999999821e+03 1.805981299999999919e+03
1.029999999999999805e+00 1.580599823999999920e+01 1.674264647999999852e+03 1.805981299999999919e+03
1.034999999999999698e+00 1.580599823999999920e+01 1.674264647999999852e+03 1.805981299999999919e+03
1.039999999999999591e+00 1.575526439999999972e+01 1.674687429999999949e+03 1.805981299999999919e+03
1.045000000000000373e+00 1.574970960000000098e+01 1.674733719999999948e+03 1.805981299999999919e+03
1.050000000000000266e+00 1.572119496000000005e+01 1.674971341999999822e+03 1.805981299999999919e+03
1.055000000000000160e+00 1.565898119999999594e+01 1.675489789999999857e+03 1.805981299999999919e+03
1.060000000000000053e+00 1.571008535999999900e+01 1.675063921999999820e+03 1.805981299999999919e+03
1.064999999999999947e+00 1.572712007999999884e+01 1.674921965999999884e+03 1.805981299999999919e+03
1.069999999999999840e+00 1.572119496000000005e+01 1.674971341999999822e+03 1.805981299999999919e+03
1.074999999999999734e+00 1.569305063999999916e+01 1.675205877999999984e+03 1.805981299999999919e+03
1.079999999999999627e+00 1.566490631999999827e+01 1.675440413999999919e+03 1.805981299999999919e+03
1.084999999999999520e+00 1.568194103999999811e+01 1.675298457999999982e+03 1.805981299999999919e+03
1.090000000000000302e+00 1.561380215999999876e+01 1.675866281999999956e+03 1.805981299999999919e+03
1.095000000000000195e+00 1.559121263999999663e+01 1.676054527999999891e+03 1.805981299999999919e+03
1.100000000000000089e+00 1.559121263999999663e+01 1.676054527999999891e+03 1.805981299999999919e+03
1.104999999999999982e+00 1.560269256000000127e+01 1.675958861999999954e+03 1.805981299999999919e+03
1.109999999999999876e+00 1.564231679999999969e+01 1.675628659999999854e+03 1.805981299999999919e+03
1.114999999999999769e+00 1.561380215999999876e+01 1.675866281999999956e+03 1.805981299999999919e+03
1.119999999999999662e+00 1.556862311999999804e+01 1.676242773999999827e+03 1.805981299999999919e+03
1.124999999999999556e+00 1.553492400000000195e+01 1.676523599999999988e+03 1.805981299999999919e+03
1.130000000000000338e+00 1.548974496000000123e+01 1.676900091999999859e+03 1.805981299999999919e+03
1.135000000000000231e+00 1.552344407999999731e+01 1.676619265999999925e+03 1.805981299999999919e+03
1.140000000000000124e+00 1.553492400000000195e+01 1.676523599999999988e+03 1.805981299999999919e+03
1.145000000000000018e+00 1.555751352000000054e+01 1.676335353999999825e+03 1.805981299999999919e+03
1.149999999999999911e+00 1.553492400000000195e+01 1.676523599999999988e+03 1.805981299999999919e+03
1.154999999999999805e+00 1.555195871999999824e+01 1.676381644000000051e+03 1.805981299999999919e+03
1.159999999999999698e+00 1.555195871999999824e+01 1.676381644000000051e+03 1.805981299999999919e+03
1.164999999999999591e+00 1.552899887999999606e+01 1.676572975999999926e+03 1.805981299999999919e+03
1.170000000000000373e+00 1.548381983999999889e+01 1.676949467999999797e+03 1.805981299999999919e+03
1.175000000000000266e+00 1.541605127999999780e+01 1.677514205999999831e+03 1.805981299999999919e+03
1.180000000000000160e+00 1.548974496000000123e+01 1.676900091999999859e+03 1.805981299999999919e+03
1.185000000000000053e+00 1.547826503999999659e+01 1.676995758000000023e+03 1.805981299999999919e+03
1.189999999999999947e+00 1.551788928000000212e+01 1.676665555999999924e+03 1.805981299999999919e+03
1.194999999999999840e+00 1.550085455999999873e+01 1.676807511999999861e+03 1.805981299999999919e+03
1.199999999999999734e+00 1.545567551999999800e+01 1.677184003999999959e+03 1.805981299999999919e+03
1.204999999999999627e+00 1.542197640000000014e+01 1.677464829999999893e+03 1.805981299999999919e+03
1.209999999999999520e+00 1.548381983999999889e+01 1.676949467999999797e+03 1.805981299999999919e+03
1.215000000000000302e+00 1.545567551999999800e+01 1.677184003999999959e+03 1.805981299999999919e+03
1.220000000000000195e+00 1.543308599999999586e+01 1.677372249999999894e+03 1.805981299999999919e+03
1.225000000000000089e+00 1.548974496000000123e+01 1.676900091999999859e+03 1.805981299999999919e+03
1.229999999999999982e+00 1.542753119999999711e+01 1.677418539999999894e+03 1.805981299999999919e+03
1.234999999999999876e+00 1.546715543999999909e+01 1.677088338000000022e+03 1.805981299999999919e+03
1.239999999999999769e+00 1.538235215999999639e+01 1.677795031999999992e+03 1.805981299999999919e+03
1.244999999999999662e+00 1.539346175999999744e+01 1.677702451999999994e+03 1.805981299999999919e+03
1.249999999999999556e+00 1.530310367999999777e+01 1.678455435999999963e+03 1.805981299999999919e+03
1.255000000000000338e+00 1.538790695999999691e+01 1.677748741999999993e+03 1.805981299999999919e+03
1.260000000000000231e+00 1.542753119999999711e+01 1.677418539999999894e+03 1.805981299999999919e+03
1.265000000000000124e+00 1.537642703999999760e+01 1.677844407999999930e+03 1.805981299999999919e+03
1.270000000000000018e+00 1.538235215999999639e+01 1.677795031999999992e+03 1.805981299999999919e+03
1.274999999999999911e+00 1.533717311999999744e+01 1.678171523999999863e+03 1.805981299999999919e+03
1.279999999999999805e+00 1.538790695999999691e+01 1.677748741999999993e+03 1.805981299999999919e+03
1.284999999999999698e+00 1.531458359999999708e+01 1.678359770000000026e+03 1.805981299999999919e+03
1.289999999999999591e+00 1.530310367999999777e+01 1.678455435999999963e+03 1.805981299999999919e+03
1.295000000000000373e+00 1.525792463999999704e+01 1.678831927999999834e+03 1.805981299999999919e+03
1.300000000000000266e+00 1.534828271999999849e+01 1.678078943999999865e+03 1.805981299999999919e+03
1.305000000000000160e+00 1.533717311999999744e+01 1.678171523999999863e+03 1.805981299999999919e+03
1.310000000000000053e+00 1.537642703999999760e+01 1.677844407999999930e+03 1.805981299999999919e+03
1.314999999999999947e+00 1.526940455999999635e+01 1.678736261999999897e+03 1.805981299999999919e+03
1.319999999999999840e+00 1.532013839999999760e+01 1.678313480000000027e+03 1.805981299999999919e+03
1.324999999999999734e+00 1.525792463999999704e+01 1.678831927999999834e+03 1.805981299999999919e+03
1.329999999999999627e+00 1.529754887999999724e+01 1.678501725999999962e+03 1.805981299999999919e+03
1.334999999999999520e+00 1.526940455999999635e+01 1.678736261999999897e+03 1.805981299999999919e+03
1.340000000000000302e+00 1.522978031999999793e+01 1.679066463999999996e+03 1.805981299999999919e+03
1.345000000000000195e+00 1.526347943999999757e+01 1.678785637999999835e+03 1.805981299999999919e+03
1.350000000000000089e+00 1.525236983999999651e+01 1.678878217999999833e+03 1.805981299999999919e+03
1.354999999999999982e+00 1.523533511999999845e+01 1.679020173999999997e+03 1.805981299999999919e+03
1.359999999999999876e+00 1.522978031999999793e+01 1.679066463999999996e+03 1.805981299999999919e+03
1.364999999999999769e+00 1.516201175999999684e+01 1.679631202000000030e+03 1.805981299999999919e+03
1.369999999999999662e+00 1.517312135999999789e+01 1.679538622000000032e+03 1.805981299999999919e+03
1.374999999999999556e+00 1.521274559999999809e+01 1.679208419999999933e+03 1.805981299999999919e+03
1.380000000000000338e+00 1.524644471999999773e+01 1.678927593999999999e+03 1.805981299999999919e+03
1.385000000000000231e+00 1.525236983999999651e+01 1.678878217999999833e+03 1.805981299999999919e+03
1.390000000000000124e+00 1.523533511999999845e+01 1.679020173999999997e+03 1.805981299999999919e+03
1.395000000000000018e+00 1.522385519999999914e+01 1.679115839999999935e+03 1.805981299999999919e+03
1.399999999999999911e+00 1.515053183999999753e+01 1.679726867999999968e+03 1.805981299999999919e+03
1.404999999999999805e+00 1.512238751999999842e+01 1.679961403999999902e+03 1.805981299999999919e+03
1.409999999999999698e+00 1.515608663999999806e+01 1.679680577999999969e+03 1.805981299999999919e+03
1.414999999999999591e+00 1.510535279999999858e+01 1.680103359999999839e+03 1.805981299999999919e+03
1.420000000000000373e+00 1.506572855999999838e+01 1.680433561999999938e+03 1.805981299999999919e+03
1.425000000000000266e+00 1.520719079999999757e+01 1.679254709999999932e+03 1.805981299999999919e+03
1.430000000000000160e+00 1.524088991999999720e+01 1.678973883999999998e+03 1.805981299999999919e+03
1.435000000000000053e+00 1.515053183999999753e+01 1.679726867999999968e+03 1.805981299999999919e+03
1.439999999999999947e+00 1.507720847999999769e+01 1.680337896000000001e+03 1.805981299999999919e+03
1.444999999999999840e+00 1.498092527999999923e+01 1.681140255999999908e+03 1.805981299999999919e+03
1.449999999999999734e+00 1.500943991999999838e+01 1.680902634000000035e+03 1.805981299999999919e+03
1.454999999999999627e+00 1.504869383999999854e+01 1.680575517999999875e+03 1.805981299999999919e+03
1.459999999999999520e+00 1.511090759999999911e+01 1.680057069999999840e+03 1.805981299999999919e+03
1.465000000000000302e+00 1.505461895999999733e+01 1.680526141999999936e+03 1.805981299999999919e+03
1.470000000000000195e+00 1.512238751999999842e+01 1.679961403999999902e+03 1.805981299999999919e+03
1.475000000000000089e+00 1.510535279999999858e+01 1.680103359999999839e+03 1.805981299999999919e+03
1.479999999999999982e+00 1.508831807999999874e+01 1.680245316000000003e+03 1.805981299999999919e+03
1.484999999999999876e+00 1.506572855999999838e+01 1.680433561999999938e+03 1.805981299999999919e+03
1.489999999999999769e+00 1.498092527999999923e+01 1.681140255999999908e+03 1.805981299999999919e+03
1.494999999999999662e+00 1.503758423999999749e+01 1.680668097999999873e+03 1.805981299999999919e+03
1.499999999999999556e+00 1.503202943999999697e+01 1.680714387999999872e+03 1.805981299999999919e+03
1.505000000000000338e+00 1.507128335999999891e+01 1.680387271999999939e+03 1.805981299999999919e+03
1.510000000000000231e+00 1.504869383999999854e+01 1.680575517999999875e+03 1.805981299999999919e+03
1.515000000000000124e+00 1.505461895999999733e+01 1.680526141999999936e+03 1.805981299999999919e+03
1.520000000000000018e+00 1.507128335999999891e+01 1.680387271999999939e+03 1.805981299999999919e+03
1.524999999999999911e+00 1.506572855999999838e+01 1.680433561999999938e+03 1.805981299999999919e+03
1.529999999999999805e+00 1.500943991999999838e+01 1.680902634000000035e+03 1.805981299999999919e+03
1.534999999999999698e+00 1.491871151999999867e+01 1.681658703999999943e+03 1.805981299999999919e+03
1.539999999999999591e+00 1.496389055999999940e+01 1.681282211999999845e+03 1.805981299999999919e+03
1.545000000000000373e+00 1.496981567999999818e+01 1.681232835999999907e+03 1.805981299999999919e+03
1.550000000000000266e+00 1.498092527999999923e+01 1.681140255999999908e+03 1.805981299999999919e+03
1.555000000000000160e+00 1.503758423999999749e+01 1.680668097999999873e+03 1.805981299999999919e+03
1.560000000000000053e+00 1.501499471999999713e+01 1.680856344000000036e+03 1.805981299999999919e+03
1.564999999999999947e+00 1.501499471999999713e+01 1.680856344000000036e+03 1.805981299999999919e+03
1.569999999999999840e+00 1.493574623999999851e+01 1.681516748000000007e+03 1.805981299999999919e+03
1.574999999999999734e+00 1.490760191999999762e+01 1.681751283999999941e+03 1.805981299999999919e+03
1.579999999999999627e+00 1.490760191999999762e+01 1.681751283999999941e+03 1.805981299999999919e+03
1.584999999999999520e+00 1.486242287999999867e+01 1.682127775999999812e+03 1.805981299999999919e+03
1.590000000000000302e+00 1.493574623999999851e+01 1.681516748000000007e+03 1.805981299999999919e+03
1.595000000000000195e+00 1.494722615999999782e+01 1.681421081999999842e+03 1.805981299999999919e+03
1.600000000000000089e+00 1.494722615999999782e+01 1.681421081999999842e+03 1.805981299999999919e+03
1.604999999999999982e+00 1.483983335999999831e+01 1.682316021999999975e+03 1.805981299999999919e+03
1.609999999999999876e+00 1.487353247999999795e+01 1.682035195999999814e+03 1.805981299999999919e+03
1.614999999999999769e+00 1.483427855999999778e+01 1.682362311999999974e+03 1.805981299999999919e+03
1.619999999999999662e+00 1.488501239999999903e+01 1.681939529999999877e+03 1.805981299999999919e+03
1.624999999999999556e+00 1.483983335999999831e+01 1.682316021999999975e+03 1.805981299999999919e+03
1.630000000000000338e+00 1.489056719999999778e+01 1.681893239999999878e+03 1.805981299999999919e+03
1.635000000000000231e+00 1.490204711999999709e+01 1.681797573999999940e+03 1.805981299999999919e+03
1.640000000000000124e+00 1.490760191999999762e+01 1.681751283999999941e+03 1.805981299999999919e+03
1.645000000000000018e+00 1.485686807999999814e+01 1.682174066000000039e+03 1.805981299999999919e+03
1.649999999999999911e+00 1.480576391999999863e+01 1.682599933999999848e+03 1.805981299999999919e+03
1.654999999999999805e+00 1.481131871999999916e+01 1.682553643999999849e+03 1.805981299999999919e+03
1.659999999999999698e+00 1.487353247999999795e+01 1.682035195999999814e+03 1.805981299999999919e+03
1.664999999999999591e+00 1.485686807999999814e+01 1.682174066000000039e+03 1.805981299999999919e+03
1.670000000000000373e+00 1.489056719999999778e+01 1.681893239999999878e+03 1.805981299999999919e+03
1.675000000000000266e+00 1.483983335999999831e+01 1.682316021999999975e+03 1.805981299999999919e+03
1.680000000000000160e+00 1.485686807999999814e+01 1.682174066000000039e+03 1.805981299999999919e+03
1.685000000000000053e+00 1.482279863999999847e+01 1.682457977999999912e+03 1.805981299999999919e+03
1.689999999999999947e+00 1.479465431999999758e+01 1.682692513999999846e+03 1.805981299999999919e+03
1.694999999999999840e+00 1.473244055999999880e+01 1.683210961999999881e+03 1.805981299999999919e+03
1.699999999999999734e+00 1.473799535999999932e+01 1.683164671999999882e+03 1.805981299999999919e+03
1.704999999999999627e+00 1.472688575999999827e+01 1.683257251999999880e+03 1.805981299999999919e+03
1.709999999999999520e+00 1.476058487999999791e+01 1.682976425999999947e+03 1.805981299999999919e+03
1.715000000000000302e+00 1.481131871999999916e+01 1.682553643999999849e+03 1.805981299999999919e+03
1.720000000000000195e+00 1.477206479999999900e+01 1.682880760000000009e+03 1.805981299999999919e+03
1.725000000000000089e+00 1.473244055999999880e+01 1.683210961999999881e+03 1.805981299999999919e+03
1.729999999999999982e+00 1.476613967999999844e+01 1.682930135999999948e+03 1.805981299999999919e+03
1.734999999999999876e+00 1.470429623999999791e+01 1.683445498000000043e+03 1.805981299999999919e+03
1.739999999999999769e+00 1.468133639999999929e+01 1.683636829999999918e+03 1.805981299999999919e+03
1.744999999999999662e+00 1.473244055999999880e+01 1.683210961999999881e+03 1.805981299999999919e+03
1.749999999999999556e+00 1.468726151999999807e+01 1.683587453999999980e+03 1.805981299999999919e+03
1.755000000000000338e+00 1.472688575999999827e+01 1.683257251999999880e+03 1.805981299999999919e+03
1.760000000000000231e+00 1.471540583999999896e+01 1.683352917999999818e+03 1.805981299999999919e+03
1.765000000000000124e+00 1.468726151999999807e+01 1.683587453999999980e+03 1.805981299999999919e+03
1.770000000000000018e+00 1.470429623999999791e+01 1.683445498000000043e+03 1.805981299999999919e+03
1.774999999999999911e+00 1.466467199999999771e+01 1.683775699999999915e+03 1.805981299999999919e+03
1.779999999999999805e+00 1.465874687999999892e+01 1.683825075999999854e+03 1.805981299999999919e+03
1.784999999999999698e+00 1.468726151999999807e+01 1.683587453999999980e+03 1.805981299999999919e+03
1.789999999999999591e+00 1.465319207999999840e+01 1.683871365999999853e+03 1.805981299999999919e+03
1.795000000000000373e+00 1.462504775999999929e+01 1.684105902000000015e+03 1.805981299999999919e+03
1.800000000000000266e+00 1.460801303999999945e+01 1.684247857999999951e+03 1.805981299999999919e+03
1.805000000000000160e+00 1.465874687999999892e+01 1.683825075999999854e+03 1.805981299999999919e+03
1.810000000000000053e+00 1.463060255999999981e+01 1.684059612000000016e+03 1.805981299999999919e+03
1.814999999999999947e+00 1.465319207999999840e+01 1.683871365999999853e+03 1.805981299999999919e+03
1.819999999999999840e+00 1.459690343999999840e+01 1.684340437999999949e+03 1.805981299999999919e+03
1.824999999999999734e+00 1.459097831999999961e+01 1.684389813999999888e+03 1.805981299999999919e+03
1.829999999999999627e+00 1.465874687999999892e+01 1.683825075999999854e+03 1.805981299999999919e+03
1.834999999999999520e+00 1.464763727999999787e+01 1.683917655999999852e+03 1.805981299999999919e+03
1.840000000000000302e+00 1.459690343999999840e+01 1.684340437999999949e+03 1.805981299999999919e+03
1.845000000000000195e+00 1.457986871999999856e+01 1.684482393999999886e+03 1.805981299999999919e+03
1.850000000000000089e+00 1.456283399999999872e+01 1.684624349999999822e+03 1.805981299999999919e+03
1.854999999999999982e+00 1.452876455999999905e+01 1.684908261999999922e+03 1.805981299999999919e+03
1.859999999999999876e+00 1.457431391999999803e+01 1.684528683999999885e+03 1.805981299999999919e+03
1.864999999999999769e+00 1.461356783999999998e+01 1.684201567999999952e+03 1.805981299999999919e+03
1.869999999999999662e+00 1.460801303999999945e+01 1.684247857999999951e+03 1.805981299999999919e+03
1.874999999999999556e+00 1.461356783999999998e+01 1.684201567999999952e+03 1.805981299999999919e+03
1.880000000000000338e+00 1.457431391999999803e+01 1.684528683999999885e+03 1.805981299999999919e+03
1.885000000000000231e+00 1.461949295999999876e+01 1.684152192000000014e+03 1.805981299999999919e+03
1.890000000000000124e+00 1.454579927999999889e+01 1.684766305999999986e+03 1.805981299999999919e+03
1.895000000000000018e+00 1.451210015999999925e+01 1.685047131999999920e+03 1.805981299999999919e+03
1.899999999999999911e+00 1.453468967999999784e+01 1.684858885999999984e+03 1.805981299999999919e+03
1.904999999999999805e+00 1.456838879999999925e+01 1.684578059999999823e+03 1.805981299999999919e+03
1.909999999999999698e+00 1.455172439999999767e+01 1.684716930000000048e+03 1.805981299999999919e+03
1.914999999999999591e+00 1.460801303999999945e+01 1.684247857999999951e+03 1.805981299999999919e+03
1.920000000000000373e+00 1.460245823999999892e+01 1.684294147999999950e+03 1.805981299999999919e+03
1.925000000000000266e+00 1.455727919999999820e+01 1.684670639999999821e+03 1.805981299999999919e+03
1.930000000000000160e+00 1.451210015999999925e+01 1.685047131999999920e+03 1.805981299999999919e+03
1.935000000000000053e+00 1.447247591999999905e+01 1.685377334000000019e+03 1.805981299999999919e+03
1.939999999999999947e+00 1.451210015999999925e+01 1.685047131999999920e+03 1.805981299999999919e+03
1.944999999999999840e+00 1.450617504000000046e+01 1.685096507999999858e+03 1.805981299999999919e+03
1.949999999999999734e+00 1.451210015999999925e+01 1.685047131999999920e+03 1.805981299999999919e+03
1.954999999999999627e+00 1.453468967999999784e+01 1.684858885999999984e+03 1.805981299999999919e+03
1.959999999999999520e+00 1.452320975999999852e+01 1.684954551999999921e+03 1.805981299999999919e+03
1.965000000000000302e+00 1.454024447999999836e+01 1.684812595999999985e+03 1.805981299999999919e+03
1.970000000000000195e+00 1.444433159999999816e+01 1.685611869999999954e+03 1.805981299999999919e+03
1.975000000000000089e+00 1.438767263999999990e+01 1.686084027999999989e+03 1.805981299999999919e+03
1.979999999999999982e+00 1.436508311999999954e+01 1.686272273999999925e+03 1.805981299999999919e+03
1.984999999999999876e+00 1.443285167999999885e+01 1.685707535999999891e+03 1.805981299999999919e+03
1.989999999999999769e+00 1.448951063999999889e+01 1.685235377999999855e+03 1.805981299999999919e+03
1.994999999999999662e+00 1.445544119999999921e+01 1.685519289999999955e+03 1.805981299999999919e+03
1.999999999999999556e+00 1.443840647999999938e+01 1.685661245999999892e+03 1.805981299999999919e+03
2.005000000000000338e+00 1.443840647999999938e+01 1.685661245999999892e+03 1.805981299999999919e+03
2.010000000000000231e+00 1.442174207999999780e+01 1.685800115999999889e+03 1.805981299999999919e+03
2.015000000000000124e+00 1.442729687999999832e+01 1.685753825999999890e+03 1.805981299999999919e+03
2.020000000000000018e+00 1.439878223999999918e+01 1.685991447999999991e+03 1.805981299999999919e+03
2.024999999999999911e+00 1.443840647999999938e+01 1.685661245999999892e+03 1.805981299999999919e+03
2.029999999999999805e+00 1.444433159999999816e+01 1.685611869999999954e+03 1.805981299999999919e+03
2.034999999999999698e+00 1.451210015999999925e+01 1.685047131999999920e+03 1.805981299999999919e+03
2.039999999999999591e+00 1.442729687999999832e+01 1.685753825999999890e+03 1.805981299999999919e+03
2.045000000000000373e+00 1.437063792000000007e+01 1.686225983999999926e+03 1.805981299999999919e+03
2.050000000000000266e+00 1.432545887999999934e+01 1.686602476000000024e+03 1.805981299999999919e+03
2.055000000000000160e+00 1.435952831999999901e+01 1.686318563999999924e+03 1.805981299999999919e+03
2.060000000000000053e+00 1.433693879999999865e+01 1.686506809999999859e+03 1.805981299999999919e+03
2.064999999999999947e+00 1.431434928000000006e+01 1.686695056000000022e+03 1.805981299999999919e+03
2.069999999999999840e+00 1.437063792000000007e+01 1.686225983999999926e+03 1.805981299999999919e+03
2.074999999999999734e+00 1.436508311999999954e+01 1.686272273999999925e+03 1.805981299999999919e+03
2.079999999999999627e+00 1.437063792000000007e+01 1.686225983999999926e+03 1.805981299999999919e+03
2.084999999999999520e+00 1.433101367999999987e+01 1.686556185999999798e+03 1.805981299999999919e+03
2.090000000000000302e+00 1.429731455999999845e+01 1.686837011999999959e+03 1.805981299999999919e+03
2.095000000000000195e+00 1.428027984000000039e+01 1.686978967999999895e+03 1.805981299999999919e+03
2.100000000000000089e+00 1.432545887999999934e+01 1.686602476000000024e+03 1.805981299999999919e+03
2.104999999999999982e+00 1.437619272000000059e+01 1.686179693999999927e+03 1.805981299999999919e+03
2.109999999999999876e+00 1.430286935999999898e+01 1.686790721999999960e+03 1.805981299999999919e+03
2.114999999999999769e+00 1.433693879999999865e+01 1.686506809999999859e+03 1.805981299999999919e+03
2.119999999999999662e+00 1.429731455999999845e+01 1.686837011999999959e+03 1.805981299999999919e+03
2.124999999999999556e+00 1.431990407999999881e+01 1.686648766000000023e+03 1.805981299999999919e+03
2.130000000000000338e+00 1.431434928000000006e+01 1.686695056000000022e+03 1.805981299999999919e+03
2.135000000000000231e+00 1.425213551999999950e+01 1.687213503999999830e+03 1.805981299999999919e+03
2.140000000000000124e+00 1.429175975999999970e+01 1.686883301999999958e+03 1.805981299999999919e+03
2.145000000000000018e+00 1.429731455999999845e+01 1.686837011999999959e+03 1.805981299999999919e+03
2.149999999999999911e+00 1.430286935999999898e+01 1.686790721999999960e+03 1.805981299999999919e+03
2.154999999999999805e+00 1.428027984000000039e+01 1.686978967999999895e+03 1.805981299999999919e+03
2.159999999999999698e+00 1.426324512000000055e+01 1.687120923999999832e+03 1.805981299999999919e+03
2.164999999999999591e+00 1.424065559999999664e+01 1.687309169999999995e+03 1.805981299999999919e+03
2.170000000000000373e+00 1.429175975999999970e+01 1.686883301999999958e+03 1.805981299999999919e+03
2.175000000000000266e+00 1.425769032000000003e+01 1.687167213999999831e+03 1.805981299999999919e+03
2.180000000000000160e+00 1.426917024000000112e+01 1.687071547999999893e+03 1.805981299999999919e+03
2.185000000000000053e+00 1.426324512000000055e+01 1.687120923999999832e+03 1.805981299999999919e+03
2.189999999999999947e+00 1.422954600000000092e+01 1.687401749999999993e+03 1.805981299999999919e+03
2.194999999999999840e+00 1.429175975999999970e+01 1.686883301999999958e+03 1.805981299999999919e+03
2.199999999999999734e+00 1.428583463999999914e+01 1.686932677999999896e+03 1.805981299999999919e+03
2.204999999999999627e+00 1.426324512000000055e+01 1.687120923999999832e+03 1.805981299999999919e+03
2.209999999999999520e+00 1.426917024000000112e+01 1.687071547999999893e+03 1.805981299999999919e+03
2.215000000000000302e+00 1.421806607999999628e+01 1.687497415999999930e+03 1.805981299999999919e+03
2.220000000000000195e+00 1.425769032000000003e+01 1.687167213999999831e+03 1.805981299999999919e+03
2.225000000000000089e+00 1.422954600000000092e+01 1.687401749999999993e+03 1.805981299999999919e+03
2.229999999999999982e+00 1.422362087999999680e+01 1.687451125999999931e+03 1.805981299999999919e+03
2.234999999999999876e+00 1.417844183999999608e+01 1.687827618000000029e+03 1.805981299999999919e+03
2.239999999999999769e+00 1.417288703999999733e+01 1.687873908000000029e+03 1.805981299999999919e+03
2.244999999999999662e+00 1.418992175999999894e+01 1.687731951999999865e+03 1.805981299999999919e+03
2.249999999999999556e+00 1.424065559999999664e+01 1.687309169999999995e+03 1.805981299999999919e+03
2.255000000000000338e+00 1.418992175999999894e+01 1.687731951999999865e+03 1.805981299999999919e+03
2.260000000000000231e+00 1.420103135999999644e+01 1.687639371999999867e+03 1.805981299999999919e+03
2.265000000000000124e+00 1.421251127999999930e+01 1.687543705999999929e+03 1.805981299999999919e+03
2.270000000000000018e+00 1.421251127999999930e+01 1.687543705999999929e+03 1.805981299999999919e+03
2.274999999999999911e+00 1.416733224000000035e+01 1.687920197999999800e+03 1.805981299999999919e+03
2.279999999999999805e+00 1.414474272000000177e+01 1.688108443999999963e+03 1.805981299999999919e+03
2.284999999999999698e+00 1.416177744000000160e+01 1.687966487999999799e+03 1.805981299999999919e+03
2.289999999999999591e+00 1.420103135999999644e+01 1.687639371999999867e+03 1.805981299999999919e+03
2.295000000000000373e+00 1.420103135999999644e+01 1.687639371999999867e+03 1.805981299999999919e+03
2.300000000000000266e+00 1.413918792000000124e+01 1.688154733999999962e+03 1.805981299999999919e+03
2.305000000000000160e+00 1.416733224000000035e+01 1.687920197999999800e+03 1.805981299999999919e+03
2.310000000000000053e+00 1.416177744000000160e+01 1.687966487999999799e+03 1.805981299999999919e+03
2.314999999999999947e+00 1.410511847999999802e+01 1.688438645999999835e+03 1.805981299999999919e+03
2.319999999999999840e+00 1.412215320000000141e+01 1.688296689999999899e+03 1.805981299999999919e+03
2.324999999999999734e+00 1.409363855999999693e+01 1.688534312000000000e+03 1.805981299999999919e+03
2.329999999999999627e+00 1.416733224000000035e+01 1.687920197999999800e+03 1.805981299999999919e+03
2.334999999999999520e+00 1.407104903999999657e+01 1.688722557999999935e+03 1.805981299999999919e+03
2.340000000000000302e+00 1.409956368000000104e+01 1.688484935999999834e+03 1.805981299999999919e+03
2.345000000000000195e+00 1.407697416000000068e+01 1.688673181999999997e+03 1.805981299999999919e+03
2.350000000000000089e+00 1.413326279999999713e+01 1.688204109999999901e+03 1.805981299999999919e+03
2.354999999999999982e+00 1.409956368000000104e+01 1.688484935999999834e+03 1.805981299999999919e+03
2.359999999999999876e+00 1.408252895999999765e+01 1.688626891999999998e+03 1.805981299999999919e+03
2.364999999999999769e+00 1.413918792000000124e+01 1.688154733999999962e+03 1.805981299999999919e+03
2.369999999999999662e+00 1.409363855999999693e+01 1.688534312000000000e+03 1.805981299999999919e+03
2.374999999999999556e+00 1.409956368000000104e+01 1.688484935999999834e+03 1.805981299999999919e+03
2.380000000000000338e+00 1.405438464000000209e+01 1.688861427999999933e+03 1.805981299999999919e+03
2.385000000000000231e+00 1.407104903999999657e+01 1.688722557999999935e+03 1.805981299999999919e+03
2.390000000000000124e+00 1.400328047999999903e+01 1.689287295999999969e+03 1.805981299999999919e+03
2.395000000000000018e+00 1.404290471999999923e+01 1.688957093999999870e+03 1.805981299999999919e+03
2.399999999999999911e+00 1.404290471999999923e+01 1.688957093999999870e+03 1.805981299999999919e+03
2.404999999999999805e+00 1.403179512000000173e+01 1.689049673999999868e+03 1.805981299999999919e+03
2.409999999999999698e+00 1.406549423999999782e+01 1.688768847999999934e+03 1.805981299999999919e+03
2.414999999999999591e+00 1.409956368000000104e+01 1.688484935999999834e+03 1.805981299999999919e+03
2.420000000000000373e+00 1.406549423999999782e+01 1.688768847999999934e+03 1.805981299999999919e+03
2.425000000000000266e+00 1.405438464000000209e+01 1.688861427999999933e+03 1.805981299999999919e+03
2.430000000000000160e+00 1.404845951999999798e+01 1.688910803999999871e+03 1.805981299999999919e+03
2.435000000000000053e+00 1.397513615999999814e+01 1.689521831999999904e+03 1.805981299999999919e+03
2.439999999999999947e+00 1.404290471999999923e+01 1.688957093999999870e+03 1.805981299999999919e+03
2.444999999999999840e+00 1.402031519999999887e+01 1.689145340000000033e+03 1.805981299999999919e+03
2.449999999999999734e+00 1.395810143999999831e+01 1.689663787999999840e+03 1.805981299999999919e+03
2.454999999999999627e+00 1.407697416000000068e+01 1.688673181999999997e+03 1.805981299999999919e+03
2.459999999999999520e+00 1.400328047999999903e+01 1.689287295999999969e+03 1.805981299999999919e+03
2.465000000000000302e+00 1.398069095999999867e+01 1.689475541999999905e+03 1.805981299999999919e+03
2.470000000000000195e+00 1.398661607999999745e+01 1.689426165999999967e+03 1.805981299999999919e+03
2.475000000000000089e+00 1.392440231999999867e+01 1.689944614000000001e+03 1.805981299999999919e+03
2.479999999999999982e+00 1.395254663999999778e+01 1.689710077999999839e+03 1.805981299999999919e+03
2.484999999999999876e+00 1.394699183999999725e+01 1.689756367999999839e+03 1.805981299999999919e+03
2.489999999999999769e+00 1.408252895999999765e+01 1.688626891999999998e+03 1.805981299999999919e+03
2.494999999999999662e+00 1.405438464000000209e+01 1.688861427999999933e+03 1.805981299999999919e+03
2.499999999999999556e+00 1.401476039999999834e+01 1.689191630000000032e+03 1.805981299999999919e+03
2.505000000000000338e+00 1.398069095999999867e+01 1.689475541999999905e+03 1.805981299999999919e+03
2.510000000000000231e+00 1.398069095999999867e+01 1.689475541999999905e+03 1.805981299999999919e+03
2.515000000000000124e+00 1.394106671999999847e+01 1.689805744000000004e+03 1.805981299999999919e+03
2.520000000000000018e+00 1.389033287999999899e+01 1.690228525999999874e+03 1.805981299999999919e+03
2.524999999999999911e+00 1.391292239999999936e+01 1.690040279999999939e+03 1.805981299999999919e+03
2.529999999999999805e+00 1.394699183999999725e+01 1.689756367999999839e+03 1.805981299999999919e+03
2.534999999999999698e+00 1.397513615999999814e+01 1.689521831999999904e+03 1.805981299999999919e+03
2.539999999999999591e+00 1.399772567999999850e+01 1.689333585999999968e+03 1.805981299999999919e+03
2.545000000000000373e+00 1.394699183999999725e+01 1.689756367999999839e+03 1.805981299999999919e+03
2.550000000000000266e+00 1.395254663999999778e+01 1.689710077999999839e+03 1.805981299999999919e+03
2.555000000000000160e+00 1.395810143999999831e+01 1.689663787999999840e+03 1.805981299999999919e+03
2.560000000000000053e+00 1.392440231999999867e+01 1.689944614000000001e+03 1.805981299999999919e+03
2.564999999999999947e+00 1.389033287999999899e+01 1.690228525999999874e+03 1.805981299999999919e+03
2.569999999999999840e+00 1.389033287999999899e+01 1.690228525999999874e+03 1.805981299999999919e+03
2.574999999999999734e+00 1.389588767999999952e+01 1.690182235999999875e+03 1.805981299999999919e+03
2.579999999999999627e+00 1.394106671999999847e+01 1.689805744000000004e+03 1.805981299999999919e+03
2.584999999999999520e+00 1.396958135999999762e+01 1.689568121999999903e+03 1.805981299999999919e+03
2.590000000000000302e+00 1.393551191999999794e+01 1.689852034000000003e+03 1.805981299999999919e+03
2.595000000000000195e+00 1.389588767999999952e+01 1.690182235999999875e+03 1.805981299999999919e+03
2.600000000000000089e+00 1.391292239999999936e+01 1.690040279999999939e+03 1.805981299999999919e+03
2.604999999999999982e+00 1.395254663999999778e+01 1.689710077999999839e+03 1.805981299999999919e+03
2.609999999999999876e+00 1.389588767999999952e+01 1.690182235999999875e+03 1.805981299999999919e+03
2.614999999999999769e+00 1.390181279999999830e+01 1.690132859999999937e+03 1.805981299999999919e+03
2.619999999999999662e+00 1.392440231999999867e+01 1.689944614000000001e+03 1.805981299999999919e+03
2.624999999999999556e+00 1.390736759999999883e+01 1.690086569999999938e+03 1.805981299999999919e+03
2.630000000000000338e+00 1.397513615999999814e+01 1.689521831999999904e+03 1.805981299999999919e+03
2.635000000000000231e+00 1.385663375999999758e+01 1.690509352000000035e+03 1.805981299999999919e+03
2.640000000000000124e+00 1.384515383999999827e+01 1.690605017999999973e+03 1.805981299999999919e+03
2.645000000000000018e+00 1.392440231999999867e+01 1.689944614000000001e+03 1.805981299999999919e+03
2.649999999999999911e+00 1.387922327999999794e+01 1.690321105999999872e+03 1.805981299999999919e+03
2.654999999999999805e+00 1.390181279999999830e+01 1.690132859999999937e+03 1.805981299999999919e+03
2.659999999999999698e+00 1.387329815999999916e+01 1.690370481999999811e+03 1.805981299999999919e+03
2.664999999999999591e+00 1.389588767999999952e+01 1.690182235999999875e+03 1.805981299999999919e+03
2.670000000000000373e+00 1.388477807999999847e+01 1.690274815999999873e+03 1.805981299999999919e+03
2.675000000000000266e+00 1.387922327999999794e+01 1.690321105999999872e+03 1.805981299999999919e+03
2.680000000000000160e+00 1.385070863999999879e+01 1.690558727999999974e+03 1.805981299999999919e+03
2.685000000000000053e+00 1.386774335999999863e+01 1.690416772000000037e+03 1.805981299999999919e+03
2.689999999999999947e+00 1.384515383999999827e+01 1.690605017999999973e+03 1.805981299999999919e+03
2.694999999999999840e+00 1.383367391999999896e+01 1.690700683999999910e+03 1.805981299999999919e+03
2.699999999999999734e+00 1.378849488000000001e+01 1.691077176000000009e+03 1.805981299999999919e+03
2.704999999999999627e+00 1.385663375999999758e+01 1.690509352000000035e+03 1.805981299999999919e+03
2.709999999999999520e+00 1.382811911999999843e+01 1.690746973999999909e+03 1.805981299999999919e+03
2.715000000000000302e+00 1.383367391999999896e+01 1.690700683999999910e+03 1.805981299999999919e+03
2.720000000000000195e+00 1.379997479999999932e+01 1.690981509999999844e+03 1.805981299999999919e+03
2.725000000000000089e+00 1.380552959999999985e+01 1.690935219999999845e+03 1.805981299999999919e+03
2.729999999999999982e+00 1.379997479999999932e+01 1.690981509999999844e+03 1.805981299999999919e+03
2.734999999999999876e+00 1.379997479999999932e+01 1.690981509999999844e+03 1.805981299999999919e+03
2.739999999999999769e+00 1.385663375999999758e+01 1.690509352000000035e+03 1.805981299999999919e+03
2.744999999999999662e+00 1.381700951999999916e+01 1.690839553999999907e+03 1.805981299999999919e+03
2.749999999999999556e+00 1.381108439999999860e+01 1.690888929999999846e+03 1.805981299999999919e+03
2.755000000000000338e+00 1.376590535999999965e+01 1.691265421999999944e+03 1.805981299999999919e+03
2.760000000000000231e+00 1.382811911999999843e+01 1.690746973999999909e+03 1.805981299999999919e+03
2.765000000000000124e+00 1.384515383999999827e+01 1.690605017999999973e+03 1.805981299999999919e+03
2.770000000000000018e+00 1.379997479999999932e+01 1.690981509999999844e+03 1.805981299999999919e+03
2.774999999999999911e+00 1.380552959999999985e+01 1.690935219999999845e+03 1.805981299999999919e+03
2.779999999999999805e+00 1.385070863999999879e+01 1.690558727999999974e+03 1.805981299999999919e+03
2.784999999999999698e+00 1.383367391999999896e+01 1.690700683999999910e+03 1.805981299999999919e+03
2.789999999999999591e+00 1.387922327999999794e+01 1.690321105999999872e+03 1.805981299999999919e+03
2.795000000000000373e+00 1.387329815999999916e+01 1.690370481999999811e+03 1.805981299999999919e+03
2.800000000000000266e+00 1.382811911999999843e+01 1.690746973999999909e+03 1.805981299999999919e+03
2.805000000000000160e+00 1.379997479999999932e+01 1.690981509999999844e+03 1.805981299999999919e+03
2.810000000000000053e+00 1.381700951999999916e+01 1.690839553999999907e+03 1.805981299999999919e+03
2.814999999999999947e+00 1.378294007999999948e+01 1.691123466000000008e+03 1.805981299999999919e+03
2.819999999999999840e+00 1.380552959999999985e+01 1.690935219999999845e+03 1.805981299999999919e+03
2.824999999999999734e+00 1.379997479999999932e+01 1.690981509999999844e+03 1.805981299999999919e+03
2.829999999999999627e+00 1.388477807999999847e+01 1.690274815999999873e+03 1.805981299999999919e+03
2.834999999999999520e+00 1.382256431999999791e+01 1.690793263999999908e+03 1.805981299999999919e+03
2.840000000000000302e+00 1.382256431999999791e+01 1.690793263999999908e+03 1.805981299999999919e+03
2.845000000000000195e+00 1.379441999999999879e+01 1.691027799999999843e+03 1.805981299999999919e+03
2.850000000000000089e+00 1.378849488000000001e+01 1.691077176000000009e+03 1.805981299999999919e+03
2.854999999999999982e+00 1.382256431999999791e+01 1.690793263999999908e+03 1.805981299999999919e+03
2.859999999999999876e+00 1.383367391999999896e+01 1.690700683999999910e+03 1.805981299999999919e+03
2.864999999999999769e+00 1.380552959999999985e+01 1.690935219999999845e+03 1.805981299999999919e+03
2.869999999999999662e+00 1.378294007999999948e+01 1.691123466000000008e+03 1.805981299999999919e+03
2.874999999999999556e+00 1.376590535999999965e+01 1.691265421999999944e+03 1.805981299999999919e+03
2.880000000000000338e+00 1.378849488000000001e+01 1.691077176000000009e+03 1.805981299999999919e+03
2.885000000000000231e+00 1.374331583999999928e+01 1.691453667999999880e+03 1.805981299999999919e+03
2.890000000000000124e+00 1.370961671999999787e+01 1.691734493999999813e+03 1.805981299999999919e+03
2.895000000000000018e+00 1.374331583999999928e+01 1.691453667999999880e+03 1.805981299999999919e+03
2.899999999999999911e+00 1.374331583999999928e+01 1.691453667999999880e+03 1.805981299999999919e+03
2.904999999999999805e+00 1.373776103999999876e+01 1.691499957999999879e+03 1.805981299999999919e+03
2.909999999999999698e+00 1.373776103999999876e+01 1.691499957999999879e+03 1.805981299999999919e+03
2.914999999999999591e+00 1.368702719999999928e+01 1.691922739999999976e+03 1.805981299999999919e+03
2.920000000000000373e+00 1.369258199999999981e+01 1.691876449999999977e+03 1.805981299999999919e+03
2.925000000000000266e+00 1.371517151999999840e+01 1.691688204000000042e+03 1.805981299999999919e+03
2.930000000000000160e+00 1.369813679999999856e+01 1.691830159999999978e+03 1.805981299999999919e+03
2.935000000000000053e+00 1.371517151999999840e+01 1.691688204000000042e+03 1.805981299999999919e+03
2.939999999999999947e+00 1.372072631999999892e+01 1.691641913999999815e+03 1.805981299999999919e+03
2.944999999999999840e+00 1.369258199999999981e+01 1.691876449999999977e+03 1.805981299999999919e+03
2.949999999999999734e+00 1.372072631999999892e+01 1.691641913999999815e+03 1.805981299999999919e+03
2.954999999999999627e+00 1.370961671999999787e+01 1.691734493999999813e+03 1.805981299999999919e+03
2.959999999999999520e+00 1.374924095999999807e+01 1.691404291999999941e+03 1.805981299999999919e+03
2.965000000000000302e+00 1.370961671999999787e+01 1.691734493999999813e+03 1.805981299999999919e+03
2.970000000000000195e+00 1.367554727999999997e+01 1.692018405999999914e+03 1.805981299999999919e+03
2.975000000000000089e+00 1.366999247999999945e+01 1.692064695999999913e+03 1.805981299999999919e+03
2.979999999999999982e+00 1.371517151999999840e+01 1.691688204000000042e+03 1.805981299999999919e+03
2.984999999999999876e+00 1.367554727999999997e+01 1.692018405999999914e+03 1.805981299999999919e+03
2.989999999999999769e+00 1.360777871999999888e+01 1.692583143999999947e+03 1.805981299999999919e+03
2.994999999999999662e+00 1.368702719999999928e+01 1.691922739999999976e+03 1.805981299999999919e+03
2.999999999999999556e+00 1.364184815999999856e+01 1.692299231999999847e+03 1.805981299999999919e+03
3.005000000000000338e+00 1.367554727999999997e+01 1.692018405999999914e+03 1.805981299999999919e+03
3.010000000000000231e+00 1.365851256000000014e+01 1.692160361999999850e+03 1.805981299999999919e+03
3.015000000000000124e+00 1.364740295999999908e+01 1.692252941999999848e+03 1.805981299999999919e+03
3.020000000000000018e+00 1.360777871999999888e+01 1.692583143999999947e+03 1.805981299999999919e+03
3.024999999999999911e+00 1.364184815999999856e+01 1.692299231999999847e+03 1.805981299999999919e+03
3.029999999999999805e+00 1.359666911999999783e+01 1.692675723999999946e+03 1.805981299999999919e+03
3.034999999999999698e+00 1.361333351999999941e+01 1.692536853999999948e+03 1.805981299999999919e+03
3.039999999999999591e+00 1.359666911999999783e+01 1.692675723999999946e+03 1.805981299999999919e+03
3.045000000000000373e+00 1.366999247999999945e+01 1.692064695999999913e+03 1.805981299999999919e+03
3.050000000000000266e+00 1.366443767999999892e+01 1.692110985999999912e+03 1.805981299999999919e+03
3.055000000000000160e+00 1.363592303999999977e+01 1.692348608000000013e+03 1.805981299999999919e+03
3.060000000000000053e+00 1.357407959999999925e+01 1.692863969999999881e+03 1.805981299999999919e+03
3.064999999999999947e+00 1.360222391999999836e+01 1.692629433999999947e+03 1.805981299999999919e+03
3.069999999999999840e+00 1.351742063999999921e+01 1.693336127999999917e+03 1.805981299999999919e+03
3.074999999999999734e+00 1.362481343999999872e+01 1.692441188000000011e+03 1.805981299999999919e+03
3.079999999999999627e+00 1.364740295999999908e+01 1.692252941999999848e+03 1.805981299999999919e+03
3.084999999999999520e+00 1.359074399999999905e+01 1.692725099999999884e+03 1.805981299999999919e+03
3.090000000000000302e+00 1.360222391999999836e+01 1.692629433999999947e+03 1.805981299999999919e+03
3.095000000000000195e+00 1.364184815999999856e+01 1.692299231999999847e+03 1.805981299999999919e+03
3.100000000000000089e+00 1.359074399999999905e+01 1.692725099999999884e+03 1.805981299999999919e+03
3.104999999999999982e+00 1.356259967999999994e+01 1.692959635999999819e+03 1.805981299999999919e+03
3.109999999999999876e+00 1.360222391999999836e+01 1.692629433999999947e+03 1.805981299999999919e+03
3.114999999999999769e+00 1.358518919999999852e+01 1.692771389999999883e+03 1.805981299999999919e+03
3.119999999999999662e+00 1.356259967999999994e+01 1.692959635999999819e+03 1.805981299999999919e+03
3.124999999999999556e+00 1.360777871999999888e+01 1.692583143999999947e+03 1.805981299999999919e+03
3.130000000000000338e+00 1.362481343999999872e+01 1.692441188000000011e+03 1.805981299999999919e+03
3.135000000000000231e+00 1.360222391999999836e+01 1.692629433999999947e+03 1.805981299999999919e+03
3.140000000000000124e+00 1.357407959999999925e+01 1.692863969999999881e+03 1.805981299999999919e+03
3.145000000000000018e+00 1.356815448000000046e+01 1.692913345999999819e+03 1.805981299999999919e+03
3.149999999999999911e+00 1.357963439999999977e+01 1.692817679999999882e+03 1.805981299999999919e+03
3.154999999999999805e+00 1.357407959999999925e+01 1.692863969999999881e+03 1.805981299999999919e+03
3.159999999999999698e+00 1.360777871999999888e+01 1.692583143999999947e+03 1.805981299999999919e+03
3.164999999999999591e+00 1.359074399999999905e+01 1.692725099999999884e+03 1.805981299999999919e+03
3.170000000000000373e+00 1.356815448000000046e+01 1.692913345999999819e+03 1.805981299999999919e+03
3.175000000000000266e+00 1.355111976000000062e+01 1.693055301999999983e+03 1.805981299999999919e+03
3.180000000000000160e+00 1.353445535999999905e+01 1.693194171999999980e+03 1.805981299999999919e+03
3.185000000000000053e+00 1.349483111999999885e+01 1.693524373999999852e+03 1.805981299999999919e+03
3.189999999999999947e+00 1.352297543999999974e+01 1.693289837999999918e+03 1.805981299999999919e+03
3.194999999999999840e+00 1.358518919999999852e+01 1.692771389999999883e+03 1.805981299999999919e+03
3.199999999999999734e+00 1.355111976000000062e+01 1.693055301999999983e+03 1.805981299999999919e+03
3.204999999999999627e+00 1.361925863999999819e+01 1.692487478000000010e+03 1.805981299999999919e+03
3.209999999999999520e+00 1.360222391999999836e+01 1.692629433999999947e+03 1.805981299999999919e+03
3.215000000000000302e+00 1.352853024000000026e+01 1.693243547999999919e+03 1.805981299999999919e+03
3.220000000000000195e+00 1.355704487999999941e+01 1.693005925999999818e+03 1.805981299999999919e+03
3.225000000000000089e+00 1.349483111999999885e+01 1.693524373999999852e+03 1.805981299999999919e+03
3.229999999999999982e+00 1.356259967999999994e+01 1.692959635999999819e+03 1.805981299999999919e+03
3.234999999999999876e+00 1.350038591999999937e+01 1.693478083999999853e+03 1.805981299999999919e+03
3.239999999999999769e+00 1.356259967999999994e+01 1.692959635999999819e+03 1.805981299999999919e+03
3.244999999999999662e+00 1.359074399999999905e+01 1.692725099999999884e+03 1.805981299999999919e+03
3.249999999999999556e+00 1.355111976000000062e+01 1.693055301999999983e+03 1.805981299999999919e+03
3.255000000000000338e+00 1.346668679999999974e+01 1.693758910000000014e+03 1.805981299999999919e+03
3.260000000000000231e+00 1.346076167999999917e+01 1.693808285999999953e+03 1.805981299999999919e+03
3.265000000000000124e+00 1.352853024000000026e+01 1.693243547999999919e+03 1.805981299999999919e+03
3.270000000000000018e+00 1.348335119999999954e+01 1.693620040000000017e+03 1.805981299999999919e+03
3.274999999999999911e+00 1.350594071999999990e+01 1.693431793999999854e+03 1.805981299999999919e+03
3.279999999999999805e+00 1.348927631999999832e+01 1.693570663999999852e+03 1.805981299999999919e+03
3.284999999999999698e+00 1.344965207999999990e+01 1.693900865999999951e+03 1.805981299999999919e+03
3.289999999999999591e+00 1.356259967999999994e+01 1.692959635999999819e+03 1.805981299999999919e+03
3.295000000000000373e+00 1.355704487999999941e+01 1.693005925999999818e+03 1.805981299999999919e+03
3.300000000000000266e+00 1.355111976000000062e+01 1.693055301999999983e+03 1.805981299999999919e+03
3.305000000000000160e+00 1.352853024000000026e+01 1.693243547999999919e+03 1.805981299999999919e+03
3.310000000000000053e+00 1.350594071999999990e+01 1.693431793999999854e+03 1.805981299999999919e+03
3.314999999999999947e+00 1.351186583999999868e+01 1.693382417999999916e+03 1.805981299999999919e+03
3.319999999999999840e+00 1.344409727999999937e+01 1.693947155999999950e+03 1.805981299999999919e+03
3.324999999999999734e+00 1.343261736000000006e+01 1.694042821999999887e+03 1.805981299999999919e+03
3.329999999999999627e+00 1.348927631999999832e+01 1.693570663999999852e+03 1.805981299999999919e+03
3.334999999999999520e+00 1.348335119999999954e+01 1.693620040000000017e+03 1.805981299999999919e+03
3.340000000000000302e+00 1.352297543999999974e+01 1.693289837999999918e+03 1.805981299999999919e+03
3.345000000000000195e+00 1.348927631999999832e+01 1.693570663999999852e+03 1.805981299999999919e+03
3.350000000000000089e+00 1.348927631999999832e+01 1.693570663999999852e+03 1.805981299999999919e+03
3.354999999999999982e+00 1.344409727999999937e+01 1.693947155999999950e+03 1.805981299999999919e+03
3.359999999999999876e+00 1.346076167999999917e+01 1.693808285999999953e+03 1.805981299999999919e+03
3.364999999999999769e+00 1.345520688000000042e+01 1.693854575999999952e+03 1.805981299999999919e+03
3.369999999999999662e+00 1.341002783999999970e+01 1.694231067999999823e+03 1.805981299999999919e+03
3.374999999999999556e+00 1.342706255999999954e+01 1.694089111999999886e+03 1.805981299999999919e+03
3.380000000000000338e+00 1.348335119999999954e+01 1.693620040000000017e+03 1.805981299999999919e+03
3.385000000000000231e+00 1.344965207999999990e+01 1.693900865999999951e+03 1.805981299999999919e+03
3.390000000000000124e+00 1.342706255999999954e+01 1.694089111999999886e+03 1.805981299999999919e+03
3.395000000000000018e+00 1.347224159999999848e+01 1.693712620000000015e+03 1.805981299999999919e+03
3.399999999999999911e+00 1.340447303999999917e+01 1.694277357999999822e+03 1.805981299999999919e+03
3.404999999999999805e+00 1.342150775999999901e+01 1.694135401999999885e+03 1.805981299999999919e+03
3.409999999999999698e+00 1.345520688000000042e+01 1.693854575999999952e+03 1.805981299999999919e+03
3.414999999999999591e+00 1.347224159999999848e+01 1.693712620000000015e+03 1.805981299999999919e+03
3.420000000000000373e+00 1.337595840000000003e+01 1.694514979999999923e+03 1.805981299999999919e+03
3.425000000000000266e+00 1.336484879999999897e+01 1.694607559999999921e+03 1.805981299999999919e+03
3.430000000000000160e+00 1.347224159999999848e+01 1.693712620000000015e+03 1.805981299999999919e+03
3.435000000000000053e+00 1.342150775999999901e+01 1.694135401999999885e+03 1.805981299999999919e+03
3.439999999999999947e+00 1.342706255999999954e+01 1.694089111999999886e+03 1.805981299999999919e+03
3.444999999999999840e+00 1.342706255999999954e+01 1.694089111999999886e+03 1.805981299999999919e+03
3.449999999999999734e+00 1.338743831999999934e+01 1.694419313999999986e+03 1.805981299999999919e+03
3.454999999999999627e+00 1.341558264000000023e+01 1.694184777999999824e+03 1.805981299999999919e+03
3.459999999999999520e+00 1.338743831999999934e+01 1.694419313999999986e+03 1.805981299999999919e+03
3.465000000000000302e+00 1.343817216000000059e+01 1.693996531999999888e+03 1.805981299999999919e+03
3.470000000000000195e+00 1.337040359999999950e+01 1.694561269999999922e+03 1.805981299999999919e+03
3.475000000000000089e+00 1.338188351999999881e+01 1.694465603999999985e+03 1.805981299999999919e+03
3.479999999999999982e+00 1.339854792000000039e+01 1.694326733999999988e+03 1.805981299999999919e+03
3.484999999999999876e+00 1.342150775999999901e+01 1.694135401999999885e+03 1.805981299999999919e+03
3.489999999999999769e+00 1.336484879999999897e+01 1.694607559999999921e+03 1.805981299999999919e+03
3.494999999999999662e+00 1.341002783999999970e+01 1.694231067999999823e+03 1.805981299999999919e+03
3.499999999999999556e+00 1.341558264000000023e+01 1.694184777999999824e+03 1.805981299999999919e+03
3.505000000000000338e+00 1.331966976000000003e+01 1.694984052000000020e+03 1.805981299999999919e+03
3.510000000000000231e+00 1.333670447999999986e+01 1.694842095999999856e+03 1.805981299999999919e+03
3.515000000000000124e+00 1.339299311999999986e+01 1.694373023999999987e+03 1.805981299999999919e+03
3.520000000000000018e+00 1.334781407999999914e+01 1.694749515999999858e+03 1.805981299999999919e+03
3.524999999999999911e+00 1.334225928000000039e+01 1.694795805999999857e+03 1.805981299999999919e+03
3.529999999999999805e+00 1.326856560000000052e+01 1.695409919999999829e+03 1.805981299999999919e+03
3.534999999999999698e+00 1.331411495999999950e+01 1.695030342000000019e+03 1.805981299999999919e+03
3.539999999999999591e+00 1.329708023999999966e+01 1.695172297999999955e+03 1.805981299999999919e+03
3.545000000000000373e+00 1.337595840000000003e+01 1.694514979999999923e+03 1.805981299999999919e+03
3.550000000000000266e+00 1.337595840000000003e+01 1.694514979999999923e+03 1.805981299999999919e+03
3.555000000000000160e+00 1.336484879999999897e+01 1.694607559999999921e+03 1.805981299999999919e+03
3.560000000000000053e+00 1.337595840000000003e+01 1.694514979999999923e+03 1.805981299999999919e+03
3.564999999999999947e+00 1.337040359999999950e+01 1.694561269999999922e+03 1.805981299999999919e+03
3.569999999999999840e+00 1.328004551999999983e+01 1.695314253999999892e+03 1.805981299999999919e+03
3.574999999999999734e+00 1.332522456000000055e+01 1.694937762000000021e+03 1.805981299999999919e+03
3.579999999999999627e+00 1.333670447999999986e+01 1.694842095999999856e+03 1.805981299999999919e+03
3.584999999999999520e+00 1.338743831999999934e+01 1.694419313999999986e+03 1.805981299999999919e+03
3.590000000000000302e+00 1.338188351999999881e+01 1.694465603999999985e+03 1.805981299999999919e+03
3.595000000000000195e+00 1.330818984000000071e+01 1.695079717999999957e+03 1.805981299999999919e+03
3.600000000000000089e+00 1.326856560000000052e+01 1.695409919999999829e+03 1.805981299999999919e+03
3.604999999999999982e+00 1.328560032000000035e+01 1.695267963999999893e+03 1.805981299999999919e+03
3.609999999999999876e+00 1.326301079999999999e+01 1.695456209999999828e+03 1.805981299999999919e+03
3.614999999999999769e+00 1.328004551999999983e+01 1.695314253999999892e+03 1.805981299999999919e+03
3.619999999999999662e+00 1.327449071999999930e+01 1.695360543999999891e+03 1.805981299999999919e+03
3.624999999999999556e+00 1.330818984000000071e+01 1.695079717999999957e+03 1.805981299999999919e+03
3.630000000000000338e+00 1.327449071999999930e+01 1.695360543999999891e+03 1.805981299999999919e+03
3.635000000000000231e+00 1.328004551999999983e+01 1.695314253999999892e+03 1.805981299999999919e+03
3.640000000000000124e+00 1.324597608000000015e+01 1.695598165999999992e+03 1.805981299999999919e+03
3.645000000000000018e+00 1.330818984000000071e+01 1.695079717999999957e+03 1.805981299999999919e+03
3.649999999999999911e+00 1.329152543999999914e+01 1.695218587999999954e+03 1.805981299999999919e+03
3.654999999999999805e+00 1.329708023999999966e+01 1.695172297999999955e+03 1.805981299999999919e+03
3.659999999999999698e+00 1.331411495999999950e+01 1.695030342000000019e+03 1.805981299999999919e+03
3.664999999999999591e+00 1.327449071999999930e+01 1.695360543999999891e+03 1.805981299999999919e+03
3.670000000000000373e+00 1.331411495999999950e+01 1.695030342000000019e+03 1.805981299999999919e+03
3.675000000000000266e+00 1.328560032000000035e+01 1.695267963999999893e+03 1.805981299999999919e+03
3.680000000000000160e+00 1.328004551999999983e+01 1.695314253999999892e+03 1.805981299999999919e+03
3.685000000000000053e+00 1.326301079999999999e+01 1.695456209999999828e+03 1.805981299999999919e+03
3.689999999999999947e+00 1.326856560000000052e+01 1.695409919999999829e+03 1.805981299999999919e+03
3.694999999999999840e+00 1.327449071999999930e+01 1.695360543999999891e+03 1.805981299999999919e+03
3.699999999999999734e+00 1.325190119999999894e+01 1.695548789999999826e+03 1.805981299999999919e+03
3.704999999999999627e+00 1.324042127999999963e+01 1.695644455999999991e+03 1.805981299999999919e+03
3.709999999999999520e+00 1.324597608000000015e+01 1.695598165999999992e+03 1.805981299999999919e+03
3.715000000000000302e+00 1.326301079999999999e+01 1.695456209999999828e+03 1.805981299999999919e+03
3.720000000000000195e+00 1.318413263999999963e+01 1.696113527999999860e+03 1.805981299999999919e+03
3.725000000000000089e+00 1.322338655999999979e+01 1.695786411999999928e+03 1.805981299999999919e+03
3.729999999999999982e+00 1.323486647999999910e+01 1.695690745999999990e+03 1.805981299999999919e+03
3.734999999999999876e+00 1.322931168000000035e+01 1.695737035999999989e+03 1.805981299999999919e+03
3.739999999999999769e+00 1.327449071999999930e+01 1.695360543999999891e+03 1.805981299999999919e+03
3.744999999999999662e+00 1.322931168000000035e+01 1.695737035999999989e+03 1.805981299999999919e+03
3.749999999999999556e+00 1.325190119999999894e+01 1.695548789999999826e+03 1.805981299999999919e+03
3.755000000000000338e+00 1.321227696000000051e+01 1.695878991999999926e+03 1.805981299999999919e+03
3.760000000000000231e+00 1.322338655999999979e+01 1.695786411999999928e+03 1.805981299999999919e+03
3.765000000000000124e+00 1.322931168000000035e+01 1.695737035999999989e+03 1.805981299999999919e+03
3.770000000000000018e+00 1.323486647999999910e+01 1.695690745999999990e+03 1.805981299999999919e+03
3.774999999999999911e+00 1.318968744000000015e+01 1.696067237999999861e+03 1.805981299999999919e+03
3.779999999999999805e+00 1.320672215999999999e+01 1.695925281999999925e+03 1.805981299999999919e+03
3.784999999999999698e+00 1.327449071999999930e+01 1.695360543999999891e+03 1.805981299999999919e+03
3.789999999999999591e+00 1.327449071999999930e+01 1.695360543999999891e+03 1.805981299999999919e+03
3.795000000000000373e+00 1.318968744000000015e+01 1.696067237999999861e+03 1.805981299999999919e+03
3.800000000000000266e+00 1.320079704000000120e+01 1.695974657999999863e+03 1.805981299999999919e+03
3.805000000000000160e+00 1.320079704000000120e+01 1.695974657999999863e+03 1.805981299999999919e+03
3.810000000000000053e+00 1.319524224000000068e+01 1.696020947999999862e+03 1.805981299999999919e+03
3.814999999999999947e+00 1.326856560000000052e+01 1.695409919999999829e+03 1.805981299999999919e+03
3.819999999999999840e+00 1.326856560000000052e+01 1.695409919999999829e+03 1.805981299999999919e+03
3.824999999999999734e+00 1.325745599999999946e+01 1.695502499999999827e+03 1.805981299999999919e+03
3.829999999999999627e+00 1.315561800000000048e+01 1.696351149999999961e+03 1.805981299999999919e+03
3.834999999999999520e+00 1.321227696000000051e+01 1.695878991999999926e+03 1.805981299999999919e+03
3.840000000000000302e+00 1.318968744000000015e+01 1.696067237999999861e+03 1.805981299999999919e+03
3.845000000000000195e+00 1.316154311999999926e+01 1.696301774000000023e+03 1.805981299999999919e+03
3.850000000000000089e+00 1.318413263999999963e+01 1.696113527999999860e+03 1.805981299999999919e+03
3.854999999999999982e+00 1.311043895999999975e+01 1.696727641999999832e+03 1.805981299999999919e+03
3.859999999999999876e+00 1.316709791999999979e+01 1.696255483999999797e+03 1.805981299999999919e+03
3.864999999999999769e+00 1.314450839999999943e+01 1.696443729999999960e+03 1.805981299999999919e+03
3.869999999999999662e+00 1.317820752000000084e+01 1.696162903999999799e+03 1.805981299999999919e+03
3.874999999999999556e+00 1.318413263999999963e+01 1.696113527999999860e+03 1.805981299999999919e+03
3.880000000000000338e+00 1.316154311999999926e+01 1.696301774000000023e+03 1.805981299999999919e+03
3.885000000000000231e+00 1.313895359999999890e+01 1.696490019999999959e+03 1.805981299999999919e+03
3.890000000000000124e+00 1.320079704000000120e+01 1.695974657999999863e+03 1.805981299999999919e+03
3.895000000000000018e+00 1.320079704000000120e+01 1.695974657999999863e+03 1.805981299999999919e+03
3.899999999999999911e+00 1.321783175999999926e+01 1.695832701999999927e+03 1.805981299999999919e+03
3.904999999999999805e+00 1.313302848000000012e+01 1.696539395999999897e+03 1.805981299999999919e+03
3.909999999999999698e+00 1.321783175999999926e+01 1.695832701999999927e+03 1.805981299999999919e+03
3.914999999999999591e+00 1.315561800000000048e+01 1.696351149999999961e+03 1.805981299999999919e+03
3.920000000000000373e+00 1.317265272000000031e+01 1.696209194000000025e+03 1.805981299999999919e+03
3.925000000000000266e+00 1.318413263999999963e+01 1.696113527999999860e+03 1.805981299999999919e+03
3.930000000000000160e+00 1.319524224000000068e+01 1.696020947999999862e+03 1.805981299999999919e+03
3.935000000000000053e+00 1.315561800000000048e+01 1.696351149999999961e+03 1.805981299999999919e+03
3.939999999999999947e+00 1.313895359999999890e+01 1.696490019999999959e+03 1.805981299999999919e+03
3.944999999999999840e+00 1.312747367999999959e+01 1.696585685999999896e+03 1.805981299999999919e+03
3.949999999999999734e+00 1.310488415999999923e+01 1.696773931999999832e+03 1.805981299999999919e+03
3.954999999999999627e+00 1.317820752000000084e+01 1.696162903999999799e+03 1.805981299999999919e+03
3.959999999999999520e+00 1.311043895999999975e+01 1.696727641999999832e+03 1.805981299999999919e+03
3.965000000000000302e+00 1.308784944000000117e+01 1.696915887999999995e+03 1.805981299999999919e+03
3.970000000000000195e+00 1.315006319999999995e+01 1.696397439999999960e+03 1.805981299999999919e+03
3.975000000000000089e+00 1.316709791999999979e+01 1.696255483999999797e+03 1.805981299999999919e+03
3.979999999999999982e+00 1.312747367999999959e+01 1.696585685999999896e+03 1.805981299999999919e+03
3.984999999999999876e+00 1.306525992000000080e+01 1.697104133999999931e+03 1.805981299999999919e+03
3.989999999999999769e+00 1.308229464000000064e+01 1.696962177999999994e+03 1.805981299999999919e+03
3.994999999999999662e+00 1.314450839999999943e+01 1.696443729999999960e+03 1.805981299999999919e+03
3.999999999999999556e+00 1.312747367999999959e+01 1.696585685999999896e+03 1.805981299999999919e+03
4.005000000000000782e+00 1.317820752000000084e+01 1.696162903999999799e+03 1.805981299999999919e+03
4.009999999999999787e+00 1.315006319999999995e+01 1.696397439999999960e+03 1.805981299999999919e+03
4.015000000000000568e+00 1.316709791999999979e+01 1.696255483999999797e+03 1.805981299999999919e+03
4.019999999999999574e+00 1.312747367999999959e+01 1.696585685999999896e+03 1.805981299999999919e+03
4.025000000000000355e+00 1.312191887999999906e+01 1.696631975999999895e+03 1.805981299999999919e+03
4.029999999999999361e+00 1.312747367999999959e+01 1.696585685999999896e+03 1.805981299999999919e+03
4.035000000000000142e+00 1.314450839999999943e+01 1.696443729999999960e+03 1.805981299999999919e+03
4.039999999999999147e+00 1.310488415999999923e+01 1.696773931999999832e+03 1.805981299999999919e+03
4.044999999999999929e+00 1.309932936000000048e+01 1.696820221999999831e+03 1.805981299999999919e+03
4.050000000000000711e+00 1.312191887999999906e+01 1.696631975999999895e+03 1.805981299999999919e+03
4.054999999999999716e+00 1.307673984000000011e+01 1.697008467999999993e+03 1.805981299999999919e+03
4.060000000000000497e+00 1.308784944000000117e+01 1.696915887999999995e+03 1.805981299999999919e+03
4.064999999999999503e+00 1.304267040000000044e+01 1.697292379999999866e+03 1.805981299999999919e+03
4.070000000000000284e+00 1.311043895999999975e+01 1.696727641999999832e+03 1.805981299999999919e+03
4.074999999999999289e+00 1.317265272000000031e+01 1.696209194000000025e+03 1.805981299999999919e+03
4.080000000000000071e+00 1.316709791999999979e+01 1.696255483999999797e+03 1.805981299999999919e+03
4.084999999999999076e+00 1.311043895999999975e+01 1.696727641999999832e+03 1.805981299999999919e+03
4.089999999999999858e+00 1.312747367999999959e+01 1.696585685999999896e+03 1.805981299999999919e+03
4.094999999999998863e+00 1.307673984000000011e+01 1.697008467999999993e+03 1.805981299999999919e+03
4.099999999999999645e+00 1.300304616000000024e+01 1.697622581999999966e+03 1.805981299999999919e+03
4.104999999999998650e+00 1.307673984000000011e+01 1.697008467999999993e+03 1.805981299999999919e+03
4.109999999999999432e+00 1.313302848000000012e+01 1.696539395999999897e+03 1.805981299999999919e+03
4.115000000000000213e+00 1.318968744000000015e+01 1.696067237999999861e+03 1.805981299999999919e+03
4.119999999999999218e+00 1.308784944000000117e+01 1.696915887999999995e+03 1.805981299999999919e+03
4.125000000000000000e+00 1.307673984000000011e+01 1.697008467999999993e+03 1.805981299999999919e+03
4.129999999999999005e+00 1.309340423999999992e+01 1.696869597999999996e+03 1.805981299999999919e+03
4.134999999999999787e+00 1.306525992000000080e+01 1.697104133999999931e+03 1.805981299999999919e+03
4.139999999999998792e+00 1.309340423999999992e+01 1.696869597999999996e+03 1.805981299999999919e+03
4.144999999999999574e+00 1.307673984000000011e+01 1.697008467999999993e+03 1.805981299999999919e+03
4.150000000000000355e+00 1.305970512000000028e+01 1.697150423999999930e+03 1.805981299999999919e+03
4.154999999999999361e+00 1.311043895999999975e+01 1.696727641999999832e+03 1.805981299999999919e+03
4.160000000000000142e+00 1.309340423999999992e+01 1.696869597999999996e+03 1.805981299999999919e+03
4.164999999999999147e+00 1.300897127999999903e+01 1.697573206000000027e+03 1.805981299999999919e+03
4.169999999999999929e+00 1.301452607999999955e+01 1.697526915999999801e+03 1.805981299999999919e+03
4.174999999999998934e+00 1.305415031999999975e+01 1.697196713999999929e+03 1.805981299999999919e+03
4.179999999999999716e+00 1.306525992000000080e+01 1.697104133999999931e+03 1.805981299999999919e+03
4.184999999999998721e+00 1.306525992000000080e+01 1.697104133999999931e+03 1.805981299999999919e+03
4.189999999999999503e+00 1.310488415999999923e+01 1.696773931999999832e+03 1.805981299999999919e+03
4.195000000000000284e+00 1.309340423999999992e+01 1.696869597999999996e+03 1.805981299999999919e+03
4.199999999999999289e+00 1.307673984000000011e+01 1.697008467999999993e+03 1.805981299999999919e+03
4.205000000000000071e+00 1.305970512000000028e+01 1.697150423999999930e+03 1.805981299999999919e+03
4.209999999999999076e+00 1.304267040000000044e+01 1.697292379999999866e+03 1.805981299999999919e+03
4.214999999999999858e+00 1.299749135999999972e+01 1.697668871999999965e+03 1.805981299999999919e+03
4.219999999999998863e+00 1.302563568000000060e+01 1.697434335999999803e+03 1.805981299999999919e+03
4.224999999999999645e+00 1.300304616000000024e+01 1.697622581999999966e+03 1.805981299999999919e+03
4.229999999999998650e+00 1.305970512000000028e+01 1.697150423999999930e+03 1.805981299999999919e+03
4.234999999999999432e+00 1.300897127999999903e+01 1.697573206000000027e+03 1.805981299999999919e+03
4.240000000000000213e+00 1.298601143999999685e+01 1.697764537999999902e+03 1.805981299999999919e+03
4.244999999999999218e+00 1.299749135999999972e+01 1.697668871999999965e+03 1.805981299999999919e+03
4.250000000000000000e+00 1.305415031999999975e+01 1.697196713999999929e+03 1.805981299999999919e+03
4.254999999999999005e+00 1.305970512000000028e+01 1.697150423999999930e+03 1.805981299999999919e+03
4.259999999999999787e+00 1.300304616000000024e+01 1.697622581999999966e+03 1.805981299999999919e+03
4.264999999999998792e+00 1.298601143999999685e+01 1.697764537999999902e+03 1.805981299999999919e+03
4.269999999999999574e+00 1.302563568000000060e+01 1.697434335999999803e+03 1.805981299999999919e+03
4.275000000000000355e+00 1.298601143999999685e+01 1.697764537999999902e+03 1.805981299999999919e+03
4.279999999999999361e+00 1.299749135999999972e+01 1.697668871999999965e+03 1.805981299999999919e+03
4.285000000000000142e+00 1.294083239999999790e+01 1.698141030000000001e+03 1.805981299999999919e+03
4.289999999999999147e+00 1.300897127999999903e+01 1.697573206000000027e+03 1.805981299999999919e+03
4.294999999999999929e+00 1.299749135999999972e+01 1.697668871999999965e+03 1.805981299999999919e+03
4.299999999999998934e+00 1.298045663999999988e+01 1.697810827999999901e+03 1.805981299999999919e+03
4.304999999999999716e+00 1.299749135999999972e+01 1.697668871999999965e+03 1.805981299999999919e+03
4.309999999999998721e+00 1.294675752000000024e+01 1.698091653999999835e+03 1.805981299999999919e+03
4.314999999999999503e+00 1.290713328000000004e+01 1.698421855999999934e+03 1.805981299999999919e+03
4.320000000000000284e+00 1.289009856000000021e+01 1.698563811999999871e+03 1.805981299999999919e+03
4.324999999999999289e+00 1.294083239999999790e+01 1.698141030000000001e+03 1.805981299999999919e+03
4.330000000000000071e+00 1.296342191999999827e+01 1.697952783999999838e+03 1.805981299999999919e+03
4.334999999999999076e+00 1.299193655999999919e+01 1.697715161999999964e+03 1.805981299999999919e+03
4.339999999999999858e+00 1.293527760000000093e+01 1.698187320000000000e+03 1.805981299999999919e+03
4.344999999999998863e+00 1.293527760000000093e+01 1.698187320000000000e+03 1.805981299999999919e+03
4.349999999999999645e+00 1.290713328000000004e+01 1.698421855999999934e+03 1.805981299999999919e+03
4.354999999999998650e+00 1.287306383999999682e+01 1.698705768000000035e+03 1.805981299999999919e+03
4.359999999999999432e+00 1.288454375999999968e+01 1.698610101999999870e+03 1.805981299999999919e+03
4.365000000000000213e+00 1.296342191999999827e+01 1.697952783999999838e+03 1.805981299999999919e+03
4.369999999999999218e+00 1.293527760000000093e+01 1.698187320000000000e+03 1.805981299999999919e+03
4.375000000000000000e+00 1.293527760000000093e+01 1.698187320000000000e+03 1.805981299999999919e+03
4.379999999999999005e+00 1.294675752000000024e+01 1.698091653999999835e+03 1.805981299999999919e+03
4.384999999999999787e+00 1.291268808000000057e+01 1.698375565999999935e+03 1.805981299999999919e+03
4.389999999999998792e+00 1.296342191999999827e+01 1.697952783999999838e+03 1.805981299999999919e+03
4.394999999999999574e+00 1.290713328000000004e+01 1.698421855999999934e+03 1.805981299999999919e+03
4.400000000000000355e+00 1.294083239999999790e+01 1.698141030000000001e+03 1.805981299999999919e+03
4.404999999999999361e+00 1.292416799999999988e+01 1.698279899999999998e+03 1.805981299999999919e+03
4.410000000000000142e+00 1.295231232000000077e+01 1.698045363999999836e+03 1.805981299999999919e+03
4.414999999999999147e+00 1.291824287999999754e+01 1.698329275999999936e+03 1.805981299999999919e+03
4.419999999999999929e+00 1.287898895999999915e+01 1.698656391999999869e+03 1.805981299999999919e+03
4.424999999999998934e+00 1.289009856000000021e+01 1.698563811999999871e+03 1.805981299999999919e+03
4.429999999999999716e+00 1.291268808000000057e+01 1.698375565999999935e+03 1.805981299999999919e+03
4.434999999999998721e+00 1.290713328000000004e+01 1.698421855999999934e+03 1.805981299999999919e+03
4.439999999999999503e+00 1.292416799999999988e+01 1.698279899999999998e+03 1.805981299999999919e+03
4.445000000000000284e+00 1.294675752000000024e+01 1.698091653999999835e+03 1.805981299999999919e+03
4.449999999999999289e+00 1.287898895999999915e+01 1.698656391999999869e+03 1.805981299999999919e+03
4.455000000000000071e+00 1.289009856000000021e+01 1.698563811999999871e+03 1.805981299999999919e+03
4.459999999999999076e+00 1.284491952000000126e+01 1.698940303999999969e+03 1.805981299999999919e+03
4.464999999999999858e+00 1.283936472000000073e+01 1.698986593999999968e+03 1.805981299999999919e+03
4.469999999999998863e+00 1.283936472000000073e+01 1.698986593999999968e+03 1.805981299999999919e+03
4.474999999999999645e+00 1.286195424000000109e+01 1.698798347999999805e+03 1.805981299999999919e+03
4.479999999999998650e+00 1.286750903999999984e+01 1.698752058000000034e+03 1.805981299999999919e+03
4.484999999999999432e+00 1.290157847999999952e+01 1.698468145999999933e+03 1.805981299999999919e+03
4.490000000000000213e+00 1.288454375999999968e+01 1.698610101999999870e+03 1.805981299999999919e+03
4.494999999999999218e+00 1.289009856000000021e+01 1.698563811999999871e+03 1.805981299999999919e+03
4.500000000000000000e+00 1.287306383999999682e+01 1.698705768000000035e+03 1.805981299999999919e+03
4.504999999999999005e+00 1.289009856000000021e+01 1.698563811999999871e+03 1.805981299999999919e+03
4.509999999999999787e+00 1.289009856000000021e+01 1.698563811999999871e+03 1.805981299999999919e+03
4.514999999999998792e+00 1.291824287999999754e+01 1.698329275999999936e+03 1.805981299999999919e+03
4.519999999999999574e+00 1.292416799999999988e+01 1.698279899999999998e+03 1.805981299999999919e+03
4.525000000000000355e+00 1.290157847999999952e+01 1.698468145999999933e+03 1.805981299999999919e+03
4.529999999999999361e+00 1.281677520000000037e+01 1.699174839999999904e+03 1.805981299999999919e+03
4.535000000000000142e+00 1.281085007999999803e+01 1.699224215999999842e+03 1.805981299999999919e+03
4.539999999999999147e+00 1.285639944000000057e+01 1.698844637999999804e+03 1.805981299999999919e+03
4.544999999999999929e+00 1.286750903999999984e+01 1.698752058000000034e+03 1.805981299999999919e+03
4.549999999999998934e+00 1.292972280000000040e+01 1.698233609999999999e+03 1.805981299999999919e+03
4.554999999999999716e+00 1.288454375999999968e+01 1.698610101999999870e+03 1.805981299999999919e+03
4.559999999999998721e+00 1.290713328000000004e+01 1.698421855999999934e+03 1.805981299999999919e+03
4.564999999999999503e+00 1.285639944000000057e+01 1.698844637999999804e+03 1.805981299999999919e+03
4.570000000000000284e+00 1.282233000000000089e+01 1.699128549999999905e+03 1.805981299999999919e+03
4.574999999999999289e+00 1.283936472000000073e+01 1.698986593999999968e+03 1.805981299999999919e+03
4.580000000000000071e+00 1.282788479999999787e+01 1.699082259999999906e+03 1.805981299999999919e+03
4.584999999999999076e+00 1.284491952000000126e+01 1.698940303999999969e+03 1.805981299999999919e+03
4.589999999999999858e+00 1.283936472000000073e+01 1.698986593999999968e+03 1.805981299999999919e+03
4.594999999999998863e+00 1.282788479999999787e+01 1.699082259999999906e+03 1.805981299999999919e+03
4.599999999999999645e+00 1.279974047999999698e+01 1.699316795999999840e+03 1.805981299999999919e+03
4.604999999999998650e+00 1.279418568000000000e+01 1.699363085999999839e+03 1.805981299999999919e+03
4.609999999999999432e+00 1.280529527999999750e+01 1.699270505999999841e+03 1.805981299999999919e+03
4.615000000000000213e+00 1.279974047999999698e+01 1.699316795999999840e+03 1.805981299999999919e+03
4.619999999999999218e+00 1.284491952000000126e+01 1.698940303999999969e+03 1.805981299999999919e+03
4.625000000000000000e+00 1.282788479999999787e+01 1.699082259999999906e+03 1.805981299999999919e+03
4.629999999999999005e+00 1.278270575999999714e+01 1.699458752000000004e+03 1.805981299999999919e+03
4.634999999999999787e+00 1.282788479999999787e+01 1.699082259999999906e+03 1.805981299999999919e+03
4.639999999999998792e+00 1.283936472000000073e+01 1.698986593999999968e+03 1.805981299999999919e+03
4.644999999999999574e+00 1.279418568000000000e+01 1.699363085999999839e+03 1.805981299999999919e+03
4.650000000000000355e+00 1.273752671999999819e+01 1.699835243999999875e+03 1.805981299999999919e+03
4.654999999999999361e+00 1.280529527999999750e+01 1.699270505999999841e+03 1.805981299999999919e+03
4.660000000000000142e+00 1.280529527999999750e+01 1.699270505999999841e+03 1.805981299999999919e+03
4.664999999999999147e+00 1.276011623999999678e+01 1.699646997999999940e+03 1.805981299999999919e+03
4.669999999999999929e+00 1.282788479999999787e+01 1.699082259999999906e+03 1.805981299999999919e+03
4.674999999999998934e+00 1.282788479999999787e+01 1.699082259999999906e+03 1.805981299999999919e+03
4.679999999999999716e+00 1.280529527999999750e+01 1.699270505999999841e+03 1.805981299999999919e+03
4.684999999999998721e+00 1.279974047999999698e+01 1.699316795999999840e+03 1.805981299999999919e+03
4.689999999999999503e+00 1.276567103999999730e+01 1.699600707999999941e+03 1.805981299999999919e+03
4.695000000000000284e+00 1.279418568000000000e+01 1.699363085999999839e+03 1.805981299999999919e+03
4.699999999999999289e+00 1.286195424000000109e+01 1.698798347999999805e+03 1.805981299999999919e+03
4.705000000000000071e+00 1.279418568000000000e+01 1.699363085999999839e+03 1.805981299999999919e+03
4.709999999999999076e+00 1.278270575999999714e+01 1.699458752000000004e+03 1.805981299999999919e+03
4.714999999999999858e+00 1.279418568000000000e+01 1.699363085999999839e+03 1.805981299999999919e+03
4.719999999999998863e+00 1.276567103999999730e+01 1.699600707999999941e+03 1.805981299999999919e+03
4.724999999999999645e+00 1.277159615999999964e+01 1.699551332000000002e+03 1.805981299999999919e+03
4.729999999999998650e+00 1.278826055999999767e+01 1.699412462000000005e+03 1.805981299999999919e+03
4.734999999999999432e+00 1.267531295999999763e+01 1.700353691999999910e+03 1.805981299999999919e+03
4.740000000000000213e+00 1.271493719999999783e+01 1.700023490000000038e+03 1.805981299999999919e+03
4.744999999999999218e+00 1.277715095999999662e+01 1.699505042000000003e+03 1.805981299999999919e+03
4.750000000000000000e+00 1.277159615999999964e+01 1.699551332000000002e+03 1.805981299999999919e+03
4.754999999999999005e+00 1.283936472000000073e+01 1.698986593999999968e+03 1.805981299999999919e+03
4.759999999999999787e+00 1.285047431999999823e+01 1.698894013999999970e+03 1.805981299999999919e+03
4.764999999999998792e+00 1.278270575999999714e+01 1.699458752000000004e+03 1.805981299999999919e+03
4.769999999999999574e+00 1.276011623999999678e+01 1.699646997999999940e+03 1.805981299999999919e+03
4.775000000000000355e+00 1.276567103999999730e+01 1.699600707999999941e+03 1.805981299999999919e+03
4.779999999999999361e+00 1.274308151999999694e+01 1.699788953999999876e+03 1.805981299999999919e+03
4.785000000000000142e+00 1.274308151999999694e+01 1.699788953999999876e+03 1.805981299999999919e+03
4.789999999999999147e+00 1.272641712000000069e+01 1.699927823999999873e+03 1.805981299999999919e+03
4.794999999999999929e+00 1.275456143999999803e+01 1.699693287999999939e+03 1.805981299999999919e+03
4.799999999999998934e+00 1.273752671999999819e+01 1.699835243999999875e+03 1.805981299999999919e+03
4.804999999999999716e+00 1.276567103999999730e+01 1.699600707999999941e+03 1.805981299999999919e+03
4.809999999999998721e+00 1.275456143999999803e+01 1.699693287999999939e+03 1.805981299999999919e+03
4.814999999999999503e+00 1.276011623999999678e+01 1.699646997999999940e+03 1.805981299999999919e+03
4.820000000000000284e+00 1.275456143999999803e+01 1.699693287999999939e+03 1.805981299999999919e+03
4.824999999999999289e+00 1.279974047999999698e+01 1.699316795999999840e+03 1.805981299999999919e+03
4.830000000000000071e+00 1.282233000000000089e+01 1.699128549999999905e+03 1.805981299999999919e+03
4.834999999999999076e+00 1.282788479999999787e+01 1.699082259999999906e+03 1.805981299999999919e+03
4.839999999999999858e+00 1.277715095999999662e+01 1.699505042000000003e+03 1.805981299999999919e+03
4.844999999999998863e+00 1.277159615999999964e+01 1.699551332000000002e+03 1.805981299999999919e+03
4.849999999999999645e+00 1.277159615999999964e+01 1.699551332000000002e+03 1.805981299999999919e+03
4.854999999999998650e+00 1.274308151999999694e+01 1.699788953999999876e+03 1.805981299999999919e+03
4.859999999999999432e+00 1.274900664000000106e+01 1.699739577999999938e+03 1.805981299999999919e+03
4.865000000000000213e+00 1.273752671999999819e+01 1.699835243999999875e+03 1.805981299999999919e+03
4.869999999999999218e+00 1.270938239999999730e+01 1.700069780000000037e+03 1.805981299999999919e+03
4.875000000000000000e+00 1.273197191999999767e+01 1.699881533999999874e+03 1.805981299999999919e+03
4.879999999999999005e+00 1.270938239999999730e+01 1.700069780000000037e+03 1.805981299999999919e+03
4.884999999999999787e+00 1.269234767999999747e+01 1.700211735999999974e+03 1.805981299999999919e+03
4.889999999999998792e+00 1.268086775999999816e+01 1.700307401999999911e+03 1.805981299999999919e+03
4.894999999999999574e+00 1.272641712000000069e+01 1.699927823999999873e+03 1.805981299999999919e+03
4.900000000000000355e+00 1.268679287999999694e+01 1.700258025999999973e+03 1.805981299999999919e+03
4.904999999999999361e+00 1.273197191999999767e+01 1.699881533999999874e+03 1.805981299999999919e+03
4.910000000000000142e+00 1.277715095999999662e+01 1.699505042000000003e+03 1.805981299999999919e+03
4.914999999999999147e+00 1.268086775999999816e+01 1.700307401999999911e+03 1.805981299999999919e+03
4.919999999999999929e+00 1.271493719999999783e+01 1.700023490000000038e+03 1.805981299999999919e+03
4.924999999999998934e+00 1.276567103999999730e+01 1.699600707999999941e+03 1.805981299999999919e+03
4.929999999999999716e+00 1.268086775999999816e+01 1.700307401999999911e+03 1.805981299999999919e+03
4.934999999999998721e+00 1.265272343999999727e+01 1.700541937999999845e+03 1.805981299999999919e+03
4.939999999999999503e+00 1.269790247999999799e+01 1.700165445999999974e+03 1.805981299999999919e+03
4.945000000000000284e+00 1.270345727999999852e+01 1.700119155999999975e+03 1.805981299999999919e+03
4.949999999999999289e+00 1.269234767999999747e+01 1.700211735999999974e+03 1.805981299999999919e+03
4.955000000000000071e+00 1.268679287999999694e+01 1.700258025999999973e+03 1.805981299999999919e+03
4.959999999999999076e+00 1.272641712000000069e+01 1.699927823999999873e+03 1.805981299999999919e+03
4.964999999999999858e+00 1.263013391999999691e+01 1.700730184000000008e+03 1.805981299999999919e+03
4.969999999999998863e+00 1.274308151999999694e+01 1.699788953999999876e+03 1.805981299999999919e+03
4.974999999999999645e+00 1.273197191999999767e+01 1.699881533999999874e+03 1.805981299999999919e+03
4.979999999999998650e+00 1.272049199999999836e+01 1.699977199999999812e+03 1.805981299999999919e+03
4.984999999999999432e+00 1.274308151999999694e+01 1.699788953999999876e+03 1.805981299999999919e+03
4.990000000000000213e+00 1.271493719999999783e+01 1.700023490000000038e+03 1.805981299999999919e+03
4.994999999999999218e+00 1.264716863999999674e+01 1.700588227999999845e+03 1.805981299999999919e+03
5.000000000000000000e+00 1.270938239999999730e+01 1.700069780000000037e+03 1.805981299999999919e+03
5.004999999999999005e+00 1.269234767999999747e+01 1.700211735999999974e+03 1.805981299999999919e+03
5.009999999999999787e+00 1.274900664000000106e+01 1.699739577999999938e+03 1.805981299999999919e+03
5.014999999999998792e+00 1.269234767999999747e+01 1.700211735999999974e+03 1.805981299999999919e+03
5.019999999999999574e+00 1.269790247999999799e+01 1.700165445999999974e+03 1.805981299999999919e+03
5.025000000000000355e+00 1.270938239999999730e+01 1.700069780000000037e+03 1.805981299999999919e+03
5.029999999999999361e+00 1.276011623999999678e+01 1.699646997999999940e+03 1.805981299999999919e+03
5.035000000000000142e+00 1.265827823999999779e+01 1.700495647999999846e+03 1.805981299999999919e+03
5.039999999999999147e+00 1.264161383999999799e+01 1.700634517999999844e+03 1.805981299999999919e+03
5.044999999999999929e+00 1.268679287999999694e+01 1.700258025999999973e+03 1.805981299999999919e+03
5.049999999999998934e+00 1.267531295999999763e+01 1.700353691999999910e+03 1.805981299999999919e+03
5.054999999999999716e+00 1.268086775999999816e+01 1.700307401999999911e+03 1.805981299999999919e+03
5.059999999999998721e+00 1.272049199999999836e+01 1.699977199999999812e+03 1.805981299999999919e+03
5.064999999999999503e+00 1.272641712000000069e+01 1.699927823999999873e+03 1.805981299999999919e+03
5.070000000000000284e+00 1.264161383999999799e+01 1.700634517999999844e+03 1.805981299999999919e+03
5.074999999999999289e+00 1.266420335999999658e+01 1.700446271999999908e+03 1.805981299999999919e+03
5.080000000000000071e+00 1.264716863999999674e+01 1.700588227999999845e+03 1.805981299999999919e+03
5.084999999999999076e+00 1.262457911999999816e+01 1.700776474000000007e+03 1.805981299999999919e+03
5.089999999999999858e+00 1.264161383999999799e+01 1.700634517999999844e+03 1.805981299999999919e+03
5.094999999999998863e+00 1.269790247999999799e+01 1.700165445999999974e+03 1.805981299999999919e+03
5.099999999999999645e+00 1.268086775999999816e+01 1.700307401999999911e+03 1.805981299999999919e+03
5.104999999999998650e+00 1.265272343999999727e+01 1.700541937999999845e+03 1.805981299999999919e+03
5.109999999999999432e+00 1.267531295999999763e+01 1.700353691999999910e+03 1.805981299999999919e+03
5.115000000000000213e+00 1.266420335999999658e+01 1.700446271999999908e+03 1.805981299999999919e+03
5.119999999999999218e+00 1.266975815999999710e+01 1.700399981999999909e+03 1.805981299999999919e+03
5.125000000000000000e+00 1.264716863999999674e+01 1.700588227999999845e+03 1.805981299999999919e+03
5.129999999999999005e+00 1.261309919999999885e+01 1.700872139999999945e+03 1.805981299999999919e+03
5.134999999999999787e+00 1.264716863999999674e+01 1.700588227999999845e+03 1.805981299999999919e+03
5.139999999999998792e+00 1.267531295999999763e+01 1.700353691999999910e+03 1.805981299999999919e+03
5.144999999999999574e+00 1.268086775999999816e+01 1.700307401999999911e+03 1.805981299999999919e+03
5.150000000000000355e+00 1.264161383999999799e+01 1.700634517999999844e+03 1.805981299999999919e+03
5.154999999999999361e+00 1.263013391999999691e+01 1.700730184000000008e+03 1.805981299999999919e+03
5.160000000000000142e+00 1.268086775999999816e+01 1.700307401999999911e+03 1.805981299999999919e+03
5.164999999999999147e+00 1.265272343999999727e+01 1.700541937999999845e+03 1.805981299999999919e+03
5.169999999999999929e+00 1.259643479999999727e+01 1.701011009999999942e+03 1.805981299999999919e+03
5.174999999999998934e+00 1.266975815999999710e+01 1.700399981999999909e+03 1.805981299999999919e+03
5.179999999999999716e+00 1.267531295999999763e+01 1.700353691999999910e+03 1.805981299999999919e+03
5.184999999999998721e+00 1.264716863999999674e+01 1.700588227999999845e+03 1.805981299999999919e+03
5.189999999999999503e+00 1.261902431999999763e+01 1.700822764000000006e+03 1.805981299999999919e+03
5.195000000000000284e+00 1.257940007999999743e+01 1.701152965999999878e+03 1.805981299999999919e+03
5.199999999999999289e+00 1.260198959999999779e+01 1.700964719999999943e+03 1.805981299999999919e+03
5.205000000000000071e+00 1.265272343999999727e+01 1.700541937999999845e+03 1.805981299999999919e+03
5.209999999999999076e+00 1.261902431999999763e+01 1.700822764000000006e+03 1.805981299999999919e+03
5.214999999999999858e+00 1.257940007999999743e+01 1.701152965999999878e+03 1.805981299999999919e+03
5.219999999999998863e+00 1.260198959999999779e+01 1.700964719999999943e+03 1.805981299999999919e+03
5.224999999999999645e+00 1.261309919999999885e+01 1.700872139999999945e+03 1.805981299999999919e+03
5.229999999999998650e+00 1.264161383999999799e+01 1.700634517999999844e+03 1.805981299999999919e+03
5.234999999999999432e+00 1.257940007999999743e+01 1.701152965999999878e+03 1.805981299999999919e+03
5.240000000000000213e+00 1.257940007999999743e+01 1.701152965999999878e+03 1.805981299999999919e+03
5.244999999999999218e+00 1.259643479999999727e+01 1.701011009999999942e+03 1.805981299999999919e+03
5.250000000000000000e+00 1.259643479999999727e+01 1.701011009999999942e+03 1.805981299999999919e+03
5.254999999999999005e+00 1.259643479999999727e+01 1.701011009999999942e+03 1.805981299999999919e+03
5.259999999999999787e+00 1.260198959999999779e+01 1.700964719999999943e+03 1.805981299999999919e+03
5.264999999999998792e+00 1.256792015999999812e+01 1.701248631999999816e+03 1.805981299999999919e+03
5.269999999999999574e+00 1.255088543999999828e+01 1.701390587999999980e+03 1.805981299999999919e+03
5.275000000000000355e+00 1.251718631999999687e+01 1.701671413999999913e+03 1.805981299999999919e+03
5.279999999999999361e+00 1.258495487999999796e+01 1.701106675999999879e+03 1.805981299999999919e+03
5.285000000000000142e+00 1.258495487999999796e+01 1.701106675999999879e+03 1.805981299999999919e+03
5.289999999999999147e+00 1.257940007999999743e+01 1.701152965999999878e+03 1.805981299999999919e+03
5.294999999999999929e+00 1.254533063999999776e+01 1.701436877999999979e+03 1.805981299999999919e+03
5.299999999999998934e+00 1.257940007999999743e+01 1.701152965999999878e+03 1.805981299999999919e+03
5.304999999999999716e+00 1.259050967999999848e+01 1.701060385999999880e+03 1.805981299999999919e+03
5.309999999999998721e+00 1.258495487999999796e+01 1.701106675999999879e+03 1.805981299999999919e+03
5.314999999999999503e+00 1.257384527999999690e+01 1.701199255999999878e+03 1.805981299999999919e+03
5.320000000000000284e+00 1.260754439999999832e+01 1.700918429999999944e+03 1.805981299999999919e+03
5.324999999999999289e+00 1.259050967999999848e+01 1.701060385999999880e+03 1.805981299999999919e+03
5.330000000000000071e+00 1.255088543999999828e+01 1.701390587999999980e+03 1.805981299999999919e+03
5.334999999999999076e+00 1.254533063999999776e+01 1.701436877999999979e+03 1.805981299999999919e+03
5.339999999999999858e+00 1.255681055999999707e+01 1.701341212000000041e+03 1.805981299999999919e+03
5.344999999999998863e+00 1.250570639999999756e+01 1.701767079999999851e+03 1.805981299999999919e+03
5.349999999999999645e+00 1.254533063999999776e+01 1.701436877999999979e+03 1.805981299999999919e+03
5.354999999999998650e+00 1.254533063999999776e+01 1.701436877999999979e+03 1.805981299999999919e+03
5.359999999999999432e+00 1.260198959999999779e+01 1.700964719999999943e+03 1.805981299999999919e+03
5.365000000000000213e+00 1.253977583999999723e+01 1.701483167999999978e+03 1.805981299999999919e+03
5.369999999999999218e+00 1.254533063999999776e+01 1.701436877999999979e+03 1.805981299999999919e+03
5.375000000000000000e+00 1.256236535999999759e+01 1.701294922000000042e+03 1.805981299999999919e+03
5.379999999999999005e+00 1.252829591999999792e+01 1.701578833999999915e+03 1.805981299999999919e+03
5.384999999999999787e+00 1.255088543999999828e+01 1.701390587999999980e+03 1.805981299999999919e+03
5.389999999999998792e+00 1.256236535999999759e+01 1.701294922000000042e+03 1.805981299999999919e+03
5.394999999999999574e+00 1.255681055999999707e+01 1.701341212000000041e+03 1.805981299999999919e+03
5.400000000000000355e+00 1.252829591999999792e+01 1.701578833999999915e+03 1.805981299999999919e+03
5.404999999999999361e+00 1.254533063999999776e+01 1.701436877999999979e+03 1.805981299999999919e+03
5.410000000000000142e+00 1.256792015999999812e+01 1.701248631999999816e+03 1.805981299999999919e+03
5.414999999999999147e+00 1.253977583999999723e+01 1.701483167999999978e+03 1.805981299999999919e+03
5.419999999999999929e+00 1.250015159999999881e+01 1.701813369999999850e+03 1.805981299999999919e+03
5.424999999999998934e+00 1.254533063999999776e+01 1.701436877999999979e+03 1.805981299999999919e+03
5.429999999999999716e+00 1.255681055999999707e+01 1.701341212000000041e+03 1.805981299999999919e+03
5.434999999999998721e+00 1.252829591999999792e+01 1.701578833999999915e+03 1.805981299999999919e+03
5.439999999999999503e+00 1.257940007999999743e+01 1.701152965999999878e+03 1.805981299999999919e+03
5.445000000000000284e+00 1.256792015999999812e+01 1.701248631999999816e+03 1.805981299999999919e+03
5.449999999999999289e+00 1.255088543999999828e+01 1.701390587999999980e+03 1.805981299999999919e+03
5.455000000000000071e+00 1.253977583999999723e+01 1.701483167999999978e+03 1.805981299999999919e+03
5.459999999999999076e+00 1.254533063999999776e+01 1.701436877999999979e+03 1.805981299999999919e+03
5.464999999999999858e+00 1.251718631999999687e+01 1.701671413999999913e+03 1.805981299999999919e+03
5.469999999999998863e+00 1.255088543999999828e+01 1.701390587999999980e+03 1.805981299999999919e+03
5.474999999999999645e+00 1.255681055999999707e+01 1.701341212000000041e+03 1.805981299999999919e+03
5.479999999999998650e+00 1.255088543999999828e+01 1.701390587999999980e+03 1.805981299999999919e+03
5.484999999999999432e+00 1.252829591999999792e+01 1.701578833999999915e+03 1.805981299999999919e+03
5.490000000000000213e+00 1.254533063999999776e+01 1.701436877999999979e+03 1.805981299999999919e+03
5.494999999999999218e+00 1.247200727999999792e+01 1.702047906000000012e+03 1.805981299999999919e+03
5.500000000000000000e+00 1.250015159999999881e+01 1.701813369999999850e+03 1.805981299999999919e+03
5.504999999999999005e+00 1.253422103999999671e+01 1.701529457999999977e+03 1.805981299999999919e+03
5.509999999999999787e+00 1.255681055999999707e+01 1.701341212000000041e+03 1.805981299999999919e+03
5.514999999999998792e+00 1.256236535999999759e+01 1.701294922000000042e+03 1.805981299999999919e+03
5.519999999999999574e+00 1.252829591999999792e+01 1.701578833999999915e+03 1.805981299999999919e+03
5.525000000000000355e+00 1.256792015999999812e+01 1.701248631999999816e+03 1.805981299999999919e+03
5.529999999999999361e+00 1.255681055999999707e+01 1.701341212000000041e+03 1.805981299999999919e+03
5.535000000000000142e+00 1.248311687999999897e+01 1.701955326000000014e+03 1.805981299999999919e+03
5.539999999999999147e+00 1.249459679999999828e+01 1.701859659999999849e+03 1.805981299999999919e+03
5.544999999999999929e+00 1.255681055999999707e+01 1.701341212000000041e+03 1.805981299999999919e+03
5.549999999999998934e+00 1.252274111999999739e+01 1.701625123999999914e+03 1.805981299999999919e+03
5.554999999999999716e+00 1.246052735999999861e+01 1.702143571999999949e+03 1.805981299999999919e+03
5.559999999999998721e+00 1.250570639999999756e+01 1.701767079999999851e+03 1.805981299999999919e+03
5.564999999999999503e+00 1.250570639999999756e+01 1.701767079999999851e+03 1.805981299999999919e+03
5.570000000000000284e+00 1.247200727999999792e+01 1.702047906000000012e+03 1.805981299999999919e+03
5.574999999999999289e+00 1.247200727999999792e+01 1.702047906000000012e+03 1.805981299999999919e+03
5.580000000000000071e+00 1.243238303999999772e+01 1.702378107999999884e+03 1.805981299999999919e+03
5.584999999999999076e+00 1.248904199999999776e+01 1.701905949999999848e+03 1.805981299999999919e+03
5.589999999999999858e+00 1.245497255999999808e+01 1.702189861999999948e+03 1.805981299999999919e+03
5.594999999999998863e+00 1.246052735999999861e+01 1.702143571999999949e+03 1.805981299999999919e+03
5.599999999999999645e+00 1.239831359999999805e+01 1.702662019999999984e+03 1.805981299999999919e+03
5.604999999999998650e+00 1.246645247999999739e+01 1.702094196000000011e+03 1.805981299999999919e+03
5.609999999999999432e+00 1.247756207999999845e+01 1.702001616000000013e+03 1.805981299999999919e+03
5.615000000000000213e+00 1.249459679999999828e+01 1.701859659999999849e+03 1.805981299999999919e+03
5.619999999999999218e+00 1.252274111999999739e+01 1.701625123999999914e+03 1.805981299999999919e+03
5.625000000000000000e+00 1.251163151999999812e+01 1.701717703999999912e+03 1.805981299999999919e+03
5.629999999999999005e+00 1.248311687999999897e+01 1.701955326000000014e+03 1.805981299999999919e+03
5.634999999999999787e+00 1.244386295999999703e+01 1.702282441999999946e+03 1.805981299999999919e+03
5.639999999999998792e+00 1.247756207999999845e+01 1.702001616000000013e+03 1.805981299999999919e+03
5.644999999999999574e+00 1.241534831999999788e+01 1.702520063999999820e+03 1.805981299999999919e+03
5.650000000000000355e+00 1.247200727999999792e+01 1.702047906000000012e+03 1.805981299999999919e+03
5.654999999999999361e+00 1.247756207999999845e+01 1.702001616000000013e+03 1.805981299999999919e+03
5.660000000000000142e+00 1.248311687999999897e+01 1.701955326000000014e+03 1.805981299999999919e+03
5.664999999999999147e+00 1.248904199999999776e+01 1.701905949999999848e+03 1.805981299999999919e+03
5.669999999999999929e+00 1.244941775999999756e+01 1.702236151999999947e+03 1.805981299999999919e+03
5.674999999999998934e+00 1.245497255999999808e+01 1.702189861999999948e+03 1.805981299999999919e+03
5.679999999999999716e+00 1.244941775999999756e+01 1.702236151999999947e+03 1.805981299999999919e+03
5.684999999999998721e+00 1.240423871999999683e+01 1.702612644000000046e+03 1.805981299999999919e+03
5.689999999999999503e+00 1.244386295999999703e+01 1.702282441999999946e+03 1.805981299999999919e+03
5.695000000000000284e+00 1.245497255999999808e+01 1.702189861999999948e+03 1.805981299999999919e+03
5.699999999999999289e+00 1.250015159999999881e+01 1.701813369999999850e+03 1.805981299999999919e+03
5.705000000000000071e+00 1.241534831999999788e+01 1.702520063999999820e+03 1.805981299999999919e+03
5.709999999999999076e+00 1.238720399999999877e+01 1.702754599999999982e+03 1.805981299999999919e+03
5.714999999999999858e+00 1.239831359999999805e+01 1.702662019999999984e+03 1.805981299999999919e+03
5.719999999999998863e+00 1.242682823999999719e+01 1.702424397999999883e+03 1.805981299999999919e+03
5.724999999999999645e+00 1.239275879999999752e+01 1.702708309999999983e+03 1.805981299999999919e+03
5.729999999999998650e+00 1.242090311999999841e+01 1.702473774000000049e+03 1.805981299999999919e+03
5.734999999999999432e+00 1.244386295999999703e+01 1.702282441999999946e+03 1.805981299999999919e+03
5.740000000000000213e+00 1.238164919999999825e+01 1.702800889999999981e+03 1.805981299999999919e+03
5.744999999999999218e+00 1.241534831999999788e+01 1.702520063999999820e+03 1.805981299999999919e+03
5.750000000000000000e+00 1.237572407999999946e+01 1.702850265999999920e+03 1.805981299999999919e+03
5.754999999999999005e+00 1.249459679999999828e+01 1.701859659999999849e+03 1.805981299999999919e+03
5.759999999999999787e+00 1.243793783999999825e+01 1.702331817999999885e+03 1.805981299999999919e+03
5.764999999999998792e+00 1.243238303999999772e+01 1.702378107999999884e+03 1.805981299999999919e+03
5.769999999999999574e+00 1.247756207999999845e+01 1.702001616000000013e+03 1.805981299999999919e+03
5.775000000000000355e+00 1.249459679999999828e+01 1.701859659999999849e+03 1.805981299999999919e+03
5.779999999999999361e+00 1.247200727999999792e+01 1.702047906000000012e+03 1.805981299999999919e+03
5.785000000000000142e+00 1.239275879999999752e+01 1.702708309999999983e+03 1.805981299999999919e+03
5.789999999999999147e+00 1.239831359999999805e+01 1.702662019999999984e+03 1.805981299999999919e+03
5.794999999999999929e+00 1.236461447999999841e+01 1.702942845999999918e+03 1.805981299999999919e+03
5.799999999999998934e+00 1.238164919999999825e+01 1.702800889999999981e+03 1.805981299999999919e+03
5.804999999999999716e+00 1.240979351999999736e+01 1.702566354000000047e+03 1.805981299999999919e+03
5.809999999999998721e+00 1.239275879999999752e+01 1.702708309999999983e+03 1.805981299999999919e+03
5.814999999999999503e+00 1.242090311999999841e+01 1.702473774000000049e+03 1.805981299999999919e+03
5.820000000000000284e+00 1.242682823999999719e+01 1.702424397999999883e+03 1.805981299999999919e+03
5.824999999999999289e+00 1.239831359999999805e+01 1.702662019999999984e+03 1.805981299999999919e+03
5.830000000000000071e+00 1.238164919999999825e+01 1.702800889999999981e+03 1.805981299999999919e+03
5.834999999999999076e+00 1.241534831999999788e+01 1.702520063999999820e+03 1.805981299999999919e+03
5.839999999999999858e+00 1.235313455999999910e+01 1.703038511999999855e+03 1.805981299999999919e+03
5.844999999999998863e+00 1.234757975999999857e+01 1.703084801999999854e+03 1.805981299999999919e+03
5.849999999999999645e+00 1.241534831999999788e+01 1.702520063999999820e+03 1.805981299999999919e+03
5.854999999999998650e+00 1.237572407999999946e+01 1.702850265999999920e+03 1.805981299999999919e+03
5.859999999999999432e+00 1.242090311999999841e+01 1.702473774000000049e+03 1.805981299999999919e+03
5.865000000000000213e+00 1.233054503999999874e+01 1.703226758000000018e+03 1.805981299999999919e+03
5.869999999999999218e+00 1.231388063999999716e+01 1.703365628000000015e+03 1.805981299999999919e+03
5.875000000000000000e+00 1.232499023999999821e+01 1.703273048000000017e+03 1.805981299999999919e+03
5.879999999999999005e+00 1.238720399999999877e+01 1.702754599999999982e+03 1.805981299999999919e+03
5.884999999999999787e+00 1.236461447999999841e+01 1.702942845999999918e+03 1.805981299999999919e+03
5.889999999999998792e+00 1.239275879999999752e+01 1.702708309999999983e+03 1.805981299999999919e+03
5.894999999999999574e+00 1.233647015999999752e+01 1.703177381999999852e+03 1.805981299999999919e+03
5.900000000000000355e+00 1.233647015999999752e+01 1.703177381999999852e+03 1.805981299999999919e+03
5.904999999999999361e+00 1.234202495999999805e+01 1.703131091999999853e+03 1.805981299999999919e+03
5.910000000000000142e+00 1.239275879999999752e+01 1.702708309999999983e+03 1.805981299999999919e+03
5.914999999999999147e+00 1.237572407999999946e+01 1.702850265999999920e+03 1.805981299999999919e+03
5.919999999999999929e+00 1.233054503999999874e+01 1.703226758000000018e+03 1.805981299999999919e+03
5.924999999999998934e+00 1.240423871999999683e+01 1.702612644000000046e+03 1.805981299999999919e+03
5.929999999999999716e+00 1.246052735999999861e+01 1.702143571999999949e+03 1.805981299999999919e+03
5.934999999999998721e+00 1.243793783999999825e+01 1.702331817999999885e+03 1.805981299999999919e+03
5.939999999999999503e+00 1.243238303999999772e+01 1.702378107999999884e+03 1.805981299999999919e+03
5.945000000000000284e+00 1.235313455999999910e+01 1.703038511999999855e+03 1.805981299999999919e+03
5.949999999999999289e+00 1.232499023999999821e+01 1.703273048000000017e+03 1.805981299999999919e+03
5.955000000000000071e+00 1.231388063999999716e+01 1.703365628000000015e+03 1.805981299999999919e+03
5.959999999999999076e+00 1.234757975999999857e+01 1.703084801999999854e+03 1.805981299999999919e+03
5.964999999999999858e+00 1.237016927999999893e+01 1.702896555999999919e+03 1.805981299999999919e+03
5.969999999999998863e+00 1.237016927999999893e+01 1.702896555999999919e+03 1.805981299999999919e+03
5.974999999999999645e+00 1.232499023999999821e+01 1.703273048000000017e+03 1.805981299999999919e+03
5.979999999999998650e+00 1.233054503999999874e+01 1.703226758000000018e+03 1.805981299999999919e+03
5.984999999999999432e+00 1.234202495999999805e+01 1.703131091999999853e+03 1.805981299999999919e+03
5.990000000000000213e+00 1.233647015999999752e+01 1.703177381999999852e+03 1.805981299999999919e+03
5.994999999999999218e+00 1.230795551999999837e+01 1.703415003999999954e+03 1.805981299999999919e+03
6.000000000000000000e+00 1.237572407999999946e+01 1.702850265999999920e+03 1.805981299999999919e+03
6.004999999999999005e+00 1.239831359999999805e+01 1.702662019999999984e+03 1.805981299999999919e+03
6.009999999999999787e+00 1.242682823999999719e+01 1.702424397999999883e+03 1.805981299999999919e+03
6.014999999999998792e+00 1.237572407999999946e+01 1.702850265999999920e+03 1.805981299999999919e+03
6.019999999999999574e+00 1.234202495999999805e+01 1.703131091999999853e+03 1.805981299999999919e+03
6.025000000000000355e+00 1.239275879999999752e+01 1.702708309999999983e+03 1.805981299999999919e+03
6.029999999999999361e+00 1.239831359999999805e+01 1.702662019999999984e+03 1.805981299999999919e+03
6.035000000000000142e+00 1.240423871999999683e+01 1.702612644000000046e+03 1.805981299999999919e+03
6.039999999999999147e+00 1.237016927999999893e+01 1.702896555999999919e+03 1.805981299999999919e+03
6.044999999999999929e+00 1.236461447999999841e+01 1.702942845999999918e+03 1.805981299999999919e+03
6.049999999999998934e+00 1.231388063999999716e+01 1.703365628000000015e+03 1.805981299999999919e+03
6.054999999999999716e+00 1.237572407999999946e+01 1.702850265999999920e+03 1.805981299999999919e+03
6.059999999999998721e+00 1.240979351999999736e+01 1.702566354000000047e+03 1.805981299999999919e+03
6.064999999999999503e+00 1.240423871999999683e+01 1.702612644000000046e+03 1.805981299999999919e+03
6.070000000000000284e+00 1.231388063999999716e+01 1.703365628000000015e+03 1.805981299999999919e+03
6.074999999999999289e+00 1.234757975999999857e+01 1.703084801999999854e+03 1.805981299999999919e+03
6.080000000000000071e+00 1.234757975999999857e+01 1.703084801999999854e+03 1.805981299999999919e+03
6.084999999999999076e+00 1.242090311999999841e+01 1.702473774000000049e+03 1.805981299999999919e+03
6.089999999999999858e+00 1.232499023999999821e+01 1.703273048000000017e+03 1.805981299999999919e+03
6.094999999999998863e+00 1.234757975999999857e+01 1.703084801999999854e+03 1.805981299999999919e+03
6.099999999999999645e+00 1.232499023999999821e+01 1.703273048000000017e+03 1.805981299999999919e+03
6.104999999999998650e+00 1.236461447999999841e+01 1.702942845999999918e+03 1.805981299999999919e+03
6.109999999999999432e+00 1.235905967999999788e+01 1.702989135999999917e+03 1.805981299999999919e+03
6.115000000000000213e+00 1.227981119999999748e+01 1.703649539999999888e+03 1.805981299999999919e+03
6.119999999999999218e+00 1.232499023999999821e+01 1.703273048000000017e+03 1.805981299999999919e+03
6.125000000000000000e+00 1.228536599999999801e+01 1.703603249999999889e+03 1.805981299999999919e+03
6.129999999999999005e+00 1.237016927999999893e+01 1.702896555999999919e+03 1.805981299999999919e+03
6.134999999999999787e+00 1.230795551999999837e+01 1.703415003999999954e+03 1.805981299999999919e+03
6.139999999999998792e+00 1.232499023999999821e+01 1.703273048000000017e+03 1.805981299999999919e+03
6.144999999999999574e+00 1.227425639999999873e+01 1.703695829999999887e+03 1.805981299999999919e+03
6.150000000000000355e+00 1.232499023999999821e+01 1.703273048000000017e+03 1.805981299999999919e+03
6.154999999999999361e+00 1.223463215999999854e+01 1.704026031999999987e+03 1.805981299999999919e+03
6.160000000000000142e+00 1.227425639999999873e+01 1.703695829999999887e+03 1.805981299999999919e+03
6.164999999999999147e+00 1.226833127999999817e+01 1.703745205999999826e+03 1.805981299999999919e+03
6.169999999999999929e+00 1.230240071999999785e+01 1.703461293999999953e+03 1.805981299999999919e+03
6.174999999999998934e+00 1.226277647999999942e+01 1.703791495999999825e+03 1.805981299999999919e+03
6.179999999999999716e+00 1.228536599999999801e+01 1.703603249999999889e+03 1.805981299999999919e+03
6.184999999999998721e+00 1.229129111999999679e+01 1.703553873999999951e+03 1.805981299999999919e+03
6.189999999999999503e+00 1.226277647999999942e+01 1.703791495999999825e+03 1.805981299999999919e+03
6.195000000000000284e+00 1.228536599999999801e+01 1.703603249999999889e+03 1.805981299999999919e+03
6.199999999999999289e+00 1.227425639999999873e+01 1.703695829999999887e+03 1.805981299999999919e+03
6.205000000000000071e+00 1.227981119999999748e+01 1.703649539999999888e+03 1.805981299999999919e+03
6.209999999999999076e+00 1.229684591999999732e+01 1.703507583999999952e+03 1.805981299999999919e+03
6.214999999999999858e+00 1.227981119999999748e+01 1.703649539999999888e+03 1.805981299999999919e+03
6.219999999999998863e+00 1.234202495999999805e+01 1.703131091999999853e+03 1.805981299999999919e+03
6.224999999999999645e+00 1.222907735999999801e+01 1.704072321999999986e+03 1.805981299999999919e+03
6.229999999999998650e+00 1.225166687999999837e+01 1.703884075999999823e+03 1.805981299999999919e+03
6.234999999999999432e+00 1.224574175999999959e+01 1.703933451999999988e+03 1.805981299999999919e+03
6.240000000000000213e+00 1.229684591999999732e+01 1.703507583999999952e+03 1.805981299999999919e+03
6.244999999999999218e+00 1.229684591999999732e+01 1.703507583999999952e+03 1.805981299999999919e+03
6.250000000000000000e+00 1.227981119999999748e+01 1.703649539999999888e+03 1.805981299999999919e+03
6.254999999999999005e+00 1.223463215999999854e+01 1.704026031999999987e+03 1.805981299999999919e+03
6.259999999999999787e+00 1.227425639999999873e+01 1.703695829999999887e+03 1.805981299999999919e+03
6.264999999999998792e+00 1.227981119999999748e+01 1.703649539999999888e+03 1.805981299999999919e+03
6.269999999999999574e+00 1.220648783999999765e+01 1.704260567999999921e+03 1.805981299999999919e+03
6.275000000000000355e+00 1.225722167999999890e+01 1.703837785999999824e+03 1.805981299999999919e+03
6.279999999999999361e+00 1.229129111999999679e+01 1.703553873999999951e+03 1.805981299999999919e+03
6.285000000000000142e+00 1.230795551999999837e+01 1.703415003999999954e+03 1.805981299999999919e+03
6.289999999999999147e+00 1.224018695999999906e+01 1.703979741999999987e+03 1.805981299999999919e+03
6.294999999999999929e+00 1.224574175999999959e+01 1.703933451999999988e+03 1.805981299999999919e+03
6.299999999999998934e+00 1.228536599999999801e+01 1.703603249999999889e+03 1.805981299999999919e+03
6.304999999999999716e+00 1.224018695999999906e+01 1.703979741999999987e+03 1.805981299999999919e+03
6.309999999999998721e+00 1.230795551999999837e+01 1.703415003999999954e+03 1.805981299999999919e+03
6.314999999999999503e+00 1.225166687999999837e+01 1.703884075999999823e+03 1.805981299999999919e+03
6.320000000000000284e+00 1.226833127999999817e+01 1.703745205999999826e+03 1.805981299999999919e+03
6.324999999999999289e+00 1.226277647999999942e+01 1.703791495999999825e+03 1.805981299999999919e+03
6.330000000000000071e+00 1.222315223999999922e+01 1.704121697999999924e+03 1.805981299999999919e+03
6.334999999999999076e+00 1.222315223999999922e+01 1.704121697999999924e+03 1.805981299999999919e+03
6.339999999999999858e+00 1.222907735999999801e+01 1.704072321999999986e+03 1.805981299999999919e+03
6.344999999999998863e+00 1.218389831999999728e+01 1.704448813999999857e+03 1.805981299999999919e+03
6.349999999999999645e+00 1.220056271999999886e+01 1.704309943999999859e+03 1.805981299999999919e+03
6.354999999999998650e+00 1.225166687999999837e+01 1.703884075999999823e+03 1.805981299999999919e+03
6.359999999999999432e+00 1.228536599999999801e+01 1.703603249999999889e+03 1.805981299999999919e+03
6.365000000000000213e+00 1.221204263999999817e+01 1.704214277999999922e+03 1.805981299999999919e+03
6.369999999999999218e+00 1.220648783999999765e+01 1.704260567999999921e+03 1.805981299999999919e+03
6.375000000000000000e+00 1.216130879999999870e+01 1.704637060000000019e+03 1.805981299999999919e+03
6.379999999999999005e+00 1.221759743999999870e+01 1.704167987999999923e+03 1.805981299999999919e+03
6.384999999999999787e+00 1.218945311999999781e+01 1.704402523999999858e+03 1.805981299999999919e+03
6.389999999999998792e+00 1.221759743999999870e+01 1.704167987999999923e+03 1.805981299999999919e+03
6.394999999999999574e+00 1.221204263999999817e+01 1.704214277999999922e+03 1.805981299999999919e+03
6.400000000000000355e+00 1.224018695999999906e+01 1.703979741999999987e+03 1.805981299999999919e+03
6.404999999999999361e+00 1.227425639999999873e+01 1.703695829999999887e+03 1.805981299999999919e+03
6.410000000000000142e+00 1.225722167999999890e+01 1.703837785999999824e+03 1.805981299999999919e+03
6.414999999999999147e+00 1.223463215999999854e+01 1.704026031999999987e+03 1.805981299999999919e+03
6.419999999999999929e+00 1.222907735999999801e+01 1.704072321999999986e+03 1.805981299999999919e+03
6.424999999999998934e+00 1.227981119999999748e+01 1.703649539999999888e+03 1.805981299999999919e+03
6.429999999999999716e+00 1.225166687999999837e+01 1.703884075999999823e+03 1.805981299999999919e+03
6.434999999999998721e+00 1.220648783999999765e+01 1.704260567999999921e+03 1.805981299999999919e+03
6.439999999999999503e+00 1.226277647999999942e+01 1.703791495999999825e+03 1.805981299999999919e+03
6.445000000000000284e+00 1.225722167999999890e+01 1.703837785999999824e+03 1.805981299999999919e+03
6.449999999999999289e+00 1.224018695999999906e+01 1.703979741999999987e+03 1.805981299999999919e+03
6.455000000000000071e+00 1.220056271999999886e+01 1.704309943999999859e+03 1.805981299999999919e+03
6.459999999999999076e+00 1.221204263999999817e+01 1.704214277999999922e+03 1.805981299999999919e+03
6.464999999999999858e+00 1.227425639999999873e+01 1.703695829999999887e+03 1.805981299999999919e+03
6.469999999999998863e+00 1.222907735999999801e+01 1.704072321999999986e+03 1.805981299999999919e+03
6.474999999999999645e+00 1.216130879999999870e+01 1.704637060000000019e+03 1.805981299999999919e+03
6.479999999999998650e+00 1.220648783999999765e+01 1.704260567999999921e+03 1.805981299999999919e+03
6.484999999999999432e+00 1.219500791999999834e+01 1.704356233999999858e+03 1.805981299999999919e+03
6.490000000000000213e+00 1.214982887999999939e+01 1.704732725999999957e+03 1.805981299999999919e+03
6.494999999999999218e+00 1.216686359999999745e+01 1.704590770000000020e+03 1.805981299999999919e+03
6.500000000000000000e+00 1.218389831999999728e+01 1.704448813999999857e+03 1.805981299999999919e+03
6.504999999999999005e+00 1.224574175999999959e+01 1.703933451999999988e+03 1.805981299999999919e+03
6.509999999999999787e+00 1.216130879999999870e+01 1.704637060000000019e+03 1.805981299999999919e+03
6.514999999999998792e+00 1.215538367999999814e+01 1.704686435999999958e+03 1.805981299999999919e+03
6.519999999999999574e+00 1.215538367999999814e+01 1.704686435999999958e+03 1.805981299999999919e+03
6.525000000000000355e+00 1.215538367999999814e+01 1.704686435999999958e+03 1.805981299999999919e+03
6.529999999999999361e+00 1.214982887999999939e+01 1.704732725999999957e+03 1.805981299999999919e+03
6.535000000000000142e+00 1.217241839999999797e+01 1.704544480000000021e+03 1.805981299999999919e+03
6.539999999999999147e+00 1.219500791999999834e+01 1.704356233999999858e+03 1.805981299999999919e+03
6.544999999999999929e+00 1.223463215999999854e+01 1.704026031999999987e+03 1.805981299999999919e+03
6.549999999999998934e+00 1.225722167999999890e+01 1.703837785999999824e+03 1.805981299999999919e+03
6.554999999999999716e+00 1.222907735999999801e+01 1.704072321999999986e+03 1.805981299999999919e+03
6.559999999999998721e+00 1.228536599999999801e+01 1.703603249999999889e+03 1.805981299999999919e+03
6.564999999999999503e+00 1.223463215999999854e+01 1.704026031999999987e+03 1.805981299999999919e+03
6.570000000000000284e+00 1.220056271999999886e+01 1.704309943999999859e+03 1.805981299999999919e+03
6.574999999999999289e+00 1.220056271999999886e+01 1.704309943999999859e+03 1.805981299999999919e+03
6.580000000000000071e+00 1.222907735999999801e+01 1.704072321999999986e+03 1.805981299999999919e+03
6.584999999999999076e+00 1.222315223999999922e+01 1.704121697999999924e+03 1.805981299999999919e+03
6.589999999999999858e+00 1.217241839999999797e+01 1.704544480000000021e+03 1.805981299999999919e+03
6.594999999999998863e+00 1.223463215999999854e+01 1.704026031999999987e+03 1.805981299999999919e+03
6.599999999999999645e+00 1.220648783999999765e+01 1.704260567999999921e+03 1.805981299999999919e+03
6.604999999999998650e+00 1.224018695999999906e+01 1.703979741999999987e+03 1.805981299999999919e+03
6.609999999999999432e+00 1.221759743999999870e+01 1.704167987999999923e+03 1.805981299999999919e+03
6.615000000000000213e+00 1.219500791999999834e+01 1.704356233999999858e+03 1.805981299999999919e+03
6.619999999999999218e+00 1.221759743999999870e+01 1.704167987999999923e+03 1.805981299999999919e+03
6.625000000000000000e+00 1.218389831999999728e+01 1.704448813999999857e+03 1.805981299999999919e+03
6.629999999999999005e+00 1.218945311999999781e+01 1.704402523999999858e+03 1.805981299999999919e+03
6.634999999999999787e+00 1.219500791999999834e+01 1.704356233999999858e+03 1.805981299999999919e+03
6.639999999999998792e+00 1.226833127999999817e+01 1.703745205999999826e+03 1.805981299999999919e+03
6.644999999999999574e+00 1.215538367999999814e+01 1.704686435999999958e+03 1.805981299999999919e+03
6.650000000000000355e+00 1.217241839999999797e+01 1.704544480000000021e+03 1.805981299999999919e+03
6.654999999999999361e+00 1.218945311999999781e+01 1.704402523999999858e+03 1.805981299999999919e+03
6.660000000000000142e+00 1.218389831999999728e+01 1.704448813999999857e+03 1.805981299999999919e+03
6.664999999999999147e+00 1.219500791999999834e+01 1.704356233999999858e+03 1.805981299999999919e+03
6.669999999999999929e+00 1.217241839999999797e+01 1.704544480000000021e+03 1.805981299999999919e+03
6.674999999999998934e+00 1.221204263999999817e+01 1.704214277999999922e+03 1.805981299999999919e+03
6.679999999999999716e+00 1.220648783999999765e+01 1.704260567999999921e+03 1.805981299999999919e+03
6.684999999999998721e+00 1.216686359999999745e+01 1.704590770000000020e+03 1.805981299999999919e+03
6.689999999999999503e+00 1.216686359999999745e+01 1.704590770000000020e+03 1.805981299999999919e+03
6.695000000000000284e+00 1.217797319999999850e+01 1.704498190000000022e+03 1.805981299999999919e+03
6.699999999999999289e+00 1.214982887999999939e+01 1.704732725999999957e+03 1.805981299999999919e+03
6.705000000000000071e+00 1.213834895999999830e+01 1.704828391999999894e+03 1.805981299999999919e+03
6.709999999999999076e+00 1.218945311999999781e+01 1.704402523999999858e+03 1.805981299999999919e+03
6.714999999999999858e+00 1.218945311999999781e+01 1.704402523999999858e+03 1.805981299999999919e+03
6.719999999999998863e+00 1.218945311999999781e+01 1.704402523999999858e+03 1.805981299999999919e+03
6.724999999999999645e+00 1.214982887999999939e+01 1.704732725999999957e+03 1.805981299999999919e+03
6.729999999999998650e+00 1.213834895999999830e+01 1.704828391999999894e+03 1.805981299999999919e+03
6.734999999999999432e+00 1.218945311999999781e+01 1.704402523999999858e+03 1.805981299999999919e+03
6.740000000000000213e+00 1.212168455999999850e+01 1.704967261999999891e+03 1.805981299999999919e+03
6.744999999999999218e+00 1.217797319999999850e+01 1.704498190000000022e+03 1.805981299999999919e+03
6.750000000000000000e+00 1.216686359999999745e+01 1.704590770000000020e+03 1.805981299999999919e+03
6.754999999999999005e+00 1.211575943999999971e+01 1.705016637999999830e+03 1.805981299999999919e+03
6.759999999999999787e+00 1.212723935999999902e+01 1.704920971999999892e+03 1.805981299999999919e+03
6.764999999999998792e+00 1.211020463999999919e+01 1.705062927999999829e+03 1.805981299999999919e+03
6.769999999999999574e+00 1.209316991999999935e+01 1.705204883999999993e+03 1.805981299999999919e+03
6.775000000000000355e+00 1.206502559999999846e+01 1.705439419999999927e+03 1.805981299999999919e+03
6.779999999999999361e+00 1.208761511999999883e+01 1.705251173999999992e+03 1.805981299999999919e+03
6.785000000000000142e+00 1.217241839999999797e+01 1.704544480000000021e+03 1.805981299999999919e+03
6.789999999999999147e+00 1.212168455999999850e+01 1.704967261999999891e+03 1.805981299999999919e+03
6.794999999999999929e+00 1.211020463999999919e+01 1.705062927999999829e+03 1.805981299999999919e+03
6.799999999999998934e+00 1.204799087999999863e+01 1.705581375999999864e+03 1.805981299999999919e+03
6.804999999999999716e+00 1.211575943999999971e+01 1.705016637999999830e+03 1.805981299999999919e+03
6.809999999999998721e+00 1.208761511999999883e+01 1.705251173999999992e+03 1.805981299999999919e+03
6.814999999999999503e+00 1.213279415999999955e+01 1.704874681999999893e+03 1.805981299999999919e+03
6.820000000000000284e+00 1.212723935999999902e+01 1.704920971999999892e+03 1.805981299999999919e+03
6.824999999999999289e+00 1.213279415999999955e+01 1.704874681999999893e+03 1.805981299999999919e+03
6.830000000000000071e+00 1.212168455999999850e+01 1.704967261999999891e+03 1.805981299999999919e+03
6.834999999999999076e+00 1.216686359999999745e+01 1.704590770000000020e+03 1.805981299999999919e+03
6.839999999999999858e+00 1.209909503999999814e+01 1.705155507999999827e+03 1.805981299999999919e+03
6.844999999999998863e+00 1.209909503999999814e+01 1.705155507999999827e+03 1.805981299999999919e+03
6.849999999999999645e+00 1.212723935999999902e+01 1.704920971999999892e+03 1.805981299999999919e+03
6.854999999999998650e+00 1.214982887999999939e+01 1.704732725999999957e+03 1.805981299999999919e+03
6.859999999999999432e+00 1.213834895999999830e+01 1.704828391999999894e+03 1.805981299999999919e+03
6.865000000000000213e+00 1.212723935999999902e+01 1.704920971999999892e+03 1.805981299999999919e+03
6.869999999999999218e+00 1.207650551999999777e+01 1.705343753999999990e+03 1.805981299999999919e+03
6.875000000000000000e+00 1.209316991999999935e+01 1.705204883999999993e+03 1.805981299999999919e+03
6.879999999999999005e+00 1.208761511999999883e+01 1.705251173999999992e+03 1.805981299999999919e+03
6.884999999999999787e+00 1.211575943999999971e+01 1.705016637999999830e+03 1.805981299999999919e+03
6.889999999999998792e+00 1.207650551999999777e+01 1.705343753999999990e+03 1.805981299999999919e+03
6.894999999999999574e+00 1.207650551999999777e+01 1.705343753999999990e+03 1.805981299999999919e+03
6.900000000000000355e+00 1.206502559999999846e+01 1.705439419999999927e+03 1.805981299999999919e+03
6.904999999999999361e+00 1.211575943999999971e+01 1.705016637999999830e+03 1.805981299999999919e+03
6.910000000000000142e+00 1.210464983999999866e+01 1.705109217999999828e+03 1.805981299999999919e+03
6.914999999999999147e+00 1.209316991999999935e+01 1.705204883999999993e+03 1.805981299999999919e+03
6.919999999999999929e+00 1.207650551999999777e+01 1.705343753999999990e+03 1.805981299999999919e+03
6.924999999999998934e+00 1.205947079999999794e+01 1.705485709999999926e+03 1.805981299999999919e+03
6.929999999999999716e+00 1.206502559999999846e+01 1.705439419999999927e+03 1.805981299999999919e+03
6.934999999999998721e+00 1.199725703999999915e+01 1.706004157999999961e+03 1.805981299999999919e+03
6.939999999999999503e+00 1.208206031999999830e+01 1.705297463999999991e+03 1.805981299999999919e+03
6.945000000000000284e+00 1.209909503999999814e+01 1.705155507999999827e+03 1.805981299999999919e+03
6.949999999999999289e+00 1.212168455999999850e+01 1.704967261999999891e+03 1.805981299999999919e+03
6.955000000000000071e+00 1.214427407999999886e+01 1.704779015999999956e+03 1.805981299999999919e+03
6.959999999999999076e+00 1.208761511999999883e+01 1.705251173999999992e+03 1.805981299999999919e+03
6.964999999999999858e+00 1.204799087999999863e+01 1.705581375999999864e+03 1.805981299999999919e+03
6.969999999999998863e+00 1.203132647999999882e+01 1.705720245999999861e+03 1.805981299999999919e+03
6.974999999999999645e+00 1.204243607999999810e+01 1.705627665999999863e+03 1.805981299999999919e+03
6.979999999999998650e+00 1.203132647999999882e+01 1.705720245999999861e+03 1.805981299999999919e+03
6.984999999999999432e+00 1.203132647999999882e+01 1.705720245999999861e+03 1.805981299999999919e+03
6.990000000000000213e+00 1.204799087999999863e+01 1.705581375999999864e+03 1.805981299999999919e+03
6.994999999999999218e+00 1.207058039999999899e+01 1.705393129999999928e+03 1.805981299999999919e+03
7.000000000000000000e+00 1.204799087999999863e+01 1.705581375999999864e+03 1.805981299999999919e+03
7.004999999999999005e+00 1.203132647999999882e+01 1.705720245999999861e+03 1.805981299999999919e+03
7.009999999999999787e+00 1.199170223999999862e+01 1.706050447999999960e+03 1.805981299999999919e+03
7.014999999999998792e+00 1.201984655999999951e+01 1.705815912000000026e+03 1.805981299999999919e+03
7.019999999999999574e+00 1.200281183999999968e+01 1.705957867999999962e+03 1.805981299999999919e+03
7.025000000000000355e+00 1.199170223999999862e+01 1.706050447999999960e+03 1.805981299999999919e+03
7.029999999999999361e+00 1.206502559999999846e+01 1.705439419999999927e+03 1.805981299999999919e+03
7.035000000000000142e+00 1.198022231999999931e+01 1.706146113999999898e+03 1.805981299999999919e+03
7.039999999999999147e+00 1.199170223999999862e+01 1.706050447999999960e+03 1.805981299999999919e+03
7.044999999999999929e+00 1.205947079999999794e+01 1.705485709999999926e+03 1.805981299999999919e+03
7.049999999999998934e+00 1.200281183999999968e+01 1.705957867999999962e+03 1.805981299999999919e+03
7.054999999999999716e+00 1.198577711999999984e+01 1.706099823999999899e+03 1.805981299999999919e+03
7.059999999999998721e+00 1.199170223999999862e+01 1.706050447999999960e+03 1.805981299999999919e+03
7.064999999999999503e+00 1.200873695999999846e+01 1.705908492000000024e+03 1.805981299999999919e+03
7.070000000000000284e+00 1.199725703999999915e+01 1.706004157999999961e+03 1.805981299999999919e+03
7.074999999999999289e+00 1.198022231999999931e+01 1.706146113999999898e+03 1.805981299999999919e+03
7.080000000000000071e+00 1.202540136000000004e+01 1.705769621999999799e+03 1.805981299999999919e+03
7.084999999999999076e+00 1.204243607999999810e+01 1.705627665999999863e+03 1.805981299999999919e+03
7.089999999999999858e+00 1.208206031999999830e+01 1.705297463999999991e+03 1.805981299999999919e+03
7.094999999999998863e+00 1.202540136000000004e+01 1.705769621999999799e+03 1.805981299999999919e+03
7.099999999999999645e+00 1.203688127999999935e+01 1.705673955999999862e+03 1.805981299999999919e+03
7.104999999999998650e+00 1.201984655999999951e+01 1.705815912000000026e+03 1.805981299999999919e+03
7.109999999999999432e+00 1.203688127999999935e+01 1.705673955999999862e+03 1.805981299999999919e+03
7.115000000000000213e+00 1.201984655999999951e+01 1.705815912000000026e+03 1.805981299999999919e+03
7.119999999999999218e+00 1.201984655999999951e+01 1.705815912000000026e+03 1.805981299999999919e+03
7.125000000000000000e+00 1.203132647999999882e+01 1.705720245999999861e+03 1.805981299999999919e+03
7.129999999999999005e+00 1.205391599999999741e+01 1.705531999999999925e+03 1.805981299999999919e+03
7.134999999999999787e+00 1.203688127999999935e+01 1.705673955999999862e+03 1.805981299999999919e+03
7.139999999999998792e+00 1.208761511999999883e+01 1.705251173999999992e+03 1.805981299999999919e+03
7.144999999999999574e+00 1.206502559999999846e+01 1.705439419999999927e+03 1.805981299999999919e+03
7.150000000000000355e+00 1.199170223999999862e+01 1.706050447999999960e+03 1.805981299999999919e+03
7.154999999999999361e+00 1.200281183999999968e+01 1.705957867999999962e+03 1.805981299999999919e+03
7.160000000000000142e+00 1.205391599999999741e+01 1.705531999999999925e+03 1.805981299999999919e+03
7.164999999999999147e+00 1.205947079999999794e+01 1.705485709999999926e+03 1.805981299999999919e+03
7.169999999999999929e+00 1.207650551999999777e+01 1.705343753999999990e+03 1.805981299999999919e+03
7.174999999999998934e+00 1.203688127999999935e+01 1.705673955999999862e+03 1.805981299999999919e+03
7.179999999999999716e+00 1.200281183999999968e+01 1.705957867999999962e+03 1.805981299999999919e+03
7.184999999999998721e+00 1.200281183999999968e+01 1.705957867999999962e+03 1.805981299999999919e+03
7.189999999999999503e+00 1.194652319999999790e+01 1.706426939999999831e+03 1.805981299999999919e+03
7.195000000000000284e+00 1.196911271999999826e+01 1.706238693999999896e+03 1.805981299999999919e+03
7.199999999999999289e+00 1.196318759999999948e+01 1.706288069999999834e+03 1.805981299999999919e+03
7.205000000000000071e+00 1.204799087999999863e+01 1.705581375999999864e+03 1.805981299999999919e+03
7.209999999999999076e+00 1.205391599999999741e+01 1.705531999999999925e+03 1.805981299999999919e+03
7.214999999999999858e+00 1.203132647999999882e+01 1.705720245999999861e+03 1.805981299999999919e+03
7.219999999999998863e+00 1.199725703999999915e+01 1.706004157999999961e+03 1.805981299999999919e+03
7.224999999999999645e+00 1.203688127999999935e+01 1.705673955999999862e+03 1.805981299999999919e+03
7.229999999999998650e+00 1.195763279999999895e+01 1.706334359999999833e+03 1.805981299999999919e+03
7.234999999999999432e+00 1.201984655999999951e+01 1.705815912000000026e+03 1.805981299999999919e+03
7.240000000000000213e+00 1.204243607999999810e+01 1.705627665999999863e+03 1.805981299999999919e+03
7.244999999999999218e+00 1.202540136000000004e+01 1.705769621999999799e+03 1.805981299999999919e+03
7.250000000000000000e+00 1.210464983999999866e+01 1.705109217999999828e+03 1.805981299999999919e+03
7.254999999999999005e+00 1.200873695999999846e+01 1.705908492000000024e+03 1.805981299999999919e+03
7.259999999999999787e+00 1.202540136000000004e+01 1.705769621999999799e+03 1.805981299999999919e+03
7.264999999999998792e+00 1.199170223999999862e+01 1.706050447999999960e+03 1.805981299999999919e+03
7.269999999999999574e+00 1.203688127999999935e+01 1.705673955999999862e+03 1.805981299999999919e+03
7.275000000000000355e+00 1.200873695999999846e+01 1.705908492000000024e+03 1.805981299999999919e+03
7.279999999999999361e+00 1.205947079999999794e+01 1.705485709999999926e+03 1.805981299999999919e+03
7.285000000000000142e+00 1.200873695999999846e+01 1.705908492000000024e+03 1.805981299999999919e+03
7.289999999999999147e+00 1.200873695999999846e+01 1.705908492000000024e+03 1.805981299999999919e+03
7.294999999999999929e+00 1.205391599999999741e+01 1.705531999999999925e+03 1.805981299999999919e+03
7.299999999999998934e+00 1.199170223999999862e+01 1.706050447999999960e+03 1.805981299999999919e+03
7.304999999999999716e+00 1.196911271999999826e+01 1.706238693999999896e+03 1.805981299999999919e+03
7.309999999999998721e+00 1.202540136000000004e+01 1.705769621999999799e+03 1.805981299999999919e+03
7.314999999999999503e+00 1.196318759999999948e+01 1.706288069999999834e+03 1.805981299999999919e+03
7.320000000000000284e+00 1.198022231999999931e+01 1.706146113999999898e+03 1.805981299999999919e+03
7.324999999999999289e+00 1.197466751999999879e+01 1.706192403999999897e+03 1.805981299999999919e+03
7.330000000000000071e+00 1.205391599999999741e+01 1.705531999999999925e+03 1.805981299999999919e+03
7.334999999999999076e+00 1.200281183999999968e+01 1.705957867999999962e+03 1.805981299999999919e+03
7.339999999999999858e+00 1.194652319999999790e+01 1.706426939999999831e+03 1.805981299999999919e+03
7.344999999999998863e+00 1.200873695999999846e+01 1.705908492000000024e+03 1.805981299999999919e+03
7.349999999999999645e+00 1.192393367999999931e+01 1.706615185999999994e+03 1.805981299999999919e+03
7.354999999999998650e+00 1.201429175999999899e+01 1.705862202000000025e+03 1.805981299999999919e+03
7.359999999999999432e+00 1.199725703999999915e+01 1.706004157999999961e+03 1.805981299999999919e+03
7.365000000000000213e+00 1.198577711999999984e+01 1.706099823999999899e+03 1.805981299999999919e+03
7.369999999999999218e+00 1.198022231999999931e+01 1.706146113999999898e+03 1.805981299999999919e+03
7.375000000000000000e+00 1.194652319999999790e+01 1.706426939999999831e+03 1.805981299999999919e+03
7.379999999999999005e+00 1.195207799999999843e+01 1.706380649999999832e+03 1.805981299999999919e+03
7.384999999999999787e+00 1.199170223999999862e+01 1.706050447999999960e+03 1.805981299999999919e+03
7.389999999999998792e+00 1.198022231999999931e+01 1.706146113999999898e+03 1.805981299999999919e+03
7.394999999999999574e+00 1.195207799999999843e+01 1.706380649999999832e+03 1.805981299999999919e+03
7.400000000000000355e+00 1.195763279999999895e+01 1.706334359999999833e+03 1.805981299999999919e+03
7.404999999999999361e+00 1.196318759999999948e+01 1.706288069999999834e+03 1.805981299999999919e+03
7.410000000000000142e+00 1.201429175999999899e+01 1.705862202000000025e+03 1.805981299999999919e+03
7.414999999999999147e+00 1.197466751999999879e+01 1.706192403999999897e+03 1.805981299999999919e+03
7.419999999999999929e+00 1.191245376000000000e+01 1.706710851999999932e+03 1.805981299999999919e+03
7.424999999999998934e+00 1.196318759999999948e+01 1.706288069999999834e+03 1.805981299999999919e+03
7.429999999999999716e+00 1.196318759999999948e+01 1.706288069999999834e+03 1.805981299999999919e+03
7.434999999999998721e+00 1.195763279999999895e+01 1.706334359999999833e+03 1.805981299999999919e+03
7.439999999999999503e+00 1.202540136000000004e+01 1.705769621999999799e+03 1.805981299999999919e+03
7.445000000000000284e+00 1.200873695999999846e+01 1.705908492000000024e+03 1.805981299999999919e+03
7.449999999999999289e+00 1.193504327999999859e+01 1.706522605999999996e+03 1.805981299999999919e+03
7.455000000000000071e+00 1.194652319999999790e+01 1.706426939999999831e+03 1.805981299999999919e+03
7.459999999999999076e+00 1.200873695999999846e+01 1.705908492000000024e+03 1.805981299999999919e+03
7.464999999999999858e+00 1.195207799999999843e+01 1.706380649999999832e+03 1.805981299999999919e+03
7.469999999999998863e+00 1.196911271999999826e+01 1.706238693999999896e+03 1.805981299999999919e+03
7.474999999999999645e+00 1.196318759999999948e+01 1.706288069999999834e+03 1.805981299999999919e+03
7.479999999999998650e+00 1.195207799999999843e+01 1.706380649999999832e+03 1.805981299999999919e+03
7.484999999999999432e+00 1.198022231999999931e+01 1.706146113999999898e+03 1.805981299999999919e+03
7.490000000000000213e+00 1.190689895999999948e+01 1.706757141999999931e+03 1.805981299999999919e+03
7.494999999999999218e+00 1.201429175999999899e+01 1.705862202000000025e+03 1.805981299999999919e+03
7.500000000000000000e+00 1.190134415999999895e+01 1.706803431999999930e+03 1.805981299999999919e+03
7.504999999999999005e+00 1.192393367999999931e+01 1.706615185999999994e+03 1.805981299999999919e+03
7.509999999999999787e+00 1.186171991999999875e+01 1.707133634000000029e+03 1.805981299999999919e+03
7.514999999999998792e+00 1.191800855999999875e+01 1.706664561999999933e+03 1.805981299999999919e+03
7.519999999999999574e+00 1.188430943999999911e+01 1.706945387999999866e+03 1.805981299999999919e+03
7.525000000000000355e+00 1.191245376000000000e+01 1.706710851999999932e+03 1.805981299999999919e+03
7.529999999999999361e+00 1.193504327999999859e+01 1.706522605999999996e+03 1.805981299999999919e+03
7.535000000000000142e+00 1.190689895999999948e+01 1.706757141999999931e+03 1.805981299999999919e+03
7.539999999999999147e+00 1.184468519999999891e+01 1.707275589999999966e+03 1.805981299999999919e+03
7.544999999999999929e+00 1.197466751999999879e+01 1.706192403999999897e+03 1.805981299999999919e+03
7.549999999999998934e+00 1.199170223999999862e+01 1.706050447999999960e+03 1.805981299999999919e+03
7.554999999999999716e+00 1.192948847999999806e+01 1.706568895999999995e+03 1.805981299999999919e+03
7.559999999999998721e+00 1.192393367999999931e+01 1.706615185999999994e+03 1.805981299999999919e+03
7.564999999999999503e+00 1.191800855999999875e+01 1.706664561999999933e+03 1.805981299999999919e+03
7.570000000000000284e+00 1.190689895999999948e+01 1.706757141999999931e+03 1.805981299999999919e+03
7.574999999999999289e+00 1.194652319999999790e+01 1.706426939999999831e+03 1.805981299999999919e+03
7.580000000000000071e+00 1.192948847999999806e+01 1.706568895999999995e+03 1.805981299999999919e+03
7.584999999999999076e+00 1.191245376000000000e+01 1.706710851999999932e+03 1.805981299999999919e+03
7.589999999999999858e+00 1.191245376000000000e+01 1.706710851999999932e+03 1.805981299999999919e+03
7.594999999999998863e+00 1.190689895999999948e+01 1.706757141999999931e+03 1.805981299999999919e+03
7.599999999999999645e+00 1.193504327999999859e+01 1.706522605999999996e+03 1.805981299999999919e+03
7.604999999999998650e+00 1.191800855999999875e+01 1.706664561999999933e+03 1.805981299999999919e+03
7.609999999999999432e+00 1.190689895999999948e+01 1.706757141999999931e+03 1.805981299999999919e+03
7.615000000000000213e+00 1.191800855999999875e+01 1.706664561999999933e+03 1.805981299999999919e+03
7.619999999999999218e+00 1.185023999999999944e+01 1.707229299999999967e+03 1.805981299999999919e+03
7.625000000000000000e+00 1.186727471999999928e+01 1.707087344000000030e+03 1.805981299999999919e+03
7.629999999999999005e+00 1.195763279999999895e+01 1.706334359999999833e+03 1.805981299999999919e+03
7.634999999999999787e+00 1.186171991999999875e+01 1.707133634000000029e+03 1.805981299999999919e+03
7.639999999999998792e+00 1.186727471999999928e+01 1.707087344000000030e+03 1.805981299999999919e+03
7.644999999999999574e+00 1.190134415999999895e+01 1.706803431999999930e+03 1.805981299999999919e+03
7.650000000000000355e+00 1.190689895999999948e+01 1.706757141999999931e+03 1.805981299999999919e+03
7.654999999999999361e+00 1.190689895999999948e+01 1.706757141999999931e+03 1.805981299999999919e+03
7.660000000000000142e+00 1.183320527999999960e+01 1.707371255999999903e+03 1.805981299999999919e+03
7.664999999999999147e+00 1.182209567999999855e+01 1.707463835999999901e+03 1.805981299999999919e+03
7.669999999999999929e+00 1.186727471999999928e+01 1.707087344000000030e+03 1.805981299999999919e+03
7.674999999999998934e+00 1.185579479999999997e+01 1.707183009999999967e+03 1.805981299999999919e+03
7.679999999999999716e+00 1.187875463999999859e+01 1.706991677999999865e+03 1.805981299999999919e+03
7.684999999999998721e+00 1.183913039999999839e+01 1.707321879999999965e+03 1.805981299999999919e+03
7.689999999999999503e+00 1.182765047999999908e+01 1.707417545999999902e+03 1.805981299999999919e+03
7.695000000000000284e+00 1.186727471999999928e+01 1.707087344000000030e+03 1.805981299999999919e+03
7.699999999999999289e+00 1.181061575999999924e+01 1.707559501999999839e+03 1.805981299999999919e+03
7.705000000000000071e+00 1.185579479999999997e+01 1.707183009999999967e+03 1.805981299999999919e+03
7.709999999999999076e+00 1.185023999999999944e+01 1.707229299999999967e+03 1.805981299999999919e+03
7.714999999999999858e+00 1.183913039999999839e+01 1.707321879999999965e+03 1.805981299999999919e+03
7.719999999999998863e+00 1.185579479999999997e+01 1.707183009999999967e+03 1.805981299999999919e+03
7.724999999999999645e+00 1.182765047999999908e+01 1.707417545999999902e+03 1.805981299999999919e+03
7.729999999999998650e+00 1.181654087999999803e+01 1.707510125999999900e+03 1.805981299999999919e+03
7.734999999999999432e+00 1.184468519999999891e+01 1.707275589999999966e+03 1.805981299999999919e+03
7.740000000000000213e+00 1.186727471999999928e+01 1.707087344000000030e+03 1.805981299999999919e+03
7.744999999999999218e+00 1.190134415999999895e+01 1.706803431999999930e+03 1.805981299999999919e+03
7.750000000000000000e+00 1.188986423999999964e+01 1.706899097999999867e+03 1.805981299999999919e+03
7.754999999999999005e+00 1.185579479999999997e+01 1.707183009999999967e+03 1.805981299999999919e+03
7.759999999999999787e+00 1.187282951999999980e+01 1.707041053999999804e+03 1.805981299999999919e+03
7.764999999999998792e+00 1.190689895999999948e+01 1.706757141999999931e+03 1.805981299999999919e+03
7.769999999999999574e+00 1.191800855999999875e+01 1.706664561999999933e+03 1.805981299999999919e+03
7.775000000000000355e+00 1.189541904000000017e+01 1.706852807999999868e+03 1.805981299999999919e+03
7.779999999999999361e+00 1.185579479999999997e+01 1.707183009999999967e+03 1.805981299999999919e+03
7.785000000000000142e+00 1.184468519999999891e+01 1.707275589999999966e+03 1.805981299999999919e+03
7.789999999999999147e+00 1.188430943999999911e+01 1.706945387999999866e+03 1.805981299999999919e+03
7.794999999999999929e+00 1.182765047999999908e+01 1.707417545999999902e+03 1.805981299999999919e+03
7.799999999999998934e+00 1.184468519999999891e+01 1.707275589999999966e+03 1.805981299999999919e+03
7.804999999999999716e+00 1.186727471999999928e+01 1.707087344000000030e+03 1.805981299999999919e+03
7.809999999999998721e+00 1.183913039999999839e+01 1.707321879999999965e+03 1.805981299999999919e+03
7.814999999999999503e+00 1.180506095999999872e+01 1.707605791999999838e+03 1.805981299999999919e+03
7.820000000000000284e+00 1.179395135999999944e+01 1.707698371999999836e+03 1.805981299999999919e+03
7.824999999999999289e+00 1.183913039999999839e+01 1.707321879999999965e+03 1.805981299999999919e+03
7.830000000000000071e+00 1.177691663999999960e+01 1.707840328000000000e+03 1.805981299999999919e+03
7.834999999999999076e+00 1.177691663999999960e+01 1.707840328000000000e+03 1.805981299999999919e+03
7.839999999999999858e+00 1.179395135999999944e+01 1.707698371999999836e+03 1.805981299999999919e+03
7.844999999999998863e+00 1.179395135999999944e+01 1.707698371999999836e+03 1.805981299999999919e+03
7.849999999999999645e+00 1.181061575999999924e+01 1.707559501999999839e+03 1.805981299999999919e+03
7.854999999999998650e+00 1.176543672000000029e+01 1.707935993999999937e+03 1.805981299999999919e+03
7.859999999999999432e+00 1.178247144000000013e+01 1.707794038000000000e+03 1.805981299999999919e+03
7.865000000000000213e+00 1.179950615999999997e+01 1.707652081999999837e+03 1.805981299999999919e+03
7.869999999999999218e+00 1.180506095999999872e+01 1.707605791999999838e+03 1.805981299999999919e+03
7.875000000000000000e+00 1.183320527999999960e+01 1.707371255999999903e+03 1.805981299999999919e+03
7.879999999999999005e+00 1.181061575999999924e+01 1.707559501999999839e+03 1.805981299999999919e+03
7.884999999999999787e+00 1.185579479999999997e+01 1.707183009999999967e+03 1.805981299999999919e+03
7.889999999999998792e+00 1.180506095999999872e+01 1.707605791999999838e+03 1.805981299999999919e+03
7.894999999999999574e+00 1.178802623999999888e+01 1.707747748000000001e+03 1.805981299999999919e+03
7.900000000000000355e+00 1.179950615999999997e+01 1.707652081999999837e+03 1.805981299999999919e+03
7.904999999999999361e+00 1.176543672000000029e+01 1.707935993999999937e+03 1.805981299999999919e+03
7.910000000000000142e+00 1.186727471999999928e+01 1.707087344000000030e+03 1.805981299999999919e+03
7.914999999999999147e+00 1.185023999999999944e+01 1.707229299999999967e+03 1.805981299999999919e+03
7.919999999999999929e+00 1.178802623999999888e+01 1.707747748000000001e+03 1.805981299999999919e+03
7.924999999999998934e+00 1.182765047999999908e+01 1.707417545999999902e+03 1.805981299999999919e+03
7.929999999999999716e+00 1.178802623999999888e+01 1.707747748000000001e+03 1.805981299999999919e+03
7.934999999999998721e+00 1.177691663999999960e+01 1.707840328000000000e+03 1.805981299999999919e+03
7.939999999999999503e+00 1.181654087999999803e+01 1.707510125999999900e+03 1.805981299999999919e+03
7.945000000000000284e+00 1.180506095999999872e+01 1.707605791999999838e+03 1.805981299999999919e+03
7.949999999999999289e+00 1.188986423999999964e+01 1.706899097999999867e+03 1.805981299999999919e+03
7.955000000000000071e+00 1.183913039999999839e+01 1.707321879999999965e+03 1.805981299999999919e+03
7.959999999999999076e+00 1.182209567999999855e+01 1.707463835999999901e+03 1.805981299999999919e+03
7.964999999999999858e+00 1.179395135999999944e+01 1.707698371999999836e+03 1.805981299999999919e+03
7.969999999999998863e+00 1.178247144000000013e+01 1.707794038000000000e+03 1.805981299999999919e+03
7.974999999999999645e+00 1.174284719999999993e+01 1.708124239999999872e+03 1.805981299999999919e+03
7.979999999999998650e+00 1.179950615999999997e+01 1.707652081999999837e+03 1.805981299999999919e+03
7.984999999999999432e+00 1.177691663999999960e+01 1.707840328000000000e+03 1.805981299999999919e+03
7.990000000000000213e+00 1.177691663999999960e+01 1.707840328000000000e+03 1.805981299999999919e+03
7.994999999999999218e+00 1.178802623999999888e+01 1.707747748000000001e+03 1.805981299999999919e+03
8.000000000000000000e+00 1.178247144000000013e+01 1.707794038000000000e+03 1.805981299999999919e+03
8.004999999999999005e+00 1.170322295999999973e+01 1.708454441999999972e+03 1.805981299999999919e+03
8.009999999999999787e+00 1.175432711999999924e+01 1.708028573999999935e+03 1.805981299999999919e+03
8.014999999999998792e+00 1.179395135999999944e+01 1.707698371999999836e+03 1.805981299999999919e+03
8.019999999999999574e+00 1.180506095999999872e+01 1.707605791999999838e+03 1.805981299999999919e+03
8.025000000000000355e+00 1.175988191999999977e+01 1.707982283999999936e+03 1.805981299999999919e+03
8.029999999999999361e+00 1.184468519999999891e+01 1.707275589999999966e+03 1.805981299999999919e+03
8.035000000000000142e+00 1.174877232000000049e+01 1.708074863999999934e+03 1.805981299999999919e+03
8.039999999999999147e+00 1.180506095999999872e+01 1.707605791999999838e+03 1.805981299999999919e+03
8.044999999999999929e+00 1.173729239999999940e+01 1.708170529999999872e+03 1.805981299999999919e+03
8.049999999999998934e+00 1.173173759999999888e+01 1.708216819999999871e+03 1.805981299999999919e+03
8.054999999999999716e+00 1.178247144000000013e+01 1.707794038000000000e+03 1.805981299999999919e+03
8.059999999999998721e+00 1.170914807999999852e+01 1.708405066000000033e+03 1.805981299999999919e+03
8.064999999999999503e+00 1.173173759999999888e+01 1.708216819999999871e+03 1.805981299999999919e+03
8.070000000000000284e+00 1.174284719999999993e+01 1.708124239999999872e+03 1.805981299999999919e+03
8.074999999999999289e+00 1.173173759999999888e+01 1.708216819999999871e+03 1.805981299999999919e+03
8.080000000000000071e+00 1.179395135999999944e+01 1.707698371999999836e+03 1.805981299999999919e+03
8.084999999999999076e+00 1.175432711999999924e+01 1.708028573999999935e+03 1.805981299999999919e+03
8.089999999999999858e+00 1.178247144000000013e+01 1.707794038000000000e+03 1.805981299999999919e+03
8.094999999999998863e+00 1.172618280000000013e+01 1.708263109999999870e+03 1.805981299999999919e+03
8.099999999999999645e+00 1.178802623999999888e+01 1.707747748000000001e+03 1.805981299999999919e+03
8.104999999999998650e+00 1.171470287999999904e+01 1.708358776000000034e+03 1.805981299999999919e+03
8.109999999999999432e+00 1.177136183999999908e+01 1.707886617999999999e+03 1.805981299999999919e+03
8.115000000000000213e+00 1.175432711999999924e+01 1.708028573999999935e+03 1.805981299999999919e+03
8.119999999999999218e+00 1.179395135999999944e+01 1.707698371999999836e+03 1.805981299999999919e+03
8.125000000000000000e+00 1.175988191999999977e+01 1.707982283999999936e+03 1.805981299999999919e+03
8.129999999999999005e+00 1.175432711999999924e+01 1.708028573999999935e+03 1.805981299999999919e+03
8.134999999999999787e+00 1.173173759999999888e+01 1.708216819999999871e+03 1.805981299999999919e+03
8.139999999999998792e+00 1.174877232000000049e+01 1.708074863999999934e+03 1.805981299999999919e+03
8.144999999999999574e+00 1.178247144000000013e+01 1.707794038000000000e+03 1.805981299999999919e+03
8.150000000000000355e+00 1.176543672000000029e+01 1.707935993999999937e+03 1.805981299999999919e+03
8.154999999999999361e+00 1.172618280000000013e+01 1.708263109999999870e+03 1.805981299999999919e+03
8.160000000000000142e+00 1.175988191999999977e+01 1.707982283999999936e+03 1.805981299999999919e+03
8.164999999999999147e+00 1.170322295999999973e+01 1.708454441999999972e+03 1.805981299999999919e+03
8.169999999999999929e+00 1.178802623999999888e+01 1.707747748000000001e+03 1.805981299999999919e+03
8.174999999999998934e+00 1.178802623999999888e+01 1.707747748000000001e+03 1.805981299999999919e+03
8.179999999999999716e+00 1.172025767999999957e+01 1.708312485999999808e+03 1.805981299999999919e+03
8.184999999999998721e+00 1.171470287999999904e+01 1.708358776000000034e+03 1.805981299999999919e+03
8.189999999999999503e+00 1.172025767999999957e+01 1.708312485999999808e+03 1.805981299999999919e+03
8.195000000000000284e+00 1.174284719999999993e+01 1.708124239999999872e+03 1.805981299999999919e+03
8.199999999999999289e+00 1.174877232000000049e+01 1.708074863999999934e+03 1.805981299999999919e+03
8.205000000000000071e+00 1.173173759999999888e+01 1.708216819999999871e+03 1.805981299999999919e+03
8.209999999999999076e+00 1.173173759999999888e+01 1.708216819999999871e+03 1.805981299999999919e+03
8.214999999999999858e+00 1.172618280000000013e+01 1.708263109999999870e+03 1.805981299999999919e+03
8.219999999999998863e+00 1.172025767999999957e+01 1.708312485999999808e+03 1.805981299999999919e+03
8.224999999999999645e+00 1.172618280000000013e+01 1.708263109999999870e+03 1.805981299999999919e+03
8.229999999999998650e+00 1.172618280000000013e+01 1.708263109999999870e+03 1.805981299999999919e+03
8.234999999999999432e+00 1.169766815999999920e+01 1.708500731999999971e+03 1.805981299999999919e+03
8.240000000000000213e+00 1.173729239999999940e+01 1.708170529999999872e+03 1.805981299999999919e+03
8.244999999999999218e+00 1.165804392000000078e+01 1.708830933999999843e+03 1.805981299999999919e+03
8.250000000000000000e+00 1.166952384000000009e+01 1.708735267999999905e+03 1.805981299999999919e+03
8.254999999999999005e+00 1.170322295999999973e+01 1.708454441999999972e+03 1.805981299999999919e+03
8.259999999999999787e+00 1.171470287999999904e+01 1.708358776000000034e+03 1.805981299999999919e+03
8.264999999999998792e+00 1.173173759999999888e+01 1.708216819999999871e+03 1.805981299999999919e+03
8.269999999999999574e+00 1.170322295999999973e+01 1.708454441999999972e+03 1.805981299999999919e+03
8.275000000000000355e+00 1.168063343999999937e+01 1.708642687999999907e+03 1.805981299999999919e+03
8.279999999999999361e+00 1.170322295999999973e+01 1.708454441999999972e+03 1.805981299999999919e+03
8.285000000000000142e+00 1.176543672000000029e+01 1.707935993999999937e+03 1.805981299999999919e+03
8.289999999999999147e+00 1.166952384000000009e+01 1.708735267999999905e+03 1.805981299999999919e+03
8.294999999999999929e+00 1.170914807999999852e+01 1.708405066000000033e+03 1.805981299999999919e+03
8.299999999999998934e+00 1.166396904000000134e+01 1.708781557999999904e+03 1.805981299999999919e+03
8.304999999999999716e+00 1.171470287999999904e+01 1.708358776000000034e+03 1.805981299999999919e+03
8.309999999999998721e+00 1.167507863999999884e+01 1.708688977999999906e+03 1.805981299999999919e+03
8.314999999999999503e+00 1.170322295999999973e+01 1.708454441999999972e+03 1.805981299999999919e+03
8.320000000000000284e+00 1.173729239999999940e+01 1.708170529999999872e+03 1.805981299999999919e+03
8.324999999999999289e+00 1.172025767999999957e+01 1.708312485999999808e+03 1.805981299999999919e+03
8.330000000000000071e+00 1.172618280000000013e+01 1.708263109999999870e+03 1.805981299999999919e+03
8.334999999999999076e+00 1.169766815999999920e+01 1.708500731999999971e+03 1.805981299999999919e+03
8.339999999999999858e+00 1.173173759999999888e+01 1.708216819999999871e+03 1.805981299999999919e+03
8.344999999999998863e+00 1.172618280000000013e+01 1.708263109999999870e+03 1.805981299999999919e+03
8.349999999999999645e+00 1.174284719999999993e+01 1.708124239999999872e+03 1.805981299999999919e+03
8.354999999999998650e+00 1.169766815999999920e+01 1.708500731999999971e+03 1.805981299999999919e+03
8.359999999999999432e+00 1.173729239999999940e+01 1.708170529999999872e+03 1.805981299999999919e+03
8.365000000000000213e+00 1.166952384000000009e+01 1.708735267999999905e+03 1.805981299999999919e+03
8.369999999999999218e+00 1.165248912000000026e+01 1.708877223999999842e+03 1.805981299999999919e+03
8.375000000000000000e+00 1.166952384000000009e+01 1.708735267999999905e+03 1.805981299999999919e+03
8.379999999999999005e+00 1.163545440000000042e+01 1.709019180000000006e+03 1.805981299999999919e+03
8.384999999999999787e+00 1.164137952000000098e+01 1.708969803999999840e+03 1.805981299999999919e+03
8.389999999999998792e+00 1.169211335999999868e+01 1.708547021999999970e+03 1.805981299999999919e+03
8.394999999999999574e+00 1.165804392000000078e+01 1.708830933999999843e+03 1.805981299999999919e+03
8.400000000000000355e+00 1.161879000000000062e+01 1.709158050000000003e+03 1.805981299999999919e+03
8.404999999999999361e+00 1.167507863999999884e+01 1.708688977999999906e+03 1.805981299999999919e+03
8.410000000000000142e+00 1.164137952000000098e+01 1.708969803999999840e+03 1.805981299999999919e+03
8.414999999999999147e+00 1.166396904000000134e+01 1.708781557999999904e+03 1.805981299999999919e+03
8.419999999999999929e+00 1.169766815999999920e+01 1.708500731999999971e+03 1.805981299999999919e+03
8.424999999999998934e+00 1.166396904000000134e+01 1.708781557999999904e+03 1.805981299999999919e+03
8.429999999999999716e+00 1.162989959999999989e+01 1.709065470000000005e+03 1.805981299999999919e+03
8.434999999999998721e+00 1.166396904000000134e+01 1.708781557999999904e+03 1.805981299999999919e+03
8.439999999999999503e+00 1.170322295999999973e+01 1.708454441999999972e+03 1.805981299999999919e+03
8.445000000000000284e+00 1.166396904000000134e+01 1.708781557999999904e+03 1.805981299999999919e+03
8.449999999999999289e+00 1.165248912000000026e+01 1.708877223999999842e+03 1.805981299999999919e+03
8.455000000000000071e+00 1.168063343999999937e+01 1.708642687999999907e+03 1.805981299999999919e+03
8.459999999999999076e+00 1.165804392000000078e+01 1.708830933999999843e+03 1.805981299999999919e+03
8.464999999999999858e+00 1.165248912000000026e+01 1.708877223999999842e+03 1.805981299999999919e+03
8.469999999999998863e+00 1.163545440000000042e+01 1.709019180000000006e+03 1.805981299999999919e+03
8.474999999999999645e+00 1.163545440000000042e+01 1.709019180000000006e+03 1.805981299999999919e+03
8.479999999999998650e+00 1.166396904000000134e+01 1.708781557999999904e+03 1.805981299999999919e+03
8.484999999999999432e+00 1.165248912000000026e+01 1.708877223999999842e+03 1.805981299999999919e+03
8.490000000000000213e+00 1.164137952000000098e+01 1.708969803999999840e+03 1.805981299999999919e+03
8.494999999999999218e+00 1.168063343999999937e+01 1.708642687999999907e+03 1.805981299999999919e+03
8.500000000000000000e+00 1.165804392000000078e+01 1.708830933999999843e+03 1.805981299999999919e+03
8.504999999999999005e+00 1.171470287999999904e+01 1.708358776000000034e+03 1.805981299999999919e+03
8.509999999999999787e+00 1.176543672000000029e+01 1.707935993999999937e+03 1.805981299999999919e+03
8.514999999999998792e+00 1.169766815999999920e+01 1.708500731999999971e+03 1.805981299999999919e+03
8.519999999999999574e+00 1.160731007999999953e+01 1.709253715999999940e+03 1.805981299999999919e+03
8.525000000000000355e+00 1.162989959999999989e+01 1.709065470000000005e+03 1.805981299999999919e+03
8.529999999999999361e+00 1.168655855999999993e+01 1.708593311999999969e+03 1.805981299999999919e+03
8.535000000000000142e+00 1.162434479999999937e+01 1.709111760000000004e+03 1.805981299999999919e+03
8.539999999999999147e+00 1.162989959999999989e+01 1.709065470000000005e+03 1.805981299999999919e+03
8.544999999999999929e+00 1.164137952000000098e+01 1.708969803999999840e+03 1.805981299999999919e+03
8.549999999999998934e+00 1.165248912000000026e+01 1.708877223999999842e+03 1.805981299999999919e+03
8.554999999999999716e+00 1.164693431999999973e+01 1.708923513999999841e+03 1.805981299999999919e+03
8.559999999999998721e+00 1.161879000000000062e+01 1.709158050000000003e+03 1.805981299999999919e+03
8.564999999999999503e+00 1.164693431999999973e+01 1.708923513999999841e+03 1.805981299999999919e+03
8.570000000000000284e+00 1.165248912000000026e+01 1.708877223999999842e+03 1.805981299999999919e+03
8.574999999999999289e+00 1.173729239999999940e+01 1.708170529999999872e+03 1.805981299999999919e+03
8.580000000000000071e+00 1.168063343999999937e+01 1.708642687999999907e+03 1.805981299999999919e+03
8.584999999999999076e+00 1.169211335999999868e+01 1.708547021999999970e+03 1.805981299999999919e+03
8.589999999999999858e+00 1.162989959999999989e+01 1.709065470000000005e+03 1.805981299999999919e+03
8.594999999999998863e+00 1.164693431999999973e+01 1.708923513999999841e+03 1.805981299999999919e+03
8.599999999999999645e+00 1.164693431999999973e+01 1.708923513999999841e+03 1.805981299999999919e+03
8.604999999999998650e+00 1.162434479999999937e+01 1.709111760000000004e+03 1.805981299999999919e+03
8.609999999999999432e+00 1.159027535999999614e+01 1.709395671999999877e+03 1.805981299999999919e+03
8.615000000000000213e+00 1.160175528000000078e+01 1.709300005999999939e+03 1.805981299999999919e+03
8.619999999999999218e+00 1.161879000000000062e+01 1.709158050000000003e+03 1.805981299999999919e+03
8.625000000000000000e+00 1.167507863999999884e+01 1.708688977999999906e+03 1.805981299999999919e+03
8.629999999999999005e+00 1.161879000000000062e+01 1.709158050000000003e+03 1.805981299999999919e+03
8.634999999999999787e+00 1.159027535999999614e+01 1.709395671999999877e+03 1.805981299999999919e+03
8.639999999999998792e+00 1.162989959999999989e+01 1.709065470000000005e+03 1.805981299999999919e+03
8.644999999999999574e+00 1.162989959999999989e+01 1.709065470000000005e+03 1.805981299999999919e+03
8.650000000000000355e+00 1.166952384000000009e+01 1.708735267999999905e+03 1.805981299999999919e+03
8.654999999999999361e+00 1.162434479999999937e+01 1.709111760000000004e+03 1.805981299999999919e+03
8.660000000000000142e+00 1.160175528000000078e+01 1.709300005999999939e+03 1.805981299999999919e+03
8.664999999999999147e+00 1.157324063999999630e+01 1.709537628000000041e+03 1.805981299999999919e+03
8.669999999999999929e+00 1.165248912000000026e+01 1.708877223999999842e+03 1.805981299999999919e+03
8.674999999999998934e+00 1.162434479999999937e+01 1.709111760000000004e+03 1.805981299999999919e+03
8.679999999999999716e+00 1.159620048000000025e+01 1.709346295999999938e+03 1.805981299999999919e+03
8.684999999999998721e+00 1.162434479999999937e+01 1.709111760000000004e+03 1.805981299999999919e+03
8.689999999999999503e+00 1.166952384000000009e+01 1.708735267999999905e+03 1.805981299999999919e+03
8.695000000000000284e+00 1.164137952000000098e+01 1.708969803999999840e+03 1.805981299999999919e+03
8.699999999999999289e+00 1.159620048000000025e+01 1.709346295999999938e+03 1.805981299999999919e+03
8.705000000000000071e+00 1.164693431999999973e+01 1.708923513999999841e+03 1.805981299999999919e+03
8.709999999999999076e+00 1.165248912000000026e+01 1.708877223999999842e+03 1.805981299999999919e+03
8.714999999999999858e+00 1.166396904000000134e+01 1.708781557999999904e+03 1.805981299999999919e+03
8.719999999999998863e+00 1.166952384000000009e+01 1.708735267999999905e+03 1.805981299999999919e+03
8.724999999999999645e+00 1.168655855999999993e+01 1.708593311999999969e+03 1.805981299999999919e+03
8.729999999999998650e+00 1.159620048000000025e+01 1.709346295999999938e+03 1.805981299999999919e+03
8.734999999999999432e+00 1.160175528000000078e+01 1.709300005999999939e+03 1.805981299999999919e+03
8.740000000000000213e+00 1.163545440000000042e+01 1.709019180000000006e+03 1.805981299999999919e+03
8.744999999999999218e+00 1.166952384000000009e+01 1.708735267999999905e+03 1.805981299999999919e+03
8.750000000000000000e+00 1.162434479999999937e+01 1.709111760000000004e+03 1.805981299999999919e+03
8.754999999999999005e+00 1.166396904000000134e+01 1.708781557999999904e+03 1.805981299999999919e+03
8.759999999999999787e+00 1.163545440000000042e+01 1.709019180000000006e+03 1.805981299999999919e+03
8.764999999999998792e+00 1.161879000000000062e+01 1.709158050000000003e+03 1.805981299999999919e+03
8.769999999999999574e+00 1.163545440000000042e+01 1.709019180000000006e+03 1.805981299999999919e+03
8.775000000000000355e+00 1.162434479999999937e+01 1.709111760000000004e+03 1.805981299999999919e+03
8.779999999999999361e+00 1.155065111999999772e+01 1.709725873999999976e+03 1.805981299999999919e+03
8.785000000000000142e+00 1.164137952000000098e+01 1.708969803999999840e+03 1.805981299999999919e+03
8.789999999999999147e+00 1.164137952000000098e+01 1.708969803999999840e+03 1.805981299999999919e+03
8.794999999999999929e+00 1.159620048000000025e+01 1.709346295999999938e+03 1.805981299999999919e+03
8.799999999999998934e+00 1.160175528000000078e+01 1.709300005999999939e+03 1.805981299999999919e+03
8.804999999999999716e+00 1.158472055999999917e+01 1.709441961999999876e+03 1.805981299999999919e+03
8.809999999999998721e+00 1.159027535999999614e+01 1.709395671999999877e+03 1.805981299999999919e+03
8.814999999999999503e+00 1.158472055999999917e+01 1.709441961999999876e+03 1.805981299999999919e+03
8.820000000000000284e+00 1.164137952000000098e+01 1.708969803999999840e+03 1.805981299999999919e+03
8.824999999999999289e+00 1.156213104000000058e+01 1.709630207999999811e+03 1.805981299999999919e+03
8.830000000000000071e+00 1.162434479999999937e+01 1.709111760000000004e+03 1.805981299999999919e+03
8.834999999999999076e+00 1.158472055999999917e+01 1.709441961999999876e+03 1.805981299999999919e+03
8.839999999999999858e+00 1.160175528000000078e+01 1.709300005999999939e+03 1.805981299999999919e+03
8.844999999999998863e+00 1.160175528000000078e+01 1.709300005999999939e+03 1.805981299999999919e+03
8.849999999999999645e+00 1.156768583999999755e+01 1.709583918000000040e+03 1.805981299999999919e+03
8.854999999999998650e+00 1.157324063999999630e+01 1.709537628000000041e+03 1.805981299999999919e+03
8.859999999999999432e+00 1.162434479999999937e+01 1.709111760000000004e+03 1.805981299999999919e+03
8.865000000000000213e+00 1.159620048000000025e+01 1.709346295999999938e+03 1.805981299999999919e+03
8.869999999999999218e+00 1.160175528000000078e+01 1.709300005999999939e+03 1.805981299999999919e+03
8.875000000000000000e+00 1.167507863999999884e+01 1.708688977999999906e+03 1.805981299999999919e+03
8.879999999999999005e+00 1.162434479999999937e+01 1.709111760000000004e+03 1.805981299999999919e+03
8.884999999999999787e+00 1.165248912000000026e+01 1.708877223999999842e+03 1.805981299999999919e+03
8.889999999999998792e+00 1.160731007999999953e+01 1.709253715999999940e+03 1.805981299999999919e+03
8.894999999999999574e+00 1.160731007999999953e+01 1.709253715999999940e+03 1.805981299999999919e+03
8.900000000000000355e+00 1.166952384000000009e+01 1.708735267999999905e+03 1.805981299999999919e+03
8.904999999999999361e+00 1.158472055999999917e+01 1.709441961999999876e+03 1.805981299999999919e+03
8.910000000000000142e+00 1.159027535999999614e+01 1.709395671999999877e+03 1.805981299999999919e+03
8.914999999999999147e+00 1.159620048000000025e+01 1.709346295999999938e+03 1.805981299999999919e+03
8.919999999999999929e+00 1.159620048000000025e+01 1.709346295999999938e+03 1.805981299999999919e+03
8.924999999999998934e+00 1.161286488000000006e+01 1.709207425999999941e+03 1.805981299999999919e+03
8.929999999999999716e+00 1.158472055999999917e+01 1.709441961999999876e+03 1.805981299999999919e+03
8.934999999999998721e+00 1.152250679999999861e+01 1.709960409999999911e+03 1.805981299999999919e+03
8.939999999999999503e+00 1.159027535999999614e+01 1.709395671999999877e+03 1.805981299999999919e+03
8.945000000000000284e+00 1.153398672000000147e+01 1.709864743999999973e+03 1.805981299999999919e+03
8.949999999999999289e+00 1.159620048000000025e+01 1.709346295999999938e+03 1.805981299999999919e+03
8.955000000000000071e+00 1.159620048000000025e+01 1.709346295999999938e+03 1.805981299999999919e+03
8.959999999999999076e+00 1.156768583999999755e+01 1.709583918000000040e+03 1.805981299999999919e+03
8.964999999999999858e+00 1.156768583999999755e+01 1.709583918000000040e+03 1.805981299999999919e+03
8.969999999999998863e+00 1.155657624000000183e+01 1.709676497999999810e+03 1.805981299999999919e+03
8.974999999999999645e+00 1.160175528000000078e+01 1.709300005999999939e+03 1.805981299999999919e+03
8.979999999999998650e+00 1.156768583999999755e+01 1.709583918000000040e+03 1.805981299999999919e+03
8.984999999999999432e+00 1.156213104000000058e+01 1.709630207999999811e+03 1.805981299999999919e+03
8.990000000000000213e+00 1.156213104000000058e+01 1.709630207999999811e+03 1.805981299999999919e+03
8.994999999999999218e+00 1.153398672000000147e+01 1.709864743999999973e+03 1.805981299999999919e+03
9.000000000000000000e+00 1.156213104000000058e+01 1.709630207999999811e+03 1.805981299999999919e+03
9.004999999999999005e+00 1.155657624000000183e+01 1.709676497999999810e+03 1.805981299999999919e+03
9.009999999999999787e+00 1.161879000000000062e+01 1.709158050000000003e+03 1.805981299999999919e+03
9.014999999999998792e+00 1.155065111999999772e+01 1.709725873999999976e+03 1.805981299999999919e+03
9.019999999999999574e+00 1.161286488000000006e+01 1.709207425999999941e+03 1.805981299999999919e+03
9.025000000000000355e+00 1.163545440000000042e+01 1.709019180000000006e+03 1.805981299999999919e+03
9.029999999999999361e+00 1.161879000000000062e+01 1.709158050000000003e+03 1.805981299999999919e+03
9.035000000000000142e+00 1.156213104000000058e+01 1.709630207999999811e+03 1.805981299999999919e+03
9.039999999999999147e+00 1.156213104000000058e+01 1.709630207999999811e+03 1.805981299999999919e+03
9.044999999999999929e+00 1.155065111999999772e+01 1.709725873999999976e+03 1.805981299999999919e+03
9.049999999999998934e+00 1.158472055999999917e+01 1.709441961999999876e+03 1.805981299999999919e+03
9.054999999999999716e+00 1.162434479999999937e+01 1.709111760000000004e+03 1.805981299999999919e+03
9.059999999999998721e+00 1.159620048000000025e+01 1.709346295999999938e+03 1.805981299999999919e+03
9.064999999999999503e+00 1.159027535999999614e+01 1.709395671999999877e+03 1.805981299999999919e+03
9.070000000000000284e+00 1.161286488000000006e+01 1.709207425999999941e+03 1.805981299999999919e+03
9.074999999999999289e+00 1.162989959999999989e+01 1.709065470000000005e+03 1.805981299999999919e+03
9.080000000000000071e+00 1.161286488000000006e+01 1.709207425999999941e+03 1.805981299999999919e+03
9.084999999999999076e+00 1.153398672000000147e+01 1.709864743999999973e+03 1.805981299999999919e+03
9.089999999999999858e+00 1.157916576000000042e+01 1.709488251999999875e+03 1.805981299999999919e+03
9.094999999999998863e+00 1.161286488000000006e+01 1.709207425999999941e+03 1.805981299999999919e+03
9.099999999999999645e+00 1.155065111999999772e+01 1.709725873999999976e+03 1.805981299999999919e+03
9.104999999999998650e+00 1.157324063999999630e+01 1.709537628000000041e+03 1.805981299999999919e+03
9.109999999999999432e+00 1.156213104000000058e+01 1.709630207999999811e+03 1.805981299999999919e+03
9.115000000000000213e+00 1.151139720000000111e+01 1.710052989999999909e+03 1.805981299999999919e+03
9.119999999999999218e+00 1.161286488000000006e+01 1.709207425999999941e+03 1.805981299999999919e+03
9.125000000000000000e+00 1.158472055999999917e+01 1.709441961999999876e+03 1.805981299999999919e+03
9.129999999999999005e+00 1.156213104000000058e+01 1.709630207999999811e+03 1.805981299999999919e+03
9.134999999999999787e+00 1.156213104000000058e+01 1.709630207999999811e+03 1.805981299999999919e+03
9.139999999999998792e+00 1.157324063999999630e+01 1.709537628000000041e+03 1.805981299999999919e+03
9.144999999999999574e+00 1.160175528000000078e+01 1.709300005999999939e+03 1.805981299999999919e+03
9.150000000000000355e+00 1.160731007999999953e+01 1.709253715999999940e+03 1.805981299999999919e+03
9.154999999999999361e+00 1.155065111999999772e+01 1.709725873999999976e+03 1.805981299999999919e+03
9.160000000000000142e+00 1.157324063999999630e+01 1.709537628000000041e+03 1.805981299999999919e+03
9.164999999999999147e+00 1.152806159999999736e+01 1.709914119999999912e+03 1.805981299999999919e+03
9.169999999999999929e+00 1.158472055999999917e+01 1.709441961999999876e+03 1.805981299999999919e+03
9.174999999999998934e+00 1.157916576000000042e+01 1.709488251999999875e+03 1.805981299999999919e+03
9.179999999999999716e+00 1.158472055999999917e+01 1.709441961999999876e+03 1.805981299999999919e+03
9.184999999999998721e+00 1.159620048000000025e+01 1.709346295999999938e+03 1.805981299999999919e+03
9.189999999999999503e+00 1.157324063999999630e+01 1.709537628000000041e+03 1.805981299999999919e+03
9.195000000000000284e+00 1.157324063999999630e+01 1.709537628000000041e+03 1.805981299999999919e+03
9.199999999999999289e+00 1.152250679999999861e+01 1.709960409999999911e+03 1.805981299999999919e+03
9.205000000000000071e+00 1.159027535999999614e+01 1.709395671999999877e+03 1.805981299999999919e+03
9.209999999999999076e+00 1.155657624000000183e+01 1.709676497999999810e+03 1.805981299999999919e+03
9.214999999999999858e+00 1.148880768000000074e+01 1.710241235999999844e+03 1.805981299999999919e+03
9.219999999999998863e+00 1.155065111999999772e+01 1.709725873999999976e+03 1.805981299999999919e+03
9.224999999999999645e+00 1.159027535999999614e+01 1.709395671999999877e+03 1.805981299999999919e+03
9.229999999999998650e+00 1.153398672000000147e+01 1.709864743999999973e+03 1.805981299999999919e+03
9.234999999999999432e+00 1.152806159999999736e+01 1.709914119999999912e+03 1.805981299999999919e+03
9.240000000000000213e+00 1.159620048000000025e+01 1.709346295999999938e+03 1.805981299999999919e+03
9.244999999999999218e+00 1.158472055999999917e+01 1.709441961999999876e+03 1.805981299999999919e+03
9.250000000000000000e+00 1.155065111999999772e+01 1.709725873999999976e+03 1.805981299999999919e+03
9.254999999999999005e+00 1.159620048000000025e+01 1.709346295999999938e+03 1.805981299999999919e+03
9.259999999999999787e+00 1.155657624000000183e+01 1.709676497999999810e+03 1.805981299999999919e+03
9.264999999999998792e+00 1.150547207999999699e+01 1.710102365999999847e+03 1.805981299999999919e+03
9.269999999999999574e+00 1.150547207999999699e+01 1.710102365999999847e+03 1.805981299999999919e+03
9.275000000000000355e+00 1.156768583999999755e+01 1.709583918000000040e+03 1.805981299999999919e+03
9.279999999999999361e+00 1.153954152000000022e+01 1.709818453999999974e+03 1.805981299999999919e+03
9.285000000000000142e+00 1.151695200000000163e+01 1.710006699999999910e+03 1.805981299999999919e+03
9.289999999999999147e+00 1.150547207999999699e+01 1.710102365999999847e+03 1.805981299999999919e+03
9.294999999999999929e+00 1.155065111999999772e+01 1.709725873999999976e+03 1.805981299999999919e+03
9.299999999999998934e+00 1.148288255999999841e+01 1.710290612000000010e+03 1.805981299999999919e+03
9.304999999999999716e+00 1.157916576000000042e+01 1.709488251999999875e+03 1.805981299999999919e+03
9.309999999999998721e+00 1.157916576000000042e+01 1.709488251999999875e+03 1.805981299999999919e+03
9.314999999999999503e+00 1.152806159999999736e+01 1.709914119999999912e+03 1.805981299999999919e+03
9.320000000000000284e+00 1.151695200000000163e+01 1.710006699999999910e+03 1.805981299999999919e+03
9.324999999999999289e+00 1.151695200000000163e+01 1.710006699999999910e+03 1.805981299999999919e+03
9.330000000000000071e+00 1.147732775999999788e+01 1.710336902000000009e+03 1.805981299999999919e+03
9.334999999999999076e+00 1.153954152000000022e+01 1.709818453999999974e+03 1.805981299999999919e+03
9.339999999999999858e+00 1.150547207999999699e+01 1.710102365999999847e+03 1.805981299999999919e+03
9.344999999999998863e+00 1.155065111999999772e+01 1.709725873999999976e+03 1.805981299999999919e+03
9.349999999999999645e+00 1.151695200000000163e+01 1.710006699999999910e+03 1.805981299999999919e+03
9.354999999999998650e+00 1.151139720000000111e+01 1.710052989999999909e+03 1.805981299999999919e+03
9.359999999999999432e+00 1.157324063999999630e+01 1.709537628000000041e+03 1.805981299999999919e+03
9.365000000000000213e+00 1.154509631999999719e+01 1.709772163999999975e+03 1.805981299999999919e+03
9.369999999999999218e+00 1.149991727999999824e+01 1.710148655999999846e+03 1.805981299999999919e+03
9.375000000000000000e+00 1.155657624000000183e+01 1.709676497999999810e+03 1.805981299999999919e+03
9.379999999999999005e+00 1.156768583999999755e+01 1.709583918000000040e+03 1.805981299999999919e+03
9.384999999999999787e+00 1.147732775999999788e+01 1.710336902000000009e+03 1.805981299999999919e+03
9.389999999999998792e+00 1.147732775999999788e+01 1.710336902000000009e+03 1.805981299999999919e+03
9.394999999999999574e+00 1.147177296000000091e+01 1.710383192000000008e+03 1.805981299999999919e+03
9.400000000000000355e+00 1.147177296000000091e+01 1.710383192000000008e+03 1.805981299999999919e+03
9.404999999999999361e+00 1.148288255999999841e+01 1.710290612000000010e+03 1.805981299999999919e+03
9.410000000000000142e+00 1.148880768000000074e+01 1.710241235999999844e+03 1.805981299999999919e+03
9.414999999999999147e+00 1.153398672000000147e+01 1.709864743999999973e+03 1.805981299999999919e+03
9.419999999999999929e+00 1.151695200000000163e+01 1.710006699999999910e+03 1.805981299999999919e+03
9.424999999999998934e+00 1.153954152000000022e+01 1.709818453999999974e+03 1.805981299999999919e+03
9.429999999999999716e+00 1.151139720000000111e+01 1.710052989999999909e+03 1.805981299999999919e+03
9.434999999999998721e+00 1.149436248000000127e+01 1.710194945999999845e+03 1.805981299999999919e+03
9.439999999999999503e+00 1.153398672000000147e+01 1.709864743999999973e+03 1.805981299999999919e+03
9.445000000000000284e+00 1.154509631999999719e+01 1.709772163999999975e+03 1.805981299999999919e+03
9.449999999999999289e+00 1.149991727999999824e+01 1.710148655999999846e+03 1.805981299999999919e+03
9.455000000000000071e+00 1.154509631999999719e+01 1.709772163999999975e+03 1.805981299999999919e+03
9.459999999999999076e+00 1.150547207999999699e+01 1.710102365999999847e+03 1.805981299999999919e+03
9.464999999999999858e+00 1.146621816000000038e+01 1.710429482000000007e+03 1.805981299999999919e+03
9.469999999999998863e+00 1.149436248000000127e+01 1.710194945999999845e+03 1.805981299999999919e+03
9.474999999999999645e+00 1.149991727999999824e+01 1.710148655999999846e+03 1.805981299999999919e+03
9.479999999999998650e+00 1.151139720000000111e+01 1.710052989999999909e+03 1.805981299999999919e+03
9.484999999999999432e+00 1.147177296000000091e+01 1.710383192000000008e+03 1.805981299999999919e+03
9.490000000000000213e+00 1.148288255999999841e+01 1.710290612000000010e+03 1.805981299999999919e+03
9.494999999999999218e+00 1.152250679999999861e+01 1.709960409999999911e+03 1.805981299999999919e+03
9.500000000000000000e+00 1.149991727999999824e+01 1.710148655999999846e+03 1.805981299999999919e+03
9.504999999999999005e+00 1.148880768000000074e+01 1.710241235999999844e+03 1.805981299999999919e+03
9.509999999999999787e+00 1.148880768000000074e+01 1.710241235999999844e+03 1.805981299999999919e+03
9.514999999999998792e+00 1.148288255999999841e+01 1.710290612000000010e+03 1.805981299999999919e+03
9.519999999999999574e+00 1.153398672000000147e+01 1.709864743999999973e+03 1.805981299999999919e+03
9.525000000000000355e+00 1.149991727999999824e+01 1.710148655999999846e+03 1.805981299999999919e+03
9.529999999999999361e+00 1.150547207999999699e+01 1.710102365999999847e+03 1.805981299999999919e+03
9.535000000000000142e+00 1.153398672000000147e+01 1.709864743999999973e+03 1.805981299999999919e+03
9.539999999999999147e+00 1.153954152000000022e+01 1.709818453999999974e+03 1.805981299999999919e+03
9.544999999999999929e+00 1.152806159999999736e+01 1.709914119999999912e+03 1.805981299999999919e+03
9.549999999999998934e+00 1.149991727999999824e+01 1.710148655999999846e+03 1.805981299999999919e+03
9.554999999999999716e+00 1.148288255999999841e+01 1.710290612000000010e+03 1.805981299999999919e+03
9.559999999999998721e+00 1.148288255999999841e+01 1.710290612000000010e+03 1.805981299999999919e+03
9.564999999999999503e+00 1.147177296000000091e+01 1.710383192000000008e+03 1.805981299999999919e+03
9.570000000000000284e+00 1.148288255999999841e+01 1.710290612000000010e+03 1.805981299999999919e+03
9.574999999999999289e+00 1.154509631999999719e+01 1.709772163999999975e+03 1.805981299999999919e+03
9.580000000000000071e+00 1.149991727999999824e+01 1.710148655999999846e+03 1.805981299999999919e+03
9.584999999999999076e+00 1.150547207999999699e+01 1.710102365999999847e+03 1.805981299999999919e+03
9.589999999999999858e+00 1.148880768000000074e+01 1.710241235999999844e+03 1.805981299999999919e+03
9.594999999999998863e+00 1.144362864000000179e+01 1.710617727999999943e+03 1.805981299999999919e+03
9.599999999999999645e+00 1.142659392000000196e+01 1.710759683999999879e+03 1.805981299999999919e+03
9.604999999999998650e+00 1.144362864000000179e+01 1.710617727999999943e+03 1.805981299999999919e+03
9.609999999999999432e+00 1.147177296000000091e+01 1.710383192000000008e+03 1.805981299999999919e+03
9.615000000000000213e+00 1.142066879999999784e+01 1.710809060000000045e+03 1.805981299999999919e+03
9.619999999999999218e+00 1.144918344000000054e+01 1.710571437999999944e+03 1.805981299999999919e+03
9.625000000000000000e+00 1.143214871999999893e+01 1.710713393999999880e+03 1.805981299999999919e+03
9.629999999999999005e+00 1.148880768000000074e+01 1.710241235999999844e+03 1.805981299999999919e+03
9.634999999999999787e+00 1.146029303999999804e+01 1.710478857999999946e+03 1.805981299999999919e+03
9.639999999999998792e+00 1.146029303999999804e+01 1.710478857999999946e+03 1.805981299999999919e+03
9.644999999999999574e+00 1.147177296000000091e+01 1.710383192000000008e+03 1.805981299999999919e+03
9.650000000000000355e+00 1.143214871999999893e+01 1.710713393999999880e+03 1.805981299999999919e+03
9.654999999999999361e+00 1.146029303999999804e+01 1.710478857999999946e+03 1.805981299999999919e+03
9.660000000000000142e+00 1.151695200000000163e+01 1.710006699999999910e+03 1.805981299999999919e+03
9.664999999999999147e+00 1.138696967999999821e+01 1.711089885999999979e+03 1.805981299999999919e+03
9.669999999999999929e+00 1.146029303999999804e+01 1.710478857999999946e+03 1.805981299999999919e+03
9.674999999999998934e+00 1.146029303999999804e+01 1.710478857999999946e+03 1.805981299999999919e+03
9.679999999999999716e+00 1.144918344000000054e+01 1.710571437999999944e+03 1.805981299999999919e+03
9.684999999999998721e+00 1.142066879999999784e+01 1.710809060000000045e+03 1.805981299999999919e+03
9.689999999999999503e+00 1.148288255999999841e+01 1.710290612000000010e+03 1.805981299999999919e+03
9.695000000000000284e+00 1.147732775999999788e+01 1.710336902000000009e+03 1.805981299999999919e+03
9.699999999999999289e+00 1.142066879999999784e+01 1.710809060000000045e+03 1.805981299999999919e+03
9.705000000000000071e+00 1.142659392000000196e+01 1.710759683999999879e+03 1.805981299999999919e+03
9.709999999999999076e+00 1.143770351999999946e+01 1.710667103999999881e+03 1.805981299999999919e+03
9.714999999999999858e+00 1.139252447999999873e+01 1.711043595999999980e+03 1.805981299999999919e+03
9.719999999999998863e+00 1.139807927999999926e+01 1.710997305999999980e+03 1.805981299999999919e+03
9.724999999999999645e+00 1.142659392000000196e+01 1.710759683999999879e+03 1.805981299999999919e+03
9.729999999999998650e+00 1.142659392000000196e+01 1.710759683999999879e+03 1.805981299999999919e+03
9.734999999999999432e+00 1.143214871999999893e+01 1.710713393999999880e+03 1.805981299999999919e+03
9.740000000000000213e+00 1.145473823999999752e+01 1.710525147999999945e+03 1.805981299999999919e+03
9.744999999999999218e+00 1.141511399999999909e+01 1.710855349999999817e+03 1.805981299999999919e+03
9.750000000000000000e+00 1.144362864000000179e+01 1.710617727999999943e+03 1.805981299999999919e+03
9.754999999999999005e+00 1.143214871999999893e+01 1.710713393999999880e+03 1.805981299999999919e+03
9.759999999999999787e+00 1.146029303999999804e+01 1.710478857999999946e+03 1.805981299999999919e+03
9.764999999999998792e+00 1.138696967999999821e+01 1.711089885999999979e+03 1.805981299999999919e+03
9.769999999999999574e+00 1.140400440000000160e+01 1.710947929999999815e+03 1.805981299999999919e+03
9.775000000000000355e+00 1.140955919999999857e+01 1.710901640000000043e+03 1.805981299999999919e+03
9.779999999999999361e+00 1.144918344000000054e+01 1.710571437999999944e+03 1.805981299999999919e+03
9.785000000000000142e+00 1.144918344000000054e+01 1.710571437999999944e+03 1.805981299999999919e+03
9.789999999999999147e+00 1.136993495999999837e+01 1.711231841999999915e+03 1.805981299999999919e+03
9.794999999999999929e+00 1.140955919999999857e+01 1.710901640000000043e+03 1.805981299999999919e+03
9.799999999999998934e+00 1.140400440000000160e+01 1.710947929999999815e+03 1.805981299999999919e+03
9.804999999999999716e+00 1.135882535999999732e+01 1.711324421999999913e+03 1.805981299999999919e+03
9.809999999999998721e+00 1.141511399999999909e+01 1.710855349999999817e+03 1.805981299999999919e+03
9.814999999999999503e+00 1.136993495999999837e+01 1.711231841999999915e+03 1.805981299999999919e+03
9.820000000000000284e+00 1.144918344000000054e+01 1.710571437999999944e+03 1.805981299999999919e+03
9.824999999999999289e+00 1.142066879999999784e+01 1.710809060000000045e+03 1.805981299999999919e+03
9.830000000000000071e+00 1.148880768000000074e+01 1.710241235999999844e+03 1.805981299999999919e+03
9.834999999999999076e+00 1.140400440000000160e+01 1.710947929999999815e+03 1.805981299999999919e+03
9.839999999999999858e+00 1.143770351999999946e+01 1.710667103999999881e+03 1.805981299999999919e+03
9.844999999999998863e+00 1.144362864000000179e+01 1.710617727999999943e+03 1.805981299999999919e+03
9.849999999999999645e+00 1.140955919999999857e+01 1.710901640000000043e+03 1.805981299999999919e+03
9.854999999999998650e+00 1.143770351999999946e+01 1.710667103999999881e+03 1.805981299999999919e+03
9.859999999999999432e+00 1.141511399999999909e+01 1.710855349999999817e+03 1.805981299999999919e+03
9.865000000000000213e+00 1.146029303999999804e+01 1.710478857999999946e+03 1.805981299999999919e+03
9.869999999999999218e+00 1.147177296000000091e+01 1.710383192000000008e+03 1.805981299999999919e+03
9.875000000000000000e+00 1.142659392000000196e+01 1.710759683999999879e+03 1.805981299999999919e+03
9.879999999999999005e+00 1.143770351999999946e+01 1.710667103999999881e+03 1.805981299999999919e+03
9.884999999999999787e+00 1.139807927999999926e+01 1.710997305999999980e+03 1.805981299999999919e+03
9.889999999999998792e+00 1.135882535999999732e+01 1.711324421999999913e+03 1.805981299999999919e+03
9.894999999999999574e+00 1.143214871999999893e+01 1.710713393999999880e+03 1.805981299999999919e+03
9.900000000000000355e+00 1.137548975999999890e+01 1.711185551999999916e+03 1.805981299999999919e+03
9.904999999999999361e+00 1.141511399999999909e+01 1.710855349999999817e+03 1.805981299999999919e+03
9.910000000000000142e+00 1.134179063999999748e+01 1.711466377999999850e+03 1.805981299999999919e+03
9.914999999999999147e+00 1.135882535999999732e+01 1.711324421999999913e+03 1.805981299999999919e+03
9.919999999999999929e+00 1.141511399999999909e+01 1.710855349999999817e+03 1.805981299999999919e+03
9.924999999999998934e+00 1.139252447999999873e+01 1.711043595999999980e+03 1.805981299999999919e+03
9.929999999999999716e+00 1.138141488000000123e+01 1.711136175999999978e+03 1.805981299999999919e+03
9.934999999999998721e+00 1.139807927999999926e+01 1.710997305999999980e+03 1.805981299999999919e+03
9.939999999999999503e+00 1.136993495999999837e+01 1.711231841999999915e+03 1.805981299999999919e+03
9.945000000000000284e+00 1.141511399999999909e+01 1.710855349999999817e+03 1.805981299999999919e+03
9.949999999999999289e+00 1.139252447999999873e+01 1.711043595999999980e+03 1.805981299999999919e+03
9.955000000000000071e+00 1.140955919999999857e+01 1.710901640000000043e+03 1.805981299999999919e+03
9.959999999999999076e+00 1.137548975999999890e+01 1.711185551999999916e+03 1.805981299999999919e+03
9.964999999999999858e+00 1.137548975999999890e+01 1.711185551999999916e+03 1.805981299999999919e+03
9.969999999999998863e+00 1.143214871999999893e+01 1.710713393999999880e+03 1.805981299999999919e+03
9.974999999999999645e+00 1.139807927999999926e+01 1.710997305999999980e+03 1.805981299999999919e+03
9.979999999999998650e+00 1.139252447999999873e+01 1.711043595999999980e+03 1.805981299999999919e+03
9.984999999999999432e+00 1.140400440000000160e+01 1.710947929999999815e+03 1.805981299999999919e+03
9.990000000000000213e+00 1.142659392000000196e+01 1.710759683999999879e+03 1.805981299999999919e+03
9.994999999999999218e+00 1.138141488000000123e+01 1.711136175999999978e+03 1.805981299999999919e+03
1.000000000000000000e+01 1.135882535999999732e+01 1.711324421999999913e+03 1.805981299999999919e+03
1.000499999999999901e+01 1.134179063999999748e+01 1.711466377999999850e+03 1.805981299999999919e+03
1.000999999999999979e+01 1.134734543999999801e+01 1.711420087999999851e+03 1.805981299999999919e+03
1.001499999999999879e+01 1.136993495999999837e+01 1.711231841999999915e+03 1.805981299999999919e+03
1.001999999999999957e+01 1.142066879999999784e+01 1.710809060000000045e+03 1.805981299999999919e+03
1.002500000000000036e+01 1.139807927999999926e+01 1.710997305999999980e+03 1.805981299999999919e+03
1.002999999999999936e+01 1.142066879999999784e+01 1.710809060000000045e+03 1.805981299999999919e+03
1.003500000000000014e+01 1.139252447999999873e+01 1.711043595999999980e+03 1.805981299999999919e+03
1.003999999999999915e+01 1.138141488000000123e+01 1.711136175999999978e+03 1.805981299999999919e+03
1.004499999999999993e+01 1.140400440000000160e+01 1.710947929999999815e+03 1.805981299999999919e+03
1.004999999999999893e+01 1.141511399999999909e+01 1.710855349999999817e+03 1.805981299999999919e+03
1.005499999999999972e+01 1.138696967999999821e+01 1.711089885999999979e+03 1.805981299999999919e+03
1.005999999999999872e+01 1.135290023999999853e+01 1.711373797999999852e+03 1.805981299999999919e+03
1.006499999999999950e+01 1.141511399999999909e+01 1.710855349999999817e+03 1.805981299999999919e+03
1.007000000000000028e+01 1.140955919999999857e+01 1.710901640000000043e+03 1.805981299999999919e+03
1.007499999999999929e+01 1.138141488000000123e+01 1.711136175999999978e+03 1.805981299999999919e+03
1.008000000000000007e+01 1.141511399999999909e+01 1.710855349999999817e+03 1.805981299999999919e+03
1.008499999999999908e+01 1.140400440000000160e+01 1.710947929999999815e+03 1.805981299999999919e+03
1.008999999999999986e+01 1.140400440000000160e+01 1.710947929999999815e+03 1.805981299999999919e+03
1.009499999999999886e+01 1.140955919999999857e+01 1.710901640000000043e+03 1.805981299999999919e+03
1.009999999999999964e+01 1.146029303999999804e+01 1.710478857999999946e+03 1.805981299999999919e+03
1.010499999999999865e+01 1.139252447999999873e+01 1.711043595999999980e+03 1.805981299999999919e+03
1.010999999999999943e+01 1.138141488000000123e+01 1.711136175999999978e+03 1.805981299999999919e+03
1.011500000000000021e+01 1.142066879999999784e+01 1.710809060000000045e+03 1.805981299999999919e+03
1.011999999999999922e+01 1.142066879999999784e+01 1.710809060000000045e+03 1.805981299999999919e+03
1.012500000000000000e+01 1.137548975999999890e+01 1.711185551999999916e+03 1.805981299999999919e+03
1.012999999999999901e+01 1.143770351999999946e+01 1.710667103999999881e+03 1.805981299999999919e+03
1.013499999999999979e+01 1.142066879999999784e+01 1.710809060000000045e+03 1.805981299999999919e+03
1.013999999999999879e+01 1.136438015999999784e+01 1.711278131999999914e+03 1.805981299999999919e+03
1.014499999999999957e+01 1.136993495999999837e+01 1.711231841999999915e+03 1.805981299999999919e+03
1.015000000000000036e+01 1.139807927999999926e+01 1.710997305999999980e+03 1.805981299999999919e+03
1.015499999999999936e+01 1.136993495999999837e+01 1.711231841999999915e+03 1.805981299999999919e+03
1.016000000000000014e+01 1.136438015999999784e+01 1.711278131999999914e+03 1.805981299999999919e+03
1.016499999999999915e+01 1.136993495999999837e+01 1.711231841999999915e+03 1.805981299999999919e+03
1.016999999999999993e+01 1.140400440000000160e+01 1.710947929999999815e+03 1.805981299999999919e+03
1.017499999999999893e+01 1.140400440000000160e+01 1.710947929999999815e+03 1.805981299999999919e+03
1.017999999999999972e+01 1.141511399999999909e+01 1.710855349999999817e+03 1.805981299999999919e+03
1.018499999999999872e+01 1.140400440000000160e+01 1.710947929999999815e+03 1.805981299999999919e+03
1.018999999999999950e+01 1.139807927999999926e+01 1.710997305999999980e+03 1.805981299999999919e+03
1.019500000000000028e+01 1.141511399999999909e+01 1.710855349999999817e+03 1.805981299999999919e+03
1.019999999999999929e+01 1.139252447999999873e+01 1.711043595999999980e+03 1.805981299999999919e+03
1.020500000000000007e+01 1.131920111999999889e+01 1.711654624000000013e+03 1.805981299999999919e+03
1.020999999999999908e+01 1.137548975999999890e+01 1.711185551999999916e+03 1.805981299999999919e+03
1.021499999999999986e+01 1.129068647999999975e+01 1.711892245999999886e+03 1.805981299999999919e+03
1.021999999999999886e+01 1.136438015999999784e+01 1.711278131999999914e+03 1.805981299999999919e+03
1.022499999999999964e+01 1.133623583999999873e+01 1.711512667999999849e+03 1.805981299999999919e+03
1.022999999999999865e+01 1.138141488000000123e+01 1.711136175999999978e+03 1.805981299999999919e+03
1.023499999999999943e+01 1.136993495999999837e+01 1.711231841999999915e+03 1.805981299999999919e+03
1.024000000000000021e+01 1.136993495999999837e+01 1.711231841999999915e+03 1.805981299999999919e+03
1.024499999999999922e+01 1.133623583999999873e+01 1.711512667999999849e+03 1.805981299999999919e+03
1.025000000000000000e+01 1.136438015999999784e+01 1.711278131999999914e+03 1.805981299999999919e+03
1.025499999999999901e+01 1.133031071999999817e+01 1.711562044000000014e+03 1.805981299999999919e+03
1.025999999999999979e+01 1.136993495999999837e+01 1.711231841999999915e+03 1.805981299999999919e+03
1.026499999999999879e+01 1.136438015999999784e+01 1.711278131999999914e+03 1.805981299999999919e+03
1.026999999999999957e+01 1.134734543999999801e+01 1.711420087999999851e+03 1.805981299999999919e+03
1.027500000000000036e+01 1.134179063999999748e+01 1.711466377999999850e+03 1.805981299999999919e+03
1.027999999999999936e+01 1.138141488000000123e+01 1.711136175999999978e+03 1.805981299999999919e+03
1.028500000000000014e+01 1.136993495999999837e+01 1.711231841999999915e+03 1.805981299999999919e+03
1.028999999999999915e+01 1.138696967999999821e+01 1.711089885999999979e+03 1.805981299999999919e+03
1.029499999999999993e+01 1.138141488000000123e+01 1.711136175999999978e+03 1.805981299999999919e+03
1.029999999999999893e+01 1.136993495999999837e+01 1.711231841999999915e+03 1.805981299999999919e+03
1.030499999999999972e+01 1.137548975999999890e+01 1.711185551999999916e+03 1.805981299999999919e+03
1.030999999999999872e+01 1.132475591999999942e+01 1.711608334000000013e+03 1.805981299999999919e+03
1.031499999999999950e+01 1.134179063999999748e+01 1.711466377999999850e+03 1.805981299999999919e+03
1.032000000000000028e+01 1.135882535999999732e+01 1.711324421999999913e+03 1.805981299999999919e+03
1.032499999999999929e+01 1.132475591999999942e+01 1.711608334000000013e+03 1.805981299999999919e+03
1.033000000000000007e+01 1.134179063999999748e+01 1.711466377999999850e+03 1.805981299999999919e+03
1.033499999999999908e+01 1.138696967999999821e+01 1.711089885999999979e+03 1.805981299999999919e+03
1.033999999999999986e+01 1.137548975999999890e+01 1.711185551999999916e+03 1.805981299999999919e+03
1.034499999999999886e+01 1.134179063999999748e+01 1.711466377999999850e+03 1.805981299999999919e+03
1.034999999999999964e+01 1.135290023999999853e+01 1.711373797999999852e+03 1.805981299999999919e+03
1.035499999999999865e+01 1.133623583999999873e+01 1.711512667999999849e+03 1.805981299999999919e+03
1.035999999999999943e+01 1.132475591999999942e+01 1.711608334000000013e+03 1.805981299999999919e+03
1.036500000000000021e+01 1.138696967999999821e+01 1.711089885999999979e+03 1.805981299999999919e+03
1.036999999999999922e+01 1.133031071999999817e+01 1.711562044000000014e+03 1.805981299999999919e+03
1.037500000000000000e+01 1.134734543999999801e+01 1.711420087999999851e+03 1.805981299999999919e+03
1.037999999999999901e+01 1.140955919999999857e+01 1.710901640000000043e+03 1.805981299999999919e+03
1.038499999999999979e+01 1.136438015999999784e+01 1.711278131999999914e+03 1.805981299999999919e+03
1.038999999999999879e+01 1.134734543999999801e+01 1.711420087999999851e+03 1.805981299999999919e+03
1.039499999999999957e+01 1.134734543999999801e+01 1.711420087999999851e+03 1.805981299999999919e+03
1.040000000000000036e+01 1.134734543999999801e+01 1.711420087999999851e+03 1.805981299999999919e+03
1.040499999999999936e+01 1.139252447999999873e+01 1.711043595999999980e+03 1.805981299999999919e+03
1.041000000000000014e+01 1.132475591999999942e+01 1.711608334000000013e+03 1.805981299999999919e+03
1.041499999999999915e+01 1.137548975999999890e+01 1.711185551999999916e+03 1.805981299999999919e+03
1.041999999999999993e+01 1.134734543999999801e+01 1.711420087999999851e+03 1.805981299999999919e+03
1.042499999999999893e+01 1.131920111999999889e+01 1.711654624000000013e+03 1.805981299999999919e+03
1.042999999999999972e+01 1.134179063999999748e+01 1.711466377999999850e+03 1.805981299999999919e+03
1.043499999999999872e+01 1.135882535999999732e+01 1.711324421999999913e+03 1.805981299999999919e+03
1.043999999999999950e+01 1.131364631999999837e+01 1.711700914000000012e+03 1.805981299999999919e+03
1.044500000000000028e+01 1.133031071999999817e+01 1.711562044000000014e+03 1.805981299999999919e+03
1.044999999999999929e+01 1.142659392000000196e+01 1.710759683999999879e+03 1.805981299999999919e+03
1.045500000000000007e+01 1.136438015999999784e+01 1.711278131999999914e+03 1.805981299999999919e+03
1.045999999999999908e+01 1.133031071999999817e+01 1.711562044000000014e+03 1.805981299999999919e+03
1.046499999999999986e+01 1.128513167999999922e+01 1.711938535999999885e+03 1.805981299999999919e+03
1.046999999999999886e+01 1.134179063999999748e+01 1.711466377999999850e+03 1.805981299999999919e+03
1.047499999999999964e+01 1.135882535999999732e+01 1.711324421999999913e+03 1.805981299999999919e+03
1.047999999999999865e+01 1.134179063999999748e+01 1.711466377999999850e+03 1.805981299999999919e+03
1.048499999999999943e+01 1.133623583999999873e+01 1.711512667999999849e+03 1.805981299999999919e+03
1.049000000000000021e+01 1.129661159999999853e+01 1.711842869999999948e+03 1.805981299999999919e+03
1.049499999999999922e+01 1.130216639999999906e+01 1.711796579999999949e+03 1.805981299999999919e+03
1.050000000000000000e+01 1.130216639999999906e+01 1.711796579999999949e+03 1.805981299999999919e+03
1.050499999999999901e+01 1.130216639999999906e+01 1.711796579999999949e+03 1.805981299999999919e+03
1.050999999999999979e+01 1.133623583999999873e+01 1.711512667999999849e+03 1.805981299999999919e+03
1.051499999999999879e+01 1.133031071999999817e+01 1.711562044000000014e+03 1.805981299999999919e+03
1.051999999999999957e+01 1.132475591999999942e+01 1.711608334000000013e+03 1.805981299999999919e+03
1.052500000000000036e+01 1.130216639999999906e+01 1.711796579999999949e+03 1.805981299999999919e+03
1.052999999999999936e+01 1.133031071999999817e+01 1.711562044000000014e+03 1.805981299999999919e+03
1.053500000000000014e+01 1.131364631999999837e+01 1.711700914000000012e+03 1.805981299999999919e+03
1.053999999999999915e+01 1.131364631999999837e+01 1.711700914000000012e+03 1.805981299999999919e+03
1.054499999999999993e+01 1.130216639999999906e+01 1.711796579999999949e+03 1.805981299999999919e+03
1.054999999999999893e+01 1.133623583999999873e+01 1.711512667999999849e+03 1.805981299999999919e+03
1.055499999999999972e+01 1.135290023999999853e+01 1.711373797999999852e+03 1.805981299999999919e+03
1.055999999999999872e+01 1.133031071999999817e+01 1.711562044000000014e+03 1.805981299999999919e+03
1.056499999999999950e+01 1.134734543999999801e+01 1.711420087999999851e+03 1.805981299999999919e+03
1.057000000000000028e+01 1.128513167999999922e+01 1.711938535999999885e+03 1.805981299999999919e+03
1.057499999999999929e+01 1.129068647999999975e+01 1.711892245999999886e+03 1.805981299999999919e+03
1.058000000000000007e+01 1.129661159999999853e+01 1.711842869999999948e+03 1.805981299999999919e+03
1.058499999999999908e+01 1.126809695999999938e+01 1.712080491999999822e+03 1.805981299999999919e+03
1.058999999999999986e+01 1.133623583999999873e+01 1.711512667999999849e+03 1.805981299999999919e+03
1.059499999999999886e+01 1.131364631999999837e+01 1.711700914000000012e+03 1.805981299999999919e+03
1.059999999999999964e+01 1.130772119999999958e+01 1.711750289999999950e+03 1.805981299999999919e+03
1.060499999999999865e+01 1.135290023999999853e+01 1.711373797999999852e+03 1.805981299999999919e+03
1.060999999999999943e+01 1.133031071999999817e+01 1.711562044000000014e+03 1.805981299999999919e+03
1.061500000000000021e+01 1.130772119999999958e+01 1.711750289999999950e+03 1.805981299999999919e+03
1.061999999999999922e+01 1.125698735999999833e+01 1.712173072000000047e+03 1.805981299999999919e+03
1.062500000000000000e+01 1.123995263999999850e+01 1.712315027999999984e+03 1.805981299999999919e+03
1.062999999999999901e+01 1.130772119999999958e+01 1.711750289999999950e+03 1.805981299999999919e+03
1.063499999999999979e+01 1.126809695999999938e+01 1.712080491999999822e+03 1.805981299999999919e+03
1.063999999999999879e+01 1.131364631999999837e+01 1.711700914000000012e+03 1.805981299999999919e+03
1.064499999999999957e+01 1.130772119999999958e+01 1.711750289999999950e+03 1.805981299999999919e+03
1.065000000000000036e+01 1.133031071999999817e+01 1.711562044000000014e+03 1.805981299999999919e+03
1.065499999999999936e+01 1.126809695999999938e+01 1.712080491999999822e+03 1.805981299999999919e+03
1.066000000000000014e+01 1.125143255999999781e+01 1.712219361999999819e+03 1.805981299999999919e+03
1.066499999999999915e+01 1.124550743999999902e+01 1.712268737999999985e+03 1.805981299999999919e+03
1.066999999999999993e+01 1.133031071999999817e+01 1.711562044000000014e+03 1.805981299999999919e+03
1.067499999999999893e+01 1.129661159999999853e+01 1.711842869999999948e+03 1.805981299999999919e+03
1.067999999999999972e+01 1.129661159999999853e+01 1.711842869999999948e+03 1.805981299999999919e+03
1.068499999999999872e+01 1.128513167999999922e+01 1.711938535999999885e+03 1.805981299999999919e+03
1.068999999999999950e+01 1.134179063999999748e+01 1.711466377999999850e+03 1.805981299999999919e+03
1.069500000000000028e+01 1.136438015999999784e+01 1.711278131999999914e+03 1.805981299999999919e+03
1.069999999999999929e+01 1.134179063999999748e+01 1.711466377999999850e+03 1.805981299999999919e+03
1.070500000000000007e+01 1.131920111999999889e+01 1.711654624000000013e+03 1.805981299999999919e+03
1.070999999999999908e+01 1.129661159999999853e+01 1.711842869999999948e+03 1.805981299999999919e+03
1.071499999999999986e+01 1.130772119999999958e+01 1.711750289999999950e+03 1.805981299999999919e+03
1.071999999999999886e+01 1.129068647999999975e+01 1.711892245999999886e+03 1.805981299999999919e+03
1.072499999999999964e+01 1.133031071999999817e+01 1.711562044000000014e+03 1.805981299999999919e+03
1.072999999999999865e+01 1.125143255999999781e+01 1.712219361999999819e+03 1.805981299999999919e+03
1.073499999999999943e+01 1.125698735999999833e+01 1.712173072000000047e+03 1.805981299999999919e+03
1.074000000000000021e+01 1.128513167999999922e+01 1.711938535999999885e+03 1.805981299999999919e+03
1.074499999999999922e+01 1.127402207999999817e+01 1.712031115999999884e+03 1.805981299999999919e+03
1.075000000000000000e+01 1.126254215999999886e+01 1.712126781999999821e+03 1.805981299999999919e+03
1.075499999999999901e+01 1.127402207999999817e+01 1.712031115999999884e+03 1.805981299999999919e+03
1.075999999999999979e+01 1.124550743999999902e+01 1.712268737999999985e+03 1.805981299999999919e+03
1.076499999999999879e+01 1.129068647999999975e+01 1.711892245999999886e+03 1.805981299999999919e+03
1.076999999999999957e+01 1.133031071999999817e+01 1.711562044000000014e+03 1.805981299999999919e+03
1.077500000000000036e+01 1.127957687999999870e+01 1.711984825999999885e+03 1.805981299999999919e+03
1.077999999999999936e+01 1.130772119999999958e+01 1.711750289999999950e+03 1.805981299999999919e+03
1.078500000000000014e+01 1.124550743999999902e+01 1.712268737999999985e+03 1.805981299999999919e+03
1.078999999999999915e+01 1.122291791999999866e+01 1.712456983999999920e+03 1.805981299999999919e+03
1.079499999999999993e+01 1.126254215999999886e+01 1.712126781999999821e+03 1.805981299999999919e+03
1.079999999999999893e+01 1.125698735999999833e+01 1.712173072000000047e+03 1.805981299999999919e+03
1.080499999999999972e+01 1.123439783999999797e+01 1.712361317999999983e+03 1.805981299999999919e+03
1.080999999999999872e+01 1.126809695999999938e+01 1.712080491999999822e+03 1.805981299999999919e+03
1.081499999999999950e+01 1.125143255999999781e+01 1.712219361999999819e+03 1.805981299999999919e+03
1.082000000000000028e+01 1.123995263999999850e+01 1.712315027999999984e+03 1.805981299999999919e+03
1.082499999999999929e+01 1.125143255999999781e+01 1.712219361999999819e+03 1.805981299999999919e+03
1.083000000000000007e+01 1.123995263999999850e+01 1.712315027999999984e+03 1.805981299999999919e+03
1.083499999999999908e+01 1.118366400000000027e+01 1.712784099999999853e+03 1.805981299999999919e+03
1.083999999999999986e+01 1.119477359999999955e+01 1.712691519999999855e+03 1.805981299999999919e+03
1.084499999999999886e+01 1.128513167999999922e+01 1.711938535999999885e+03 1.805981299999999919e+03
1.084999999999999964e+01 1.123995263999999850e+01 1.712315027999999984e+03 1.805981299999999919e+03
1.085499999999999865e+01 1.123439783999999797e+01 1.712361317999999983e+03 1.805981299999999919e+03
1.085999999999999943e+01 1.125143255999999781e+01 1.712219361999999819e+03 1.805981299999999919e+03
1.086500000000000021e+01 1.124550743999999902e+01 1.712268737999999985e+03 1.805981299999999919e+03
1.086999999999999922e+01 1.125143255999999781e+01 1.712219361999999819e+03 1.805981299999999919e+03
1.087500000000000000e+01 1.128513167999999922e+01 1.711938535999999885e+03 1.805981299999999919e+03
1.087999999999999901e+01 1.121736311999999813e+01 1.712503273999999919e+03 1.805981299999999919e+03
1.088499999999999979e+01 1.121736311999999813e+01 1.712503273999999919e+03 1.805981299999999919e+03
1.088999999999999879e+01 1.119477359999999955e+01 1.712691519999999855e+03 1.805981299999999919e+03
1.089499999999999957e+01 1.126809695999999938e+01 1.712080491999999822e+03 1.805981299999999919e+03
1.090000000000000036e+01 1.122884303999999744e+01 1.712407607999999982e+03 1.805981299999999919e+03
1.090499999999999936e+01 1.122291791999999866e+01 1.712456983999999920e+03 1.805981299999999919e+03
1.091000000000000014e+01 1.123439783999999797e+01 1.712361317999999983e+03 1.805981299999999919e+03
1.091499999999999915e+01 1.123995263999999850e+01 1.712315027999999984e+03 1.805981299999999919e+03
1.091999999999999993e+01 1.123439783999999797e+01 1.712361317999999983e+03 1.805981299999999919e+03
1.092499999999999893e+01 1.122884303999999744e+01 1.712407607999999982e+03 1.805981299999999919e+03
1.092999999999999972e+01 1.127402207999999817e+01 1.712031115999999884e+03 1.805981299999999919e+03
1.093499999999999872e+01 1.126809695999999938e+01 1.712080491999999822e+03 1.805981299999999919e+03
1.093999999999999950e+01 1.121180831999999938e+01 1.712549563999999918e+03 1.805981299999999919e+03
1.094500000000000028e+01 1.121736311999999813e+01 1.712503273999999919e+03 1.805981299999999919e+03
1.094999999999999929e+01 1.126809695999999938e+01 1.712080491999999822e+03 1.805981299999999919e+03
1.095500000000000007e+01 1.127957687999999870e+01 1.711984825999999885e+03 1.805981299999999919e+03
1.095999999999999908e+01 1.126809695999999938e+01 1.712080491999999822e+03 1.805981299999999919e+03
1.096499999999999986e+01 1.122884303999999744e+01 1.712407607999999982e+03 1.805981299999999919e+03
1.096999999999999886e+01 1.127957687999999870e+01 1.711984825999999885e+03 1.805981299999999919e+03
1.097499999999999964e+01 1.125143255999999781e+01 1.712219361999999819e+03 1.805981299999999919e+03
1.097999999999999865e+01 1.127402207999999817e+01 1.712031115999999884e+03 1.805981299999999919e+03
1.098499999999999943e+01 1.122291791999999866e+01 1.712456983999999920e+03 1.805981299999999919e+03
1.099000000000000021e+01 1.122884303999999744e+01 1.712407607999999982e+03 1.805981299999999919e+03
1.099499999999999922e+01 1.119477359999999955e+01 1.712691519999999855e+03 1.805981299999999919e+03
1.100000000000000000e+01 1.129661159999999853e+01 1.711842869999999948e+03 1.805981299999999919e+03
1.100499999999999901e+01 1.121736311999999813e+01 1.712503273999999919e+03 1.805981299999999919e+03
1.100999999999999979e+01 1.121180831999999938e+01 1.712549563999999918e+03 1.805981299999999919e+03
1.101499999999999879e+01 1.123995263999999850e+01 1.712315027999999984e+03 1.805981299999999919e+03
1.101999999999999957e+01 1.117773887999999971e+01 1.712833476000000019e+03 1.805981299999999919e+03
1.102500000000000036e+01 1.118921879999999902e+01 1.712737809999999854e+03 1.805981299999999919e+03
1.102999999999999936e+01 1.120625352000000063e+01 1.712595853999999918e+03 1.805981299999999919e+03
1.103500000000000014e+01 1.124550743999999902e+01 1.712268737999999985e+03 1.805981299999999919e+03
1.103999999999999915e+01 1.125143255999999781e+01 1.712219361999999819e+03 1.805981299999999919e+03
1.104499999999999993e+01 1.120625352000000063e+01 1.712595853999999918e+03 1.805981299999999919e+03
1.104999999999999893e+01 1.130216639999999906e+01 1.711796579999999949e+03 1.805981299999999919e+03
1.105499999999999972e+01 1.123995263999999850e+01 1.712315027999999984e+03 1.805981299999999919e+03
1.105999999999999872e+01 1.122884303999999744e+01 1.712407607999999982e+03 1.805981299999999919e+03
1.106499999999999950e+01 1.120625352000000063e+01 1.712595853999999918e+03 1.805981299999999919e+03
1.107000000000000028e+01 1.120032839999999830e+01 1.712645229999999856e+03 1.805981299999999919e+03
1.107499999999999929e+01 1.125698735999999833e+01 1.712173072000000047e+03 1.805981299999999919e+03
1.108000000000000007e+01 1.127402207999999817e+01 1.712031115999999884e+03 1.805981299999999919e+03
1.108499999999999908e+01 1.131364631999999837e+01 1.711700914000000012e+03 1.805981299999999919e+03
1.108999999999999986e+01 1.121736311999999813e+01 1.712503273999999919e+03 1.805981299999999919e+03
1.109499999999999886e+01 1.123995263999999850e+01 1.712315027999999984e+03 1.805981299999999919e+03
1.109999999999999964e+01 1.120625352000000063e+01 1.712595853999999918e+03 1.805981299999999919e+03
1.110499999999999865e+01 1.122291791999999866e+01 1.712456983999999920e+03 1.805981299999999919e+03
1.110999999999999943e+01 1.123439783999999797e+01 1.712361317999999983e+03 1.805981299999999919e+03
1.111500000000000021e+01 1.121180831999999938e+01 1.712549563999999918e+03 1.805981299999999919e+03
1.111999999999999922e+01 1.122884303999999744e+01 1.712407607999999982e+03 1.805981299999999919e+03
1.112500000000000000e+01 1.123439783999999797e+01 1.712361317999999983e+03 1.805981299999999919e+03
1.112999999999999901e+01 1.127957687999999870e+01 1.711984825999999885e+03 1.805981299999999919e+03
1.113499999999999979e+01 1.124550743999999902e+01 1.712268737999999985e+03 1.805981299999999919e+03
1.113999999999999879e+01 1.118366400000000027e+01 1.712784099999999853e+03 1.805981299999999919e+03
1.114499999999999957e+01 1.121736311999999813e+01 1.712503273999999919e+03 1.805981299999999919e+03
1.115000000000000036e+01 1.114959455999999882e+01 1.713068011999999953e+03 1.805981299999999919e+03
1.115499999999999936e+01 1.122884303999999744e+01 1.712407607999999982e+03 1.805981299999999919e+03
1.116000000000000014e+01 1.126809695999999938e+01 1.712080491999999822e+03 1.805981299999999919e+03
1.116499999999999915e+01 1.122884303999999744e+01 1.712407607999999982e+03 1.805981299999999919e+03
1.116999999999999993e+01 1.123439783999999797e+01 1.712361317999999983e+03 1.805981299999999919e+03
1.117499999999999893e+01 1.123439783999999797e+01 1.712361317999999983e+03 1.805981299999999919e+03
1.117999999999999972e+01 1.122884303999999744e+01 1.712407607999999982e+03 1.805981299999999919e+03
1.118499999999999872e+01 1.116107447999999991e+01 1.712972346000000016e+03 1.805981299999999919e+03
1.118999999999999950e+01 1.120625352000000063e+01 1.712595853999999918e+03 1.805981299999999919e+03
1.119500000000000028e+01 1.122884303999999744e+01 1.712407607999999982e+03 1.805981299999999919e+03
1.119999999999999929e+01 1.118366400000000027e+01 1.712784099999999853e+03 1.805981299999999919e+03
1.120500000000000007e+01 1.122291791999999866e+01 1.712456983999999920e+03 1.805981299999999919e+03
1.120999999999999908e+01 1.116662927999999866e+01 1.712926056000000017e+03 1.805981299999999919e+03
1.121499999999999986e+01 1.123995263999999850e+01 1.712315027999999984e+03 1.805981299999999919e+03
1.121999999999999886e+01 1.122884303999999744e+01 1.712407607999999982e+03 1.805981299999999919e+03
1.122499999999999964e+01 1.114403975999999830e+01 1.713114301999999952e+03 1.805981299999999919e+03
1.122999999999999865e+01 1.114959455999999882e+01 1.713068011999999953e+03 1.805981299999999919e+03
1.123499999999999943e+01 1.127402207999999817e+01 1.712031115999999884e+03 1.805981299999999919e+03
1.124000000000000021e+01 1.125143255999999781e+01 1.712219361999999819e+03 1.805981299999999919e+03
1.124499999999999922e+01 1.129661159999999853e+01 1.711842869999999948e+03 1.805981299999999919e+03
1.125000000000000000e+01 1.124550743999999902e+01 1.712268737999999985e+03 1.805981299999999919e+03
1.125499999999999901e+01 1.117218407999999918e+01 1.712879766000000018e+03 1.805981299999999919e+03
1.125999999999999979e+01 1.119477359999999955e+01 1.712691519999999855e+03 1.805981299999999919e+03
1.126499999999999879e+01 1.121180831999999938e+01 1.712549563999999918e+03 1.805981299999999919e+03
1.126999999999999957e+01 1.122884303999999744e+01 1.712407607999999982e+03 1.805981299999999919e+03
1.127500000000000036e+01 1.125698735999999833e+01 1.712173072000000047e+03 1.805981299999999919e+03
1.127999999999999936e+01 1.125143255999999781e+01 1.712219361999999819e+03 1.805981299999999919e+03
1.128500000000000014e+01 1.123439783999999797e+01 1.712361317999999983e+03 1.805981299999999919e+03
1.128999999999999915e+01 1.120032839999999830e+01 1.712645229999999856e+03 1.805981299999999919e+03
1.129499999999999993e+01 1.125143255999999781e+01 1.712219361999999819e+03 1.805981299999999919e+03
1.129999999999999893e+01 1.117773887999999971e+01 1.712833476000000019e+03 1.805981299999999919e+03
1.130499999999999972e+01 1.121736311999999813e+01 1.712503273999999919e+03 1.805981299999999919e+03
1.130999999999999872e+01 1.118921879999999902e+01 1.712737809999999854e+03 1.805981299999999919e+03
1.131499999999999950e+01 1.118921879999999902e+01 1.712737809999999854e+03 1.805981299999999919e+03
1.132000000000000028e+01 1.123995263999999850e+01 1.712315027999999984e+03 1.805981299999999919e+03
1.132499999999999929e+01 1.116107447999999991e+01 1.712972346000000016e+03 1.805981299999999919e+03
1.133000000000000007e+01 1.116662927999999866e+01 1.712926056000000017e+03 1.805981299999999919e+03
1.133499999999999908e+01 1.118366400000000027e+01 1.712784099999999853e+03 1.805981299999999919e+03
1.133999999999999986e+01 1.118366400000000027e+01 1.712784099999999853e+03 1.805981299999999919e+03
1.134499999999999886e+01 1.117773887999999971e+01 1.712833476000000019e+03 1.805981299999999919e+03
1.134999999999999964e+01 1.117773887999999971e+01 1.712833476000000019e+03 1.805981299999999919e+03
1.135499999999999865e+01 1.111552511999999915e+01 1.713351923999999826e+03 1.805981299999999919e+03
1.135999999999999943e+01 1.121736311999999813e+01 1.712503273999999919e+03 1.805981299999999919e+03
1.136500000000000021e+01 1.119477359999999955e+01 1.712691519999999855e+03 1.805981299999999919e+03
1.136999999999999922e+01 1.121736311999999813e+01 1.712503273999999919e+03 1.805981299999999919e+03
1.137500000000000000e+01 1.119477359999999955e+01 1.712691519999999855e+03 1.805981299999999919e+03
1.137999999999999901e+01 1.116107447999999991e+01 1.712972346000000016e+03 1.805981299999999919e+03
1.138499999999999979e+01 1.116107447999999991e+01 1.712972346000000016e+03 1.805981299999999919e+03
1.138999999999999879e+01 1.121180831999999938e+01 1.712549563999999918e+03 1.805981299999999919e+03
1.139499999999999957e+01 1.120625352000000063e+01 1.712595853999999918e+03 1.805981299999999919e+03
1.140000000000000036e+01 1.118921879999999902e+01 1.712737809999999854e+03 1.805981299999999919e+03
1.140499999999999936e+01 1.122884303999999744e+01 1.712407607999999982e+03 1.805981299999999919e+03
1.141000000000000014e+01 1.121180831999999938e+01 1.712549563999999918e+03 1.805981299999999919e+03
1.141499999999999915e+01 1.114959455999999882e+01 1.713068011999999953e+03 1.805981299999999919e+03
1.141999999999999993e+01 1.117773887999999971e+01 1.712833476000000019e+03 1.805981299999999919e+03
1.142499999999999893e+01 1.112700503999999846e+01 1.713256257999999889e+03 1.805981299999999919e+03
1.142999999999999972e+01 1.113811463999999951e+01 1.713163677999999891e+03 1.805981299999999919e+03
1.143499999999999872e+01 1.111552511999999915e+01 1.713351923999999826e+03 1.805981299999999919e+03
1.143999999999999950e+01 1.114959455999999882e+01 1.713068011999999953e+03 1.805981299999999919e+03
1.144500000000000028e+01 1.113811463999999951e+01 1.713163677999999891e+03 1.805981299999999919e+03
1.144999999999999929e+01 1.111552511999999915e+01 1.713351923999999826e+03 1.805981299999999919e+03
1.145500000000000007e+01 1.112700503999999846e+01 1.713256257999999889e+03 1.805981299999999919e+03
1.145999999999999908e+01 1.113811463999999951e+01 1.713163677999999891e+03 1.805981299999999919e+03
1.146499999999999986e+01 1.114959455999999882e+01 1.713068011999999953e+03 1.805981299999999919e+03
1.146999999999999886e+01 1.112145023999999793e+01 1.713302547999999888e+03 1.805981299999999919e+03
1.147499999999999964e+01 1.117218407999999918e+01 1.712879766000000018e+03 1.805981299999999919e+03
1.147999999999999865e+01 1.115514935999999935e+01 1.713021721999999954e+03 1.805981299999999919e+03
1.148499999999999943e+01 1.112145023999999793e+01 1.713302547999999888e+03 1.805981299999999919e+03
1.149000000000000021e+01 1.112700503999999846e+01 1.713256257999999889e+03 1.805981299999999919e+03
1.149499999999999922e+01 1.118921879999999902e+01 1.712737809999999854e+03 1.805981299999999919e+03
1.150000000000000000e+01 1.117218407999999918e+01 1.712879766000000018e+03 1.805981299999999919e+03
1.150499999999999901e+01 1.119477359999999955e+01 1.712691519999999855e+03 1.805981299999999919e+03
1.150999999999999979e+01 1.122884303999999744e+01 1.712407607999999982e+03 1.805981299999999919e+03
1.151499999999999879e+01 1.121180831999999938e+01 1.712549563999999918e+03 1.805981299999999919e+03
1.151999999999999957e+01 1.118921879999999902e+01 1.712737809999999854e+03 1.805981299999999919e+03
1.152500000000000036e+01 1.121736311999999813e+01 1.712503273999999919e+03 1.805981299999999919e+03
1.152999999999999936e+01 1.117218407999999918e+01 1.712879766000000018e+03 1.805981299999999919e+03
1.153500000000000014e+01 1.113255983999999899e+01 1.713209967999999890e+03 1.805981299999999919e+03
1.153999999999999915e+01 1.118921879999999902e+01 1.712737809999999854e+03 1.805981299999999919e+03
1.154499999999999993e+01 1.120032839999999830e+01 1.712645229999999856e+03 1.805981299999999919e+03
1.154999999999999893e+01 1.113811463999999951e+01 1.713163677999999891e+03 1.805981299999999919e+03
1.155499999999999972e+01 1.110997031999999862e+01 1.713398213999999825e+03 1.805981299999999919e+03
1.155999999999999872e+01 1.110441551999999810e+01 1.713444504000000052e+03 1.805981299999999919e+03
1.156499999999999950e+01 1.109293559999999879e+01 1.713540169999999989e+03 1.805981299999999919e+03
1.157000000000000028e+01 1.112700503999999846e+01 1.713256257999999889e+03 1.805981299999999919e+03
1.157499999999999929e+01 1.113811463999999951e+01 1.713163677999999891e+03 1.805981299999999919e+03
1.158000000000000007e+01 1.112145023999999793e+01 1.713302547999999888e+03 1.805981299999999919e+03
1.158499999999999908e+01 1.110997031999999862e+01 1.713398213999999825e+03 1.805981299999999919e+03
1.158999999999999986e+01 1.112700503999999846e+01 1.713256257999999889e+03 1.805981299999999919e+03
1.159499999999999886e+01 1.112700503999999846e+01 1.713256257999999889e+03 1.805981299999999919e+03
1.159999999999999964e+01 1.110997031999999862e+01 1.713398213999999825e+03 1.805981299999999919e+03
1.160499999999999865e+01 1.112700503999999846e+01 1.713256257999999889e+03 1.805981299999999919e+03
1.160999999999999943e+01 1.118366400000000027e+01 1.712784099999999853e+03 1.805981299999999919e+03
1.161500000000000021e+01 1.109886071999999935e+01 1.713490793999999823e+03 1.805981299999999919e+03
1.161999999999999922e+01 1.117773887999999971e+01 1.712833476000000019e+03 1.805981299999999919e+03
1.162500000000000000e+01 1.120625352000000063e+01 1.712595853999999918e+03 1.805981299999999919e+03
1.162999999999999901e+01 1.114403975999999830e+01 1.713114301999999952e+03 1.805981299999999919e+03
1.163499999999999979e+01 1.114959455999999882e+01 1.713068011999999953e+03 1.805981299999999919e+03
1.163999999999999879e+01 1.116662927999999866e+01 1.712926056000000017e+03 1.805981299999999919e+03
1.164499999999999957e+01 1.116107447999999991e+01 1.712972346000000016e+03 1.805981299999999919e+03
1.165000000000000036e+01 1.113811463999999951e+01 1.713163677999999891e+03 1.805981299999999919e+03
1.165499999999999936e+01 1.110997031999999862e+01 1.713398213999999825e+03 1.805981299999999919e+03
1.166000000000000014e+01 1.108738079999999826e+01 1.713586459999999988e+03 1.805981299999999919e+03
1.166499999999999915e+01 1.116662927999999866e+01 1.712926056000000017e+03 1.805981299999999919e+03
1.166999999999999993e+01 1.109293559999999879e+01 1.713540169999999989e+03 1.805981299999999919e+03
1.167499999999999893e+01 1.111552511999999915e+01 1.713351923999999826e+03 1.805981299999999919e+03
1.167999999999999972e+01 1.120625352000000063e+01 1.712595853999999918e+03 1.805981299999999919e+03
1.168499999999999872e+01 1.108738079999999826e+01 1.713586459999999988e+03 1.805981299999999919e+03
1.168999999999999950e+01 1.106479127999999967e+01 1.713774705999999924e+03 1.805981299999999919e+03
1.169500000000000028e+01 1.108738079999999826e+01 1.713586459999999988e+03 1.805981299999999919e+03
1.169999999999999929e+01 1.104220175999999931e+01 1.713962951999999859e+03 1.805981299999999919e+03
1.170500000000000007e+01 1.109886071999999935e+01 1.713490793999999823e+03 1.805981299999999919e+03
1.170999999999999908e+01 1.106479127999999967e+01 1.713774705999999924e+03 1.805981299999999919e+03
1.171499999999999986e+01 1.107034608000000020e+01 1.713728415999999925e+03 1.805981299999999919e+03
1.171999999999999886e+01 1.108182599999999951e+01 1.713632749999999987e+03 1.805981299999999919e+03
1.172499999999999964e+01 1.107034608000000020e+01 1.713728415999999925e+03 1.805981299999999919e+03
1.172999999999999865e+01 1.101405743999999842e+01 1.714197488000000021e+03 1.805981299999999919e+03
1.173499999999999943e+01 1.109293559999999879e+01 1.713540169999999989e+03 1.805981299999999919e+03
1.174000000000000021e+01 1.108738079999999826e+01 1.713586459999999988e+03 1.805981299999999919e+03
1.174499999999999922e+01 1.112700503999999846e+01 1.713256257999999889e+03 1.805981299999999919e+03
1.175000000000000000e+01 1.107627119999999898e+01 1.713679039999999986e+03 1.805981299999999919e+03
1.175499999999999901e+01 1.109886071999999935e+01 1.713490793999999823e+03 1.805981299999999919e+03
1.175999999999999979e+01 1.114959455999999882e+01 1.713068011999999953e+03 1.805981299999999919e+03
1.176499999999999879e+01 1.115514935999999935e+01 1.713021721999999954e+03 1.805981299999999919e+03
1.176999999999999957e+01 1.108182599999999951e+01 1.713632749999999987e+03 1.805981299999999919e+03
1.177500000000000036e+01 1.116662927999999866e+01 1.712926056000000017e+03 1.805981299999999919e+03
1.177999999999999936e+01 1.113255983999999899e+01 1.713209967999999890e+03 1.805981299999999919e+03
1.178500000000000014e+01 1.112700503999999846e+01 1.713256257999999889e+03 1.805981299999999919e+03
1.178999999999999915e+01 1.109293559999999879e+01 1.713540169999999989e+03 1.805981299999999919e+03
1.179499999999999993e+01 1.108738079999999826e+01 1.713586459999999988e+03 1.805981299999999919e+03
1.179999999999999893e+01 1.113255983999999899e+01 1.713209967999999890e+03 1.805981299999999919e+03
1.180499999999999972e+01 1.110997031999999862e+01 1.713398213999999825e+03 1.805981299999999919e+03
1.180999999999999872e+01 1.109293559999999879e+01 1.713540169999999989e+03 1.805981299999999919e+03
1.181499999999999950e+01 1.108738079999999826e+01 1.713586459999999988e+03 1.805981299999999919e+03
1.182000000000000028e+01 1.107034608000000020e+01 1.713728415999999925e+03 1.805981299999999919e+03
1.182499999999999929e+01 1.103664695999999878e+01 1.714009241999999858e+03 1.805981299999999919e+03
1.183000000000000007e+01 1.109886071999999935e+01 1.713490793999999823e+03 1.805981299999999919e+03
1.183499999999999908e+01 1.103664695999999878e+01 1.714009241999999858e+03 1.805981299999999919e+03
1.183999999999999986e+01 1.107627119999999898e+01 1.713679039999999986e+03 1.805981299999999919e+03
1.184499999999999886e+01 1.109293559999999879e+01 1.713540169999999989e+03 1.805981299999999919e+03
1.184999999999999964e+01 1.112145023999999793e+01 1.713302547999999888e+03 1.805981299999999919e+03
1.185499999999999865e+01 1.110441551999999810e+01 1.713444504000000052e+03 1.805981299999999919e+03
1.185999999999999943e+01 1.108738079999999826e+01 1.713586459999999988e+03 1.805981299999999919e+03
1.186500000000000021e+01 1.109293559999999879e+01 1.713540169999999989e+03 1.805981299999999919e+03
1.186999999999999922e+01 1.110997031999999862e+01 1.713398213999999825e+03 1.805981299999999919e+03
1.187500000000000000e+01 1.108738079999999826e+01 1.713586459999999988e+03 1.805981299999999919e+03
1.187999999999999901e+01 1.109886071999999935e+01 1.713490793999999823e+03 1.805981299999999919e+03
1.188499999999999979e+01 1.110997031999999862e+01 1.713398213999999825e+03 1.805981299999999919e+03
1.188999999999999879e+01 1.113255983999999899e+01 1.713209967999999890e+03 1.805981299999999919e+03
1.189499999999999957e+01 1.117218407999999918e+01 1.712879766000000018e+03 1.805981299999999919e+03
1.190000000000000036e+01 1.113811463999999951e+01 1.713163677999999891e+03 1.805981299999999919e+03
1.190499999999999936e+01 1.107034608000000020e+01 1.713728415999999925e+03 1.805981299999999919e+03
1.191000000000000014e+01 1.110441551999999810e+01 1.713444504000000052e+03 1.805981299999999919e+03
1.191499999999999915e+01 1.113811463999999951e+01 1.713163677999999891e+03 1.805981299999999919e+03
1.191999999999999993e+01 1.113255983999999899e+01 1.713209967999999890e+03 1.805981299999999919e+03
1.192499999999999893e+01 1.118366400000000027e+01 1.712784099999999853e+03 1.805981299999999919e+03
1.192999999999999972e+01 1.118921879999999902e+01 1.712737809999999854e+03 1.805981299999999919e+03
1.193499999999999872e+01 1.109293559999999879e+01 1.713540169999999989e+03 1.805981299999999919e+03
1.193999999999999950e+01 1.107627119999999898e+01 1.713679039999999986e+03 1.805981299999999919e+03
1.194500000000000028e+01 1.109293559999999879e+01 1.713540169999999989e+03 1.805981299999999919e+03
1.194999999999999929e+01 1.112700503999999846e+01 1.713256257999999889e+03 1.805981299999999919e+03
1.195500000000000007e+01 1.111552511999999915e+01 1.713351923999999826e+03 1.805981299999999919e+03
1.195999999999999908e+01 1.109293559999999879e+01 1.713540169999999989e+03 1.805981299999999919e+03
1.196499999999999986e+01 1.110441551999999810e+01 1.713444504000000052e+03 1.805981299999999919e+03
1.196999999999999886e+01 1.108738079999999826e+01 1.713586459999999988e+03 1.805981299999999919e+03
1.197499999999999964e+01 1.107627119999999898e+01 1.713679039999999986e+03 1.805981299999999919e+03
1.197999999999999865e+01 1.107627119999999898e+01 1.713679039999999986e+03 1.805981299999999919e+03
1.198499999999999943e+01 1.103109215999999826e+01 1.714055531999999857e+03 1.805981299999999919e+03
1.199000000000000021e+01 1.108182599999999951e+01 1.713632749999999987e+03 1.805981299999999919e+03
1.199499999999999922e+01 1.112700503999999846e+01 1.713256257999999889e+03 1.805981299999999919e+03
1.200000000000000000e+01 1.105923647999999915e+01 1.713820995999999923e+03 1.805981299999999919e+03
1.200499999999999901e+01 1.108738079999999826e+01 1.713586459999999988e+03 1.805981299999999919e+03
1.200999999999999979e+01 1.109293559999999879e+01 1.713540169999999989e+03 1.805981299999999919e+03
1.201499999999999879e+01 1.103109215999999826e+01 1.714055531999999857e+03 1.805981299999999919e+03
1.201999999999999957e+01 1.109293559999999879e+01 1.713540169999999989e+03 1.805981299999999919e+03
1.202500000000000036e+01 1.114403975999999830e+01 1.713114301999999952e+03 1.805981299999999919e+03
1.202999999999999936e+01 1.108738079999999826e+01 1.713586459999999988e+03 1.805981299999999919e+03
1.203500000000000014e+01 1.105368167999999862e+01 1.713867285999999922e+03 1.805981299999999919e+03
1.203999999999999915e+01 1.109886071999999935e+01 1.713490793999999823e+03 1.805981299999999919e+03
1.204499999999999993e+01 1.109886071999999935e+01 1.713490793999999823e+03 1.805981299999999919e+03
1.204999999999999893e+01 1.106479127999999967e+01 1.713774705999999924e+03 1.805981299999999919e+03
1.205499999999999972e+01 1.103109215999999826e+01 1.714055531999999857e+03 1.805981299999999919e+03
1.205999999999999872e+01 1.109886071999999935e+01 1.713490793999999823e+03 1.805981299999999919e+03
1.206499999999999950e+01 1.108738079999999826e+01 1.713586459999999988e+03 1.805981299999999919e+03
1.206999999999999851e+01 1.107627119999999898e+01 1.713679039999999986e+03 1.805981299999999919e+03
1.207500000000000107e+01 1.105923647999999915e+01 1.713820995999999923e+03 1.805981299999999919e+03
1.208000000000000007e+01 1.108738079999999826e+01 1.713586459999999988e+03 1.805981299999999919e+03
1.208499999999999908e+01 1.107034608000000020e+01 1.713728415999999925e+03 1.805981299999999919e+03
1.208999999999999808e+01 1.110441551999999810e+01 1.713444504000000052e+03 1.805981299999999919e+03
1.209500000000000064e+01 1.109886071999999935e+01 1.713490793999999823e+03 1.805981299999999919e+03
1.209999999999999964e+01 1.107034608000000020e+01 1.713728415999999925e+03 1.805981299999999919e+03
1.210499999999999865e+01 1.108182599999999951e+01 1.713632749999999987e+03 1.805981299999999919e+03
1.211000000000000121e+01 1.113811463999999951e+01 1.713163677999999891e+03 1.805981299999999919e+03
1.211500000000000021e+01 1.112145023999999793e+01 1.713302547999999888e+03 1.805981299999999919e+03
1.211999999999999922e+01 1.110997031999999862e+01 1.713398213999999825e+03 1.805981299999999919e+03
1.212499999999999822e+01 1.112700503999999846e+01 1.713256257999999889e+03 1.805981299999999919e+03
1.213000000000000078e+01 1.106479127999999967e+01 1.713774705999999924e+03 1.805981299999999919e+03
1.213499999999999979e+01 1.108738079999999826e+01 1.713586459999999988e+03 1.805981299999999919e+03
1.213999999999999879e+01 1.105923647999999915e+01 1.713820995999999923e+03 1.805981299999999919e+03
1.214499999999999780e+01 1.112145023999999793e+01 1.713302547999999888e+03 1.805981299999999919e+03
1.215000000000000036e+01 1.107627119999999898e+01 1.713679039999999986e+03 1.805981299999999919e+03
1.215499999999999936e+01 1.110997031999999862e+01 1.713398213999999825e+03 1.805981299999999919e+03
1.215999999999999837e+01 1.110997031999999862e+01 1.713398213999999825e+03 1.805981299999999919e+03
1.216500000000000092e+01 1.111552511999999915e+01 1.713351923999999826e+03 1.805981299999999919e+03
1.216999999999999993e+01 1.106479127999999967e+01 1.713774705999999924e+03 1.805981299999999919e+03
1.217499999999999893e+01 1.108738079999999826e+01 1.713586459999999988e+03 1.805981299999999919e+03
1.217999999999999794e+01 1.113255983999999899e+01 1.713209967999999890e+03 1.805981299999999919e+03
1.218500000000000050e+01 1.112145023999999793e+01 1.713302547999999888e+03 1.805981299999999919e+03
1.218999999999999950e+01 1.115514935999999935e+01 1.713021721999999954e+03 1.805981299999999919e+03
1.219499999999999851e+01 1.118921879999999902e+01 1.712737809999999854e+03 1.805981299999999919e+03
1.220000000000000107e+01 1.116662927999999866e+01 1.712926056000000017e+03 1.805981299999999919e+03
1.220500000000000007e+01 1.114403975999999830e+01 1.713114301999999952e+03 1.805981299999999919e+03
1.220999999999999908e+01 1.117773887999999971e+01 1.712833476000000019e+03 1.805981299999999919e+03
1.221499999999999808e+01 1.117218407999999918e+01 1.712879766000000018e+03 1.805981299999999919e+03
1.222000000000000064e+01 1.114959455999999882e+01 1.713068011999999953e+03 1.805981299999999919e+03
1.222499999999999964e+01 1.108738079999999826e+01 1.713586459999999988e+03 1.805981299999999919e+03
1.222999999999999865e+01 1.116662927999999866e+01 1.712926056000000017e+03 1.805981299999999919e+03
1.223500000000000121e+01 1.112145023999999793e+01 1.713302547999999888e+03 1.805981299999999919e+03
1.224000000000000021e+01 1.105368167999999862e+01 1.713867285999999922e+03 1.805981299999999919e+03
1.224499999999999922e+01 1.114959455999999882e+01 1.713068011999999953e+03 1.805981299999999919e+03
1.224999999999999822e+01 1.108738079999999826e+01 1.713586459999999988e+03 1.805981299999999919e+03
1.225500000000000078e+01 1.115514935999999935e+01 1.713021721999999954e+03 1.805981299999999919e+03
1.225999999999999979e+01 1.113811463999999951e+01 1.713163677999999891e+03 1.805981299999999919e+03
1.226499999999999879e+01 1.112145023999999793e+01 1.713302547999999888e+03 1.805981299999999919e+03
1.226999999999999780e+01 1.113255983999999899e+01 1.713209967999999890e+03 1.805981299999999919e+03
1.227500000000000036e+01 1.113811463999999951e+01 1.713163677999999891e+03 1.805981299999999919e+03
1.227999999999999936e+01 1.112145023999999793e+01 1.713302547999999888e+03 1.805981299999999919e+03
1.228499999999999837e+01 1.114959455999999882e+01 1.713068011999999953e+03 1.805981299999999919e+03
1.229000000000000092e+01 1.108182599999999951e+01 1.713632749999999987e+03 1.805981299999999919e+03
1.229499999999999993e+01 1.108738079999999826e+01 1.713586459999999988e+03 1.805981299999999919e+03
1.229999999999999893e+01 1.110441551999999810e+01 1.713444504000000052e+03 1.805981299999999919e+03
1.230499999999999794e+01 1.104775655999999984e+01 1.713916661999999860e+03 1.805981299999999919e+03
1.231000000000000050e+01 1.109293559999999879e+01 1.713540169999999989e+03 1.805981299999999919e+03
1.231499999999999950e+01 1.110997031999999862e+01 1.713398213999999825e+03 1.805981299999999919e+03
1.231999999999999851e+01 1.109293559999999879e+01 1.713540169999999989e+03 1.805981299999999919e+03
1.232500000000000107e+01 1.107034608000000020e+01 1.713728415999999925e+03 1.805981299999999919e+03
1.233000000000000007e+01 1.108182599999999951e+01 1.713632749999999987e+03 1.805981299999999919e+03
1.233499999999999908e+01 1.107627119999999898e+01 1.713679039999999986e+03 1.805981299999999919e+03
1.233999999999999808e+01 1.110997031999999862e+01 1.713398213999999825e+03 1.805981299999999919e+03
1.234500000000000064e+01 1.114959455999999882e+01 1.713068011999999953e+03 1.805981299999999919e+03
1.234999999999999964e+01 1.117218407999999918e+01 1.712879766000000018e+03 1.805981299999999919e+03
1.235499999999999865e+01 1.109886071999999935e+01 1.713490793999999823e+03 1.805981299999999919e+03
1.236000000000000121e+01 1.111552511999999915e+01 1.713351923999999826e+03 1.805981299999999919e+03
1.236500000000000021e+01 1.109293559999999879e+01 1.713540169999999989e+03 1.805981299999999919e+03
1.236999999999999922e+01 1.105368167999999862e+01 1.713867285999999922e+03 1.805981299999999919e+03
1.237499999999999822e+01 1.108738079999999826e+01 1.713586459999999988e+03 1.805981299999999919e+03
1.238000000000000078e+01 1.110997031999999862e+01 1.713398213999999825e+03 1.805981299999999919e+03
1.238499999999999979e+01 1.106479127999999967e+01 1.713774705999999924e+03 1.805981299999999919e+03
1.238999999999999879e+01 1.108738079999999826e+01 1.713586459999999988e+03 1.805981299999999919e+03
1.239499999999999780e+01 1.112700503999999846e+01 1.713256257999999889e+03 1.805981299999999919e+03
1.240000000000000036e+01 1.108182599999999951e+01 1.713632749999999987e+03 1.805981299999999919e+03
1.240499999999999936e+01 1.109886071999999935e+01 1.713490793999999823e+03 1.805981299999999919e+03
1.240999999999999837e+01 1.108182599999999951e+01 1.713632749999999987e+03 1.805981299999999919e+03
1.241500000000000092e+01 1.112145023999999793e+01 1.713302547999999888e+03 1.805981299999999919e+03
1.241999999999999993e+01 1.111552511999999915e+01 1.713351923999999826e+03 1.805981299999999919e+03
1.242499999999999893e+01 1.109886071999999935e+01 1.713490793999999823e+03 1.805981299999999919e+03
1.242999999999999794e+01 1.111552511999999915e+01 1.713351923999999826e+03 1.805981299999999919e+03
1.243500000000000050e+01 1.117773887999999971e+01 1.712833476000000019e+03 1.805981299999999919e+03
1.243999999999999950e+01 1.111552511999999915e+01 1.713351923999999826e+03 1.805981299999999919e+03
1.244499999999999851e+01 1.110441551999999810e+01 1.713444504000000052e+03 1.805981299999999919e+03
1.245000000000000107e+01 1.110441551999999810e+01 1.713444504000000052e+03 1.805981299999999919e+03
1.245500000000000007e+01 1.107627119999999898e+01 1.713679039999999986e+03 1.805981299999999919e+03
1.245999999999999908e+01 1.106479127999999967e+01 1.713774705999999924e+03 1.805981299999999919e+03
1.246499999999999808e+01 1.112145023999999793e+01 1.713302547999999888e+03 1.805981299999999919e+03
1.247000000000000064e+01 1.114959455999999882e+01 1.713068011999999953e+03 1.805981299999999919e+03
1.247499999999999964e+01 1.109293559999999879e+01 1.713540169999999989e+03 1.805981299999999919e+03
1.247999999999999865e+01 1.110997031999999862e+01 1.713398213999999825e+03 1.805981299999999919e+03
1.248500000000000121e+01 1.105923647999999915e+01 1.713820995999999923e+03 1.805981299999999919e+03
1.249000000000000021e+01 1.108182599999999951e+01 1.713632749999999987e+03 1.805981299999999919e+03
1.249499999999999922e+01 1.106479127999999967e+01 1.713774705999999924e+03 1.805981299999999919e+03
1.249999999999999822e+01 1.108182599999999951e+01 1.713632749999999987e+03 1.805981299999999919e+03
1.250500000000000078e+01 1.107034608000000020e+01 1.713728415999999925e+03 1.805981299999999919e+03
1.250999999999999979e+01 1.108738079999999826e+01 1.713586459999999988e+03 1.805981299999999919e+03
1.251499999999999879e+01 1.109886071999999935e+01 1.713490793999999823e+03 1.805981299999999919e+03
1.251999999999999780e+01 1.117218407999999918e+01 1.712879766000000018e+03 1.805981299999999919e+03
1.252500000000000036e+01 1.112700503999999846e+01 1.713256257999999889e+03 1.805981299999999919e+03
1.252999999999999936e+01 1.107034608000000020e+01 1.713728415999999925e+03 1.805981299999999919e+03
1.253499999999999837e+01 1.102516703999999947e+01 1.714104908000000023e+03 1.805981299999999919e+03
1.254000000000000092e+01 1.107627119999999898e+01 1.713679039999999986e+03 1.805981299999999919e+03
1.254499999999999993e+01 1.113811463999999951e+01 1.713163677999999891e+03 1.805981299999999919e+03
1.254999999999999893e+01 1.111552511999999915e+01 1.713351923999999826e+03 1.805981299999999919e+03
1.255499999999999794e+01 1.111552511999999915e+01 1.713351923999999826e+03 1.805981299999999919e+03
1.256000000000000050e+01 1.112700503999999846e+01 1.713256257999999889e+03 1.805981299999999919e+03
1.256499999999999950e+01 1.108738079999999826e+01 1.713586459999999988e+03 1.805981299999999919e+03
1.256999999999999851e+01 1.113255983999999899e+01 1.713209967999999890e+03 1.805981299999999919e+03
1.257500000000000107e+01 1.109293559999999879e+01 1.713540169999999989e+03 1.805981299999999919e+03
1.258000000000000007e+01 1.109293559999999879e+01 1.713540169999999989e+03 1.805981299999999919e+03
1.258499999999999908e+01 1.108182599999999951e+01 1.713632749999999987e+03 1.805981299999999919e+03
1.258999999999999808e+01 1.116107447999999991e+01 1.712972346000000016e+03 1.805981299999999919e+03
1.259500000000000064e+01 1.112145023999999793e+01 1.713302547999999888e+03 1.805981299999999919e+03
1.259999999999999964e+01 1.112145023999999793e+01 1.713302547999999888e+03 1.805981299999999919e+03
1.260499999999999865e+01 1.108738079999999826e+01 1.713586459999999988e+03 1.805981299999999919e+03
1.261000000000000121e+01 1.106479127999999967e+01 1.713774705999999924e+03 1.805981299999999919e+03
1.261500000000000021e+01 1.103109215999999826e+01 1.714055531999999857e+03 1.805981299999999919e+03
1.261999999999999922e+01 1.105923647999999915e+01 1.713820995999999923e+03 1.805981299999999919e+03
1.262499999999999822e+01 1.112145023999999793e+01 1.713302547999999888e+03 1.805981299999999919e+03
1.263000000000000078e+01 1.107627119999999898e+01 1.713679039999999986e+03 1.805981299999999919e+03
1.263499999999999979e+01 1.114959455999999882e+01 1.713068011999999953e+03 1.805981299999999919e+03
1.263999999999999879e+01 1.105923647999999915e+01 1.713820995999999923e+03 1.805981299999999919e+03
1.264499999999999780e+01 1.107034608000000020e+01 1.713728415999999925e+03 1.805981299999999919e+03
1.265000000000000036e+01 1.099702271999999859e+01 1.714339443999999958e+03 1.805981299999999919e+03
1.265499999999999936e+01 1.102516703999999947e+01 1.714104908000000023e+03 1.805981299999999919e+03
1.265999999999999837e+01 1.101405743999999842e+01 1.714197488000000021e+03 1.805981299999999919e+03
1.266500000000000092e+01 1.101961223999999895e+01 1.714151198000000022e+03 1.805981299999999919e+03
1.266999999999999993e+01 1.104775655999999984e+01 1.713916661999999860e+03 1.805981299999999919e+03
1.267499999999999893e+01 1.105923647999999915e+01 1.713820995999999923e+03 1.805981299999999919e+03
1.267999999999999794e+01 1.106479127999999967e+01 1.713774705999999924e+03 1.805981299999999919e+03
1.268500000000000050e+01 1.104220175999999931e+01 1.713962951999999859e+03 1.805981299999999919e+03
1.268999999999999950e+01 1.103664695999999878e+01 1.714009241999999858e+03 1.805981299999999919e+03
1.269499999999999851e+01 1.106479127999999967e+01 1.713774705999999924e+03 1.805981299999999919e+03
1.270000000000000107e+01 1.104220175999999931e+01 1.713962951999999859e+03 1.805981299999999919e+03
1.270500000000000007e+01 1.101405743999999842e+01 1.714197488000000021e+03 1.805981299999999919e+03
1.270999999999999908e+01 1.105923647999999915e+01 1.713820995999999923e+03 1.805981299999999919e+03
1.271499999999999808e+01 1.101961223999999895e+01 1.714151198000000022e+03 1.805981299999999919e+03
1.272000000000000064e+01 1.109886071999999935e+01 1.713490793999999823e+03 1.805981299999999919e+03
1.272499999999999964e+01 1.109886071999999935e+01 1.713490793999999823e+03 1.805981299999999919e+03
1.272999999999999865e+01 1.108738079999999826e+01 1.713586459999999988e+03 1.805981299999999919e+03
1.273500000000000121e+01 1.109886071999999935e+01 1.713490793999999823e+03 1.805981299999999919e+03
1.274000000000000021e+01 1.108182599999999951e+01 1.713632749999999987e+03 1.805981299999999919e+03
1.274499999999999922e+01 1.107034608000000020e+01 1.713728415999999925e+03 1.805981299999999919e+03
1.274999999999999822e+01 1.109293559999999879e+01 1.713540169999999989e+03 1.805981299999999919e+03
1.275500000000000078e+01 1.111552511999999915e+01 1.713351923999999826e+03 1.805981299999999919e+03
1.275999999999999979e+01 1.107627119999999898e+01 1.713679039999999986e+03 1.805981299999999919e+03
1.276499999999999879e+01 1.105923647999999915e+01 1.713820995999999923e+03 1.805981299999999919e+03
1.276999999999999780e+01 1.103664695999999878e+01 1.714009241999999858e+03 1.805981299999999919e+03
1.277500000000000036e+01 1.108738079999999826e+01 1.713586459999999988e+03 1.805981299999999919e+03
1.277999999999999936e+01 1.108738079999999826e+01 1.713586459999999988e+03 1.805981299999999919e+03
1.278499999999999837e+01 1.104775655999999984e+01 1.713916661999999860e+03 1.805981299999999919e+03
1.279000000000000092e+01 1.099702271999999859e+01 1.714339443999999958e+03 1.805981299999999919e+03
1.279499999999999993e+01 1.098554279999999927e+01 1.714435109999999895e+03 1.805981299999999919e+03
1.279999999999999893e+01 1.105368167999999862e+01 1.713867285999999922e+03 1.805981299999999919e+03
1.280499999999999794e+01 1.106479127999999967e+01 1.713774705999999924e+03 1.805981299999999919e+03
1.281000000000000050e+01 1.106479127999999967e+01 1.713774705999999924e+03 1.805981299999999919e+03
1.281499999999999950e+01 1.103664695999999878e+01 1.714009241999999858e+03 1.805981299999999919e+03
1.281999999999999851e+01 1.104775655999999984e+01 1.713916661999999860e+03 1.805981299999999919e+03
1.282500000000000107e+01 1.100257751999999911e+01 1.714293153999999959e+03 1.805981299999999919e+03
1.283000000000000007e+01 1.099146791999999806e+01 1.714385733999999957e+03 1.805981299999999919e+03
1.283499999999999908e+01 1.100257751999999911e+01 1.714293153999999959e+03 1.805981299999999919e+03
1.283999999999999808e+01 1.103109215999999826e+01 1.714055531999999857e+03 1.805981299999999919e+03
1.284500000000000064e+01 1.104775655999999984e+01 1.713916661999999860e+03 1.805981299999999919e+03
1.284999999999999964e+01 1.099146791999999806e+01 1.714385733999999957e+03 1.805981299999999919e+03
1.285499999999999865e+01 1.105923647999999915e+01 1.713820995999999923e+03 1.805981299999999919e+03
1.286000000000000121e+01 1.104220175999999931e+01 1.713962951999999859e+03 1.805981299999999919e+03
1.286500000000000021e+01 1.099146791999999806e+01 1.714385733999999957e+03 1.805981299999999919e+03
1.286999999999999922e+01 1.108182599999999951e+01 1.713632749999999987e+03 1.805981299999999919e+03
1.287499999999999822e+01 1.106479127999999967e+01 1.713774705999999924e+03 1.805981299999999919e+03
1.288000000000000078e+01 1.103664695999999878e+01 1.714009241999999858e+03 1.805981299999999919e+03
1.288499999999999979e+01 1.105368167999999862e+01 1.713867285999999922e+03 1.805981299999999919e+03
1.288999999999999879e+01 1.108738079999999826e+01 1.713586459999999988e+03 1.805981299999999919e+03
1.289499999999999780e+01 1.104775655999999984e+01 1.713916661999999860e+03 1.805981299999999919e+03
1.290000000000000036e+01 1.101405743999999842e+01 1.714197488000000021e+03 1.805981299999999919e+03
1.290499999999999936e+01 1.106479127999999967e+01 1.713774705999999924e+03 1.805981299999999919e+03
1.290999999999999837e+01 1.104775655999999984e+01 1.713916661999999860e+03 1.805981299999999919e+03
1.291500000000000092e+01 1.101961223999999895e+01 1.714151198000000022e+03 1.805981299999999919e+03
1.291999999999999993e+01 1.108182599999999951e+01 1.713632749999999987e+03 1.805981299999999919e+03
1.292499999999999893e+01 1.104775655999999984e+01 1.713916661999999860e+03 1.805981299999999919e+03
1.292999999999999794e+01 1.101961223999999895e+01 1.714151198000000022e+03 1.805981299999999919e+03
1.293500000000000050e+01 1.100813231999999964e+01 1.714246863999999960e+03 1.805981299999999919e+03
1.293999999999999950e+01 1.100257751999999911e+01 1.714293153999999959e+03 1.805981299999999919e+03
1.294499999999999851e+01 1.101961223999999895e+01 1.714151198000000022e+03 1.805981299999999919e+03
1.295000000000000107e+01 1.092925415999999927e+01 1.714904181999999992e+03 1.805981299999999919e+03
1.295500000000000007e+01 1.095739848000000016e+01 1.714669645999999830e+03 1.805981299999999919e+03
1.295999999999999908e+01 1.101405743999999842e+01 1.714197488000000021e+03 1.805981299999999919e+03
1.296499999999999808e+01 1.102516703999999947e+01 1.714104908000000023e+03 1.805981299999999919e+03
1.297000000000000064e+01 1.101405743999999842e+01 1.714197488000000021e+03 1.805981299999999919e+03
1.297499999999999964e+01 1.102516703999999947e+01 1.714104908000000023e+03 1.805981299999999919e+03
1.297999999999999865e+01 1.103109215999999826e+01 1.714055531999999857e+03 1.805981299999999919e+03
1.298500000000000121e+01 1.106479127999999967e+01 1.713774705999999924e+03 1.805981299999999919e+03
1.299000000000000021e+01 1.104220175999999931e+01 1.713962951999999859e+03 1.805981299999999919e+03
1.299499999999999922e+01 1.103109215999999826e+01 1.714055531999999857e+03 1.805981299999999919e+03
1.299999999999999822e+01 1.103109215999999826e+01 1.714055531999999857e+03 1.805981299999999919e+03
1.300500000000000078e+01 1.101961223999999895e+01 1.714151198000000022e+03 1.805981299999999919e+03
1.300999999999999979e+01 1.103109215999999826e+01 1.714055531999999857e+03 1.805981299999999919e+03
1.301499999999999879e+01 1.109293559999999879e+01 1.713540169999999989e+03 1.805981299999999919e+03
1.301999999999999780e+01 1.110441551999999810e+01 1.713444504000000052e+03 1.805981299999999919e+03
1.302500000000000036e+01 1.110441551999999810e+01 1.713444504000000052e+03 1.805981299999999919e+03
1.302999999999999936e+01 1.101405743999999842e+01 1.714197488000000021e+03 1.805981299999999919e+03
1.303499999999999837e+01 1.104775655999999984e+01 1.713916661999999860e+03 1.805981299999999919e+03
1.304000000000000092e+01 1.109293559999999879e+01 1.713540169999999989e+03 1.805981299999999919e+03
1.304499999999999993e+01 1.104775655999999984e+01 1.713916661999999860e+03 1.805981299999999919e+03
1.304999999999999893e+01 1.106479127999999967e+01 1.713774705999999924e+03 1.805981299999999919e+03
1.305499999999999794e+01 1.110441551999999810e+01 1.713444504000000052e+03 1.805981299999999919e+03
1.306000000000000050e+01 1.109293559999999879e+01 1.713540169999999989e+03 1.805981299999999919e+03
1.306499999999999950e+01 1.103109215999999826e+01 1.714055531999999857e+03 1.805981299999999919e+03
1.306999999999999851e+01 1.102516703999999947e+01 1.714104908000000023e+03 1.805981299999999919e+03
1.307500000000000107e+01 1.106479127999999967e+01 1.713774705999999924e+03 1.805981299999999919e+03
1.308000000000000007e+01 1.103664695999999878e+01 1.714009241999999858e+03 1.805981299999999919e+03
1.308499999999999908e+01 1.105368167999999862e+01 1.713867285999999922e+03 1.805981299999999919e+03
1.308999999999999808e+01 1.102516703999999947e+01 1.714104908000000023e+03 1.805981299999999919e+03
1.309500000000000064e+01 1.104220175999999931e+01 1.713962951999999859e+03 1.805981299999999919e+03
1.309999999999999964e+01 1.096887839999999947e+01 1.714573979999999892e+03 1.805981299999999919e+03
1.310499999999999865e+01 1.102516703999999947e+01 1.714104908000000023e+03 1.805981299999999919e+03
1.311000000000000121e+01 1.102516703999999947e+01 1.714104908000000023e+03 1.805981299999999919e+03
1.311500000000000021e+01 1.101405743999999842e+01 1.714197488000000021e+03 1.805981299999999919e+03
1.311999999999999922e+01 1.104775655999999984e+01 1.713916661999999860e+03 1.805981299999999919e+03
1.312499999999999822e+01 1.100257751999999911e+01 1.714293153999999959e+03 1.805981299999999919e+03
1.313000000000000078e+01 1.104220175999999931e+01 1.713962951999999859e+03 1.805981299999999919e+03
1.313499999999999979e+01 1.102516703999999947e+01 1.714104908000000023e+03 1.805981299999999919e+03
1.313999999999999879e+01 1.108738079999999826e+01 1.713586459999999988e+03 1.805981299999999919e+03
1.314499999999999780e+01 1.106479127999999967e+01 1.713774705999999924e+03 1.805981299999999919e+03
1.315000000000000036e+01 1.103109215999999826e+01 1.714055531999999857e+03 1.805981299999999919e+03
1.315499999999999936e+01 1.103109215999999826e+01 1.714055531999999857e+03 1.805981299999999919e+03
1.315999999999999837e+01 1.099146791999999806e+01 1.714385733999999957e+03 1.805981299999999919e+03
1.316500000000000092e+01 1.099702271999999859e+01 1.714339443999999958e+03 1.805981299999999919e+03
1.316999999999999993e+01 1.104220175999999931e+01 1.713962951999999859e+03 1.805981299999999919e+03
1.317499999999999893e+01 1.114959455999999882e+01 1.713068011999999953e+03 1.805981299999999919e+03
1.317999999999999794e+01 1.104220175999999931e+01 1.713962951999999859e+03 1.805981299999999919e+03
1.318500000000000050e+01 1.108738079999999826e+01 1.713586459999999988e+03 1.805981299999999919e+03
1.318999999999999950e+01 1.109293559999999879e+01 1.713540169999999989e+03 1.805981299999999919e+03
1.319499999999999851e+01 1.105368167999999862e+01 1.713867285999999922e+03 1.805981299999999919e+03
1.320000000000000107e+01 1.097443319999999822e+01 1.714527689999999893e+03 1.805981299999999919e+03
1.320500000000000007e+01 1.106479127999999967e+01 1.713774705999999924e+03 1.805981299999999919e+03
1.320999999999999908e+01 1.100813231999999964e+01 1.714246863999999960e+03 1.805981299999999919e+03
1.321499999999999808e+01 1.100813231999999964e+01 1.714246863999999960e+03 1.805981299999999919e+03
1.322000000000000064e+01 1.100813231999999964e+01 1.714246863999999960e+03 1.805981299999999919e+03
1.322499999999999964e+01 1.103664695999999878e+01 1.714009241999999858e+03 1.805981299999999919e+03
1.322999999999999865e+01 1.093480895999999980e+01 1.714857891999999993e+03 1.805981299999999919e+03
1.323500000000000121e+01 1.101961223999999895e+01 1.714151198000000022e+03 1.805981299999999919e+03
1.324000000000000021e+01 1.100257751999999911e+01 1.714293153999999959e+03 1.805981299999999919e+03
1.324499999999999922e+01 1.109293559999999879e+01 1.713540169999999989e+03 1.805981299999999919e+03
1.324999999999999822e+01 1.101405743999999842e+01 1.714197488000000021e+03 1.805981299999999919e+03
1.325500000000000078e+01 1.103664695999999878e+01 1.714009241999999858e+03 1.805981299999999919e+03
1.325999999999999979e+01 1.104775655999999984e+01 1.713916661999999860e+03 1.805981299999999919e+03
1.326499999999999879e+01 1.098554279999999927e+01 1.714435109999999895e+03 1.805981299999999919e+03
1.326999999999999780e+01 1.106479127999999967e+01 1.713774705999999924e+03 1.805981299999999919e+03
1.327500000000000036e+01 1.105368167999999862e+01 1.713867285999999922e+03 1.805981299999999919e+03
1.327999999999999936e+01 1.101405743999999842e+01 1.714197488000000021e+03 1.805981299999999919e+03
1.328499999999999837e+01 1.107034608000000020e+01 1.713728415999999925e+03 1.805981299999999919e+03
1.329000000000000092e+01 1.110441551999999810e+01 1.713444504000000052e+03 1.805981299999999919e+03
1.329499999999999993e+01 1.107627119999999898e+01 1.713679039999999986e+03 1.805981299999999919e+03
1.329999999999999893e+01 1.104220175999999931e+01 1.713962951999999859e+03 1.805981299999999919e+03
1.330499999999999794e+01 1.102516703999999947e+01 1.714104908000000023e+03 1.805981299999999919e+03
1.331000000000000050e+01 1.099702271999999859e+01 1.714339443999999958e+03 1.805981299999999919e+03
1.331499999999999950e+01 1.099146791999999806e+01 1.714385733999999957e+03 1.805981299999999919e+03
1.331999999999999851e+01 1.103109215999999826e+01 1.714055531999999857e+03 1.805981299999999919e+03
1.332500000000000107e+01 1.107627119999999898e+01 1.713679039999999986e+03 1.805981299999999919e+03
1.333000000000000007e+01 1.104220175999999931e+01 1.713962951999999859e+03 1.805981299999999919e+03
1.333499999999999908e+01 1.104775655999999984e+01 1.713916661999999860e+03 1.805981299999999919e+03
1.333999999999999808e+01 1.107627119999999898e+01 1.713679039999999986e+03 1.805981299999999919e+03
1.334500000000000064e+01 1.108182599999999951e+01 1.713632749999999987e+03 1.805981299999999919e+03
1.334999999999999964e+01 1.100813231999999964e+01 1.714246863999999960e+03 1.805981299999999919e+03
1.335499999999999865e+01 1.104775655999999984e+01 1.713916661999999860e+03 1.805981299999999919e+03
1.336000000000000121e+01 1.107627119999999898e+01 1.713679039999999986e+03 1.805981299999999919e+03
1.336500000000000021e+01 1.102516703999999947e+01 1.714104908000000023e+03 1.805981299999999919e+03
1.336999999999999922e+01 1.105368167999999862e+01 1.713867285999999922e+03 1.805981299999999919e+03
1.337499999999999822e+01 1.108182599999999951e+01 1.713632749999999987e+03 1.805981299999999919e+03
1.338000000000000078e+01 1.104220175999999931e+01 1.713962951999999859e+03 1.805981299999999919e+03
1.338499999999999979e+01 1.104775655999999984e+01 1.713916661999999860e+03 1.805981299999999919e+03
1.338999999999999879e+01 1.105368167999999862e+01 1.713867285999999922e+03 1.805981299999999919e+03
1.339499999999999780e+01 1.103664695999999878e+01 1.714009241999999858e+03 1.805981299999999919e+03
1.340000000000000036e+01 1.103664695999999878e+01 1.714009241999999858e+03 1.805981299999999919e+03
1.340499999999999936e+01 1.105923647999999915e+01 1.713820995999999923e+03 1.805981299999999919e+03
1.340999999999999837e+01 1.104220175999999931e+01 1.713962951999999859e+03 1.805981299999999919e+03
1.341500000000000092e+01 1.103109215999999826e+01 1.714055531999999857e+03 1.805981299999999919e+03
1.341999999999999993e+01 1.100257751999999911e+01 1.714293153999999959e+03 1.805981299999999919e+03
1.342499999999999893e+01 1.104220175999999931e+01 1.713962951999999859e+03 1.805981299999999919e+03
1.342999999999999794e+01 1.106479127999999967e+01 1.713774705999999924e+03 1.805981299999999919e+03
1.343500000000000050e+01 1.103664695999999878e+01 1.714009241999999858e+03 1.805981299999999919e+03
1.343999999999999950e+01 1.099702271999999859e+01 1.714339443999999958e+03 1.805981299999999919e+03
1.344499999999999851e+01 1.107034608000000020e+01 1.713728415999999925e+03 1.805981299999999919e+03
1.345000000000000107e+01 1.099146791999999806e+01 1.714385733999999957e+03 1.805981299999999919e+03
1.345500000000000007e+01 1.103109215999999826e+01 1.714055531999999857e+03 1.805981299999999919e+03
1.345999999999999908e+01 1.098554279999999927e+01 1.714435109999999895e+03 1.805981299999999919e+03
1.346499999999999808e+01 1.097998799999999875e+01 1.714481399999999894e+03 1.805981299999999919e+03
1.347000000000000064e+01 1.098554279999999927e+01 1.714435109999999895e+03 1.805981299999999919e+03
1.347499999999999964e+01 1.101961223999999895e+01 1.714151198000000022e+03 1.805981299999999919e+03
1.347999999999999865e+01 1.104220175999999931e+01 1.713962951999999859e+03 1.805981299999999919e+03
1.348500000000000121e+01 1.101405743999999842e+01 1.714197488000000021e+03 1.805981299999999919e+03
1.349000000000000021e+01 1.105368167999999862e+01 1.713867285999999922e+03 1.805981299999999919e+03
1.349499999999999922e+01 1.100257751999999911e+01 1.714293153999999959e+03 1.805981299999999919e+03
1.349999999999999822e+01 1.103109215999999826e+01 1.714055531999999857e+03 1.805981299999999919e+03
1.350500000000000078e+01 1.103664695999999878e+01 1.714009241999999858e+03 1.805981299999999919e+03
1.350999999999999979e+01 1.102516703999999947e+01 1.714104908000000023e+03 1.805981299999999919e+03
1.351499999999999879e+01 1.099146791999999806e+01 1.714385733999999957e+03 1.805981299999999919e+03
1.351999999999999780e+01 1.100257751999999911e+01 1.714293153999999959e+03 1.805981299999999919e+03
1.352500000000000036e+01 1.101405743999999842e+01 1.714197488000000021e+03 1.805981299999999919e+03
1.352999999999999936e+01 1.094628887999999911e+01 1.714762225999999828e+03 1.805981299999999919e+03
1.353499999999999837e+01 1.099702271999999859e+01 1.714339443999999958e+03 1.805981299999999919e+03
1.354000000000000092e+01 1.104775655999999984e+01 1.713916661999999860e+03 1.805981299999999919e+03
1.354499999999999993e+01 1.102516703999999947e+01 1.714104908000000023e+03 1.805981299999999919e+03
1.354999999999999893e+01 1.100257751999999911e+01 1.714293153999999959e+03 1.805981299999999919e+03
1.355499999999999794e+01 1.105368167999999862e+01 1.713867285999999922e+03 1.805981299999999919e+03
1.356000000000000050e+01 1.104775655999999984e+01 1.713916661999999860e+03 1.805981299999999919e+03
1.356499999999999950e+01 1.101961223999999895e+01 1.714151198000000022e+03 1.805981299999999919e+03
1.356999999999999851e+01 1.103664695999999878e+01 1.714009241999999858e+03 1.805981299999999919e+03
1.357500000000000107e+01 1.104775655999999984e+01 1.713916661999999860e+03 1.805981299999999919e+03
1.358000000000000007e+01 1.104775655999999984e+01 1.713916661999999860e+03 1.805981299999999919e+03
1.358499999999999908e+01 1.102516703999999947e+01 1.714104908000000023e+03 1.805981299999999919e+03
1.358999999999999808e+01 1.100257751999999911e+01 1.714293153999999959e+03 1.805981299999999919e+03
1.359500000000000064e+01 1.103664695999999878e+01 1.714009241999999858e+03 1.805981299999999919e+03
1.359999999999999964e+01 1.097443319999999822e+01 1.714527689999999893e+03 1.805981299999999919e+03
1.360499999999999865e+01 1.104775655999999984e+01 1.713916661999999860e+03 1.805981299999999919e+03
1.361000000000000121e+01 1.102516703999999947e+01 1.714104908000000023e+03 1.805981299999999919e+03
1.361500000000000021e+01 1.097443319999999822e+01 1.714527689999999893e+03 1.805981299999999919e+03
1.361999999999999922e+01 1.095184367999999964e+01 1.714715935999999829e+03 1.805981299999999919e+03
1.362499999999999822e+01 1.098554279999999927e+01 1.714435109999999895e+03 1.805981299999999919e+03
1.363000000000000078e+01 1.104775655999999984e+01 1.713916661999999860e+03 1.805981299999999919e+03
1.363499999999999979e+01 1.105923647999999915e+01 1.713820995999999923e+03 1.805981299999999919e+03
1.363999999999999879e+01 1.101405743999999842e+01 1.714197488000000021e+03 1.805981299999999919e+03
1.364499999999999780e+01 1.096295327999999891e+01 1.714623355999999831e+03 1.805981299999999919e+03
1.365000000000000036e+01 1.099702271999999859e+01 1.714339443999999958e+03 1.805981299999999919e+03
1.365499999999999936e+01 1.096295327999999891e+01 1.714623355999999831e+03 1.805981299999999919e+03
1.365999999999999837e+01 1.101961223999999895e+01 1.714151198000000022e+03 1.805981299999999919e+03
1.366500000000000092e+01 1.100813231999999964e+01 1.714246863999999960e+03 1.805981299999999919e+03
1.366999999999999993e+01 1.099146791999999806e+01 1.714385733999999957e+03 1.805981299999999919e+03
1.367499999999999893e+01 1.100257751999999911e+01 1.714293153999999959e+03 1.805981299999999919e+03
1.367999999999999794e+01 1.103109215999999826e+01 1.714055531999999857e+03 1.805981299999999919e+03
1.368500000000000050e+01 1.101961223999999895e+01 1.714151198000000022e+03 1.805981299999999919e+03
1.368999999999999950e+01 1.100813231999999964e+01 1.714246863999999960e+03 1.805981299999999919e+03
1.369499999999999851e+01 1.099702271999999859e+01 1.714339443999999958e+03 1.805981299999999919e+03
1.370000000000000107e+01 1.101405743999999842e+01 1.714197488000000021e+03 1.805981299999999919e+03
1.370500000000000007e+01 1.098554279999999927e+01 1.714435109999999895e+03 1.805981299999999919e+03
1.370999999999999908e+01 1.099702271999999859e+01 1.714339443999999958e+03 1.805981299999999919e+03
1.371499999999999808e+01 1.103109215999999826e+01 1.714055531999999857e+03 1.805981299999999919e+03
1.372000000000000064e+01 1.102516703999999947e+01 1.714104908000000023e+03 1.805981299999999919e+03
1.372499999999999964e+01 1.101405743999999842e+01 1.714197488000000021e+03 1.805981299999999919e+03
1.372999999999999865e+01 1.103109215999999826e+01 1.714055531999999857e+03 1.805981299999999919e+03
1.373500000000000121e+01 1.096295327999999891e+01 1.714623355999999831e+03 1.805981299999999919e+03
1.374000000000000021e+01 1.105368167999999862e+01 1.713867285999999922e+03 1.805981299999999919e+03
1.374499999999999922e+01 1.105923647999999915e+01 1.713820995999999923e+03 1.805981299999999919e+03
1.374999999999999822e+01 1.099146791999999806e+01 1.714385733999999957e+03 1.805981299999999919e+03
1.375500000000000078e+01 1.100813231999999964e+01 1.714246863999999960e+03 1.805981299999999919e+03
1.375999999999999979e+01 1.097998799999999875e+01 1.714481399999999894e+03 1.805981299999999919e+03
1.376499999999999879e+01 1.092369935999999875e+01 1.714950471999999991e+03 1.805981299999999919e+03
1.376999999999999780e+01 1.100257751999999911e+01 1.714293153999999959e+03 1.805981299999999919e+03
1.377500000000000036e+01 1.096887839999999947e+01 1.714573979999999892e+03 1.805981299999999919e+03
1.377999999999999936e+01 1.100257751999999911e+01 1.714293153999999959e+03 1.805981299999999919e+03
1.378499999999999837e+01 1.101405743999999842e+01 1.714197488000000021e+03 1.805981299999999919e+03
1.379000000000000092e+01 1.098554279999999927e+01 1.714435109999999895e+03 1.805981299999999919e+03
1.379499999999999993e+01 1.100813231999999964e+01 1.714246863999999960e+03 1.805981299999999919e+03
1.379999999999999893e+01 1.096295327999999891e+01 1.714623355999999831e+03 1.805981299999999919e+03
1.380499999999999794e+01 1.101405743999999842e+01 1.714197488000000021e+03 1.805981299999999919e+03
1.381000000000000050e+01 1.101961223999999895e+01 1.714151198000000022e+03 1.805981299999999919e+03
1.381499999999999950e+01 1.099146791999999806e+01 1.714385733999999957e+03 1.805981299999999919e+03
1.381999999999999851e+01 1.100257751999999911e+01 1.714293153999999959e+03 1.805981299999999919e+03
1.382500000000000107e+01 1.094628887999999911e+01 1.714762225999999828e+03 1.805981299999999919e+03
1.383000000000000007e+01 1.096887839999999947e+01 1.714573979999999892e+03 1.805981299999999919e+03
1.383499999999999908e+01 1.093480895999999980e+01 1.714857891999999993e+03 1.805981299999999919e+03
1.383999999999999808e+01 1.097998799999999875e+01 1.714481399999999894e+03 1.805981299999999919e+03
1.384500000000000064e+01 1.098554279999999927e+01 1.714435109999999895e+03 1.805981299999999919e+03
1.384999999999999964e+01 1.097443319999999822e+01 1.714527689999999893e+03 1.805981299999999919e+03
1.385499999999999865e+01 1.097998799999999875e+01 1.714481399999999894e+03 1.805981299999999919e+03
1.386000000000000121e+01 1.100257751999999911e+01 1.714293153999999959e+03 1.805981299999999919e+03
1.386500000000000021e+01 1.101405743999999842e+01 1.714197488000000021e+03 1.805981299999999919e+03
1.386999999999999922e+01 1.099146791999999806e+01 1.714385733999999957e+03 1.805981299999999919e+03
1.387499999999999822e+01 1.101961223999999895e+01 1.714151198000000022e+03 1.805981299999999919e+03
1.388000000000000078e+01 1.096295327999999891e+01 1.714623355999999831e+03 1.805981299999999919e+03
1.388499999999999979e+01 1.100813231999999964e+01 1.714246863999999960e+03 1.805981299999999919e+03
1.388999999999999879e+01 1.099146791999999806e+01 1.714385733999999957e+03 1.805981299999999919e+03
1.389499999999999780e+01 1.096295327999999891e+01 1.714623355999999831e+03 1.805981299999999919e+03
1.390000000000000036e+01 1.098554279999999927e+01 1.714435109999999895e+03 1.805981299999999919e+03
1.390499999999999936e+01 1.099146791999999806e+01 1.714385733999999957e+03 1.805981299999999919e+03
1.390999999999999837e+01 1.100257751999999911e+01 1.714293153999999959e+03 1.805981299999999919e+03
1.391500000000000092e+01 1.099702271999999859e+01 1.714339443999999958e+03 1.805981299999999919e+03
1.391999999999999993e+01 1.095739848000000016e+01 1.714669645999999830e+03 1.805981299999999919e+03
1.392499999999999893e+01 1.104220175999999931e+01 1.713962951999999859e+03 1.805981299999999919e+03
1.392999999999999794e+01 1.097443319999999822e+01 1.714527689999999893e+03 1.805981299999999919e+03
1.393500000000000050e+01 1.096295327999999891e+01 1.714623355999999831e+03 1.805981299999999919e+03
1.393999999999999950e+01 1.096887839999999947e+01 1.714573979999999892e+03 1.805981299999999919e+03
1.394499999999999851e+01 1.096887839999999947e+01 1.714573979999999892e+03 1.805981299999999919e+03
1.395000000000000107e+01 1.094628887999999911e+01 1.714762225999999828e+03 1.805981299999999919e+03
1.395500000000000007e+01 1.098554279999999927e+01 1.714435109999999895e+03 1.805981299999999919e+03
1.395999999999999908e+01 1.096295327999999891e+01 1.714623355999999831e+03 1.805981299999999919e+03
1.396499999999999808e+01 1.094036376000000033e+01 1.714811601999999993e+03 1.805981299999999919e+03
1.397000000000000064e+01 1.095739848000000016e+01 1.714669645999999830e+03 1.805981299999999919e+03
1.397499999999999964e+01 1.096295327999999891e+01 1.714623355999999831e+03 1.805981299999999919e+03
1.397999999999999865e+01 1.095184367999999964e+01 1.714715935999999829e+03 1.805981299999999919e+03
1.398500000000000121e+01 1.087259519999999924e+01 1.715376340000000027e+03 1.805981299999999919e+03
1.399000000000000021e+01 1.088962991999999907e+01 1.715234383999999864e+03 1.805981299999999919e+03
1.399499999999999922e+01 1.095739848000000016e+01 1.714669645999999830e+03 1.805981299999999919e+03
1.399999999999999822e+01 1.090666463999999891e+01 1.715092427999999927e+03 1.805981299999999919e+03
1.400500000000000078e+01 1.096887839999999947e+01 1.714573979999999892e+03 1.805981299999999919e+03
1.400999999999999979e+01 1.094036376000000033e+01 1.714811601999999993e+03 1.805981299999999919e+03
1.401499999999999879e+01 1.093480895999999980e+01 1.714857891999999993e+03 1.805981299999999919e+03
1.401999999999999780e+01 1.094628887999999911e+01 1.714762225999999828e+03 1.805981299999999919e+03
1.402500000000000036e+01 1.099146791999999806e+01 1.714385733999999957e+03 1.805981299999999919e+03
1.402999999999999936e+01 1.091777423999999996e+01 1.714999847999999929e+03 1.805981299999999919e+03
1.403499999999999837e+01 1.090110983999999839e+01 1.715138717999999926e+03 1.805981299999999919e+03
1.404000000000000092e+01 1.090666463999999891e+01 1.715092427999999927e+03 1.805981299999999919e+03
1.404499999999999993e+01 1.097443319999999822e+01 1.714527689999999893e+03 1.805981299999999919e+03
1.404999999999999893e+01 1.099146791999999806e+01 1.714385733999999957e+03 1.805981299999999919e+03
1.405499999999999794e+01 1.096295327999999891e+01 1.714623355999999831e+03 1.805981299999999919e+03
1.406000000000000050e+01 1.096887839999999947e+01 1.714573979999999892e+03 1.805981299999999919e+03
1.406499999999999950e+01 1.091777423999999996e+01 1.714999847999999929e+03 1.805981299999999919e+03
1.406999999999999851e+01 1.094036376000000033e+01 1.714811601999999993e+03 1.805981299999999919e+03
1.407500000000000107e+01 1.097443319999999822e+01 1.714527689999999893e+03 1.805981299999999919e+03
1.408000000000000007e+01 1.091221943999999944e+01 1.715046137999999928e+03 1.805981299999999919e+03
1.408499999999999908e+01 1.092925415999999927e+01 1.714904181999999992e+03 1.805981299999999919e+03
1.408999999999999808e+01 1.091777423999999996e+01 1.714999847999999929e+03 1.805981299999999919e+03
1.409500000000000064e+01 1.094628887999999911e+01 1.714762225999999828e+03 1.805981299999999919e+03
1.409999999999999964e+01 1.094628887999999911e+01 1.714762225999999828e+03 1.805981299999999919e+03
1.410499999999999865e+01 1.087259519999999924e+01 1.715376340000000027e+03 1.805981299999999919e+03
1.411000000000000121e+01 1.088407511999999855e+01 1.715280673999999863e+03 1.805981299999999919e+03
1.411500000000000021e+01 1.087259519999999924e+01 1.715376340000000027e+03 1.805981299999999919e+03
1.411999999999999922e+01 1.095184367999999964e+01 1.714715935999999829e+03 1.805981299999999919e+03
1.412499999999999822e+01 1.098554279999999927e+01 1.714435109999999895e+03 1.805981299999999919e+03
1.413000000000000078e+01 1.090110983999999839e+01 1.715138717999999926e+03 1.805981299999999919e+03
1.413499999999999979e+01 1.094036376000000033e+01 1.714811601999999993e+03 1.805981299999999919e+03
1.413999999999999879e+01 1.091777423999999996e+01 1.714999847999999929e+03 1.805981299999999919e+03
1.414499999999999780e+01 1.095184367999999964e+01 1.714715935999999829e+03 1.805981299999999919e+03
1.415000000000000036e+01 1.089518471999999960e+01 1.715188093999999865e+03 1.805981299999999919e+03
1.415499999999999936e+01 1.091777423999999996e+01 1.714999847999999929e+03 1.805981299999999919e+03
1.415999999999999837e+01 1.092369935999999875e+01 1.714950471999999991e+03 1.805981299999999919e+03
1.416500000000000092e+01 1.094036376000000033e+01 1.714811601999999993e+03 1.805981299999999919e+03
1.416999999999999993e+01 1.092369935999999875e+01 1.714950471999999991e+03 1.805981299999999919e+03
1.417499999999999893e+01 1.092369935999999875e+01 1.714950471999999991e+03 1.805981299999999919e+03
1.417999999999999794e+01 1.096295327999999891e+01 1.714623355999999831e+03 1.805981299999999919e+03
1.418500000000000050e+01 1.091777423999999996e+01 1.714999847999999929e+03 1.805981299999999919e+03
1.418999999999999950e+01 1.091221943999999944e+01 1.715046137999999928e+03 1.805981299999999919e+03
1.419499999999999851e+01 1.097443319999999822e+01 1.714527689999999893e+03 1.805981299999999919e+03
1.420000000000000107e+01 1.091777423999999996e+01 1.714999847999999929e+03 1.805981299999999919e+03
1.420500000000000007e+01 1.096887839999999947e+01 1.714573979999999892e+03 1.805981299999999919e+03
1.420999999999999908e+01 1.090666463999999891e+01 1.715092427999999927e+03 1.805981299999999919e+03
1.421499999999999808e+01 1.092925415999999927e+01 1.714904181999999992e+03 1.805981299999999919e+03
1.422000000000000064e+01 1.091777423999999996e+01 1.714999847999999929e+03 1.805981299999999919e+03
1.422499999999999964e+01 1.097998799999999875e+01 1.714481399999999894e+03 1.805981299999999919e+03
1.422999999999999865e+01 1.097443319999999822e+01 1.714527689999999893e+03 1.805981299999999919e+03
1.423500000000000121e+01 1.094628887999999911e+01 1.714762225999999828e+03 1.805981299999999919e+03
1.424000000000000021e+01 1.090666463999999891e+01 1.715092427999999927e+03 1.805981299999999919e+03
1.424499999999999922e+01 1.086148559999999819e+01 1.715468920000000026e+03 1.805981299999999919e+03
1.424999999999999822e+01 1.087852031999999802e+01 1.715326963999999862e+03 1.805981299999999919e+03
1.425500000000000078e+01 1.094628887999999911e+01 1.714762225999999828e+03 1.805981299999999919e+03
1.425999999999999979e+01 1.091777423999999996e+01 1.714999847999999929e+03 1.805981299999999919e+03
1.426499999999999879e+01 1.088407511999999855e+01 1.715280673999999863e+03 1.805981299999999919e+03
1.426999999999999780e+01 1.085556047999999940e+01 1.715518295999999964e+03 1.805981299999999919e+03
1.427500000000000036e+01 1.086704039999999871e+01 1.715422630000000026e+03 1.805981299999999919e+03
1.427999999999999936e+01 1.089518471999999960e+01 1.715188093999999865e+03 1.805981299999999919e+03
1.428499999999999837e+01 1.092925415999999927e+01 1.714904181999999992e+03 1.805981299999999919e+03
1.429000000000000092e+01 1.088962991999999907e+01 1.715234383999999864e+03 1.805981299999999919e+03
1.429499999999999993e+01 1.096295327999999891e+01 1.714623355999999831e+03 1.805981299999999919e+03
1.429999999999999893e+01 1.091221943999999944e+01 1.715046137999999928e+03 1.805981299999999919e+03
1.430499999999999794e+01 1.089518471999999960e+01 1.715188093999999865e+03 1.805981299999999919e+03
1.431000000000000050e+01 1.091221943999999944e+01 1.715046137999999928e+03 1.805981299999999919e+03
1.431499999999999950e+01 1.094036376000000033e+01 1.714811601999999993e+03 1.805981299999999919e+03
1.431999999999999851e+01 1.089518471999999960e+01 1.715188093999999865e+03 1.805981299999999919e+03
1.432500000000000107e+01 1.094036376000000033e+01 1.714811601999999993e+03 1.805981299999999919e+03
1.433000000000000007e+01 1.093480895999999980e+01 1.714857891999999993e+03 1.805981299999999919e+03
1.433499999999999908e+01 1.095184367999999964e+01 1.714715935999999829e+03 1.805981299999999919e+03
1.433999999999999808e+01 1.091777423999999996e+01 1.714999847999999929e+03 1.805981299999999919e+03
1.434500000000000064e+01 1.092369935999999875e+01 1.714950471999999991e+03 1.805981299999999919e+03
1.434999999999999964e+01 1.091221943999999944e+01 1.715046137999999928e+03 1.805981299999999919e+03
1.435499999999999865e+01 1.088407511999999855e+01 1.715280673999999863e+03 1.805981299999999919e+03
1.436000000000000121e+01 1.095739848000000016e+01 1.714669645999999830e+03 1.805981299999999919e+03
1.436500000000000021e+01 1.098554279999999927e+01 1.714435109999999895e+03 1.805981299999999919e+03
1.436999999999999922e+01 1.091777423999999996e+01 1.714999847999999929e+03 1.805981299999999919e+03
1.437499999999999822e+01 1.088407511999999855e+01 1.715280673999999863e+03 1.805981299999999919e+03
1.438000000000000078e+01 1.092369935999999875e+01 1.714950471999999991e+03 1.805981299999999919e+03
1.438499999999999979e+01 1.090110983999999839e+01 1.715138717999999926e+03 1.805981299999999919e+03
1.438999999999999879e+01 1.088407511999999855e+01 1.715280673999999863e+03 1.805981299999999919e+03
1.439499999999999780e+01 1.089518471999999960e+01 1.715188093999999865e+03 1.805981299999999919e+03
1.440000000000000036e+01 1.085000567999999888e+01 1.715564585999999963e+03 1.805981299999999919e+03
1.440499999999999936e+01 1.085556047999999940e+01 1.715518295999999964e+03 1.805981299999999919e+03
1.440999999999999837e+01 1.085000567999999888e+01 1.715564585999999963e+03 1.805981299999999919e+03
1.441500000000000092e+01 1.086148559999999819e+01 1.715468920000000026e+03 1.805981299999999919e+03
1.441999999999999993e+01 1.086148559999999819e+01 1.715468920000000026e+03 1.805981299999999919e+03
1.442499999999999893e+01 1.091777423999999996e+01 1.714999847999999929e+03 1.805981299999999919e+03
1.442999999999999794e+01 1.087852031999999802e+01 1.715326963999999862e+03 1.805981299999999919e+03
1.443500000000000050e+01 1.085000567999999888e+01 1.715564585999999963e+03 1.805981299999999919e+03
1.443999999999999950e+01 1.088962991999999907e+01 1.715234383999999864e+03 1.805981299999999919e+03
1.444499999999999851e+01 1.088962991999999907e+01 1.715234383999999864e+03 1.805981299999999919e+03
1.445000000000000107e+01 1.090110983999999839e+01 1.715138717999999926e+03 1.805981299999999919e+03
1.445500000000000007e+01 1.094628887999999911e+01 1.714762225999999828e+03 1.805981299999999919e+03
1.445999999999999908e+01 1.087852031999999802e+01 1.715326963999999862e+03 1.805981299999999919e+03
1.446499999999999808e+01 1.087259519999999924e+01 1.715376340000000027e+03 1.805981299999999919e+03
1.447000000000000064e+01 1.086704039999999871e+01 1.715422630000000026e+03 1.805981299999999919e+03
1.447499999999999964e+01 1.089518471999999960e+01 1.715188093999999865e+03 1.805981299999999919e+03
1.447999999999999865e+01 1.092369935999999875e+01 1.714950471999999991e+03 1.805981299999999919e+03
1.448500000000000121e+01 1.085556047999999940e+01 1.715518295999999964e+03 1.805981299999999919e+03
1.449000000000000021e+01 1.086704039999999871e+01 1.715422630000000026e+03 1.805981299999999919e+03
1.449499999999999922e+01 1.084445088000000013e+01 1.715610875999999962e+03 1.805981299999999919e+03
1.449999999999999822e+01 1.088407511999999855e+01 1.715280673999999863e+03 1.805981299999999919e+03
1.450500000000000078e+01 1.090110983999999839e+01 1.715138717999999926e+03 1.805981299999999919e+03
1.450999999999999979e+01 1.090110983999999839e+01 1.715138717999999926e+03 1.805981299999999919e+03
1.451499999999999879e+01 1.090110983999999839e+01 1.715138717999999926e+03 1.805981299999999919e+03
1.451999999999999780e+01 1.083889607999999960e+01 1.715657165999999961e+03 1.805981299999999919e+03
1.452500000000000036e+01 1.088407511999999855e+01 1.715280673999999863e+03 1.805981299999999919e+03
1.452999999999999936e+01 1.091221943999999944e+01 1.715046137999999928e+03 1.805981299999999919e+03
1.453499999999999837e+01 1.088407511999999855e+01 1.715280673999999863e+03 1.805981299999999919e+03
1.454000000000000092e+01 1.087852031999999802e+01 1.715326963999999862e+03 1.805981299999999919e+03
1.454499999999999993e+01 1.088407511999999855e+01 1.715280673999999863e+03 1.805981299999999919e+03
1.454999999999999893e+01 1.087259519999999924e+01 1.715376340000000027e+03 1.805981299999999919e+03
1.455499999999999794e+01 1.082186135999999976e+01 1.715799121999999898e+03 1.805981299999999919e+03
1.456000000000000050e+01 1.088407511999999855e+01 1.715280673999999863e+03 1.805981299999999919e+03
1.456499999999999950e+01 1.083297096000000082e+01 1.715706541999999899e+03 1.805981299999999919e+03
1.456999999999999851e+01 1.082741616000000029e+01 1.715752831999999898e+03 1.805981299999999919e+03
1.457500000000000107e+01 1.082741616000000029e+01 1.715752831999999898e+03 1.805981299999999919e+03
1.458000000000000007e+01 1.090666463999999891e+01 1.715092427999999927e+03 1.805981299999999919e+03
1.458499999999999908e+01 1.082186135999999976e+01 1.715799121999999898e+03 1.805981299999999919e+03
1.458999999999999808e+01 1.084445088000000013e+01 1.715610875999999962e+03 1.805981299999999919e+03
1.459500000000000064e+01 1.083889607999999960e+01 1.715657165999999961e+03 1.805981299999999919e+03
1.459999999999999964e+01 1.078779192000000009e+01 1.716083033999999998e+03 1.805981299999999919e+03
1.460499999999999865e+01 1.075409279999999868e+01 1.716363859999999931e+03 1.805981299999999919e+03
1.461000000000000121e+01 1.079927183999999940e+01 1.715987367999999833e+03 1.805981299999999919e+03
1.461500000000000021e+01 1.084445088000000013e+01 1.715610875999999962e+03 1.805981299999999919e+03
1.461999999999999922e+01 1.088407511999999855e+01 1.715280673999999863e+03 1.805981299999999919e+03
1.462499999999999822e+01 1.086148559999999819e+01 1.715468920000000026e+03 1.805981299999999919e+03
1.463000000000000078e+01 1.084445088000000013e+01 1.715610875999999962e+03 1.805981299999999919e+03
1.463499999999999979e+01 1.081630655999999924e+01 1.715845411999999897e+03 1.805981299999999919e+03
1.463999999999999879e+01 1.078223711999999956e+01 1.716129323999999997e+03 1.805981299999999919e+03
1.464499999999999780e+01 1.087852031999999802e+01 1.715326963999999862e+03 1.805981299999999919e+03
1.465000000000000036e+01 1.081630655999999924e+01 1.715845411999999897e+03 1.805981299999999919e+03
1.465499999999999936e+01 1.081630655999999924e+01 1.715845411999999897e+03 1.805981299999999919e+03
1.465999999999999837e+01 1.088407511999999855e+01 1.715280673999999863e+03 1.805981299999999919e+03
1.466500000000000092e+01 1.088962991999999907e+01 1.715234383999999864e+03 1.805981299999999919e+03
1.466999999999999993e+01 1.090666463999999891e+01 1.715092427999999927e+03 1.805981299999999919e+03
1.467499999999999893e+01 1.085000567999999888e+01 1.715564585999999963e+03 1.805981299999999919e+03
1.467999999999999794e+01 1.085556047999999940e+01 1.715518295999999964e+03 1.805981299999999919e+03
1.468500000000000050e+01 1.089518471999999960e+01 1.715188093999999865e+03 1.805981299999999919e+03
1.468999999999999950e+01 1.089518471999999960e+01 1.715188093999999865e+03 1.805981299999999919e+03
1.469499999999999851e+01 1.085556047999999940e+01 1.715518295999999964e+03 1.805981299999999919e+03
1.470000000000000107e+01 1.082186135999999976e+01 1.715799121999999898e+03 1.805981299999999919e+03
1.470500000000000007e+01 1.083889607999999960e+01 1.715657165999999961e+03 1.805981299999999919e+03
1.470999999999999908e+01 1.087259519999999924e+01 1.715376340000000027e+03 1.805981299999999919e+03
1.471499999999999808e+01 1.083297096000000082e+01 1.715706541999999899e+03 1.805981299999999919e+03
1.472000000000000064e+01 1.085000567999999888e+01 1.715564585999999963e+03 1.805981299999999919e+03
1.472499999999999964e+01 1.082741616000000029e+01 1.715752831999999898e+03 1.805981299999999919e+03
1.472999999999999865e+01 1.080482663999999993e+01 1.715941077999999834e+03 1.805981299999999919e+03
1.473500000000000121e+01 1.087259519999999924e+01 1.715376340000000027e+03 1.805981299999999919e+03
1.474000000000000021e+01 1.084445088000000013e+01 1.715610875999999962e+03 1.805981299999999919e+03
1.474499999999999922e+01 1.084445088000000013e+01 1.715610875999999962e+03 1.805981299999999919e+03
1.474999999999999822e+01 1.083889607999999960e+01 1.715657165999999961e+03 1.805981299999999919e+03
1.475500000000000078e+01 1.081038144000000045e+01 1.715894787999999835e+03 1.805981299999999919e+03
1.475999999999999979e+01 1.079371703999999887e+01 1.716033657999999832e+03 1.805981299999999919e+03
1.476499999999999879e+01 1.085556047999999940e+01 1.715518295999999964e+03 1.805981299999999919e+03
1.476999999999999780e+01 1.082741616000000029e+01 1.715752831999999898e+03 1.805981299999999919e+03
1.477500000000000036e+01 1.079927183999999940e+01 1.715987367999999833e+03 1.805981299999999919e+03
1.477999999999999936e+01 1.075409279999999868e+01 1.716363859999999931e+03 1.805981299999999919e+03
1.478499999999999837e+01 1.077668231999999904e+01 1.716175613999999996e+03 1.805981299999999919e+03
1.479000000000000092e+01 1.081630655999999924e+01 1.715845411999999897e+03 1.805981299999999919e+03
1.479499999999999993e+01 1.079927183999999940e+01 1.715987367999999833e+03 1.805981299999999919e+03
1.479999999999999893e+01 1.081630655999999924e+01 1.715845411999999897e+03 1.805981299999999919e+03
1.480499999999999794e+01 1.076520239999999973e+01 1.716271279999999933e+03 1.805981299999999919e+03
1.481000000000000050e+01 1.081630655999999924e+01 1.715845411999999897e+03 1.805981299999999919e+03
1.481499999999999950e+01 1.079927183999999940e+01 1.715987367999999833e+03 1.805981299999999919e+03
1.481999999999999851e+01 1.081038144000000045e+01 1.715894787999999835e+03 1.805981299999999919e+03
1.482500000000000107e+01 1.079927183999999940e+01 1.715987367999999833e+03 1.805981299999999919e+03
1.483000000000000007e+01 1.079927183999999940e+01 1.715987367999999833e+03 1.805981299999999919e+03
1.483499999999999908e+01 1.090666463999999891e+01 1.715092427999999927e+03 1.805981299999999919e+03
1.483999999999999808e+01 1.080482663999999993e+01 1.715941077999999834e+03 1.805981299999999919e+03
1.484500000000000064e+01 1.081038144000000045e+01 1.715894787999999835e+03 1.805981299999999919e+03
1.484999999999999964e+01 1.080482663999999993e+01 1.715941077999999834e+03 1.805981299999999919e+03
1.485499999999999865e+01 1.086704039999999871e+01 1.715422630000000026e+03 1.805981299999999919e+03
1.486000000000000121e+01 1.082186135999999976e+01 1.715799121999999898e+03 1.805981299999999919e+03
1.486500000000000021e+01 1.085000567999999888e+01 1.715564585999999963e+03 1.805981299999999919e+03
1.486999999999999922e+01 1.090110983999999839e+01 1.715138717999999926e+03 1.805981299999999919e+03
1.487499999999999822e+01 1.080482663999999993e+01 1.715941077999999834e+03 1.805981299999999919e+03
1.488000000000000078e+01 1.088407511999999855e+01 1.715280673999999863e+03 1.805981299999999919e+03
1.488499999999999979e+01 1.079371703999999887e+01 1.716033657999999832e+03 1.805981299999999919e+03
1.488999999999999879e+01 1.078779192000000009e+01 1.716083033999999998e+03 1.805981299999999919e+03
1.489499999999999780e+01 1.082741616000000029e+01 1.715752831999999898e+03 1.805981299999999919e+03
1.490000000000000036e+01 1.079371703999999887e+01 1.716033657999999832e+03 1.805981299999999919e+03
1.490499999999999936e+01 1.081630655999999924e+01 1.715845411999999897e+03 1.805981299999999919e+03
1.490999999999999837e+01 1.080482663999999993e+01 1.715941077999999834e+03 1.805981299999999919e+03
1.491500000000000092e+01 1.078779192000000009e+01 1.716083033999999998e+03 1.805981299999999919e+03
1.491999999999999993e+01 1.082741616000000029e+01 1.715752831999999898e+03 1.805981299999999919e+03
1.492499999999999893e+01 1.082186135999999976e+01 1.715799121999999898e+03 1.805981299999999919e+03
1.492999999999999794e+01 1.077112751999999851e+01 1.716221903999999995e+03 1.805981299999999919e+03
1.493500000000000050e+01 1.075409279999999868e+01 1.716363859999999931e+03 1.805981299999999919e+03
1.493999999999999950e+01 1.078779192000000009e+01 1.716083033999999998e+03 1.805981299999999919e+03
1.494499999999999851e+01 1.081038144000000045e+01 1.715894787999999835e+03 1.805981299999999919e+03
1.495000000000000107e+01 1.083297096000000082e+01 1.715706541999999899e+03 1.805981299999999919e+03
1.495500000000000007e+01 1.081630655999999924e+01 1.715845411999999897e+03 1.805981299999999919e+03
1.495999999999999908e+01 1.081630655999999924e+01 1.715845411999999897e+03 1.805981299999999919e+03
1.496499999999999808e+01 1.086148559999999819e+01 1.715468920000000026e+03 1.805981299999999919e+03
1.497000000000000064e+01 1.082186135999999976e+01 1.715799121999999898e+03 1.805981299999999919e+03
1.497499999999999964e+01 1.082741616000000029e+01 1.715752831999999898e+03 1.805981299999999919e+03
1.497999999999999865e+01 1.079927183999999940e+01 1.715987367999999833e+03 1.805981299999999919e+03
1.498500000000000121e+01 1.083889607999999960e+01 1.715657165999999961e+03 1.805981299999999919e+03
1.499000000000000021e+01 1.081038144000000045e+01 1.715894787999999835e+03 1.805981299999999919e+03
1.499499999999999922e+01 1.074261287999999936e+01 1.716459525999999869e+03 1.805981299999999919e+03
1.499999999999999822e+01 1.078223711999999956e+01 1.716129323999999997e+03 1.805981299999999919e+03
1.500500000000000078e+01 1.089518471999999960e+01 1.715188093999999865e+03 1.805981299999999919e+03
1.500999999999999979e+01 1.087259519999999924e+01 1.715376340000000027e+03 1.805981299999999919e+03
1.501499999999999879e+01 1.081038144000000045e+01 1.715894787999999835e+03 1.805981299999999919e+03
1.501999999999999780e+01 1.081630655999999924e+01 1.715845411999999897e+03 1.805981299999999919e+03
1.502500000000000036e+01 1.079371703999999887e+01 1.716033657999999832e+03 1.805981299999999919e+03
1.502999999999999936e+01 1.078779192000000009e+01 1.716083033999999998e+03 1.805981299999999919e+03
1.503499999999999837e+01 1.076520239999999973e+01 1.716271279999999933e+03 1.805981299999999919e+03
1.504000000000000092e+01 1.085556047999999940e+01 1.715518295999999964e+03 1.805981299999999919e+03
1.504499999999999993e+01 1.081038144000000045e+01 1.715894787999999835e+03 1.805981299999999919e+03
1.504999999999999893e+01 1.079371703999999887e+01 1.716033657999999832e+03 1.805981299999999919e+03
1.505499999999999794e+01 1.091221943999999944e+01 1.715046137999999928e+03 1.805981299999999919e+03
1.506000000000000050e+01 1.078779192000000009e+01 1.716083033999999998e+03 1.805981299999999919e+03
1.506499999999999950e+01 1.075964759999999920e+01 1.716317569999999932e+03 1.805981299999999919e+03
1.506999999999999851e+01 1.081630655999999924e+01 1.715845411999999897e+03 1.805981299999999919e+03
1.507500000000000107e+01 1.080482663999999993e+01 1.715941077999999834e+03 1.805981299999999919e+03
1.508000000000000007e+01 1.075409279999999868e+01 1.716363859999999931e+03 1.805981299999999919e+03
1.508499999999999908e+01 1.081630655999999924e+01 1.715845411999999897e+03 1.805981299999999919e+03
1.508999999999999808e+01 1.079927183999999940e+01 1.715987367999999833e+03 1.805981299999999919e+03
1.509500000000000064e+01 1.080482663999999993e+01 1.715941077999999834e+03 1.805981299999999919e+03
1.509999999999999964e+01 1.082186135999999976e+01 1.715799121999999898e+03 1.805981299999999919e+03
1.510499999999999865e+01 1.081038144000000045e+01 1.715894787999999835e+03 1.805981299999999919e+03
1.511000000000000121e+01 1.081630655999999924e+01 1.715845411999999897e+03 1.805981299999999919e+03
1.511500000000000021e+01 1.073150328000000009e+01 1.716552105999999867e+03 1.805981299999999919e+03
1.511999999999999922e+01 1.081038144000000045e+01 1.715894787999999835e+03 1.805981299999999919e+03
1.512499999999999822e+01 1.082741616000000029e+01 1.715752831999999898e+03 1.805981299999999919e+03
1.513000000000000078e+01 1.076520239999999973e+01 1.716271279999999933e+03 1.805981299999999919e+03
1.513499999999999979e+01 1.075409279999999868e+01 1.716363859999999931e+03 1.805981299999999919e+03
1.513999999999999879e+01 1.075964759999999920e+01 1.716317569999999932e+03 1.805981299999999919e+03
1.514499999999999780e+01 1.078779192000000009e+01 1.716083033999999998e+03 1.805981299999999919e+03
1.515000000000000036e+01 1.073705807999999884e+01 1.716505815999999868e+03 1.805981299999999919e+03
1.515499999999999936e+01 1.079927183999999940e+01 1.715987367999999833e+03 1.805981299999999919e+03
1.515999999999999837e+01 1.078223711999999956e+01 1.716129323999999997e+03 1.805981299999999919e+03
1.516500000000000092e+01 1.068039912000000058e+01 1.716977973999999904e+03 1.805981299999999919e+03
1.516999999999999993e+01 1.075409279999999868e+01 1.716363859999999931e+03 1.805981299999999919e+03
1.517499999999999893e+01 1.075409279999999868e+01 1.716363859999999931e+03 1.805981299999999919e+03
1.517999999999999794e+01 1.075964759999999920e+01 1.716317569999999932e+03 1.805981299999999919e+03
1.518500000000000050e+01 1.075409279999999868e+01 1.716363859999999931e+03 1.805981299999999919e+03
1.518999999999999950e+01 1.076520239999999973e+01 1.716271279999999933e+03 1.805981299999999919e+03
1.519499999999999851e+01 1.077668231999999904e+01 1.716175613999999996e+03 1.805981299999999919e+03
1.520000000000000107e+01 1.078779192000000009e+01 1.716083033999999998e+03 1.805981299999999919e+03
1.520500000000000007e+01 1.082741616000000029e+01 1.715752831999999898e+03 1.805981299999999919e+03
1.520999999999999908e+01 1.078223711999999956e+01 1.716129323999999997e+03 1.805981299999999919e+03
1.521499999999999808e+01 1.075409279999999868e+01 1.716363859999999931e+03 1.805981299999999919e+03
1.522000000000000064e+01 1.083297096000000082e+01 1.715706541999999899e+03 1.805981299999999919e+03
1.522499999999999964e+01 1.083297096000000082e+01 1.715706541999999899e+03 1.805981299999999919e+03
1.522999999999999865e+01 1.082741616000000029e+01 1.715752831999999898e+03 1.805981299999999919e+03
1.523500000000000121e+01 1.079927183999999940e+01 1.715987367999999833e+03 1.805981299999999919e+03
1.524000000000000021e+01 1.082186135999999976e+01 1.715799121999999898e+03 1.805981299999999919e+03
1.524499999999999922e+01 1.081630655999999924e+01 1.715845411999999897e+03 1.805981299999999919e+03
1.524999999999999822e+01 1.078779192000000009e+01 1.716083033999999998e+03 1.805981299999999919e+03
1.525500000000000078e+01 1.081630655999999924e+01 1.715845411999999897e+03 1.805981299999999919e+03
1.525999999999999979e+01 1.083889607999999960e+01 1.715657165999999961e+03 1.805981299999999919e+03
1.526499999999999879e+01 1.083889607999999960e+01 1.715657165999999961e+03 1.805981299999999919e+03
1.526999999999999780e+01 1.077112751999999851e+01 1.716221903999999995e+03 1.805981299999999919e+03
1.527500000000000036e+01 1.079371703999999887e+01 1.716033657999999832e+03 1.805981299999999919e+03
1.527999999999999936e+01 1.078779192000000009e+01 1.716083033999999998e+03 1.805981299999999919e+03
1.528499999999999837e+01 1.073705807999999884e+01 1.716505815999999868e+03 1.805981299999999919e+03
1.529000000000000092e+01 1.078779192000000009e+01 1.716083033999999998e+03 1.805981299999999919e+03
1.529499999999999993e+01 1.076520239999999973e+01 1.716271279999999933e+03 1.805981299999999919e+03
1.529999999999999893e+01 1.075964759999999920e+01 1.716317569999999932e+03 1.805981299999999919e+03
1.530499999999999794e+01 1.077668231999999904e+01 1.716175613999999996e+03 1.805981299999999919e+03
1.531000000000000050e+01 1.076520239999999973e+01 1.716271279999999933e+03 1.805981299999999919e+03
1.531499999999999950e+01 1.073150328000000009e+01 1.716552105999999867e+03 1.805981299999999919e+03
1.531999999999999851e+01 1.070298864000000094e+01 1.716789727999999968e+03 1.805981299999999919e+03
1.532500000000000107e+01 1.078223711999999956e+01 1.716129323999999997e+03 1.805981299999999919e+03
1.533000000000000007e+01 1.077668231999999904e+01 1.716175613999999996e+03 1.805981299999999919e+03
1.533499999999999908e+01 1.077112751999999851e+01 1.716221903999999995e+03 1.805981299999999919e+03
1.533999999999999808e+01 1.075409279999999868e+01 1.716363859999999931e+03 1.805981299999999919e+03
1.534500000000000064e+01 1.079927183999999940e+01 1.715987367999999833e+03 1.805981299999999919e+03
1.534999999999999964e+01 1.079927183999999940e+01 1.715987367999999833e+03 1.805981299999999919e+03
1.535499999999999865e+01 1.075964759999999920e+01 1.716317569999999932e+03 1.805981299999999919e+03
1.536000000000000121e+01 1.078779192000000009e+01 1.716083033999999998e+03 1.805981299999999919e+03
1.536500000000000021e+01 1.074261287999999936e+01 1.716459525999999869e+03 1.805981299999999919e+03
1.536999999999999922e+01 1.077668231999999904e+01 1.716175613999999996e+03 1.805981299999999919e+03
1.537499999999999822e+01 1.072557815999999953e+01 1.716601482000000033e+03 1.805981299999999919e+03
1.538000000000000078e+01 1.074853799999999815e+01 1.716410149999999931e+03 1.805981299999999919e+03
1.538499999999999979e+01 1.075964759999999920e+01 1.716317569999999932e+03 1.805981299999999919e+03
1.538999999999999879e+01 1.079371703999999887e+01 1.716033657999999832e+03 1.805981299999999919e+03
1.539499999999999780e+01 1.074853799999999815e+01 1.716410149999999931e+03 1.805981299999999919e+03
1.540000000000000036e+01 1.074853799999999815e+01 1.716410149999999931e+03 1.805981299999999919e+03
1.540499999999999936e+01 1.080482663999999993e+01 1.715941077999999834e+03 1.805981299999999919e+03
1.540999999999999837e+01 1.080482663999999993e+01 1.715941077999999834e+03 1.805981299999999919e+03
1.541500000000000092e+01 1.074853799999999815e+01 1.716410149999999931e+03 1.805981299999999919e+03
1.541999999999999993e+01 1.078779192000000009e+01 1.716083033999999998e+03 1.805981299999999919e+03
1.542499999999999893e+01 1.077668231999999904e+01 1.716175613999999996e+03 1.805981299999999919e+03
1.542999999999999794e+01 1.070298864000000094e+01 1.716789727999999968e+03 1.805981299999999919e+03
1.543500000000000050e+01 1.073150328000000009e+01 1.716552105999999867e+03 1.805981299999999919e+03
1.543999999999999950e+01 1.078779192000000009e+01 1.716083033999999998e+03 1.805981299999999919e+03
1.544499999999999851e+01 1.074853799999999815e+01 1.716410149999999931e+03 1.805981299999999919e+03
1.545000000000000107e+01 1.079371703999999887e+01 1.716033657999999832e+03 1.805981299999999919e+03
1.545500000000000007e+01 1.074853799999999815e+01 1.716410149999999931e+03 1.805981299999999919e+03
1.545999999999999908e+01 1.079927183999999940e+01 1.715987367999999833e+03 1.805981299999999919e+03
1.546499999999999808e+01 1.071446856000000025e+01 1.716694062000000031e+03 1.805981299999999919e+03
1.547000000000000064e+01 1.071446856000000025e+01 1.716694062000000031e+03 1.805981299999999919e+03
1.547499999999999964e+01 1.077112751999999851e+01 1.716221903999999995e+03 1.805981299999999919e+03
1.547999999999999865e+01 1.077112751999999851e+01 1.716221903999999995e+03 1.805981299999999919e+03
1.548500000000000121e+01 1.070298864000000094e+01 1.716789727999999968e+03 1.805981299999999919e+03
1.549000000000000021e+01 1.069743384000000042e+01 1.716836017999999967e+03 1.805981299999999919e+03
1.549499999999999922e+01 1.070298864000000094e+01 1.716789727999999968e+03 1.805981299999999919e+03
1.549999999999999822e+01 1.072002336000000078e+01 1.716647771999999804e+03 1.805981299999999919e+03
1.550500000000000078e+01 1.075409279999999868e+01 1.716363859999999931e+03 1.805981299999999919e+03
1.550999999999999979e+01 1.073705807999999884e+01 1.716505815999999868e+03 1.805981299999999919e+03
1.551499999999999879e+01 1.070298864000000094e+01 1.716789727999999968e+03 1.805981299999999919e+03
1.551999999999999780e+01 1.079927183999999940e+01 1.715987367999999833e+03 1.805981299999999919e+03
1.552500000000000036e+01 1.072002336000000078e+01 1.716647771999999804e+03 1.805981299999999919e+03
1.552999999999999936e+01 1.077668231999999904e+01 1.716175613999999996e+03 1.805981299999999919e+03
1.553499999999999837e+01 1.075964759999999920e+01 1.716317569999999932e+03 1.805981299999999919e+03
1.554000000000000092e+01 1.076520239999999973e+01 1.716271279999999933e+03 1.805981299999999919e+03
1.554499999999999993e+01 1.082186135999999976e+01 1.715799121999999898e+03 1.805981299999999919e+03
1.554999999999999893e+01 1.076520239999999973e+01 1.716271279999999933e+03 1.805981299999999919e+03
1.555499999999999794e+01 1.076520239999999973e+01 1.716271279999999933e+03 1.805981299999999919e+03
1.556000000000000050e+01 1.078779192000000009e+01 1.716083033999999998e+03 1.805981299999999919e+03
1.556499999999999950e+01 1.072002336000000078e+01 1.716647771999999804e+03 1.805981299999999919e+03
1.556999999999999851e+01 1.073705807999999884e+01 1.716505815999999868e+03 1.805981299999999919e+03
1.557500000000000107e+01 1.072557815999999953e+01 1.716601482000000033e+03 1.805981299999999919e+03
1.558000000000000007e+01 1.072557815999999953e+01 1.716601482000000033e+03 1.805981299999999919e+03
1.558499999999999908e+01 1.076520239999999973e+01 1.716271279999999933e+03 1.805981299999999919e+03
1.558999999999999808e+01 1.078779192000000009e+01 1.716083033999999998e+03 1.805981299999999919e+03
1.559500000000000064e+01 1.074853799999999815e+01 1.716410149999999931e+03 1.805981299999999919e+03
1.559999999999999964e+01 1.077668231999999904e+01 1.716175613999999996e+03 1.805981299999999919e+03
1.560499999999999865e+01 1.070298864000000094e+01 1.716789727999999968e+03 1.805981299999999919e+03
1.561000000000000121e+01 1.070891375999999973e+01 1.716740351999999803e+03 1.805981299999999919e+03
1.561500000000000021e+01 1.070298864000000094e+01 1.716789727999999968e+03 1.805981299999999919e+03
1.561999999999999922e+01 1.071446856000000025e+01 1.716694062000000031e+03 1.805981299999999919e+03
1.562499999999999822e+01 1.070298864000000094e+01 1.716789727999999968e+03 1.805981299999999919e+03
1.563000000000000078e+01 1.071446856000000025e+01 1.716694062000000031e+03 1.805981299999999919e+03
1.563499999999999979e+01 1.073705807999999884e+01 1.716505815999999868e+03 1.805981299999999919e+03
1.563999999999999879e+01 1.070891375999999973e+01 1.716740351999999803e+03 1.805981299999999919e+03
1.564499999999999780e+01 1.077112751999999851e+01 1.716221903999999995e+03 1.805981299999999919e+03
1.565000000000000036e+01 1.068632423999999936e+01 1.716928597999999965e+03 1.805981299999999919e+03
1.565499999999999936e+01 1.070298864000000094e+01 1.716789727999999968e+03 1.805981299999999919e+03
1.565999999999999837e+01 1.068632423999999936e+01 1.716928597999999965e+03 1.805981299999999919e+03
1.566500000000000092e+01 1.070891375999999973e+01 1.716740351999999803e+03 1.805981299999999919e+03
1.566999999999999993e+01 1.069187903999999989e+01 1.716882307999999966e+03 1.805981299999999919e+03
1.567499999999999893e+01 1.071446856000000025e+01 1.716694062000000031e+03 1.805981299999999919e+03
1.567999999999999794e+01 1.070298864000000094e+01 1.716789727999999968e+03 1.805981299999999919e+03
1.568500000000000050e+01 1.065780960000000022e+01 1.717166219999999839e+03 1.805981299999999919e+03
1.568999999999999950e+01 1.075409279999999868e+01 1.716363859999999931e+03 1.805981299999999919e+03
1.569499999999999851e+01 1.076520239999999973e+01 1.716271279999999933e+03 1.805981299999999919e+03
1.570000000000000107e+01 1.070298864000000094e+01 1.716789727999999968e+03 1.805981299999999919e+03
1.570500000000000007e+01 1.069743384000000042e+01 1.716836017999999967e+03 1.805981299999999919e+03
1.570999999999999908e+01 1.072002336000000078e+01 1.716647771999999804e+03 1.805981299999999919e+03
1.571499999999999808e+01 1.068632423999999936e+01 1.716928597999999965e+03 1.805981299999999919e+03
1.572000000000000064e+01 1.068039912000000058e+01 1.716977973999999904e+03 1.805981299999999919e+03
1.572499999999999964e+01 1.070298864000000094e+01 1.716789727999999968e+03 1.805981299999999919e+03
1.572999999999999865e+01 1.069187903999999989e+01 1.716882307999999966e+03 1.805981299999999919e+03
1.573500000000000121e+01 1.069187903999999989e+01 1.716882307999999966e+03 1.805981299999999919e+03
1.574000000000000021e+01 1.066928951999999953e+01 1.717070553999999902e+03 1.805981299999999919e+03
1.574499999999999922e+01 1.072002336000000078e+01 1.716647771999999804e+03 1.805981299999999919e+03
1.574999999999999822e+01 1.063522007999999985e+01 1.717354466000000002e+03 1.805981299999999919e+03
1.575500000000000078e+01 1.068632423999999936e+01 1.716928597999999965e+03 1.805981299999999919e+03
1.575999999999999979e+01 1.071446856000000025e+01 1.716694062000000031e+03 1.805981299999999919e+03
1.576499999999999879e+01 1.066928951999999953e+01 1.717070553999999902e+03 1.805981299999999919e+03
1.576999999999999780e+01 1.069743384000000042e+01 1.716836017999999967e+03 1.805981299999999919e+03
1.577500000000000036e+01 1.070891375999999973e+01 1.716740351999999803e+03 1.805981299999999919e+03
1.577999999999999936e+01 1.068039912000000058e+01 1.716977973999999904e+03 1.805981299999999919e+03
1.578499999999999837e+01 1.070298864000000094e+01 1.716789727999999968e+03 1.805981299999999919e+03
1.579000000000000092e+01 1.072002336000000078e+01 1.716647771999999804e+03 1.805981299999999919e+03
1.579499999999999993e+01 1.070891375999999973e+01 1.716740351999999803e+03 1.805981299999999919e+03
1.579999999999999893e+01 1.068039912000000058e+01 1.716977973999999904e+03 1.805981299999999919e+03
1.580499999999999794e+01 1.067484432000000005e+01 1.717024263999999903e+03 1.805981299999999919e+03
1.581000000000000050e+01 1.068039912000000058e+01 1.716977973999999904e+03 1.805981299999999919e+03
1.581499999999999950e+01 1.068632423999999936e+01 1.716928597999999965e+03 1.805981299999999919e+03
1.581999999999999851e+01 1.066928951999999953e+01 1.717070553999999902e+03 1.805981299999999919e+03
1.582500000000000107e+01 1.071446856000000025e+01 1.716694062000000031e+03 1.805981299999999919e+03
1.583000000000000007e+01 1.074853799999999815e+01 1.716410149999999931e+03 1.805981299999999919e+03
1.583499999999999908e+01 1.068039912000000058e+01 1.716977973999999904e+03 1.805981299999999919e+03
1.583999999999999808e+01 1.067484432000000005e+01 1.717024263999999903e+03 1.805981299999999919e+03
1.584500000000000064e+01 1.072002336000000078e+01 1.716647771999999804e+03 1.805981299999999919e+03
1.584999999999999964e+01 1.069187903999999989e+01 1.716882307999999966e+03 1.805981299999999919e+03
1.585499999999999865e+01 1.061855568000000005e+01 1.717493335999999999e+03 1.805981299999999919e+03
1.586000000000000121e+01 1.071446856000000025e+01 1.716694062000000031e+03 1.805981299999999919e+03
1.586500000000000021e+01 1.068039912000000058e+01 1.716977973999999904e+03 1.805981299999999919e+03
1.586999999999999922e+01 1.073705807999999884e+01 1.716505815999999868e+03 1.805981299999999919e+03
1.587499999999999822e+01 1.072002336000000078e+01 1.716647771999999804e+03 1.805981299999999919e+03
1.588000000000000078e+01 1.066373471999999900e+01 1.717116843999999901e+03 1.805981299999999919e+03
1.588499999999999979e+01 1.064669999999999916e+01 1.717258799999999837e+03 1.805981299999999919e+03
1.588999999999999879e+01 1.063522007999999985e+01 1.717354466000000002e+03 1.805981299999999919e+03
1.589499999999999780e+01 1.065225479999999969e+01 1.717212509999999838e+03 1.805981299999999919e+03
1.590000000000000036e+01 1.070891375999999973e+01 1.716740351999999803e+03 1.805981299999999919e+03
1.590499999999999936e+01 1.065780960000000022e+01 1.717166219999999839e+03 1.805981299999999919e+03
1.590999999999999837e+01 1.068632423999999936e+01 1.716928597999999965e+03 1.805981299999999919e+03
1.591500000000000092e+01 1.064114519999999864e+01 1.717305089999999836e+03 1.805981299999999919e+03
1.591999999999999993e+01 1.072557815999999953e+01 1.716601482000000033e+03 1.805981299999999919e+03
1.592499999999999893e+01 1.067484432000000005e+01 1.717024263999999903e+03 1.805981299999999919e+03
1.592999999999999794e+01 1.066373471999999900e+01 1.717116843999999901e+03 1.805981299999999919e+03
1.593500000000000050e+01 1.065225479999999969e+01 1.717212509999999838e+03 1.805981299999999919e+03
1.593999999999999950e+01 1.065780960000000022e+01 1.717166219999999839e+03 1.805981299999999919e+03
1.594499999999999851e+01 1.066928951999999953e+01 1.717070553999999902e+03 1.805981299999999919e+03
1.595000000000000107e+01 1.066373471999999900e+01 1.717116843999999901e+03 1.805981299999999919e+03
1.595500000000000007e+01 1.061263055999999949e+01 1.717542711999999938e+03 1.805981299999999919e+03
1.595999999999999908e+01 1.061855568000000005e+01 1.717493335999999999e+03 1.805981299999999919e+03
1.596499999999999808e+01 1.073150328000000009e+01 1.716552105999999867e+03 1.805981299999999919e+03
1.597000000000000064e+01 1.077112751999999851e+01 1.716221903999999995e+03 1.805981299999999919e+03
1.597499999999999964e+01 1.073150328000000009e+01 1.716552105999999867e+03 1.805981299999999919e+03
1.597999999999999865e+01 1.066373471999999900e+01 1.717116843999999901e+03 1.805981299999999919e+03
1.598500000000000121e+01 1.067484432000000005e+01 1.717024263999999903e+03 1.805981299999999919e+03
1.599000000000000021e+01 1.061855568000000005e+01 1.717493335999999999e+03 1.805981299999999919e+03
1.599499999999999922e+01 1.061855568000000005e+01 1.717493335999999999e+03 1.805981299999999919e+03
1.599999999999999822e+01 1.065225479999999969e+01 1.717212509999999838e+03 1.805981299999999919e+03
1.600500000000000256e+01 1.064669999999999916e+01 1.717258799999999837e+03 1.805981299999999919e+03
1.601000000000000156e+01 1.062966527999999933e+01 1.717400756000000001e+03 1.805981299999999919e+03
1.601500000000000057e+01 1.063522007999999985e+01 1.717354466000000002e+03 1.805981299999999919e+03
1.601999999999999957e+01 1.059004104000000090e+01 1.717730957999999873e+03 1.805981299999999919e+03
1.602500000000000213e+01 1.058448624000000038e+01 1.717777247999999872e+03 1.805981299999999919e+03
1.603000000000000114e+01 1.068039912000000058e+01 1.716977973999999904e+03 1.805981299999999919e+03
1.603500000000000014e+01 1.062411047999999880e+01 1.717447046000000000e+03 1.805981299999999919e+03
1.604000000000000270e+01 1.066373471999999900e+01 1.717116843999999901e+03 1.805981299999999919e+03
1.604500000000000171e+01 1.068039912000000058e+01 1.716977973999999904e+03 1.805981299999999919e+03
1.605000000000000071e+01 1.064669999999999916e+01 1.717258799999999837e+03 1.805981299999999919e+03
1.605499999999999972e+01 1.064669999999999916e+01 1.717258799999999837e+03 1.805981299999999919e+03
1.606000000000000227e+01 1.061263055999999949e+01 1.717542711999999938e+03 1.805981299999999919e+03
1.606500000000000128e+01 1.066373471999999900e+01 1.717116843999999901e+03 1.805981299999999919e+03
1.607000000000000028e+01 1.064669999999999916e+01 1.717258799999999837e+03 1.805981299999999919e+03
1.607500000000000284e+01 1.069187903999999989e+01 1.716882307999999966e+03 1.805981299999999919e+03
1.608000000000000185e+01 1.071446856000000025e+01 1.716694062000000031e+03 1.805981299999999919e+03
1.608500000000000085e+01 1.069187903999999989e+01 1.716882307999999966e+03 1.805981299999999919e+03
1.608999999999999986e+01 1.063522007999999985e+01 1.717354466000000002e+03 1.805981299999999919e+03
1.609500000000000242e+01 1.072557815999999953e+01 1.716601482000000033e+03 1.805981299999999919e+03
1.610000000000000142e+01 1.064669999999999916e+01 1.717258799999999837e+03 1.805981299999999919e+03
1.610500000000000043e+01 1.061263055999999949e+01 1.717542711999999938e+03 1.805981299999999919e+03
1.611000000000000298e+01 1.065780960000000022e+01 1.717166219999999839e+03 1.805981299999999919e+03
1.611500000000000199e+01 1.065780960000000022e+01 1.717166219999999839e+03 1.805981299999999919e+03
1.612000000000000099e+01 1.065780960000000022e+01 1.717166219999999839e+03 1.805981299999999919e+03
1.612500000000000000e+01 1.063522007999999985e+01 1.717354466000000002e+03 1.805981299999999919e+03
1.613000000000000256e+01 1.063522007999999985e+01 1.717354466000000002e+03 1.805981299999999919e+03
1.613500000000000156e+01 1.069187903999999989e+01 1.716882307999999966e+03 1.805981299999999919e+03
1.614000000000000057e+01 1.064114519999999864e+01 1.717305089999999836e+03 1.805981299999999919e+03
1.614499999999999957e+01 1.064114519999999864e+01 1.717305089999999836e+03 1.805981299999999919e+03
1.615000000000000213e+01 1.068039912000000058e+01 1.716977973999999904e+03 1.805981299999999919e+03
1.615500000000000114e+01 1.064669999999999916e+01 1.717258799999999837e+03 1.805981299999999919e+03
1.616000000000000014e+01 1.060707576000000074e+01 1.717589001999999937e+03 1.805981299999999919e+03
1.616500000000000270e+01 1.067484432000000005e+01 1.717024263999999903e+03 1.805981299999999919e+03
1.617000000000000171e+01 1.064669999999999916e+01 1.717258799999999837e+03 1.805981299999999919e+03
1.617500000000000071e+01 1.063522007999999985e+01 1.717354466000000002e+03 1.805981299999999919e+03
1.617999999999999972e+01 1.061855568000000005e+01 1.717493335999999999e+03 1.805981299999999919e+03
1.618500000000000227e+01 1.066373471999999900e+01 1.717116843999999901e+03 1.805981299999999919e+03
1.619000000000000128e+01 1.069743384000000042e+01 1.716836017999999967e+03 1.805981299999999919e+03
1.619500000000000028e+01 1.068039912000000058e+01 1.716977973999999904e+03 1.805981299999999919e+03
1.620000000000000284e+01 1.062966527999999933e+01 1.717400756000000001e+03 1.805981299999999919e+03
1.620500000000000185e+01 1.065225479999999969e+01 1.717212509999999838e+03 1.805981299999999919e+03
1.621000000000000085e+01 1.063522007999999985e+01 1.717354466000000002e+03 1.805981299999999919e+03
1.621499999999999986e+01 1.067484432000000005e+01 1.717024263999999903e+03 1.805981299999999919e+03
1.622000000000000242e+01 1.066373471999999900e+01 1.717116843999999901e+03 1.805981299999999919e+03
1.622500000000000142e+01 1.066373471999999900e+01 1.717116843999999901e+03 1.805981299999999919e+03
1.623000000000000043e+01 1.062411047999999880e+01 1.717447046000000000e+03 1.805981299999999919e+03
1.623500000000000298e+01 1.061263055999999949e+01 1.717542711999999938e+03 1.805981299999999919e+03
1.624000000000000199e+01 1.065225479999999969e+01 1.717212509999999838e+03 1.805981299999999919e+03
1.624500000000000099e+01 1.065225479999999969e+01 1.717212509999999838e+03 1.805981299999999919e+03
1.625000000000000000e+01 1.060707576000000074e+01 1.717589001999999937e+03 1.805981299999999919e+03
1.625500000000000256e+01 1.057893143999999985e+01 1.717823537999999871e+03 1.805981299999999919e+03
1.626000000000000156e+01 1.060707576000000074e+01 1.717589001999999937e+03 1.805981299999999919e+03
1.626500000000000057e+01 1.064114519999999864e+01 1.717305089999999836e+03 1.805981299999999919e+03
1.626999999999999957e+01 1.060707576000000074e+01 1.717589001999999937e+03 1.805981299999999919e+03
1.627500000000000213e+01 1.057300632000000107e+01 1.717872913999999810e+03 1.805981299999999919e+03
1.628000000000000114e+01 1.053930719999999965e+01 1.718153739999999971e+03 1.805981299999999919e+03
1.628500000000000014e+01 1.059004104000000090e+01 1.717730957999999873e+03 1.805981299999999919e+03
1.629000000000000270e+01 1.059596615999999969e+01 1.717681581999999935e+03 1.805981299999999919e+03
1.629500000000000171e+01 1.057300632000000107e+01 1.717872913999999810e+03 1.805981299999999919e+03
1.630000000000000071e+01 1.058448624000000038e+01 1.717777247999999872e+03 1.805981299999999919e+03
1.630499999999999972e+01 1.060152096000000022e+01 1.717635291999999936e+03 1.805981299999999919e+03
1.631000000000000227e+01 1.060152096000000022e+01 1.717635291999999936e+03 1.805981299999999919e+03
1.631500000000000128e+01 1.063522007999999985e+01 1.717354466000000002e+03 1.805981299999999919e+03
1.632000000000000028e+01 1.062411047999999880e+01 1.717447046000000000e+03 1.805981299999999919e+03
1.632500000000000284e+01 1.061855568000000005e+01 1.717493335999999999e+03 1.805981299999999919e+03
1.633000000000000185e+01 1.064114519999999864e+01 1.717305089999999836e+03 1.805981299999999919e+03
1.633500000000000085e+01 1.057893143999999985e+01 1.717823537999999871e+03 1.805981299999999919e+03
1.633999999999999986e+01 1.059004104000000090e+01 1.717730957999999873e+03 1.805981299999999919e+03
1.634500000000000242e+01 1.064114519999999864e+01 1.717305089999999836e+03 1.805981299999999919e+03
1.635000000000000142e+01 1.063522007999999985e+01 1.717354466000000002e+03 1.805981299999999919e+03
1.635500000000000043e+01 1.061263055999999949e+01 1.717542711999999938e+03 1.805981299999999919e+03
1.636000000000000298e+01 1.066928951999999953e+01 1.717070553999999902e+03 1.805981299999999919e+03
1.636500000000000199e+01 1.065225479999999969e+01 1.717212509999999838e+03 1.805981299999999919e+03
1.637000000000000099e+01 1.060707576000000074e+01 1.717589001999999937e+03 1.805981299999999919e+03
1.637500000000000000e+01 1.064114519999999864e+01 1.717305089999999836e+03 1.805981299999999919e+03
1.638000000000000256e+01 1.058448624000000038e+01 1.717777247999999872e+03 1.805981299999999919e+03
1.638500000000000156e+01 1.056189672000000002e+01 1.717965494000000035e+03 1.805981299999999919e+03
1.639000000000000057e+01 1.060707576000000074e+01 1.717589001999999937e+03 1.805981299999999919e+03
1.639499999999999957e+01 1.061855568000000005e+01 1.717493335999999999e+03 1.805981299999999919e+03
1.640000000000000213e+01 1.060707576000000074e+01 1.717589001999999937e+03 1.805981299999999919e+03
1.640500000000000114e+01 1.061855568000000005e+01 1.717493335999999999e+03 1.805981299999999919e+03
1.641000000000000014e+01 1.062411047999999880e+01 1.717447046000000000e+03 1.805981299999999919e+03
1.641500000000000270e+01 1.060707576000000074e+01 1.717589001999999937e+03 1.805981299999999919e+03
1.642000000000000171e+01 1.058448624000000038e+01 1.717777247999999872e+03 1.805981299999999919e+03
1.642500000000000071e+01 1.059596615999999969e+01 1.717681581999999935e+03 1.805981299999999919e+03
1.642999999999999972e+01 1.061855568000000005e+01 1.717493335999999999e+03 1.805981299999999919e+03
1.643500000000000227e+01 1.061263055999999949e+01 1.717542711999999938e+03 1.805981299999999919e+03
1.644000000000000128e+01 1.059596615999999969e+01 1.717681581999999935e+03 1.805981299999999919e+03
1.644500000000000028e+01 1.058448624000000038e+01 1.717777247999999872e+03 1.805981299999999919e+03
1.645000000000000284e+01 1.060707576000000074e+01 1.717589001999999937e+03 1.805981299999999919e+03
1.645500000000000185e+01 1.064669999999999916e+01 1.717258799999999837e+03 1.805981299999999919e+03
1.646000000000000085e+01 1.058448624000000038e+01 1.717777247999999872e+03 1.805981299999999919e+03
1.646499999999999986e+01 1.061855568000000005e+01 1.717493335999999999e+03 1.805981299999999919e+03
1.647000000000000242e+01 1.065225479999999969e+01 1.717212509999999838e+03 1.805981299999999919e+03
1.647500000000000142e+01 1.061263055999999949e+01 1.717542711999999938e+03 1.805981299999999919e+03
1.648000000000000043e+01 1.060152096000000022e+01 1.717635291999999936e+03 1.805981299999999919e+03
1.648500000000000298e+01 1.059004104000000090e+01 1.717730957999999873e+03 1.805981299999999919e+03
1.649000000000000199e+01 1.064669999999999916e+01 1.717258799999999837e+03 1.805981299999999919e+03
1.649500000000000099e+01 1.068632423999999936e+01 1.716928597999999965e+03 1.805981299999999919e+03
1.650000000000000000e+01 1.061263055999999949e+01 1.717542711999999938e+03 1.805981299999999919e+03
1.650500000000000256e+01 1.061855568000000005e+01 1.717493335999999999e+03 1.805981299999999919e+03
1.651000000000000156e+01 1.064669999999999916e+01 1.717258799999999837e+03 1.805981299999999919e+03
1.651500000000000057e+01 1.066928951999999953e+01 1.717070553999999902e+03 1.805981299999999919e+03
1.651999999999999957e+01 1.066373471999999900e+01 1.717116843999999901e+03 1.805981299999999919e+03
1.652500000000000213e+01 1.062966527999999933e+01 1.717400756000000001e+03 1.805981299999999919e+03
1.653000000000000114e+01 1.057300632000000107e+01 1.717872913999999810e+03 1.805981299999999919e+03
1.653500000000000014e+01 1.061263055999999949e+01 1.717542711999999938e+03 1.805981299999999919e+03
1.654000000000000270e+01 1.062411047999999880e+01 1.717447046000000000e+03 1.805981299999999919e+03
1.654500000000000171e+01 1.063522007999999985e+01 1.717354466000000002e+03 1.805981299999999919e+03
1.655000000000000071e+01 1.061855568000000005e+01 1.717493335999999999e+03 1.805981299999999919e+03
1.655499999999999972e+01 1.065225479999999969e+01 1.717212509999999838e+03 1.805981299999999919e+03
1.656000000000000227e+01 1.062411047999999880e+01 1.717447046000000000e+03 1.805981299999999919e+03
1.656500000000000128e+01 1.059596615999999969e+01 1.717681581999999935e+03 1.805981299999999919e+03
1.657000000000000028e+01 1.059004104000000090e+01 1.717730957999999873e+03 1.805981299999999919e+03
1.657500000000000284e+01 1.058448624000000038e+01 1.717777247999999872e+03 1.805981299999999919e+03
1.658000000000000185e+01 1.059596615999999969e+01 1.717681581999999935e+03 1.805981299999999919e+03
1.658500000000000085e+01 1.062411047999999880e+01 1.717447046000000000e+03 1.805981299999999919e+03
1.658999999999999986e+01 1.057893143999999985e+01 1.717823537999999871e+03 1.805981299999999919e+03
1.659500000000000242e+01 1.057300632000000107e+01 1.717872913999999810e+03 1.805981299999999919e+03
1.660000000000000142e+01 1.058448624000000038e+01 1.717777247999999872e+03 1.805981299999999919e+03
1.660500000000000043e+01 1.055634191999999949e+01 1.718011783999999807e+03 1.805981299999999919e+03
1.661000000000000298e+01 1.056189672000000002e+01 1.717965494000000035e+03 1.805981299999999919e+03
1.661500000000000199e+01 1.057893143999999985e+01 1.717823537999999871e+03 1.805981299999999919e+03
1.662000000000000099e+01 1.056745152000000054e+01 1.717919203999999809e+03 1.805981299999999919e+03
1.662500000000000000e+01 1.061263055999999949e+01 1.717542711999999938e+03 1.805981299999999919e+03
1.663000000000000256e+01 1.059596615999999969e+01 1.717681581999999935e+03 1.805981299999999919e+03
1.663500000000000156e+01 1.057893143999999985e+01 1.717823537999999871e+03 1.805981299999999919e+03
1.664000000000000057e+01 1.053930719999999965e+01 1.718153739999999971e+03 1.805981299999999919e+03
1.664499999999999957e+01 1.059596615999999969e+01 1.717681581999999935e+03 1.805981299999999919e+03
1.665000000000000213e+01 1.055634191999999949e+01 1.718011783999999807e+03 1.805981299999999919e+03
1.665500000000000114e+01 1.059004104000000090e+01 1.717730957999999873e+03 1.805981299999999919e+03
1.666000000000000014e+01 1.053375239999999913e+01 1.718200029999999970e+03 1.805981299999999919e+03
1.666500000000000270e+01 1.057893143999999985e+01 1.717823537999999871e+03 1.805981299999999919e+03
1.667000000000000171e+01 1.057893143999999985e+01 1.717823537999999871e+03 1.805981299999999919e+03
1.667500000000000071e+01 1.061855568000000005e+01 1.717493335999999999e+03 1.805981299999999919e+03
1.667999999999999972e+01 1.056189672000000002e+01 1.717965494000000035e+03 1.805981299999999919e+03
1.668500000000000227e+01 1.055634191999999949e+01 1.718011783999999807e+03 1.805981299999999919e+03
1.669000000000000128e+01 1.053375239999999913e+01 1.718200029999999970e+03 1.805981299999999919e+03
1.669500000000000028e+01 1.056189672000000002e+01 1.717965494000000035e+03 1.805981299999999919e+03
1.670000000000000284e+01 1.064114519999999864e+01 1.717305089999999836e+03 1.805981299999999919e+03
1.670500000000000185e+01 1.054486200000000018e+01 1.718107449999999972e+03 1.805981299999999919e+03
1.671000000000000085e+01 1.054486200000000018e+01 1.718107449999999972e+03 1.805981299999999919e+03
1.671499999999999986e+01 1.053930719999999965e+01 1.718153739999999971e+03 1.805981299999999919e+03
1.672000000000000242e+01 1.056189672000000002e+01 1.717965494000000035e+03 1.805981299999999919e+03
1.672500000000000142e+01 1.055634191999999949e+01 1.718011783999999807e+03 1.805981299999999919e+03
1.673000000000000043e+01 1.049968295999999945e+01 1.718483941999999843e+03 1.805981299999999919e+03
1.673500000000000298e+01 1.055041680000000071e+01 1.718061159999999973e+03 1.805981299999999919e+03
1.674000000000000199e+01 1.055634191999999949e+01 1.718011783999999807e+03 1.805981299999999919e+03
1.674500000000000099e+01 1.054486200000000018e+01 1.718107449999999972e+03 1.805981299999999919e+03
1.675000000000000000e+01 1.061855568000000005e+01 1.717493335999999999e+03 1.805981299999999919e+03
1.675500000000000256e+01 1.049968295999999945e+01 1.718483941999999843e+03 1.805981299999999919e+03
1.676000000000000156e+01 1.052227247999999982e+01 1.718295695999999907e+03 1.805981299999999919e+03
1.676500000000000057e+01 1.047153864000000034e+01 1.718718478000000005e+03 1.805981299999999919e+03
1.676999999999999957e+01 1.056189672000000002e+01 1.717965494000000035e+03 1.805981299999999919e+03
1.677500000000000213e+01 1.053375239999999913e+01 1.718200029999999970e+03 1.805981299999999919e+03
1.678000000000000114e+01 1.051671767999999929e+01 1.718341985999999906e+03 1.805981299999999919e+03
1.678500000000000014e+01 1.051116287999999876e+01 1.718388275999999905e+03 1.805981299999999919e+03
1.679000000000000270e+01 1.052227247999999982e+01 1.718295695999999907e+03 1.805981299999999919e+03
1.679500000000000171e+01 1.057893143999999985e+01 1.717823537999999871e+03 1.805981299999999919e+03
1.680000000000000071e+01 1.055041680000000071e+01 1.718061159999999973e+03 1.805981299999999919e+03
1.680499999999999972e+01 1.052782728000000034e+01 1.718249405999999908e+03 1.805981299999999919e+03
1.681000000000000227e+01 1.050523775999999998e+01 1.718437651999999844e+03 1.805981299999999919e+03
1.681500000000000128e+01 1.055041680000000071e+01 1.718061159999999973e+03 1.805981299999999919e+03
1.682000000000000028e+01 1.049412816000000070e+01 1.718530231999999842e+03 1.805981299999999919e+03
1.682500000000000284e+01 1.049968295999999945e+01 1.718483941999999843e+03 1.805981299999999919e+03
1.683000000000000185e+01 1.055041680000000071e+01 1.718061159999999973e+03 1.805981299999999919e+03
1.683500000000000085e+01 1.050523775999999998e+01 1.718437651999999844e+03 1.805981299999999919e+03
1.683999999999999986e+01 1.055634191999999949e+01 1.718011783999999807e+03 1.805981299999999919e+03
1.684500000000000242e+01 1.050523775999999998e+01 1.718437651999999844e+03 1.805981299999999919e+03
1.685000000000000142e+01 1.055041680000000071e+01 1.718061159999999973e+03 1.805981299999999919e+03
1.685500000000000043e+01 1.055041680000000071e+01 1.718061159999999973e+03 1.805981299999999919e+03
1.686000000000000298e+01 1.059004104000000090e+01 1.717730957999999873e+03 1.805981299999999919e+03
1.686500000000000199e+01 1.048857336000000018e+01 1.718576521999999841e+03 1.805981299999999919e+03
1.687000000000000099e+01 1.049968295999999945e+01 1.718483941999999843e+03 1.805981299999999919e+03
1.687500000000000000e+01 1.050523775999999998e+01 1.718437651999999844e+03 1.805981299999999919e+03
1.688000000000000256e+01 1.052227247999999982e+01 1.718295695999999907e+03 1.805981299999999919e+03
1.688500000000000156e+01 1.057893143999999985e+01 1.717823537999999871e+03 1.805981299999999919e+03
1.689000000000000057e+01 1.055041680000000071e+01 1.718061159999999973e+03 1.805981299999999919e+03
1.689499999999999957e+01 1.049968295999999945e+01 1.718483941999999843e+03 1.805981299999999919e+03
1.690000000000000213e+01 1.053375239999999913e+01 1.718200029999999970e+03 1.805981299999999919e+03
1.690500000000000114e+01 1.056189672000000002e+01 1.717965494000000035e+03 1.805981299999999919e+03
1.691000000000000014e+01 1.047153864000000034e+01 1.718718478000000005e+03 1.805981299999999919e+03
1.691500000000000270e+01 1.055634191999999949e+01 1.718011783999999807e+03 1.805981299999999919e+03
1.692000000000000171e+01 1.056189672000000002e+01 1.717965494000000035e+03 1.805981299999999919e+03
1.692500000000000071e+01 1.048857336000000018e+01 1.718576521999999841e+03 1.805981299999999919e+03
1.692999999999999972e+01 1.048857336000000018e+01 1.718576521999999841e+03 1.805981299999999919e+03
1.693500000000000227e+01 1.052227247999999982e+01 1.718295695999999907e+03 1.805981299999999919e+03
1.694000000000000128e+01 1.055041680000000071e+01 1.718061159999999973e+03 1.805981299999999919e+03
1.694500000000000028e+01 1.055634191999999949e+01 1.718011783999999807e+03 1.805981299999999919e+03
1.695000000000000284e+01 1.049412816000000070e+01 1.718530231999999842e+03 1.805981299999999919e+03
1.695500000000000185e+01 1.054486200000000018e+01 1.718107449999999972e+03 1.805981299999999919e+03
1.696000000000000085e+01 1.051671767999999929e+01 1.718341985999999906e+03 1.805981299999999919e+03
1.696499999999999986e+01 1.052227247999999982e+01 1.718295695999999907e+03 1.805981299999999919e+03
1.697000000000000242e+01 1.053375239999999913e+01 1.718200029999999970e+03 1.805981299999999919e+03
1.697500000000000142e+01 1.056189672000000002e+01 1.717965494000000035e+03 1.805981299999999919e+03
1.698000000000000043e+01 1.051116287999999876e+01 1.718388275999999905e+03 1.805981299999999919e+03
1.698500000000000298e+01 1.052782728000000034e+01 1.718249405999999908e+03 1.805981299999999919e+03
1.699000000000000199e+01 1.058448624000000038e+01 1.717777247999999872e+03 1.805981299999999919e+03
1.699500000000000099e+01 1.054486200000000018e+01 1.718107449999999972e+03 1.805981299999999919e+03
1.700000000000000000e+01 1.049968295999999945e+01 1.718483941999999843e+03 1.805981299999999919e+03
1.700500000000000256e+01 1.052227247999999982e+01 1.718295695999999907e+03 1.805981299999999919e+03
1.701000000000000156e+01 1.050523775999999998e+01 1.718437651999999844e+03 1.805981299999999919e+03
1.701500000000000057e+01 1.051116287999999876e+01 1.718388275999999905e+03 1.805981299999999919e+03
1.701999999999999957e+01 1.055041680000000071e+01 1.718061159999999973e+03 1.805981299999999919e+03
1.702500000000000213e+01 1.049412816000000070e+01 1.718530231999999842e+03 1.805981299999999919e+03
1.703000000000000114e+01 1.051671767999999929e+01 1.718341985999999906e+03 1.805981299999999919e+03
1.703500000000000014e+01 1.048857336000000018e+01 1.718576521999999841e+03 1.805981299999999919e+03
1.704000000000000270e+01 1.055041680000000071e+01 1.718061159999999973e+03 1.805981299999999919e+03
1.704500000000000171e+01 1.055041680000000071e+01 1.718061159999999973e+03 1.805981299999999919e+03
1.705000000000000071e+01 1.045450392000000051e+01 1.718860433999999941e+03 1.805981299999999919e+03
1.705499999999999972e+01 1.052227247999999982e+01 1.718295695999999907e+03 1.805981299999999919e+03
1.706000000000000227e+01 1.051116287999999876e+01 1.718388275999999905e+03 1.805981299999999919e+03
1.706500000000000128e+01 1.047709344000000087e+01 1.718672188000000006e+03 1.805981299999999919e+03
1.707000000000000028e+01 1.053930719999999965e+01 1.718153739999999971e+03 1.805981299999999919e+03
1.707500000000000284e+01 1.047709344000000087e+01 1.718672188000000006e+03 1.805981299999999919e+03
1.708000000000000185e+01 1.043746920000000067e+01 1.719002389999999878e+03 1.805981299999999919e+03
1.708500000000000085e+01 1.050523775999999998e+01 1.718437651999999844e+03 1.805981299999999919e+03
1.708999999999999986e+01 1.055041680000000071e+01 1.718061159999999973e+03 1.805981299999999919e+03
1.709500000000000242e+01 1.048857336000000018e+01 1.718576521999999841e+03 1.805981299999999919e+03
1.710000000000000142e+01 1.050523775999999998e+01 1.718437651999999844e+03 1.805981299999999919e+03
1.710500000000000043e+01 1.051671767999999929e+01 1.718341985999999906e+03 1.805981299999999919e+03
1.711000000000000298e+01 1.048857336000000018e+01 1.718576521999999841e+03 1.805981299999999919e+03
1.711500000000000199e+01 1.047709344000000087e+01 1.718672188000000006e+03 1.805981299999999919e+03
1.712000000000000099e+01 1.041487968000000031e+01 1.719190635999999813e+03 1.805981299999999919e+03
1.712500000000000000e+01 1.051671767999999929e+01 1.718341985999999906e+03 1.805981299999999919e+03
1.713000000000000256e+01 1.049968295999999945e+01 1.718483941999999843e+03 1.805981299999999919e+03
1.713500000000000156e+01 1.045450392000000051e+01 1.718860433999999941e+03 1.805981299999999919e+03
1.714000000000000057e+01 1.050523775999999998e+01 1.718437651999999844e+03 1.805981299999999919e+03
1.714499999999999957e+01 1.055041680000000071e+01 1.718061159999999973e+03 1.805981299999999919e+03
1.715000000000000213e+01 1.046005872000000103e+01 1.718814143999999942e+03 1.805981299999999919e+03
1.715500000000000114e+01 1.046005872000000103e+01 1.718814143999999942e+03 1.805981299999999919e+03
1.716000000000000014e+01 1.052227247999999982e+01 1.718295695999999907e+03 1.805981299999999919e+03
1.716500000000000270e+01 1.045450392000000051e+01 1.718860433999999941e+03 1.805981299999999919e+03
1.717000000000000171e+01 1.047709344000000087e+01 1.718672188000000006e+03 1.805981299999999919e+03
1.717500000000000071e+01 1.051671767999999929e+01 1.718341985999999906e+03 1.805981299999999919e+03
1.717999999999999972e+01 1.047709344000000087e+01 1.718672188000000006e+03 1.805981299999999919e+03
1.718500000000000227e+01 1.049412816000000070e+01 1.718530231999999842e+03 1.805981299999999919e+03
1.719000000000000128e+01 1.054486200000000018e+01 1.718107449999999972e+03 1.805981299999999919e+03
1.719500000000000028e+01 1.055041680000000071e+01 1.718061159999999973e+03 1.805981299999999919e+03
1.720000000000000284e+01 1.053930719999999965e+01 1.718153739999999971e+03 1.805981299999999919e+03
1.720500000000000185e+01 1.047709344000000087e+01 1.718672188000000006e+03 1.805981299999999919e+03
1.721000000000000085e+01 1.048264823999999962e+01 1.718625898000000007e+03 1.805981299999999919e+03
1.721499999999999986e+01 1.048857336000000018e+01 1.718576521999999841e+03 1.805981299999999919e+03
1.722000000000000242e+01 1.051116287999999876e+01 1.718388275999999905e+03 1.805981299999999919e+03
1.722500000000000142e+01 1.049968295999999945e+01 1.718483941999999843e+03 1.805981299999999919e+03
1.723000000000000043e+01 1.051116287999999876e+01 1.718388275999999905e+03 1.805981299999999919e+03
1.723500000000000298e+01 1.044302399999999942e+01 1.718956099999999878e+03 1.805981299999999919e+03
1.724000000000000199e+01 1.051116287999999876e+01 1.718388275999999905e+03 1.805981299999999919e+03
1.724500000000000099e+01 1.048264823999999962e+01 1.718625898000000007e+03 1.805981299999999919e+03
1.725000000000000000e+01 1.044302399999999942e+01 1.718956099999999878e+03 1.805981299999999919e+03
1.725500000000000256e+01 1.049968295999999945e+01 1.718483941999999843e+03 1.805981299999999919e+03
1.726000000000000156e+01 1.045450392000000051e+01 1.718860433999999941e+03 1.805981299999999919e+03
1.726500000000000057e+01 1.044302399999999942e+01 1.718956099999999878e+03 1.805981299999999919e+03
1.726999999999999957e+01 1.047153864000000034e+01 1.718718478000000005e+03 1.805981299999999919e+03
1.727500000000000213e+01 1.049412816000000070e+01 1.718530231999999842e+03 1.805981299999999919e+03
1.728000000000000114e+01 1.047153864000000034e+01 1.718718478000000005e+03 1.805981299999999919e+03
1.728500000000000014e+01 1.040932487999999978e+01 1.719236925999999812e+03 1.805981299999999919e+03
1.729000000000000270e+01 1.048857336000000018e+01 1.718576521999999841e+03 1.805981299999999919e+03
1.729500000000000171e+01 1.049968295999999945e+01 1.718483941999999843e+03 1.805981299999999919e+03
1.730000000000000071e+01 1.042043447999999906e+01 1.719144346000000041e+03 1.805981299999999919e+03
1.730499999999999972e+01 1.044894911999999998e+01 1.718906723999999940e+03 1.805981299999999919e+03
1.731000000000000227e+01 1.040932487999999978e+01 1.719236925999999812e+03 1.805981299999999919e+03
1.731500000000000128e+01 1.046598383999999982e+01 1.718764768000000004e+03 1.805981299999999919e+03
1.732000000000000028e+01 1.042635959999999962e+01 1.719094969999999876e+03 1.805981299999999919e+03
1.732500000000000284e+01 1.045450392000000051e+01 1.718860433999999941e+03 1.805981299999999919e+03
1.733000000000000185e+01 1.042635959999999962e+01 1.719094969999999876e+03 1.805981299999999919e+03
1.733500000000000085e+01 1.042043447999999906e+01 1.719144346000000041e+03 1.805981299999999919e+03
1.733999999999999986e+01 1.045450392000000051e+01 1.718860433999999941e+03 1.805981299999999919e+03
1.734500000000000242e+01 1.046598383999999982e+01 1.718764768000000004e+03 1.805981299999999919e+03
1.735000000000000142e+01 1.043746920000000067e+01 1.719002389999999878e+03 1.805981299999999919e+03
1.735500000000000043e+01 1.038118056000000067e+01 1.719471461999999974e+03 1.805981299999999919e+03
1.736000000000000298e+01 1.042635959999999962e+01 1.719094969999999876e+03 1.805981299999999919e+03
1.736500000000000199e+01 1.041487968000000031e+01 1.719190635999999813e+03 1.805981299999999919e+03
1.737000000000000099e+01 1.044894911999999998e+01 1.718906723999999940e+03 1.805981299999999919e+03
1.737500000000000000e+01 1.043746920000000067e+01 1.719002389999999878e+03 1.805981299999999919e+03
1.738000000000000256e+01 1.039784495999999869e+01 1.719332591999999977e+03 1.805981299999999919e+03
1.738500000000000156e+01 1.040932487999999978e+01 1.719236925999999812e+03 1.805981299999999919e+03
1.739000000000000057e+01 1.043191440000000014e+01 1.719048679999999877e+03 1.805981299999999919e+03
1.739499999999999957e+01 1.046598383999999982e+01 1.718764768000000004e+03 1.805981299999999919e+03
1.740000000000000213e+01 1.041487968000000031e+01 1.719190635999999813e+03 1.805981299999999919e+03
1.740500000000000114e+01 1.038118056000000067e+01 1.719471461999999974e+03 1.805981299999999919e+03
1.741000000000000014e+01 1.042635959999999962e+01 1.719094969999999876e+03 1.805981299999999919e+03
1.741500000000000270e+01 1.039784495999999869e+01 1.719332591999999977e+03 1.805981299999999919e+03
1.742000000000000171e+01 1.042635959999999962e+01 1.719094969999999876e+03 1.805981299999999919e+03
1.742500000000000071e+01 1.043191440000000014e+01 1.719048679999999877e+03 1.805981299999999919e+03
1.742999999999999972e+01 1.042635959999999962e+01 1.719094969999999876e+03 1.805981299999999919e+03
1.743500000000000227e+01 1.044302399999999942e+01 1.718956099999999878e+03 1.805981299999999919e+03
1.744000000000000128e+01 1.049412816000000070e+01 1.718530231999999842e+03 1.805981299999999919e+03
1.744500000000000028e+01 1.043746920000000067e+01 1.719002389999999878e+03 1.805981299999999919e+03
1.745000000000000284e+01 1.039229015999999994e+01 1.719378881999999976e+03 1.805981299999999919e+03
1.745500000000000185e+01 1.040932487999999978e+01 1.719236925999999812e+03 1.805981299999999919e+03
1.746000000000000085e+01 1.042635959999999962e+01 1.719094969999999876e+03 1.805981299999999919e+03
1.746499999999999986e+01 1.042635959999999962e+01 1.719094969999999876e+03 1.805981299999999919e+03
1.747000000000000242e+01 1.043191440000000014e+01 1.719048679999999877e+03 1.805981299999999919e+03
1.747500000000000142e+01 1.046005872000000103e+01 1.718814143999999942e+03 1.805981299999999919e+03
1.748000000000000043e+01 1.042043447999999906e+01 1.719144346000000041e+03 1.805981299999999919e+03
1.748500000000000298e+01 1.043191440000000014e+01 1.719048679999999877e+03 1.805981299999999919e+03
1.749000000000000199e+01 1.040377007999999925e+01 1.719283215999999811e+03 1.805981299999999919e+03
1.749500000000000099e+01 1.039784495999999869e+01 1.719332591999999977e+03 1.805981299999999919e+03
1.750000000000000000e+01 1.039784495999999869e+01 1.719332591999999977e+03 1.805981299999999919e+03
1.750500000000000256e+01 1.043746920000000067e+01 1.719002389999999878e+03 1.805981299999999919e+03
1.751000000000000156e+01 1.046005872000000103e+01 1.718814143999999942e+03 1.805981299999999919e+03
1.751500000000000057e+01 1.036414584000000083e+01 1.719613417999999911e+03 1.805981299999999919e+03
1.751999999999999957e+01 1.040377007999999925e+01 1.719283215999999811e+03 1.805981299999999919e+03
1.752500000000000213e+01 1.045450392000000051e+01 1.718860433999999941e+03 1.805981299999999919e+03
1.753000000000000114e+01 1.038673535999999942e+01 1.719425171999999975e+03 1.805981299999999919e+03
1.753500000000000014e+01 1.038673535999999942e+01 1.719425171999999975e+03 1.805981299999999919e+03
1.754000000000000270e+01 1.042635959999999962e+01 1.719094969999999876e+03 1.805981299999999919e+03
1.754500000000000171e+01 1.051116287999999876e+01 1.718388275999999905e+03 1.805981299999999919e+03
1.755000000000000071e+01 1.039229015999999994e+01 1.719378881999999976e+03 1.805981299999999919e+03
1.755499999999999972e+01 1.039784495999999869e+01 1.719332591999999977e+03 1.805981299999999919e+03
1.756000000000000227e+01 1.040932487999999978e+01 1.719236925999999812e+03 1.805981299999999919e+03
1.756500000000000128e+01 1.043746920000000067e+01 1.719002389999999878e+03 1.805981299999999919e+03
1.757000000000000028e+01 1.036970063999999958e+01 1.719567127999999911e+03 1.805981299999999919e+03
1.757500000000000284e+01 1.038118056000000067e+01 1.719471461999999974e+03 1.805981299999999919e+03
1.758000000000000185e+01 1.037525543999999833e+01 1.719520837999999912e+03 1.805981299999999919e+03
1.758500000000000085e+01 1.040932487999999978e+01 1.719236925999999812e+03 1.805981299999999919e+03
1.758999999999999986e+01 1.044894911999999998e+01 1.718906723999999940e+03 1.805981299999999919e+03
1.759500000000000242e+01 1.042635959999999962e+01 1.719094969999999876e+03 1.805981299999999919e+03
1.760000000000000142e+01 1.047153864000000034e+01 1.718718478000000005e+03 1.805981299999999919e+03
1.760500000000000043e+01 1.043746920000000067e+01 1.719002389999999878e+03 1.805981299999999919e+03
1.761000000000000298e+01 1.043746920000000067e+01 1.719002389999999878e+03 1.805981299999999919e+03
1.761500000000000199e+01 1.043191440000000014e+01 1.719048679999999877e+03 1.805981299999999919e+03
1.762000000000000099e+01 1.040932487999999978e+01 1.719236925999999812e+03 1.805981299999999919e+03
1.762500000000000000e+01 1.039229015999999994e+01 1.719378881999999976e+03 1.805981299999999919e+03
1.763000000000000256e+01 1.041487968000000031e+01 1.719190635999999813e+03 1.805981299999999919e+03
1.763500000000000156e+01 1.045450392000000051e+01 1.718860433999999941e+03 1.805981299999999919e+03
1.764000000000000057e+01 1.039784495999999869e+01 1.719332591999999977e+03 1.805981299999999919e+03
1.764499999999999957e+01 1.046598383999999982e+01 1.718764768000000004e+03 1.805981299999999919e+03
1.765000000000000213e+01 1.044302399999999942e+01 1.718956099999999878e+03 1.805981299999999919e+03
1.765500000000000114e+01 1.040932487999999978e+01 1.719236925999999812e+03 1.805981299999999919e+03
1.766000000000000014e+01 1.040377007999999925e+01 1.719283215999999811e+03 1.805981299999999919e+03
1.766500000000000270e+01 1.044302399999999942e+01 1.718956099999999878e+03 1.805981299999999919e+03
1.767000000000000171e+01 1.043191440000000014e+01 1.719048679999999877e+03 1.805981299999999919e+03
1.767500000000000071e+01 1.044894911999999998e+01 1.718906723999999940e+03 1.805981299999999919e+03
1.767999999999999972e+01 1.046005872000000103e+01 1.718814143999999942e+03 1.805981299999999919e+03
1.768500000000000227e+01 1.041487968000000031e+01 1.719190635999999813e+03 1.805981299999999919e+03
1.769000000000000128e+01 1.040932487999999978e+01 1.719236925999999812e+03 1.805981299999999919e+03
1.769500000000000028e+01 1.044894911999999998e+01 1.718906723999999940e+03 1.805981299999999919e+03
1.770000000000000284e+01 1.041487968000000031e+01 1.719190635999999813e+03 1.805981299999999919e+03
1.770500000000000185e+01 1.041487968000000031e+01 1.719190635999999813e+03 1.805981299999999919e+03
1.771000000000000085e+01 1.043191440000000014e+01 1.719048679999999877e+03 1.805981299999999919e+03
1.771499999999999986e+01 1.040932487999999978e+01 1.719236925999999812e+03 1.805981299999999919e+03
1.772000000000000242e+01 1.039229015999999994e+01 1.719378881999999976e+03 1.805981299999999919e+03
1.772500000000000142e+01 1.044302399999999942e+01 1.718956099999999878e+03 1.805981299999999919e+03
1.773000000000000043e+01 1.043191440000000014e+01 1.719048679999999877e+03 1.805981299999999919e+03
1.773500000000000298e+01 1.035859104000000031e+01 1.719659707999999910e+03 1.805981299999999919e+03
1.774000000000000199e+01 1.038673535999999942e+01 1.719425171999999975e+03 1.805981299999999919e+03
1.774500000000000099e+01 1.043746920000000067e+01 1.719002389999999878e+03 1.805981299999999919e+03
1.775000000000000000e+01 1.042043447999999906e+01 1.719144346000000041e+03 1.805981299999999919e+03
1.775500000000000256e+01 1.044302399999999942e+01 1.718956099999999878e+03 1.805981299999999919e+03
1.776000000000000156e+01 1.038118056000000067e+01 1.719471461999999974e+03 1.805981299999999919e+03
1.776500000000000057e+01 1.035859104000000031e+01 1.719659707999999910e+03 1.805981299999999919e+03
1.776999999999999957e+01 1.044302399999999942e+01 1.718956099999999878e+03 1.805981299999999919e+03
1.777500000000000213e+01 1.039784495999999869e+01 1.719332591999999977e+03 1.805981299999999919e+03
1.778000000000000114e+01 1.041487968000000031e+01 1.719190635999999813e+03 1.805981299999999919e+03
1.778500000000000014e+01 1.043746920000000067e+01 1.719002389999999878e+03 1.805981299999999919e+03
1.779000000000000270e+01 1.042635959999999962e+01 1.719094969999999876e+03 1.805981299999999919e+03
1.779500000000000171e+01 1.041487968000000031e+01 1.719190635999999813e+03 1.805981299999999919e+03
1.780000000000000071e+01 1.033007639999999938e+01 1.719897330000000011e+03 1.805981299999999919e+03
1.780499999999999972e+01 1.034711111999999922e+01 1.719755373999999847e+03 1.805981299999999919e+03
1.781000000000000227e+01 1.035266591999999974e+01 1.719709083999999848e+03 1.805981299999999919e+03
1.781500000000000128e+01 1.034711111999999922e+01 1.719755373999999847e+03 1.805981299999999919e+03
1.782000000000000028e+01 1.049412816000000070e+01 1.718530231999999842e+03 1.805981299999999919e+03
1.782500000000000284e+01 1.041487968000000031e+01 1.719190635999999813e+03 1.805981299999999919e+03
1.783000000000000185e+01 1.032452159999999886e+01 1.719943620000000010e+03 1.805981299999999919e+03
1.783500000000000085e+01 1.035859104000000031e+01 1.719659707999999910e+03 1.805981299999999919e+03
1.783999999999999986e+01 1.036970063999999958e+01 1.719567127999999911e+03 1.805981299999999919e+03
1.784500000000000242e+01 1.040932487999999978e+01 1.719236925999999812e+03 1.805981299999999919e+03
1.785000000000000142e+01 1.037525543999999833e+01 1.719520837999999912e+03 1.805981299999999919e+03
1.785500000000000043e+01 1.034711111999999922e+01 1.719755373999999847e+03 1.805981299999999919e+03
1.786000000000000298e+01 1.042635959999999962e+01 1.719094969999999876e+03 1.805981299999999919e+03
1.786500000000000199e+01 1.045450392000000051e+01 1.718860433999999941e+03 1.805981299999999919e+03
1.787000000000000099e+01 1.034711111999999922e+01 1.719755373999999847e+03 1.805981299999999919e+03
1.787500000000000000e+01 1.033600151999999994e+01 1.719847953999999845e+03 1.805981299999999919e+03
1.788000000000000256e+01 1.030748687999999902e+01 1.720085575999999946e+03 1.805981299999999919e+03
1.788500000000000156e+01 1.034155632000000047e+01 1.719801663999999846e+03 1.805981299999999919e+03
1.789000000000000057e+01 1.033600151999999994e+01 1.719847953999999845e+03 1.805981299999999919e+03
1.789499999999999957e+01 1.036970063999999958e+01 1.719567127999999911e+03 1.805981299999999919e+03
1.790000000000000213e+01 1.036414584000000083e+01 1.719613417999999911e+03 1.805981299999999919e+03
1.790500000000000114e+01 1.036970063999999958e+01 1.719567127999999911e+03 1.805981299999999919e+03
1.791000000000000014e+01 1.040932487999999978e+01 1.719236925999999812e+03 1.805981299999999919e+03
1.791500000000000270e+01 1.039229015999999994e+01 1.719378881999999976e+03 1.805981299999999919e+03
1.792000000000000171e+01 1.031896680000000011e+01 1.719989910000000009e+03 1.805981299999999919e+03
1.792500000000000071e+01 1.035266591999999974e+01 1.719709083999999848e+03 1.805981299999999919e+03
1.792999999999999972e+01 1.035266591999999974e+01 1.719709083999999848e+03 1.805981299999999919e+03
1.793500000000000227e+01 1.037525543999999833e+01 1.719520837999999912e+03 1.805981299999999919e+03
1.794000000000000128e+01 1.038673535999999942e+01 1.719425171999999975e+03 1.805981299999999919e+03
1.794500000000000028e+01 1.038673535999999942e+01 1.719425171999999975e+03 1.805981299999999919e+03
1.795000000000000284e+01 1.038673535999999942e+01 1.719425171999999975e+03 1.805981299999999919e+03
1.795500000000000185e+01 1.039229015999999994e+01 1.719378881999999976e+03 1.805981299999999919e+03
1.796000000000000085e+01 1.038118056000000067e+01 1.719471461999999974e+03 1.805981299999999919e+03
1.796499999999999986e+01 1.032452159999999886e+01 1.719943620000000010e+03 1.805981299999999919e+03
1.797000000000000242e+01 1.033600151999999994e+01 1.719847953999999845e+03 1.805981299999999919e+03
1.797500000000000142e+01 1.033007639999999938e+01 1.719897330000000011e+03 1.805981299999999919e+03
1.798000000000000043e+01 1.037525543999999833e+01 1.719520837999999912e+03 1.805981299999999919e+03
1.798500000000000298e+01 1.034711111999999922e+01 1.719755373999999847e+03 1.805981299999999919e+03
1.799000000000000199e+01 1.034155632000000047e+01 1.719801663999999846e+03 1.805981299999999919e+03
1.799500000000000099e+01 1.039229015999999994e+01 1.719378881999999976e+03 1.805981299999999919e+03
1.800000000000000000e+01 1.034155632000000047e+01 1.719801663999999846e+03 1.805981299999999919e+03
1.800500000000000256e+01 1.030193207999999849e+01 1.720131865999999945e+03 1.805981299999999919e+03
1.801000000000000156e+01 1.034155632000000047e+01 1.719801663999999846e+03 1.805981299999999919e+03
1.801500000000000057e+01 1.038118056000000067e+01 1.719471461999999974e+03 1.805981299999999919e+03
1.801999999999999957e+01 1.039784495999999869e+01 1.719332591999999977e+03 1.805981299999999919e+03
1.802500000000000213e+01 1.041487968000000031e+01 1.719190635999999813e+03 1.805981299999999919e+03
1.803000000000000114e+01 1.038673535999999942e+01 1.719425171999999975e+03 1.805981299999999919e+03
1.803500000000000014e+01 1.035266591999999974e+01 1.719709083999999848e+03 1.805981299999999919e+03
1.804000000000000270e+01 1.036414584000000083e+01 1.719613417999999911e+03 1.805981299999999919e+03
1.804500000000000171e+01 1.039229015999999994e+01 1.719378881999999976e+03 1.805981299999999919e+03
1.805000000000000071e+01 1.030748687999999902e+01 1.720085575999999946e+03 1.805981299999999919e+03
1.805499999999999972e+01 1.035266591999999974e+01 1.719709083999999848e+03 1.805981299999999919e+03
1.806000000000000227e+01 1.035859104000000031e+01 1.719659707999999910e+03 1.805981299999999919e+03
1.806500000000000128e+01 1.035266591999999974e+01 1.719709083999999848e+03 1.805981299999999919e+03
1.807000000000000028e+01 1.034711111999999922e+01 1.719755373999999847e+03 1.805981299999999919e+03
1.807500000000000284e+01 1.041487968000000031e+01 1.719190635999999813e+03 1.805981299999999919e+03
1.808000000000000185e+01 1.028489735999999866e+01 1.720273821999999882e+03 1.805981299999999919e+03
1.808500000000000085e+01 1.028489735999999866e+01 1.720273821999999882e+03 1.805981299999999919e+03
1.808999999999999986e+01 1.027934255999999813e+01 1.720320111999999881e+03 1.805981299999999919e+03
1.809500000000000242e+01 1.037525543999999833e+01 1.719520837999999912e+03 1.805981299999999919e+03
1.810000000000000142e+01 1.038673535999999942e+01 1.719425171999999975e+03 1.805981299999999919e+03
1.810500000000000043e+01 1.037525543999999833e+01 1.719520837999999912e+03 1.805981299999999919e+03
1.811000000000000298e+01 1.035266591999999974e+01 1.719709083999999848e+03 1.805981299999999919e+03
1.811500000000000199e+01 1.036414584000000083e+01 1.719613417999999911e+03 1.805981299999999919e+03
1.812000000000000099e+01 1.036970063999999958e+01 1.719567127999999911e+03 1.805981299999999919e+03
1.812500000000000000e+01 1.032452159999999886e+01 1.719943620000000010e+03 1.805981299999999919e+03
1.813000000000000256e+01 1.031341199999999958e+01 1.720036200000000008e+03 1.805981299999999919e+03
1.813500000000000156e+01 1.035859104000000031e+01 1.719659707999999910e+03 1.805981299999999919e+03
1.814000000000000057e+01 1.035266591999999974e+01 1.719709083999999848e+03 1.805981299999999919e+03
1.814499999999999957e+01 1.030193207999999849e+01 1.720131865999999945e+03 1.805981299999999919e+03
1.815000000000000213e+01 1.028489735999999866e+01 1.720273821999999882e+03 1.805981299999999919e+03
1.815500000000000114e+01 1.029045215999999918e+01 1.720227531999999883e+03 1.805981299999999919e+03
1.816000000000000014e+01 1.028489735999999866e+01 1.720273821999999882e+03 1.805981299999999919e+03
1.816500000000000270e+01 1.033007639999999938e+01 1.719897330000000011e+03 1.805981299999999919e+03
1.817000000000000171e+01 1.034155632000000047e+01 1.719801663999999846e+03 1.805981299999999919e+03
1.817500000000000071e+01 1.031896680000000011e+01 1.719989910000000009e+03 1.805981299999999919e+03
1.817999999999999972e+01 1.035859104000000031e+01 1.719659707999999910e+03 1.805981299999999919e+03
1.818500000000000227e+01 1.035266591999999974e+01 1.719709083999999848e+03 1.805981299999999919e+03
1.819000000000000128e+01 1.031896680000000011e+01 1.719989910000000009e+03 1.805981299999999919e+03
1.819500000000000028e+01 1.030748687999999902e+01 1.720085575999999946e+03 1.805981299999999919e+03
1.820000000000000284e+01 1.031341199999999958e+01 1.720036200000000008e+03 1.805981299999999919e+03
1.820500000000000185e+01 1.026786263999999882e+01 1.720415778000000046e+03 1.805981299999999919e+03
1.821000000000000085e+01 1.029637727999999974e+01 1.720178155999999944e+03 1.805981299999999919e+03
1.821499999999999986e+01 1.034155632000000047e+01 1.719801663999999846e+03 1.805981299999999919e+03
1.822000000000000242e+01 1.029045215999999918e+01 1.720227531999999883e+03 1.805981299999999919e+03
1.822500000000000142e+01 1.029637727999999974e+01 1.720178155999999944e+03 1.805981299999999919e+03
1.823000000000000043e+01 1.031341199999999958e+01 1.720036200000000008e+03 1.805981299999999919e+03
1.823500000000000298e+01 1.032452159999999886e+01 1.719943620000000010e+03 1.805981299999999919e+03
1.824000000000000199e+01 1.030748687999999902e+01 1.720085575999999946e+03 1.805981299999999919e+03
1.824500000000000099e+01 1.030193207999999849e+01 1.720131865999999945e+03 1.805981299999999919e+03
1.825000000000000000e+01 1.035266591999999974e+01 1.719709083999999848e+03 1.805981299999999919e+03
1.825500000000000256e+01 1.030193207999999849e+01 1.720131865999999945e+03 1.805981299999999919e+03
1.826000000000000156e+01 1.030193207999999849e+01 1.720131865999999945e+03 1.805981299999999919e+03
1.826500000000000057e+01 1.032452159999999886e+01 1.719943620000000010e+03 1.805981299999999919e+03
1.826999999999999957e+01 1.029045215999999918e+01 1.720227531999999883e+03 1.805981299999999919e+03
1.827500000000000213e+01 1.031341199999999958e+01 1.720036200000000008e+03 1.805981299999999919e+03
1.828000000000000114e+01 1.029637727999999974e+01 1.720178155999999944e+03 1.805981299999999919e+03
1.828500000000000014e+01 1.030748687999999902e+01 1.720085575999999946e+03 1.805981299999999919e+03
1.829000000000000270e+01 1.027378775999999938e+01 1.720366401999999880e+03 1.805981299999999919e+03
1.829500000000000171e+01 1.027378775999999938e+01 1.720366401999999880e+03 1.805981299999999919e+03
1.830000000000000071e+01 1.031896680000000011e+01 1.719989910000000009e+03 1.805981299999999919e+03
1.830499999999999972e+01 1.036970063999999958e+01 1.719567127999999911e+03 1.805981299999999919e+03
1.831000000000000227e+01 1.031896680000000011e+01 1.719989910000000009e+03 1.805981299999999919e+03
1.831500000000000128e+01 1.032452159999999886e+01 1.719943620000000010e+03 1.805981299999999919e+03
1.832000000000000028e+01 1.027934255999999813e+01 1.720320111999999881e+03 1.805981299999999919e+03
1.832500000000000284e+01 1.026786263999999882e+01 1.720415778000000046e+03 1.805981299999999919e+03
1.833000000000000185e+01 1.029637727999999974e+01 1.720178155999999944e+03 1.805981299999999919e+03
1.833500000000000085e+01 1.036414584000000083e+01 1.719613417999999911e+03 1.805981299999999919e+03
1.833999999999999986e+01 1.035266591999999974e+01 1.719709083999999848e+03 1.805981299999999919e+03
1.834500000000000242e+01 1.036970063999999958e+01 1.719567127999999911e+03 1.805981299999999919e+03
1.835000000000000142e+01 1.032452159999999886e+01 1.719943620000000010e+03 1.805981299999999919e+03
1.835500000000000043e+01 1.028489735999999866e+01 1.720273821999999882e+03 1.805981299999999919e+03
1.836000000000000298e+01 1.032452159999999886e+01 1.719943620000000010e+03 1.805981299999999919e+03
1.836500000000000199e+01 1.032452159999999886e+01 1.719943620000000010e+03 1.805981299999999919e+03
1.837000000000000099e+01 1.034155632000000047e+01 1.719801663999999846e+03 1.805981299999999919e+03
1.837500000000000000e+01 1.032452159999999886e+01 1.719943620000000010e+03 1.805981299999999919e+03
1.838000000000000256e+01 1.034711111999999922e+01 1.719755373999999847e+03 1.805981299999999919e+03
1.838500000000000156e+01 1.028489735999999866e+01 1.720273821999999882e+03 1.805981299999999919e+03
1.839000000000000057e+01 1.035859104000000031e+01 1.719659707999999910e+03 1.805981299999999919e+03
1.839499999999999957e+01 1.027934255999999813e+01 1.720320111999999881e+03 1.805981299999999919e+03
1.840000000000000213e+01 1.035266591999999974e+01 1.719709083999999848e+03 1.805981299999999919e+03
1.840500000000000114e+01 1.030193207999999849e+01 1.720131865999999945e+03 1.805981299999999919e+03
1.841000000000000014e+01 1.036970063999999958e+01 1.719567127999999911e+03 1.805981299999999919e+03
1.841500000000000270e+01 1.033600151999999994e+01 1.719847953999999845e+03 1.805981299999999919e+03
1.842000000000000171e+01 1.031896680000000011e+01 1.719989910000000009e+03 1.805981299999999919e+03
1.842500000000000071e+01 1.031341199999999958e+01 1.720036200000000008e+03 1.805981299999999919e+03
1.842999999999999972e+01 1.027934255999999813e+01 1.720320111999999881e+03 1.805981299999999919e+03
1.843500000000000227e+01 1.028489735999999866e+01 1.720273821999999882e+03 1.805981299999999919e+03
1.844000000000000128e+01 1.025675303999999954e+01 1.720508357999999816e+03 1.805981299999999919e+03
1.844500000000000028e+01 1.031341199999999958e+01 1.720036200000000008e+03 1.805981299999999919e+03
1.845000000000000284e+01 1.027378775999999938e+01 1.720366401999999880e+03 1.805981299999999919e+03
1.845500000000000185e+01 1.027378775999999938e+01 1.720366401999999880e+03 1.805981299999999919e+03
1.846000000000000085e+01 1.029045215999999918e+01 1.720227531999999883e+03 1.805981299999999919e+03
1.846499999999999986e+01 1.028489735999999866e+01 1.720273821999999882e+03 1.805981299999999919e+03
1.847000000000000242e+01 1.030748687999999902e+01 1.720085575999999946e+03 1.805981299999999919e+03
1.847500000000000142e+01 1.022860872000000043e+01 1.720742893999999978e+03 1.805981299999999919e+03
1.848000000000000043e+01 1.031341199999999958e+01 1.720036200000000008e+03 1.805981299999999919e+03
1.848500000000000298e+01 1.030748687999999902e+01 1.720085575999999946e+03 1.805981299999999919e+03
1.849000000000000199e+01 1.026230783999999829e+01 1.720462067999999817e+03 1.805981299999999919e+03
1.849500000000000099e+01 1.026786263999999882e+01 1.720415778000000046e+03 1.805981299999999919e+03
1.850000000000000000e+01 1.027378775999999938e+01 1.720366401999999880e+03 1.805981299999999919e+03
1.850500000000000256e+01 1.031896680000000011e+01 1.719989910000000009e+03 1.805981299999999919e+03
1.851000000000000156e+01 1.027934255999999813e+01 1.720320111999999881e+03 1.805981299999999919e+03
1.851500000000000057e+01 1.028489735999999866e+01 1.720273821999999882e+03 1.805981299999999919e+03
1.851999999999999957e+01 1.026786263999999882e+01 1.720415778000000046e+03 1.805981299999999919e+03
1.852500000000000213e+01 1.024527311999999846e+01 1.720604023999999981e+03 1.805981299999999919e+03
1.853000000000000114e+01 1.027378775999999938e+01 1.720366401999999880e+03 1.805981299999999919e+03
1.853500000000000014e+01 1.027378775999999938e+01 1.720366401999999880e+03 1.805981299999999919e+03
1.854000000000000270e+01 1.027378775999999938e+01 1.720366401999999880e+03 1.805981299999999919e+03
1.854500000000000171e+01 1.026786263999999882e+01 1.720415778000000046e+03 1.805981299999999919e+03
1.855000000000000071e+01 1.029637727999999974e+01 1.720178155999999944e+03 1.805981299999999919e+03
1.855499999999999972e+01 1.026786263999999882e+01 1.720415778000000046e+03 1.805981299999999919e+03
1.856000000000000227e+01 1.024527311999999846e+01 1.720604023999999981e+03 1.805981299999999919e+03
1.856500000000000128e+01 1.031341199999999958e+01 1.720036200000000008e+03 1.805981299999999919e+03
1.857000000000000028e+01 1.026230783999999829e+01 1.720462067999999817e+03 1.805981299999999919e+03
1.857500000000000284e+01 1.026786263999999882e+01 1.720415778000000046e+03 1.805981299999999919e+03
1.858000000000000185e+01 1.030748687999999902e+01 1.720085575999999946e+03 1.805981299999999919e+03
1.858500000000000085e+01 1.033007639999999938e+01 1.719897330000000011e+03 1.805981299999999919e+03
1.858999999999999986e+01 1.026786263999999882e+01 1.720415778000000046e+03 1.805981299999999919e+03
1.859500000000000242e+01 1.027934255999999813e+01 1.720320111999999881e+03 1.805981299999999919e+03
1.860000000000000142e+01 1.031896680000000011e+01 1.719989910000000009e+03 1.805981299999999919e+03
1.860500000000000043e+01 1.023971831999999971e+01 1.720650313999999980e+03 1.805981299999999919e+03
1.861000000000000298e+01 1.027378775999999938e+01 1.720366401999999880e+03 1.805981299999999919e+03
1.861500000000000199e+01 1.033600151999999994e+01 1.719847953999999845e+03 1.805981299999999919e+03
1.862000000000000099e+01 1.030748687999999902e+01 1.720085575999999946e+03 1.805981299999999919e+03
1.862500000000000000e+01 1.032452159999999886e+01 1.719943620000000010e+03 1.805981299999999919e+03
1.863000000000000256e+01 1.033600151999999994e+01 1.719847953999999845e+03 1.805981299999999919e+03
1.863500000000000156e+01 1.030193207999999849e+01 1.720131865999999945e+03 1.805981299999999919e+03
1.864000000000000057e+01 1.025119824000000079e+01 1.720554647999999816e+03 1.805981299999999919e+03
1.864499999999999957e+01 1.024527311999999846e+01 1.720604023999999981e+03 1.805981299999999919e+03
1.865000000000000213e+01 1.025675303999999954e+01 1.720508357999999816e+03 1.805981299999999919e+03
1.865500000000000114e+01 1.031341199999999958e+01 1.720036200000000008e+03 1.805981299999999919e+03
1.866000000000000014e+01 1.032452159999999886e+01 1.719943620000000010e+03 1.805981299999999919e+03
1.866500000000000270e+01 1.037525543999999833e+01 1.719520837999999912e+03 1.805981299999999919e+03
1.867000000000000171e+01 1.030193207999999849e+01 1.720131865999999945e+03 1.805981299999999919e+03
1.867500000000000071e+01 1.032452159999999886e+01 1.719943620000000010e+03 1.805981299999999919e+03
1.867999999999999972e+01 1.029637727999999974e+01 1.720178155999999944e+03 1.805981299999999919e+03
1.868500000000000227e+01 1.028489735999999866e+01 1.720273821999999882e+03 1.805981299999999919e+03
1.869000000000000128e+01 1.027934255999999813e+01 1.720320111999999881e+03 1.805981299999999919e+03
1.869500000000000028e+01 1.033007639999999938e+01 1.719897330000000011e+03 1.805981299999999919e+03
1.870000000000000284e+01 1.033007639999999938e+01 1.719897330000000011e+03 1.805981299999999919e+03
1.870500000000000185e+01 1.033007639999999938e+01 1.719897330000000011e+03 1.805981299999999919e+03
1.871000000000000085e+01 1.032452159999999886e+01 1.719943620000000010e+03 1.805981299999999919e+03
1.871499999999999986e+01 1.027934255999999813e+01 1.720320111999999881e+03 1.805981299999999919e+03
1.872000000000000242e+01 1.026230783999999829e+01 1.720462067999999817e+03 1.805981299999999919e+03
1.872500000000000142e+01 1.030748687999999902e+01 1.720085575999999946e+03 1.805981299999999919e+03
1.873000000000000043e+01 1.029637727999999974e+01 1.720178155999999944e+03 1.805981299999999919e+03
1.873500000000000298e+01 1.023971831999999971e+01 1.720650313999999980e+03 1.805981299999999919e+03
1.874000000000000199e+01 1.031341199999999958e+01 1.720036200000000008e+03 1.805981299999999919e+03
1.874500000000000099e+01 1.032452159999999886e+01 1.719943620000000010e+03 1.805981299999999919e+03
1.875000000000000000e+01 1.033007639999999938e+01 1.719897330000000011e+03 1.805981299999999919e+03
1.875500000000000256e+01 1.029637727999999974e+01 1.720178155999999944e+03 1.805981299999999919e+03
1.876000000000000156e+01 1.028489735999999866e+01 1.720273821999999882e+03 1.805981299999999919e+03
1.876500000000000057e+01 1.029637727999999974e+01 1.720178155999999944e+03 1.805981299999999919e+03
1.876999999999999957e+01 1.026230783999999829e+01 1.720462067999999817e+03 1.805981299999999919e+03
1.877500000000000213e+01 1.027378775999999938e+01 1.720366401999999880e+03 1.805981299999999919e+03
1.878000000000000114e+01 1.034155632000000047e+01 1.719801663999999846e+03 1.805981299999999919e+03
1.878500000000000014e+01 1.031896680000000011e+01 1.719989910000000009e+03 1.805981299999999919e+03
1.879000000000000270e+01 1.023416351999999918e+01 1.720696603999999979e+03 1.805981299999999919e+03
1.879500000000000171e+01 1.027934255999999813e+01 1.720320111999999881e+03 1.805981299999999919e+03
1.880000000000000071e+01 1.028489735999999866e+01 1.720273821999999882e+03 1.805981299999999919e+03
1.880499999999999972e+01 1.033600151999999994e+01 1.719847953999999845e+03 1.805981299999999919e+03
1.881000000000000227e+01 1.029637727999999974e+01 1.720178155999999944e+03 1.805981299999999919e+03
1.881500000000000128e+01 1.029637727999999974e+01 1.720178155999999944e+03 1.805981299999999919e+03
1.882000000000000028e+01 1.023971831999999971e+01 1.720650313999999980e+03 1.805981299999999919e+03
1.882500000000000284e+01 1.032452159999999886e+01 1.719943620000000010e+03 1.805981299999999919e+03
1.883000000000000185e+01 1.025119824000000079e+01 1.720554647999999816e+03 1.805981299999999919e+03
1.883500000000000085e+01 1.029045215999999918e+01 1.720227531999999883e+03 1.805981299999999919e+03
1.883999999999999986e+01 1.031896680000000011e+01 1.719989910000000009e+03 1.805981299999999919e+03
1.884500000000000242e+01 1.030193207999999849e+01 1.720131865999999945e+03 1.805981299999999919e+03
1.885000000000000142e+01 1.030748687999999902e+01 1.720085575999999946e+03 1.805981299999999919e+03
1.885500000000000043e+01 1.026786263999999882e+01 1.720415778000000046e+03 1.805981299999999919e+03
1.886000000000000298e+01 1.027934255999999813e+01 1.720320111999999881e+03 1.805981299999999919e+03
1.886500000000000199e+01 1.030748687999999902e+01 1.720085575999999946e+03 1.805981299999999919e+03
1.887000000000000099e+01 1.030748687999999902e+01 1.720085575999999946e+03 1.805981299999999919e+03
1.887500000000000000e+01 1.031341199999999958e+01 1.720036200000000008e+03 1.805981299999999919e+03
1.888000000000000256e+01 1.031341199999999958e+01 1.720036200000000008e+03 1.805981299999999919e+03
1.888500000000000156e+01 1.031896680000000011e+01 1.719989910000000009e+03 1.805981299999999919e+03
1.889000000000000057e+01 1.025675303999999954e+01 1.720508357999999816e+03 1.805981299999999919e+03
1.889499999999999957e+01 1.027378775999999938e+01 1.720366401999999880e+03 1.805981299999999919e+03
1.890000000000000213e+01 1.025119824000000079e+01 1.720554647999999816e+03 1.805981299999999919e+03
1.890500000000000114e+01 1.026230783999999829e+01 1.720462067999999817e+03 1.805981299999999919e+03
1.891000000000000014e+01 1.026786263999999882e+01 1.720415778000000046e+03 1.805981299999999919e+03
1.891500000000000270e+01 1.031896680000000011e+01 1.719989910000000009e+03 1.805981299999999919e+03
1.892000000000000171e+01 1.032452159999999886e+01 1.719943620000000010e+03 1.805981299999999919e+03
1.892500000000000071e+01 1.028489735999999866e+01 1.720273821999999882e+03 1.805981299999999919e+03
1.892999999999999972e+01 1.026786263999999882e+01 1.720415778000000046e+03 1.805981299999999919e+03
1.893500000000000227e+01 1.025675303999999954e+01 1.720508357999999816e+03 1.805981299999999919e+03
1.894000000000000128e+01 1.030193207999999849e+01 1.720131865999999945e+03 1.805981299999999919e+03
1.894500000000000028e+01 1.028489735999999866e+01 1.720273821999999882e+03 1.805981299999999919e+03
1.895000000000000284e+01 1.031341199999999958e+01 1.720036200000000008e+03 1.805981299999999919e+03
1.895500000000000185e+01 1.031341199999999958e+01 1.720036200000000008e+03 1.805981299999999919e+03
1.896000000000000085e+01 1.026786263999999882e+01 1.720415778000000046e+03 1.805981299999999919e+03
1.896499999999999986e+01 1.026230783999999829e+01 1.720462067999999817e+03 1.805981299999999919e+03
1.897000000000000242e+01 1.031341199999999958e+01 1.720036200000000008e+03 1.805981299999999919e+03
1.897500000000000142e+01 1.029637727999999974e+01 1.720178155999999944e+03 1.805981299999999919e+03
1.898000000000000043e+01 1.030193207999999849e+01 1.720131865999999945e+03 1.805981299999999919e+03
1.898500000000000298e+01 1.034711111999999922e+01 1.719755373999999847e+03 1.805981299999999919e+03
1.899000000000000199e+01 1.029045215999999918e+01 1.720227531999999883e+03 1.805981299999999919e+03
1.899500000000000099e+01 1.032452159999999886e+01 1.719943620000000010e+03 1.805981299999999919e+03
1.900000000000000000e+01 1.025119824000000079e+01 1.720554647999999816e+03 1.805981299999999919e+03
1.900500000000000256e+01 1.027378775999999938e+01 1.720366401999999880e+03 1.805981299999999919e+03
1.901000000000000156e+01 1.026230783999999829e+01 1.720462067999999817e+03 1.805981299999999919e+03
1.901500000000000057e+01 1.028489735999999866e+01 1.720273821999999882e+03 1.805981299999999919e+03
1.901999999999999957e+01 1.025675303999999954e+01 1.720508357999999816e+03 1.805981299999999919e+03
1.902500000000000213e+01 1.023971831999999971e+01 1.720650313999999980e+03 1.805981299999999919e+03
1.903000000000000114e+01 1.031341199999999958e+01 1.720036200000000008e+03 1.805981299999999919e+03
1.903500000000000014e+01 1.025675303999999954e+01 1.720508357999999816e+03 1.805981299999999919e+03
1.904000000000000270e+01 1.028489735999999866e+01 1.720273821999999882e+03 1.805981299999999919e+03
1.904500000000000171e+01 1.031896680000000011e+01 1.719989910000000009e+03 1.805981299999999919e+03
1.905000000000000071e+01 1.026230783999999829e+01 1.720462067999999817e+03 1.805981299999999919e+03
1.905499999999999972e+01 1.021712879999999934e+01 1.720838559999999916e+03 1.805981299999999919e+03
1.906000000000000227e+01 1.022860872000000043e+01 1.720742893999999978e+03 1.805981299999999919e+03
1.906500000000000128e+01 1.024527311999999846e+01 1.720604023999999981e+03 1.805981299999999919e+03
1.907000000000000028e+01 1.026786263999999882e+01 1.720415778000000046e+03 1.805981299999999919e+03
1.907500000000000284e+01 1.027378775999999938e+01 1.720366401999999880e+03 1.805981299999999919e+03
1.908000000000000185e+01 1.025119824000000079e+01 1.720554647999999816e+03 1.805981299999999919e+03
1.908500000000000085e+01 1.027378775999999938e+01 1.720366401999999880e+03 1.805981299999999919e+03
1.908999999999999986e+01 1.026786263999999882e+01 1.720415778000000046e+03 1.805981299999999919e+03
1.909500000000000242e+01 1.026786263999999882e+01 1.720415778000000046e+03 1.805981299999999919e+03
1.910000000000000142e+01 1.027378775999999938e+01 1.720366401999999880e+03 1.805981299999999919e+03
1.910500000000000043e+01 1.026230783999999829e+01 1.720462067999999817e+03 1.805981299999999919e+03
1.911000000000000298e+01 1.027378775999999938e+01 1.720366401999999880e+03 1.805981299999999919e+03
1.911500000000000199e+01 1.029637727999999974e+01 1.720178155999999944e+03 1.805981299999999919e+03
1.912000000000000099e+01 1.030193207999999849e+01 1.720131865999999945e+03 1.805981299999999919e+03
1.912500000000000000e+01 1.027934255999999813e+01 1.720320111999999881e+03 1.805981299999999919e+03
1.913000000000000256e+01 1.021712879999999934e+01 1.720838559999999916e+03 1.805981299999999919e+03
1.913500000000000156e+01 1.023416351999999918e+01 1.720696603999999979e+03 1.805981299999999919e+03
1.914000000000000057e+01 1.018898447999999846e+01 1.721073095999999850e+03 1.805981299999999919e+03
1.914499999999999957e+01 1.025675303999999954e+01 1.720508357999999816e+03 1.805981299999999919e+03
1.915000000000000213e+01 1.026786263999999882e+01 1.720415778000000046e+03 1.805981299999999919e+03
1.915500000000000114e+01 1.031896680000000011e+01 1.719989910000000009e+03 1.805981299999999919e+03
1.916000000000000014e+01 1.026786263999999882e+01 1.720415778000000046e+03 1.805981299999999919e+03
1.916500000000000270e+01 1.024527311999999846e+01 1.720604023999999981e+03 1.805981299999999919e+03
1.917000000000000171e+01 1.024527311999999846e+01 1.720604023999999981e+03 1.805981299999999919e+03
1.917500000000000071e+01 1.026230783999999829e+01 1.720462067999999817e+03 1.805981299999999919e+03
1.917999999999999972e+01 1.029637727999999974e+01 1.720178155999999944e+03 1.805981299999999919e+03
1.918500000000000227e+01 1.027934255999999813e+01 1.720320111999999881e+03 1.805981299999999919e+03
1.919000000000000128e+01 1.026230783999999829e+01 1.720462067999999817e+03 1.805981299999999919e+03
1.919500000000000028e+01 1.021712879999999934e+01 1.720838559999999916e+03 1.805981299999999919e+03
1.920000000000000284e+01 1.026230783999999829e+01 1.720462067999999817e+03 1.805981299999999919e+03
1.920500000000000185e+01 1.026230783999999829e+01 1.720462067999999817e+03 1.805981299999999919e+03
1.921000000000000085e+01 1.026786263999999882e+01 1.720415778000000046e+03 1.805981299999999919e+03
1.921499999999999986e+01 1.029045215999999918e+01 1.720227531999999883e+03 1.805981299999999919e+03
1.922000000000000242e+01 1.028489735999999866e+01 1.720273821999999882e+03 1.805981299999999919e+03
1.922500000000000142e+01 1.026786263999999882e+01 1.720415778000000046e+03 1.805981299999999919e+03
1.923000000000000043e+01 1.026786263999999882e+01 1.720415778000000046e+03 1.805981299999999919e+03
1.923500000000000298e+01 1.028489735999999866e+01 1.720273821999999882e+03 1.805981299999999919e+03
1.924000000000000199e+01 1.029637727999999974e+01 1.720178155999999944e+03 1.805981299999999919e+03
1.924500000000000099e+01 1.035266591999999974e+01 1.719709083999999848e+03 1.805981299999999919e+03
1.925000000000000000e+01 1.027378775999999938e+01 1.720366401999999880e+03 1.805981299999999919e+03
1.925500000000000256e+01 1.022268359999999987e+01 1.720792269999999917e+03 1.805981299999999919e+03
1.926000000000000156e+01 1.029045215999999918e+01 1.720227531999999883e+03 1.805981299999999919e+03
1.926500000000000057e+01 1.028489735999999866e+01 1.720273821999999882e+03 1.805981299999999919e+03
1.926999999999999957e+01 1.029045215999999918e+01 1.720227531999999883e+03 1.805981299999999919e+03
1.927500000000000213e+01 1.029045215999999918e+01 1.720227531999999883e+03 1.805981299999999919e+03
1.928000000000000114e+01 1.025675303999999954e+01 1.720508357999999816e+03 1.805981299999999919e+03
1.928500000000000014e+01 1.028489735999999866e+01 1.720273821999999882e+03 1.805981299999999919e+03
1.929000000000000270e+01 1.030748687999999902e+01 1.720085575999999946e+03 1.805981299999999919e+03
1.929500000000000171e+01 1.032452159999999886e+01 1.719943620000000010e+03 1.805981299999999919e+03
1.930000000000000071e+01 1.030193207999999849e+01 1.720131865999999945e+03 1.805981299999999919e+03
1.930499999999999972e+01 1.029637727999999974e+01 1.720178155999999944e+03 1.805981299999999919e+03
1.931000000000000227e+01 1.031896680000000011e+01 1.719989910000000009e+03 1.805981299999999919e+03
1.931500000000000128e+01 1.025119824000000079e+01 1.720554647999999816e+03 1.805981299999999919e+03
1.932000000000000028e+01 1.025119824000000079e+01 1.720554647999999816e+03 1.805981299999999919e+03
1.932500000000000284e+01 1.029045215999999918e+01 1.720227531999999883e+03 1.805981299999999919e+03
1.933000000000000185e+01 1.022860872000000043e+01 1.720742893999999978e+03 1.805981299999999919e+03
1.933500000000000085e+01 1.022268359999999987e+01 1.720792269999999917e+03 1.805981299999999919e+03
1.933999999999999986e+01 1.025119824000000079e+01 1.720554647999999816e+03 1.805981299999999919e+03
1.934500000000000242e+01 1.025119824000000079e+01 1.720554647999999816e+03 1.805981299999999919e+03
1.935000000000000142e+01 1.024527311999999846e+01 1.720604023999999981e+03 1.805981299999999919e+03
1.935500000000000043e+01 1.021712879999999934e+01 1.720838559999999916e+03 1.805981299999999919e+03
1.936000000000000298e+01 1.022860872000000043e+01 1.720742893999999978e+03 1.805981299999999919e+03
1.936500000000000199e+01 1.027378775999999938e+01 1.720366401999999880e+03 1.805981299999999919e+03
1.937000000000000099e+01 1.026786263999999882e+01 1.720415778000000046e+03 1.805981299999999919e+03
1.937500000000000000e+01 1.021157399999999882e+01 1.720884849999999915e+03 1.805981299999999919e+03
1.938000000000000256e+01 1.029045215999999918e+01 1.720227531999999883e+03 1.805981299999999919e+03
1.938500000000000156e+01 1.026786263999999882e+01 1.720415778000000046e+03 1.805981299999999919e+03
1.939000000000000057e+01 1.026786263999999882e+01 1.720415778000000046e+03 1.805981299999999919e+03
1.939499999999999957e+01 1.022268359999999987e+01 1.720792269999999917e+03 1.805981299999999919e+03
1.940000000000000213e+01 1.025675303999999954e+01 1.720508357999999816e+03 1.805981299999999919e+03
1.940500000000000114e+01 1.021157399999999882e+01 1.720884849999999915e+03 1.805981299999999919e+03
1.941000000000000014e+01 1.025675303999999954e+01 1.720508357999999816e+03 1.805981299999999919e+03
1.941500000000000270e+01 1.021157399999999882e+01 1.720884849999999915e+03 1.805981299999999919e+03
1.942000000000000171e+01 1.023416351999999918e+01 1.720696603999999979e+03 1.805981299999999919e+03
1.942500000000000071e+01 1.024527311999999846e+01 1.720604023999999981e+03 1.805981299999999919e+03
1.942999999999999972e+01 1.029045215999999918e+01 1.720227531999999883e+03 1.805981299999999919e+03
1.943500000000000227e+01 1.029045215999999918e+01 1.720227531999999883e+03 1.805981299999999919e+03
1.944000000000000128e+01 1.026786263999999882e+01 1.720415778000000046e+03 1.805981299999999919e+03
1.944500000000000028e+01 1.026786263999999882e+01 1.720415778000000046e+03 1.805981299999999919e+03
1.945000000000000284e+01 1.021712879999999934e+01 1.720838559999999916e+03 1.805981299999999919e+03
1.945500000000000185e+01 1.016639495999999809e+01 1.721261342000000013e+03 1.805981299999999919e+03
1.946000000000000085e+01 1.018898447999999846e+01 1.721073095999999850e+03 1.805981299999999919e+03
1.946499999999999986e+01 1.025675303999999954e+01 1.720508357999999816e+03 1.805981299999999919e+03
1.947000000000000242e+01 1.027378775999999938e+01 1.720366401999999880e+03 1.805981299999999919e+03
1.947500000000000142e+01 1.027934255999999813e+01 1.720320111999999881e+03 1.805981299999999919e+03
1.948000000000000043e+01 1.028489735999999866e+01 1.720273821999999882e+03 1.805981299999999919e+03
1.948500000000000298e+01 1.029637727999999974e+01 1.720178155999999944e+03 1.805981299999999919e+03
1.949000000000000199e+01 1.029045215999999918e+01 1.720227531999999883e+03 1.805981299999999919e+03
1.949500000000000099e+01 1.022268359999999987e+01 1.720792269999999917e+03 1.805981299999999919e+03
1.950000000000000000e+01 1.026230783999999829e+01 1.720462067999999817e+03 1.805981299999999919e+03
1.950500000000000256e+01 1.023971831999999971e+01 1.720650313999999980e+03 1.805981299999999919e+03
1.951000000000000156e+01 1.025675303999999954e+01 1.720508357999999816e+03 1.805981299999999919e+03
1.951500000000000057e+01 1.026230783999999829e+01 1.720462067999999817e+03 1.805981299999999919e+03
1.951999999999999957e+01 1.027378775999999938e+01 1.720366401999999880e+03 1.805981299999999919e+03
1.952500000000000213e+01 1.025119824000000079e+01 1.720554647999999816e+03 1.805981299999999919e+03
1.953000000000000114e+01 1.029045215999999918e+01 1.720227531999999883e+03 1.805981299999999919e+03
1.953500000000000014e+01 1.028489735999999866e+01 1.720273821999999882e+03 1.805981299999999919e+03
1.954000000000000270e+01 1.030748687999999902e+01 1.720085575999999946e+03 1.805981299999999919e+03
1.954500000000000171e+01 1.025675303999999954e+01 1.720508357999999816e+03 1.805981299999999919e+03
1.955000000000000071e+01 1.026786263999999882e+01 1.720415778000000046e+03 1.805981299999999919e+03
1.955499999999999972e+01 1.025119824000000079e+01 1.720554647999999816e+03 1.805981299999999919e+03
1.956000000000000227e+01 1.027378775999999938e+01 1.720366401999999880e+03 1.805981299999999919e+03
1.956500000000000128e+01 1.022268359999999987e+01 1.720792269999999917e+03 1.805981299999999919e+03
1.957000000000000028e+01 1.027378775999999938e+01 1.720366401999999880e+03 1.805981299999999919e+03
1.957500000000000284e+01 1.030748687999999902e+01 1.720085575999999946e+03 1.805981299999999919e+03
1.958000000000000185e+01 1.026786263999999882e+01 1.720415778000000046e+03 1.805981299999999919e+03
1.958500000000000085e+01 1.026230783999999829e+01 1.720462067999999817e+03 1.805981299999999919e+03
1.958999999999999986e+01 1.023416351999999918e+01 1.720696603999999979e+03 1.805981299999999919e+03
1.959500000000000242e+01 1.024527311999999846e+01 1.720604023999999981e+03 1.805981299999999919e+03
1.960000000000000142e+01 1.025675303999999954e+01 1.720508357999999816e+03 1.805981299999999919e+03
1.960500000000000043e+01 1.022268359999999987e+01 1.720792269999999917e+03 1.805981299999999919e+03
1.961000000000000298e+01 1.025675303999999954e+01 1.720508357999999816e+03 1.805981299999999919e+03
1.961500000000000199e+01 1.022860872000000043e+01 1.720742893999999978e+03 1.805981299999999919e+03
1.962000000000000099e+01 1.027378775999999938e+01 1.720366401999999880e+03 1.805981299999999919e+03
1.962500000000000000e+01 1.029045215999999918e+01 1.720227531999999883e+03 1.805981299999999919e+03
1.963000000000000256e+01 1.029637727999999974e+01 1.720178155999999944e+03 1.805981299999999919e+03
1.963500000000000156e+01 1.027934255999999813e+01 1.720320111999999881e+03 1.805981299999999919e+03
1.964000000000000057e+01 1.030748687999999902e+01 1.720085575999999946e+03 1.805981299999999919e+03
1.964499999999999957e+01 1.025119824000000079e+01 1.720554647999999816e+03 1.805981299999999919e+03
1.965000000000000213e+01 1.028489735999999866e+01 1.720273821999999882e+03 1.805981299999999919e+03
1.965500000000000114e+01 1.027934255999999813e+01 1.720320111999999881e+03 1.805981299999999919e+03
1.966000000000000014e+01 1.030748687999999902e+01 1.720085575999999946e+03 1.805981299999999919e+03
1.966500000000000270e+01 1.028489735999999866e+01 1.720273821999999882e+03 1.805981299999999919e+03
1.967000000000000171e+01 1.033600151999999994e+01 1.719847953999999845e+03 1.805981299999999919e+03
1.967500000000000071e+01 1.025675303999999954e+01 1.720508357999999816e+03 1.805981299999999919e+03
1.967999999999999972e+01 1.022268359999999987e+01 1.720792269999999917e+03 1.805981299999999919e+03
1.968500000000000227e+01 1.020601920000000007e+01 1.720931139999999914e+03 1.805981299999999919e+03
1.969000000000000128e+01 1.030193207999999849e+01 1.720131865999999945e+03 1.805981299999999919e+03
1.969500000000000028e+01 1.031341199999999958e+01 1.720036200000000008e+03 1.805981299999999919e+03
1.970000000000000284e+01 1.027378775999999938e+01 1.720366401999999880e+03 1.805981299999999919e+03
1.970500000000000185e+01 1.023971831999999971e+01 1.720650313999999980e+03 1.805981299999999919e+03
1.971000000000000085e+01 1.029045215999999918e+01 1.720227531999999883e+03 1.805981299999999919e+03
1.971499999999999986e+01 1.027378775999999938e+01 1.720366401999999880e+03 1.805981299999999919e+03
1.972000000000000242e+01 1.031341199999999958e+01 1.720036200000000008e+03 1.805981299999999919e+03
1.972500000000000142e+01 1.024527311999999846e+01 1.720604023999999981e+03 1.805981299999999919e+03
1.973000000000000043e+01 1.026786263999999882e+01 1.720415778000000046e+03 1.805981299999999919e+03
1.973500000000000298e+01 1.029045215999999918e+01 1.720227531999999883e+03 1.805981299999999919e+03
1.974000000000000199e+01 1.031341199999999958e+01 1.720036200000000008e+03 1.805981299999999919e+03
1.974500000000000099e+01 1.031341199999999958e+01 1.720036200000000008e+03 1.805981299999999919e+03
1.975000000000000000e+01 1.019453927999999898e+01 1.721026805999999851e+03 1.805981299999999919e+03
1.975500000000000256e+01 1.017194975999999862e+01 1.721215052000000014e+03 1.805981299999999919e+03
1.976000000000000156e+01 1.023971831999999971e+01 1.720650313999999980e+03 1.805981299999999919e+03
1.976500000000000057e+01 1.025119824000000079e+01 1.720554647999999816e+03 1.805981299999999919e+03
1.976999999999999957e+01 1.030193207999999849e+01 1.720131865999999945e+03 1.805981299999999919e+03
1.977500000000000213e+01 1.029045215999999918e+01 1.720227531999999883e+03 1.805981299999999919e+03
1.978000000000000114e+01 1.023416351999999918e+01 1.720696603999999979e+03 1.805981299999999919e+03
1.978500000000000014e+01 1.022860872000000043e+01 1.720742893999999978e+03 1.805981299999999919e+03
1.979000000000000270e+01 1.026786263999999882e+01 1.720415778000000046e+03 1.805981299999999919e+03
1.979500000000000171e+01 1.028489735999999866e+01 1.720273821999999882e+03 1.805981299999999919e+03
1.980000000000000071e+01 1.026230783999999829e+01 1.720462067999999817e+03 1.805981299999999919e+03
1.980499999999999972e+01 1.021712879999999934e+01 1.720838559999999916e+03 1.805981299999999919e+03
1.981000000000000227e+01 1.023416351999999918e+01 1.720696603999999979e+03 1.805981299999999919e+03
1.981500000000000128e+01 1.026786263999999882e+01 1.720415778000000046e+03 1.805981299999999919e+03
1.982000000000000028e+01 1.026230783999999829e+01 1.720462067999999817e+03 1.805981299999999919e+03
1.982500000000000284e+01 1.016639495999999809e+01 1.721261342000000013e+03 1.805981299999999919e+03
1.983000000000000185e+01 1.018342967999999971e+01 1.721119385999999849e+03 1.805981299999999919e+03
1.983500000000000085e+01 1.018898447999999846e+01 1.721073095999999850e+03 1.805981299999999919e+03
1.983999999999999986e+01 1.026786263999999882e+01 1.720415778000000046e+03 1.805981299999999919e+03
1.984500000000000242e+01 1.032452159999999886e+01 1.719943620000000010e+03 1.805981299999999919e+03
1.985000000000000142e+01 1.029637727999999974e+01 1.720178155999999944e+03 1.805981299999999919e+03
1.985500000000000043e+01 1.029045215999999918e+01 1.720227531999999883e+03 1.805981299999999919e+03
1.986000000000000298e+01 1.030748687999999902e+01 1.720085575999999946e+03 1.805981299999999919e+03
1.986500000000000199e+01 1.026786263999999882e+01 1.720415778000000046e+03 1.805981299999999919e+03
1.987000000000000099e+01 1.026786263999999882e+01 1.720415778000000046e+03 1.805981299999999919e+03
1.987500000000000000e+01 1.021157399999999882e+01 1.720884849999999915e+03 1.805981299999999919e+03
1.988000000000000256e+01 1.027934255999999813e+01 1.720320111999999881e+03 1.805981299999999919e+03
1.988500000000000156e+01 1.023416351999999918e+01 1.720696603999999979e+03 1.805981299999999919e+03
1.989000000000000057e+01 1.033007639999999938e+01 1.719897330000000011e+03 1.805981299999999919e+03
1.989499999999999957e+01 1.025675303999999954e+01 1.720508357999999816e+03 1.805981299999999919e+03
1.990000000000000213e+01 1.027378775999999938e+01 1.720366401999999880e+03 1.805981299999999919e+03
1.990500000000000114e+01 1.026786263999999882e+01 1.720415778000000046e+03 1.805981299999999919e+03
1.991000000000000014e+01 1.023416351999999918e+01 1.720696603999999979e+03 1.805981299999999919e+03
1.991500000000000270e+01 1.023971831999999971e+01 1.720650313999999980e+03 1.805981299999999919e+03
1.992000000000000171e+01 1.023416351999999918e+01 1.720696603999999979e+03 1.805981299999999919e+03
1.992500000000000071e+01 1.029637727999999974e+01 1.720178155999999944e+03 1.805981299999999919e+03
1.992999999999999972e+01 1.027934255999999813e+01 1.720320111999999881e+03 1.805981299999999919e+03
1.993500000000000227e+01 1.027378775999999938e+01 1.720366401999999880e+03 1.805981299999999919e+03
1.994000000000000128e+01 1.025119824000000079e+01 1.720554647999999816e+03 1.805981299999999919e+03
1.994500000000000028e+01 1.023416351999999918e+01 1.720696603999999979e+03 1.805981299999999919e+03
1.995000000000000284e+01 1.025119824000000079e+01 1.720554647999999816e+03 1.805981299999999919e+03
1.995500000000000185e+01 1.021157399999999882e+01 1.720884849999999915e+03 1.805981299999999919e+03
1.996000000000000085e+01 1.025119824000000079e+01 1.720554647999999816e+03 1.805981299999999919e+03
1.996499999999999986e+01 1.023971831999999971e+01 1.720650313999999980e+03 1.805981299999999919e+03
1.997000000000000242e+01 1.025675303999999954e+01 1.720508357999999816e+03 1.805981299999999919e+03
1.997500000000000142e+01 1.026786263999999882e+01 1.720415778000000046e+03 1.805981299999999919e+03
1.998000000000000043e+01 1.022268359999999987e+01 1.720792269999999917e+03 1.805981299999999919e+03
1.998500000000000298e+01 1.023416351999999918e+01 1.720696603999999979e+03 1.805981299999999919e+03
1.999000000000000199e+01 1.026230783999999829e+01 1.720462067999999817e+03 1.805981299999999919e+03
1.999500000000000099e+01 1.028489735999999866e+01 1.720273821999999882e+03 1.805981299999999919e+03
2.000000000000000000e+01 1.021712879999999934e+01 1.720838559999999916e+03 1.805981299999999919e+03
2.000500000000000256e+01 1.025675303999999954e+01 1.720508357999999816e+03 1.805981299999999919e+03
2.001000000000000156e+01 1.028489735999999866e+01 1.720273821999999882e+03 1.805981299999999919e+03
2.001500000000000057e+01 1.027934255999999813e+01 1.720320111999999881e+03 1.805981299999999919e+03
2.001999999999999957e+01 1.026786263999999882e+01 1.720415778000000046e+03 1.805981299999999919e+03
2.002500000000000213e+01 1.027378775999999938e+01 1.720366401999999880e+03 1.805981299999999919e+03
2.003000000000000114e+01 1.029637727999999974e+01 1.720178155999999944e+03 1.805981299999999919e+03
2.003500000000000014e+01 1.022268359999999987e+01 1.720792269999999917e+03 1.805981299999999919e+03
2.004000000000000270e+01 1.027378775999999938e+01 1.720366401999999880e+03 1.805981299999999919e+03
2.004500000000000171e+01 1.025119824000000079e+01 1.720554647999999816e+03 1.805981299999999919e+03
2.005000000000000071e+01 1.022268359999999987e+01 1.720792269999999917e+03 1.805981299999999919e+03
2.005499999999999972e+01 1.027378775999999938e+01 1.720366401999999880e+03 1.805981299999999919e+03
2.006000000000000227e+01 1.024527311999999846e+01 1.720604023999999981e+03 1.805981299999999919e+03
2.006500000000000128e+01 1.022268359999999987e+01 1.720792269999999917e+03 1.805981299999999919e+03
2.007000000000000028e+01 1.022268359999999987e+01 1.720792269999999917e+03 1.805981299999999919e+03
2.007500000000000284e+01 1.027378775999999938e+01 1.720366401999999880e+03 1.805981299999999919e+03
2.008000000000000185e+01 1.027378775999999938e+01 1.720366401999999880e+03 1.805981299999999919e+03
2.008500000000000085e+01 1.025675303999999954e+01 1.720508357999999816e+03 1.805981299999999919e+03
2.008999999999999986e+01 1.025119824000000079e+01 1.720554647999999816e+03 1.805981299999999919e+03
2.009500000000000242e+01 1.020601920000000007e+01 1.720931139999999914e+03 1.805981299999999919e+03
2.010000000000000142e+01 1.021157399999999882e+01 1.720884849999999915e+03 1.805981299999999919e+03
2.010500000000000043e+01 1.020601920000000007e+01 1.720931139999999914e+03 1.805981299999999919e+03
2.011000000000000298e+01 1.025119824000000079e+01 1.720554647999999816e+03 1.805981299999999919e+03
2.011500000000000199e+01 1.021157399999999882e+01 1.720884849999999915e+03 1.805981299999999919e+03
2.012000000000000099e+01 1.022860872000000043e+01 1.720742893999999978e+03 1.805981299999999919e+03
2.012500000000000000e+01 1.025119824000000079e+01 1.720554647999999816e+03 1.805981299999999919e+03
2.013000000000000256e+01 1.023971831999999971e+01 1.720650313999999980e+03 1.805981299999999919e+03
2.013500000000000156e+01 1.022268359999999987e+01 1.720792269999999917e+03 1.805981299999999919e+03
2.014000000000000057e+01 1.022268359999999987e+01 1.720792269999999917e+03 1.805981299999999919e+03
2.014499999999999957e+01 1.022268359999999987e+01 1.720792269999999917e+03 1.805981299999999919e+03
2.015000000000000213e+01 1.020601920000000007e+01 1.720931139999999914e+03 1.805981299999999919e+03
2.015500000000000114e+01 1.021157399999999882e+01 1.720884849999999915e+03 1.805981299999999919e+03
2.016000000000000014e+01 1.023416351999999918e+01 1.720696603999999979e+03 1.805981299999999919e+03
2.016500000000000270e+01 1.025119824000000079e+01 1.720554647999999816e+03 1.805981299999999919e+03
2.017000000000000171e+01 1.025675303999999954e+01 1.720508357999999816e+03 1.805981299999999919e+03
2.017500000000000071e+01 1.024527311999999846e+01 1.720604023999999981e+03 1.805981299999999919e+03
2.017999999999999972e+01 1.030193207999999849e+01 1.720131865999999945e+03 1.805981299999999919e+03
2.018500000000000227e+01 1.022268359999999987e+01 1.720792269999999917e+03 1.805981299999999919e+03
2.019000000000000128e+01 1.018898447999999846e+01 1.721073095999999850e+03 1.805981299999999919e+03
2.019500000000000028e+01 1.023416351999999918e+01 1.720696603999999979e+03 1.805981299999999919e+03
2.020000000000000284e+01 1.022268359999999987e+01 1.720792269999999917e+03 1.805981299999999919e+03
2.020500000000000185e+01 1.023971831999999971e+01 1.720650313999999980e+03 1.805981299999999919e+03
2.021000000000000085e+01 1.026230783999999829e+01 1.720462067999999817e+03 1.805981299999999919e+03
2.021499999999999986e+01 1.021712879999999934e+01 1.720838559999999916e+03 1.805981299999999919e+03
2.022000000000000242e+01 1.018342967999999971e+01 1.721119385999999849e+03 1.805981299999999919e+03
2.022500000000000142e+01 1.020601920000000007e+01 1.720931139999999914e+03 1.805981299999999919e+03
2.023000000000000043e+01 1.021157399999999882e+01 1.720884849999999915e+03 1.805981299999999919e+03
2.023500000000000298e+01 1.025119824000000079e+01 1.720554647999999816e+03 1.805981299999999919e+03
2.024000000000000199e+01 1.022860872000000043e+01 1.720742893999999978e+03 1.805981299999999919e+03
2.024500000000000099e+01 1.027378775999999938e+01 1.720366401999999880e+03 1.805981299999999919e+03
2.025000000000000000e+01 1.023971831999999971e+01 1.720650313999999980e+03 1.805981299999999919e+03
2.025500000000000256e+01 1.018342967999999971e+01 1.721119385999999849e+03 1.805981299999999919e+03
2.026000000000000156e+01 1.025675303999999954e+01 1.720508357999999816e+03 1.805981299999999919e+03
2.026500000000000057e+01 1.018898447999999846e+01 1.721073095999999850e+03 1.805981299999999919e+03
2.026999999999999957e+01 1.019453927999999898e+01 1.721026805999999851e+03 1.805981299999999919e+03
2.027500000000000213e+01 1.026786263999999882e+01 1.720415778000000046e+03 1.805981299999999919e+03
2.028000000000000114e+01 1.025675303999999954e+01 1.720508357999999816e+03 1.805981299999999919e+03
2.028500000000000014e+01 1.022268359999999987e+01 1.720792269999999917e+03 1.805981299999999919e+03
2.029000000000000270e+01 1.025119824000000079e+01 1.720554647999999816e+03 1.805981299999999919e+03
2.029500000000000171e+01 1.028489735999999866e+01 1.720273821999999882e+03 1.805981299999999919e+03
2.030000000000000071e+01 1.027934255999999813e+01 1.720320111999999881e+03 1.805981299999999919e+03
2.030499999999999972e+01 1.022268359999999987e+01 1.720792269999999917e+03 1.805981299999999919e+03
2.031000000000000227e+01 1.026230783999999829e+01 1.720462067999999817e+03 1.805981299999999919e+03
2.031500000000000128e+01 1.026786263999999882e+01 1.720415778000000046e+03 1.805981299999999919e+03
2.032000000000000028e+01 1.022268359999999987e+01 1.720792269999999917e+03 1.805981299999999919e+03
2.032500000000000284e+01 1.020009407999999951e+01 1.720980515999999852e+03 1.805981299999999919e+03
2.033000000000000185e+01 1.028489735999999866e+01 1.720273821999999882e+03 1.805981299999999919e+03
2.033500000000000085e+01 1.022268359999999987e+01 1.720792269999999917e+03 1.805981299999999919e+03
2.033999999999999986e+01 1.018898447999999846e+01 1.721073095999999850e+03 1.805981299999999919e+03
2.034500000000000242e+01 1.025675303999999954e+01 1.720508357999999816e+03 1.805981299999999919e+03
2.035000000000000142e+01 1.023971831999999971e+01 1.720650313999999980e+03 1.805981299999999919e+03
2.035500000000000043e+01 1.023416351999999918e+01 1.720696603999999979e+03 1.805981299999999919e+03
2.036000000000000298e+01 1.025119824000000079e+01 1.720554647999999816e+03 1.805981299999999919e+03
2.036500000000000199e+01 1.024527311999999846e+01 1.720604023999999981e+03 1.805981299999999919e+03
2.037000000000000099e+01 1.026786263999999882e+01 1.720415778000000046e+03 1.805981299999999919e+03
2.037500000000000000e+01 1.022860872000000043e+01 1.720742893999999978e+03 1.805981299999999919e+03
2.038000000000000256e+01 1.024527311999999846e+01 1.720604023999999981e+03 1.805981299999999919e+03
2.038500000000000156e+01 1.029045215999999918e+01 1.720227531999999883e+03 1.805981299999999919e+03
2.039000000000000057e+01 1.016046983999999753e+01 1.721310717999999952e+03 1.805981299999999919e+03
2.039499999999999957e+01 1.020601920000000007e+01 1.720931139999999914e+03 1.805981299999999919e+03
2.040000000000000213e+01 1.020601920000000007e+01 1.720931139999999914e+03 1.805981299999999919e+03
2.040500000000000114e+01 1.022860872000000043e+01 1.720742893999999978e+03 1.805981299999999919e+03
2.041000000000000014e+01 1.029045215999999918e+01 1.720227531999999883e+03 1.805981299999999919e+03
2.041500000000000270e+01 1.018342967999999971e+01 1.721119385999999849e+03 1.805981299999999919e+03
2.042000000000000171e+01 1.023971831999999971e+01 1.720650313999999980e+03 1.805981299999999919e+03
2.042500000000000071e+01 1.020601920000000007e+01 1.720931139999999914e+03 1.805981299999999919e+03
2.042999999999999972e+01 1.023416351999999918e+01 1.720696603999999979e+03 1.805981299999999919e+03
2.043500000000000227e+01 1.017194975999999862e+01 1.721215052000000014e+03 1.805981299999999919e+03
2.044000000000000128e+01 1.020601920000000007e+01 1.720931139999999914e+03 1.805981299999999919e+03
2.044500000000000028e+01 1.022860872000000043e+01 1.720742893999999978e+03 1.805981299999999919e+03
2.045000000000000284e+01 1.020601920000000007e+01 1.720931139999999914e+03 1.805981299999999919e+03
2.045500000000000185e+01 1.017750455999999915e+01 1.721168762000000015e+03 1.805981299999999919e+03
2.046000000000000085e+01 1.017750455999999915e+01 1.721168762000000015e+03 1.805981299999999919e+03
2.046499999999999986e+01 1.020009407999999951e+01 1.720980515999999852e+03 1.805981299999999919e+03
2.047000000000000242e+01 1.022268359999999987e+01 1.720792269999999917e+03 1.805981299999999919e+03
2.047500000000000142e+01 1.025119824000000079e+01 1.720554647999999816e+03 1.805981299999999919e+03
2.048000000000000043e+01 1.022860872000000043e+01 1.720742893999999978e+03 1.805981299999999919e+03
2.048500000000000298e+01 1.022860872000000043e+01 1.720742893999999978e+03 1.805981299999999919e+03
2.049000000000000199e+01 1.018898447999999846e+01 1.721073095999999850e+03 1.805981299999999919e+03
2.049500000000000099e+01 1.024527311999999846e+01 1.720604023999999981e+03 1.805981299999999919e+03
2.050000000000000000e+01 1.023971831999999971e+01 1.720650313999999980e+03 1.805981299999999919e+03
2.050500000000000256e+01 1.018898447999999846e+01 1.721073095999999850e+03 1.805981299999999919e+03
2.051000000000000156e+01 1.026786263999999882e+01 1.720415778000000046e+03 1.805981299999999919e+03
2.051500000000000057e+01 1.025119824000000079e+01 1.720554647999999816e+03 1.805981299999999919e+03
2.051999999999999957e+01 1.022860872000000043e+01 1.720742893999999978e+03 1.805981299999999919e+03
2.052500000000000213e+01 1.021712879999999934e+01 1.720838559999999916e+03 1.805981299999999919e+03
2.053000000000000114e+01 1.020601920000000007e+01 1.720931139999999914e+03 1.805981299999999919e+03
2.053500000000000014e+01 1.025675303999999954e+01 1.720508357999999816e+03 1.805981299999999919e+03
2.054000000000000270e+01 1.026786263999999882e+01 1.720415778000000046e+03 1.805981299999999919e+03
2.054500000000000171e+01 1.030193207999999849e+01 1.720131865999999945e+03 1.805981299999999919e+03
2.055000000000000071e+01 1.021157399999999882e+01 1.720884849999999915e+03 1.805981299999999919e+03
2.055499999999999972e+01 1.024527311999999846e+01 1.720604023999999981e+03 1.805981299999999919e+03
2.056000000000000227e+01 1.028489735999999866e+01 1.720273821999999882e+03 1.805981299999999919e+03
2.056500000000000128e+01 1.025119824000000079e+01 1.720554647999999816e+03 1.805981299999999919e+03
2.057000000000000028e+01 1.021157399999999882e+01 1.720884849999999915e+03 1.805981299999999919e+03
2.057500000000000284e+01 1.019453927999999898e+01 1.721026805999999851e+03 1.805981299999999919e+03
2.058000000000000185e+01 1.020009407999999951e+01 1.720980515999999852e+03 1.805981299999999919e+03
2.058500000000000085e+01 1.023971831999999971e+01 1.720650313999999980e+03 1.805981299999999919e+03
2.058999999999999986e+01 1.021712879999999934e+01 1.720838559999999916e+03 1.805981299999999919e+03
2.059500000000000242e+01 1.022860872000000043e+01 1.720742893999999978e+03 1.805981299999999919e+03
2.060000000000000142e+01 1.020601920000000007e+01 1.720931139999999914e+03 1.805981299999999919e+03
2.060500000000000043e+01 1.016046983999999753e+01 1.721310717999999952e+03 1.805981299999999919e+03
2.061000000000000298e+01 1.022860872000000043e+01 1.720742893999999978e+03 1.805981299999999919e+03
2.061500000000000199e+01 1.020601920000000007e+01 1.720931139999999914e+03 1.805981299999999919e+03
2.062000000000000099e+01 1.022860872000000043e+01 1.720742893999999978e+03 1.805981299999999919e+03
2.062500000000000000e+01 1.022860872000000043e+01 1.720742893999999978e+03 1.805981299999999919e+03
2.063000000000000256e+01 1.021712879999999934e+01 1.720838559999999916e+03 1.805981299999999919e+03
2.063500000000000156e+01 1.018342967999999971e+01 1.721119385999999849e+03 1.805981299999999919e+03
2.064000000000000057e+01 1.020009407999999951e+01 1.720980515999999852e+03 1.805981299999999919e+03
2.064499999999999957e+01 1.022268359999999987e+01 1.720792269999999917e+03 1.805981299999999919e+03
2.065000000000000213e+01 1.017750455999999915e+01 1.721168762000000015e+03 1.805981299999999919e+03
2.065500000000000114e+01 1.025119824000000079e+01 1.720554647999999816e+03 1.805981299999999919e+03
2.066000000000000014e+01 1.018898447999999846e+01 1.721073095999999850e+03 1.805981299999999919e+03
2.066500000000000270e+01 1.018898447999999846e+01 1.721073095999999850e+03 1.805981299999999919e+03
2.067000000000000171e+01 1.021157399999999882e+01 1.720884849999999915e+03 1.805981299999999919e+03
2.067500000000000071e+01 1.022860872000000043e+01 1.720742893999999978e+03 1.805981299999999919e+03
2.067999999999999972e+01 1.021712879999999934e+01 1.720838559999999916e+03 1.805981299999999919e+03
2.068500000000000227e+01 1.018898447999999846e+01 1.721073095999999850e+03 1.805981299999999919e+03
2.069000000000000128e+01 1.021157399999999882e+01 1.720884849999999915e+03 1.805981299999999919e+03
2.069500000000000028e+01 1.027378775999999938e+01 1.720366401999999880e+03 1.805981299999999919e+03
2.070000000000000284e+01 1.020601920000000007e+01 1.720931139999999914e+03 1.805981299999999919e+03
2.070500000000000185e+01 1.019453927999999898e+01 1.721026805999999851e+03 1.805981299999999919e+03
2.071000000000000085e+01 1.022268359999999987e+01 1.720792269999999917e+03 1.805981299999999919e+03
2.071499999999999986e+01 1.022268359999999987e+01 1.720792269999999917e+03 1.805981299999999919e+03
2.072000000000000242e+01 1.022860872000000043e+01 1.720742893999999978e+03 1.805981299999999919e+03
2.072500000000000142e+01 1.023971831999999971e+01 1.720650313999999980e+03 1.805981299999999919e+03
2.073000000000000043e+01 1.023416351999999918e+01 1.720696603999999979e+03 1.805981299999999919e+03
2.073500000000000298e+01 1.022860872000000043e+01 1.720742893999999978e+03 1.805981299999999919e+03
2.074000000000000199e+01 1.017194975999999862e+01 1.721215052000000014e+03 1.805981299999999919e+03
2.074500000000000099e+01 1.022268359999999987e+01 1.720792269999999917e+03 1.805981299999999919e+03
2.075000000000000000e+01 1.020009407999999951e+01 1.720980515999999852e+03 1.805981299999999919e+03
2.075500000000000256e+01 1.025119824000000079e+01 1.720554647999999816e+03 1.805981299999999919e+03
2.076000000000000156e+01 1.018898447999999846e+01 1.721073095999999850e+03 1.805981299999999919e+03
2.076500000000000057e+01 1.022268359999999987e+01 1.720792269999999917e+03 1.805981299999999919e+03
2.076999999999999957e+01 1.020009407999999951e+01 1.720980515999999852e+03 1.805981299999999919e+03
2.077500000000000213e+01 1.020601920000000007e+01 1.720931139999999914e+03 1.805981299999999919e+03
2.078000000000000114e+01 1.025675303999999954e+01 1.720508357999999816e+03 1.805981299999999919e+03
2.078500000000000014e+01 1.019453927999999898e+01 1.721026805999999851e+03 1.805981299999999919e+03
2.079000000000000270e+01 1.019453927999999898e+01 1.721026805999999851e+03 1.805981299999999919e+03
2.079500000000000171e+01 1.023416351999999918e+01 1.720696603999999979e+03 1.805981299999999919e+03
2.080000000000000071e+01 1.022860872000000043e+01 1.720742893999999978e+03 1.805981299999999919e+03
2.080499999999999972e+01 1.022860872000000043e+01 1.720742893999999978e+03 1.805981299999999919e+03
2.081000000000000227e+01 1.022268359999999987e+01 1.720792269999999917e+03 1.805981299999999919e+03
2.081500000000000128e+01 1.023416351999999918e+01 1.720696603999999979e+03 1.805981299999999919e+03
2.082000000000000028e+01 1.020601920000000007e+01 1.720931139999999914e+03 1.805981299999999919e+03
2.082500000000000284e+01 1.025119824000000079e+01 1.720554647999999816e+03 1.805981299999999919e+03
2.083000000000000185e+01 1.020009407999999951e+01 1.720980515999999852e+03 1.805981299999999919e+03
2.083500000000000085e+01 1.017750455999999915e+01 1.721168762000000015e+03 1.805981299999999919e+03
2.083999999999999986e+01 1.017750455999999915e+01 1.721168762000000015e+03 1.805981299999999919e+03
2.084500000000000242e+01 1.023971831999999971e+01 1.720650313999999980e+03 1.805981299999999919e+03
2.085000000000000142e+01 1.022268359999999987e+01 1.720792269999999917e+03 1.805981299999999919e+03
2.085500000000000043e+01 1.018342967999999971e+01 1.721119385999999849e+03 1.805981299999999919e+03
2.086000000000000298e+01 1.022268359999999987e+01 1.720792269999999917e+03 1.805981299999999919e+03
2.086500000000000199e+01 1.021157399999999882e+01 1.720884849999999915e+03 1.805981299999999919e+03
2.087000000000000099e+01 1.022268359999999987e+01 1.720792269999999917e+03 1.805981299999999919e+03
2.087500000000000000e+01 1.022268359999999987e+01 1.720792269999999917e+03 1.805981299999999919e+03
2.088000000000000256e+01 1.024527311999999846e+01 1.720604023999999981e+03 1.805981299999999919e+03
2.088500000000000156e+01 1.022860872000000043e+01 1.720742893999999978e+03 1.805981299999999919e+03
2.089000000000000057e+01 1.013232552000000020e+01 1.721545253999999886e+03 1.805981299999999919e+03
2.089499999999999957e+01 1.019453927999999898e+01 1.721026805999999851e+03 1.805981299999999919e+03
2.090000000000000213e+01 1.017194975999999862e+01 1.721215052000000014e+03 1.805981299999999919e+03
2.090500000000000114e+01 1.021157399999999882e+01 1.720884849999999915e+03 1.805981299999999919e+03
2.091000000000000014e+01 1.021712879999999934e+01 1.720838559999999916e+03 1.805981299999999919e+03
2.091500000000000270e+01 1.022860872000000043e+01 1.720742893999999978e+03 1.805981299999999919e+03
2.092000000000000171e+01 1.023971831999999971e+01 1.720650313999999980e+03 1.805981299999999919e+03
2.092500000000000071e+01 1.022268359999999987e+01 1.720792269999999917e+03 1.805981299999999919e+03
2.092999999999999972e+01 1.022860872000000043e+01 1.720742893999999978e+03 1.805981299999999919e+03
2.093500000000000227e+01 1.010973599999999983e+01 1.721733499999999822e+03 1.805981299999999919e+03
2.094000000000000128e+01 1.020009407999999951e+01 1.720980515999999852e+03 1.805981299999999919e+03
2.094500000000000028e+01 1.023971831999999971e+01 1.720650313999999980e+03 1.805981299999999919e+03
2.095000000000000284e+01 1.024527311999999846e+01 1.720604023999999981e+03 1.805981299999999919e+03
2.095500000000000185e+01 1.018342967999999971e+01 1.721119385999999849e+03 1.805981299999999919e+03
2.096000000000000085e+01 1.027378775999999938e+01 1.720366401999999880e+03 1.805981299999999919e+03
2.096499999999999986e+01 1.020601920000000007e+01 1.720931139999999914e+03 1.805981299999999919e+03
2.097000000000000242e+01 1.020601920000000007e+01 1.720931139999999914e+03 1.805981299999999919e+03
2.097500000000000142e+01 1.018342967999999971e+01 1.721119385999999849e+03 1.805981299999999919e+03
2.098000000000000043e+01 1.017750455999999915e+01 1.721168762000000015e+03 1.805981299999999919e+03
2.098500000000000298e+01 1.022860872000000043e+01 1.720742893999999978e+03 1.805981299999999919e+03
2.099000000000000199e+01 1.020601920000000007e+01 1.720931139999999914e+03 1.805981299999999919e+03
2.099500000000000099e+01 1.022268359999999987e+01 1.720792269999999917e+03 1.805981299999999919e+03
2.100000000000000000e+01 1.020009407999999951e+01 1.720980515999999852e+03 1.805981299999999919e+03
2.100500000000000256e+01 1.020601920000000007e+01 1.720931139999999914e+03 1.805981299999999919e+03
2.101000000000000156e+01 1.014380543999999951e+01 1.721449587999999949e+03 1.805981299999999919e+03
2.101500000000000057e+01 1.016639495999999809e+01 1.721261342000000013e+03 1.805981299999999919e+03
2.101999999999999957e+01 1.020009407999999951e+01 1.720980515999999852e+03 1.805981299999999919e+03
2.102500000000000213e+01 1.019453927999999898e+01 1.721026805999999851e+03 1.805981299999999919e+03
2.103000000000000114e+01 1.018342967999999971e+01 1.721119385999999849e+03 1.805981299999999919e+03
2.103500000000000014e+01 1.020009407999999951e+01 1.720980515999999852e+03 1.805981299999999919e+03
2.104000000000000270e+01 1.018342967999999971e+01 1.721119385999999849e+03 1.805981299999999919e+03
2.104500000000000171e+01 1.017194975999999862e+01 1.721215052000000014e+03 1.805981299999999919e+03
2.105000000000000071e+01 1.021157399999999882e+01 1.720884849999999915e+03 1.805981299999999919e+03
2.105499999999999972e+01 1.017194975999999862e+01 1.721215052000000014e+03 1.805981299999999919e+03
2.106000000000000227e+01 1.015491503999999878e+01 1.721357007999999951e+03 1.805981299999999919e+03
2.106500000000000128e+01 1.017750455999999915e+01 1.721168762000000015e+03 1.805981299999999919e+03
2.107000000000000028e+01 1.019453927999999898e+01 1.721026805999999851e+03 1.805981299999999919e+03
2.107500000000000284e+01 1.020009407999999951e+01 1.720980515999999852e+03 1.805981299999999919e+03
2.108000000000000185e+01 1.019453927999999898e+01 1.721026805999999851e+03 1.805981299999999919e+03
2.108500000000000085e+01 1.025675303999999954e+01 1.720508357999999816e+03 1.805981299999999919e+03
2.108999999999999986e+01 1.020601920000000007e+01 1.720931139999999914e+03 1.805981299999999919e+03
2.109500000000000242e+01 1.017750455999999915e+01 1.721168762000000015e+03 1.805981299999999919e+03
2.110000000000000142e+01 1.016639495999999809e+01 1.721261342000000013e+03 1.805981299999999919e+03
2.110500000000000043e+01 1.021157399999999882e+01 1.720884849999999915e+03 1.805981299999999919e+03
2.111000000000000298e+01 1.016639495999999809e+01 1.721261342000000013e+03 1.805981299999999919e+03
2.111500000000000199e+01 1.021157399999999882e+01 1.720884849999999915e+03 1.805981299999999919e+03
2.112000000000000099e+01 1.023416351999999918e+01 1.720696603999999979e+03 1.805981299999999919e+03
2.112500000000000000e+01 1.021157399999999882e+01 1.720884849999999915e+03 1.805981299999999919e+03
2.113000000000000256e+01 1.014380543999999951e+01 1.721449587999999949e+03 1.805981299999999919e+03
2.113500000000000156e+01 1.019453927999999898e+01 1.721026805999999851e+03 1.805981299999999919e+03
2.114000000000000057e+01 1.016639495999999809e+01 1.721261342000000013e+03 1.805981299999999919e+03
2.114499999999999957e+01 1.018898447999999846e+01 1.721073095999999850e+03 1.805981299999999919e+03
2.115000000000000213e+01 1.014936023999999826e+01 1.721403297999999950e+03 1.805981299999999919e+03
2.115500000000000114e+01 1.025675303999999954e+01 1.720508357999999816e+03 1.805981299999999919e+03
2.116000000000000014e+01 1.015491503999999878e+01 1.721357007999999951e+03 1.805981299999999919e+03
2.116500000000000270e+01 1.015491503999999878e+01 1.721357007999999951e+03 1.805981299999999919e+03
2.117000000000000171e+01 1.015491503999999878e+01 1.721357007999999951e+03 1.805981299999999919e+03
2.117500000000000071e+01 1.018898447999999846e+01 1.721073095999999850e+03 1.805981299999999919e+03
2.117999999999999972e+01 1.012677071999999967e+01 1.721591543999999885e+03 1.805981299999999919e+03
2.118500000000000227e+01 1.012677071999999967e+01 1.721591543999999885e+03 1.805981299999999919e+03
2.119000000000000128e+01 1.014380543999999951e+01 1.721449587999999949e+03 1.805981299999999919e+03
2.119500000000000028e+01 1.018342967999999971e+01 1.721119385999999849e+03 1.805981299999999919e+03
2.120000000000000284e+01 1.020009407999999951e+01 1.720980515999999852e+03 1.805981299999999919e+03
2.120500000000000185e+01 1.016639495999999809e+01 1.721261342000000013e+03 1.805981299999999919e+03
2.121000000000000085e+01 1.016639495999999809e+01 1.721261342000000013e+03 1.805981299999999919e+03
2.121499999999999986e+01 1.016639495999999809e+01 1.721261342000000013e+03 1.805981299999999919e+03
2.122000000000000242e+01 1.018898447999999846e+01 1.721073095999999850e+03 1.805981299999999919e+03
2.122500000000000142e+01 1.018898447999999846e+01 1.721073095999999850e+03 1.805981299999999919e+03
2.123000000000000043e+01 1.020009407999999951e+01 1.720980515999999852e+03 1.805981299999999919e+03
2.123500000000000298e+01 1.018898447999999846e+01 1.721073095999999850e+03 1.805981299999999919e+03
2.124000000000000199e+01 1.020601920000000007e+01 1.720931139999999914e+03 1.805981299999999919e+03
2.124500000000000099e+01 1.017194975999999862e+01 1.721215052000000014e+03 1.805981299999999919e+03
2.125000000000000000e+01 1.021712879999999934e+01 1.720838559999999916e+03 1.805981299999999919e+03
2.125500000000000256e+01 1.021712879999999934e+01 1.720838559999999916e+03 1.805981299999999919e+03
2.126000000000000156e+01 1.017750455999999915e+01 1.721168762000000015e+03 1.805981299999999919e+03
2.126500000000000057e+01 1.019453927999999898e+01 1.721026805999999851e+03 1.805981299999999919e+03
2.126999999999999957e+01 1.017194975999999862e+01 1.721215052000000014e+03 1.805981299999999919e+03
2.127500000000000213e+01 1.020601920000000007e+01 1.720931139999999914e+03 1.805981299999999919e+03
2.128000000000000114e+01 1.016046983999999753e+01 1.721310717999999952e+03 1.805981299999999919e+03
2.128500000000000014e+01 1.018342967999999971e+01 1.721119385999999849e+03 1.805981299999999919e+03
2.129000000000000270e+01 1.015491503999999878e+01 1.721357007999999951e+03 1.805981299999999919e+03
2.129500000000000171e+01 1.021157399999999882e+01 1.720884849999999915e+03 1.805981299999999919e+03
2.130000000000000071e+01 1.015491503999999878e+01 1.721357007999999951e+03 1.805981299999999919e+03
2.130499999999999972e+01 1.018898447999999846e+01 1.721073095999999850e+03 1.805981299999999919e+03
2.131000000000000227e+01 1.020601920000000007e+01 1.720931139999999914e+03 1.805981299999999919e+03
2.131500000000000128e+01 1.019453927999999898e+01 1.721026805999999851e+03 1.805981299999999919e+03
2.132000000000000028e+01 1.014380543999999951e+01 1.721449587999999949e+03 1.805981299999999919e+03
2.132500000000000284e+01 1.015491503999999878e+01 1.721357007999999951e+03 1.805981299999999919e+03
2.133000000000000185e+01 1.013788031999999717e+01 1.721498963999999887e+03 1.805981299999999919e+03
2.133500000000000085e+01 1.016639495999999809e+01 1.721261342000000013e+03 1.805981299999999919e+03
2.133999999999999986e+01 1.010973599999999983e+01 1.721733499999999822e+03 1.805981299999999919e+03
2.134500000000000242e+01 1.017750455999999915e+01 1.721168762000000015e+03 1.805981299999999919e+03
2.135000000000000142e+01 1.020601920000000007e+01 1.720931139999999914e+03 1.805981299999999919e+03
2.135500000000000043e+01 1.020601920000000007e+01 1.720931139999999914e+03 1.805981299999999919e+03
2.136000000000000298e+01 1.016639495999999809e+01 1.721261342000000013e+03 1.805981299999999919e+03
2.136500000000000199e+01 1.010973599999999983e+01 1.721733499999999822e+03 1.805981299999999919e+03
2.137000000000000099e+01 1.017194975999999862e+01 1.721215052000000014e+03 1.805981299999999919e+03
2.137500000000000000e+01 1.016639495999999809e+01 1.721261342000000013e+03 1.805981299999999919e+03
2.138000000000000256e+01 1.015491503999999878e+01 1.721357007999999951e+03 1.805981299999999919e+03
2.138500000000000156e+01 1.011529079999999858e+01 1.721687209999999823e+03 1.805981299999999919e+03
2.139000000000000057e+01 1.020601920000000007e+01 1.720931139999999914e+03 1.805981299999999919e+03
2.139499999999999957e+01 1.022860872000000043e+01 1.720742893999999978e+03 1.805981299999999919e+03
2.140000000000000213e+01 1.016046983999999753e+01 1.721310717999999952e+03 1.805981299999999919e+03
2.140500000000000114e+01 1.021157399999999882e+01 1.720884849999999915e+03 1.805981299999999919e+03
2.141000000000000014e+01 1.015491503999999878e+01 1.721357007999999951e+03 1.805981299999999919e+03
2.141500000000000270e+01 1.010973599999999983e+01 1.721733499999999822e+03 1.805981299999999919e+03
2.142000000000000171e+01 1.015491503999999878e+01 1.721357007999999951e+03 1.805981299999999919e+03
2.142500000000000071e+01 1.013788031999999717e+01 1.721498963999999887e+03 1.805981299999999919e+03
2.142999999999999972e+01 1.013788031999999717e+01 1.721498963999999887e+03 1.805981299999999919e+03
2.143500000000000227e+01 1.017194975999999862e+01 1.721215052000000014e+03 1.805981299999999919e+03
2.144000000000000128e+01 1.022268359999999987e+01 1.720792269999999917e+03 1.805981299999999919e+03
2.144500000000000028e+01 1.013788031999999717e+01 1.721498963999999887e+03 1.805981299999999919e+03
2.145000000000000284e+01 1.013232552000000020e+01 1.721545253999999886e+03 1.805981299999999919e+03
2.145500000000000185e+01 1.010418119999999931e+01 1.721779789999999821e+03 1.805981299999999919e+03
2.146000000000000085e+01 1.009862639999999878e+01 1.721826079999999820e+03 1.805981299999999919e+03
2.146499999999999986e+01 1.009270127999999822e+01 1.721875455999999986e+03 1.805981299999999919e+03
2.147000000000000242e+01 1.016639495999999809e+01 1.721261342000000013e+03 1.805981299999999919e+03
2.147500000000000142e+01 1.010973599999999983e+01 1.721733499999999822e+03 1.805981299999999919e+03
2.148000000000000043e+01 1.009862639999999878e+01 1.721826079999999820e+03 1.805981299999999919e+03
2.148500000000000298e+01 1.015491503999999878e+01 1.721357007999999951e+03 1.805981299999999919e+03
2.149000000000000199e+01 1.014936023999999826e+01 1.721403297999999950e+03 1.805981299999999919e+03
2.149500000000000099e+01 1.012121591999999914e+01 1.721637833999999884e+03 1.805981299999999919e+03
2.150000000000000000e+01 1.012677071999999967e+01 1.721591543999999885e+03 1.805981299999999919e+03
2.150500000000000256e+01 1.012121591999999914e+01 1.721637833999999884e+03 1.805981299999999919e+03
2.151000000000000156e+01 1.020009407999999951e+01 1.720980515999999852e+03 1.805981299999999919e+03
2.151500000000000057e+01 1.012677071999999967e+01 1.721591543999999885e+03 1.805981299999999919e+03
2.151999999999999957e+01 1.010973599999999983e+01 1.721733499999999822e+03 1.805981299999999919e+03
2.152500000000000213e+01 1.015491503999999878e+01 1.721357007999999951e+03 1.805981299999999919e+03
2.153000000000000114e+01 1.012677071999999967e+01 1.721591543999999885e+03 1.805981299999999919e+03
2.153500000000000014e+01 1.014936023999999826e+01 1.721403297999999950e+03 1.805981299999999919e+03
2.154000000000000270e+01 1.009270127999999822e+01 1.721875455999999986e+03 1.805981299999999919e+03
2.154500000000000171e+01 1.008159167999999895e+01 1.721968035999999984e+03 1.805981299999999919e+03
2.155000000000000071e+01 1.012121591999999914e+01 1.721637833999999884e+03 1.805981299999999919e+03
2.155499999999999972e+01 1.016639495999999809e+01 1.721261342000000013e+03 1.805981299999999919e+03
2.156000000000000227e+01 1.015491503999999878e+01 1.721357007999999951e+03 1.805981299999999919e+03
2.156500000000000128e+01 1.008159167999999895e+01 1.721968035999999984e+03 1.805981299999999919e+03
2.157000000000000028e+01 1.014380543999999951e+01 1.721449587999999949e+03 1.805981299999999919e+03
2.157500000000000284e+01 1.012677071999999967e+01 1.721591543999999885e+03 1.805981299999999919e+03
2.158000000000000185e+01 1.010418119999999931e+01 1.721779789999999821e+03 1.805981299999999919e+03
2.158500000000000085e+01 1.008714647999999947e+01 1.721921745999999985e+03 1.805981299999999919e+03
2.158999999999999986e+01 1.007011175999999786e+01 1.722063701999999921e+03 1.805981299999999919e+03
2.159500000000000242e+01 1.008159167999999895e+01 1.721968035999999984e+03 1.805981299999999919e+03
2.160000000000000142e+01 1.019453927999999898e+01 1.721026805999999851e+03 1.805981299999999919e+03
2.160500000000000043e+01 1.014936023999999826e+01 1.721403297999999950e+03 1.805981299999999919e+03
2.161000000000000298e+01 1.004752223999999750e+01 1.722251947999999857e+03 1.805981299999999919e+03
2.161500000000000199e+01 1.001382311999999963e+01 1.722532774000000018e+03 1.805981299999999919e+03
2.162000000000000099e+01 1.010418119999999931e+01 1.721779789999999821e+03 1.805981299999999919e+03
2.162500000000000000e+01 1.011529079999999858e+01 1.721687209999999823e+03 1.805981299999999919e+03
2.163000000000000256e+01 1.010973599999999983e+01 1.721733499999999822e+03 1.805981299999999919e+03
2.163500000000000156e+01 1.012121591999999914e+01 1.721637833999999884e+03 1.805981299999999919e+03
2.164000000000000057e+01 1.012677071999999967e+01 1.721591543999999885e+03 1.805981299999999919e+03
2.164499999999999957e+01 1.012677071999999967e+01 1.721591543999999885e+03 1.805981299999999919e+03
2.165000000000000213e+01 1.007603687999999842e+01 1.722014325999999983e+03 1.805981299999999919e+03
2.165500000000000114e+01 1.007603687999999842e+01 1.722014325999999983e+03 1.805981299999999919e+03
2.166000000000000014e+01 1.006455695999999911e+01 1.722109991999999920e+03 1.805981299999999919e+03
2.166500000000000270e+01 1.007011175999999786e+01 1.722063701999999921e+03 1.805981299999999919e+03
2.167000000000000171e+01 1.010973599999999983e+01 1.721733499999999822e+03 1.805981299999999919e+03
2.167500000000000071e+01 1.015491503999999878e+01 1.721357007999999951e+03 1.805981299999999919e+03
2.167999999999999972e+01 1.015491503999999878e+01 1.721357007999999951e+03 1.805981299999999919e+03
2.168500000000000227e+01 1.012677071999999967e+01 1.721591543999999885e+03 1.805981299999999919e+03
2.169000000000000128e+01 1.009862639999999878e+01 1.721826079999999820e+03 1.805981299999999919e+03
2.169500000000000028e+01 1.010973599999999983e+01 1.721733499999999822e+03 1.805981299999999919e+03
2.170000000000000284e+01 1.005344735999999806e+01 1.722202571999999918e+03 1.805981299999999919e+03
2.170500000000000185e+01 1.010418119999999931e+01 1.721779789999999821e+03 1.805981299999999919e+03
2.171000000000000085e+01 1.007603687999999842e+01 1.722014325999999983e+03 1.805981299999999919e+03
2.171499999999999986e+01 1.001382311999999963e+01 1.722532774000000018e+03 1.805981299999999919e+03
2.172000000000000242e+01 1.007603687999999842e+01 1.722014325999999983e+03 1.805981299999999919e+03
2.172500000000000142e+01 1.009862639999999878e+01 1.721826079999999820e+03 1.805981299999999919e+03
2.173000000000000043e+01 1.013788031999999717e+01 1.721498963999999887e+03 1.805981299999999919e+03
2.173500000000000298e+01 1.008159167999999895e+01 1.721968035999999984e+03 1.805981299999999919e+03
2.174000000000000199e+01 1.009270127999999822e+01 1.721875455999999986e+03 1.805981299999999919e+03
2.174500000000000099e+01 1.006455695999999911e+01 1.722109991999999920e+03 1.805981299999999919e+03
2.175000000000000000e+01 1.004196743999999875e+01 1.722298237999999856e+03 1.805981299999999919e+03
2.175500000000000256e+01 1.011529079999999858e+01 1.721687209999999823e+03 1.805981299999999919e+03
2.176000000000000156e+01 1.013788031999999717e+01 1.721498963999999887e+03 1.805981299999999919e+03
2.176500000000000057e+01 1.011529079999999858e+01 1.721687209999999823e+03 1.805981299999999919e+03
2.176999999999999957e+01 1.010973599999999983e+01 1.721733499999999822e+03 1.805981299999999919e+03
2.177500000000000213e+01 1.009270127999999822e+01 1.721875455999999986e+03 1.805981299999999919e+03
2.178000000000000114e+01 1.011529079999999858e+01 1.721687209999999823e+03 1.805981299999999919e+03
2.178500000000000014e+01 1.011529079999999858e+01 1.721687209999999823e+03 1.805981299999999919e+03
2.179000000000000270e+01 1.009862639999999878e+01 1.721826079999999820e+03 1.805981299999999919e+03
2.179500000000000171e+01 1.013788031999999717e+01 1.721498963999999887e+03 1.805981299999999919e+03
2.180000000000000071e+01 1.010418119999999931e+01 1.721779789999999821e+03 1.805981299999999919e+03
2.180499999999999972e+01 1.008159167999999895e+01 1.721968035999999984e+03 1.805981299999999919e+03
2.181000000000000227e+01 1.012677071999999967e+01 1.721591543999999885e+03 1.805981299999999919e+03
2.181500000000000128e+01 1.009862639999999878e+01 1.721826079999999820e+03 1.805981299999999919e+03
2.182000000000000028e+01 1.010973599999999983e+01 1.721733499999999822e+03 1.805981299999999919e+03
2.182500000000000284e+01 1.015491503999999878e+01 1.721357007999999951e+03 1.805981299999999919e+03
2.183000000000000185e+01 1.007011175999999786e+01 1.722063701999999921e+03 1.805981299999999919e+03
2.183500000000000085e+01 1.009270127999999822e+01 1.721875455999999986e+03 1.805981299999999919e+03
2.183999999999999986e+01 1.013788031999999717e+01 1.721498963999999887e+03 1.805981299999999919e+03
2.184500000000000242e+01 1.014380543999999951e+01 1.721449587999999949e+03 1.805981299999999919e+03
2.185000000000000142e+01 1.008714647999999947e+01 1.721921745999999985e+03 1.805981299999999919e+03
2.185500000000000043e+01 1.009862639999999878e+01 1.721826079999999820e+03 1.805981299999999919e+03
2.186000000000000298e+01 1.012677071999999967e+01 1.721591543999999885e+03 1.805981299999999919e+03
2.186500000000000199e+01 1.012677071999999967e+01 1.721591543999999885e+03 1.805981299999999919e+03
2.187000000000000099e+01 1.012677071999999967e+01 1.721591543999999885e+03 1.805981299999999919e+03
2.187500000000000000e+01 1.012677071999999967e+01 1.721591543999999885e+03 1.805981299999999919e+03
2.188000000000000256e+01 1.008714647999999947e+01 1.721921745999999985e+03 1.805981299999999919e+03
2.188500000000000156e+01 1.012121591999999914e+01 1.721637833999999884e+03 1.805981299999999919e+03
2.189000000000000057e+01 1.013788031999999717e+01 1.721498963999999887e+03 1.805981299999999919e+03
2.189499999999999957e+01 1.011529079999999858e+01 1.721687209999999823e+03 1.805981299999999919e+03
2.190000000000000213e+01 1.012121591999999914e+01 1.721637833999999884e+03 1.805981299999999919e+03
2.190500000000000114e+01 1.009270127999999822e+01 1.721875455999999986e+03 1.805981299999999919e+03
2.191000000000000014e+01 1.010418119999999931e+01 1.721779789999999821e+03 1.805981299999999919e+03
2.191500000000000270e+01 1.012677071999999967e+01 1.721591543999999885e+03 1.805981299999999919e+03
2.192000000000000171e+01 1.006455695999999911e+01 1.722109991999999920e+03 1.805981299999999919e+03
2.192500000000000071e+01 1.008714647999999947e+01 1.721921745999999985e+03 1.805981299999999919e+03
2.192999999999999972e+01 1.003641263999999822e+01 1.722344527999999855e+03 1.805981299999999919e+03
2.193500000000000227e+01 1.003641263999999822e+01 1.722344527999999855e+03 1.805981299999999919e+03
2.194000000000000128e+01 1.009862639999999878e+01 1.721826079999999820e+03 1.805981299999999919e+03
2.194500000000000028e+01 1.007603687999999842e+01 1.722014325999999983e+03 1.805981299999999919e+03
2.195000000000000284e+01 1.008714647999999947e+01 1.721921745999999985e+03 1.805981299999999919e+03
2.195500000000000185e+01 1.007603687999999842e+01 1.722014325999999983e+03 1.805981299999999919e+03
2.196000000000000085e+01 1.011529079999999858e+01 1.721687209999999823e+03 1.805981299999999919e+03
2.196499999999999986e+01 1.005900215999999858e+01 1.722156281999999919e+03 1.805981299999999919e+03
2.197000000000000242e+01 1.005900215999999858e+01 1.722156281999999919e+03 1.805981299999999919e+03
2.197500000000000142e+01 1.005344735999999806e+01 1.722202571999999918e+03 1.805981299999999919e+03
2.198000000000000043e+01 1.010973599999999983e+01 1.721733499999999822e+03 1.805981299999999919e+03
2.198500000000000298e+01 1.009862639999999878e+01 1.721826079999999820e+03 1.805981299999999919e+03
2.199000000000000199e+01 1.009862639999999878e+01 1.721826079999999820e+03 1.805981299999999919e+03
2.199500000000000099e+01 1.015491503999999878e+01 1.721357007999999951e+03 1.805981299999999919e+03
2.200000000000000000e+01 1.014380543999999951e+01 1.721449587999999949e+03 1.805981299999999919e+03
2.200500000000000256e+01 1.009862639999999878e+01 1.721826079999999820e+03 1.805981299999999919e+03
2.201000000000000156e+01 1.014936023999999826e+01 1.721403297999999950e+03 1.805981299999999919e+03
2.201500000000000057e+01 1.007011175999999786e+01 1.722063701999999921e+03 1.805981299999999919e+03
2.201999999999999957e+01 1.008159167999999895e+01 1.721968035999999984e+03 1.805981299999999919e+03
2.202500000000000213e+01 1.008714647999999947e+01 1.721921745999999985e+03 1.805981299999999919e+03
2.203000000000000114e+01 1.007011175999999786e+01 1.722063701999999921e+03 1.805981299999999919e+03
2.203500000000000014e+01 1.008714647999999947e+01 1.721921745999999985e+03 1.805981299999999919e+03
2.204000000000000270e+01 1.003085783999999947e+01 1.722390817999999854e+03 1.805981299999999919e+03
2.204500000000000171e+01 1.007603687999999842e+01 1.722014325999999983e+03 1.805981299999999919e+03
2.205000000000000071e+01 1.007011175999999786e+01 1.722063701999999921e+03 1.805981299999999919e+03
2.205499999999999972e+01 1.010973599999999983e+01 1.721733499999999822e+03 1.805981299999999919e+03
2.206000000000000227e+01 1.010973599999999983e+01 1.721733499999999822e+03 1.805981299999999919e+03
2.206500000000000128e+01 1.006455695999999911e+01 1.722109991999999920e+03 1.805981299999999919e+03
2.207000000000000028e+01 1.007603687999999842e+01 1.722014325999999983e+03 1.805981299999999919e+03
2.207500000000000284e+01 1.007603687999999842e+01 1.722014325999999983e+03 1.805981299999999919e+03
2.208000000000000185e+01 1.011529079999999858e+01 1.721687209999999823e+03 1.805981299999999919e+03
2.208500000000000085e+01 1.009862639999999878e+01 1.721826079999999820e+03 1.805981299999999919e+03
2.208999999999999986e+01 1.006455695999999911e+01 1.722109991999999920e+03 1.805981299999999919e+03
2.209500000000000242e+01 1.008159167999999895e+01 1.721968035999999984e+03 1.805981299999999919e+03
2.210000000000000142e+01 1.008159167999999895e+01 1.721968035999999984e+03 1.805981299999999919e+03
2.210500000000000043e+01 1.013788031999999717e+01 1.721498963999999887e+03 1.805981299999999919e+03
2.211000000000000298e+01 1.012677071999999967e+01 1.721591543999999885e+03 1.805981299999999919e+03
2.211500000000000199e+01 1.010418119999999931e+01 1.721779789999999821e+03 1.805981299999999919e+03
2.212000000000000099e+01 1.007011175999999786e+01 1.722063701999999921e+03 1.805981299999999919e+03
2.212500000000000000e+01 1.009862639999999878e+01 1.721826079999999820e+03 1.805981299999999919e+03
2.213000000000000256e+01 1.009270127999999822e+01 1.721875455999999986e+03 1.805981299999999919e+03
2.213500000000000156e+01 1.005344735999999806e+01 1.722202571999999918e+03 1.805981299999999919e+03
2.214000000000000057e+01 1.006455695999999911e+01 1.722109991999999920e+03 1.805981299999999919e+03
2.214499999999999957e+01 1.010418119999999931e+01 1.721779789999999821e+03 1.805981299999999919e+03
2.215000000000000213e+01 1.012121591999999914e+01 1.721637833999999884e+03 1.805981299999999919e+03
2.215500000000000114e+01 1.004196743999999875e+01 1.722298237999999856e+03 1.805981299999999919e+03
2.216000000000000014e+01 1.010973599999999983e+01 1.721733499999999822e+03 1.805981299999999919e+03
2.216500000000000270e+01 1.004752223999999750e+01 1.722251947999999857e+03 1.805981299999999919e+03
2.217000000000000171e+01 1.006455695999999911e+01 1.722109991999999920e+03 1.805981299999999919e+03
2.217500000000000071e+01 1.011529079999999858e+01 1.721687209999999823e+03 1.805981299999999919e+03
2.217999999999999972e+01 1.012121591999999914e+01 1.721637833999999884e+03 1.805981299999999919e+03
2.218500000000000227e+01 1.012121591999999914e+01 1.721637833999999884e+03 1.805981299999999919e+03
2.219000000000000128e+01 1.014380543999999951e+01 1.721449587999999949e+03 1.805981299999999919e+03
2.219500000000000028e+01 1.013232552000000020e+01 1.721545253999999886e+03 1.805981299999999919e+03
2.220000000000000284e+01 1.009270127999999822e+01 1.721875455999999986e+03 1.805981299999999919e+03
2.220500000000000185e+01 1.010418119999999931e+01 1.721779789999999821e+03 1.805981299999999919e+03
2.221000000000000085e+01 1.010418119999999931e+01 1.721779789999999821e+03 1.805981299999999919e+03
2.221499999999999986e+01 1.017750455999999915e+01 1.721168762000000015e+03 1.805981299999999919e+03
2.222000000000000242e+01 1.011529079999999858e+01 1.721687209999999823e+03 1.805981299999999919e+03
2.222500000000000142e+01 1.008714647999999947e+01 1.721921745999999985e+03 1.805981299999999919e+03
2.223000000000000043e+01 1.006455695999999911e+01 1.722109991999999920e+03 1.805981299999999919e+03
2.223500000000000298e+01 1.007011175999999786e+01 1.722063701999999921e+03 1.805981299999999919e+03
2.224000000000000199e+01 1.012121591999999914e+01 1.721637833999999884e+03 1.805981299999999919e+03
2.224500000000000099e+01 1.011529079999999858e+01 1.721687209999999823e+03 1.805981299999999919e+03
2.225000000000000000e+01 1.008714647999999947e+01 1.721921745999999985e+03 1.805981299999999919e+03
2.225500000000000256e+01 1.014380543999999951e+01 1.721449587999999949e+03 1.805981299999999919e+03
2.226000000000000156e+01 1.010973599999999983e+01 1.721733499999999822e+03 1.805981299999999919e+03
2.226500000000000057e+01 1.012677071999999967e+01 1.721591543999999885e+03 1.805981299999999919e+03
2.226999999999999957e+01 1.014936023999999826e+01 1.721403297999999950e+03 1.805981299999999919e+03
2.227500000000000213e+01 1.008714647999999947e+01 1.721921745999999985e+03 1.805981299999999919e+03
2.228000000000000114e+01 1.010973599999999983e+01 1.721733499999999822e+03 1.805981299999999919e+03
2.228500000000000014e+01 1.004752223999999750e+01 1.722251947999999857e+03 1.805981299999999919e+03
2.229000000000000270e+01 1.013232552000000020e+01 1.721545253999999886e+03 1.805981299999999919e+03
2.229500000000000171e+01 1.012121591999999914e+01 1.721637833999999884e+03 1.805981299999999919e+03
2.230000000000000071e+01 1.011529079999999858e+01 1.721687209999999823e+03 1.805981299999999919e+03
2.230499999999999972e+01 1.012121591999999914e+01 1.721637833999999884e+03 1.805981299999999919e+03
2.231000000000000227e+01 1.008159167999999895e+01 1.721968035999999984e+03 1.805981299999999919e+03
2.231500000000000128e+01 1.009862639999999878e+01 1.721826079999999820e+03 1.805981299999999919e+03
2.232000000000000028e+01 1.016046983999999753e+01 1.721310717999999952e+03 1.805981299999999919e+03
2.232500000000000284e+01 1.012121591999999914e+01 1.721637833999999884e+03 1.805981299999999919e+03
2.233000000000000185e+01 1.012677071999999967e+01 1.721591543999999885e+03 1.805981299999999919e+03
2.233500000000000085e+01 1.013232552000000020e+01 1.721545253999999886e+03 1.805981299999999919e+03
2.233999999999999986e+01 1.013232552000000020e+01 1.721545253999999886e+03 1.805981299999999919e+03
2.234500000000000242e+01 1.012677071999999967e+01 1.721591543999999885e+03 1.805981299999999919e+03
2.235000000000000142e+01 1.012121591999999914e+01 1.721637833999999884e+03 1.805981299999999919e+03
2.235500000000000043e+01 1.014936023999999826e+01 1.721403297999999950e+03 1.805981299999999919e+03
2.236000000000000298e+01 1.013788031999999717e+01 1.721498963999999887e+03 1.805981299999999919e+03
2.236500000000000199e+01 1.013232552000000020e+01 1.721545253999999886e+03 1.805981299999999919e+03
2.237000000000000099e+01 1.013788031999999717e+01 1.721498963999999887e+03 1.805981299999999919e+03
2.237500000000000000e+01 1.011529079999999858e+01 1.721687209999999823e+03 1.805981299999999919e+03
2.238000000000000256e+01 1.012677071999999967e+01 1.721591543999999885e+03 1.805981299999999919e+03
2.238500000000000156e+01 1.007011175999999786e+01 1.722063701999999921e+03 1.805981299999999919e+03
2.239000000000000057e+01 1.007011175999999786e+01 1.722063701999999921e+03 1.805981299999999919e+03
2.239499999999999957e+01 1.012121591999999914e+01 1.721637833999999884e+03 1.805981299999999919e+03
2.240000000000000213e+01 1.009270127999999822e+01 1.721875455999999986e+03 1.805981299999999919e+03
2.240500000000000114e+01 1.004196743999999875e+01 1.722298237999999856e+03 1.805981299999999919e+03
2.241000000000000014e+01 1.013788031999999717e+01 1.721498963999999887e+03 1.805981299999999919e+03
2.241500000000000270e+01 1.009270127999999822e+01 1.721875455999999986e+03 1.805981299999999919e+03
2.242000000000000171e+01 1.010418119999999931e+01 1.721779789999999821e+03 1.805981299999999919e+03
2.242500000000000071e+01 1.012677071999999967e+01 1.721591543999999885e+03 1.805981299999999919e+03
2.242999999999999972e+01 1.013232552000000020e+01 1.721545253999999886e+03 1.805981299999999919e+03
2.243500000000000227e+01 1.009862639999999878e+01 1.721826079999999820e+03 1.805981299999999919e+03
2.244000000000000128e+01 1.003085783999999947e+01 1.722390817999999854e+03 1.805981299999999919e+03
2.244500000000000028e+01 1.016046983999999753e+01 1.721310717999999952e+03 1.805981299999999919e+03
2.245000000000000284e+01 1.010418119999999931e+01 1.721779789999999821e+03 1.805981299999999919e+03
2.245500000000000185e+01 1.008159167999999895e+01 1.721968035999999984e+03 1.805981299999999919e+03
2.246000000000000085e+01 1.009862639999999878e+01 1.721826079999999820e+03 1.805981299999999919e+03
2.246499999999999986e+01 1.008714647999999947e+01 1.721921745999999985e+03 1.805981299999999919e+03
2.247000000000000242e+01 1.012121591999999914e+01 1.721637833999999884e+03 1.805981299999999919e+03
2.247500000000000142e+01 1.006455695999999911e+01 1.722109991999999920e+03 1.805981299999999919e+03
2.248000000000000043e+01 1.013232552000000020e+01 1.721545253999999886e+03 1.805981299999999919e+03
2.248500000000000298e+01 1.010973599999999983e+01 1.721733499999999822e+03 1.805981299999999919e+03
2.249000000000000199e+01 1.008159167999999895e+01 1.721968035999999984e+03 1.805981299999999919e+03
2.249500000000000099e+01 1.009862639999999878e+01 1.721826079999999820e+03 1.805981299999999919e+03
2.250000000000000000e+01 1.010973599999999983e+01 1.721733499999999822e+03 1.805981299999999919e+03
2.250500000000000256e+01 1.010418119999999931e+01 1.721779789999999821e+03 1.805981299999999919e+03
2.251000000000000156e+01 1.008714647999999947e+01 1.721921745999999985e+03 1.805981299999999919e+03
2.251500000000000057e+01 1.011529079999999858e+01 1.721687209999999823e+03 1.805981299999999919e+03
2.251999999999999957e+01 1.009862639999999878e+01 1.721826079999999820e+03 1.805981299999999919e+03
2.252500000000000213e+01 1.007603687999999842e+01 1.722014325999999983e+03 1.805981299999999919e+03
2.253000000000000114e+01 1.009862639999999878e+01 1.721826079999999820e+03 1.805981299999999919e+03
2.253500000000000014e+01 1.009862639999999878e+01 1.721826079999999820e+03 1.805981299999999919e+03
2.254000000000000270e+01 1.011529079999999858e+01 1.721687209999999823e+03 1.805981299999999919e+03
2.254500000000000171e+01 1.011529079999999858e+01 1.721687209999999823e+03 1.805981299999999919e+03
2.255000000000000071e+01 1.010418119999999931e+01 1.721779789999999821e+03 1.805981299999999919e+03
2.255499999999999972e+01 1.009270127999999822e+01 1.721875455999999986e+03 1.805981299999999919e+03
2.256000000000000227e+01 1.010973599999999983e+01 1.721733499999999822e+03 1.805981299999999919e+03
2.256500000000000128e+01 1.009270127999999822e+01 1.721875455999999986e+03 1.805981299999999919e+03
2.257000000000000028e+01 1.010973599999999983e+01 1.721733499999999822e+03 1.805981299999999919e+03
2.257500000000000284e+01 1.008714647999999947e+01 1.721921745999999985e+03 1.805981299999999919e+03
2.258000000000000185e+01 1.014380543999999951e+01 1.721449587999999949e+03 1.805981299999999919e+03
2.258500000000000085e+01 1.006455695999999911e+01 1.722109991999999920e+03 1.805981299999999919e+03
2.258999999999999986e+01 1.008714647999999947e+01 1.721921745999999985e+03 1.805981299999999919e+03
2.259500000000000242e+01 1.009270127999999822e+01 1.721875455999999986e+03 1.805981299999999919e+03
2.260000000000000142e+01 1.010973599999999983e+01 1.721733499999999822e+03 1.805981299999999919e+03
2.260500000000000043e+01 1.008159167999999895e+01 1.721968035999999984e+03 1.805981299999999919e+03
2.261000000000000298e+01 1.005344735999999806e+01 1.722202571999999918e+03 1.805981299999999919e+03
2.261500000000000199e+01 1.009862639999999878e+01 1.721826079999999820e+03 1.805981299999999919e+03
2.262000000000000099e+01 1.004196743999999875e+01 1.722298237999999856e+03 1.805981299999999919e+03
2.262500000000000000e+01 1.011529079999999858e+01 1.721687209999999823e+03 1.805981299999999919e+03
2.263000000000000256e+01 1.007603687999999842e+01 1.722014325999999983e+03 1.805981299999999919e+03
2.263500000000000156e+01 1.007603687999999842e+01 1.722014325999999983e+03 1.805981299999999919e+03
2.264000000000000057e+01 1.005344735999999806e+01 1.722202571999999918e+03 1.805981299999999919e+03
2.264499999999999957e+01 1.006455695999999911e+01 1.722109991999999920e+03 1.805981299999999919e+03
2.265000000000000213e+01 1.009270127999999822e+01 1.721875455999999986e+03 1.805981299999999919e+03
2.265500000000000114e+01 1.008159167999999895e+01 1.721968035999999984e+03 1.805981299999999919e+03
2.266000000000000014e+01 1.002493271999999713e+01 1.722440194000000020e+03 1.805981299999999919e+03
2.266500000000000270e+01 1.006455695999999911e+01 1.722109991999999920e+03 1.805981299999999919e+03
2.267000000000000171e+01 1.010973599999999983e+01 1.721733499999999822e+03 1.805981299999999919e+03
2.267500000000000071e+01 1.010973599999999983e+01 1.721733499999999822e+03 1.805981299999999919e+03
2.267999999999999972e+01 1.004196743999999875e+01 1.722298237999999856e+03 1.805981299999999919e+03
2.268500000000000227e+01 1.005344735999999806e+01 1.722202571999999918e+03 1.805981299999999919e+03
2.269000000000000128e+01 1.008714647999999947e+01 1.721921745999999985e+03 1.805981299999999919e+03
2.269500000000000028e+01 1.008159167999999895e+01 1.721968035999999984e+03 1.805981299999999919e+03
2.270000000000000284e+01 1.007011175999999786e+01 1.722063701999999921e+03 1.805981299999999919e+03
2.270500000000000185e+01 1.009862639999999878e+01 1.721826079999999820e+03 1.805981299999999919e+03
2.271000000000000085e+01 1.008159167999999895e+01 1.721968035999999984e+03 1.805981299999999919e+03
2.271499999999999986e+01 1.008159167999999895e+01 1.721968035999999984e+03 1.805981299999999919e+03
2.272000000000000242e+01 1.008714647999999947e+01 1.721921745999999985e+03 1.805981299999999919e+03
2.272500000000000142e+01 1.009270127999999822e+01 1.721875455999999986e+03 1.805981299999999919e+03
2.273000000000000043e+01 1.005344735999999806e+01 1.722202571999999918e+03 1.805981299999999919e+03
2.273500000000000298e+01 1.010973599999999983e+01 1.721733499999999822e+03 1.805981299999999919e+03
2.274000000000000199e+01 1.007011175999999786e+01 1.722063701999999921e+03 1.805981299999999919e+03
2.274500000000000099e+01 1.007603687999999842e+01 1.722014325999999983e+03 1.805981299999999919e+03
2.275000000000000000e+01 1.001382311999999963e+01 1.722532774000000018e+03 1.805981299999999919e+03
2.275500000000000256e+01 1.007603687999999842e+01 1.722014325999999983e+03 1.805981299999999919e+03
2.276000000000000156e+01 1.005900215999999858e+01 1.722156281999999919e+03 1.805981299999999919e+03
2.276500000000000057e+01 1.008159167999999895e+01 1.721968035999999984e+03 1.805981299999999919e+03
2.276999999999999957e+01 1.006455695999999911e+01 1.722109991999999920e+03 1.805981299999999919e+03
2.277500000000000213e+01 1.008159167999999895e+01 1.721968035999999984e+03 1.805981299999999919e+03
2.278000000000000114e+01 1.008714647999999947e+01 1.721921745999999985e+03 1.805981299999999919e+03
2.278500000000000014e+01 1.005900215999999858e+01 1.722156281999999919e+03 1.805981299999999919e+03
2.279000000000000270e+01 1.009270127999999822e+01 1.721875455999999986e+03 1.805981299999999919e+03
2.279500000000000171e+01 1.002493271999999713e+01 1.722440194000000020e+03 1.805981299999999919e+03
2.280000000000000071e+01 1.004752223999999750e+01 1.722251947999999857e+03 1.805981299999999919e+03
2.280499999999999972e+01 1.007011175999999786e+01 1.722063701999999921e+03 1.805981299999999919e+03
2.281000000000000227e+01 1.008159167999999895e+01 1.721968035999999984e+03 1.805981299999999919e+03
2.281500000000000128e+01 1.009862639999999878e+01 1.721826079999999820e+03 1.805981299999999919e+03
2.282000000000000028e+01 1.010418119999999931e+01 1.721779789999999821e+03 1.805981299999999919e+03
2.282500000000000284e+01 1.009862639999999878e+01 1.721826079999999820e+03 1.805981299999999919e+03
2.283000000000000185e+01 1.007603687999999842e+01 1.722014325999999983e+03 1.805981299999999919e+03
2.283500000000000085e+01 1.002493271999999713e+01 1.722440194000000020e+03 1.805981299999999919e+03
2.283999999999999986e+01 1.004196743999999875e+01 1.722298237999999856e+03 1.805981299999999919e+03
2.284500000000000242e+01 1.008159167999999895e+01 1.721968035999999984e+03 1.805981299999999919e+03
2.285000000000000142e+01 1.002493271999999713e+01 1.722440194000000020e+03 1.805981299999999919e+03
2.285500000000000043e+01 1.007011175999999786e+01 1.722063701999999921e+03 1.805981299999999919e+03
2.286000000000000298e+01 1.008714647999999947e+01 1.721921745999999985e+03 1.805981299999999919e+03
2.286500000000000199e+01 1.010973599999999983e+01 1.721733499999999822e+03 1.805981299999999919e+03
2.287000000000000099e+01 1.010973599999999983e+01 1.721733499999999822e+03 1.805981299999999919e+03
2.287500000000000000e+01 1.008714647999999947e+01 1.721921745999999985e+03 1.805981299999999919e+03
2.288000000000000256e+01 1.007011175999999786e+01 1.722063701999999921e+03 1.805981299999999919e+03
2.288500000000000156e+01 1.008714647999999947e+01 1.721921745999999985e+03 1.805981299999999919e+03
2.289000000000000057e+01 1.004196743999999875e+01 1.722298237999999856e+03 1.805981299999999919e+03
2.289499999999999957e+01 1.009862639999999878e+01 1.721826079999999820e+03 1.805981299999999919e+03
2.290000000000000213e+01 1.004196743999999875e+01 1.722298237999999856e+03 1.805981299999999919e+03
2.290500000000000114e+01 1.004196743999999875e+01 1.722298237999999856e+03 1.805981299999999919e+03
2.291000000000000014e+01 1.004752223999999750e+01 1.722251947999999857e+03 1.805981299999999919e+03
2.291500000000000270e+01 1.007603687999999842e+01 1.722014325999999983e+03 1.805981299999999919e+03
2.292000000000000171e+01 1.005900215999999858e+01 1.722156281999999919e+03 1.805981299999999919e+03
2.292500000000000071e+01 1.001937792000000016e+01 1.722486484000000019e+03 1.805981299999999919e+03
2.292999999999999972e+01 1.004196743999999875e+01 1.722298237999999856e+03 1.805981299999999919e+03
2.293500000000000227e+01 1.008159167999999895e+01 1.721968035999999984e+03 1.805981299999999919e+03
2.294000000000000128e+01 1.003085783999999947e+01 1.722390817999999854e+03 1.805981299999999919e+03
2.294500000000000028e+01 1.008159167999999895e+01 1.721968035999999984e+03 1.805981299999999919e+03
2.295000000000000284e+01 1.006455695999999911e+01 1.722109991999999920e+03 1.805981299999999919e+03
2.295500000000000185e+01 1.005344735999999806e+01 1.722202571999999918e+03 1.805981299999999919e+03
2.296000000000000085e+01 1.003085783999999947e+01 1.722390817999999854e+03 1.805981299999999919e+03
2.296499999999999986e+01 1.002493271999999713e+01 1.722440194000000020e+03 1.805981299999999919e+03
2.297000000000000242e+01 9.996788399999999797e+00 1.722674729999999954e+03 1.805981299999999919e+03
2.297500000000000142e+01 1.002493271999999713e+01 1.722440194000000020e+03 1.805981299999999919e+03
2.298000000000000043e+01 1.002493271999999713e+01 1.722440194000000020e+03 1.805981299999999919e+03
2.298500000000000298e+01 1.005900215999999858e+01 1.722156281999999919e+03 1.805981299999999919e+03
2.299000000000000199e+01 1.003085783999999947e+01 1.722390817999999854e+03 1.805981299999999919e+03
2.299500000000000099e+01 1.007603687999999842e+01 1.722014325999999983e+03 1.805981299999999919e+03
2.300000000000000000e+01 1.008159167999999895e+01 1.721968035999999984e+03 1.805981299999999919e+03
2.300500000000000256e+01 1.003641263999999822e+01 1.722344527999999855e+03 1.805981299999999919e+03
2.301000000000000156e+01 1.004752223999999750e+01 1.722251947999999857e+03 1.805981299999999919e+03
2.301500000000000057e+01 1.003085783999999947e+01 1.722390817999999854e+03 1.805981299999999919e+03
2.301999999999999957e+01 1.002493271999999713e+01 1.722440194000000020e+03 1.805981299999999919e+03
2.302500000000000213e+01 1.010973599999999983e+01 1.721733499999999822e+03 1.805981299999999919e+03
2.303000000000000114e+01 1.004196743999999875e+01 1.722298237999999856e+03 1.805981299999999919e+03
2.303500000000000014e+01 1.008714647999999947e+01 1.721921745999999985e+03 1.805981299999999919e+03
2.304000000000000270e+01 1.009270127999999822e+01 1.721875455999999986e+03 1.805981299999999919e+03
2.304500000000000171e+01 1.010973599999999983e+01 1.721733499999999822e+03 1.805981299999999919e+03
2.305000000000000071e+01 1.006455695999999911e+01 1.722109991999999920e+03 1.805981299999999919e+03
2.305499999999999972e+01 1.007011175999999786e+01 1.722063701999999921e+03 1.805981299999999919e+03
2.306000000000000227e+01 1.001937792000000016e+01 1.722486484000000019e+03 1.805981299999999919e+03
2.306500000000000128e+01 1.002493271999999713e+01 1.722440194000000020e+03 1.805981299999999919e+03
2.307000000000000028e+01 1.006455695999999911e+01 1.722109991999999920e+03 1.805981299999999919e+03
2.307500000000000284e+01 1.010973599999999983e+01 1.721733499999999822e+03 1.805981299999999919e+03
2.308000000000000185e+01 1.004196743999999875e+01 1.722298237999999856e+03 1.805981299999999919e+03
2.308500000000000085e+01 1.009862639999999878e+01 1.721826079999999820e+03 1.805981299999999919e+03
2.308999999999999986e+01 1.007011175999999786e+01 1.722063701999999921e+03 1.805981299999999919e+03
2.309500000000000242e+01 9.979753679999998184e+00 1.722816685999999891e+03 1.805981299999999919e+03
2.310000000000000142e+01 1.003641263999999822e+01 1.722344527999999855e+03 1.805981299999999919e+03
2.310500000000000043e+01 1.004752223999999750e+01 1.722251947999999857e+03 1.805981299999999919e+03
2.311000000000000298e+01 1.007011175999999786e+01 1.722063701999999921e+03 1.805981299999999919e+03
2.311500000000000199e+01 1.007011175999999786e+01 1.722063701999999921e+03 1.805981299999999919e+03
2.312000000000000099e+01 1.003085783999999947e+01 1.722390817999999854e+03 1.805981299999999919e+03
2.312500000000000000e+01 1.007011175999999786e+01 1.722063701999999921e+03 1.805981299999999919e+03
2.313000000000000256e+01 1.003641263999999822e+01 1.722344527999999855e+03 1.805981299999999919e+03
2.313500000000000156e+01 1.003641263999999822e+01 1.722344527999999855e+03 1.805981299999999919e+03
2.314000000000000057e+01 9.979753679999998184e+00 1.722816685999999891e+03 1.805981299999999919e+03
2.314499999999999957e+01 1.002493271999999713e+01 1.722440194000000020e+03 1.805981299999999919e+03
2.315000000000000213e+01 1.004752223999999750e+01 1.722251947999999857e+03 1.805981299999999919e+03
2.315500000000000114e+01 1.006455695999999911e+01 1.722109991999999920e+03 1.805981299999999919e+03
2.316000000000000014e+01 1.010973599999999983e+01 1.721733499999999822e+03 1.805981299999999919e+03
2.316500000000000270e+01 1.006455695999999911e+01 1.722109991999999920e+03 1.805981299999999919e+03
2.317000000000000171e+01 1.005344735999999806e+01 1.722202571999999918e+03 1.805981299999999919e+03
2.317500000000000071e+01 1.003641263999999822e+01 1.722344527999999855e+03 1.805981299999999919e+03
2.317999999999999972e+01 1.001382311999999963e+01 1.722532774000000018e+03 1.805981299999999919e+03
2.318500000000000227e+01 1.005344735999999806e+01 1.722202571999999918e+03 1.805981299999999919e+03
2.319000000000000128e+01 1.002493271999999713e+01 1.722440194000000020e+03 1.805981299999999919e+03
2.319500000000000028e+01 1.000789799999999907e+01 1.722582149999999956e+03 1.805981299999999919e+03
2.320000000000000284e+01 1.003641263999999822e+01 1.722344527999999855e+03 1.805981299999999919e+03
2.320500000000000185e+01 1.004196743999999875e+01 1.722298237999999856e+03 1.805981299999999919e+03
2.321000000000000085e+01 1.001937792000000016e+01 1.722486484000000019e+03 1.805981299999999919e+03
2.321499999999999986e+01 1.004752223999999750e+01 1.722251947999999857e+03 1.805981299999999919e+03
2.322000000000000242e+01 1.006455695999999911e+01 1.722109991999999920e+03 1.805981299999999919e+03
2.322500000000000142e+01 1.005900215999999858e+01 1.722156281999999919e+03 1.805981299999999919e+03
2.323000000000000043e+01 1.010418119999999931e+01 1.721779789999999821e+03 1.805981299999999919e+03
2.323500000000000298e+01 1.005344735999999806e+01 1.722202571999999918e+03 1.805981299999999919e+03
2.324000000000000199e+01 1.004196743999999875e+01 1.722298237999999856e+03 1.805981299999999919e+03
2.324500000000000099e+01 1.005900215999999858e+01 1.722156281999999919e+03 1.805981299999999919e+03
2.325000000000000000e+01 1.002493271999999713e+01 1.722440194000000020e+03 1.805981299999999919e+03
2.325500000000000256e+01 1.006455695999999911e+01 1.722109991999999920e+03 1.805981299999999919e+03
2.326000000000000156e+01 1.004752223999999750e+01 1.722251947999999857e+03 1.805981299999999919e+03
2.326500000000000057e+01 9.979753679999998184e+00 1.722816685999999891e+03 1.805981299999999919e+03
2.326999999999999957e+01 1.001937792000000016e+01 1.722486484000000019e+03 1.805981299999999919e+03
2.327500000000000213e+01 1.001937792000000016e+01 1.722486484000000019e+03 1.805981299999999919e+03
2.328000000000000114e+01 1.004752223999999750e+01 1.722251947999999857e+03 1.805981299999999919e+03
2.328500000000000014e+01 1.000234319999999855e+01 1.722628439999999955e+03 1.805981299999999919e+03
2.329000000000000270e+01 9.957164159999997821e+00 1.723004931999999826e+03 1.805981299999999919e+03
2.329500000000000171e+01 1.000234319999999855e+01 1.722628439999999955e+03 1.805981299999999919e+03
2.330000000000000071e+01 1.007011175999999786e+01 1.722063701999999921e+03 1.805981299999999919e+03
2.330499999999999972e+01 1.000789799999999907e+01 1.722582149999999956e+03 1.805981299999999919e+03
2.331000000000000227e+01 9.996788399999999797e+00 1.722674729999999954e+03 1.805981299999999919e+03
2.331500000000000128e+01 1.001382311999999963e+01 1.722532774000000018e+03 1.805981299999999919e+03
2.332000000000000028e+01 1.008714647999999947e+01 1.721921745999999985e+03 1.805981299999999919e+03
2.332500000000000284e+01 1.001937792000000016e+01 1.722486484000000019e+03 1.805981299999999919e+03
2.333000000000000185e+01 1.000789799999999907e+01 1.722582149999999956e+03 1.805981299999999919e+03
2.333500000000000085e+01 1.004196743999999875e+01 1.722298237999999856e+03 1.805981299999999919e+03
2.333999999999999986e+01 1.003085783999999947e+01 1.722390817999999854e+03 1.805981299999999919e+03
2.334500000000000242e+01 1.007011175999999786e+01 1.722063701999999921e+03 1.805981299999999919e+03
2.335000000000000142e+01 1.005900215999999858e+01 1.722156281999999919e+03 1.805981299999999919e+03
2.335500000000000043e+01 1.002493271999999713e+01 1.722440194000000020e+03 1.805981299999999919e+03
2.336000000000000298e+01 1.000234319999999855e+01 1.722628439999999955e+03 1.805981299999999919e+03
2.336500000000000199e+01 1.002493271999999713e+01 1.722440194000000020e+03 1.805981299999999919e+03
2.337000000000000099e+01 1.006455695999999911e+01 1.722109991999999920e+03 1.805981299999999919e+03
2.337500000000000000e+01 1.000789799999999907e+01 1.722582149999999956e+03 1.805981299999999919e+03
2.338000000000000256e+01 9.996788399999999797e+00 1.722674729999999954e+03 1.805981299999999919e+03
2.338500000000000156e+01 9.968644079999998908e+00 1.722909265999999889e+03 1.805981299999999919e+03
2.339000000000000057e+01 1.004752223999999750e+01 1.722251947999999857e+03 1.805981299999999919e+03
2.339499999999999957e+01 1.007603687999999842e+01 1.722014325999999983e+03 1.805981299999999919e+03
2.340000000000000213e+01 1.003641263999999822e+01 1.722344527999999855e+03 1.805981299999999919e+03
2.340500000000000114e+01 1.001382311999999963e+01 1.722532774000000018e+03 1.805981299999999919e+03
2.341000000000000014e+01 9.974198879999999434e+00 1.722862975999999890e+03 1.805981299999999919e+03
2.341500000000000270e+01 1.006455695999999911e+01 1.722109991999999920e+03 1.805981299999999919e+03
2.342000000000000171e+01 1.002493271999999713e+01 1.722440194000000020e+03 1.805981299999999919e+03
2.342500000000000071e+01 9.985308479999998710e+00 1.722770395999999892e+03 1.805981299999999919e+03
2.342999999999999972e+01 1.003085783999999947e+01 1.722390817999999854e+03 1.805981299999999919e+03
2.343500000000000227e+01 9.974198879999999434e+00 1.722862975999999890e+03 1.805981299999999919e+03
2.344000000000000128e+01 9.996788399999999797e+00 1.722674729999999954e+03 1.805981299999999919e+03
2.344500000000000028e+01 1.000789799999999907e+01 1.722582149999999956e+03 1.805981299999999919e+03
2.345000000000000284e+01 1.003085783999999947e+01 1.722390817999999854e+03 1.805981299999999919e+03
2.345500000000000185e+01 9.996788399999999797e+00 1.722674729999999954e+03 1.805981299999999919e+03
2.346000000000000085e+01 1.004196743999999875e+01 1.722298237999999856e+03 1.805981299999999919e+03
2.346499999999999986e+01 9.957164159999997821e+00 1.723004931999999826e+03 1.805981299999999919e+03
2.347000000000000242e+01 1.001382311999999963e+01 1.722532774000000018e+03 1.805981299999999919e+03
2.347500000000000142e+01 1.001382311999999963e+01 1.722532774000000018e+03 1.805981299999999919e+03
2.348000000000000043e+01 9.996788399999999797e+00 1.722674729999999954e+03 1.805981299999999919e+03
2.348500000000000298e+01 1.003641263999999822e+01 1.722344527999999855e+03 1.805981299999999919e+03
2.349000000000000199e+01 9.974198879999999434e+00 1.722862975999999890e+03 1.805981299999999919e+03
2.349500000000000099e+01 1.001382311999999963e+01 1.722532774000000018e+03 1.805981299999999919e+03
2.350000000000000000e+01 1.004196743999999875e+01 1.722298237999999856e+03 1.805981299999999919e+03
2.350500000000000256e+01 1.004196743999999875e+01 1.722298237999999856e+03 1.805981299999999919e+03
2.351000000000000156e+01 9.968644079999998908e+00 1.722909265999999889e+03 1.805981299999999919e+03
2.351500000000000057e+01 1.003641263999999822e+01 1.722344527999999855e+03 1.805981299999999919e+03
2.351999999999999957e+01 1.003641263999999822e+01 1.722344527999999855e+03 1.805981299999999919e+03
2.352500000000000213e+01 1.002493271999999713e+01 1.722440194000000020e+03 1.805981299999999919e+03
2.353000000000000114e+01 1.006455695999999911e+01 1.722109991999999920e+03 1.805981299999999919e+03
2.353500000000000014e+01 9.962718959999998347e+00 1.722958641999999827e+03 1.805981299999999919e+03
2.354000000000000270e+01 1.002493271999999713e+01 1.722440194000000020e+03 1.805981299999999919e+03
2.354500000000000171e+01 9.968644079999998908e+00 1.722909265999999889e+03 1.805981299999999919e+03
2.355000000000000071e+01 9.979753679999998184e+00 1.722816685999999891e+03 1.805981299999999919e+03
2.355499999999999972e+01 9.957164159999997821e+00 1.723004931999999826e+03 1.805981299999999919e+03
2.356000000000000227e+01 1.003641263999999822e+01 1.722344527999999855e+03 1.805981299999999919e+03
2.356500000000000128e+01 1.003085783999999947e+01 1.722390817999999854e+03 1.805981299999999919e+03
2.357000000000000028e+01 9.996788399999999797e+00 1.722674729999999954e+03 1.805981299999999919e+03
2.357500000000000284e+01 1.001382311999999963e+01 1.722532774000000018e+03 1.805981299999999919e+03
2.358000000000000185e+01 9.991233599999999271e+00 1.722721019999999953e+03 1.805981299999999919e+03
2.358500000000000085e+01 9.991233599999999271e+00 1.722721019999999953e+03 1.805981299999999919e+03
2.358999999999999986e+01 1.005344735999999806e+01 1.722202571999999918e+03 1.805981299999999919e+03
2.359500000000000242e+01 1.003641263999999822e+01 1.722344527999999855e+03 1.805981299999999919e+03
2.360000000000000142e+01 1.004196743999999875e+01 1.722298237999999856e+03 1.805981299999999919e+03
2.360500000000000043e+01 1.001937792000000016e+01 1.722486484000000019e+03 1.805981299999999919e+03
2.361000000000000298e+01 1.001937792000000016e+01 1.722486484000000019e+03 1.805981299999999919e+03
2.361500000000000199e+01 9.974198879999999434e+00 1.722862975999999890e+03 1.805981299999999919e+03
2.362000000000000099e+01 9.929019839999996933e+00 1.723239467999999988e+03 1.805981299999999919e+03
2.362500000000000000e+01 1.002493271999999713e+01 1.722440194000000020e+03 1.805981299999999919e+03
2.363000000000000256e+01 1.001382311999999963e+01 1.722532774000000018e+03 1.805981299999999919e+03
2.363500000000000156e+01 9.974198879999999434e+00 1.722862975999999890e+03 1.805981299999999919e+03
2.364000000000000057e+01 1.001937792000000016e+01 1.722486484000000019e+03 1.805981299999999919e+03
2.364499999999999957e+01 9.957164159999997821e+00 1.723004931999999826e+03 1.805981299999999919e+03
2.365000000000000213e+01 9.934574639999997459e+00 1.723193177999999989e+03 1.805981299999999919e+03
2.365500000000000114e+01 9.962718959999998347e+00 1.722958641999999827e+03 1.805981299999999919e+03
2.366000000000000014e+01 9.991233599999999271e+00 1.722721019999999953e+03 1.805981299999999919e+03
2.366500000000000270e+01 9.974198879999999434e+00 1.722862975999999890e+03 1.805981299999999919e+03
2.367000000000000171e+01 1.000234319999999855e+01 1.722628439999999955e+03 1.805981299999999919e+03
2.367500000000000071e+01 1.003641263999999822e+01 1.722344527999999855e+03 1.805981299999999919e+03
2.367999999999999972e+01 1.001937792000000016e+01 1.722486484000000019e+03 1.805981299999999919e+03
2.368500000000000227e+01 9.979753679999998184e+00 1.722816685999999891e+03 1.805981299999999919e+03
2.369000000000000128e+01 9.962718959999998347e+00 1.722958641999999827e+03 1.805981299999999919e+03
2.369500000000000028e+01 9.934574639999997459e+00 1.723193177999999989e+03 1.805981299999999919e+03
2.370000000000000284e+01 9.946054559999998546e+00 1.723097511999999824e+03 1.805981299999999919e+03
2.370500000000000185e+01 9.985308479999998710e+00 1.722770395999999892e+03 1.805981299999999919e+03
2.371000000000000085e+01 1.000234319999999855e+01 1.722628439999999955e+03 1.805981299999999919e+03
2.371499999999999986e+01 1.002493271999999713e+01 1.722440194000000020e+03 1.805981299999999919e+03
2.372000000000000242e+01 1.000234319999999855e+01 1.722628439999999955e+03 1.805981299999999919e+03
2.372500000000000142e+01 9.974198879999999434e+00 1.722862975999999890e+03 1.805981299999999919e+03
2.373000000000000043e+01 9.974198879999999434e+00 1.722862975999999890e+03 1.805981299999999919e+03
2.373500000000000298e+01 9.883840799999997984e+00 1.723615959999999859e+03 1.805981299999999919e+03
2.374000000000000199e+01 9.917539919999997622e+00 1.723335133999999925e+03 1.805981299999999919e+03
2.374500000000000099e+01 9.979753679999998184e+00 1.722816685999999891e+03 1.805981299999999919e+03
2.375000000000000000e+01 1.001382311999999963e+01 1.722532774000000018e+03 1.805981299999999919e+03
2.375500000000000256e+01 9.996788399999999797e+00 1.722674729999999954e+03 1.805981299999999919e+03
2.376000000000000156e+01 1.000789799999999907e+01 1.722582149999999956e+03 1.805981299999999919e+03
2.376500000000000057e+01 9.951609359999999072e+00 1.723051221999999825e+03 1.805981299999999919e+03
2.376999999999999957e+01 9.996788399999999797e+00 1.722674729999999954e+03 1.805981299999999919e+03
2.377500000000000213e+01 1.001937792000000016e+01 1.722486484000000019e+03 1.805981299999999919e+03
2.378000000000000114e+01 9.985308479999998710e+00 1.722770395999999892e+03 1.805981299999999919e+03
2.378500000000000014e+01 1.000234319999999855e+01 1.722628439999999955e+03 1.805981299999999919e+03
2.379000000000000270e+01 1.003085783999999947e+01 1.722390817999999854e+03 1.805981299999999919e+03
2.379500000000000171e+01 9.979753679999998184e+00 1.722816685999999891e+03 1.805981299999999919e+03
2.380000000000000071e+01 1.002493271999999713e+01 1.722440194000000020e+03 1.805981299999999919e+03
2.380499999999999972e+01 9.985308479999998710e+00 1.722770395999999892e+03 1.805981299999999919e+03
2.381000000000000227e+01 9.996788399999999797e+00 1.722674729999999954e+03 1.805981299999999919e+03
2.381500000000000128e+01 9.979753679999998184e+00 1.722816685999999891e+03 1.805981299999999919e+03
2.382000000000000028e+01 1.001382311999999963e+01 1.722532774000000018e+03 1.805981299999999919e+03
2.382500000000000284e+01 9.996788399999999797e+00 1.722674729999999954e+03 1.805981299999999919e+03
2.383000000000000185e+01 1.003641263999999822e+01 1.722344527999999855e+03 1.805981299999999919e+03
2.383500000000000085e+01 9.979753679999998184e+00 1.722816685999999891e+03 1.805981299999999919e+03
2.383999999999999986e+01 9.991233599999999271e+00 1.722721019999999953e+03 1.805981299999999919e+03
2.384500000000000242e+01 9.991233599999999271e+00 1.722721019999999953e+03 1.805981299999999919e+03
2.385000000000000142e+01 1.003085783999999947e+01 1.722390817999999854e+03 1.805981299999999919e+03
2.385500000000000043e+01 9.929019839999996933e+00 1.723239467999999988e+03 1.805981299999999919e+03
2.386000000000000298e+01 9.946054559999998546e+00 1.723097511999999824e+03 1.805981299999999919e+03
2.386500000000000199e+01 9.940129439999997985e+00 1.723146887999999990e+03 1.805981299999999919e+03
2.387000000000000099e+01 9.929019839999996933e+00 1.723239467999999988e+03 1.805981299999999919e+03
2.387500000000000000e+01 9.968644079999998908e+00 1.722909265999999889e+03 1.805981299999999919e+03
2.388000000000000256e+01 9.974198879999999434e+00 1.722862975999999890e+03 1.805981299999999919e+03
2.388500000000000156e+01 9.929019839999996933e+00 1.723239467999999988e+03 1.805981299999999919e+03
2.389000000000000057e+01 9.951609359999999072e+00 1.723051221999999825e+03 1.805981299999999919e+03
2.389499999999999957e+01 9.957164159999997821e+00 1.723004931999999826e+03 1.805981299999999919e+03
2.390000000000000213e+01 9.962718959999998347e+00 1.722958641999999827e+03 1.805981299999999919e+03
2.390500000000000114e+01 9.974198879999999434e+00 1.722862975999999890e+03 1.805981299999999919e+03
2.391000000000000014e+01 9.934574639999997459e+00 1.723193177999999989e+03 1.805981299999999919e+03
2.391500000000000270e+01 9.946054559999998546e+00 1.723097511999999824e+03 1.805981299999999919e+03
2.392000000000000171e+01 9.979753679999998184e+00 1.722816685999999891e+03 1.805981299999999919e+03
2.392500000000000071e+01 9.996788399999999797e+00 1.722674729999999954e+03 1.805981299999999919e+03
2.392999999999999972e+01 1.002493271999999713e+01 1.722440194000000020e+03 1.805981299999999919e+03
2.393500000000000227e+01 9.968644079999998908e+00 1.722909265999999889e+03 1.805981299999999919e+03
2.394000000000000128e+01 9.946054559999998546e+00 1.723097511999999824e+03 1.805981299999999919e+03
2.394500000000000028e+01 9.979753679999998184e+00 1.722816685999999891e+03 1.805981299999999919e+03
2.395000000000000284e+01 9.951609359999999072e+00 1.723051221999999825e+03 1.805981299999999919e+03
2.395500000000000185e+01 9.962718959999998347e+00 1.722958641999999827e+03 1.805981299999999919e+03
2.396000000000000085e+01 1.001382311999999963e+01 1.722532774000000018e+03 1.805981299999999919e+03
2.396499999999999986e+01 1.002493271999999713e+01 1.722440194000000020e+03 1.805981299999999919e+03
2.397000000000000242e+01 9.985308479999998710e+00 1.722770395999999892e+03 1.805981299999999919e+03
2.397500000000000142e+01 1.003641263999999822e+01 1.722344527999999855e+03 1.805981299999999919e+03
2.398000000000000043e+01 1.002493271999999713e+01 1.722440194000000020e+03 1.805981299999999919e+03
2.398500000000000298e+01 9.940129439999997985e+00 1.723146887999999990e+03 1.805981299999999919e+03
2.399000000000000199e+01 9.962718959999998347e+00 1.722958641999999827e+03 1.805981299999999919e+03
2.399500000000000099e+01 9.979753679999998184e+00 1.722816685999999891e+03 1.805981299999999919e+03
2.400000000000000000e+01 9.962718959999998347e+00 1.722958641999999827e+03 1.805981299999999919e+03
2.400500000000000256e+01 9.996788399999999797e+00 1.722674729999999954e+03 1.805981299999999919e+03
2.401000000000000156e+01 9.929019839999996933e+00 1.723239467999999988e+03 1.805981299999999919e+03
2.401500000000000057e+01 9.968644079999998908e+00 1.722909265999999889e+03 1.805981299999999919e+03
2.401999999999999957e+01 9.979753679999998184e+00 1.722816685999999891e+03 1.805981299999999919e+03
2.402500000000000213e+01 9.996788399999999797e+00 1.722674729999999954e+03 1.805981299999999919e+03
2.403000000000000114e+01 9.979753679999998184e+00 1.722816685999999891e+03 1.805981299999999919e+03
2.403500000000000014e+01 1.001382311999999963e+01 1.722532774000000018e+03 1.805981299999999919e+03
2.404000000000000270e+01 9.951609359999999072e+00 1.723051221999999825e+03 1.805981299999999919e+03
2.404500000000000171e+01 9.951609359999999072e+00 1.723051221999999825e+03 1.805981299999999919e+03
2.405000000000000071e+01 9.951609359999999072e+00 1.723051221999999825e+03 1.805981299999999919e+03
2.405499999999999972e+01 9.946054559999998546e+00 1.723097511999999824e+03 1.805981299999999919e+03
2.406000000000000227e+01 9.906430319999998346e+00 1.723427713999999924e+03 1.805981299999999919e+03
2.406500000000000128e+01 9.934574639999997459e+00 1.723193177999999989e+03 1.805981299999999919e+03
2.407000000000000028e+01 9.991233599999999271e+00 1.722721019999999953e+03 1.805981299999999919e+03
2.407500000000000284e+01 1.000789799999999907e+01 1.722582149999999956e+03 1.805981299999999919e+03
2.408000000000000185e+01 9.951609359999999072e+00 1.723051221999999825e+03 1.805981299999999919e+03
2.408500000000000085e+01 9.923465039999998183e+00 1.723285757999999987e+03 1.805981299999999919e+03
2.408999999999999986e+01 9.889395599999998510e+00 1.723569669999999860e+03 1.805981299999999919e+03
2.409500000000000242e+01 9.979753679999998184e+00 1.722816685999999891e+03 1.805981299999999919e+03
2.410000000000000142e+01 9.940129439999997985e+00 1.723146887999999990e+03 1.805981299999999919e+03
2.410500000000000043e+01 9.974198879999999434e+00 1.722862975999999890e+03 1.805981299999999919e+03
2.411000000000000298e+01 9.996788399999999797e+00 1.722674729999999954e+03 1.805981299999999919e+03
2.411500000000000199e+01 9.979753679999998184e+00 1.722816685999999891e+03 1.805981299999999919e+03
2.412000000000000099e+01 9.946054559999998546e+00 1.723097511999999824e+03 1.805981299999999919e+03
2.412500000000000000e+01 9.996788399999999797e+00 1.722674729999999954e+03 1.805981299999999919e+03
2.413000000000000256e+01 9.991233599999999271e+00 1.722721019999999953e+03 1.805981299999999919e+03
2.413500000000000156e+01 9.979753679999998184e+00 1.722816685999999891e+03 1.805981299999999919e+03
2.414000000000000057e+01 9.962718959999998347e+00 1.722958641999999827e+03 1.805981299999999919e+03
2.414499999999999957e+01 9.996788399999999797e+00 1.722674729999999954e+03 1.805981299999999919e+03
2.415000000000000213e+01 9.996788399999999797e+00 1.722674729999999954e+03 1.805981299999999919e+03
2.415500000000000114e+01 1.001937792000000016e+01 1.722486484000000019e+03 1.805981299999999919e+03
2.416000000000000014e+01 1.001382311999999963e+01 1.722532774000000018e+03 1.805981299999999919e+03
2.416500000000000270e+01 9.962718959999998347e+00 1.722958641999999827e+03 1.805981299999999919e+03
2.417000000000000171e+01 9.985308479999998710e+00 1.722770395999999892e+03 1.805981299999999919e+03
2.417500000000000071e+01 1.003641263999999822e+01 1.722344527999999855e+03 1.805981299999999919e+03
2.417999999999999972e+01 9.946054559999998546e+00 1.723097511999999824e+03 1.805981299999999919e+03
2.418500000000000227e+01 9.951609359999999072e+00 1.723051221999999825e+03 1.805981299999999919e+03
2.419000000000000128e+01 9.962718959999998347e+00 1.722958641999999827e+03 1.805981299999999919e+03
2.419500000000000028e+01 9.996788399999999797e+00 1.722674729999999954e+03 1.805981299999999919e+03
2.420000000000000284e+01 9.991233599999999271e+00 1.722721019999999953e+03 1.805981299999999919e+03
2.420500000000000185e+01 9.974198879999999434e+00 1.722862975999999890e+03 1.805981299999999919e+03
2.421000000000000085e+01 9.962718959999998347e+00 1.722958641999999827e+03 1.805981299999999919e+03
2.421499999999999986e+01 1.004196743999999875e+01 1.722298237999999856e+03 1.805981299999999919e+03
2.422000000000000242e+01 1.000234319999999855e+01 1.722628439999999955e+03 1.805981299999999919e+03
2.422500000000000142e+01 9.974198879999999434e+00 1.722862975999999890e+03 1.805981299999999919e+03
2.423000000000000043e+01 9.996788399999999797e+00 1.722674729999999954e+03 1.805981299999999919e+03
2.423500000000000298e+01 9.979753679999998184e+00 1.722816685999999891e+03 1.805981299999999919e+03
2.424000000000000199e+01 9.962718959999998347e+00 1.722958641999999827e+03 1.805981299999999919e+03
2.424500000000000099e+01 9.962718959999998347e+00 1.722958641999999827e+03 1.805981299999999919e+03
2.425000000000000000e+01 9.940129439999997985e+00 1.723146887999999990e+03 1.805981299999999919e+03
2.425500000000000256e+01 9.934574639999997459e+00 1.723193177999999989e+03 1.805981299999999919e+03
2.426000000000000156e+01 1.001382311999999963e+01 1.722532774000000018e+03 1.805981299999999919e+03
2.426500000000000057e+01 9.968644079999998908e+00 1.722909265999999889e+03 1.805981299999999919e+03
2.426999999999999957e+01 9.979753679999998184e+00 1.722816685999999891e+03 1.805981299999999919e+03
2.427500000000000213e+01 1.000234319999999855e+01 1.722628439999999955e+03 1.805981299999999919e+03
2.428000000000000114e+01 9.951609359999999072e+00 1.723051221999999825e+03 1.805981299999999919e+03
2.428500000000000014e+01 9.979753679999998184e+00 1.722816685999999891e+03 1.805981299999999919e+03
2.429000000000000270e+01 9.996788399999999797e+00 1.722674729999999954e+03 1.805981299999999919e+03
2.429500000000000171e+01 9.974198879999999434e+00 1.722862975999999890e+03 1.805981299999999919e+03
2.430000000000000071e+01 9.962718959999998347e+00 1.722958641999999827e+03 1.805981299999999919e+03
2.430499999999999972e+01 9.934574639999997459e+00 1.723193177999999989e+03 1.805981299999999919e+03
2.431000000000000227e+01 1.002493271999999713e+01 1.722440194000000020e+03 1.805981299999999919e+03
2.431500000000000128e+01 1.000234319999999855e+01 1.722628439999999955e+03 1.805981299999999919e+03
2.432000000000000028e+01 9.951609359999999072e+00 1.723051221999999825e+03 1.805981299999999919e+03
2.432500000000000284e+01 9.929019839999996933e+00 1.723239467999999988e+03 1.805981299999999919e+03
2.433000000000000185e+01 9.894950399999999036e+00 1.723523379999999861e+03 1.805981299999999919e+03
2.433500000000000085e+01 9.940129439999997985e+00 1.723146887999999990e+03 1.805981299999999919e+03
2.433999999999999986e+01 9.951609359999999072e+00 1.723051221999999825e+03 1.805981299999999919e+03
2.434500000000000242e+01 9.929019839999996933e+00 1.723239467999999988e+03 1.805981299999999919e+03
2.435000000000000142e+01 9.934574639999997459e+00 1.723193177999999989e+03 1.805981299999999919e+03
2.435500000000000043e+01 9.974198879999999434e+00 1.722862975999999890e+03 1.805981299999999919e+03
2.436000000000000298e+01 9.985308479999998710e+00 1.722770395999999892e+03 1.805981299999999919e+03
2.436500000000000199e+01 9.929019839999996933e+00 1.723239467999999988e+03 1.805981299999999919e+03
2.437000000000000099e+01 9.962718959999998347e+00 1.722958641999999827e+03 1.805981299999999919e+03
2.437500000000000000e+01 9.996788399999999797e+00 1.722674729999999954e+03 1.805981299999999919e+03
2.438000000000000256e+01 9.957164159999997821e+00 1.723004931999999826e+03 1.805981299999999919e+03
2.438500000000000156e+01 9.991233599999999271e+00 1.722721019999999953e+03 1.805981299999999919e+03
2.439000000000000057e+01 9.923465039999998183e+00 1.723285757999999987e+03 1.805981299999999919e+03
2.439499999999999957e+01 9.991233599999999271e+00 1.722721019999999953e+03 1.805981299999999919e+03
2.440000000000000213e+01 9.951609359999999072e+00 1.723051221999999825e+03 1.805981299999999919e+03
2.440500000000000114e+01 9.951609359999999072e+00 1.723051221999999825e+03 1.805981299999999919e+03
2.441000000000000014e+01 1.000234319999999855e+01 1.722628439999999955e+03 1.805981299999999919e+03
2.441500000000000270e+01 1.001937792000000016e+01 1.722486484000000019e+03 1.805981299999999919e+03
2.442000000000000171e+01 9.991233599999999271e+00 1.722721019999999953e+03 1.805981299999999919e+03
2.442500000000000071e+01 1.001382311999999963e+01 1.722532774000000018e+03 1.805981299999999919e+03
2.442999999999999972e+01 9.985308479999998710e+00 1.722770395999999892e+03 1.805981299999999919e+03
2.443500000000000227e+01 9.940129439999997985e+00 1.723146887999999990e+03 1.805981299999999919e+03
2.444000000000000128e+01 9.906430319999998346e+00 1.723427713999999924e+03 1.805981299999999919e+03
2.444500000000000028e+01 1.000789799999999907e+01 1.722582149999999956e+03 1.805981299999999919e+03
2.445000000000000284e+01 9.979753679999998184e+00 1.722816685999999891e+03 1.805981299999999919e+03
2.445500000000000185e+01 9.996788399999999797e+00 1.722674729999999954e+03 1.805981299999999919e+03
2.446000000000000085e+01 9.929019839999996933e+00 1.723239467999999988e+03 1.805981299999999919e+03
2.446499999999999986e+01 9.957164159999997821e+00 1.723004931999999826e+03 1.805981299999999919e+03
2.447000000000000242e+01 9.974198879999999434e+00 1.722862975999999890e+03 1.805981299999999919e+03
2.447500000000000142e+01 9.934574639999997459e+00 1.723193177999999989e+03 1.805981299999999919e+03
2.448000000000000043e+01 9.923465039999998183e+00 1.723285757999999987e+03 1.805981299999999919e+03
2.448500000000000298e+01 9.940129439999997985e+00 1.723146887999999990e+03 1.805981299999999919e+03
2.449000000000000199e+01 9.991233599999999271e+00 1.722721019999999953e+03 1.805981299999999919e+03
2.449500000000000099e+01 9.991233599999999271e+00 1.722721019999999953e+03 1.805981299999999919e+03
2.450000000000000000e+01 9.974198879999999434e+00 1.722862975999999890e+03 1.805981299999999919e+03
2.450500000000000256e+01 9.957164159999997821e+00 1.723004931999999826e+03 1.805981299999999919e+03
2.451000000000000156e+01 9.940129439999997985e+00 1.723146887999999990e+03 1.805981299999999919e+03
2.451500000000000057e+01 9.979753679999998184e+00 1.722816685999999891e+03 1.805981299999999919e+03
2.451999999999999957e+01 9.889395599999998510e+00 1.723569669999999860e+03 1.805981299999999919e+03
2.452500000000000213e+01 9.906430319999998346e+00 1.723427713999999924e+03 1.805981299999999919e+03
2.453000000000000114e+01 9.957164159999997821e+00 1.723004931999999826e+03 1.805981299999999919e+03
2.453500000000000014e+01 9.940129439999997985e+00 1.723146887999999990e+03 1.805981299999999919e+03
2.454000000000000270e+01 9.929019839999996933e+00 1.723239467999999988e+03 1.805981299999999919e+03
2.454500000000000171e+01 9.962718959999998347e+00 1.722958641999999827e+03 1.805981299999999919e+03
2.455000000000000071e+01 9.929019839999996933e+00 1.723239467999999988e+03 1.805981299999999919e+03
2.455499999999999972e+01 9.906430319999998346e+00 1.723427713999999924e+03 1.805981299999999919e+03
2.456000000000000227e+01 9.906430319999998346e+00 1.723427713999999924e+03 1.805981299999999919e+03
2.456500000000000128e+01 9.911985119999997096e+00 1.723381423999999924e+03 1.805981299999999919e+03
2.457000000000000028e+01 9.946054559999998546e+00 1.723097511999999824e+03 1.805981299999999919e+03
2.457500000000000284e+01 9.934574639999997459e+00 1.723193177999999989e+03 1.805981299999999919e+03
2.458000000000000185e+01 9.968644079999998908e+00 1.722909265999999889e+03 1.805981299999999919e+03
2.458500000000000085e+01 9.968644079999998908e+00 1.722909265999999889e+03 1.805981299999999919e+03
2.458999999999999986e+01 9.906430319999998346e+00 1.723427713999999924e+03 1.805981299999999919e+03
2.459500000000000242e+01 9.951609359999999072e+00 1.723051221999999825e+03 1.805981299999999919e+03
2.460000000000000142e+01 9.946054559999998546e+00 1.723097511999999824e+03 1.805981299999999919e+03
2.460500000000000043e+01 9.934574639999997459e+00 1.723193177999999989e+03 1.805981299999999919e+03
2.461000000000000298e+01 9.906430319999998346e+00 1.723427713999999924e+03 1.805981299999999919e+03
2.461500000000000199e+01 9.889395599999998510e+00 1.723569669999999860e+03 1.805981299999999919e+03
2.462000000000000099e+01 9.889395599999998510e+00 1.723569669999999860e+03 1.805981299999999919e+03
2.462500000000000000e+01 9.929019839999996933e+00 1.723239467999999988e+03 1.805981299999999919e+03
2.463000000000000256e+01 9.946054559999998546e+00 1.723097511999999824e+03 1.805981299999999919e+03
2.463500000000000156e+01 9.946054559999998546e+00 1.723097511999999824e+03 1.805981299999999919e+03
2.464000000000000057e+01 9.906430319999998346e+00 1.723427713999999924e+03 1.805981299999999919e+03
2.464499999999999957e+01 9.923465039999998183e+00 1.723285757999999987e+03 1.805981299999999919e+03
2.465000000000000213e+01 9.911985119999997096e+00 1.723381423999999924e+03 1.805981299999999919e+03
2.465500000000000114e+01 9.923465039999998183e+00 1.723285757999999987e+03 1.805981299999999919e+03
2.466000000000000014e+01 9.906430319999998346e+00 1.723427713999999924e+03 1.805981299999999919e+03
2.466500000000000270e+01 9.889395599999998510e+00 1.723569669999999860e+03 1.805981299999999919e+03
2.467000000000000171e+01 9.900875519999999597e+00 1.723474003999999923e+03 1.805981299999999919e+03
2.467500000000000071e+01 9.940129439999997985e+00 1.723146887999999990e+03 1.805981299999999919e+03
2.467999999999999972e+01 9.906430319999998346e+00 1.723427713999999924e+03 1.805981299999999919e+03
2.468500000000000227e+01 9.832736639999998474e+00 1.724041827999999896e+03 1.805981299999999919e+03
2.469000000000000128e+01 9.894950399999999036e+00 1.723523379999999861e+03 1.805981299999999919e+03
2.469500000000000028e+01 9.894950399999999036e+00 1.723523379999999861e+03 1.805981299999999919e+03
2.470000000000000284e+01 9.923465039999998183e+00 1.723285757999999987e+03 1.805981299999999919e+03
2.470500000000000185e+01 9.866806079999998147e+00 1.723757916000000023e+03 1.805981299999999919e+03
2.471000000000000085e+01 9.923465039999998183e+00 1.723285757999999987e+03 1.805981299999999919e+03
2.471499999999999986e+01 9.883840799999997984e+00 1.723615959999999859e+03 1.805981299999999919e+03
2.472000000000000242e+01 9.877915679999999199e+00 1.723665336000000025e+03 1.805981299999999919e+03
2.472500000000000142e+01 9.894950399999999036e+00 1.723523379999999861e+03 1.805981299999999919e+03
2.473000000000000043e+01 9.877915679999999199e+00 1.723665336000000025e+03 1.805981299999999919e+03
2.473500000000000298e+01 9.844216559999997784e+00 1.723946161999999958e+03 1.805981299999999919e+03
2.474000000000000199e+01 9.900875519999999597e+00 1.723474003999999923e+03 1.805981299999999919e+03
2.474500000000000099e+01 9.946054559999998546e+00 1.723097511999999824e+03 1.805981299999999919e+03
2.475000000000000000e+01 9.940129439999997985e+00 1.723146887999999990e+03 1.805981299999999919e+03
2.475500000000000256e+01 9.946054559999998546e+00 1.723097511999999824e+03 1.805981299999999919e+03
2.476000000000000156e+01 9.951609359999999072e+00 1.723051221999999825e+03 1.805981299999999919e+03
2.476500000000000057e+01 9.923465039999998183e+00 1.723285757999999987e+03 1.805981299999999919e+03
2.476999999999999957e+01 9.906430319999998346e+00 1.723427713999999924e+03 1.805981299999999919e+03
2.477500000000000213e+01 9.855326159999998836e+00 1.723853581999999960e+03 1.805981299999999919e+03
2.478000000000000114e+01 9.911985119999997096e+00 1.723381423999999924e+03 1.805981299999999919e+03
2.478500000000000014e+01 9.934574639999997459e+00 1.723193177999999989e+03 1.805981299999999919e+03
2.479000000000000270e+01 9.957164159999997821e+00 1.723004931999999826e+03 1.805981299999999919e+03
2.479500000000000171e+01 9.957164159999997821e+00 1.723004931999999826e+03 1.805981299999999919e+03
2.480000000000000071e+01 9.894950399999999036e+00 1.723523379999999861e+03 1.805981299999999919e+03
2.480499999999999972e+01 9.855326159999998836e+00 1.723853581999999960e+03 1.805981299999999919e+03
2.481000000000000227e+01 9.883840799999997984e+00 1.723615959999999859e+03 1.805981299999999919e+03
2.481500000000000128e+01 9.889395599999998510e+00 1.723569669999999860e+03 1.805981299999999919e+03
2.482000000000000028e+01 9.855326159999998836e+00 1.723853581999999960e+03 1.805981299999999919e+03
2.482500000000000284e+01 9.877915679999999199e+00 1.723665336000000025e+03 1.805981299999999919e+03
2.483000000000000185e+01 9.889395599999998510e+00 1.723569669999999860e+03 1.805981299999999919e+03
2.483500000000000085e+01 9.934574639999997459e+00 1.723193177999999989e+03 1.805981299999999919e+03
2.483999999999999986e+01 9.883840799999997984e+00 1.723615959999999859e+03 1.805981299999999919e+03
2.484500000000000242e+01 9.900875519999999597e+00 1.723474003999999923e+03 1.805981299999999919e+03
2.485000000000000142e+01 9.866806079999998147e+00 1.723757916000000023e+03 1.805981299999999919e+03
2.485500000000000043e+01 9.883840799999997984e+00 1.723615959999999859e+03 1.805981299999999919e+03
2.486000000000000298e+01 9.917539919999997622e+00 1.723335133999999925e+03 1.805981299999999919e+03
2.486500000000000199e+01 9.917539919999997622e+00 1.723335133999999925e+03 1.805981299999999919e+03
2.487000000000000099e+01 9.855326159999998836e+00 1.723853581999999960e+03 1.805981299999999919e+03
2.487500000000000000e+01 9.900875519999999597e+00 1.723474003999999923e+03 1.805981299999999919e+03
2.488000000000000256e+01 9.906430319999998346e+00 1.723427713999999924e+03 1.805981299999999919e+03
2.488500000000000156e+01 9.894950399999999036e+00 1.723523379999999861e+03 1.805981299999999919e+03
2.489000000000000057e+01 9.861251279999997621e+00 1.723804206000000022e+03 1.805981299999999919e+03
2.489499999999999957e+01 9.877915679999999199e+00 1.723665336000000025e+03 1.805981299999999919e+03
2.490000000000000213e+01 9.900875519999999597e+00 1.723474003999999923e+03 1.805981299999999919e+03
2.490500000000000114e+01 9.911985119999997096e+00 1.723381423999999924e+03 1.805981299999999919e+03
2.491000000000000014e+01 9.923465039999998183e+00 1.723285757999999987e+03 1.805981299999999919e+03
2.491500000000000270e+01 9.929019839999996933e+00 1.723239467999999988e+03 1.805981299999999919e+03
2.492000000000000171e+01 9.855326159999998836e+00 1.723853581999999960e+03 1.805981299999999919e+03
2.492500000000000071e+01 9.877915679999999199e+00 1.723665336000000025e+03 1.805981299999999919e+03
2.492999999999999972e+01 9.917539919999997622e+00 1.723335133999999925e+03 1.805981299999999919e+03
2.493500000000000227e+01 9.906430319999998346e+00 1.723427713999999924e+03 1.805981299999999919e+03
2.494000000000000128e+01 9.855326159999998836e+00 1.723853581999999960e+03 1.805981299999999919e+03
2.494500000000000028e+01 9.923465039999998183e+00 1.723285757999999987e+03 1.805981299999999919e+03
2.495000000000000284e+01 9.934574639999997459e+00 1.723193177999999989e+03 1.805981299999999919e+03
2.495500000000000185e+01 9.844216559999997784e+00 1.723946161999999958e+03 1.805981299999999919e+03
2.496000000000000085e+01 9.923465039999998183e+00 1.723285757999999987e+03 1.805981299999999919e+03
2.496499999999999986e+01 9.906430319999998346e+00 1.723427713999999924e+03 1.805981299999999919e+03
2.497000000000000242e+01 9.917539919999997622e+00 1.723335133999999925e+03 1.805981299999999919e+03
2.497500000000000142e+01 9.917539919999997622e+00 1.723335133999999925e+03 1.805981299999999919e+03
2.498000000000000043e+01 9.849771359999998310e+00 1.723899871999999959e+03 1.805981299999999919e+03
2.498500000000000298e+01 9.877915679999999199e+00 1.723665336000000025e+03 1.805981299999999919e+03
2.499000000000000199e+01 9.872360879999998673e+00 1.723711626000000024e+03 1.805981299999999919e+03
2.499500000000000099e+01 9.866806079999998147e+00 1.723757916000000023e+03 1.805981299999999919e+03
2.500000000000000000e+01 9.877915679999999199e+00 1.723665336000000025e+03 1.805981299999999919e+03
